yintercept	key	showSelected1	showSelected2
45.967	Afghanistan	1990	Afghanistan
73.144	Albania	1990	Albania
67.416	Algeria	1990	Algeria
71.784	Argentina	1990	Argentina
68.821	Armenia	1990	Armenia
70.133	Bahamas	1990	Bahamas
72.668	Bahrain	1990	Bahrain
55.989	Bangladesh	1990	Bangladesh
72.752	Barbados	1990	Barbados
70.744	Belize	1990	Belize
53.292	Benin	1990	Benin
56.422	Bolivia (Plurinational State of)	1990	Bolivia (Plurinational State of)
60.533	Botswana	1990	Botswana
65.985	Brazil	1990	Brazil
71.656	Brunei Darussalam	1990	Brunei Darussalam
44.86	Burundi	1990	Burundi
55.434	Cambodia	1990	Cambodia
54.868	Cameroon	1990	Cameroon
49.635	Central African Republic	1990	Central African Republic
72.574	Chile	1990	Chile
68.005	China	1990	China
68.644	Colombia	1990	Colombia
55.926	Congo	1990	Congo
48.601	Congo (Democratic Republic of the)	1990	Congo (Democratic Republic of the)
76.63	Costa Rica	1990	Costa Rica
52.603	Côte d'Ivoire	1990	Côte d'Ivoire
74.039	Cuba	1990	Cuba
67.11	Dominican Republic	1990	Dominican Republic
69.348	Ecuador	1990	Ecuador
64.146	Egypt	1990	Egypt
62.55	El Salvador	1990	El Salvador
63.072	Eswatini (Kingdom of)	1990	Eswatini (Kingdom of)
65.508	Fiji	1990	Fiji
60.311	Gabon	1990	Gabon
51.319	Gambia	1990	Gambia
55.62	Ghana	1990	Ghana
62.473	Guatemala	1990	Guatemala
47.004	Guinea	1990	Guinea
62.415	Guyana	1990	Guyana
52.975	Haiti	1990	Haiti
65.243	Honduras	1990	Honduras
58.652	India	1990	India
63.181	Indonesia	1990	Indonesia
64.367	Iran (Islamic Republic of)	1990	Iran (Islamic Republic of)
58.435	Iraq	1990	Iraq
72.304	Jamaica	1990	Jamaica
69.854	Jordan	1990	Jordan
64.876	Kazakhstan	1990	Kazakhstan
58.614	Kenya	1990	Kenya
73.281	Kuwait	1990	Kuwait
64.272	Kyrgyzstan	1990	Kyrgyzstan
53.713	Lao People's Democratic Republic	1990	Lao People's Democratic Republic
59.398	Lesotho	1990	Lesotho
69.423	Libya	1990	Libya
43.323	Malawi	1990	Malawi
71.307	Malaysia	1990	Malaysia
46.62	Mali	1990	Mali
59.77	Mauritania	1990	Mauritania
69.387	Mauritius	1990	Mauritius
69.971	Mexico	1990	Mexico
68.067	Moldova (Republic of)	1990	Moldova (Republic of)
58.765	Mongolia	1990	Mongolia
62.448	Morocco	1990	Morocco
44.469	Mozambique	1990	Mozambique
56.661	Myanmar	1990	Myanmar
62.496	Namibia	1990	Namibia
54.833	Nepal	1990	Nepal
63.096	Nicaragua	1990	Nicaragua
41.852	Niger	1990	Niger
60.066	Pakistan	1990	Pakistan
71.097	Panama	1990	Panama
59.721	Papua New Guinea	1990	Papua New Guinea
67.944	Paraguay	1990	Paraguay
65.106	Peru	1990	Peru
65.909	Philippines	1990	Philippines
73.982	Qatar	1990	Qatar
70.326	Saint Lucia	1990	Saint Lucia
61.471	Sao Tome and Principe	1990	Sao Tome and Principe
68.948	Saudi Arabia	1990	Saudi Arabia
56.948	Senegal	1990	Senegal
44.057	Sierra Leone	1990	Sierra Leone
74.944	Singapore	1990	Singapore
63.375	South Africa	1990	South Africa
71.927	Sri Lanka	1990	Sri Lanka
49.732	Sudan	1990	Sudan
69.817	Syrian Arab Republic	1990	Syrian Arab Republic
61.879	Tajikistan	1990	Tajikistan
51.485	Tanzania (United Republic of)	1990	Tanzania (United Republic of)
70.445	Thailand	1990	Thailand
54.37	Togo	1990	Togo
67.294	Tonga	1990	Tonga
68.272	Trinidad and Tobago	1990	Trinidad and Tobago
70.11	Tunisia	1990	Tunisia
67.709	Türkiye	1990	Türkiye
61.661	Tuvalu	1990	Tuvalu
46.443	Uganda	1990	Uganda
69.802	Ukraine	1990	Ukraine
71.9	United Arab Emirates	1990	United Arab Emirates
73.162	Uruguay	1990	Uruguay
71.532	Venezuela (Bolivarian Republic of)	1990	Venezuela (Bolivarian Republic of)
69.213	Viet Nam	1990	Viet Nam
58.699	Yemen	1990	Yemen
47.926	Zambia	1990	Zambia
59.426	Zimbabwe	1990	Zimbabwe
46.663	Afghanistan	1991	Afghanistan
73.378	Albania	1991	Albania
67.688	Algeria	1991	Algeria
72.319	Argentina	1991	Argentina
68.643	Armenia	1991	Armenia
69.616	Bahamas	1991	Bahamas
72.764	Bahrain	1991	Bahrain
54.154	Bangladesh	1991	Bangladesh
72.843	Barbados	1991	Barbados
70.248	Belize	1991	Belize
53.624	Benin	1991	Benin
57.097	Bolivia (Plurinational State of)	1991	Bolivia (Plurinational State of)
59.473	Botswana	1991	Botswana
66.31	Brazil	1991	Brazil
71.871	Brunei Darussalam	1991	Brunei Darussalam
44.227	Burundi	1991	Burundi
55.793	Cambodia	1991	Cambodia
54.658	Cameroon	1991	Cameroon
49.252	Central African Republic	1991	Central African Republic
73.574	Chile	1991	Chile
68.169	China	1991	China
68.813	Colombia	1991	Colombia
55.243	Congo	1991	Congo
48.948	Congo (Democratic Republic of the)	1991	Congo (Democratic Republic of the)
76.591	Costa Rica	1991	Costa Rica
52.323	Côte d'Ivoire	1991	Côte d'Ivoire
74.093	Cuba	1991	Cuba
67.625	Dominican Republic	1991	Dominican Republic
69.625	Ecuador	1991	Ecuador
64.755	Egypt	1991	Egypt
63.856	El Salvador	1991	El Salvador
62.685	Eswatini (Kingdom of)	1991	Eswatini (Kingdom of)
65.643	Fiji	1991	Fiji
60.397	Gabon	1991	Gabon
52.127	Gambia	1991	Gambia
56.012	Ghana	1991	Ghana
62.725	Guatemala	1991	Guatemala
47.546	Guinea	1991	Guinea
62.622	Guyana	1991	Guyana
53.391	Haiti	1991	Haiti
65.752	Honduras	1991	Honduras
59.055	India	1991	India
63.537	Indonesia	1991	Indonesia
66.459	Iran (Islamic Republic of)	1991	Iran (Islamic Republic of)
62.519	Iraq	1991	Iraq
72.186	Jamaica	1991	Jamaica
70.093	Jordan	1991	Jordan
64.488	Kazakhstan	1991	Kazakhstan
58.005	Kenya	1991	Kenya
74.216	Kuwait	1991	Kuwait
64.28	Kyrgyzstan	1991	Kyrgyzstan
54.46	Lao People's Democratic Republic	1991	Lao People's Democratic Republic
59.193	Lesotho	1991	Lesotho
69.82	Libya	1991	Libya
43.312	Malawi	1991	Malawi
71.442	Malaysia	1991	Malaysia
47.216	Mali	1991	Mali
59.936	Mauritania	1991	Mauritania
70.099	Mauritius	1991	Mauritius
70.298	Mexico	1991	Mexico
66.977	Moldova (Republic of)	1991	Moldova (Republic of)
59.237	Mongolia	1991	Mongolia
62.946	Morocco	1991	Morocco
44.66	Mozambique	1991	Mozambique
57.014	Myanmar	1991	Myanmar
62.098	Namibia	1991	Namibia
55.712	Nepal	1991	Nepal
63.931	Nicaragua	1991	Nicaragua
42.218	Niger	1991	Niger
60.259	Pakistan	1991	Pakistan
71.207	Panama	1991	Panama
59.908	Papua New Guinea	1991	Papua New Guinea
68.173	Paraguay	1991	Paraguay
65.434	Peru	1991	Peru
66.304	Philippines	1991	Philippines
73.966	Qatar	1991	Qatar
70.602	Saint Lucia	1991	Saint Lucia
61.429	Sao Tome and Principe	1991	Sao Tome and Principe
69.366	Saudi Arabia	1991	Saudi Arabia
57.139	Senegal	1991	Senegal
43.506	Sierra Leone	1991	Sierra Leone
75.329	Singapore	1991	Singapore
63.265	South Africa	1991	South Africa
71.751	Sri Lanka	1991	Sri Lanka
50.213	Sudan	1991	Sudan
70.036	Syrian Arab Republic	1991	Syrian Arab Republic
61.379	Tajikistan	1991	Tajikistan
51.306	Tanzania (United Republic of)	1991	Tanzania (United Republic of)
70.717	Thailand	1991	Thailand
54.268	Togo	1991	Togo
67.518	Tonga	1991	Tonga
68.859	Trinidad and Tobago	1991	Trinidad and Tobago
70.521	Tunisia	1991	Tunisia
68.169	Türkiye	1991	Türkiye
61.909	Tuvalu	1991	Tuvalu
46.316	Uganda	1991	Uganda
69.073	Ukraine	1991	Ukraine
72.241	United Arab Emirates	1991	United Arab Emirates
73.305	Uruguay	1991	Uruguay
71.832	Venezuela (Bolivarian Republic of)	1991	Venezuela (Bolivarian Republic of)
69.849	Viet Nam	1991	Viet Nam
59.049	Yemen	1991	Yemen
47.097	Zambia	1991	Zambia
58.091	Zimbabwe	1991	Zimbabwe
47.596	Afghanistan	1992	Afghanistan
73.715	Albania	1992	Albania
67.757	Algeria	1992	Algeria
72.43	Argentina	1992	Argentina
68.627	Armenia	1992	Armenia
70.668	Bahamas	1992	Bahamas
72.953	Bahrain	1992	Bahrain
57.635	Bangladesh	1992	Bangladesh
72.915	Barbados	1992	Barbados
69.979	Belize	1992	Belize
54.089	Benin	1992	Benin
57.629	Bolivia (Plurinational State of)	1992	Bolivia (Plurinational State of)
58.348	Botswana	1992	Botswana
66.708	Brazil	1992	Brazil
72.081	Brunei Darussalam	1992	Brunei Darussalam
43.895	Burundi	1992	Burundi
56.021	Cambodia	1992	Cambodia
54.481	Cameroon	1992	Cameroon
48.793	Central African Republic	1992	Central African Republic
74.135	Chile	1992	Chile
68.734	China	1992	China
69.038	Colombia	1992	Colombia
54.663	Congo	1992	Congo
49.244	Congo (Democratic Republic of the)	1992	Congo (Democratic Republic of the)
76.627	Costa Rica	1992	Costa Rica
52.138	Côte d'Ivoire	1992	Côte d'Ivoire
74.162	Cuba	1992	Cuba
68.084	Dominican Republic	1992	Dominican Republic
70.117	Ecuador	1992	Ecuador
65.031	Egypt	1992	Egypt
64.657	El Salvador	1992	El Salvador
61.735	Eswatini (Kingdom of)	1992	Eswatini (Kingdom of)
65.827	Fiji	1992	Fiji
60.545	Gabon	1992	Gabon
52.941	Gambia	1992	Gambia
56.231	Ghana	1992	Ghana
62.913	Guatemala	1992	Guatemala
48.363	Guinea	1992	Guinea
62.787	Guyana	1992	Guyana
53.842	Haiti	1992	Haiti
65.991	Honduras	1992	Honduras
59.452	India	1992	India
64.126	Indonesia	1992	Indonesia
66.776	Iran (Islamic Republic of)	1992	Iran (Islamic Republic of)
66.708	Iraq	1992	Iraq
72.189	Jamaica	1992	Jamaica
70.316	Jordan	1992	Jordan
64.159	Kazakhstan	1992	Kazakhstan
57.259	Kenya	1992	Kenya
75.691	Kuwait	1992	Kuwait
64.052	Kyrgyzstan	1992	Kyrgyzstan
54.952	Lao People's Democratic Republic	1992	Lao People's Democratic Republic
58.555	Lesotho	1992	Lesotho
70.232	Libya	1992	Libya
43.413	Malawi	1992	Malawi
71.526	Malaysia	1992	Malaysia
47.496	Mali	1992	Mali
60.261	Mauritania	1992	Mauritania
70.288	Mauritius	1992	Mauritius
70.616	Mexico	1992	Mexico
66.96	Moldova (Republic of)	1992	Moldova (Republic of)
59.641	Mongolia	1992	Mongolia
63.401	Morocco	1992	Morocco
44.949	Mozambique	1992	Mozambique
57.251	Myanmar	1992	Myanmar
61.545	Namibia	1992	Namibia
56.71	Nepal	1992	Nepal
64.266	Nicaragua	1992	Nicaragua
42.947	Niger	1992	Niger
60.116	Pakistan	1992	Pakistan
71.462	Panama	1992	Panama
60.218	Papua New Guinea	1992	Papua New Guinea
68.395	Paraguay	1992	Paraguay
66.149	Peru	1992	Peru
67.088	Philippines	1992	Philippines
74.122	Qatar	1992	Qatar
70.799	Saint Lucia	1992	Saint Lucia
61.284	Sao Tome and Principe	1992	Sao Tome and Principe
69.925	Saudi Arabia	1992	Saudi Arabia
57.112	Senegal	1992	Senegal
43.621	Sierra Leone	1992	Sierra Leone
75.601	Singapore	1992	Singapore
63.341	South Africa	1992	South Africa
72.53	Sri Lanka	1992	Sri Lanka
45.891	Sudan	1992	Sudan
70.263	Syrian Arab Republic	1992	Syrian Arab Republic
55.074	Tajikistan	1992	Tajikistan
50.989	Tanzania (United Republic of)	1992	Tanzania (United Republic of)
70.885	Thailand	1992	Thailand
54.299	Togo	1992	Togo
67.686	Tonga	1992	Tonga
68.391	Trinidad and Tobago	1992	Trinidad and Tobago
70.701	Tunisia	1992	Tunisia
68.486	Türkiye	1992	Türkiye
60.491	Tuvalu	1992	Tuvalu
46.368	Uganda	1992	Uganda
68.629	Ukraine	1992	Ukraine
72.306	United Arab Emirates	1992	United Arab Emirates
73.441	Uruguay	1992	Uruguay
71.806	Venezuela (Bolivarian Republic of)	1992	Venezuela (Bolivarian Republic of)
69.958	Viet Nam	1992	Viet Nam
59.428	Yemen	1992	Yemen
46.512	Zambia	1992	Zambia
56.435	Zimbabwe	1992	Zimbabwe
51.466	Afghanistan	1993	Afghanistan
73.939	Albania	1993	Albania
67.719	Algeria	1993	Algeria
72.565	Argentina	1993	Argentina
68.841	Armenia	1993	Armenia
70.656	Bahamas	1993	Bahamas
73.375	Bahrain	1993	Bahrain
57.927	Bangladesh	1993	Bangladesh
73.19	Barbados	1993	Barbados
69.988	Belize	1993	Belize
54.537	Benin	1993	Benin
58.418	Bolivia (Plurinational State of)	1993	Bolivia (Plurinational State of)
57.719	Botswana	1993	Botswana
67.109	Brazil	1993	Brazil
72.312	Brunei Darussalam	1993	Brunei Darussalam
37.105	Burundi	1993	Burundi
56.08	Cambodia	1993	Cambodia
54.062	Cameroon	1993	Cameroon
48.353	Central African Republic	1993	Central African Republic
74.195	Chile	1993	Chile
69.216	China	1993	China
69.342	Colombia	1993	Colombia
54.146	Congo	1993	Congo
49.551	Congo (Democratic Republic of the)	1993	Congo (Democratic Republic of the)
76.703	Costa Rica	1993	Costa Rica
51.925	Côte d'Ivoire	1993	Côte d'Ivoire
74.261	Cuba	1993	Cuba
68.472	Dominican Republic	1993	Dominican Republic
70.345	Ecuador	1993	Ecuador
65.468	Egypt	1993	Egypt
65.235	El Salvador	1993	El Salvador
60.233	Eswatini (Kingdom of)	1993	Eswatini (Kingdom of)
65.928	Fiji	1993	Fiji
60.718	Gabon	1993	Gabon
53.748	Gambia	1993	Gambia
56.416	Ghana	1993	Ghana
63.349	Guatemala	1993	Guatemala
48.962	Guinea	1993	Guinea
63.152	Guyana	1993	Guyana
54.35	Haiti	1993	Haiti
66.251	Honduras	1993	Honduras
59.815	India	1993	India
64.598	Indonesia	1993	Indonesia
67.139	Iran (Islamic Republic of)	1993	Iran (Islamic Republic of)
66.897	Iraq	1993	Iraq
71.921	Jamaica	1993	Jamaica
70.518	Jordan	1993	Jordan
64.198	Kazakhstan	1993	Kazakhstan
56.617	Kenya	1993	Kenya
75.794	Kuwait	1993	Kuwait
63.822	Kyrgyzstan	1993	Kyrgyzstan
55.435	Lao People's Democratic Republic	1993	Lao People's Democratic Republic
57.991	Lesotho	1993	Lesotho
70.42	Libya	1993	Libya
43.388	Malawi	1993	Malawi
71.826	Malaysia	1993	Malaysia
47.733	Mali	1993	Mali
60.379	Mauritania	1993	Mauritania
70.271	Mauritius	1993	Mauritius
70.942	Mexico	1993	Mexico
66.543	Moldova (Republic of)	1993	Moldova (Republic of)
60.038	Mongolia	1993	Mongolia
63.872	Morocco	1993	Morocco
45.354	Mozambique	1993	Mozambique
57.631	Myanmar	1993	Myanmar
60.86	Namibia	1993	Namibia
57.619	Nepal	1993	Nepal
64.685	Nicaragua	1993	Nicaragua
43.817	Niger	1993	Niger
59.934	Pakistan	1993	Pakistan
71.8	Panama	1993	Panama
60.506	Papua New Guinea	1993	Papua New Guinea
68.633	Paraguay	1993	Paraguay
66.681	Peru	1993	Peru
67.542	Philippines	1993	Philippines
74.243	Qatar	1993	Qatar
71.114	Saint Lucia	1993	Saint Lucia
61.138	Sao Tome and Principe	1993	Sao Tome and Principe
70.303	Saudi Arabia	1993	Saudi Arabia
56.996	Senegal	1993	Senegal
43.594	Sierra Leone	1993	Sierra Leone
75.802	Singapore	1993	Singapore
63.045	South Africa	1993	South Africa
73.052	Sri Lanka	1993	Sri Lanka
46.575	Sudan	1993	Sudan
70.193	Syrian Arab Republic	1993	Syrian Arab Republic
52.867	Tajikistan	1993	Tajikistan
50.87	Tanzania (United Republic of)	1993	Tanzania (United Republic of)
71.068	Thailand	1993	Thailand
54.195	Togo	1993	Togo
67.855	Tonga	1993	Tonga
68.811	Trinidad and Tobago	1993	Trinidad and Tobago
71.235	Tunisia	1993	Tunisia
68.911	Türkiye	1993	Türkiye
62.654	Tuvalu	1993	Tuvalu
46.237	Uganda	1993	Uganda
67.873	Ukraine	1993	Ukraine
72.521	United Arab Emirates	1993	United Arab Emirates
73.579	Uruguay	1993	Uruguay
71.925	Venezuela (Bolivarian Republic of)	1993	Venezuela (Bolivarian Republic of)
70.621	Viet Nam	1993	Viet Nam
59.859	Yemen	1993	Yemen
46.209	Zambia	1993	Zambia
54.426	Zimbabwe	1993	Zimbabwe
51.495	Afghanistan	1994	Afghanistan
74.131	Albania	1994	Albania
67.361	Algeria	1994	Algeria
73.172	Argentina	1994	Argentina
69.073	Armenia	1994	Armenia
70.851	Bahamas	1994	Bahamas
73.517	Bahrain	1994	Bahrain
58.617	Bangladesh	1994	Bangladesh
73.211	Barbados	1994	Barbados
70.316	Belize	1994	Belize
54.91	Benin	1994	Benin
58.989	Bolivia (Plurinational State of)	1994	Bolivia (Plurinational State of)
56.154	Botswana	1994	Botswana
67.568	Brazil	1994	Brazil
72.553	Brunei Darussalam	1994	Brunei Darussalam
44.08	Burundi	1994	Burundi
56.035	Cambodia	1994	Cambodia
53.528	Cameroon	1994	Cameroon
47.853	Central African Republic	1994	Central African Republic
74.614	Chile	1994	Chile
69.52	China	1994	China
69.613	Colombia	1994	Colombia
53.738	Congo	1994	Congo
49.884	Congo (Democratic Republic of the)	1994	Congo (Democratic Republic of the)
76.67	Costa Rica	1994	Costa Rica
51.737	Côte d'Ivoire	1994	Côte d'Ivoire
74.411	Cuba	1994	Cuba
68.792	Dominican Republic	1994	Dominican Republic
70.757	Ecuador	1994	Ecuador
65.816	Egypt	1994	Egypt
65.838	El Salvador	1994	El Salvador
58.268	Eswatini (Kingdom of)	1994	Eswatini (Kingdom of)
66.125	Fiji	1994	Fiji
60.701	Gabon	1994	Gabon
54.721	Gambia	1994	Gambia
56.112	Ghana	1994	Ghana
63.726	Guatemala	1994	Guatemala
49.171	Guinea	1994	Guinea
63.372	Guyana	1994	Guyana
54.653	Haiti	1994	Haiti
66.574	Honduras	1994	Honduras
60.216	India	1994	India
64.856	Indonesia	1994	Indonesia
67.468	Iran (Islamic Republic of)	1994	Iran (Islamic Republic of)
66.744	Iraq	1994	Iraq
71.739	Jamaica	1994	Jamaica
70.699	Jordan	1994	Jordan
63.963	Kazakhstan	1994	Kazakhstan
56.273	Kenya	1994	Kenya
75.763	Kuwait	1994	Kuwait
63.748	Kyrgyzstan	1994	Kyrgyzstan
55.749	Lao People's Democratic Republic	1994	Lao People's Democratic Republic
58.018	Lesotho	1994	Lesotho
70.706	Libya	1994	Libya
43.561	Malawi	1994	Malawi
72.163	Malaysia	1994	Malaysia
47.742	Mali	1994	Mali
60.336	Mauritania	1994	Mauritania
70.339	Mauritius	1994	Mauritius
71.279	Mexico	1994	Mexico
65.07	Moldova (Republic of)	1994	Moldova (Republic of)
60.405	Mongolia	1994	Mongolia
64.346	Morocco	1994	Morocco
45.606	Mozambique	1994	Mozambique
57.956	Myanmar	1994	Myanmar
59.846	Namibia	1994	Namibia
58.553	Nepal	1994	Nepal
65.181	Nicaragua	1994	Nicaragua
44.714	Niger	1994	Niger
60.116	Pakistan	1994	Pakistan
72.096	Panama	1994	Panama
60.756	Papua New Guinea	1994	Papua New Guinea
68.824	Paraguay	1994	Paraguay
67.227	Peru	1994	Peru
67.942	Philippines	1994	Philippines
74.348	Qatar	1994	Qatar
70.992	Saint Lucia	1994	Saint Lucia
61.069	Sao Tome and Principe	1994	Sao Tome and Principe
70.705	Saudi Arabia	1994	Saudi Arabia
56.955	Senegal	1994	Senegal
42.925	Sierra Leone	1994	Sierra Leone
75.885	Singapore	1994	Singapore
62.612	South Africa	1994	South Africa
72.882	Sri Lanka	1994	Sri Lanka
56.644	Sudan	1994	Sudan
70.141	Syrian Arab Republic	1994	Syrian Arab Republic
57.48	Tajikistan	1994	Tajikistan
50.797	Tanzania (United Republic of)	1994	Tanzania (United Republic of)
71.227	Thailand	1994	Thailand
54.037	Togo	1994	Togo
68.014	Tonga	1994	Tonga
68.511	Trinidad and Tobago	1994	Trinidad and Tobago
71.615	Tunisia	1994	Tunisia
69.295	Türkiye	1994	Türkiye
62.924	Tuvalu	1994	Tuvalu
46.353	Uganda	1994	Uganda
67.443	Ukraine	1994	Ukraine
72.598	United Arab Emirates	1994	United Arab Emirates
73.728	Uruguay	1994	Uruguay
71.853	Venezuela (Bolivarian Republic of)	1994	Venezuela (Bolivarian Republic of)
70.759	Viet Nam	1994	Viet Nam
59.714	Yemen	1994	Yemen
45.854	Zambia	1994	Zambia
52.588	Zimbabwe	1994	Zimbabwe
52.544	Afghanistan	1995	Afghanistan
74.362	Albania	1995	Albania
67.454	Algeria	1995	Algeria
73.133	Argentina	1995	Argentina
69.311	Armenia	1995	Armenia
62.305	Azerbaijan	1995	Azerbaijan
70.763	Bahamas	1995	Bahamas
73.799	Bahrain	1995	Bahrain
59.467	Bangladesh	1995	Bangladesh
73.298	Barbados	1995	Barbados
68.797	Belarus	1995	Belarus
69.887	Belize	1995	Belize
55.295	Benin	1995	Benin
59.534	Bolivia (Plurinational State of)	1995	Bolivia (Plurinational State of)
55.059	Botswana	1995	Botswana
67.919	Brazil	1995	Brazil
72.816	Brunei Darussalam	1995	Brunei Darussalam
44.059	Burundi	1995	Burundi
56.308	Cambodia	1995	Cambodia
53.222	Cameroon	1995	Cameroon
47.35	Central African Republic	1995	Central African Republic
74.609	Chile	1995	Chile
70.008	China	1995	China
69.933	Colombia	1995	Colombia
53.644	Congo	1995	Congo
50.411	Congo (Democratic Republic of the)	1995	Congo (Democratic Republic of the)
76.552	Costa Rica	1995	Costa Rica
51.61	Côte d'Ivoire	1995	Côte d'Ivoire
74.623	Cuba	1995	Cuba
56.302	Djibouti	1995	Djibouti
68.988	Dominican Republic	1995	Dominican Republic
71.041	Ecuador	1995	Ecuador
66.312	Egypt	1995	Egypt
66.33	El Salvador	1995	El Salvador
56.148	Eswatini (Kingdom of)	1995	Eswatini (Kingdom of)
66.286	Fiji	1995	Fiji
60.704	Gabon	1995	Gabon
55.464	Gambia	1995	Gambia
56.565	Ghana	1995	Ghana
64.195	Guatemala	1995	Guatemala
49.866	Guinea	1995	Guinea
63.136	Guyana	1995	Guyana
55.547	Haiti	1995	Haiti
67.139	Honduras	1995	Honduras
60.596	India	1995	India
65.237	Indonesia	1995	Indonesia
67.785	Iran (Islamic Republic of)	1995	Iran (Islamic Republic of)
66.464	Iraq	1995	Iraq
71.549	Jamaica	1995	Jamaica
70.87	Jordan	1995	Jordan
63.722	Kazakhstan	1995	Kazakhstan
55.617	Kenya	1995	Kenya
75.537	Kuwait	1995	Kuwait
63.927	Kyrgyzstan	1995	Kyrgyzstan
56.385	Lao People's Democratic Republic	1995	Lao People's Democratic Republic
56.723	Lesotho	1995	Lesotho
71.09	Libya	1995	Libya
43.641	Malawi	1995	Malawi
72.384	Malaysia	1995	Malaysia
67.476	Maldives	1995	Maldives
47.816	Mali	1995	Mali
60.259	Mauritania	1995	Mauritania
70.526	Mauritius	1995	Mauritius
71.646	Mexico	1995	Mexico
65.099	Moldova (Republic of)	1995	Moldova (Republic of)
60.612	Mongolia	1995	Mongolia
64.736	Morocco	1995	Morocco
46.04	Mozambique	1995	Mozambique
58.259	Myanmar	1995	Myanmar
58.634	Namibia	1995	Namibia
59.318	Nepal	1995	Nepal
65.608	Nicaragua	1995	Nicaragua
45.774	Niger	1995	Niger
71.674	North Macedonia	1995	North Macedonia
59.878	Pakistan	1995	Pakistan
72.385	Panama	1995	Panama
61.049	Papua New Guinea	1995	Papua New Guinea
69.009	Paraguay	1995	Paraguay
67.644	Peru	1995	Peru
68.223	Philippines	1995	Philippines
74.25	Qatar	1995	Qatar
39.969	Rwanda	1995	Rwanda
71.002	Saint Lucia	1995	Saint Lucia
69.298	Samoa	1995	Samoa
61.056	Sao Tome and Principe	1995	Sao Tome and Principe
71.011	Saudi Arabia	1995	Saudi Arabia
56.839	Senegal	1995	Senegal
71.769	Serbia	1995	Serbia
42.716	Sierra Leone	1995	Sierra Leone
75.976	Singapore	1995	Singapore
62.262	South Africa	1995	South Africa
72.26	Sri Lanka	1995	Sri Lanka
51.991	Sudan	1995	Sudan
70.416	Syrian Arab Republic	1995	Syrian Arab Republic
59.338	Tajikistan	1995	Tajikistan
50.786	Tanzania (United Republic of)	1995	Tanzania (United Republic of)
70.948	Thailand	1995	Thailand
54.037	Togo	1995	Togo
68.17	Tonga	1995	Tonga
69.17	Trinidad and Tobago	1995	Trinidad and Tobago
71.988	Tunisia	1995	Tunisia
69.609	Türkiye	1995	Türkiye
63.098	Tuvalu	1995	Tuvalu
46.567	Uganda	1995	Uganda
66.828	Ukraine	1995	Ukraine
72.695	United Arab Emirates	1995	United Arab Emirates
73.896	Uruguay	1995	Uruguay
72.143	Venezuela (Bolivarian Republic of)	1995	Venezuela (Bolivarian Republic of)
71.384	Viet Nam	1995	Viet Nam
60.453	Yemen	1995	Yemen
45.553	Zambia	1995	Zambia
50.531	Zimbabwe	1995	Zimbabwe
53.243	Afghanistan	1996	Afghanistan
74.592	Albania	1996	Albania
68.749	Algeria	1996	Algeria
73.307	Argentina	1996	Argentina
69.783	Armenia	1996	Armenia
62.622	Azerbaijan	1996	Azerbaijan
70.71	Bahamas	1996	Bahamas
74.355	Bahrain	1996	Bahrain
59.492	Bangladesh	1996	Bangladesh
73.546	Barbados	1996	Barbados
68.901	Belarus	1996	Belarus
69.806	Belize	1996	Belize
55.558	Benin	1996	Benin
60.084	Bolivia (Plurinational State of)	1996	Bolivia (Plurinational State of)
54.357	Botswana	1996	Botswana
68.409	Brazil	1996	Brazil
73.1	Brunei Darussalam	1996	Brunei Darussalam
44.373	Burundi	1996	Burundi
56.346	Cambodia	1996	Cambodia
52.82	Cameroon	1996	Cameroon
46.831	Central African Republic	1996	Central African Republic
74.899	Chile	1996	Chile
70.266	China	1996	China
70.189	Colombia	1996	Colombia
53.491	Congo	1996	Congo
49.307	Congo (Democratic Republic of the)	1996	Congo (Democratic Republic of the)
76.804	Costa Rica	1996	Costa Rica
51.52	Côte d'Ivoire	1996	Côte d'Ivoire
74.903	Cuba	1996	Cuba
56.186	Djibouti	1996	Djibouti
69.097	Dominican Republic	1996	Dominican Republic
71.362	Ecuador	1996	Ecuador
66.742	Egypt	1996	Egypt
67.076	El Salvador	1996	El Salvador
53.873	Eswatini (Kingdom of)	1996	Eswatini (Kingdom of)
66.408	Fiji	1996	Fiji
60.612	Gabon	1996	Gabon
56.009	Gambia	1996	Gambia
56.82	Ghana	1996	Ghana
64.863	Guatemala	1996	Guatemala
50.544	Guinea	1996	Guinea
63.205	Guyana	1996	Guyana
56.154	Haiti	1996	Haiti
67.439	Honduras	1996	Honduras
60.984	India	1996	India
65.355	Indonesia	1996	Indonesia
68.07	Iran (Islamic Republic of)	1996	Iran (Islamic Republic of)
66.391	Iraq	1996	Iraq
71.488	Jamaica	1996	Jamaica
71.064	Jordan	1996	Jordan
63.633	Kazakhstan	1996	Kazakhstan
55.161	Kenya	1996	Kenya
75.618	Kuwait	1996	Kuwait
64.276	Kyrgyzstan	1996	Kyrgyzstan
56.891	Lao People's Democratic Republic	1996	Lao People's Democratic Republic
55.232	Lesotho	1996	Lesotho
71.284	Libya	1996	Libya
43.441	Malawi	1996	Malawi
72.327	Malaysia	1996	Malaysia
68.702	Maldives	1996	Maldives
47.792	Mali	1996	Mali
60.063	Mauritania	1996	Mauritania
70.418	Mauritius	1996	Mauritius
72.037	Mexico	1996	Mexico
64.241	Moldova (Republic of)	1996	Moldova (Republic of)
60.305	Mongolia	1996	Mongolia
65.238	Morocco	1996	Morocco
46.636	Mozambique	1996	Mozambique
58.941	Myanmar	1996	Myanmar
56.918	Namibia	1996	Namibia
59.981	Nepal	1996	Nepal
66.052	Nicaragua	1996	Nicaragua
46.676	Niger	1996	Niger
72.235	North Macedonia	1996	North Macedonia
60.398	Pakistan	1996	Pakistan
72.675	Panama	1996	Panama
61.105	Papua New Guinea	1996	Papua New Guinea
69.202	Paraguay	1996	Paraguay
68.147	Peru	1996	Peru
68.614	Philippines	1996	Philippines
74.685	Qatar	1996	Qatar
40.698	Rwanda	1996	Rwanda
70.904	Saint Lucia	1996	Saint Lucia
69.588	Samoa	1996	Samoa
61.097	Sao Tome and Principe	1996	Sao Tome and Principe
71.273	Saudi Arabia	1996	Saudi Arabia
56.672	Senegal	1996	Senegal
71.554	Serbia	1996	Serbia
43.68	Sierra Leone	1996	Sierra Leone
76.536	Singapore	1996	Singapore
61.459	South Africa	1996	South Africa
72.261	Sri Lanka	1996	Sri Lanka
52.276	Sudan	1996	Sudan
70.347	Syrian Arab Republic	1996	Syrian Arab Republic
59.129	Tajikistan	1996	Tajikistan
50.744	Tanzania (United Republic of)	1996	Tanzania (United Republic of)
71.653	Thailand	1996	Thailand
54.098	Togo	1996	Togo
68.323	Tonga	1996	Tonga
69.009	Trinidad and Tobago	1996	Trinidad and Tobago
72.38	Tunisia	1996	Tunisia
70.141	Türkiye	1996	Türkiye
63.21	Tuvalu	1996	Tuvalu
46.67	Uganda	1996	Uganda
67.148	Ukraine	1996	Ukraine
72.767	United Arab Emirates	1996	United Arab Emirates
74.088	Uruguay	1996	Uruguay
72.111	Venezuela (Bolivarian Republic of)	1996	Venezuela (Bolivarian Republic of)
71.51	Viet Nam	1996	Viet Nam
60.568	Yemen	1996	Yemen
45.233	Zambia	1996	Zambia
48.955	Zimbabwe	1996	Zimbabwe
53.634	Afghanistan	1997	Afghanistan
73.904	Albania	1997	Albania
69.171	Algeria	1997	Algeria
73.09	Argentina	1997	Argentina
69.91	Armenia	1997	Armenia
62.973	Azerbaijan	1997	Azerbaijan
71.054	Bahamas	1997	Bahamas
74.535	Bahrain	1997	Bahrain
61.427	Bangladesh	1997	Bangladesh
73.547	Barbados	1997	Barbados
68.652	Belarus	1997	Belarus
69.212	Belize	1997	Belize
55.978	Benin	1997	Benin
60.752	Bolivia (Plurinational State of)	1997	Bolivia (Plurinational State of)
53.448	Botswana	1997	Botswana
68.813	Brazil	1997	Brazil
73.364	Brunei Darussalam	1997	Brunei Darussalam
45.387	Burundi	1997	Burundi
56.743	Cambodia	1997	Cambodia
52.737	Cameroon	1997	Cameroon
46.319	Central African Republic	1997	Central African Republic
75.596	Chile	1997	Chile
70.672	China	1997	China
70.492	Colombia	1997	Colombia
47.19	Congo	1997	Congo
50.402	Congo (Democratic Republic of the)	1997	Congo (Democratic Republic of the)
77.07	Costa Rica	1997	Costa Rica
51.449	Côte d'Ivoire	1997	Côte d'Ivoire
75.222	Cuba	1997	Cuba
55.967	Djibouti	1997	Djibouti
69.166	Dominican Republic	1997	Dominican Republic
71.681	Ecuador	1997	Ecuador
67.197	Egypt	1997	Egypt
67.895	El Salvador	1997	El Salvador
52.044	Eswatini (Kingdom of)	1997	Eswatini (Kingdom of)
66.448	Fiji	1997	Fiji
60.662	Gabon	1997	Gabon
56.06	Gambia	1997	Gambia
57.199	Ghana	1997	Ghana
65.536	Guatemala	1997	Guatemala
51.356	Guinea	1997	Guinea
63.356	Guyana	1997	Guyana
56.516	Haiti	1997	Haiti
67.777	Honduras	1997	Honduras
61.388	India	1997	India
65.733	Indonesia	1997	Indonesia
68.359	Iran (Islamic Republic of)	1997	Iran (Islamic Republic of)
65.837	Iraq	1997	Iraq
71.207	Jamaica	1997	Jamaica
71.272	Jordan	1997	Jordan
63.711	Kazakhstan	1997	Kazakhstan
54.816	Kenya	1997	Kenya
75.879	Kuwait	1997	Kuwait
64.585	Kyrgyzstan	1997	Kyrgyzstan
57.292	Lao People's Democratic Republic	1997	Lao People's Democratic Republic
53.594	Lesotho	1997	Lesotho
71.129	Libya	1997	Libya
43.131	Malawi	1997	Malawi
72.284	Malaysia	1997	Malaysia
69.225	Maldives	1997	Maldives
48.531	Mali	1997	Mali
60.452	Mauritania	1997	Mauritania
70.645	Mauritius	1997	Mauritius
72.445	Mexico	1997	Mexico
65.172	Moldova (Republic of)	1997	Moldova (Republic of)
60.815	Mongolia	1997	Mongolia
65.629	Morocco	1997	Morocco
47.408	Mozambique	1997	Mozambique
59.243	Myanmar	1997	Myanmar
55.558	Namibia	1997	Namibia
60.771	Nepal	1997	Nepal
66.515	Nicaragua	1997	Nicaragua
47.505	Niger	1997	Niger
72.274	North Macedonia	1997	North Macedonia
60.603	Pakistan	1997	Pakistan
72.97	Panama	1997	Panama
61.377	Papua New Guinea	1997	Papua New Guinea
69.325	Paraguay	1997	Paraguay
68.605	Peru	1997	Peru
68.884	Philippines	1997	Philippines
74.787	Qatar	1997	Qatar
40.64	Rwanda	1997	Rwanda
70.775	Saint Lucia	1997	Saint Lucia
69.875	Samoa	1997	Samoa
61.181	Sao Tome and Principe	1997	Sao Tome and Principe
71.483	Saudi Arabia	1997	Saudi Arabia
56.591	Senegal	1997	Senegal
71.649	Serbia	1997	Serbia
43.715	Sierra Leone	1997	Sierra Leone
77.228	Singapore	1997	Singapore
60.805	South Africa	1997	South Africa
72.136	Sri Lanka	1997	Sri Lanka
52.833	Sudan	1997	Sudan
70.283	Syrian Arab Republic	1997	Syrian Arab Republic
60.348	Tajikistan	1997	Tajikistan
50.624	Tanzania (United Republic of)	1997	Tanzania (United Republic of)
72.501	Thailand	1997	Thailand
54.192	Togo	1997	Togo
68.49	Tonga	1997	Tonga
68.719	Trinidad and Tobago	1997	Trinidad and Tobago
72.863	Tunisia	1997	Tunisia
70.57	Türkiye	1997	Türkiye
63.356	Tuvalu	1997	Tuvalu
46.977	Uganda	1997	Uganda
67.632	Ukraine	1997	Ukraine
72.937	United Arab Emirates	1997	United Arab Emirates
74.298	Uruguay	1997	Uruguay
72.703	Venezuela (Bolivarian Republic of)	1997	Venezuela (Bolivarian Republic of)
71.802	Viet Nam	1997	Viet Nam
61.119	Yemen	1997	Yemen
44.945	Zambia	1997	Zambia
47.993	Zimbabwe	1997	Zimbabwe
52.943	Afghanistan	1998	Afghanistan
74.99	Albania	1998	Albania
69.451	Algeria	1998	Algeria
73.474	Argentina	1998	Argentina
70.514	Armenia	1998	Armenia
63.561	Azerbaijan	1998	Azerbaijan
71.456	Bahamas	1998	Bahamas
74.641	Bahrain	1998	Bahrain
63.917	Bangladesh	1998	Bangladesh
73.728	Barbados	1998	Barbados
68.641	Belarus	1998	Belarus
68.599	Belize	1998	Belize
56.218	Benin	1998	Benin
61.332	Bolivia (Plurinational State of)	1998	Bolivia (Plurinational State of)
52.523	Botswana	1998	Botswana
69.189	Brazil	1998	Brazil
73.619	Brunei Darussalam	1998	Brunei Darussalam
46.552	Burundi	1998	Burundi
57.028	Cambodia	1998	Cambodia
52.582	Cameroon	1998	Cameroon
46.025	Central African Republic	1998	Central African Republic
75.669	Chile	1998	Chile
71.172	China	1998	China
70.738	Colombia	1998	Colombia
50.894	Congo	1998	Congo
49.696	Congo (Democratic Republic of the)	1998	Congo (Democratic Republic of the)
76.896	Costa Rica	1998	Costa Rica
51.108	Côte d'Ivoire	1998	Côte d'Ivoire
75.564	Cuba	1998	Cuba
56.176	Djibouti	1998	Djibouti
69.096	Dominican Republic	1998	Dominican Republic
72.045	Ecuador	1998	Ecuador
67.471	Egypt	1998	Egypt
68.478	El Salvador	1998	El Salvador
50.333	Eswatini (Kingdom of)	1998	Eswatini (Kingdom of)
66.68	Fiji	1998	Fiji
60.79	Gabon	1998	Gabon
56.554	Gambia	1998	Gambia
57.6	Ghana	1998	Ghana
66.114	Guatemala	1998	Guatemala
52.049	Guinea	1998	Guinea
63.9	Guyana	1998	Guyana
57.135	Haiti	1998	Haiti
62.721	Honduras	1998	Honduras
61.792	India	1998	India
65.962	Indonesia	1998	Indonesia
68.73	Iran (Islamic Republic of)	1998	Iran (Islamic Republic of)
65.486	Iraq	1998	Iraq
70.99	Jamaica	1998	Jamaica
71.474	Jordan	1998	Jordan
63.812	Kazakhstan	1998	Kazakhstan
54.526	Kenya	1998	Kenya
76.157	Kuwait	1998	Kuwait
65.114	Kyrgyzstan	1998	Kyrgyzstan
57.665	Lao People's Democratic Republic	1998	Lao People's Democratic Republic
51.783	Lesotho	1998	Lesotho
71.079	Libya	1998	Libya
42.848	Malawi	1998	Malawi
72.168	Malaysia	1998	Malaysia
69.572	Maldives	1998	Maldives
49.164	Mali	1998	Mali
60.609	Mauritania	1998	Mauritania
70.788	Mauritius	1998	Mauritius
72.845	Mexico	1998	Mexico
65.505	Moldova (Republic of)	1998	Moldova (Republic of)
61.765	Mongolia	1998	Mongolia
66.018	Morocco	1998	Morocco
48.024	Mozambique	1998	Mozambique
59.794	Myanmar	1998	Myanmar
54.101	Namibia	1998	Namibia
61.549	Nepal	1998	Nepal
65.209	Nicaragua	1998	Nicaragua
48.191	Niger	1998	Niger
72.405	North Macedonia	1998	North Macedonia
61.09	Pakistan	1998	Pakistan
73.279	Panama	1998	Panama
60.629	Papua New Guinea	1998	Papua New Guinea
69.478	Paraguay	1998	Paraguay
69.082	Peru	1998	Peru
69.1	Philippines	1998	Philippines
74.809	Qatar	1998	Qatar
41.681	Rwanda	1998	Rwanda
70.69	Saint Lucia	1998	Saint Lucia
70.171	Samoa	1998	Samoa
61.187	Sao Tome and Principe	1998	Sao Tome and Principe
71.879	Saudi Arabia	1998	Saudi Arabia
56.418	Senegal	1998	Senegal
71.243	Serbia	1998	Serbia
42.789	Sierra Leone	1998	Sierra Leone
77.987	Singapore	1998	Singapore
60.001	South Africa	1998	South Africa
72.081	Sri Lanka	1998	Sri Lanka
48.81	Sudan	1998	Sudan
70.196	Syrian Arab Republic	1998	Syrian Arab Republic
61.519	Tajikistan	1998	Tajikistan
50.914	Tanzania (United Republic of)	1998	Tanzania (United Republic of)
72.862	Thailand	1998	Thailand
54.199	Togo	1998	Togo
68.642	Tonga	1998	Tonga
69.16	Trinidad and Tobago	1998	Trinidad and Tobago
73.169	Tunisia	1998	Tunisia
71.039	Türkiye	1998	Türkiye
63.418	Tuvalu	1998	Tuvalu
47.175	Uganda	1998	Uganda
68.399	Ukraine	1998	Ukraine
73.066	United Arab Emirates	1998	United Arab Emirates
74.527	Uruguay	1998	Uruguay
72.668	Venezuela (Bolivarian Republic of)	1998	Venezuela (Bolivarian Republic of)
72.107	Viet Nam	1998	Viet Nam
61.375	Yemen	1998	Yemen
44.701	Zambia	1998	Zambia
46.819	Zimbabwe	1998	Zimbabwe
54.846	Afghanistan	1999	Afghanistan
75.183	Albania	1999	Albania
70.032	Algeria	1999	Algeria
45.386	Angola	1999	Angola
73.722	Argentina	1999	Argentina
70.257	Armenia	1999	Armenia
64.189	Azerbaijan	1999	Azerbaijan
71.771	Bahamas	1999	Bahamas
74.98	Bahrain	1999	Bahrain
66.228	Bangladesh	1999	Bangladesh
74.039	Barbados	1999	Barbados
68.375	Belarus	1999	Belarus
68.773	Belize	1999	Belize
56.526	Benin	1999	Benin
61.871	Bolivia (Plurinational State of)	1999	Bolivia (Plurinational State of)
51.694	Botswana	1999	Botswana
69.524	Brazil	1999	Brazil
73.863	Brunei Darussalam	1999	Brunei Darussalam
50.325	Burkina Faso	1999	Burkina Faso
47.528	Burundi	1999	Burundi
57.69	Cambodia	1999	Cambodia
52.695	Cameroon	1999	Cameroon
45.75	Central African Republic	1999	Central African Republic
76.018	Chile	1999	Chile
71.419	China	1999	China
70.926	Colombia	1999	Colombia
52.757	Congo	1999	Congo
49.945	Congo (Democratic Republic of the)	1999	Congo (Democratic Republic of the)
77.138	Costa Rica	1999	Costa Rica
50.957	Côte d'Ivoire	1999	Côte d'Ivoire
75.893	Cuba	1999	Cuba
56.427	Djibouti	1999	Djibouti
69.279	Dominican Republic	1999	Dominican Republic
72.463	Ecuador	1999	Ecuador
67.737	Egypt	1999	Egypt
69.379	El Salvador	1999	El Salvador
48.733	Eswatini (Kingdom of)	1999	Eswatini (Kingdom of)
66.763	Fiji	1999	Fiji
60.849	Gabon	1999	Gabon
56.816	Gambia	1999	Gambia
58.03	Ghana	1999	Ghana
66.869	Guatemala	1999	Guatemala
52.356	Guinea	1999	Guinea
64.17	Guyana	1999	Guyana
57.961	Haiti	1999	Haiti
68.422	Honduras	1999	Honduras
62.207	India	1999	India
66.221	Indonesia	1999	Indonesia
69.297	Iran (Islamic Republic of)	1999	Iran (Islamic Republic of)
66.182	Iraq	1999	Iraq
70.968	Jamaica	1999	Jamaica
71.694	Jordan	1999	Jordan
63.985	Kazakhstan	1999	Kazakhstan
54.495	Kenya	1999	Kenya
76.416	Kuwait	1999	Kuwait
65.582	Kyrgyzstan	1999	Kyrgyzstan
57.873	Lao People's Democratic Republic	1999	Lao People's Democratic Republic
50.081	Lesotho	1999	Lesotho
49.953	Liberia	1999	Liberia
71.058	Libya	1999	Libya
57.372	Madagascar	1999	Madagascar
43.568	Malawi	1999	Malawi
72.283	Malaysia	1999	Malaysia
70.088	Maldives	1999	Maldives
49.797	Mali	1999	Mali
60.819	Mauritania	1999	Mauritania
71.365	Mauritius	1999	Mauritius
73.225	Mexico	1999	Mexico
65.561	Moldova (Republic of)	1999	Moldova (Republic of)
62.529	Mongolia	1999	Mongolia
66.406	Morocco	1999	Morocco
48.812	Mozambique	1999	Mozambique
59.881	Myanmar	1999	Myanmar
53.036	Namibia	1999	Namibia
62.113	Nepal	1999	Nepal
67.12	Nicaragua	1999	Nicaragua
48.738	Niger	1999	Niger
72.774	North Macedonia	1999	North Macedonia
61.679	Pakistan	1999	Pakistan
73.622	Panama	1999	Panama
61.672	Papua New Guinea	1999	Papua New Guinea
69.634	Paraguay	1999	Paraguay
69.743	Peru	1999	Peru
69.298	Philippines	1999	Philippines
74.8	Qatar	1999	Qatar
44.616	Rwanda	1999	Rwanda
70.709	Saint Lucia	1999	Saint Lucia
70.456	Samoa	1999	Samoa
61.393	Sao Tome and Principe	1999	Sao Tome and Principe
72.136	Saudi Arabia	1999	Saudi Arabia
56.609	Senegal	1999	Senegal
69.758	Serbia	1999	Serbia
42.071	Sierra Leone	1999	Sierra Leone
78.47	Singapore	1999	Singapore
67.069	Solomon Islands	1999	Solomon Islands
59.241	South Africa	1999	South Africa
72.618	Sri Lanka	1999	Sri Lanka
57.015	Sudan	1999	Sudan
70.425	Syrian Arab Republic	1999	Syrian Arab Republic
62.621	Tajikistan	1999	Tajikistan
51.748	Tanzania (United Republic of)	1999	Tanzania (United Republic of)
72.542	Thailand	1999	Thailand
54.538	Togo	1999	Togo
68.809	Tonga	1999	Tonga
68.377	Trinidad and Tobago	1999	Trinidad and Tobago
73.508	Tunisia	1999	Tunisia
70.695	Türkiye	1999	Türkiye
63.427	Tuvalu	1999	Tuvalu
47.786	Uganda	1999	Uganda
68.12	Ukraine	1999	Ukraine
73.67	United Arab Emirates	1999	United Arab Emirates
74.769	Uruguay	1999	Uruguay
72.254	Venezuela (Bolivarian Republic of)	1999	Venezuela (Bolivarian Republic of)
72.317	Viet Nam	1999	Viet Nam
61.975	Yemen	1999	Yemen
44.659	Zambia	1999	Zambia
45.206	Zimbabwe	1999	Zimbabwe
55.298	Afghanistan	2000	Afghanistan
75.404	Albania	2000	Albania
70.478	Algeria	2000	Algeria
46.024	Angola	2000	Angola
73.926	Argentina	2000	Argentina
70.624	Armenia	2000	Armenia
64.891	Azerbaijan	2000	Azerbaijan
72.041	Bahamas	2000	Bahamas
75.496	Bahrain	2000	Bahrain
65.779	Bangladesh	2000	Bangladesh
74.089	Barbados	2000	Barbados
69.18	Belarus	2000	Belarus
68.564	Belize	2000	Belize
56.578	Benin	2000	Benin
62.346	Bolivia (Plurinational State of)	2000	Bolivia (Plurinational State of)
74.496	Bosnia and Herzegovina	2000	Bosnia and Herzegovina
51.011	Botswana	2000	Botswana
69.737	Brazil	2000	Brazil
74.08	Brunei Darussalam	2000	Brunei Darussalam
50.847	Burkina Faso	2000	Burkina Faso
47.514	Burundi	2000	Burundi
68.618	Cabo Verde	2000	Cabo Verde
58.625	Cambodia	2000	Cambodia
52.932	Cameroon	2000	Cameroon
45.406	Central African Republic	2000	Central African Republic
47.443	Chad	2000	Chad
76.87	Chile	2000	Chile
71.881	China	2000	China
71.32	Colombia	2000	Colombia
58.757	Comoros	2000	Comoros
53.682	Congo	2000	Congo
51.781	Congo (Democratic Republic of the)	2000	Congo (Democratic Republic of the)
77.586	Costa Rica	2000	Costa Rica
50.842	Côte d'Ivoire	2000	Côte d'Ivoire
76.183	Cuba	2000	Cuba
56.573	Djibouti	2000	Djibouti
72.693	Dominica	2000	Dominica
69.423	Dominican Republic	2000	Dominican Republic
72.839	Ecuador	2000	Ecuador
68.007	Egypt	2000	Egypt
69.865	El Salvador	2000	El Salvador
53.226	Equatorial Guinea	2000	Equatorial Guinea
47.256	Eswatini (Kingdom of)	2000	Eswatini (Kingdom of)
50.538	Ethiopia	2000	Ethiopia
66.31	Fiji	2000	Fiji
61.069	Gabon	2000	Gabon
56.942	Gambia	2000	Gambia
69.575	Georgia	2000	Georgia
58.195	Ghana	2000	Ghana
67.446	Guatemala	2000	Guatemala
52.479	Guinea	2000	Guinea
64.483	Guyana	2000	Guyana
58.365	Haiti	2000	Haiti
68.662	Honduras	2000	Honduras
62.669	India	2000	India
66.433	Indonesia	2000	Indonesia
69.691	Iran (Islamic Republic of)	2000	Iran (Islamic Republic of)
66.817	Iraq	2000	Iraq
70.944	Jamaica	2000	Jamaica
71.918	Jordan	2000	Jordan
64.178	Kazakhstan	2000	Kazakhstan
54.411	Kenya	2000	Kenya
64.409	Kiribati	2000	Kiribati
76.722	Kuwait	2000	Kuwait
65.398	Kyrgyzstan	2000	Kyrgyzstan
58.378	Lao People's Democratic Republic	2000	Lao People's Democratic Republic
48.427	Lesotho	2000	Lesotho
51.356	Liberia	2000	Liberia
70.68	Libya	2000	Libya
57.938	Madagascar	2000	Madagascar
44.518	Malawi	2000	Malawi
72.775	Malaysia	2000	Malaysia
70.876	Maldives	2000	Maldives
50.539	Mali	2000	Mali
61.028	Mauritania	2000	Mauritania
71.637	Mauritius	2000	Mauritius
73.569	Mexico	2000	Mexico
69.769	Micronesia (Federated States of)	2000	Micronesia (Federated States of)
66.417	Moldova (Republic of)	2000	Moldova (Republic of)
62.882	Mongolia	2000	Mongolia
66.787	Morocco	2000	Morocco
49.491	Mozambique	2000	Mozambique
60.155	Myanmar	2000	Myanmar
51.99	Namibia	2000	Namibia
62.614	Nepal	2000	Nepal
67.234	Nicaragua	2000	Nicaragua
49.322	Niger	2000	Niger
72.857	North Macedonia	2000	North Macedonia
73.466	Oman	2000	Oman
62.102	Pakistan	2000	Pakistan
65.891	Palau	2000	Palau
74.001	Panama	2000	Panama
61.72	Papua New Guinea	2000	Papua New Guinea
69.75	Paraguay	2000	Paraguay
70.424	Peru	2000	Peru
69.413	Philippines	2000	Philippines
74.828	Qatar	2000	Qatar
47.129	Rwanda	2000	Rwanda
70.768	Saint Lucia	2000	Saint Lucia
71.377	Saint Vincent and the Grenadines	2000	Saint Vincent and the Grenadines
70.746	Samoa	2000	Samoa
61.655	Sao Tome and Principe	2000	Sao Tome and Principe
72.467	Saudi Arabia	2000	Saudi Arabia
56.943	Senegal	2000	Senegal
71.439	Serbia	2000	Serbia
69.722	Seychelles	2000	Seychelles
45.05	Sierra Leone	2000	Sierra Leone
79.069	Singapore	2000	Singapore
67.225	Solomon Islands	2000	Solomon Islands
58.47	South Africa	2000	South Africa
70.355	Sri Lanka	2000	Sri Lanka
58.319	Sudan	2000	Sudan
70.764	Syrian Arab Republic	2000	Syrian Arab Republic
63.26	Tajikistan	2000	Tajikistan
52.362	Tanzania (United Republic of)	2000	Tanzania (United Republic of)
72.316	Thailand	2000	Thailand
58.568	Timor-Leste	2000	Timor-Leste
54.742	Togo	2000	Togo
68.978	Tonga	2000	Tonga
69.102	Trinidad and Tobago	2000	Trinidad and Tobago
73.69	Tunisia	2000	Tunisia
71.861	Türkiye	2000	Türkiye
63.499	Tuvalu	2000	Tuvalu
48.342	Uganda	2000	Uganda
67.856	Ukraine	2000	Ukraine
74.38	United Arab Emirates	2000	United Arab Emirates
75.025	Uruguay	2000	Uruguay
65.724	Uzbekistan	2000	Uzbekistan
72.478	Venezuela (Bolivarian Republic of)	2000	Venezuela (Bolivarian Republic of)
72.462	Viet Nam	2000	Viet Nam
62.588	Yemen	2000	Yemen
45.231	Zambia	2000	Zambia
44.686	Zimbabwe	2000	Zimbabwe
55.798	Afghanistan	2001	Afghanistan
75.639	Albania	2001	Albania
70.823	Algeria	2001	Algeria
46.59	Angola	2001	Angola
74.186	Argentina	2001	Argentina
70.932	Armenia	2001	Armenia
65.51	Azerbaijan	2001	Azerbaijan
72.11	Bahamas	2001	Bahamas
75.908	Bahrain	2001	Bahrain
66.135	Bangladesh	2001	Bangladesh
74.247	Barbados	2001	Barbados
68.864	Belarus	2001	Belarus
68.357	Belize	2001	Belize
56.66	Benin	2001	Benin
62.843	Bolivia (Plurinational State of)	2001	Bolivia (Plurinational State of)
75.06	Bosnia and Herzegovina	2001	Bosnia and Herzegovina
50.676	Botswana	2001	Botswana
70.195	Brazil	2001	Brazil
74.276	Brunei Darussalam	2001	Brunei Darussalam
51.071	Burkina Faso	2001	Burkina Faso
48.431	Burundi	2001	Burundi
69.929	Cabo Verde	2001	Cabo Verde
59.966	Cambodia	2001	Cambodia
53.142	Cameroon	2001	Cameroon
45.393	Central African Republic	2001	Central African Republic
47.85	Chad	2001	Chad
76.773	Chile	2001	Chile
72.606	China	2001	China
71.502	Colombia	2001	Colombia
59.163	Comoros	2001	Comoros
54.395	Congo	2001	Congo
52.116	Congo (Democratic Republic of the)	2001	Congo (Democratic Republic of the)
77.545	Costa Rica	2001	Costa Rica
50.81	Côte d'Ivoire	2001	Côte d'Ivoire
76.421	Cuba	2001	Cuba
56.903	Djibouti	2001	Djibouti
71.713	Dominica	2001	Dominica
69.642	Dominican Republic	2001	Dominican Republic
73.24	Ecuador	2001	Ecuador
68.308	Egypt	2001	Egypt
69.598	El Salvador	2001	El Salvador
53.636	Equatorial Guinea	2001	Equatorial Guinea
45.975	Eswatini (Kingdom of)	2001	Eswatini (Kingdom of)
51.043	Ethiopia	2001	Ethiopia
66.34	Fiji	2001	Fiji
61.27	Gabon	2001	Gabon
57.043	Gambia	2001	Gambia
69.606	Georgia	2001	Georgia
58.107	Ghana	2001	Ghana
67.946	Guatemala	2001	Guatemala
52.662	Guinea	2001	Guinea
64.788	Guyana	2001	Guyana
58.489	Haiti	2001	Haiti
69.006	Honduras	2001	Honduras
63.091	India	2001	India
66.758	Indonesia	2001	Indonesia
69.955	Iran (Islamic Republic of)	2001	Iran (Islamic Republic of)
67.034	Iraq	2001	Iraq
70.758	Jamaica	2001	Jamaica
72.147	Jordan	2001	Jordan
64.368	Kazakhstan	2001	Kazakhstan
54.508	Kenya	2001	Kenya
64.655	Kiribati	2001	Kiribati
76.891	Kuwait	2001	Kuwait
65.763	Kyrgyzstan	2001	Kyrgyzstan
59.07	Lao People's Democratic Republic	2001	Lao People's Democratic Republic
46.849	Lesotho	2001	Lesotho
52.752	Liberia	2001	Liberia
70.861	Libya	2001	Libya
58.57	Madagascar	2001	Madagascar
45.895	Malawi	2001	Malawi
73.344	Malaysia	2001	Malaysia
72.181	Maldives	2001	Maldives
51.284	Mali	2001	Mali
61.185	Mauritania	2001	Mauritania
71.887	Mauritius	2001	Mauritius
73.867	Mexico	2001	Mexico
70.479	Micronesia (Federated States of)	2001	Micronesia (Federated States of)
66.787	Moldova (Republic of)	2001	Moldova (Republic of)
63.279	Mongolia	2001	Mongolia
67.18	Morocco	2001	Morocco
50.065	Mozambique	2001	Mozambique
60.416	Myanmar	2001	Myanmar
51.26	Namibia	2001	Namibia
63.336	Nepal	2001	Nepal
67.215	Nicaragua	2001	Nicaragua
49.841	Niger	2001	Niger
73.233	North Macedonia	2001	North Macedonia
73.808	Oman	2001	Oman
62.421	Pakistan	2001	Pakistan
66.553	Palau	2001	Palau
74.414	Panama	2001	Panama
61.773	Papua New Guinea	2001	Papua New Guinea
69.9	Paraguay	2001	Paraguay
71.041	Peru	2001	Peru
69.614	Philippines	2001	Philippines
75.263	Qatar	2001	Qatar
49.021	Rwanda	2001	Rwanda
71.135	Saint Lucia	2001	Saint Lucia
71.938	Saint Vincent and the Grenadines	2001	Saint Vincent and the Grenadines
71.019	Samoa	2001	Samoa
62.032	Sao Tome and Principe	2001	Sao Tome and Principe
72.974	Saudi Arabia	2001	Saudi Arabia
57.564	Senegal	2001	Senegal
72.307	Serbia	2001	Serbia
69.985	Seychelles	2001	Seychelles
45.661	Sierra Leone	2001	Sierra Leone
79.186	Singapore	2001	Singapore
67.364	Solomon Islands	2001	Solomon Islands
57.261	South Africa	2001	South Africa
70.787	Sri Lanka	2001	Sri Lanka
58.562	Sudan	2001	Sudan
71.644	Syrian Arab Republic	2001	Syrian Arab Republic
64.057	Tajikistan	2001	Tajikistan
53.161	Tanzania (United Republic of)	2001	Tanzania (United Republic of)
72.613	Thailand	2001	Thailand
59.362	Timor-Leste	2001	Timor-Leste
54.86	Togo	2001	Togo
69.127	Tonga	2001	Tonga
69.646	Trinidad and Tobago	2001	Trinidad and Tobago
73.816	Tunisia	2001	Tunisia
72.231	Türkiye	2001	Türkiye
63.543	Tuvalu	2001	Tuvalu
49.006	Uganda	2001	Uganda
68.181	Ukraine	2001	Ukraine
74.636	United Arab Emirates	2001	United Arab Emirates
75.285	Uruguay	2001	Uruguay
66.087	Uzbekistan	2001	Uzbekistan
71.201	Venezuela (Bolivarian Republic of)	2001	Venezuela (Bolivarian Republic of)
72.647	Viet Nam	2001	Viet Nam
63.222	Yemen	2001	Yemen
46.019	Zambia	2001	Zambia
41.957	Zimbabwe	2001	Zimbabwe
56.454	Afghanistan	2002	Afghanistan
75.89	Albania	2002	Albania
71.23	Algeria	2002	Algeria
47.386	Angola	2002	Angola
74.408	Argentina	2002	Argentina
71.018	Armenia	2002	Armenia
66.239	Azerbaijan	2002	Azerbaijan
72.232	Bahamas	2002	Bahamas
76.088	Bahrain	2002	Bahrain
66.612	Bangladesh	2002	Bangladesh
74.366	Barbados	2002	Barbados
68.484	Belarus	2002	Belarus
68.752	Belize	2002	Belize
56.606	Benin	2002	Benin
63.306	Bolivia (Plurinational State of)	2002	Bolivia (Plurinational State of)
74.612	Bosnia and Herzegovina	2002	Bosnia and Herzegovina
50.632	Botswana	2002	Botswana
70.41	Brazil	2002	Brazil
74.426	Brunei Darussalam	2002	Brunei Darussalam
51.272	Burkina Faso	2002	Burkina Faso
49.891	Burundi	2002	Burundi
70.705	Cabo Verde	2002	Cabo Verde
61.226	Cambodia	2002	Cambodia
53.415	Cameroon	2002	Cameroon
45.409	Central African Republic	2002	Central African Republic
47.946	Chad	2002	Chad
77.445	Chile	2002	Chile
72.985	China	2002	China
71.939	Colombia	2002	Colombia
59.056	Comoros	2002	Comoros
55.088	Congo	2002	Congo
52.333	Congo (Democratic Republic of the)	2002	Congo (Democratic Republic of the)
77.983	Costa Rica	2002	Costa Rica
50.886	Côte d'Ivoire	2002	Côte d'Ivoire
76.612	Cuba	2002	Cuba
57.215	Djibouti	2002	Djibouti
72.34	Dominica	2002	Dominica
69.923	Dominican Republic	2002	Dominican Republic
73.613	Ecuador	2002	Ecuador
68.564	Egypt	2002	Egypt
70.232	El Salvador	2002	El Salvador
54.085	Equatorial Guinea	2002	Equatorial Guinea
44.486	Eswatini (Kingdom of)	2002	Eswatini (Kingdom of)
51.517	Ethiopia	2002	Ethiopia
65.748	Fiji	2002	Fiji
61.292	Gabon	2002	Gabon
57.08	Gambia	2002	Gambia
70.024	Georgia	2002	Georgia
58.608	Ghana	2002	Ghana
73.167	Grenada	2002	Grenada
68.386	Guatemala	2002	Guatemala
53.278	Guinea	2002	Guinea
64.728	Guyana	2002	Guyana
58.855	Haiti	2002	Haiti
69.366	Honduras	2002	Honduras
63.616	India	2002	India
67.134	Indonesia	2002	Indonesia
70.445	Iran (Islamic Republic of)	2002	Iran (Islamic Republic of)
67.084	Iraq	2002	Iraq
70.888	Jamaica	2002	Jamaica
72.359	Jordan	2002	Jordan
64.269	Kazakhstan	2002	Kazakhstan
54.99	Kenya	2002	Kenya
64.84	Kiribati	2002	Kiribati
76.982	Kuwait	2002	Kuwait
65.862	Kyrgyzstan	2002	Kyrgyzstan
59.534	Lao People's Democratic Republic	2002	Lao People's Democratic Republic
45.595	Lesotho	2002	Lesotho
53.788	Liberia	2002	Liberia
71.004	Libya	2002	Libya
58.892	Madagascar	2002	Madagascar
47.221	Malawi	2002	Malawi
73.563	Malaysia	2002	Malaysia
73.291	Maldives	2002	Maldives
52.222	Mali	2002	Mali
61.268	Mauritania	2002	Mauritania
72.011	Mauritius	2002	Mauritius
74.106	Mexico	2002	Mexico
69.46	Micronesia (Federated States of)	2002	Micronesia (Federated States of)
66.938	Moldova (Republic of)	2002	Moldova (Republic of)
63.518	Mongolia	2002	Mongolia
67.547	Morocco	2002	Morocco
50.59	Mozambique	2002	Mozambique
60.725	Myanmar	2002	Myanmar
51.254	Namibia	2002	Namibia
63.264	Nepal	2002	Nepal
67.18	Nicaragua	2002	Nicaragua
50.562	Niger	2002	Niger
73.146	North Macedonia	2002	North Macedonia
73.869	Oman	2002	Oman
62.626	Pakistan	2002	Pakistan
66.96	Palau	2002	Palau
74.824	Panama	2002	Panama
61.698	Papua New Guinea	2002	Papua New Guinea
70.025	Paraguay	2002	Paraguay
71.661	Peru	2002	Peru
69.781	Philippines	2002	Philippines
75.412	Qatar	2002	Qatar
51.032	Rwanda	2002	Rwanda
71.472	Saint Lucia	2002	Saint Lucia
72.168	Saint Vincent and the Grenadines	2002	Saint Vincent and the Grenadines
71.276	Samoa	2002	Samoa
62.6	Sao Tome and Principe	2002	Sao Tome and Principe
73.337	Saudi Arabia	2002	Saudi Arabia
58.231	Senegal	2002	Senegal
72.258	Serbia	2002	Serbia
70.395	Seychelles	2002	Seychelles
46.359	Sierra Leone	2002	Sierra Leone
79.302	Singapore	2002	Singapore
67.515	Solomon Islands	2002	Solomon Islands
55.666	South Africa	2002	South Africa
71.117	Sri Lanka	2002	Sri Lanka
58.976	Sudan	2002	Sudan
71.939	Syrian Arab Republic	2002	Syrian Arab Republic
64.846	Tajikistan	2002	Tajikistan
53.863	Tanzania (United Republic of)	2002	Tanzania (United Republic of)
72.93	Thailand	2002	Thailand
60.148	Timor-Leste	2002	Timor-Leste
55.311	Togo	2002	Togo
69.335	Tonga	2002	Tonga
70.488	Trinidad and Tobago	2002	Trinidad and Tobago
74.059	Tunisia	2002	Tunisia
72.579	Türkiye	2002	Türkiye
63.58	Tuvalu	2002	Tuvalu
49.648	Uganda	2002	Uganda
68.173	Ukraine	2002	Ukraine
74.901	United Arab Emirates	2002	United Arab Emirates
75.54	Uruguay	2002	Uruguay
66.604	Uzbekistan	2002	Uzbekistan
72.662	Venezuela (Bolivarian Republic of)	2002	Venezuela (Bolivarian Republic of)
72.801	Viet Nam	2002	Viet Nam
63.906	Yemen	2002	Yemen
46.979	Zambia	2002	Zambia
44.565	Zimbabwe	2002	Zimbabwe
57.344	Afghanistan	2003	Afghanistan
76.142	Albania	2003	Albania
71.287	Algeria	2003	Algeria
49.617	Angola	2003	Angola
74.08	Argentina	2003	Argentina
71.436	Armenia	2003	Armenia
66.756	Azerbaijan	2003	Azerbaijan
72.402	Bahamas	2003	Bahamas
76.337	Bahrain	2003	Bahrain
66.824	Bangladesh	2003	Bangladesh
74.472	Barbados	2003	Barbados
68.939	Belarus	2003	Belarus
68.909	Belize	2003	Belize
56.738	Benin	2003	Benin
63.635	Bolivia (Plurinational State of)	2003	Bolivia (Plurinational State of)
75.782	Bosnia and Herzegovina	2003	Bosnia and Herzegovina
50.947	Botswana	2003	Botswana
70.72	Brazil	2003	Brazil
74.561	Brunei Darussalam	2003	Brunei Darussalam
51.793	Burkina Faso	2003	Burkina Faso
50.857	Burundi	2003	Burundi
71.429	Cabo Verde	2003	Cabo Verde
62.523	Cambodia	2003	Cambodia
53.883	Cameroon	2003	Cameroon
45.76	Central African Republic	2003	Central African Republic
48.206	Chad	2003	Chad
77.387	Chile	2003	Chile
73.371	China	2003	China
72.361	Colombia	2003	Colombia
59.258	Comoros	2003	Comoros
55.948	Congo	2003	Congo
52.827	Congo (Democratic Republic of the)	2003	Congo (Democratic Republic of the)
78.072	Costa Rica	2003	Costa Rica
50.954	Côte d'Ivoire	2003	Côte d'Ivoire
76.773	Cuba	2003	Cuba
57.595	Djibouti	2003	Djibouti
71.438	Dominica	2003	Dominica
70.265	Dominican Republic	2003	Dominican Republic
73.975	Ecuador	2003	Ecuador
68.402	Egypt	2003	Egypt
70.14	El Salvador	2003	El Salvador
54.581	Equatorial Guinea	2003	Equatorial Guinea
43.349	Eswatini (Kingdom of)	2003	Eswatini (Kingdom of)
52.533	Ethiopia	2003	Ethiopia
66.177	Fiji	2003	Fiji
61.671	Gabon	2003	Gabon
57.586	Gambia	2003	Gambia
70.333	Georgia	2003	Georgia
59.111	Ghana	2003	Ghana
73.188	Grenada	2003	Grenada
68.797	Guatemala	2003	Guatemala
53.678	Guinea	2003	Guinea
64.6	Guyana	2003	Guyana
59.507	Haiti	2003	Haiti
69.507	Honduras	2003	Honduras
64.094	India	2003	India
67.413	Indonesia	2003	Indonesia
69.823	Iran (Islamic Republic of)	2003	Iran (Islamic Republic of)
65.643	Iraq	2003	Iraq
70.806	Jamaica	2003	Jamaica
72.573	Jordan	2003	Jordan
64.554	Kazakhstan	2003	Kazakhstan
55.601	Kenya	2003	Kenya
64.954	Kiribati	2003	Kiribati
76.985	Kuwait	2003	Kuwait
66.186	Kyrgyzstan	2003	Kyrgyzstan
60.031	Lao People's Democratic Republic	2003	Lao People's Democratic Republic
44.53	Lesotho	2003	Lesotho
53.042	Liberia	2003	Liberia
71.132	Libya	2003	Libya
59.491	Madagascar	2003	Madagascar
48.79	Malawi	2003	Malawi
73.796	Malaysia	2003	Malaysia
74.06	Maldives	2003	Maldives
52.893	Mali	2003	Mali
61.347	Mauritania	2003	Mauritania
72.28	Mauritius	2003	Mauritius
74.274	Mexico	2003	Mexico
70.76	Micronesia (Federated States of)	2003	Micronesia (Federated States of)
67.419	Moldova (Republic of)	2003	Moldova (Republic of)
64.208	Mongolia	2003	Mongolia
74.075	Montenegro	2003	Montenegro
67.915	Morocco	2003	Morocco
50.87	Mozambique	2003	Mozambique
60.98	Myanmar	2003	Myanmar
51.083	Namibia	2003	Namibia
64.197	Nepal	2003	Nepal
67.217	Nicaragua	2003	Nicaragua
51.434	Niger	2003	Niger
48.441	Nigeria	2003	Nigeria
73.386	North Macedonia	2003	North Macedonia
74.14	Oman	2003	Oman
62.843	Pakistan	2003	Pakistan
67.228	Palau	2003	Palau
75.218	Panama	2003	Panama
61.797	Papua New Guinea	2003	Papua New Guinea
70.297	Paraguay	2003	Paraguay
72.217	Peru	2003	Peru
69.924	Philippines	2003	Philippines
75.565	Qatar	2003	Qatar
53.368	Rwanda	2003	Rwanda
71.771	Saint Lucia	2003	Saint Lucia
72.352	Saint Vincent and the Grenadines	2003	Saint Vincent and the Grenadines
71.496	Samoa	2003	Samoa
63.166	Sao Tome and Principe	2003	Sao Tome and Principe
73.628	Saudi Arabia	2003	Saudi Arabia
59.122	Senegal	2003	Senegal
72.442	Serbia	2003	Serbia
70.982	Seychelles	2003	Seychelles
46.963	Sierra Leone	2003	Sierra Leone
79.398	Singapore	2003	Singapore
67.644	Solomon Islands	2003	Solomon Islands
54.331	South Africa	2003	South Africa
71.373	Sri Lanka	2003	Sri Lanka
58.2	Sudan	2003	Sudan
72.414	Syrian Arab Republic	2003	Syrian Arab Republic
65.552	Tajikistan	2003	Tajikistan
54.895	Tanzania (United Republic of)	2003	Tanzania (United Republic of)
73.155	Thailand	2003	Thailand
60.871	Timor-Leste	2003	Timor-Leste
55.639	Togo	2003	Togo
69.495	Tonga	2003	Tonga
69.729	Trinidad and Tobago	2003	Trinidad and Tobago
74.305	Tunisia	2003	Tunisia
72.89	Türkiye	2003	Türkiye
63.631	Tuvalu	2003	Tuvalu
50.368	Uganda	2003	Uganda
68.209	Ukraine	2003	Ukraine
76.222	United Arab Emirates	2003	United Arab Emirates
75.785	Uruguay	2003	Uruguay
67.04	Uzbekistan	2003	Uzbekistan
71.94	Venezuela (Bolivarian Republic of)	2003	Venezuela (Bolivarian Republic of)
72.98	Viet Nam	2003	Viet Nam
64.541	Yemen	2003	Yemen
48.284	Zambia	2003	Zambia
43.393	Zimbabwe	2003	Zimbabwe
57.944	Afghanistan	2004	Afghanistan
76.376	Albania	2004	Albania
71.762	Algeria	2004	Algeria
50.592	Angola	2004	Angola
74.855	Argentina	2004	Argentina
71.421	Armenia	2004	Armenia
67.346	Azerbaijan	2004	Azerbaijan
72.478	Bahamas	2004	Bahamas
76.56	Bahrain	2004	Bahrain
67.187	Bangladesh	2004	Bangladesh
74.727	Barbados	2004	Barbados
69.406	Belarus	2004	Belarus
69.227	Belize	2004	Belize
56.826	Benin	2004	Benin
64.004	Bolivia (Plurinational State of)	2004	Bolivia (Plurinational State of)
76.133	Bosnia and Herzegovina	2004	Bosnia and Herzegovina
51.617	Botswana	2004	Botswana
71.131	Brazil	2004	Brazil
74.65	Brunei Darussalam	2004	Brunei Darussalam
52.416	Burkina Faso	2004	Burkina Faso
52.01	Burundi	2004	Burundi
71.999	Cabo Verde	2004	Cabo Verde
63.552	Cambodia	2004	Cambodia
54.178	Cameroon	2004	Cameroon
46.038	Central African Republic	2004	Central African Republic
48.232	Chad	2004	Chad
77.616	Chile	2004	Chile
73.748	China	2004	China
72.695	Colombia	2004	Colombia
59.48	Comoros	2004	Comoros
56.986	Congo	2004	Congo
53.426	Congo (Democratic Republic of the)	2004	Congo (Democratic Republic of the)
78.331	Costa Rica	2004	Costa Rica
51.363	Côte d'Ivoire	2004	Côte d'Ivoire
76.912	Cuba	2004	Cuba
57.759	Djibouti	2004	Djibouti
72.401	Dominica	2004	Dominica
70.331	Dominican Republic	2004	Dominican Republic
74.279	Ecuador	2004	Ecuador
68.613	Egypt	2004	Egypt
70.34	El Salvador	2004	El Salvador
55.036	Equatorial Guinea	2004	Equatorial Guinea
42.538	Eswatini (Kingdom of)	2004	Eswatini (Kingdom of)
53.235	Ethiopia	2004	Ethiopia
66.424	Fiji	2004	Fiji
61.838	Gabon	2004	Gabon
58.088	Gambia	2004	Gambia
70.567	Georgia	2004	Georgia
59.191	Ghana	2004	Ghana
71.788	Grenada	2004	Grenada
69.165	Guatemala	2004	Guatemala
54.117	Guinea	2004	Guinea
64.93	Guyana	2004	Guyana
58.475	Haiti	2004	Haiti
69.796	Honduras	2004	Honduras
64.524	India	2004	India
65.75	Indonesia	2004	Indonesia
71.37	Iran (Islamic Republic of)	2004	Iran (Islamic Republic of)
65.031	Iraq	2004	Iraq
70.86	Jamaica	2004	Jamaica
72.772	Jordan	2004	Jordan
64.857	Kazakhstan	2004	Kazakhstan
56.361	Kenya	2004	Kenya
64.989	Kiribati	2004	Kiribati
76.792	Kuwait	2004	Kuwait
66.297	Kyrgyzstan	2004	Kyrgyzstan
60.293	Lao People's Democratic Republic	2004	Lao People's Democratic Republic
43.711	Lesotho	2004	Lesotho
56.013	Liberia	2004	Liberia
71.49	Libya	2004	Libya
60.149	Madagascar	2004	Madagascar
50.453	Malawi	2004	Malawi
73.898	Malaysia	2004	Malaysia
73.538	Maldives	2004	Maldives
53.538	Mali	2004	Mali
61.593	Mauritania	2004	Mauritania
72.484	Mauritius	2004	Mauritius
74.372	Mexico	2004	Mexico
70.838	Micronesia (Federated States of)	2004	Micronesia (Federated States of)
67.861	Moldova (Republic of)	2004	Moldova (Republic of)
64.796	Mongolia	2004	Mongolia
74.695	Montenegro	2004	Montenegro
68.231	Morocco	2004	Morocco
51.249	Mozambique	2004	Mozambique
61.25	Myanmar	2004	Myanmar
51.246	Namibia	2004	Namibia
64.818	Nepal	2004	Nepal
67.423	Nicaragua	2004	Nicaragua
52.589	Niger	2004	Niger
48.767	Nigeria	2004	Nigeria
73.782	North Macedonia	2004	North Macedonia
74.329	Oman	2004	Oman
63.052	Pakistan	2004	Pakistan
67.191	Palau	2004	Palau
71.182	Palestine, State of	2004	Palestine, State of
75.544	Panama	2004	Panama
61.761	Papua New Guinea	2004	Papua New Guinea
70.481	Paraguay	2004	Paraguay
72.668	Peru	2004	Peru
70.037	Philippines	2004	Philippines
75.961	Qatar	2004	Qatar
55.491	Rwanda	2004	Rwanda
72.028	Saint Lucia	2004	Saint Lucia
73.035	Saint Vincent and the Grenadines	2004	Saint Vincent and the Grenadines
71.696	Samoa	2004	Samoa
63.731	Sao Tome and Principe	2004	Sao Tome and Principe
74.153	Saudi Arabia	2004	Saudi Arabia
60.027	Senegal	2004	Senegal
72.617	Serbia	2004	Serbia
71.162	Seychelles	2004	Seychelles
47.577	Sierra Leone	2004	Sierra Leone
79.765	Singapore	2004	Singapore
67.801	Solomon Islands	2004	Solomon Islands
54.043	South Africa	2004	South Africa
67.091	Sri Lanka	2004	Sri Lanka
56.773	Sudan	2004	Sudan
66.416	Suriname	2004	Suriname
72.475	Syrian Arab Republic	2004	Syrian Arab Republic
66.028	Tajikistan	2004	Tajikistan
55.596	Tanzania (United Republic of)	2004	Tanzania (United Republic of)
73.08	Thailand	2004	Thailand
61.628	Timor-Leste	2004	Timor-Leste
55.569	Togo	2004	Togo
69.67	Tonga	2004	Tonga
71.076	Trinidad and Tobago	2004	Trinidad and Tobago
74.49	Tunisia	2004	Tunisia
73.24	Türkiye	2004	Türkiye
63.693	Tuvalu	2004	Tuvalu
51.547	Uganda	2004	Uganda
68.402	Ukraine	2004	Ukraine
76.453	United Arab Emirates	2004	United Arab Emirates
76.007	Uruguay	2004	Uruguay
67.401	Uzbekistan	2004	Uzbekistan
72.514	Venezuela (Bolivarian Republic of)	2004	Venezuela (Bolivarian Republic of)
73.135	Viet Nam	2004	Viet Nam
65.006	Yemen	2004	Yemen
49.487	Zambia	2004	Zambia
44.502	Zimbabwe	2004	Zimbabwe
58.361	Afghanistan	2005	Afghanistan
76.621	Albania	2005	Albania
72.061	Algeria	2005	Algeria
51.57	Angola	2005	Angola
75.139	Argentina	2005	Argentina
71.792	Armenia	2005	Armenia
67.562	Azerbaijan	2005	Azerbaijan
72.765	Bahamas	2005	Bahamas
76.931	Bahrain	2005	Bahrain
67.299	Bangladesh	2005	Bangladesh
74.89	Barbados	2005	Barbados
69.416	Belarus	2005	Belarus
69.376	Belize	2005	Belize
57.125	Benin	2005	Benin
64.386	Bolivia (Plurinational State of)	2005	Bolivia (Plurinational State of)
75.42	Bosnia and Herzegovina	2005	Bosnia and Herzegovina
52.61	Botswana	2005	Botswana
71.753	Brazil	2005	Brazil
74.731	Brunei Darussalam	2005	Brunei Darussalam
53.092	Burkina Faso	2005	Burkina Faso
53.023	Burundi	2005	Burundi
72.68	Cabo Verde	2005	Cabo Verde
64.293	Cambodia	2005	Cambodia
54.362	Cameroon	2005	Cameroon
46.433	Central African Republic	2005	Central African Republic
48.312	Chad	2005	Chad
78.016	Chile	2005	Chile
74.111	China	2005	China
73.081	Colombia	2005	Colombia
59.604	Comoros	2005	Comoros
58.126	Congo	2005	Congo
53.927	Congo (Democratic Republic of the)	2005	Congo (Democratic Republic of the)
78.505	Costa Rica	2005	Costa Rica
51.824	Côte d'Ivoire	2005	Côte d'Ivoire
77.047	Cuba	2005	Cuba
58.316	Djibouti	2005	Djibouti
72.254	Dominica	2005	Dominica
70.875	Dominican Republic	2005	Dominican Republic
74.514	Ecuador	2005	Ecuador
68.779	Egypt	2005	Egypt
70.44	El Salvador	2005	El Salvador
55.464	Equatorial Guinea	2005	Equatorial Guinea
60.597	Eritrea	2005	Eritrea
42.125	Eswatini (Kingdom of)	2005	Eswatini (Kingdom of)
54.008	Ethiopia	2005	Ethiopia
66.632	Fiji	2005	Fiji
61.959	Gabon	2005	Gabon
58.394	Gambia	2005	Gambia
71.13	Georgia	2005	Georgia
59.76	Ghana	2005	Ghana
73.521	Grenada	2005	Grenada
69.168	Guatemala	2005	Guatemala
54.632	Guinea	2005	Guinea
52.249	Guinea-Bissau	2005	Guinea-Bissau
65.132	Guyana	2005	Guyana
60.415	Haiti	2005	Haiti
70.104	Honduras	2005	Honduras
64.996	India	2005	India
67.649	Indonesia	2005	Indonesia
71.838	Iran (Islamic Republic of)	2005	Iran (Islamic Republic of)
64.844	Iraq	2005	Iraq
71.044	Jamaica	2005	Jamaica
72.932	Jordan	2005	Jordan
65.117	Kazakhstan	2005	Kazakhstan
57.344	Kenya	2005	Kenya
64.967	Kiribati	2005	Kiribati
76.903	Kuwait	2005	Kuwait
66.385	Kyrgyzstan	2005	Kyrgyzstan
60.98	Lao People's Democratic Republic	2005	Lao People's Democratic Republic
76.273	Lebanon	2005	Lebanon
43.233	Lesotho	2005	Lesotho
56.912	Liberia	2005	Liberia
71.592	Libya	2005	Libya
60.57	Madagascar	2005	Madagascar
52.044	Malawi	2005	Malawi
74.096	Malaysia	2005	Malaysia
74.751	Maldives	2005	Maldives
54.003	Mali	2005	Mali
61.656	Mauritania	2005	Mauritania
72.675	Mauritius	2005	Mauritius
74.376	Mexico	2005	Mexico
70.884	Micronesia (Federated States of)	2005	Micronesia (Federated States of)
68.169	Moldova (Republic of)	2005	Moldova (Republic of)
64.879	Mongolia	2005	Mongolia
74.262	Montenegro	2005	Montenegro
68.704	Morocco	2005	Morocco
51.561	Mozambique	2005	Mozambique
61.599	Myanmar	2005	Myanmar
51.787	Namibia	2005	Namibia
58.161	Nauru	2005	Nauru
65.457	Nepal	2005	Nepal
67.936	Nicaragua	2005	Nicaragua
53.59	Niger	2005	Niger
49.297	Nigeria	2005	Nigeria
73.745	North Macedonia	2005	North Macedonia
74.396	Oman	2005	Oman
62.466	Pakistan	2005	Pakistan
66.992	Palau	2005	Palau
72.067	Palestine, State of	2005	Palestine, State of
75.829	Panama	2005	Panama
61.801	Papua New Guinea	2005	Papua New Guinea
70.527	Paraguay	2005	Paraguay
72.986	Peru	2005	Peru
70.24	Philippines	2005	Philippines
76.064	Qatar	2005	Qatar
57.316	Rwanda	2005	Rwanda
71.362	Saint Kitts and Nevis	2005	Saint Kitts and Nevis
72.245	Saint Lucia	2005	Saint Lucia
73.516	Saint Vincent and the Grenadines	2005	Saint Vincent and the Grenadines
71.754	Samoa	2005	Samoa
63.709	Sao Tome and Principe	2005	Sao Tome and Principe
74.588	Saudi Arabia	2005	Saudi Arabia
60.915	Senegal	2005	Senegal
72.709	Serbia	2005	Serbia
71.562	Seychelles	2005	Seychelles
48.237	Sierra Leone	2005	Sierra Leone
80.354	Singapore	2005	Singapore
67.936	Solomon Islands	2005	Solomon Islands
53.98	South Africa	2005	South Africa
72.118	Sri Lanka	2005	Sri Lanka
57.279	Sudan	2005	Sudan
67.002	Suriname	2005	Suriname
72.769	Syrian Arab Republic	2005	Syrian Arab Republic
66.514	Tajikistan	2005	Tajikistan
56.299	Tanzania (United Republic of)	2005	Tanzania (United Republic of)
73.82	Thailand	2005	Thailand
62.328	Timor-Leste	2005	Timor-Leste
55.962	Togo	2005	Togo
69.768	Tonga	2005	Tonga
71.308	Trinidad and Tobago	2005	Trinidad and Tobago
74.764	Tunisia	2005	Tunisia
73.534	Türkiye	2005	Türkiye
66.068	Turkmenistan	2005	Turkmenistan
63.836	Tuvalu	2005	Tuvalu
52.976	Uganda	2005	Uganda
68.151	Ukraine	2005	Ukraine
76.683	United Arab Emirates	2005	United Arab Emirates
76.194	Uruguay	2005	Uruguay
67.49	Uzbekistan	2005	Uzbekistan
69.39	Vanuatu	2005	Vanuatu
72.782	Venezuela (Bolivarian Republic of)	2005	Venezuela (Bolivarian Republic of)
73.271	Viet Nam	2005	Viet Nam
65.543	Yemen	2005	Yemen
50.659	Zambia	2005	Zambia
44.768	Zimbabwe	2005	Zimbabwe
58.684	Afghanistan	2006	Afghanistan
76.816	Albania	2006	Albania
72.334	Algeria	2006	Algeria
52.369	Angola	2006	Angola
75.433	Argentina	2006	Argentina
71.987	Armenia	2006	Armenia
68.165	Azerbaijan	2006	Azerbaijan
72.855	Bahamas	2006	Bahamas
77.156	Bahrain	2006	Bahrain
67.241	Bangladesh	2006	Bangladesh
75.068	Barbados	2006	Barbados
69.988	Belarus	2006	Belarus
70.093	Belize	2006	Belize
57.456	Benin	2006	Benin
64.779	Bolivia (Plurinational State of)	2006	Bolivia (Plurinational State of)
76.247	Bosnia and Herzegovina	2006	Bosnia and Herzegovina
53.918	Botswana	2006	Botswana
72.037	Brazil	2006	Brazil
74.783	Brunei Darussalam	2006	Brunei Darussalam
53.742	Burkina Faso	2006	Burkina Faso
53.869	Burundi	2006	Burundi
72.239	Cabo Verde	2006	Cabo Verde
65.059	Cambodia	2006	Cambodia
54.856	Cameroon	2006	Cameroon
46.851	Central African Republic	2006	Central African Republic
48.286	Chad	2006	Chad
78.261	Chile	2006	Chile
74.504	China	2006	China
73.468	Colombia	2006	Colombia
59.875	Comoros	2006	Comoros
58.878	Congo	2006	Congo
54.534	Congo (Democratic Republic of the)	2006	Congo (Democratic Republic of the)
78.514	Costa Rica	2006	Costa Rica
52.355	Côte d'Ivoire	2006	Côte d'Ivoire
77.179	Cuba	2006	Cuba
58.715	Djibouti	2006	Djibouti
72.848	Dominica	2006	Dominica
71.165	Dominican Republic	2006	Dominican Republic
74.689	Ecuador	2006	Ecuador
68.977	Egypt	2006	Egypt
70.773	El Salvador	2006	El Salvador
56.046	Equatorial Guinea	2006	Equatorial Guinea
61.611	Eritrea	2006	Eritrea
43.12	Eswatini (Kingdom of)	2006	Eswatini (Kingdom of)
55.149	Ethiopia	2006	Ethiopia
66.855	Fiji	2006	Fiji
62.375	Gabon	2006	Gabon
59.06	Gambia	2006	Gambia
71.394	Georgia	2006	Georgia
59.988	Ghana	2006	Ghana
73.7	Grenada	2006	Grenada
69.812	Guatemala	2006	Guatemala
55.108	Guinea	2006	Guinea
53.371	Guinea-Bissau	2006	Guinea-Bissau
65.667	Guyana	2006	Guyana
60.763	Haiti	2006	Haiti
70.261	Honduras	2006	Honduras
65.412	India	2006	India
67.914	Indonesia	2006	Indonesia
72.276	Iran (Islamic Republic of)	2006	Iran (Islamic Republic of)
63.587	Iraq	2006	Iraq
71.199	Jamaica	2006	Jamaica
73.145	Jordan	2006	Jordan
65.627	Kazakhstan	2006	Kazakhstan
58.222	Kenya	2006	Kenya
64.906	Kiribati	2006	Kiribati
76.887	Kuwait	2006	Kuwait
66.778	Kyrgyzstan	2006	Kyrgyzstan
61.493	Lao People's Democratic Republic	2006	Lao People's Democratic Republic
76.08	Lebanon	2006	Lebanon
42.914	Lesotho	2006	Lesotho
57.62	Liberia	2006	Liberia
71.724	Libya	2006	Libya
61.315	Madagascar	2006	Madagascar
53.238	Malawi	2006	Malawi
74.164	Malaysia	2006	Malaysia
75.13	Maldives	2006	Maldives
54.615	Mali	2006	Mali
61.891	Mauritania	2006	Mauritania
72.891	Mauritius	2006	Mauritius
74.331	Mexico	2006	Mexico
71.093	Micronesia (Federated States of)	2006	Micronesia (Federated States of)
68.479	Moldova (Republic of)	2006	Moldova (Republic of)
65.513	Mongolia	2006	Mongolia
74.049	Montenegro	2006	Montenegro
69.128	Morocco	2006	Morocco
51.961	Mozambique	2006	Mozambique
61.893	Myanmar	2006	Myanmar
52.655	Namibia	2006	Namibia
58.379	Nauru	2006	Nauru
65.868	Nepal	2006	Nepal
68.725	Nicaragua	2006	Nicaragua
54.596	Niger	2006	Niger
49.73	Nigeria	2006	Nigeria
73.999	North Macedonia	2006	North Macedonia
74.48	Oman	2006	Oman
63.731	Pakistan	2006	Pakistan
66.73	Palau	2006	Palau
71.915	Palestine, State of	2006	Palestine, State of
76.012	Panama	2006	Panama
61.917	Papua New Guinea	2006	Papua New Guinea
70.781	Paraguay	2006	Paraguay
73.172	Peru	2006	Peru
70.282	Philippines	2006	Philippines
76.57	Qatar	2006	Qatar
58.714	Rwanda	2006	Rwanda
71.288	Saint Kitts and Nevis	2006	Saint Kitts and Nevis
72.465	Saint Lucia	2006	Saint Lucia
74.017	Saint Vincent and the Grenadines	2006	Saint Vincent and the Grenadines
72.021	Samoa	2006	Samoa
64.398	Sao Tome and Principe	2006	Sao Tome and Principe
74.81	Saudi Arabia	2006	Saudi Arabia
61.75	Senegal	2006	Senegal
73.355	Serbia	2006	Serbia
71.834	Seychelles	2006	Seychelles
49.323	Sierra Leone	2006	Sierra Leone
80.71	Singapore	2006	Singapore
68.09	Solomon Islands	2006	Solomon Islands
54.278	South Africa	2006	South Africa
71.969	Sri Lanka	2006	Sri Lanka
60.281	Sudan	2006	Sudan
67.571	Suriname	2006	Suriname
73.35	Syrian Arab Republic	2006	Syrian Arab Republic
67.013	Tajikistan	2006	Tajikistan
56.911	Tanzania (United Republic of)	2006	Tanzania (United Republic of)
74.938	Thailand	2006	Thailand
63.073	Timor-Leste	2006	Timor-Leste
56.222	Togo	2006	Togo
69.894	Tonga	2006	Tonga
71.256	Trinidad and Tobago	2006	Trinidad and Tobago
74.921	Tunisia	2006	Tunisia
73.845	Türkiye	2006	Türkiye
66.499	Turkmenistan	2006	Turkmenistan
63.928	Tuvalu	2006	Tuvalu
54.369	Uganda	2006	Uganda
68.741	Ukraine	2006	Ukraine
76.909	United Arab Emirates	2006	United Arab Emirates
76.362	Uruguay	2006	Uruguay
67.891	Uzbekistan	2006	Uzbekistan
69.462	Vanuatu	2006	Vanuatu
72.742	Venezuela (Bolivarian Republic of)	2006	Venezuela (Bolivarian Republic of)
73.319	Viet Nam	2006	Viet Nam
65.988	Yemen	2006	Yemen
51.795	Zambia	2006	Zambia
45.364	Zimbabwe	2006	Zimbabwe
59.111	Afghanistan	2007	Afghanistan
77.549	Albania	2007	Albania
72.602	Algeria	2007	Algeria
53.642	Angola	2007	Angola
76.131	Antigua and Barbuda	2007	Antigua and Barbuda
75.006	Argentina	2007	Argentina
72.327	Armenia	2007	Armenia
68.603	Azerbaijan	2007	Azerbaijan
72.678	Bahamas	2007	Bahamas
77.634	Bahrain	2007	Bahrain
66.714	Bangladesh	2007	Bangladesh
75.342	Barbados	2007	Barbados
70.762	Belarus	2007	Belarus
70.655	Belize	2007	Belize
57.675	Benin	2007	Benin
65.027	Bolivia (Plurinational State of)	2007	Bolivia (Plurinational State of)
76.161	Bosnia and Herzegovina	2007	Bosnia and Herzegovina
55.732	Botswana	2007	Botswana
72.365	Brazil	2007	Brazil
74.818	Brunei Darussalam	2007	Brunei Darussalam
54.375	Burkina Faso	2007	Burkina Faso
54.727	Burundi	2007	Burundi
72.835	Cabo Verde	2007	Cabo Verde
65.731	Cambodia	2007	Cambodia
55.165	Cameroon	2007	Cameroon
47.426	Central African Republic	2007	Central African Republic
48.751	Chad	2007	Chad
77.826	Chile	2007	Chile
74.762	China	2007	China
73.837	Colombia	2007	Colombia
60.102	Comoros	2007	Comoros
59.643	Congo	2007	Congo
54.923	Congo (Democratic Republic of the)	2007	Congo (Democratic Republic of the)
78.462	Costa Rica	2007	Costa Rica
52.97	Côte d'Ivoire	2007	Côte d'Ivoire
77.307	Cuba	2007	Cuba
59.024	Djibouti	2007	Djibouti
71.93	Dominica	2007	Dominica
71.371	Dominican Republic	2007	Dominican Republic
74.844	Ecuador	2007	Ecuador
69.128	Egypt	2007	Egypt
71.108	El Salvador	2007	El Salvador
56.54	Equatorial Guinea	2007	Equatorial Guinea
62.116	Eritrea	2007	Eritrea
43.641	Eswatini (Kingdom of)	2007	Eswatini (Kingdom of)
56.426	Ethiopia	2007	Ethiopia
66.826	Fiji	2007	Fiji
62.618	Gabon	2007	Gabon
59.394	Gambia	2007	Gambia
71.568	Georgia	2007	Georgia
60.224	Ghana	2007	Ghana
74.317	Grenada	2007	Grenada
70.1	Guatemala	2007	Guatemala
55.553	Guinea	2007	Guinea
54.155	Guinea-Bissau	2007	Guinea-Bissau
66.254	Guyana	2007	Guyana
61.103	Haiti	2007	Haiti
70.376	Honduras	2007	Honduras
65.788	India	2007	India
68.189	Indonesia	2007	Indonesia
72.772	Iran (Islamic Republic of)	2007	Iran (Islamic Republic of)
63.553	Iraq	2007	Iraq
71.418	Jamaica	2007	Jamaica
73.373	Jordan	2007	Jordan
65.928	Kazakhstan	2007	Kazakhstan
58.865	Kenya	2007	Kenya
64.844	Kiribati	2007	Kiribati
77.017	Kuwait	2007	Kuwait
67.006	Kyrgyzstan	2007	Kyrgyzstan
62.084	Lao People's Democratic Republic	2007	Lao People's Democratic Republic
77.08	Lebanon	2007	Lebanon
43.123	Lesotho	2007	Lesotho
58.285	Liberia	2007	Liberia
71.863	Libya	2007	Libya
61.757	Madagascar	2007	Madagascar
53.946	Malawi	2007	Malawi
74.211	Malaysia	2007	Malaysia
75.686	Maldives	2007	Maldives
54.941	Mali	2007	Mali
62.228	Mauritania	2007	Mauritania
73.079	Mauritius	2007	Mauritius
74.238	Mexico	2007	Mexico
71.06	Micronesia (Federated States of)	2007	Micronesia (Federated States of)
68.947	Moldova (Republic of)	2007	Moldova (Republic of)
65.97	Mongolia	2007	Mongolia
74.525	Montenegro	2007	Montenegro
69.604	Morocco	2007	Morocco
52.566	Mozambique	2007	Mozambique
62.371	Myanmar	2007	Myanmar
53.68	Namibia	2007	Namibia
58.53	Nauru	2007	Nauru
66.329	Nepal	2007	Nepal
69.559	Nicaragua	2007	Nicaragua
55.553	Niger	2007	Niger
50.033	Nigeria	2007	Nigeria
73.904	North Macedonia	2007	North Macedonia
74.461	Oman	2007	Oman
63.852	Pakistan	2007	Pakistan
66.487	Palau	2007	Palau
72.153	Palestine, State of	2007	Palestine, State of
76.154	Panama	2007	Panama
62.034	Papua New Guinea	2007	Papua New Guinea
71.106	Paraguay	2007	Paraguay
73.223	Peru	2007	Peru
70.483	Philippines	2007	Philippines
77.016	Qatar	2007	Qatar
59.965	Rwanda	2007	Rwanda
71.367	Saint Kitts and Nevis	2007	Saint Kitts and Nevis
72.599	Saint Lucia	2007	Saint Lucia
74.703	Saint Vincent and the Grenadines	2007	Saint Vincent and the Grenadines
72.1	Samoa	2007	Samoa
64.724	Sao Tome and Principe	2007	Sao Tome and Principe
75.046	Saudi Arabia	2007	Saudi Arabia
62.543	Senegal	2007	Senegal
73.623	Serbia	2007	Serbia
72.112	Seychelles	2007	Seychelles
50.365	Sierra Leone	2007	Sierra Leone
80.958	Singapore	2007	Singapore
67.986	Solomon Islands	2007	Solomon Islands
54.992	South Africa	2007	South Africa
72.049	Sri Lanka	2007	Sri Lanka
61.256	Sudan	2007	Sudan
68.204	Suriname	2007	Suriname
73.709	Syrian Arab Republic	2007	Syrian Arab Republic
67.217	Tajikistan	2007	Tajikistan
57.52	Tanzania (United Republic of)	2007	Tanzania (United Republic of)
75.187	Thailand	2007	Thailand
63.723	Timor-Leste	2007	Timor-Leste
56.511	Togo	2007	Togo
70.048	Tonga	2007	Tonga
71.652	Trinidad and Tobago	2007	Trinidad and Tobago
75.072	Tunisia	2007	Tunisia
74.193	Türkiye	2007	Türkiye
66.895	Turkmenistan	2007	Turkmenistan
63.931	Tuvalu	2007	Tuvalu
55.236	Uganda	2007	Uganda
68.766	Ukraine	2007	Ukraine
77.129	United Arab Emirates	2007	United Arab Emirates
76.498	Uruguay	2007	Uruguay
68.292	Uzbekistan	2007	Uzbekistan
69.544	Vanuatu	2007	Vanuatu
73.058	Venezuela (Bolivarian Republic of)	2007	Venezuela (Bolivarian Republic of)
73.436	Viet Nam	2007	Viet Nam
66.565	Yemen	2007	Yemen
52.739	Zambia	2007	Zambia
45.61	Zimbabwe	2007	Zimbabwe
59.852	Afghanistan	2008	Afghanistan
77.653	Albania	2008	Albania
72.941	Algeria	2008	Algeria
54.633	Angola	2008	Angola
76.41	Antigua and Barbuda	2008	Antigua and Barbuda
75.641	Argentina	2008	Argentina
72.398	Armenia	2008	Armenia
68.811	Azerbaijan	2008	Azerbaijan
72.667	Bahamas	2008	Bahamas
78.084	Bahrain	2008	Bahrain
67.051	Bangladesh	2008	Bangladesh
75.447	Barbados	2008	Barbados
70.922	Belarus	2008	Belarus
71.151	Belize	2008	Belize
57.869	Benin	2008	Benin
65.446	Bolivia (Plurinational State of)	2008	Bolivia (Plurinational State of)
76.838	Bosnia and Herzegovina	2008	Bosnia and Herzegovina
57.121	Botswana	2008	Botswana
72.715	Brazil	2008	Brazil
74.84	Brunei Darussalam	2008	Brunei Darussalam
55.342	Burkina Faso	2008	Burkina Faso
55.71	Burundi	2008	Burundi
72.508	Cabo Verde	2008	Cabo Verde
66.47	Cambodia	2008	Cambodia
55.655	Cameroon	2008	Cameroon
48.016	Central African Republic	2008	Central African Republic
49.024	Chad	2008	Chad
78.484	Chile	2008	Chile
74.872	China	2008	China
74.295	Colombia	2008	Colombia
60.475	Comoros	2008	Comoros
60.426	Congo	2008	Congo
55.339	Congo (Democratic Republic of the)	2008	Congo (Democratic Republic of the)
78.445	Costa Rica	2008	Costa Rica
53.653	Côte d'Ivoire	2008	Côte d'Ivoire
77.429	Cuba	2008	Cuba
59.365	Djibouti	2008	Djibouti
73.305	Dominica	2008	Dominica
71.658	Dominican Republic	2008	Dominican Republic
74.983	Ecuador	2008	Ecuador
69.319	Egypt	2008	Egypt
71.424	El Salvador	2008	El Salvador
57.074	Equatorial Guinea	2008	Equatorial Guinea
62.573	Eritrea	2008	Eritrea
44.175	Eswatini (Kingdom of)	2008	Eswatini (Kingdom of)
57.592	Ethiopia	2008	Ethiopia
66.935	Fiji	2008	Fiji
63.083	Gabon	2008	Gabon
60.082	Gambia	2008	Gambia
71.332	Georgia	2008	Georgia
60.49	Ghana	2008	Ghana
74.656	Grenada	2008	Grenada
70.356	Guatemala	2008	Guatemala
56.044	Guinea	2008	Guinea
54.646	Guinea-Bissau	2008	Guinea-Bissau
66.288	Guyana	2008	Guyana
61.332	Haiti	2008	Haiti
70.441	Honduras	2008	Honduras
66.149	India	2008	India
68.226	Indonesia	2008	Indonesia
72.624	Iran (Islamic Republic of)	2008	Iran (Islamic Republic of)
64.942	Iraq	2008	Iraq
71.612	Jamaica	2008	Jamaica
73.591	Jordan	2008	Jordan
66.702	Kazakhstan	2008	Kazakhstan
59.614	Kenya	2008	Kenya
64.834	Kiribati	2008	Kiribati
77.145	Kuwait	2008	Kuwait
67.249	Kyrgyzstan	2008	Kyrgyzstan
62.603	Lao People's Democratic Republic	2008	Lao People's Democratic Republic
77.584	Lebanon	2008	Lebanon
43.566	Lesotho	2008	Lesotho
58.772	Liberia	2008	Liberia
72.269	Libya	2008	Libya
62.142	Madagascar	2008	Madagascar
54.604	Malawi	2008	Malawi
74.25	Malaysia	2008	Malaysia
76.543	Maldives	2008	Maldives
55.291	Mali	2008	Mali
62.399	Mauritania	2008	Mauritania
73.338	Mauritius	2008	Mauritius
74.152	Mexico	2008	Mexico
71.137	Micronesia (Federated States of)	2008	Micronesia (Federated States of)
69.394	Moldova (Republic of)	2008	Moldova (Republic of)
66.382	Mongolia	2008	Mongolia
75.305	Montenegro	2008	Montenegro
70.048	Morocco	2008	Morocco
53.164	Mozambique	2008	Mozambique
56.506	Myanmar	2008	Myanmar
54.653	Namibia	2008	Namibia
58.833	Nauru	2008	Nauru
66.421	Nepal	2008	Nepal
70.586	Nicaragua	2008	Nicaragua
56.508	Niger	2008	Niger
50.225	Nigeria	2008	Nigeria
74.533	North Macedonia	2008	North Macedonia
74.612	Oman	2008	Oman
64.036	Pakistan	2008	Pakistan
66.207	Palau	2008	Palau
72.413	Palestine, State of	2008	Palestine, State of
76.225	Panama	2008	Panama
62.571	Papua New Guinea	2008	Papua New Guinea
71.384	Paraguay	2008	Paraguay
73.377	Peru	2008	Peru
70.564	Philippines	2008	Philippines
77.427	Qatar	2008	Qatar
61.134	Rwanda	2008	Rwanda
71.374	Saint Kitts and Nevis	2008	Saint Kitts and Nevis
72.698	Saint Lucia	2008	Saint Lucia
75.053	Saint Vincent and the Grenadines	2008	Saint Vincent and the Grenadines
72.155	Samoa	2008	Samoa
65.079	Sao Tome and Principe	2008	Sao Tome and Principe
75.274	Saudi Arabia	2008	Saudi Arabia
63.242	Senegal	2008	Senegal
73.939	Serbia	2008	Serbia
72.397	Seychelles	2008	Seychelles
51.526	Sierra Leone	2008	Sierra Leone
81.17	Singapore	2008	Singapore
68.404	Solomon Islands	2008	Solomon Islands
56.022	South Africa	2008	South Africa
71.729	Sri Lanka	2008	Sri Lanka
61.206	Sudan	2008	Sudan
68.816	Suriname	2008	Suriname
73.551	Syrian Arab Republic	2008	Syrian Arab Republic
67.688	Tajikistan	2008	Tajikistan
58.086	Tanzania (United Republic of)	2008	Tanzania (United Republic of)
75.492	Thailand	2008	Thailand
64.329	Timor-Leste	2008	Timor-Leste
56.695	Togo	2008	Togo
70.164	Tonga	2008	Tonga
71.47	Trinidad and Tobago	2008	Trinidad and Tobago
75.185	Tunisia	2008	Tunisia
74.45	Türkiye	2008	Türkiye
67.407	Turkmenistan	2008	Turkmenistan
63.948	Tuvalu	2008	Tuvalu
55.823	Uganda	2008	Uganda
69.117	Ukraine	2008	Ukraine
77.488	United Arab Emirates	2008	United Arab Emirates
76.623	Uruguay	2008	Uruguay
68.765	Uzbekistan	2008	Uzbekistan
69.602	Vanuatu	2008	Vanuatu
72.436	Venezuela (Bolivarian Republic of)	2008	Venezuela (Bolivarian Republic of)
73.411	Viet Nam	2008	Viet Nam
66.963	Yemen	2008	Yemen
53.945	Zambia	2008	Zambia
46.723	Zimbabwe	2008	Zimbabwe
60.364	Afghanistan	2009	Afghanistan
77.781	Albania	2009	Albania
73.62	Algeria	2009	Algeria
55.752	Angola	2009	Angola
76.669	Antigua and Barbuda	2009	Antigua and Barbuda
75.936	Argentina	2009	Argentina
72.813	Armenia	2009	Armenia
69.356	Azerbaijan	2009	Azerbaijan
72.579	Bahamas	2009	Bahamas
78.461	Bahrain	2009	Bahrain
67.403	Bangladesh	2009	Bangladesh
75.678	Barbados	2009	Barbados
71.094	Belarus	2009	Belarus
71.819	Belize	2009	Belize
57.956	Benin	2009	Benin
65.88	Bolivia (Plurinational State of)	2009	Bolivia (Plurinational State of)
76.976	Bosnia and Herzegovina	2009	Bosnia and Herzegovina
58.279	Botswana	2009	Botswana
72.948	Brazil	2009	Brazil
74.846	Brunei Darussalam	2009	Brunei Darussalam
55.959	Burkina Faso	2009	Burkina Faso
56.388	Burundi	2009	Burundi
73.088	Cabo Verde	2009	Cabo Verde
67.444	Cambodia	2009	Cambodia
56.102	Cameroon	2009	Cameroon
48.648	Central African Republic	2009	Central African Republic
49.196	Chad	2009	Chad
78.741	Chile	2009	Chile
75.343	China	2009	China
74.742	Colombia	2009	Colombia
60.831	Comoros	2009	Comoros
61.088	Congo	2009	Congo
55.836	Congo (Democratic Republic of the)	2009	Congo (Democratic Republic of the)
78.672	Costa Rica	2009	Costa Rica
54.394	Côte d'Ivoire	2009	Côte d'Ivoire
77.548	Cuba	2009	Cuba
59.673	Djibouti	2009	Djibouti
72.17	Dominica	2009	Dominica
71.871	Dominican Republic	2009	Dominican Republic
75.184	Ecuador	2009	Ecuador
69.48	Egypt	2009	Egypt
71.576	El Salvador	2009	El Salvador
57.431	Equatorial Guinea	2009	Equatorial Guinea
63.328	Eritrea	2009	Eritrea
44.639	Eswatini (Kingdom of)	2009	Eswatini (Kingdom of)
58.804	Ethiopia	2009	Ethiopia
67.089	Fiji	2009	Fiji
63.303	Gabon	2009	Gabon
60.427	Gambia	2009	Gambia
71.95	Georgia	2009	Georgia
60.946	Ghana	2009	Ghana
75.036	Grenada	2009	Grenada
70.641	Guatemala	2009	Guatemala
56.348	Guinea	2009	Guinea
55.541	Guinea-Bissau	2009	Guinea-Bissau
66.563	Guyana	2009	Guyana
61.741	Haiti	2009	Haiti
70.911	Honduras	2009	Honduras
66.513	India	2009	India
68.494	Indonesia	2009	Indonesia
72.698	Iran (Islamic Republic of)	2009	Iran (Islamic Republic of)
66.446	Iraq	2009	Iraq
72.124	Jamaica	2009	Jamaica
73.801	Jordan	2009	Jordan
67.279	Kazakhstan	2009	Kazakhstan
60.365	Kenya	2009	Kenya
64.892	Kiribati	2009	Kiribati
77.442	Kuwait	2009	Kuwait
67.784	Kyrgyzstan	2009	Kyrgyzstan
63.273	Lao People's Democratic Republic	2009	Lao People's Democratic Republic
77.889	Lebanon	2009	Lebanon
44.034	Lesotho	2009	Lesotho
59.194	Liberia	2009	Liberia
72.356	Libya	2009	Libya
62.734	Madagascar	2009	Madagascar
55.448	Malawi	2009	Malawi
74.227	Malaysia	2009	Malaysia
77.069	Maldives	2009	Maldives
55.874	Mali	2009	Mali
62.8	Mauritania	2009	Mauritania
73.633	Mauritius	2009	Mauritius
74.119	Mexico	2009	Mexico
71.112	Micronesia (Federated States of)	2009	Micronesia (Federated States of)
69.573	Moldova (Republic of)	2009	Moldova (Republic of)
66.766	Mongolia	2009	Mongolia
75.269	Montenegro	2009	Montenegro
70.458	Morocco	2009	Morocco
53.788	Mozambique	2009	Mozambique
63.155	Myanmar	2009	Myanmar
55.496	Namibia	2009	Namibia
59.123	Nauru	2009	Nauru
66.761	Nepal	2009	Nepal
71.433	Nicaragua	2009	Nicaragua
57.396	Niger	2009	Niger
50.712	Nigeria	2009	Nigeria
74.719	North Macedonia	2009	North Macedonia
74.681	Oman	2009	Oman
64.14	Pakistan	2009	Pakistan
65.918	Palau	2009	Palau
72.608	Palestine, State of	2009	Palestine, State of
76.343	Panama	2009	Panama
62.788	Papua New Guinea	2009	Papua New Guinea
71.635	Paraguay	2009	Paraguay
73.466	Peru	2009	Peru
70.633	Philippines	2009	Philippines
77.878	Qatar	2009	Qatar
61.958	Rwanda	2009	Rwanda
71.393	Saint Kitts and Nevis	2009	Saint Kitts and Nevis
72.722	Saint Lucia	2009	Saint Lucia
75.083	Saint Vincent and the Grenadines	2009	Saint Vincent and the Grenadines
70.066	Samoa	2009	Samoa
65.116	Sao Tome and Principe	2009	Sao Tome and Principe
75.431	Saudi Arabia	2009	Saudi Arabia
63.923	Senegal	2009	Senegal
74.038	Serbia	2009	Serbia
72.688	Seychelles	2009	Seychelles
52.626	Sierra Leone	2009	Sierra Leone
81.456	Singapore	2009	Singapore
68.466	Solomon Islands	2009	Solomon Islands
57.447	South Africa	2009	South Africa
69.187	Sri Lanka	2009	Sri Lanka
62.644	Sudan	2009	Sudan
69.505	Suriname	2009	Suriname
73.853	Syrian Arab Republic	2009	Syrian Arab Republic
68.039	Tajikistan	2009	Tajikistan
58.894	Tanzania (United Republic of)	2009	Tanzania (United Republic of)
75.842	Thailand	2009	Thailand
64.854	Timor-Leste	2009	Timor-Leste
57.011	Togo	2009	Togo
70.012	Tonga	2009	Tonga
73.126	Trinidad and Tobago	2009	Trinidad and Tobago
75.267	Tunisia	2009	Tunisia
74.765	Türkiye	2009	Türkiye
67.958	Turkmenistan	2009	Turkmenistan
63.949	Tuvalu	2009	Tuvalu
56.488	Uganda	2009	Uganda
70.247	Ukraine	2009	Ukraine
78.003	United Arab Emirates	2009	United Arab Emirates
76.738	Uruguay	2009	Uruguay
68.871	Uzbekistan	2009	Uzbekistan
69.653	Vanuatu	2009	Vanuatu
72.579	Venezuela (Bolivarian Republic of)	2009	Venezuela (Bolivarian Republic of)
73.498	Viet Nam	2009	Viet Nam
67.196	Yemen	2009	Yemen
55.3	Zambia	2009	Zambia
48.063	Zimbabwe	2009	Zimbabwe
60.851	Afghanistan	2010	Afghanistan
77.936	Albania	2010	Albania
73.808	Algeria	2010	Algeria
56.726	Angola	2010	Angola
76.82	Antigua and Barbuda	2010	Antigua and Barbuda
75.721	Argentina	2010	Argentina
73.16	Armenia	2010	Armenia
69.529	Azerbaijan	2010	Azerbaijan
72.731	Bahamas	2010	Bahamas
78.748	Bahrain	2010	Bahrain
68.638	Bangladesh	2010	Bangladesh
75.712	Barbados	2010	Barbados
71.122	Belarus	2010	Belarus
72.272	Belize	2010	Belize
58.363	Benin	2010	Benin
68.43	Bhutan	2010	Bhutan
66.162	Bolivia (Plurinational State of)	2010	Bolivia (Plurinational State of)
77.073	Bosnia and Herzegovina	2010	Bosnia and Herzegovina
60.013	Botswana	2010	Botswana
73.182	Brazil	2010	Brazil
74.849	Brunei Darussalam	2010	Brunei Darussalam
56.477	Burkina Faso	2010	Burkina Faso
57.081	Burundi	2010	Burundi
73.499	Cabo Verde	2010	Cabo Verde
67.712	Cambodia	2010	Cambodia
56.582	Cameroon	2010	Cameroon
49.255	Central African Republic	2010	Central African Republic
49.584	Chad	2010	Chad
78.501	Chile	2010	Chile
75.599	China	2010	China
75.033	Colombia	2010	Colombia
61.123	Comoros	2010	Comoros
61.683	Congo	2010	Congo
56.417	Congo (Democratic Republic of the)	2010	Congo (Democratic Republic of the)
78.67	Costa Rica	2010	Costa Rica
55.023	Côte d'Ivoire	2010	Côte d'Ivoire
77.661	Cuba	2010	Cuba
60.259	Djibouti	2010	Djibouti
71.55	Dominica	2010	Dominica
72.093	Dominican Republic	2010	Dominican Republic
75.43	Ecuador	2010	Ecuador
69.664	Egypt	2010	Egypt
71.848	El Salvador	2010	El Salvador
57.878	Equatorial Guinea	2010	Equatorial Guinea
63.787	Eritrea	2010	Eritrea
46.619	Eswatini (Kingdom of)	2010	Eswatini (Kingdom of)
59.73	Ethiopia	2010	Ethiopia
67.328	Fiji	2010	Fiji
63.898	Gabon	2010	Gabon
60.717	Gambia	2010	Gambia
72.128	Georgia	2010	Georgia
61.157	Ghana	2010	Ghana
74.999	Grenada	2010	Grenada
70.878	Guatemala	2010	Guatemala
56.72	Guinea	2010	Guinea
56.23	Guinea-Bissau	2010	Guinea-Bissau
66.743	Guyana	2010	Guyana
46.019	Haiti	2010	Haiti
71.088	Honduras	2010	Honduras
66.909	India	2010	India
68.679	Indonesia	2010	Indonesia
73.069	Iran (Islamic Republic of)	2010	Iran (Islamic Republic of)
67.062	Iraq	2010	Iraq
72.622	Jamaica	2010	Jamaica
74	Jordan	2010	Jordan
68.116	Kazakhstan	2010	Kazakhstan
60.649	Kenya	2010	Kenya
65.016	Kiribati	2010	Kiribati
77.982	Kuwait	2010	Kuwait
68.254	Kyrgyzstan	2010	Kyrgyzstan
63.973	Lao People's Democratic Republic	2010	Lao People's Democratic Republic
78.156	Lebanon	2010	Lebanon
45.596	Lesotho	2010	Lesotho
59.433	Liberia	2010	Liberia
72.374	Libya	2010	Libya
62.873	Madagascar	2010	Madagascar
56.381	Malawi	2010	Malawi
74.442	Malaysia	2010	Malaysia
77.657	Maldives	2010	Maldives
56.382	Mali	2010	Mali
63.105	Mauritania	2010	Mauritania
73.999	Mauritius	2010	Mauritius
74.19	Mexico	2010	Mexico
71.233	Micronesia (Federated States of)	2010	Micronesia (Federated States of)
69.357	Moldova (Republic of)	2010	Moldova (Republic of)
67.182	Mongolia	2010	Mongolia
76.139	Montenegro	2010	Montenegro
70.829	Morocco	2010	Morocco
54.198	Mozambique	2010	Mozambique
63.329	Myanmar	2010	Myanmar
56.015	Namibia	2010	Namibia
59.64	Nauru	2010	Nauru
66.814	Nepal	2010	Nepal
72.009	Nicaragua	2010	Nicaragua
58.367	Niger	2010	Niger
50.945	Nigeria	2010	Nigeria
75.119	North Macedonia	2010	North Macedonia
76.269	Oman	2010	Oman
64.436	Pakistan	2010	Pakistan
65.597	Palau	2010	Palau
73.004	Palestine, State of	2010	Palestine, State of
76.448	Panama	2010	Panama
63.039	Papua New Guinea	2010	Papua New Guinea
71.887	Paraguay	2010	Paraguay
73.711	Peru	2010	Peru
70.754	Philippines	2010	Philippines
78.425	Qatar	2010	Qatar
62.54	Rwanda	2010	Rwanda
71.27	Saint Kitts and Nevis	2010	Saint Kitts and Nevis
72.72	Saint Lucia	2010	Saint Lucia
74.718	Saint Vincent and the Grenadines	2010	Saint Vincent and the Grenadines
72.249	Samoa	2010	Samoa
65.249	Sao Tome and Principe	2010	Sao Tome and Principe
75.763	Saudi Arabia	2010	Saudi Arabia
64.615	Senegal	2010	Senegal
74.375	Serbia	2010	Serbia
72.97	Seychelles	2010	Seychelles
53.693	Sierra Leone	2010	Sierra Leone
81.691	Singapore	2010	Singapore
68.732	Solomon Islands	2010	Solomon Islands
58.899	South Africa	2010	South Africa
54.812	South Sudan	2010	South Sudan
73.215	Sri Lanka	2010	Sri Lanka
63.016	Sudan	2010	Sudan
69.894	Suriname	2010	Suriname
73.881	Syrian Arab Republic	2010	Syrian Arab Republic
67.742	Tajikistan	2010	Tajikistan
60.105	Tanzania (United Republic of)	2010	Tanzania (United Republic of)
76.131	Thailand	2010	Thailand
65.304	Timor-Leste	2010	Timor-Leste
57.304	Togo	2010	Togo
70.323	Tonga	2010	Tonga
72.725	Trinidad and Tobago	2010	Trinidad and Tobago
75.421	Tunisia	2010	Tunisia
75.069	Türkiye	2010	Türkiye
68.293	Turkmenistan	2010	Turkmenistan
63.978	Tuvalu	2010	Tuvalu
57.055	Uganda	2010	Uganda
70.621	Ukraine	2010	Ukraine
78.334	United Arab Emirates	2010	United Arab Emirates
76.858	Uruguay	2010	Uruguay
69.235	Uzbekistan	2010	Uzbekistan
69.617	Vanuatu	2010	Vanuatu
72.89	Venezuela (Bolivarian Republic of)	2010	Venezuela (Bolivarian Republic of)
73.513	Viet Nam	2010	Viet Nam
67.28	Yemen	2010	Yemen
56.799	Zambia	2010	Zambia
50.652	Zimbabwe	2010	Zimbabwe
61.419	Afghanistan	2011	Afghanistan
78.092	Albania	2011	Albania
74.123	Algeria	2011	Algeria
57.596	Angola	2011	Angola
77.104	Antigua and Barbuda	2011	Antigua and Barbuda
76.124	Argentina	2011	Argentina
73.305	Armenia	2011	Armenia
69.984	Azerbaijan	2011	Azerbaijan
72.564	Bahamas	2011	Bahamas
78.89	Bahrain	2011	Bahrain
68.809	Bangladesh	2011	Bangladesh
75.917	Barbados	2011	Barbados
71.516	Belarus	2011	Belarus
72.651	Belize	2011	Belize
58.462	Benin	2011	Benin
68.881	Bhutan	2011	Bhutan
66.534	Bolivia (Plurinational State of)	2011	Bolivia (Plurinational State of)
77.007	Bosnia and Herzegovina	2011	Bosnia and Herzegovina
60.53	Botswana	2011	Botswana
73.343	Brazil	2011	Brazil
74.858	Brunei Darussalam	2011	Brunei Darussalam
57.125	Burkina Faso	2011	Burkina Faso
57.769	Burundi	2011	Burundi
74.257	Cabo Verde	2011	Cabo Verde
68.416	Cambodia	2011	Cambodia
57.133	Cameroon	2011	Cameroon
49.948	Central African Republic	2011	Central African Republic
50.009	Chad	2011	Chad
79.11	Chile	2011	Chile
75.903	China	2011	China
75.32	Colombia	2011	Colombia
61.503	Comoros	2011	Comoros
61.992	Congo	2011	Congo
57.069	Congo (Democratic Republic of the)	2011	Congo (Democratic Republic of the)
79.348	Costa Rica	2011	Costa Rica
55.52	Côte d'Ivoire	2011	Côte d'Ivoire
77.76	Cuba	2011	Cuba
60.433	Djibouti	2011	Djibouti
69.695	Dominica	2011	Dominica
72.221	Dominican Republic	2011	Dominican Republic
75.743	Ecuador	2011	Ecuador
69.88	Egypt	2011	Egypt
71.859	El Salvador	2011	El Salvador
58.412	Equatorial Guinea	2011	Equatorial Guinea
64.402	Eritrea	2011	Eritrea
48.195	Eswatini (Kingdom of)	2011	Eswatini (Kingdom of)
60.721	Ethiopia	2011	Ethiopia
67.523	Fiji	2011	Fiji
64.045	Gabon	2011	Gabon
61.526	Gambia	2011	Gambia
72.39	Georgia	2011	Georgia
61.652	Ghana	2011	Ghana
75.295	Grenada	2011	Grenada
71.177	Guatemala	2011	Guatemala
57.019	Guinea	2011	Guinea
56.967	Guinea-Bissau	2011	Guinea-Bissau
66.982	Guyana	2011	Guyana
61.623	Haiti	2011	Haiti
71.439	Honduras	2011	Honduras
67.359	India	2011	India
68.823	Indonesia	2011	Indonesia
73.679	Iran (Islamic Republic of)	2011	Iran (Islamic Republic of)
67.659	Iraq	2011	Iraq
73.094	Jamaica	2011	Jamaica
74.189	Jordan	2011	Jordan
68.745	Kazakhstan	2011	Kazakhstan
61.046	Kenya	2011	Kenya
65.19	Kiribati	2011	Kiribati
78.464	Kuwait	2011	Kuwait
68.578	Kyrgyzstan	2011	Kyrgyzstan
64.736	Lao People's Democratic Republic	2011	Lao People's Democratic Republic
78.404	Lebanon	2011	Lebanon
46.692	Lesotho	2011	Lesotho
59.62	Liberia	2011	Liberia
70.071	Libya	2011	Libya
63.494	Madagascar	2011	Madagascar
57.455	Malawi	2011	Malawi
74.746	Malaysia	2011	Malaysia
78.124	Maldives	2011	Maldives
56.755	Mali	2011	Mali
63.256	Marshall Islands	2011	Marshall Islands
63.346	Mauritania	2011	Mauritania
74.241	Mauritius	2011	Mauritius
74.365	Mexico	2011	Mexico
71.318	Micronesia (Federated States of)	2011	Micronesia (Federated States of)
69.192	Moldova (Republic of)	2011	Moldova (Republic of)
67.439	Mongolia	2011	Mongolia
76.068	Montenegro	2011	Montenegro
71.269	Morocco	2011	Morocco
54.869	Mozambique	2011	Mozambique
63.901	Myanmar	2011	Myanmar
56.553	Namibia	2011	Namibia
60.24	Nauru	2011	Nauru
67.313	Nepal	2011	Nepal
72.416	Nicaragua	2011	Nicaragua
58.994	Niger	2011	Niger
51.357	Nigeria	2011	Nigeria
75.187	North Macedonia	2011	North Macedonia
76.608	Oman	2011	Oman
64.648	Pakistan	2011	Pakistan
65.155	Palau	2011	Palau
73.243	Palestine, State of	2011	Palestine, State of
76.627	Panama	2011	Panama
63.526	Papua New Guinea	2011	Papua New Guinea
72.131	Paraguay	2011	Paraguay
74.133	Peru	2011	Peru
70.788	Philippines	2011	Philippines
78.891	Qatar	2011	Qatar
63.261	Rwanda	2011	Rwanda
71.538	Saint Kitts and Nevis	2011	Saint Kitts and Nevis
72.944	Saint Lucia	2011	Saint Lucia
74.596	Saint Vincent and the Grenadines	2011	Saint Vincent and the Grenadines
72.26	Samoa	2011	Samoa
64.902	Sao Tome and Principe	2011	Sao Tome and Principe
76.234	Saudi Arabia	2011	Saudi Arabia
65.262	Senegal	2011	Senegal
74.772	Serbia	2011	Serbia
73.754	Seychelles	2011	Seychelles
54.62	Sierra Leone	2011	Sierra Leone
81.975	Singapore	2011	Singapore
68.908	Solomon Islands	2011	Solomon Islands
60.651	South Africa	2011	South Africa
54.94	South Sudan	2011	South Sudan
73.38	Sri Lanka	2011	Sri Lanka
63.246	Sudan	2011	Sudan
69.914	Suriname	2011	Suriname
73.305	Syrian Arab Republic	2011	Syrian Arab Republic
68.148	Tajikistan	2011	Tajikistan
61.049	Tanzania (United Republic of)	2011	Tanzania (United Republic of)
76.421	Thailand	2011	Thailand
65.697	Timor-Leste	2011	Timor-Leste
57.925	Togo	2011	Togo
70.381	Tonga	2011	Tonga
73.278	Trinidad and Tobago	2011	Trinidad and Tobago
75.46	Tunisia	2011	Tunisia
74.941	Türkiye	2011	Türkiye
68.567	Turkmenistan	2011	Turkmenistan
63.974	Tuvalu	2011	Tuvalu
57.965	Uganda	2011	Uganda
71.387	Ukraine	2011	Ukraine
78.517	United Arab Emirates	2011	United Arab Emirates
76.983	Uruguay	2011	Uruguay
69.649	Uzbekistan	2011	Uzbekistan
69.551	Vanuatu	2011	Vanuatu
72.913	Venezuela (Bolivarian Republic of)	2011	Venezuela (Bolivarian Republic of)
73.692	Viet Nam	2011	Viet Nam
67.419	Yemen	2011	Yemen
57.771	Zambia	2011	Zambia
53.347	Zimbabwe	2011	Zimbabwe
61.923	Afghanistan	2012	Afghanistan
78.064	Albania	2012	Albania
74.202	Algeria	2012	Algeria
58.623	Angola	2012	Angola
77.35	Antigua and Barbuda	2012	Antigua and Barbuda
76.467	Argentina	2012	Argentina
73.454	Armenia	2012	Armenia
70.36	Azerbaijan	2012	Azerbaijan
72.753	Bahamas	2012	Bahamas
79.081	Bahrain	2012	Bahrain
69.554	Bangladesh	2012	Bangladesh
76.099	Barbados	2012	Barbados
72.614	Belarus	2012	Belarus
73.245	Belize	2012	Belize
58.716	Benin	2012	Benin
69.326	Bhutan	2012	Bhutan
66.705	Bolivia (Plurinational State of)	2012	Bolivia (Plurinational State of)
77.191	Bosnia and Herzegovina	2012	Bosnia and Herzegovina
60.8	Botswana	2012	Botswana
73.552	Brazil	2012	Brazil
74.827	Brunei Darussalam	2012	Brunei Darussalam
57.619	Burkina Faso	2012	Burkina Faso
58.493	Burundi	2012	Burundi
74.484	Cabo Verde	2012	Cabo Verde
68.915	Cambodia	2012	Cambodia
57.792	Cameroon	2012	Cameroon
50.686	Central African Republic	2012	Central African Republic
50.54	Chad	2012	Chad
79.023	Chile	2012	Chile
76.192	China	2012	China
75.597	Colombia	2012	Colombia
61.834	Comoros	2012	Comoros
62.317	Congo	2012	Congo
57.248	Congo (Democratic Republic of the)	2012	Congo (Democratic Republic of the)
79.283	Costa Rica	2012	Costa Rica
56.158	Côte d'Ivoire	2012	Côte d'Ivoire
77.833	Cuba	2012	Cuba
60.848	Djibouti	2012	Djibouti
70.538	Dominica	2012	Dominica
72.514	Dominican Republic	2012	Dominican Republic
76.062	Ecuador	2012	Ecuador
70.085	Egypt	2012	Egypt
71.831	El Salvador	2012	El Salvador
58.865	Equatorial Guinea	2012	Equatorial Guinea
64.838	Eritrea	2012	Eritrea
49.835	Eswatini (Kingdom of)	2012	Eswatini (Kingdom of)
61.543	Ethiopia	2012	Ethiopia
67.552	Fiji	2012	Fiji
64.587	Gabon	2012	Gabon
62.096	Gambia	2012	Gambia
72.412	Georgia	2012	Georgia
62.081	Ghana	2012	Ghana
75.042	Grenada	2012	Grenada
71.463	Guatemala	2012	Guatemala
57.406	Guinea	2012	Guinea
57.69	Guinea-Bissau	2012	Guinea-Bissau
67.23	Guyana	2012	Guyana
62.291	Haiti	2012	Haiti
71.734	Honduras	2012	Honduras
67.887	India	2012	India
68.973	Indonesia	2012	Indonesia
74.186	Iran (Islamic Republic of)	2012	Iran (Islamic Republic of)
68.023	Iraq	2012	Iraq
73.433	Jamaica	2012	Jamaica
74.366	Jordan	2012	Jordan
69.129	Kazakhstan	2012	Kazakhstan
61.115	Kenya	2012	Kenya
65.378	Kiribati	2012	Kiribati
78.812	Kuwait	2012	Kuwait
68.993	Kyrgyzstan	2012	Kyrgyzstan
65.355	Lao People's Democratic Republic	2012	Lao People's Democratic Republic
78.628	Lebanon	2012	Lebanon
47.835	Lesotho	2012	Lesotho
59.913	Liberia	2012	Liberia
72.247	Libya	2012	Libya
63.544	Madagascar	2012	Madagascar
58.679	Malawi	2012	Malawi
74.944	Malaysia	2012	Malaysia
78.682	Maldives	2012	Maldives
57.079	Mali	2012	Mali
63.373	Marshall Islands	2012	Marshall Islands
63.578	Mauritania	2012	Mauritania
74.368	Mauritius	2012	Mauritius
74.574	Mexico	2012	Mexico
71.398	Micronesia (Federated States of)	2012	Micronesia (Federated States of)
69.143	Moldova (Republic of)	2012	Moldova (Republic of)
68.111	Mongolia	2012	Mongolia
76.327	Montenegro	2012	Montenegro
71.679	Morocco	2012	Morocco
55.639	Mozambique	2012	Mozambique
64.141	Myanmar	2012	Myanmar
57.64	Namibia	2012	Namibia
60.715	Nauru	2012	Nauru
67.47	Nepal	2012	Nepal
72.615	Nicaragua	2012	Nicaragua
59.65	Niger	2012	Niger
51.497	Nigeria	2012	Nigeria
75.14	North Macedonia	2012	North Macedonia
77.061	Oman	2012	Oman
64.782	Pakistan	2012	Pakistan
64.708	Palau	2012	Palau
73.466	Palestine, State of	2012	Palestine, State of
76.819	Panama	2012	Panama
63.733	Papua New Guinea	2012	Papua New Guinea
72.454	Paraguay	2012	Paraguay
74.544	Peru	2012	Peru
70.881	Philippines	2012	Philippines
79.227	Qatar	2012	Qatar
64.009	Rwanda	2012	Rwanda
71.669	Saint Kitts and Nevis	2012	Saint Kitts and Nevis
72.882	Saint Lucia	2012	Saint Lucia
74.146	Saint Vincent and the Grenadines	2012	Saint Vincent and the Grenadines
72.167	Samoa	2012	Samoa
65.746	Sao Tome and Principe	2012	Sao Tome and Principe
76.461	Saudi Arabia	2012	Saudi Arabia
65.457	Senegal	2012	Senegal
75.106	Serbia	2012	Serbia
73.643	Seychelles	2012	Seychelles
55.451	Sierra Leone	2012	Sierra Leone
82.243	Singapore	2012	Singapore
69.084	Solomon Islands	2012	Solomon Islands
61.846	South Africa	2012	South Africa
55.865	South Sudan	2012	South Sudan
73.906	Sri Lanka	2012	Sri Lanka
63.792	Sudan	2012	Sudan
69.764	Suriname	2012	Suriname
66.769	Syrian Arab Republic	2012	Syrian Arab Republic
68.484	Tajikistan	2012	Tajikistan
62.03	Tanzania (United Republic of)	2012	Tanzania (United Republic of)
76.772	Thailand	2012	Thailand
66.081	Timor-Leste	2012	Timor-Leste
58.073	Togo	2012	Togo
70.442	Tonga	2012	Tonga
73.716	Trinidad and Tobago	2012	Trinidad and Tobago
75.55	Tunisia	2012	Tunisia
75.678	Türkiye	2012	Türkiye
68.722	Turkmenistan	2012	Turkmenistan
63.964	Tuvalu	2012	Tuvalu
58.817	Uganda	2012	Uganda
71.627	Ukraine	2012	Ukraine
78.716	United Arab Emirates	2012	United Arab Emirates
77.111	Uruguay	2012	Uruguay
69.874	Uzbekistan	2012	Uzbekistan
69.497	Vanuatu	2012	Vanuatu
73.036	Venezuela (Bolivarian Republic of)	2012	Venezuela (Bolivarian Republic of)
73.704	Viet Nam	2012	Viet Nam
67.343	Yemen	2012	Yemen
58.867	Zambia	2012	Zambia
55.626	Zimbabwe	2012	Zimbabwe
62.417	Afghanistan	2013	Afghanistan
78.123	Albania	2013	Albania
74.615	Algeria	2013	Algeria
59.307	Angola	2013	Angola
77.583	Antigua and Barbuda	2013	Antigua and Barbuda
76.491	Argentina	2013	Argentina
73.676	Armenia	2013	Armenia
70.881	Azerbaijan	2013	Azerbaijan
73.024	Bahamas	2013	Bahamas
79.246	Bahrain	2013	Bahrain
69.565	Bangladesh	2013	Bangladesh
76.275	Barbados	2013	Barbados
72.989	Belarus	2013	Belarus
73.666	Belize	2013	Belize
58.965	Benin	2013	Benin
69.707	Bhutan	2013	Bhutan
67.021	Bolivia (Plurinational State of)	2013	Bolivia (Plurinational State of)
76.33	Bosnia and Herzegovina	2013	Bosnia and Herzegovina
61.996	Botswana	2013	Botswana
73.918	Brazil	2013	Brazil
74.799	Brunei Darussalam	2013	Brunei Darussalam
57.823	Burkina Faso	2013	Burkina Faso
59.235	Burundi	2013	Burundi
75.059	Cabo Verde	2013	Cabo Verde
69.304	Cambodia	2013	Cambodia
58.476	Cameroon	2013	Cameroon
50.902	Central African Republic	2013	Central African Republic
50.781	Chad	2013	Chad
79.339	Chile	2013	Chile
76.452	China	2013	China
75.827	Colombia	2013	Colombia
62.224	Comoros	2013	Comoros
62.695	Congo	2013	Congo
57.762	Congo (Democratic Republic of the)	2013	Congo (Democratic Republic of the)
79.403	Costa Rica	2013	Costa Rica
56.748	Côte d'Ivoire	2013	Côte d'Ivoire
77.87	Cuba	2013	Cuba
61.221	Djibouti	2013	Djibouti
68.896	Dominica	2013	Dominica
72.713	Dominican Republic	2013	Dominican Republic
76.369	Ecuador	2013	Ecuador
70.052	Egypt	2013	Egypt
71.771	El Salvador	2013	El Salvador
59.224	Equatorial Guinea	2013	Equatorial Guinea
65.067	Eritrea	2013	Eritrea
51.486	Eswatini (Kingdom of)	2013	Eswatini (Kingdom of)
62.373	Ethiopia	2013	Ethiopia
67.428	Fiji	2013	Fiji
64.776	Gabon	2013	Gabon
62.114	Gambia	2013	Gambia
72.628	Georgia	2013	Georgia
62.42	Ghana	2013	Ghana
75.116	Grenada	2013	Grenada
71.728	Guatemala	2013	Guatemala
57.791	Guinea	2013	Guinea
58.232	Guinea-Bissau	2013	Guinea-Bissau
67.473	Guyana	2013	Guyana
62.605	Haiti	2013	Haiti
71.963	Honduras	2013	Honduras
68.46	India	2013	India
69.264	Indonesia	2013	Indonesia
74.449	Iran (Islamic Republic of)	2013	Iran (Islamic Republic of)
68.253	Iraq	2013	Iraq
73.412	Jamaica	2013	Jamaica
74.562	Jordan	2013	Jordan
69.814	Kazakhstan	2013	Kazakhstan
61.389	Kenya	2013	Kenya
65.588	Kiribati	2013	Kiribati
79.164	Kuwait	2013	Kuwait
69.217	Kyrgyzstan	2013	Kyrgyzstan
65.718	Lao People's Democratic Republic	2013	Lao People's Democratic Republic
78.765	Lebanon	2013	Lebanon
49.002	Lesotho	2013	Lesotho
59.943	Liberia	2013	Liberia
72.34	Libya	2013	Libya
63.962	Madagascar	2013	Madagascar
59.729	Malawi	2013	Malawi
75.035	Malaysia	2013	Malaysia
79.057	Maldives	2013	Maldives
57.357	Mali	2013	Mali
63.464	Marshall Islands	2013	Marshall Islands
63.911	Mauritania	2013	Mauritania
74.712	Mauritius	2013	Mauritius
74.739	Mexico	2013	Mexico
71.499	Micronesia (Federated States of)	2013	Micronesia (Federated States of)
69.099	Moldova (Republic of)	2013	Moldova (Republic of)
68.585	Mongolia	2013	Mongolia
76.609	Montenegro	2013	Montenegro
72.122	Morocco	2013	Morocco
56.492	Mozambique	2013	Mozambique
64.815	Myanmar	2013	Myanmar
58.694	Namibia	2013	Namibia
61.231	Nauru	2013	Nauru
67.965	Nepal	2013	Nepal
72.704	Nicaragua	2013	Nicaragua
60.239	Niger	2013	Niger
51.707	Nigeria	2013	Nigeria
75.866	North Macedonia	2013	North Macedonia
77.246	Oman	2013	Oman
65.15	Pakistan	2013	Pakistan
64.227	Palau	2013	Palau
74.029	Palestine, State of	2013	Palestine, State of
77.038	Panama	2013	Panama
63.961	Papua New Guinea	2013	Papua New Guinea
72.757	Paraguay	2013	Paraguay
74.967	Peru	2013	Peru
70.835	Philippines	2013	Philippines
79.536	Qatar	2013	Qatar
64.426	Rwanda	2013	Rwanda
71.457	Saint Kitts and Nevis	2013	Saint Kitts and Nevis
72.735	Saint Lucia	2013	Saint Lucia
73.798	Saint Vincent and the Grenadines	2013	Saint Vincent and the Grenadines
72.391	Samoa	2013	Samoa
66.328	Sao Tome and Principe	2013	Sao Tome and Principe
76.626	Saudi Arabia	2013	Saudi Arabia
66.072	Senegal	2013	Senegal
75.605	Serbia	2013	Serbia
73.781	Seychelles	2013	Seychelles
56.313	Sierra Leone	2013	Sierra Leone
82.516	Singapore	2013	Singapore
69.188	Solomon Islands	2013	Solomon Islands
62.533	South Africa	2013	South Africa
55.751	South Sudan	2013	South Sudan
74.239	Sri Lanka	2013	Sri Lanka
63.678	Sudan	2013	Sudan
69.682	Suriname	2013	Suriname
63.827	Syrian Arab Republic	2013	Syrian Arab Republic
68.885	Tajikistan	2013	Tajikistan
62.96	Tanzania (United Republic of)	2013	Tanzania (United Republic of)
77.083	Thailand	2013	Thailand
66.44	Timor-Leste	2013	Timor-Leste
58.684	Togo	2013	Togo
70.505	Tonga	2013	Tonga
73.962	Trinidad and Tobago	2013	Trinidad and Tobago
75.65	Tunisia	2013	Tunisia
76.297	Türkiye	2013	Türkiye
68.74	Turkmenistan	2013	Turkmenistan
64.008	Tuvalu	2013	Tuvalu
59.763	Uganda	2013	Uganda
71.862	Ukraine	2013	Ukraine
78.853	United Arab Emirates	2013	United Arab Emirates
77.24	Uruguay	2013	Uruguay
69.99	Uzbekistan	2013	Uzbekistan
69.534	Vanuatu	2013	Vanuatu
73.196	Venezuela (Bolivarian Republic of)	2013	Venezuela (Bolivarian Republic of)
73.775	Viet Nam	2013	Viet Nam
67.545	Yemen	2013	Yemen
59.878	Zambia	2013	Zambia
57.458	Zimbabwe	2013	Zimbabwe
62.545	Afghanistan	2014	Afghanistan
78.407	Albania	2014	Albania
75.11	Algeria	2014	Algeria
60.04	Angola	2014	Angola
77.858	Antigua and Barbuda	2014	Antigua and Barbuda
76.755	Argentina	2014	Argentina
74.058	Armenia	2014	Armenia
71.116	Azerbaijan	2014	Azerbaijan
73.366	Bahamas	2014	Bahamas
79.328	Bahrain	2014	Bahrain
69.986	Bangladesh	2014	Bangladesh
76.476	Barbados	2014	Barbados
73.585	Belarus	2014	Belarus
73.311	Belize	2014	Belize
59.125	Benin	2014	Benin
70.049	Bhutan	2014	Bhutan
67.163	Bolivia (Plurinational State of)	2014	Bolivia (Plurinational State of)
75.659	Bosnia and Herzegovina	2014	Bosnia and Herzegovina
62.608	Botswana	2014	Botswana
74.306	Brazil	2014	Brazil
74.779	Brunei Darussalam	2014	Brunei Darussalam
58.359	Burkina Faso	2014	Burkina Faso
59.868	Burundi	2014	Burundi
75.24	Cabo Verde	2014	Cabo Verde
69.736	Cambodia	2014	Cambodia
58.935	Cameroon	2014	Cameroon
50.566	Central African Republic	2014	Central African Republic
51.202	Chad	2014	Chad
79.473	Chile	2014	Chile
76.717	China	2014	China
76.043	Colombia	2014	Colombia
62.516	Comoros	2014	Comoros
62.95	Congo	2014	Congo
58.296	Congo (Democratic Republic of the)	2014	Congo (Democratic Republic of the)
78.774	Costa Rica	2014	Costa Rica
57.208	Côte d'Ivoire	2014	Côte d'Ivoire
77.853	Cuba	2014	Cuba
61.641	Djibouti	2014	Djibouti
69.434	Dominica	2014	Dominica
72.867	Dominican Republic	2014	Dominican Republic
76.622	Ecuador	2014	Ecuador
70.415	Egypt	2014	Egypt
71.746	El Salvador	2014	El Salvador
59.595	Equatorial Guinea	2014	Equatorial Guinea
65.6	Eritrea	2014	Eritrea
53.05	Eswatini (Kingdom of)	2014	Eswatini (Kingdom of)
62.905	Ethiopia	2014	Ethiopia
67.376	Fiji	2014	Fiji
64.974	Gabon	2014	Gabon
62.269	Gambia	2014	Gambia
73.099	Georgia	2014	Georgia
63.045	Ghana	2014	Ghana
74.985	Grenada	2014	Grenada
71.964	Guatemala	2014	Guatemala
57.886	Guinea	2014	Guinea
58.61	Guinea-Bissau	2014	Guinea-Bissau
67.882	Guyana	2014	Guyana
62.987	Haiti	2014	Haiti
72.259	Honduras	2014	Honduras
69.074	India	2014	India
69.533	Indonesia	2014	Indonesia
74.782	Iran (Islamic Republic of)	2014	Iran (Islamic Republic of)
68.914	Iraq	2014	Iraq
72.982	Jamaica	2014	Jamaica
74.789	Jordan	2014	Jordan
70.333	Kazakhstan	2014	Kazakhstan
61.816	Kenya	2014	Kenya
65.815	Kiribati	2014	Kiribati
79.445	Kuwait	2014	Kuwait
69.886	Kyrgyzstan	2014	Kyrgyzstan
66.361	Lao People's Democratic Republic	2014	Lao People's Democratic Republic
78.973	Lebanon	2014	Lebanon
50.033	Lesotho	2014	Lesotho
59.121	Liberia	2014	Liberia
71.511	Libya	2014	Libya
64.255	Madagascar	2014	Madagascar
60.899	Malawi	2014	Malawi
75.146	Malaysia	2014	Malaysia
79.424	Maldives	2014	Maldives
57.9	Mali	2014	Mali
63.623	Marshall Islands	2014	Marshall Islands
64.155	Mauritania	2014	Mauritania
74.852	Mauritius	2014	Mauritius
74.797	Mexico	2014	Mexico
71.529	Micronesia (Federated States of)	2014	Micronesia (Federated States of)
69.031	Moldova (Republic of)	2014	Moldova (Republic of)
69.047	Mongolia	2014	Mongolia
76.746	Montenegro	2014	Montenegro
72.538	Morocco	2014	Morocco
57.274	Mozambique	2014	Mozambique
65.056	Myanmar	2014	Myanmar
59.822	Namibia	2014	Namibia
61.807	Nauru	2014	Nauru
68.085	Nepal	2014	Nepal
72.812	Nicaragua	2014	Nicaragua
60.786	Niger	2014	Niger
51.791	Nigeria	2014	Nigeria
75.935	North Macedonia	2014	North Macedonia
77.446	Oman	2014	Oman
65.284	Pakistan	2014	Pakistan
63.858	Palau	2014	Palau
72.622	Palestine, State of	2014	Palestine, State of
77.248	Panama	2014	Panama
64.259	Papua New Guinea	2014	Papua New Guinea
72.878	Paraguay	2014	Paraguay
75.333	Peru	2014	Peru
71.151	Philippines	2014	Philippines
79.768	Qatar	2014	Qatar
64.94	Rwanda	2014	Rwanda
70.966	Saint Kitts and Nevis	2014	Saint Kitts and Nevis
72.864	Saint Lucia	2014	Saint Lucia
74.473	Saint Vincent and the Grenadines	2014	Saint Vincent and the Grenadines
72.463	Samoa	2014	Samoa
66.845	Sao Tome and Principe	2014	Sao Tome and Principe
76.757	Saudi Arabia	2014	Saudi Arabia
66.452	Senegal	2014	Senegal
75.723	Serbia	2014	Serbia
73.749	Seychelles	2014	Seychelles
56.393	Sierra Leone	2014	Sierra Leone
82.652	Singapore	2014	Singapore
69.234	Solomon Islands	2014	Solomon Islands
63.38	South Africa	2014	South Africa
54.973	South Sudan	2014	South Sudan
74.651	Sri Lanka	2014	Sri Lanka
64.269	Sudan	2014	Sudan
69.782	Suriname	2014	Suriname
63.153	Syrian Arab Republic	2014	Syrian Arab Republic
69.069	Tajikistan	2014	Tajikistan
63.873	Tanzania (United Republic of)	2014	Tanzania (United Republic of)
77.415	Thailand	2014	Thailand
66.787	Timor-Leste	2014	Timor-Leste
58.853	Togo	2014	Togo
70.54	Tonga	2014	Tonga
74.215	Trinidad and Tobago	2014	Trinidad and Tobago
75.65	Tunisia	2014	Tunisia
76.565	Türkiye	2014	Türkiye
68.614	Turkmenistan	2014	Turkmenistan
64.025	Tuvalu	2014	Tuvalu
60.408	Uganda	2014	Uganda
72.591	Ukraine	2014	Ukraine
79.044	United Arab Emirates	2014	United Arab Emirates
77.366	Uruguay	2014	Uruguay
70.234	Uzbekistan	2014	Uzbekistan
69.465	Vanuatu	2014	Vanuatu
72.853	Venezuela (Bolivarian Republic of)	2014	Venezuela (Bolivarian Republic of)
73.855	Viet Nam	2014	Viet Nam
67.384	Yemen	2014	Yemen
60.699	Zambia	2014	Zambia
58.846	Zimbabwe	2014	Zimbabwe
62.659	Afghanistan	2015	Afghanistan
78.644	Albania	2015	Albania
75.622	Algeria	2015	Algeria
60.655	Angola	2015	Angola
77.913	Antigua and Barbuda	2015	Antigua and Barbuda
76.76	Argentina	2015	Argentina
74.436	Armenia	2015	Armenia
71.451	Azerbaijan	2015	Azerbaijan
73.104	Bahamas	2015	Bahamas
79.405	Bahrain	2015	Bahrain
70.491	Bangladesh	2015	Bangladesh
76.65	Barbados	2015	Barbados
73.987	Belarus	2015	Belarus
73.187	Belize	2015	Belize
59.377	Benin	2015	Benin
70.343	Bhutan	2015	Bhutan
67.318	Bolivia (Plurinational State of)	2015	Bolivia (Plurinational State of)
76.182	Bosnia and Herzegovina	2015	Bosnia and Herzegovina
63.818	Botswana	2015	Botswana
74.332	Brazil	2015	Brazil
74.75	Brunei Darussalam	2015	Brunei Darussalam
58.845	Burkina Faso	2015	Burkina Faso
60.217	Burundi	2015	Burundi
74.62	Cabo Verde	2015	Cabo Verde
69.873	Cambodia	2015	Cambodia
59.658	Cameroon	2015	Cameroon
52.793	Central African Republic	2015	Central African Republic
51.589	Chad	2015	Chad
79.746	Chile	2015	Chile
76.977	China	2015	China
76.257	Colombia	2015	Colombia
62.896	Comoros	2015	Comoros
63.233	Congo	2015	Congo
58.49	Congo (Democratic Republic of the)	2015	Congo (Democratic Republic of the)
79.086	Costa Rica	2015	Costa Rica
57.762	Côte d'Ivoire	2015	Côte d'Ivoire
77.772	Cuba	2015	Cuba
61.957	Djibouti	2015	Djibouti
68.727	Dominica	2015	Dominica
72.953	Dominican Republic	2015	Dominican Republic
76.789	Ecuador	2015	Ecuador
70.483	Egypt	2015	Egypt
71.814	El Salvador	2015	El Salvador
60.103	Equatorial Guinea	2015	Equatorial Guinea
66.033	Eritrea	2015	Eritrea
55.019	Eswatini (Kingdom of)	2015	Eswatini (Kingdom of)
63.649	Ethiopia	2015	Ethiopia
66.844	Fiji	2015	Fiji
65.46	Gabon	2015	Gabon
62.494	Gambia	2015	Gambia
73.297	Georgia	2015	Georgia
63.175	Ghana	2015	Ghana
75.013	Grenada	2015	Grenada
72.103	Guatemala	2015	Guatemala
58.134	Guinea	2015	Guinea
59.128	Guinea-Bissau	2015	Guinea-Bissau
68.201	Guyana	2015	Guyana
63.237	Haiti	2015	Haiti
72.487	Honduras	2015	Honduras
69.636	India	2015	India
69.699	Indonesia	2015	Indonesia
75.124	Iran (Islamic Republic of)	2015	Iran (Islamic Republic of)
69.44	Iraq	2015	Iraq
72.394	Jamaica	2015	Jamaica
75.011	Jordan	2015	Jordan
70.727	Kazakhstan	2015	Kazakhstan
61.892	Kenya	2015	Kenya
66.059	Kiribati	2015	Kiribati
79.562	Kuwait	2015	Kuwait
69.996	Kyrgyzstan	2015	Kyrgyzstan
66.67	Lao People's Democratic Republic	2015	Lao People's Democratic Republic
79.229	Lebanon	2015	Lebanon
51.101	Lesotho	2015	Lesotho
59.148	Liberia	2015	Liberia
71.698	Libya	2015	Libya
64.339	Madagascar	2015	Madagascar
61.378	Malawi	2015	Malawi
75.094	Malaysia	2015	Malaysia
79.695	Maldives	2015	Maldives
58.363	Mali	2015	Mali
63.827	Marshall Islands	2015	Marshall Islands
64.485	Mauritania	2015	Mauritania
74.975	Mauritius	2015	Mauritius
74.682	Mexico	2015	Mexico
71.408	Micronesia (Federated States of)	2015	Micronesia (Federated States of)
69.24	Moldova (Republic of)	2015	Moldova (Republic of)
69.498	Mongolia	2015	Mongolia
76.756	Montenegro	2015	Montenegro
72.92	Morocco	2015	Morocco
58.151	Mozambique	2015	Mozambique
65.561	Myanmar	2015	Myanmar
60.7	Namibia	2015	Namibia
62.269	Nauru	2015	Nauru
67.456	Nepal	2015	Nepal
72.983	Nicaragua	2015	Nicaragua
61.083	Niger	2015	Niger
51.841	Nigeria	2015	Nigeria
75.981	North Macedonia	2015	North Macedonia
77.687	Oman	2015	Oman
65.697	Pakistan	2015	Pakistan
63.746	Palau	2015	Palau
74.406	Palestine, State of	2015	Palestine, State of
77.468	Panama	2015	Panama
64.701	Papua New Guinea	2015	Papua New Guinea
73.191	Paraguay	2015	Paraguay
75.621	Peru	2015	Peru
71.268	Philippines	2015	Philippines
80.064	Qatar	2015	Qatar
65.298	Rwanda	2015	Rwanda
70.763	Saint Kitts and Nevis	2015	Saint Kitts and Nevis
73.138	Saint Lucia	2015	Saint Lucia
74.407	Saint Vincent and the Grenadines	2015	Saint Vincent and the Grenadines
72.515	Samoa	2015	Samoa
67.249	Sao Tome and Principe	2015	Sao Tome and Principe
76.918	Saudi Arabia	2015	Saudi Arabia
66.879	Senegal	2015	Senegal
75.817	Serbia	2015	Serbia
73.698	Seychelles	2015	Seychelles
57.189	Sierra Leone	2015	Sierra Leone
82.826	Singapore	2015	Singapore
69.583	Solomon Islands	2015	Solomon Islands
63.95	South Africa	2015	South Africa
55.566	South Sudan	2015	South Sudan
74.927	Sri Lanka	2015	Sri Lanka
64.659	Sudan	2015	Sudan
70.8	Suriname	2015	Suriname
65.124	Syrian Arab Republic	2015	Syrian Arab Republic
69.306	Tajikistan	2015	Tajikistan
64.651	Tanzania (United Republic of)	2015	Tanzania (United Republic of)
77.717	Thailand	2015	Thailand
67.137	Timor-Leste	2015	Timor-Leste
59.396	Togo	2015	Togo
70.607	Tonga	2015	Tonga
74.503	Trinidad and Tobago	2015	Trinidad and Tobago
75.692	Tunisia	2015	Tunisia
76.646	Türkiye	2015	Türkiye
68.782	Turkmenistan	2015	Turkmenistan
64.06	Tuvalu	2015	Tuvalu
61.086	Uganda	2015	Uganda
73.458	Ukraine	2015	Ukraine
79.223	United Arab Emirates	2015	United Arab Emirates
77.483	Uruguay	2015	Uruguay
70.475	Uzbekistan	2015	Uzbekistan
69.513	Vanuatu	2015	Vanuatu
73.006	Venezuela (Bolivarian Republic of)	2015	Venezuela (Bolivarian Republic of)
73.876	Viet Nam	2015	Viet Nam
65.873	Yemen	2015	Yemen
61.208	Zambia	2015	Zambia
59.591	Zimbabwe	2015	Zimbabwe
63.136	Afghanistan	2016	Afghanistan
78.86	Albania	2016	Albania
75.732	Algeria	2016	Algeria
61.092	Angola	2016	Angola
78.152	Antigua and Barbuda	2016	Antigua and Barbuda
76.308	Argentina	2016	Argentina
74.664	Armenia	2016	Armenia
72.004	Azerbaijan	2016	Azerbaijan
73.537	Bahamas	2016	Bahamas
79.557	Bahrain	2016	Bahrain
71.09	Bangladesh	2016	Bangladesh
76.815	Barbados	2016	Barbados
74.258	Belarus	2016	Belarus
73.399	Belize	2016	Belize
59.539	Benin	2016	Benin
70.602	Bhutan	2016	Bhutan
67.628	Bolivia (Plurinational State of)	2016	Bolivia (Plurinational State of)
76.808	Bosnia and Herzegovina	2016	Bosnia and Herzegovina
65.464	Botswana	2016	Botswana
74.442	Brazil	2016	Brazil
74.733	Brunei Darussalam	2016	Brunei Darussalam
59.326	Burkina Faso	2016	Burkina Faso
60.793	Burundi	2016	Burundi
75.742	Cabo Verde	2016	Cabo Verde
70.224	Cambodia	2016	Cambodia
60.233	Cameroon	2016	Cameroon
53.46	Central African Republic	2016	Central African Republic
52.083	Chad	2016	Chad
80.079	Chile	2016	Chile
77.218	China	2016	China
76.471	Colombia	2016	Colombia
63.237	Comoros	2016	Comoros
63.577	Congo	2016	Congo
59.066	Congo (Democratic Republic of the)	2016	Congo (Democratic Republic of the)
79.459	Costa Rica	2016	Costa Rica
58.06	Côte d'Ivoire	2016	Côte d'Ivoire
77.643	Cuba	2016	Cuba
62.191	Djibouti	2016	Djibouti
70.128	Dominica	2016	Dominica
72.987	Dominican Republic	2016	Dominican Republic
76.763	Ecuador	2016	Ecuador
70.844	Egypt	2016	Egypt
72.025	El Salvador	2016	El Salvador
60.479	Equatorial Guinea	2016	Equatorial Guinea
66.289	Eritrea	2016	Eritrea
56.659	Eswatini (Kingdom of)	2016	Eswatini (Kingdom of)
64.392	Ethiopia	2016	Ethiopia
67.24	Fiji	2016	Fiji
65.802	Gabon	2016	Gabon
63.013	Gambia	2016	Gambia
73.569	Georgia	2016	Georgia
63.89	Ghana	2016	Ghana
74.762	Grenada	2016	Grenada
72.355	Guatemala	2016	Guatemala
58.763	Guinea	2016	Guinea
59.674	Guinea-Bissau	2016	Guinea-Bissau
68.384	Guyana	2016	Guyana
63.392	Haiti	2016	Haiti
72.588	Honduras	2016	Honduras
70.117	India	2016	India
69.798	Indonesia	2016	Indonesia
75.6	Iran (Islamic Republic of)	2016	Iran (Islamic Republic of)
68.988	Iraq	2016	Iraq
72.02	Jamaica	2016	Jamaica
75.215	Jordan	2016	Jordan
70.898	Kazakhstan	2016	Kazakhstan
62.163	Kenya	2016	Kenya
66.332	Kiribati	2016	Kiribati
79.701	Kuwait	2016	Kuwait
70.276	Kyrgyzstan	2016	Kyrgyzstan
67.167	Lao People's Democratic Republic	2016	Lao People's Democratic Republic
79.505	Lebanon	2016	Lebanon
52.264	Lesotho	2016	Lesotho
60.416	Liberia	2016	Liberia
71.756	Libya	2016	Libya
64.997	Madagascar	2016	Madagascar
62.209	Malawi	2016	Malawi
75.289	Malaysia	2016	Malaysia
79.872	Maldives	2016	Maldives
58.731	Mali	2016	Mali
64.057	Marshall Islands	2016	Marshall Islands
64.768	Mauritania	2016	Mauritania
75.011	Mauritius	2016	Mauritius
74.412	Mexico	2016	Mexico
71.595	Micronesia (Federated States of)	2016	Micronesia (Federated States of)
69.917	Moldova (Republic of)	2016	Moldova (Republic of)
69.865	Mongolia	2016	Mongolia
76.746	Montenegro	2016	Montenegro
73.284	Morocco	2016	Morocco
59.038	Mozambique	2016	Mozambique
65.685	Myanmar	2016	Myanmar
61.682	Namibia	2016	Namibia
62.702	Nauru	2016	Nauru
68.776	Nepal	2016	Nepal
73.256	Nicaragua	2016	Nicaragua
61.629	Niger	2016	Niger
52.043	Nigeria	2016	Nigeria
76.03	North Macedonia	2016	North Macedonia
77.916	Oman	2016	Oman
65.88	Pakistan	2016	Pakistan
63.852	Palau	2016	Palau
74.554	Palestine, State of	2016	Palestine, State of
77.653	Panama	2016	Panama
64.84	Papua New Guinea	2016	Papua New Guinea
73.534	Paraguay	2016	Paraguay
75.789	Peru	2016	Peru
71.387	Philippines	2016	Philippines
80.433	Qatar	2016	Qatar
65.737	Rwanda	2016	Rwanda
71.74	Saint Kitts and Nevis	2016	Saint Kitts and Nevis
73.112	Saint Lucia	2016	Saint Lucia
74.28	Saint Vincent and the Grenadines	2016	Saint Vincent and the Grenadines
72.54	Samoa	2016	Samoa
67.492	Sao Tome and Principe	2016	Sao Tome and Principe
77.064	Saudi Arabia	2016	Saudi Arabia
67.497	Senegal	2016	Senegal
76.261	Serbia	2016	Serbia
73.642	Seychelles	2016	Seychelles
58.404	Sierra Leone	2016	Sierra Leone
83	Singapore	2016	Singapore
69.801	Solomon Islands	2016	Solomon Islands
64.747	South Africa	2016	South Africa
55.544	South Sudan	2016	South Sudan
75.331	Sri Lanka	2016	Sri Lanka
64.78	Sudan	2016	Sudan
71.592	Suriname	2016	Suriname
65.993	Syrian Arab Republic	2016	Syrian Arab Republic
69.549	Tajikistan	2016	Tajikistan
65.386	Tanzania (United Republic of)	2016	Tanzania (United Republic of)
78.049	Thailand	2016	Thailand
67.446	Timor-Leste	2016	Timor-Leste
59.55	Togo	2016	Togo
70.661	Tonga	2016	Tonga
74.281	Trinidad and Tobago	2016	Trinidad and Tobago
75.786	Tunisia	2016	Tunisia
76.66	Türkiye	2016	Türkiye
68.777	Turkmenistan	2016	Turkmenistan
64.108	Tuvalu	2016	Tuvalu
61.648	Uganda	2016	Uganda
74.312	Ukraine	2016	Ukraine
79.335	United Arab Emirates	2016	United Arab Emirates
77.571	Uruguay	2016	Uruguay
70.755	Uzbekistan	2016	Uzbekistan
69.65	Vanuatu	2016	Vanuatu
72.058	Venezuela (Bolivarian Republic of)	2016	Venezuela (Bolivarian Republic of)
73.938	Viet Nam	2016	Viet Nam
66.064	Yemen	2016	Yemen
61.794	Zambia	2016	Zambia
60.306	Zimbabwe	2016	Zimbabwe
63.016	Afghanistan	2017	Afghanistan
79.047	Albania	2017	Albania
75.743	Algeria	2017	Algeria
61.68	Angola	2017	Angola
78.268	Antigua and Barbuda	2017	Antigua and Barbuda
76.833	Argentina	2017	Argentina
74.906	Armenia	2017	Armenia
72.248	Azerbaijan	2017	Azerbaijan
73.632	Bahamas	2017	Bahamas
79.689	Bahrain	2017	Bahrain
71.788	Bangladesh	2017	Bangladesh
76.936	Barbados	2017	Barbados
74.452	Belarus	2017	Belarus
73.562	Belize	2017	Belize
59.856	Benin	2017	Benin
70.847	Bhutan	2017	Bhutan
67.701	Bolivia (Plurinational State of)	2017	Bolivia (Plurinational State of)
76.935	Bosnia and Herzegovina	2017	Bosnia and Herzegovina
66.753	Botswana	2017	Botswana
74.827	Brazil	2017	Brazil
74.722	Brunei Darussalam	2017	Brunei Darussalam
59.536	Burkina Faso	2017	Burkina Faso
61.553	Burundi	2017	Burundi
76.593	Cabo Verde	2017	Cabo Verde
70.515	Cambodia	2017	Cambodia
60.81	Cameroon	2017	Cameroon
53.721	Central African Republic	2017	Central African Republic
52.308	Chad	2017	Chad
80.35	Chile	2017	Chile
77.248	China	2017	China
76.646	Colombia	2017	Colombia
63.625	Comoros	2017	Comoros
63.76	Congo	2017	Congo
59.411	Congo (Democratic Republic of the)	2017	Congo (Democratic Republic of the)
79.377	Costa Rica	2017	Costa Rica
58.48	Côte d'Ivoire	2017	Côte d'Ivoire
77.529	Cuba	2017	Cuba
62.797	Djibouti	2017	Djibouti
67.525	Dominica	2017	Dominica
73.063	Dominican Republic	2017	Dominican Republic
76.972	Ecuador	2017	Ecuador
71.302	Egypt	2017	Egypt
72.311	El Salvador	2017	El Salvador
60.821	Equatorial Guinea	2017	Equatorial Guinea
66.577	Eritrea	2017	Eritrea
57.895	Eswatini (Kingdom of)	2017	Eswatini (Kingdom of)
64.838	Ethiopia	2017	Ethiopia
67.79	Fiji	2017	Fiji
66.189	Gabon	2017	Gabon
62.995	Gambia	2017	Gambia
73.57	Georgia	2017	Georgia
64.013	Ghana	2017	Ghana
74.765	Grenada	2017	Grenada
72.551	Guatemala	2017	Guatemala
59.109	Guinea	2017	Guinea
60.066	Guinea-Bissau	2017	Guinea-Bissau
68.667	Guyana	2017	Guyana
63.854	Haiti	2017	Haiti
72.692	Honduras	2017	Honduras
70.467	India	2017	India
69.936	Indonesia	2017	Indonesia
75.971	Iran (Islamic Republic of)	2017	Iran (Islamic Republic of)
70.413	Iraq	2017	Iraq
71.911	Jamaica	2017	Jamaica
75.502	Jordan	2017	Jordan
71.396	Kazakhstan	2017	Kazakhstan
62.481	Kenya	2017	Kenya
66.597	Kiribati	2017	Kiribati
79.781	Kuwait	2017	Kuwait
70.588	Kyrgyzstan	2017	Kyrgyzstan
67.434	Lao People's Democratic Republic	2017	Lao People's Democratic Republic
79.654	Lebanon	2017	Lebanon
53.064	Lesotho	2017	Lesotho
60.553	Liberia	2017	Liberia
72.482	Libya	2017	Libya
65.094	Madagascar	2017	Madagascar
62.977	Malawi	2017	Malawi
75.476	Malaysia	2017	Malaysia
79.943	Maldives	2017	Maldives
59.132	Mali	2017	Mali
64.27	Marshall Islands	2017	Marshall Islands
65.083	Mauritania	2017	Mauritania
74.881	Mauritius	2017	Mauritius
74.138	Mexico	2017	Mexico
71.467	Micronesia (Federated States of)	2017	Micronesia (Federated States of)
70.516	Moldova (Republic of)	2017	Moldova (Republic of)
70.237	Mongolia	2017	Mongolia
76.939	Montenegro	2017	Montenegro
73.66	Morocco	2017	Morocco
59.771	Mozambique	2017	Mozambique
65.843	Myanmar	2017	Myanmar
62.293	Namibia	2017	Namibia
62.988	Nauru	2017	Nauru
68.91	Nepal	2017	Nepal
73.554	Nicaragua	2017	Nicaragua
62.16	Niger	2017	Niger
52.305	Nigeria	2017	Nigeria
76.477	North Macedonia	2017	North Macedonia
77.924	Oman	2017	Oman
66.297	Pakistan	2017	Pakistan
64.083	Palau	2017	Palau
74.833	Palestine, State of	2017	Palestine, State of
77.795	Panama	2017	Panama
65.103	Papua New Guinea	2017	Papua New Guinea
73.644	Paraguay	2017	Paraguay
75.879	Peru	2017	Peru
71.516	Philippines	2017	Philippines
80.717	Qatar	2017	Qatar
65.941	Rwanda	2017	Rwanda
71.84	Saint Kitts and Nevis	2017	Saint Kitts and Nevis
73.127	Saint Lucia	2017	Saint Lucia
74.305	Saint Vincent and the Grenadines	2017	Saint Vincent and the Grenadines
72.59	Samoa	2017	Samoa
68.267	Sao Tome and Principe	2017	Sao Tome and Principe
77.16	Saudi Arabia	2017	Saudi Arabia
67.75	Senegal	2017	Senegal
76.213	Serbia	2017	Serbia
73.803	Seychelles	2017	Seychelles
58.652	Sierra Leone	2017	Sierra Leone
83.224	Singapore	2017	Singapore
69.988	Solomon Islands	2017	Solomon Islands
65.402	South Africa	2017	South Africa
55.309	South Sudan	2017	South Sudan
75.403	Sri Lanka	2017	Sri Lanka
65.445	Sudan	2017	Sudan
72.417	Suriname	2017	Suriname
68.481	Syrian Arab Republic	2017	Syrian Arab Republic
69.905	Tajikistan	2017	Tajikistan
65.999	Tanzania (United Republic of)	2017	Tanzania (United Republic of)
78.394	Thailand	2017	Thailand
67.745	Timor-Leste	2017	Timor-Leste
60.154	Togo	2017	Togo
70.713	Tonga	2017	Tonga
74.23	Trinidad and Tobago	2017	Trinidad and Tobago
75.845	Tunisia	2017	Tunisia
77.141	Türkiye	2017	Türkiye
68.916	Turkmenistan	2017	Turkmenistan
64.148	Tuvalu	2017	Tuvalu
62.115	Uganda	2017	Uganda
74.718	Ukraine	2017	Ukraine
79.504	United Arab Emirates	2017	United Arab Emirates
77.625	Uruguay	2017	Uruguay
71.01	Uzbekistan	2017	Uzbekistan
69.71	Vanuatu	2017	Vanuatu
71.943	Venezuela (Bolivarian Republic of)	2017	Venezuela (Bolivarian Republic of)
73.963	Viet Nam	2017	Viet Nam
65.957	Yemen	2017	Yemen
62.12	Zambia	2017	Zambia
60.709	Zimbabwe	2017	Zimbabwe
63.081	Afghanistan	2018	Afghanistan
79.184	Albania	2018	Albania
76.066	Algeria	2018	Algeria
62.144	Angola	2018	Angola
78.511	Antigua and Barbuda	2018	Antigua and Barbuda
76.999	Argentina	2018	Argentina
75.064	Armenia	2018	Armenia
72.76	Azerbaijan	2018	Azerbaijan
73.806	Bahamas	2018	Bahamas
79.857	Bahrain	2018	Bahrain
72.567	Bangladesh	2018	Bangladesh
77.067	Barbados	2018	Barbados
74.568	Belarus	2018	Belarus
73.703	Belize	2018	Belize
60.14	Benin	2018	Benin
71.129	Bhutan	2018	Bhutan
67.748	Bolivia (Plurinational State of)	2018	Bolivia (Plurinational State of)
77.093	Bosnia and Herzegovina	2018	Bosnia and Herzegovina
65.422	Botswana	2018	Botswana
75.109	Brazil	2018	Brazil
74.712	Brunei Darussalam	2018	Brunei Darussalam
60.047	Burkina Faso	2018	Burkina Faso
61.688	Burundi	2018	Burundi
75.733	Cabo Verde	2018	Cabo Verde
70.561	Cambodia	2018	Cambodia
61.18	Cameroon	2018	Cameroon
54.369	Central African Republic	2018	Central African Republic
52.825	Chad	2018	Chad
80.133	Chile	2018	Chile
77.744	China	2018	China
76.748	Colombia	2018	Colombia
63.912	Comoros	2018	Comoros
64.053	Congo	2018	Congo
59.942	Congo (Democratic Republic of the)	2018	Congo (Democratic Republic of the)
79.484	Costa Rica	2018	Costa Rica
58.849	Côte d'Ivoire	2018	Côte d'Ivoire
77.496	Cuba	2018	Cuba
63.038	Djibouti	2018	Djibouti
73.59	Dominica	2018	Dominica
73.232	Dominican Republic	2018	Dominican Republic
77.094	Ecuador	2018	Ecuador
71.367	Egypt	2018	Egypt
72.555	El Salvador	2018	El Salvador
61.191	Equatorial Guinea	2018	Equatorial Guinea
67.067	Eritrea	2018	Eritrea
59.411	Eswatini (Kingdom of)	2018	Eswatini (Kingdom of)
65.412	Ethiopia	2018	Ethiopia
67.81	Fiji	2018	Fiji
66.306	Gabon	2018	Gabon
63.04	Gambia	2018	Gambia
73.341	Georgia	2018	Georgia
64.122	Ghana	2018	Ghana
74.808	Grenada	2018	Grenada
72.726	Guatemala	2018	Guatemala
59.349	Guinea	2018	Guinea
60.502	Guinea-Bissau	2018	Guinea-Bissau
68.896	Guyana	2018	Guyana
64.019	Haiti	2018	Haiti
72.814	Honduras	2018	Honduras
70.71	India	2018	India
70.338	Indonesia	2018	Indonesia
76.195	Iran (Islamic Republic of)	2018	Iran (Islamic Republic of)
71.514	Iraq	2018	Iraq
71.793	Jamaica	2018	Jamaica
75.774	Jordan	2018	Jordan
71.472	Kazakhstan	2018	Kazakhstan
62.676	Kenya	2018	Kenya
66.855	Kiribati	2018	Kiribati
79.722	Kuwait	2018	Kuwait
70.728	Kyrgyzstan	2018	Kyrgyzstan
67.634	Lao People's Democratic Republic	2018	Lao People's Democratic Republic
79.729	Lebanon	2018	Lebanon
53.733	Lesotho	2018	Lesotho
60.853	Liberia	2018	Liberia
72.794	Libya	2018	Libya
65.27	Madagascar	2018	Madagascar
63.276	Malawi	2018	Malawi
75.644	Malaysia	2018	Malaysia
80.013	Maldives	2018	Maldives
59.393	Mali	2018	Mali
64.5	Marshall Islands	2018	Marshall Islands
65.31	Mauritania	2018	Mauritania
74.919	Mauritius	2018	Mauritius
74.015	Mexico	2018	Mexico
71.318	Micronesia (Federated States of)	2018	Micronesia (Federated States of)
70.492	Moldova (Republic of)	2018	Moldova (Republic of)
71.199	Mongolia	2018	Mongolia
77.159	Montenegro	2018	Montenegro
73.986	Morocco	2018	Morocco
60.526	Mozambique	2018	Mozambique
66.465	Myanmar	2018	Myanmar
62.586	Namibia	2018	Namibia
63.234	Nauru	2018	Nauru
68.979	Nepal	2018	Nepal
73.85	Nicaragua	2018	Nicaragua
62.454	Niger	2018	Niger
52.554	Nigeria	2018	Nigeria
77.314	North Macedonia	2018	North Macedonia
77.966	Oman	2018	Oman
66.482	Pakistan	2018	Pakistan
64.389	Palau	2018	Palau
74.793	Palestine, State of	2018	Palestine, State of
77.863	Panama	2018	Panama
65.182	Papua New Guinea	2018	Papua New Guinea
73.568	Paraguay	2018	Paraguay
76.009	Peru	2018	Peru
71.689	Philippines	2018	Philippines
80.898	Qatar	2018	Qatar
66.251	Rwanda	2018	Rwanda
71.467	Saint Kitts and Nevis	2018	Saint Kitts and Nevis
73.357	Saint Lucia	2018	Saint Lucia
74.128	Saint Vincent and the Grenadines	2018	Saint Vincent and the Grenadines
72.636	Samoa	2018	Samoa
68.355	Sao Tome and Principe	2018	Sao Tome and Principe
77.212	Saudi Arabia	2018	Saudi Arabia
68.097	Senegal	2018	Senegal
76.511	Serbia	2018	Serbia
73.953	Seychelles	2018	Seychelles
59.796	Sierra Leone	2018	Sierra Leone
83.458	Singapore	2018	Singapore
70.173	Solomon Islands	2018	Solomon Islands
65.674	South Africa	2018	South Africa
55.95	South Sudan	2018	South Sudan
75.748	Sri Lanka	2018	Sri Lanka
65.681	Sudan	2018	Sudan
72.553	Suriname	2018	Suriname
70.145	Syrian Arab Republic	2018	Syrian Arab Republic
70.353	Tajikistan	2018	Tajikistan
66.535	Tanzania (United Republic of)	2018	Tanzania (United Republic of)
78.662	Thailand	2018	Thailand
68.017	Timor-Leste	2018	Timor-Leste
60.244	Togo	2018	Togo
70.779	Tonga	2018	Tonga
73.802	Trinidad and Tobago	2018	Trinidad and Tobago
75.95	Tunisia	2018	Tunisia
77.563	Türkiye	2018	Türkiye
68.796	Turkmenistan	2018	Turkmenistan
64.212	Tuvalu	2018	Tuvalu
62.714	Uganda	2018	Uganda
74.412	Ukraine	2018	Ukraine
79.627	United Arab Emirates	2018	United Arab Emirates
77.611	Uruguay	2018	Uruguay
71.149	Uzbekistan	2018	Uzbekistan
69.795	Vanuatu	2018	Vanuatu
71.979	Venezuela (Bolivarian Republic of)	2018	Venezuela (Bolivarian Republic of)
73.976	Viet Nam	2018	Viet Nam
64.575	Yemen	2018	Yemen
62.342	Zambia	2018	Zambia
61.414	Zimbabwe	2018	Zimbabwe
63.565	Afghanistan	2019	Afghanistan
79.282	Albania	2019	Albania
76.474	Algeria	2019	Algeria
62.448	Angola	2019	Angola
78.691	Antigua and Barbuda	2019	Antigua and Barbuda
77.284	Argentina	2019	Argentina
75.439	Armenia	2019	Armenia
73.102	Azerbaijan	2019	Azerbaijan
71.205	Bahamas	2019	Bahamas
80.019	Bahrain	2019	Bahrain
72.806	Bangladesh	2019	Bangladesh
77.257	Barbados	2019	Barbados
74.216	Belarus	2019	Belarus
73.931	Belize	2019	Belize
60.454	Benin	2019	Benin
71.391	Bhutan	2019	Bhutan
67.841	Bolivia (Plurinational State of)	2019	Bolivia (Plurinational State of)
77.241	Bosnia and Herzegovina	2019	Bosnia and Herzegovina
65.464	Botswana	2019	Botswana
75.338	Brazil	2019	Brazil
74.748	Brunei Darussalam	2019	Brunei Darussalam
60.039	Burkina Faso	2019	Burkina Faso
62.351	Burundi	2019	Burundi
76.004	Cabo Verde	2019	Cabo Verde
70.692	Cambodia	2019	Cambodia
61.584	Cameroon	2019	Cameroon
55.025	Central African Republic	2019	Central African Republic
53.259	Chad	2019	Chad
80.326	Chile	2019	Chile
77.968	China	2019	China
76.752	Colombia	2019	Colombia
64.068	Comoros	2019	Comoros
62.747	Congo	2019	Congo
60.276	Congo (Democratic Republic of the)	2019	Congo (Democratic Republic of the)
79.427	Costa Rica	2019	Costa Rica
59.319	Côte d'Ivoire	2019	Côte d'Ivoire
77.611	Cuba	2019	Cuba
63.085	Djibouti	2019	Djibouti
73.559	Dominica	2019	Dominica
73.577	Dominican Republic	2019	Dominican Republic
77.297	Ecuador	2019	Ecuador
71.358	Egypt	2019	Egypt
72.559	El Salvador	2019	El Salvador
61.644	Equatorial Guinea	2019	Equatorial Guinea
67.3	Eritrea	2019	Eritrea
60.549	Eswatini (Kingdom of)	2019	Eswatini (Kingdom of)
65.838	Ethiopia	2019	Ethiopia
67.893	Fiji	2019	Fiji
66.603	Gabon	2019	Gabon
63.755	Gambia	2019	Gambia
73.47	Georgia	2019	Georgia
64.74	Ghana	2019	Ghana
74.863	Grenada	2019	Grenada
73.129	Guatemala	2019	Guatemala
59.72	Guinea	2019	Guinea
60.882	Guinea-Bissau	2019	Guinea-Bissau
69.124	Guyana	2019	Guyana
64.255	Haiti	2019	Haiti
72.881	Honduras	2019	Honduras
70.91	India	2019	India
70.518	Indonesia	2019	Indonesia
76.103	Iran (Islamic Republic of)	2019	Iran (Islamic Republic of)
71.576	Iraq	2019	Iraq
71.767	Jamaica	2019	Jamaica
76.044	Jordan	2019	Jordan
71.567	Kazakhstan	2019	Kazakhstan
62.943	Kenya	2019	Kenya
67.15	Kiribati	2019	Kiribati
79.685	Kuwait	2019	Kuwait
71.23	Kyrgyzstan	2019	Kyrgyzstan
68.138	Lao People's Democratic Republic	2019	Lao People's Democratic Republic
79.236	Lebanon	2019	Lebanon
54.173	Lesotho	2019	Lesotho
61.104	Liberia	2019	Liberia
72.463	Libya	2019	Libya
65.882	Madagascar	2019	Madagascar
64.119	Malawi	2019	Malawi
75.76	Malaysia	2019	Malaysia
80.116	Maldives	2019	Maldives
59.664	Mali	2019	Mali
64.746	Marshall Islands	2019	Marshall Islands
65.687	Mauritania	2019	Mauritania
75.118	Mauritius	2019	Mauritius
74.202	Mexico	2019	Mexico
71.077	Micronesia (Federated States of)	2019	Micronesia (Federated States of)
70.935	Moldova (Republic of)	2019	Moldova (Republic of)
71.822	Mongolia	2019	Mongolia
77.04	Montenegro	2019	Montenegro
74.27	Morocco	2019	Morocco
61.166	Mozambique	2019	Mozambique
66.61	Myanmar	2019	Myanmar
63.075	Namibia	2019	Namibia
63.484	Nauru	2019	Nauru
69.558	Nepal	2019	Nepal
74.054	Nicaragua	2019	Nicaragua
62.897	Niger	2019	Niger
52.91	Nigeria	2019	Nigeria
77.293	North Macedonia	2019	North Macedonia
78.002	Oman	2019	Oman
66.756	Pakistan	2019	Pakistan
64.804	Palau	2019	Palau
75.241	Palestine, State of	2019	Palestine, State of
77.81	Panama	2019	Panama
65.474	Papua New Guinea	2019	Papua New Guinea
73.621	Paraguay	2019	Paraguay
76.156	Peru	2019	Peru
71.865	Philippines	2019	Philippines
80.99	Qatar	2019	Qatar
66.437	Rwanda	2019	Rwanda
71.572	Saint Kitts and Nevis	2019	Saint Kitts and Nevis
73.445	Saint Lucia	2019	Saint Lucia
72.835	Saint Vincent and the Grenadines	2019	Saint Vincent and the Grenadines
72.157	Samoa	2019	Samoa
68.523	Sao Tome and Principe	2019	Sao Tome and Principe
77.304	Saudi Arabia	2019	Saudi Arabia
68.526	Senegal	2019	Senegal
76.704	Serbia	2019	Serbia
74.169	Seychelles	2019	Seychelles
60.255	Sierra Leone	2019	Sierra Leone
83.758	Singapore	2019	Singapore
70.382	Solomon Islands	2019	Solomon Islands
66.175	South Africa	2019	South Africa
55.912	South Sudan	2019	South Sudan
76.008	Sri Lanka	2019	Sri Lanka
65.876	Sudan	2019	Sudan
72.242	Suriname	2019	Suriname
71.822	Syrian Arab Republic	2019	Syrian Arab Republic
70.867	Tajikistan	2019	Tajikistan
66.989	Tanzania (United Republic of)	2019	Tanzania (United Republic of)
78.975	Thailand	2019	Thailand
68.268	Timor-Leste	2019	Timor-Leste
60.901	Togo	2019	Togo
70.871	Tonga	2019	Tonga
74.228	Trinidad and Tobago	2019	Trinidad and Tobago
75.993	Tunisia	2019	Tunisia
77.832	Türkiye	2019	Türkiye
69.002	Turkmenistan	2019	Turkmenistan
64.278	Tuvalu	2019	Tuvalu
62.991	Uganda	2019	Uganda
74.536	Ukraine	2019	Ukraine
79.726	United Arab Emirates	2019	United Arab Emirates
77.508	Uruguay	2019	Uruguay
71.344	Uzbekistan	2019	Uzbekistan
69.877	Vanuatu	2019	Vanuatu
72.161	Venezuela (Bolivarian Republic of)	2019	Venezuela (Bolivarian Republic of)
74.093	Viet Nam	2019	Viet Nam
65.092	Yemen	2019	Yemen
62.793	Zambia	2019	Zambia
61.292	Zimbabwe	2019	Zimbabwe
62.575	Afghanistan	2020	Afghanistan
76.989	Albania	2020	Albania
74.453	Algeria	2020	Algeria
62.261	Angola	2020	Angola
78.841	Antigua and Barbuda	2020	Antigua and Barbuda
75.892	Argentina	2020	Argentina
72.173	Armenia	2020	Armenia
66.868	Azerbaijan	2020	Azerbaijan
72.677	Bahamas	2020	Bahamas
79.174	Bahrain	2020	Bahrain
71.968	Bangladesh	2020	Bangladesh
77.393	Barbados	2020	Barbados
72.513	Belarus	2020	Belarus
72.854	Belize	2020	Belize
60.088	Benin	2020	Benin
71.609	Bhutan	2020	Bhutan
64.467	Bolivia (Plurinational State of)	2020	Bolivia (Plurinational State of)
76.225	Bosnia and Herzegovina	2020	Bosnia and Herzegovina
65.647	Botswana	2020	Botswana
74.009	Brazil	2020	Brazil
74.795	Brunei Darussalam	2020	Brunei Darussalam
59.731	Burkina Faso	2020	Burkina Faso
61.566	Burundi	2020	Burundi
74.808	Cabo Verde	2020	Cabo Verde
70.416	Cambodia	2020	Cambodia
60.833	Cameroon	2020	Cameroon
54.604	Central African Republic	2020	Central African Republic
52.777	Chad	2020	Chad
79.377	Chile	2020	Chile
78.077	China	2020	China
74.769	Colombia	2020	Colombia
64.166	Comoros	2020	Comoros
63.785	Congo	2020	Congo
59.739	Congo (Democratic Republic of the)	2020	Congo (Democratic Republic of the)
79.277	Costa Rica	2020	Costa Rica
59.032	Côte d'Ivoire	2020	Côte d'Ivoire
77.567	Cuba	2020	Cuba
62.694	Djibouti	2020	Djibouti
73.649	Dominica	2020	Dominica
72.889	Dominican Republic	2020	Dominican Republic
72.153	Ecuador	2020	Ecuador
70.99	Egypt	2020	Egypt
71.061	El Salvador	2020	El Salvador
60.708	Equatorial Guinea	2020	Equatorial Guinea
67.133	Eritrea	2020	Eritrea
59.692	Eswatini (Kingdom of)	2020	Eswatini (Kingdom of)
65.371	Ethiopia	2020	Ethiopia
67.924	Fiji	2020	Fiji
66.531	Gabon	2020	Gabon
62.612	Gambia	2020	Gambia
72.765	Georgia	2020	Georgia
64.114	Ghana	2020	Ghana
74.924	Grenada	2020	Grenada
71.797	Guatemala	2020	Guatemala
59.327	Guinea	2020	Guinea
59.999	Guinea-Bissau	2020	Guinea-Bissau
68.486	Guyana	2020	Guyana
64.052	Haiti	2020	Haiti
71.462	Honduras	2020	Honduras
70.15	India	2020	India
68.808	Indonesia	2020	Indonesia
74.832	Iran (Islamic Republic of)	2020	Iran (Islamic Republic of)
69.123	Iraq	2020	Iraq
71.869	Jamaica	2020	Jamaica
75.184	Jordan	2020	Jordan
70.03	Kazakhstan	2020	Kazakhstan
62.675	Kenya	2020	Kenya
67.266	Kiribati	2020	Kiribati
76.92	Kuwait	2020	Kuwait
69.629	Kyrgyzstan	2020	Kyrgyzstan
68.497	Lao People's Democratic Republic	2020	Lao People's Democratic Republic
77.804	Lebanon	2020	Lebanon
54.693	Lesotho	2020	Lesotho
60.948	Liberia	2020	Liberia
72.472	Libya	2020	Libya
65.182	Madagascar	2020	Madagascar
63.717	Malawi	2020	Malawi
75.938	Malaysia	2020	Malaysia
79.875	Maldives	2020	Maldives
58.633	Mali	2020	Mali
64.977	Marshall Islands	2020	Marshall Islands
64.532	Mauritania	2020	Mauritania
74.331	Mauritius	2020	Mauritius
70.133	Mexico	2020	Mexico
70.674	Micronesia (Federated States of)	2020	Micronesia (Federated States of)
70.166	Moldova (Republic of)	2020	Moldova (Republic of)
72.141	Mongolia	2020	Mongolia
76.257	Montenegro	2020	Montenegro
73.92	Morocco	2020	Morocco
61.172	Mozambique	2020	Mozambique
66.797	Myanmar	2020	Myanmar
62.829	Namibia	2020	Namibia
63.437	Nauru	2020	Nauru
69.246	Nepal	2020	Nepal
71.795	Nicaragua	2020	Nicaragua
61.451	Niger	2020	Niger
52.887	Nigeria	2020	Nigeria
75.168	North Macedonia	2020	North Macedonia
74.757	Oman	2020	Oman
66.269	Pakistan	2020	Pakistan
65.349	Palau	2020	Palau
74.403	Palestine, State of	2020	Palestine, State of
76.657	Panama	2020	Panama
65.787	Papua New Guinea	2020	Papua New Guinea
73.182	Paraguay	2020	Paraguay
73.665	Peru	2020	Peru
72.119	Philippines	2020	Philippines
79.099	Qatar	2020	Qatar
66.774	Rwanda	2020	Rwanda
71.627	Saint Kitts and Nevis	2020	Saint Kitts and Nevis
73.416	Saint Lucia	2020	Saint Lucia
72.126	Saint Vincent and the Grenadines	2020	Saint Vincent and the Grenadines
72.768	Samoa	2020	Samoa
67.785	Sao Tome and Principe	2020	Sao Tome and Principe
76.239	Saudi Arabia	2020	Saudi Arabia
68.006	Senegal	2020	Senegal
75.406	Serbia	2020	Serbia
73.532	Seychelles	2020	Seychelles
59.763	Sierra Leone	2020	Sierra Leone
82.861	Singapore	2020	Singapore
70.199	Solomon Islands	2020	Solomon Islands
65.252	South Africa	2020	South Africa
55.48	South Sudan	2020	South Sudan
76.393	Sri Lanka	2020	Sri Lanka
65.614	Sudan	2020	Sudan
72.561	Suriname	2020	Suriname
72.14	Syrian Arab Republic	2020	Syrian Arab Republic
67.994	Tajikistan	2020	Tajikistan
66.408	Tanzania (United Republic of)	2020	Tanzania (United Republic of)
79.274	Thailand	2020	Thailand
68.475	Timor-Leste	2020	Timor-Leste
61.035	Togo	2020	Togo
70.928	Tonga	2020	Tonga
74.406	Trinidad and Tobago	2020	Trinidad and Tobago
75.292	Tunisia	2020	Tunisia
75.85	Türkiye	2020	Türkiye
68.687	Turkmenistan	2020	Turkmenistan
64.382	Tuvalu	2020	Tuvalu
62.851	Uganda	2020	Uganda
72.573	Ukraine	2020	Ukraine
78.946	United Arab Emirates	2020	United Arab Emirates
78.43	Uruguay	2020	Uruguay
70.331	Uzbekistan	2020	Uzbekistan
70.299	Vanuatu	2020	Vanuatu
71.095	Venezuela (Bolivarian Republic of)	2020	Venezuela (Bolivarian Republic of)
75.378	Viet Nam	2020	Viet Nam
64.65	Yemen	2020	Yemen
62.38	Zambia	2020	Zambia
61.124	Zimbabwe	2020	Zimbabwe
61.982	Afghanistan	2021	Afghanistan
76.463	Albania	2021	Albania
76.377	Algeria	2021	Algeria
61.643	Angola	2021	Angola
78.497	Antigua and Barbuda	2021	Antigua and Barbuda
75.39	Argentina	2021	Argentina
72.043	Armenia	2021	Armenia
69.366	Azerbaijan	2021	Azerbaijan
71.598	Bahamas	2021	Bahamas
78.76	Bahrain	2021	Bahrain
72.381	Bangladesh	2021	Bangladesh
77.571	Barbados	2021	Barbados
72.438	Belarus	2021	Belarus
70.47	Belize	2021	Belize
59.821	Benin	2021	Benin
71.815	Bhutan	2021	Bhutan
63.63	Bolivia (Plurinational State of)	2021	Bolivia (Plurinational State of)
75.3	Bosnia and Herzegovina	2021	Bosnia and Herzegovina
61.141	Botswana	2021	Botswana
72.75	Brazil	2021	Brazil
74.642	Brunei Darussalam	2021	Brunei Darussalam
59.27	Burkina Faso	2021	Burkina Faso
61.663	Burundi	2021	Burundi
74.052	Cabo Verde	2021	Cabo Verde
69.584	Cambodia	2021	Cambodia
60.333	Cameroon	2021	Cameroon
53.895	Central African Republic	2021	Central African Republic
52.525	Chad	2021	Chad
78.944	Chile	2021	Chile
78.211	China	2021	China
72.83	Colombia	2021	Colombia
63.417	Comoros	2021	Comoros
63.519	Congo	2021	Congo
59.193	Congo (Democratic Republic of the)	2021	Congo (Democratic Republic of the)
77.023	Costa Rica	2021	Costa Rica
58.598	Côte d'Ivoire	2021	Côte d'Ivoire
73.683	Cuba	2021	Cuba
62.305	Djibouti	2021	Djibouti
72.814	Dominica	2021	Dominica
72.615	Dominican Republic	2021	Dominican Republic
73.67	Ecuador	2021	Ecuador
70.221	Egypt	2021	Egypt
70.748	El Salvador	2021	El Salvador
60.594	Equatorial Guinea	2021	Equatorial Guinea
66.536	Eritrea	2021	Eritrea
57.066	Eswatini (Kingdom of)	2021	Eswatini (Kingdom of)
64.975	Ethiopia	2021	Ethiopia
67.114	Fiji	2021	Fiji
65.821	Gabon	2021	Gabon
62.083	Gambia	2021	Gambia
71.694	Georgia	2021	Georgia
63.795	Ghana	2021	Ghana
74.936	Grenada	2021	Grenada
69.237	Guatemala	2021	Guatemala
58.892	Guinea	2021	Guinea
59.652	Guinea-Bissau	2021	Guinea-Bissau
65.673	Guyana	2021	Guyana
63.192	Haiti	2021	Haiti
70.123	Honduras	2021	Honduras
67.24	India	2021	India
67.57	Indonesia	2021	Indonesia
73.875	Iran (Islamic Republic of)	2021	Iran (Islamic Republic of)
70.378	Iraq	2021	Iraq
70.5	Jamaica	2021	Jamaica
74.256	Jordan	2021	Jordan
69.362	Kazakhstan	2021	Kazakhstan
61.427	Kenya	2021	Kenya
67.417	Kiribati	2021	Kiribati
78.673	Kuwait	2021	Kuwait
69.977	Kyrgyzstan	2021	Kyrgyzstan
68.061	Lao People's Democratic Republic	2021	Lao People's Democratic Republic
75.047	Lebanon	2021	Lebanon
53.062	Lesotho	2021	Lesotho
60.747	Liberia	2021	Liberia
71.911	Libya	2021	Libya
64.485	Madagascar	2021	Madagascar
62.904	Malawi	2021	Malawi
74.884	Malaysia	2021	Malaysia
79.918	Maldives	2021	Maldives
58.941	Mali	2021	Mali
65.269	Marshall Islands	2021	Marshall Islands
64.364	Mauritania	2021	Mauritania
73.555	Mauritius	2021	Mauritius
70.213	Mexico	2021	Mexico
70.71	Micronesia (Federated States of)	2021	Micronesia (Federated States of)
68.846	Moldova (Republic of)	2021	Moldova (Republic of)
70.975	Mongolia	2021	Mongolia
76.343	Montenegro	2021	Montenegro
74.042	Morocco	2021	Morocco
59.325	Mozambique	2021	Mozambique
65.672	Myanmar	2021	Myanmar
59.269	Namibia	2021	Namibia
63.617	Nauru	2021	Nauru
68.45	Nepal	2021	Nepal
73.837	Nicaragua	2021	Nicaragua
61.576	Niger	2021	Niger
52.676	Nigeria	2021	Nigeria
73.841	North Macedonia	2021	North Macedonia
72.541	Oman	2021	Oman
66.098	Pakistan	2021	Pakistan
66.02	Palau	2021	Palau
73.473	Palestine, State of	2021	Palestine, State of
76.223	Panama	2021	Panama
65.351	Papua New Guinea	2021	Papua New Guinea
70.262	Paraguay	2021	Paraguay
72.377	Peru	2021	Peru
69.266	Philippines	2021	Philippines
79.272	Qatar	2021	Qatar
66.072	Rwanda	2021	Rwanda
71.682	Saint Kitts and Nevis	2021	Saint Kitts and Nevis
71.111	Saint Lucia	2021	Saint Lucia
69.629	Saint Vincent and the Grenadines	2021	Saint Vincent and the Grenadines
72.767	Samoa	2021	Samoa
67.591	Sao Tome and Principe	2021	Sao Tome and Principe
76.936	Saudi Arabia	2021	Saudi Arabia
67.093	Senegal	2021	Senegal
74.192	Serbia	2021	Serbia
71.294	Seychelles	2021	Seychelles
60.062	Sierra Leone	2021	Sierra Leone
82.754	Singapore	2021	Singapore
70.348	Solomon Islands	2021	Solomon Islands
62.341	South Africa	2021	South Africa
54.975	South Sudan	2021	South Sudan
76.399	Sri Lanka	2021	Sri Lanka
65.267	Sudan	2021	Sudan
70.274	Suriname	2021	Suriname
72.063	Syrian Arab Republic	2021	Syrian Arab Republic
71.594	Tajikistan	2021	Tajikistan
66.201	Tanzania (United Republic of)	2021	Tanzania (United Republic of)
78.715	Thailand	2021	Thailand
67.737	Timor-Leste	2021	Timor-Leste
61.619	Togo	2021	Togo
70.986	Tonga	2021	Tonga
72.971	Trinidad and Tobago	2021	Trinidad and Tobago
73.772	Tunisia	2021	Tunisia
76.032	Türkiye	2021	Türkiye
69.264	Turkmenistan	2021	Turkmenistan
64.547	Tuvalu	2021	Tuvalu
62.705	Uganda	2021	Uganda
71.624	Ukraine	2021	Ukraine
78.71	United Arab Emirates	2021	United Arab Emirates
75.436	Uruguay	2021	Uruguay
70.862	Uzbekistan	2021	Uzbekistan
70.449	Vanuatu	2021	Vanuatu
70.554	Venezuela (Bolivarian Republic of)	2021	Venezuela (Bolivarian Republic of)
73.618	Viet Nam	2021	Viet Nam
63.753	Yemen	2021	Yemen
61.223	Zambia	2021	Zambia
59.253	Zimbabwe	2021	Zimbabwe
62.879	Afghanistan	2022	Afghanistan
76.833	Albania	2022	Albania
77.129	Algeria	2022	Algeria
61.929	Angola	2022	Angola
79.236	Antigua and Barbuda	2022	Antigua and Barbuda
76.064	Argentina	2022	Argentina
73.372	Armenia	2022	Armenia
73.488	Azerbaijan	2022	Azerbaijan
74.358	Bahamas	2022	Bahamas
79.246	Bahrain	2022	Bahrain
73.698	Bangladesh	2022	Bangladesh
77.706	Barbados	2022	Barbados
73.246	Belarus	2022	Belarus
70.962	Belize	2022	Belize
59.954	Benin	2022	Benin
72.229	Bhutan	2022	Bhutan
64.928	Bolivia (Plurinational State of)	2022	Bolivia (Plurinational State of)
75.293	Bosnia and Herzegovina	2022	Bosnia and Herzegovina
65.913	Botswana	2022	Botswana
73.425	Brazil	2022	Brazil
74.551	Brunei Darussalam	2022	Brunei Darussalam
59.766	Burkina Faso	2022	Burkina Faso
61.977	Burundi	2022	Burundi
74.722	Cabo Verde	2022	Cabo Verde
69.896	Cambodia	2022	Cambodia
60.958	Cameroon	2022	Cameroon
54.477	Central African Republic	2022	Central African Republic
52.997	Chad	2022	Chad
79.519	Chile	2022	Chile
78.587	China	2022	China
73.659	Colombia	2022	Colombia
63.68	Comoros	2022	Comoros
63.053	Congo	2022	Congo
59.743	Congo (Democratic Republic of the)	2022	Congo (Democratic Republic of the)
77.32	Costa Rica	2022	Costa Rica
58.916	Côte d'Ivoire	2022	Côte d'Ivoire
78.155	Cuba	2022	Cuba
62.859	Djibouti	2022	Djibouti
72.981	Dominica	2022	Dominica
74.17	Dominican Republic	2022	Dominican Republic
77.894	Ecuador	2022	Ecuador
70.159	Egypt	2022	Egypt
71.475	El Salvador	2022	El Salvador
61.19	Equatorial Guinea	2022	Equatorial Guinea
66.604	Eritrea	2022	Eritrea
56.36	Eswatini (Kingdom of)	2022	Eswatini (Kingdom of)
65.645	Ethiopia	2022	Ethiopia
68.312	Fiji	2022	Fiji
65.694	Gabon	2022	Gabon
62.906	Gambia	2022	Gambia
71.587	Georgia	2022	Georgia
63.945	Ghana	2022	Ghana
75.335	Grenada	2022	Grenada
68.674	Guatemala	2022	Guatemala
58.985	Guinea	2022	Guinea
59.861	Guinea-Bissau	2022	Guinea-Bissau
65.989	Guyana	2022	Guyana
63.728	Haiti	2022	Haiti
70.728	Honduras	2022	Honduras
67.744	India	2022	India
68.25	Indonesia	2022	Indonesia
74.556	Iran (Islamic Republic of)	2022	Iran (Islamic Republic of)
71.336	Iraq	2022	Iraq
70.629	Jamaica	2022	Jamaica
74.215	Jordan	2022	Jordan
69.489	Kazakhstan	2022	Kazakhstan
62.055	Kenya	2022	Kenya
67.661	Kiribati	2022	Kiribati
80.264	Kuwait	2022	Kuwait
70.484	Kyrgyzstan	2022	Kyrgyzstan
68.999	Lao People's Democratic Republic	2022	Lao People's Democratic Republic
74.416	Lebanon	2022	Lebanon
53.036	Lesotho	2022	Lesotho
61.1	Liberia	2022	Liberia
72.151	Libya	2022	Libya
65.23	Madagascar	2022	Madagascar
62.898	Malawi	2022	Malawi
76.26	Malaysia	2022	Malaysia
80.839	Maldives	2022	Maldives
59.417	Mali	2022	Mali
65.146	Marshall Islands	2022	Marshall Islands
64.691	Mauritania	2022	Mauritania
73.975	Mauritius	2022	Mauritius
74.832	Mexico	2022	Mexico
70.925	Micronesia (Federated States of)	2022	Micronesia (Federated States of)
68.621	Moldova (Republic of)	2022	Moldova (Republic of)
72.667	Mongolia	2022	Mongolia
76.845	Montenegro	2022	Montenegro
74.973	Morocco	2022	Morocco
59.625	Mozambique	2022	Mozambique
67.256	Myanmar	2022	Myanmar
58.059	Namibia	2022	Namibia
64.014	Nauru	2022	Nauru
70.484	Nepal	2022	Nepal
74.615	Nicaragua	2022	Nicaragua
62.08	Niger	2022	Niger
53.633	Nigeria	2022	Nigeria
73.888	North Macedonia	2022	North Macedonia
73.935	Oman	2022	Oman
66.431	Pakistan	2022	Pakistan
65.362	Palau	2022	Palau
73.444	Palestine, State of	2022	Palestine, State of
76.826	Panama	2022	Panama
65.958	Papua New Guinea	2022	Papua New Guinea
70.475	Paraguay	2022	Paraguay
73.385	Peru	2022	Peru
72.187	Philippines	2022	Philippines
81.559	Qatar	2022	Qatar
67.129	Rwanda	2022	Rwanda
72.027	Saint Kitts and Nevis	2022	Saint Kitts and Nevis
71.294	Saint Lucia	2022	Saint Lucia
68.972	Saint Vincent and the Grenadines	2022	Saint Vincent and the Grenadines
72.598	Samoa	2022	Samoa
68.794	Sao Tome and Principe	2022	Sao Tome and Principe
77.905	Saudi Arabia	2022	Saudi Arabia
67.913	Senegal	2022	Senegal
74.137	Serbia	2022	Serbia
71.738	Seychelles	2022	Seychelles
60.411	Sierra Leone	2022	Sierra Leone
84.133	Singapore	2022	Singapore
70.742	Solomon Islands	2022	Solomon Islands
56.107	Somalia	2022	Somalia
61.48	South Africa	2022	South Africa
55.567	South Sudan	2022	South Sudan
76.61	Sri Lanka	2022	Sri Lanka
65.578	Sudan	2022	Sudan
70.289	Suriname	2022	Suriname
72.3	Syrian Arab Republic	2022	Syrian Arab Republic
71.288	Tajikistan	2022	Tajikistan
66.782	Tanzania (United Republic of)	2022	Tanzania (United Republic of)
79.68	Thailand	2022	Thailand
69.056	Timor-Leste	2022	Timor-Leste
61.588	Togo	2022	Togo
71.27	Tonga	2022	Tonga
74.708	Trinidad and Tobago	2022	Trinidad and Tobago
74.263	Tunisia	2022	Tunisia
78.475	Türkiye	2022	Türkiye
69.41	Turkmenistan	2022	Turkmenistan
64.854	Tuvalu	2022	Tuvalu
63.638	Uganda	2022	Uganda
68.564	Ukraine	2022	Ukraine
79.196	United Arab Emirates	2022	United Arab Emirates
78	Uruguay	2022	Uruguay
71.674	Uzbekistan	2022	Uzbekistan
70.492	Vanuatu	2022	Vanuatu
71.105	Venezuela (Bolivarian Republic of)	2022	Venezuela (Bolivarian Republic of)
74.58	Viet Nam	2022	Viet Nam
63.72	Yemen	2022	Yemen
61.803	Zambia	2022	Zambia
59.391	Zimbabwe	2022	Zimbabwe
