group	colour	y	x	tooltip	clickSelects	showSelected1
1	#619CFF	2.936460018	1990	Afghanistan	Afghanistan	SA
1	#619CFF	3.228456167	1991	Afghanistan	Afghanistan	SA
1	#619CFF	3.520452316	1992	Afghanistan	Afghanistan	SA
1	#619CFF	3.812448465	1993	Afghanistan	Afghanistan	SA
1	#619CFF	4.104444614	1994	Afghanistan	Afghanistan	SA
1	#619CFF	4.396440763	1995	Afghanistan	Afghanistan	SA
1	#619CFF	4.688436912	1996	Afghanistan	Afghanistan	SA
1	#619CFF	4.980433061	1997	Afghanistan	Afghanistan	SA
1	#619CFF	5.272429209	1998	Afghanistan	Afghanistan	SA
1	#619CFF	5.564425358	1999	Afghanistan	Afghanistan	SA
1	#619CFF	5.856421507	2000	Afghanistan	Afghanistan	SA
1	#619CFF	6.148417656	2001	Afghanistan	Afghanistan	SA
1	#619CFF	6.440413805	2002	Afghanistan	Afghanistan	SA
1	#619CFF	6.732409954	2003	Afghanistan	Afghanistan	SA
1	#619CFF	7.600430012	2004	Afghanistan	Afghanistan	SA
1	#619CFF	7.858029938	2005	Afghanistan	Afghanistan	SA
1	#619CFF	8.115629864	2006	Afghanistan	Afghanistan	SA
1	#619CFF	8.37322979	2007	Afghanistan	Afghanistan	SA
1	#619CFF	8.630829716	2008	Afghanistan	Afghanistan	SA
1	#619CFF	8.888429642	2009	Afghanistan	Afghanistan	SA
1	#619CFF	9.180809975	2010	Afghanistan	Afghanistan	SA
1	#619CFF	9.473190308	2011	Afghanistan	Afghanistan	SA
1	#619CFF	9.803686778	2012	Afghanistan	Afghanistan	SA
1	#619CFF	10.13418325	2013	Afghanistan	Afghanistan	SA
1	#619CFF	10.46467972	2014	Afghanistan	Afghanistan	SA
1	#619CFF	10.48297477	2015	Afghanistan	Afghanistan	SA
1	#619CFF	10.50126982	2016	Afghanistan	Afghanistan	SA
1	#619CFF	10.51956487	2017	Afghanistan	Afghanistan	SA
1	#619CFF	10.53785992	2018	Afghanistan	Afghanistan	SA
1	#619CFF	10.62129205	2019	Afghanistan	Afghanistan	SA
1	#619CFF	10.70538475	2020	Afghanistan	Afghanistan	SA
1	#619CFF	10.70538475	2021	Afghanistan	Afghanistan	SA
1	#619CFF	10.70538475	2022	Afghanistan	Afghanistan	SA
2	#00BA38	11.57933998	1990	Albania	Albania	ECA
2	#00BA38	11.78129959	1991	Albania	Albania	ECA
2	#00BA38	10.65800953	1992	Albania	Albania	ECA
2	#00BA38	10.07353973	1993	Albania	Albania	ECA
2	#00BA38	9.992659569	1994	Albania	Albania	ECA
2	#00BA38	10.05914021	1995	Albania	Albania	ECA
2	#00BA38	10.16149998	1996	Albania	Albania	ECA
2	#00BA38	10.36505985	1997	Albania	Albania	ECA
2	#00BA38	10.54819012	1998	Albania	Albania	ECA
2	#00BA38	10.63376045	1999	Albania	Albania	ECA
2	#00BA38	10.70049	2000	Albania	Albania	ECA
2	#00BA38	10.91763973	2001	Albania	Albania	ECA
2	#00BA38	11.02056026	2002	Albania	Albania	ECA
2	#00BA38	11.37574959	2003	Albania	Albania	ECA
2	#00BA38	11.50094032	2004	Albania	Albania	ECA
2	#00BA38	12.2344799	2005	Albania	Albania	ECA
2	#00BA38	12.55426025	2006	Albania	Albania	ECA
2	#00BA38	12.9734602	2007	Albania	Albania	ECA
2	#00BA38	13.17510033	2008	Albania	Albania	ECA
2	#00BA38	13.36019993	2009	Albania	Albania	ECA
2	#00BA38	14.1717701	2010	Albania	Albania	ECA
2	#00BA38	15.00177956	2011	Albania	Albania	ECA
2	#00BA38	15.76570988	2012	Albania	Albania	ECA
2	#00BA38	15.99631023	2013	Albania	Albania	ECA
2	#00BA38	16.24332047	2014	Albania	Albania	ECA
2	#00BA38	15.91224003	2015	Albania	Albania	ECA
2	#00BA38	15.44941998	2016	Albania	Albania	ECA
2	#00BA38	15.32594013	2017	Albania	Albania	ECA
2	#00BA38	15.10783005	2018	Albania	Albania	ECA
2	#00BA38	15.1776104	2019	Albania	Albania	ECA
2	#00BA38	14.75971985	2020	Albania	Albania	ECA
2	#00BA38	14.57174969	2021	Albania	Albania	ECA
2	#00BA38	14.48746967	2022	Albania	Albania	ECA
3	#F8766D	9.797889709	1990	Algeria	Algeria	AS
3	#F8766D	9.823940277	1991	Algeria	Algeria	AS
3	#F8766D	9.909230232	1992	Algeria	Algeria	AS
3	#F8766D	9.915590286	1993	Algeria	Algeria	AS
3	#F8766D	9.986069679	1994	Algeria	Algeria	AS
3	#F8766D	9.958029747	1995	Algeria	Algeria	AS
3	#F8766D	10.12388992	1996	Algeria	Algeria	AS
3	#F8766D	10.41034667	1997	Algeria	Algeria	AS
3	#F8766D	10.69680341	1998	Algeria	Algeria	AS
3	#F8766D	10.98326015	1999	Algeria	Algeria	AS
3	#F8766D	11.22196007	2000	Algeria	Algeria	AS
3	#F8766D	11.46065998	2001	Algeria	Algeria	AS
3	#F8766D	11.86806965	2002	Algeria	Algeria	AS
3	#F8766D	12.13883018	2003	Algeria	Algeria	AS
3	#F8766D	12.47397995	2004	Algeria	Algeria	AS
3	#F8766D	12.72078991	2005	Algeria	Algeria	AS
3	#F8766D	12.81142044	2006	Algeria	Algeria	AS
3	#F8766D	12.98950005	2007	Algeria	Algeria	AS
3	#F8766D	13.43463516	2008	Algeria	Algeria	AS
3	#F8766D	13.87977028	2009	Algeria	Algeria	AS
3	#F8766D	14.23808002	2010	Algeria	Algeria	AS
3	#F8766D	14.46667957	2011	Algeria	Algeria	AS
3	#F8766D	14.55951595	2012	Algeria	Algeria	AS
3	#F8766D	14.65235233	2013	Algeria	Algeria	AS
3	#F8766D	14.74518871	2014	Algeria	Algeria	AS
3	#F8766D	14.83802509	2015	Algeria	Algeria	AS
3	#F8766D	14.93086147	2016	Algeria	Algeria	AS
3	#F8766D	15.02369785	2017	Algeria	Algeria	AS
3	#F8766D	15.11653423	2018	Algeria	Algeria	AS
3	#F8766D	15.20937061	2019	Algeria	Algeria	AS
3	#F8766D	15.30220699	2020	Algeria	Algeria	AS
3	#F8766D	15.39504337	2021	Algeria	Algeria	AS
3	#F8766D	15.48787975	2022	Algeria	Algeria	AS
6	#00BFC4	13.39248967	1990	Argentina	Argentina	LAC
6	#00BFC4	13.35243988	1991	Argentina	Argentina	LAC
6	#00BFC4	13.31250985	1992	Argentina	Argentina	LAC
6	#00BFC4	13.27257983	1993	Argentina	Argentina	LAC
6	#00BFC4	13.2326498	1994	Argentina	Argentina	LAC
6	#00BFC4	13.45425487	1995	Argentina	Argentina	LAC
6	#00BFC4	13.67585993	1996	Argentina	Argentina	LAC
6	#00BFC4	13.89746499	1997	Argentina	Argentina	LAC
6	#00BFC4	14.11907005	1998	Argentina	Argentina	LAC
6	#00BFC4	15.17325974	1999	Argentina	Argentina	LAC
6	#00BFC4	15.68756962	2000	Argentina	Argentina	LAC
6	#00BFC4	16.30578041	2001	Argentina	Argentina	LAC
6	#00BFC4	16.39250946	2002	Argentina	Argentina	LAC
6	#00BFC4	16.26638985	2003	Argentina	Argentina	LAC
6	#00BFC4	16.29898071	2004	Argentina	Argentina	LAC
6	#00BFC4	16.01845932	2005	Argentina	Argentina	LAC
6	#00BFC4	16.17373085	2006	Argentina	Argentina	LAC
6	#00BFC4	16.18906021	2007	Argentina	Argentina	LAC
6	#00BFC4	16.38180923	2008	Argentina	Argentina	LAC
6	#00BFC4	16.7100296	2009	Argentina	Argentina	LAC
6	#00BFC4	17.02877998	2010	Argentina	Argentina	LAC
6	#00BFC4	17.26371956	2011	Argentina	Argentina	LAC
6	#00BFC4	17.23535919	2012	Argentina	Argentina	LAC
6	#00BFC4	17.2339592	2013	Argentina	Argentina	LAC
6	#00BFC4	17.42231941	2014	Argentina	Argentina	LAC
6	#00BFC4	17.58465958	2015	Argentina	Argentina	LAC
6	#00BFC4	17.85773087	2016	Argentina	Argentina	LAC
6	#00BFC4	17.84296989	2017	Argentina	Argentina	LAC
6	#00BFC4	17.85782051	2018	Argentina	Argentina	LAC
6	#00BFC4	18.08637047	2019	Argentina	Argentina	LAC
6	#00BFC4	18.36116028	2020	Argentina	Argentina	LAC
6	#00BFC4	18.97950935	2021	Argentina	Argentina	LAC
6	#00BFC4	18.97950935	2022	Argentina	Argentina	LAC
7	#00BA38	11.20504035	1990	Armenia	Armenia	ECA
7	#00BA38	10.74901009	1991	Armenia	Armenia	ECA
7	#00BA38	10.31153965	1992	Armenia	Armenia	ECA
7	#00BA38	10.7276001	1993	Armenia	Armenia	ECA
7	#00BA38	10.47511005	1994	Armenia	Armenia	ECA
7	#00BA38	10.17511988	1995	Armenia	Armenia	ECA
7	#00BA38	9.8751297	1996	Armenia	Armenia	ECA
7	#00BA38	10.15093994	1997	Armenia	Armenia	ECA
7	#00BA38	10.73042965	1998	Armenia	Armenia	ECA
7	#00BA38	10.87100983	1999	Armenia	Armenia	ECA
7	#00BA38	10.72482014	2000	Armenia	Armenia	ECA
7	#00BA38	10.50561047	2001	Armenia	Armenia	ECA
7	#00BA38	10.54656029	2002	Armenia	Armenia	ECA
7	#00BA38	10.58751011	2003	Armenia	Armenia	ECA
7	#00BA38	10.62845993	2004	Armenia	Armenia	ECA
7	#00BA38	10.88076973	2005	Armenia	Armenia	ECA
7	#00BA38	11.33533955	2006	Armenia	Armenia	ECA
7	#00BA38	11.92838955	2007	Armenia	Armenia	ECA
7	#00BA38	11.69701958	2008	Armenia	Armenia	ECA
7	#00BA38	12.23157978	2009	Armenia	Armenia	ECA
7	#00BA38	12.42601967	2010	Armenia	Armenia	ECA
7	#00BA38	12.55574036	2011	Armenia	Armenia	ECA
7	#00BA38	12.67855024	2012	Armenia	Armenia	ECA
7	#00BA38	12.80136013	2013	Armenia	Armenia	ECA
7	#00BA38	13.07810974	2014	Armenia	Armenia	ECA
7	#00BA38	13.13249016	2015	Armenia	Armenia	ECA
7	#00BA38	13.36215019	2016	Armenia	Armenia	ECA
7	#00BA38	13.59181023	2017	Armenia	Armenia	ECA
7	#00BA38	13.82147026	2018	Armenia	Armenia	ECA
7	#00BA38	13.99892044	2019	Armenia	Armenia	ECA
7	#00BA38	14.07796955	2020	Armenia	Armenia	ECA
7	#00BA38	14.43037987	2021	Armenia	Armenia	ECA
7	#00BA38	14.40561008	2022	Armenia	Armenia	ECA
9	#00BFC4	11.29223459	1990	Bahamas	Bahamas	LAC
9	#00BFC4	11.30924636	1991	Bahamas	Bahamas	LAC
9	#00BFC4	11.32628377	1992	Bahamas	Bahamas	LAC
9	#00BFC4	11.34334683	1993	Bahamas	Bahamas	LAC
9	#00BFC4	11.36043561	1994	Bahamas	Bahamas	LAC
9	#00BFC4	11.37755013	1995	Bahamas	Bahamas	LAC
9	#00BFC4	11.39469043	1996	Bahamas	Bahamas	LAC
9	#00BFC4	11.41185655	1997	Bahamas	Bahamas	LAC
9	#00BFC4	11.42904853	1998	Bahamas	Bahamas	LAC
9	#00BFC4	11.44626642	1999	Bahamas	Bahamas	LAC
9	#00BFC4	11.46351024	2000	Bahamas	Bahamas	LAC
9	#00BFC4	11.48078004	2001	Bahamas	Bahamas	LAC
9	#00BFC4	11.49807586	2002	Bahamas	Bahamas	LAC
9	#00BFC4	11.51539773	2003	Bahamas	Bahamas	LAC
9	#00BFC4	11.5327457	2004	Bahamas	Bahamas	LAC
9	#00BFC4	11.5501198	2005	Bahamas	Bahamas	LAC
9	#00BFC4	11.56752008	2006	Bahamas	Bahamas	LAC
9	#00BFC4	11.58494657	2007	Bahamas	Bahamas	LAC
9	#00BFC4	11.60239931	2008	Bahamas	Bahamas	LAC
9	#00BFC4	11.61987835	2009	Bahamas	Bahamas	LAC
9	#00BFC4	11.63738372	2010	Bahamas	Bahamas	LAC
9	#00BFC4	11.65491546	2011	Bahamas	Bahamas	LAC
9	#00BFC4	11.67247361	2012	Bahamas	Bahamas	LAC
9	#00BFC4	11.69005822	2013	Bahamas	Bahamas	LAC
9	#00BFC4	11.70764282	2014	Bahamas	Bahamas	LAC
9	#00BFC4	11.72522743	2015	Bahamas	Bahamas	LAC
9	#00BFC4	11.74281203	2016	Bahamas	Bahamas	LAC
9	#00BFC4	11.76039663	2017	Bahamas	Bahamas	LAC
9	#00BFC4	11.80405766	2018	Bahamas	Bahamas	LAC
9	#00BFC4	11.84771869	2019	Bahamas	Bahamas	LAC
9	#00BFC4	11.89137971	2020	Bahamas	Bahamas	LAC
9	#00BFC4	11.89137971	2021	Bahamas	Bahamas	LAC
9	#00BFC4	11.89137971	2022	Bahamas	Bahamas	LAC
10	#F8766D	13.29489804	1990	Bahrain	Bahrain	AS
10	#F8766D	12.49958038	1991	Bahrain	Bahrain	AS
10	#F8766D	11.75183964	1992	Bahrain	Bahrain	AS
10	#F8766D	11.5489397	1993	Bahrain	Bahrain	AS
10	#F8766D	11.29162979	1994	Bahrain	Bahrain	AS
10	#F8766D	11.17031956	1995	Bahrain	Bahrain	AS
10	#F8766D	11.00928974	1996	Bahrain	Bahrain	AS
10	#F8766D	11.06060664	1997	Bahrain	Bahrain	AS
10	#F8766D	11.11192354	1998	Bahrain	Bahrain	AS
10	#F8766D	11.16324043	1999	Bahrain	Bahrain	AS
10	#F8766D	11.61752534	2000	Bahrain	Bahrain	AS
10	#F8766D	12.07181025	2001	Bahrain	Bahrain	AS
10	#F8766D	12.52609515	2002	Bahrain	Bahrain	AS
10	#F8766D	12.98038006	2003	Bahrain	Bahrain	AS
10	#F8766D	12.56597996	2004	Bahrain	Bahrain	AS
10	#F8766D	12.15157986	2005	Bahrain	Bahrain	AS
10	#F8766D	12.40688992	2006	Bahrain	Bahrain	AS
10	#F8766D	12.65253201	2007	Bahrain	Bahrain	AS
10	#F8766D	12.8981741	2008	Bahrain	Bahrain	AS
10	#F8766D	13.14381618	2009	Bahrain	Bahrain	AS
10	#F8766D	13.38945827	2010	Bahrain	Bahrain	AS
10	#F8766D	13.63510036	2011	Bahrain	Bahrain	AS
10	#F8766D	14.04588032	2012	Bahrain	Bahrain	AS
10	#F8766D	14.66265011	2013	Bahrain	Bahrain	AS
10	#F8766D	14.44705963	2014	Bahrain	Bahrain	AS
10	#F8766D	16.06879997	2015	Bahrain	Bahrain	AS
10	#F8766D	16.04701996	2016	Bahrain	Bahrain	AS
10	#F8766D	16.06158066	2017	Bahrain	Bahrain	AS
10	#F8766D	16.06510925	2018	Bahrain	Bahrain	AS
10	#F8766D	16.43700027	2019	Bahrain	Bahrain	AS
10	#F8766D	16.39122709	2020	Bahrain	Bahrain	AS
10	#F8766D	16.3454539	2021	Bahrain	Bahrain	AS
10	#F8766D	16.29968071	2022	Bahrain	Bahrain	AS
11	#619CFF	5.540100098	1990	Bangladesh	Bangladesh	SA
11	#619CFF	5.742722766	1991	Bangladesh	Bangladesh	SA
11	#619CFF	5.945345434	1992	Bangladesh	Bangladesh	SA
11	#619CFF	6.147968102	1993	Bangladesh	Bangladesh	SA
11	#619CFF	6.350590769	1994	Bangladesh	Bangladesh	SA
11	#619CFF	6.553213437	1995	Bangladesh	Bangladesh	SA
11	#619CFF	6.755836105	1996	Bangladesh	Bangladesh	SA
11	#619CFF	6.958458773	1997	Bangladesh	Bangladesh	SA
11	#619CFF	7.161081441	1998	Bangladesh	Bangladesh	SA
11	#619CFF	7.363704109	1999	Bangladesh	Bangladesh	SA
11	#619CFF	7.566326777	2000	Bangladesh	Bangladesh	SA
11	#619CFF	7.768949445	2001	Bangladesh	Bangladesh	SA
11	#619CFF	7.971572113	2002	Bangladesh	Bangladesh	SA
11	#619CFF	8.174194781	2003	Bangladesh	Bangladesh	SA
11	#619CFF	8.376817449	2004	Bangladesh	Bangladesh	SA
11	#619CFF	8.579440117	2005	Bangladesh	Bangladesh	SA
11	#619CFF	8.65802002	2006	Bangladesh	Bangladesh	SA
11	#619CFF	8.669939995	2007	Bangladesh	Bangladesh	SA
11	#619CFF	8.411370277	2008	Bangladesh	Bangladesh	SA
11	#619CFF	8.948829651	2009	Bangladesh	Bangladesh	SA
11	#619CFF	9.195212245	2010	Bangladesh	Bangladesh	SA
11	#619CFF	9.441594839	2011	Bangladesh	Bangladesh	SA
11	#619CFF	9.687977433	2012	Bangladesh	Bangladesh	SA
11	#619CFF	9.934360027	2013	Bangladesh	Bangladesh	SA
11	#619CFF	10.18074262	2014	Bangladesh	Bangladesh	SA
11	#619CFF	10.42712522	2015	Bangladesh	Bangladesh	SA
11	#619CFF	10.67350781	2016	Bangladesh	Bangladesh	SA
11	#619CFF	10.9198904	2017	Bangladesh	Bangladesh	SA
11	#619CFF	11.39918995	2018	Bangladesh	Bangladesh	SA
11	#619CFF	11.67276001	2019	Bangladesh	Bangladesh	SA
11	#619CFF	11.94633007	2020	Bangladesh	Bangladesh	SA
11	#619CFF	11.94633007	2021	Bangladesh	Bangladesh	SA
11	#619CFF	11.94633007	2022	Bangladesh	Bangladesh	SA
12	#00BFC4	12.94987011	1990	Barbados	Barbados	LAC
12	#00BFC4	13.08701791	1991	Barbados	Barbados	LAC
12	#00BFC4	13.2241657	1992	Barbados	Barbados	LAC
12	#00BFC4	13.3613135	1993	Barbados	Barbados	LAC
12	#00BFC4	13.4984613	1994	Barbados	Barbados	LAC
12	#00BFC4	13.6356091	1995	Barbados	Barbados	LAC
12	#00BFC4	13.77275689	1996	Barbados	Barbados	LAC
12	#00BFC4	13.90990469	1997	Barbados	Barbados	LAC
12	#00BFC4	14.04705249	1998	Barbados	Barbados	LAC
12	#00BFC4	14.18420029	1999	Barbados	Barbados	LAC
12	#00BFC4	14.2673502	2000	Barbados	Barbados	LAC
12	#00BFC4	14.36353016	2001	Barbados	Barbados	LAC
12	#00BFC4	14.53754012	2002	Barbados	Barbados	LAC
12	#00BFC4	14.71155008	2003	Barbados	Barbados	LAC
12	#00BFC4	14.88556004	2004	Barbados	Barbados	LAC
12	#00BFC4	15.05956999	2005	Barbados	Barbados	LAC
12	#00BFC4	15.23357995	2006	Barbados	Barbados	LAC
12	#00BFC4	15.40758991	2007	Barbados	Barbados	LAC
12	#00BFC4	15.694345	2008	Barbados	Barbados	LAC
12	#00BFC4	15.98110008	2009	Barbados	Barbados	LAC
12	#00BFC4	15.7196703	2010	Barbados	Barbados	LAC
12	#00BFC4	15.68015003	2011	Barbados	Barbados	LAC
12	#00BFC4	15.77245143	2012	Barbados	Barbados	LAC
12	#00BFC4	15.86529616	2013	Barbados	Barbados	LAC
12	#00BFC4	15.95868743	2014	Barbados	Barbados	LAC
12	#00BFC4	16.05262844	2015	Barbados	Barbados	LAC
12	#00BFC4	16.14712244	2016	Barbados	Barbados	LAC
12	#00BFC4	16.24217267	2017	Barbados	Barbados	LAC
12	#00BFC4	16.33778243	2018	Barbados	Barbados	LAC
12	#00BFC4	16.43395498	2019	Barbados	Barbados	LAC
12	#00BFC4	16.53069367	2020	Barbados	Barbados	LAC
12	#00BFC4	16.53069367	2021	Barbados	Barbados	LAC
12	#00BFC4	16.53069367	2022	Barbados	Barbados	LAC
14	#00BFC4	10.14398371	1990	Belize	Belize	LAC
14	#00BFC4	10.30649433	1991	Belize	Belize	LAC
14	#00BFC4	10.47160844	1992	Belize	Belize	LAC
14	#00BFC4	10.63936773	1993	Belize	Belize	LAC
14	#00BFC4	10.8098146	1994	Belize	Belize	LAC
14	#00BFC4	10.98299209	1995	Belize	Belize	LAC
14	#00BFC4	11.15894396	1996	Belize	Belize	LAC
14	#00BFC4	11.33771464	1997	Belize	Belize	LAC
14	#00BFC4	11.5193493	1998	Belize	Belize	LAC
14	#00BFC4	11.70389382	1999	Belize	Belize	LAC
14	#00BFC4	11.89139481	2000	Belize	Belize	LAC
14	#00BFC4	12.08189964	2001	Belize	Belize	LAC
14	#00BFC4	12.46581984	2002	Belize	Belize	LAC
14	#00BFC4	12.84974003	2003	Belize	Belize	LAC
14	#00BFC4	13.1324501	2004	Belize	Belize	LAC
14	#00BFC4	12.57670975	2005	Belize	Belize	LAC
14	#00BFC4	13.05266953	2006	Belize	Belize	LAC
14	#00BFC4	12.95250988	2007	Belize	Belize	LAC
14	#00BFC4	12.83240032	2008	Belize	Belize	LAC
14	#00BFC4	12.49421024	2009	Belize	Belize	LAC
14	#00BFC4	12.39898968	2010	Belize	Belize	LAC
14	#00BFC4	12.49100971	2011	Belize	Belize	LAC
14	#00BFC4	12.94052029	2012	Belize	Belize	LAC
14	#00BFC4	12.82242966	2013	Belize	Belize	LAC
14	#00BFC4	12.81070995	2014	Belize	Belize	LAC
14	#00BFC4	12.87318993	2015	Belize	Belize	LAC
14	#00BFC4	13.53081989	2016	Belize	Belize	LAC
14	#00BFC4	13.24899006	2017	Belize	Belize	LAC
14	#00BFC4	13.30014038	2018	Belize	Belize	LAC
14	#00BFC4	13.31602001	2019	Belize	Belize	LAC
14	#00BFC4	13.16993046	2020	Belize	Belize	LAC
14	#00BFC4	12.86993027	2021	Belize	Belize	LAC
14	#00BFC4	12.42656994	2022	Belize	Belize	LAC
15	#F564E3	4.814975057	1990	Benin	Benin	SSA
15	#F564E3	4.95554642	1991	Benin	Benin	SSA
15	#F564E3	5.10022171	1992	Benin	Benin	SSA
15	#F564E3	5.24912074	1993	Benin	Benin	SSA
15	#F564E3	5.402366821	1994	Benin	Benin	SSA
15	#F564E3	5.560086862	1995	Benin	Benin	SSA
15	#F564E3	5.72241148	1996	Benin	Benin	SSA
15	#F564E3	5.899514256	1997	Benin	Benin	SSA
15	#F564E3	6.076617031	1998	Benin	Benin	SSA
15	#F564E3	6.253719807	1999	Benin	Benin	SSA
15	#F564E3	6.516719818	2000	Benin	Benin	SSA
15	#F564E3	7.11894989	2001	Benin	Benin	SSA
15	#F564E3	7.580840111	2002	Benin	Benin	SSA
15	#F564E3	7.986030102	2003	Benin	Benin	SSA
15	#F564E3	8.376919746	2004	Benin	Benin	SSA
15	#F564E3	8.762456894	2005	Benin	Benin	SSA
15	#F564E3	9.147994041	2006	Benin	Benin	SSA
15	#F564E3	9.533531189	2007	Benin	Benin	SSA
15	#F564E3	9.919068336	2008	Benin	Benin	SSA
15	#F564E3	10.30460548	2009	Benin	Benin	SSA
15	#F564E3	10.69014263	2010	Benin	Benin	SSA
15	#F564E3	11.07567978	2011	Benin	Benin	SSA
15	#F564E3	11.59101009	2012	Benin	Benin	SSA
15	#F564E3	12.10634041	2013	Benin	Benin	SSA
15	#F564E3	12.12549973	2014	Benin	Benin	SSA
15	#F564E3	12.34691048	2015	Benin	Benin	SSA
15	#F564E3	12.16425037	2016	Benin	Benin	SSA
15	#F564E3	11.69883275	2017	Benin	Benin	SSA
15	#F564E3	11.23341513	2018	Benin	Benin	SSA
15	#F564E3	10.7679975	2019	Benin	Benin	SSA
15	#F564E3	10.30257988	2020	Benin	Benin	SSA
15	#F564E3	10.30257988	2021	Benin	Benin	SSA
15	#F564E3	10.30257988	2022	Benin	Benin	SSA
17	#00BFC4	11.34760553	1990	Bolivia (Plurinational State of)	Bolivia (Plurinational State of)	LAC
17	#00BFC4	11.66413465	1991	Bolivia (Plurinational State of)	Bolivia (Plurinational State of)	LAC
17	#00BFC4	11.98949299	1992	Bolivia (Plurinational State of)	Bolivia (Plurinational State of)	LAC
17	#00BFC4	12.32392686	1993	Bolivia (Plurinational State of)	Bolivia (Plurinational State of)	LAC
17	#00BFC4	12.66768939	1994	Bolivia (Plurinational State of)	Bolivia (Plurinational State of)	LAC
17	#00BFC4	13.23278436	1995	Bolivia (Plurinational State of)	Bolivia (Plurinational State of)	LAC
17	#00BFC4	13.79787932	1996	Bolivia (Plurinational State of)	Bolivia (Plurinational State of)	LAC
17	#00BFC4	14.36297429	1997	Bolivia (Plurinational State of)	Bolivia (Plurinational State of)	LAC
17	#00BFC4	14.92806925	1998	Bolivia (Plurinational State of)	Bolivia (Plurinational State of)	LAC
17	#00BFC4	14.50795112	1999	Bolivia (Plurinational State of)	Bolivia (Plurinational State of)	LAC
17	#00BFC4	14.08783298	2000	Bolivia (Plurinational State of)	Bolivia (Plurinational State of)	LAC
17	#00BFC4	13.66771484	2001	Bolivia (Plurinational State of)	Bolivia (Plurinational State of)	LAC
17	#00BFC4	13.24759671	2002	Bolivia (Plurinational State of)	Bolivia (Plurinational State of)	LAC
17	#00BFC4	12.82747857	2003	Bolivia (Plurinational State of)	Bolivia (Plurinational State of)	LAC
17	#00BFC4	13.38159478	2004	Bolivia (Plurinational State of)	Bolivia (Plurinational State of)	LAC
17	#00BFC4	13.93571099	2005	Bolivia (Plurinational State of)	Bolivia (Plurinational State of)	LAC
17	#00BFC4	13.92763485	2006	Bolivia (Plurinational State of)	Bolivia (Plurinational State of)	LAC
17	#00BFC4	14.26336461	2007	Bolivia (Plurinational State of)	Bolivia (Plurinational State of)	LAC
17	#00BFC4	14.31380527	2008	Bolivia (Plurinational State of)	Bolivia (Plurinational State of)	LAC
17	#00BFC4	14.28142146	2009	Bolivia (Plurinational State of)	Bolivia (Plurinational State of)	LAC
17	#00BFC4	14.24979437	2010	Bolivia (Plurinational State of)	Bolivia (Plurinational State of)	LAC
17	#00BFC4	14.21816728	2011	Bolivia (Plurinational State of)	Bolivia (Plurinational State of)	LAC
17	#00BFC4	14.38624711	2012	Bolivia (Plurinational State of)	Bolivia (Plurinational State of)	LAC
17	#00BFC4	14.57401404	2013	Bolivia (Plurinational State of)	Bolivia (Plurinational State of)	LAC
17	#00BFC4	14.04903974	2014	Bolivia (Plurinational State of)	Bolivia (Plurinational State of)	LAC
17	#00BFC4	13.97757206	2015	Bolivia (Plurinational State of)	Bolivia (Plurinational State of)	LAC
17	#00BFC4	14.49550866	2016	Bolivia (Plurinational State of)	Bolivia (Plurinational State of)	LAC
17	#00BFC4	14.900595	2017	Bolivia (Plurinational State of)	Bolivia (Plurinational State of)	LAC
17	#00BFC4	15.01584739	2018	Bolivia (Plurinational State of)	Bolivia (Plurinational State of)	LAC
17	#00BFC4	14.9469708	2019	Bolivia (Plurinational State of)	Bolivia (Plurinational State of)	LAC
17	#00BFC4	14.79598497	2020	Bolivia (Plurinational State of)	Bolivia (Plurinational State of)	LAC
17	#00BFC4	15.02243817	2021	Bolivia (Plurinational State of)	Bolivia (Plurinational State of)	LAC
17	#00BFC4	15.02243817	2022	Bolivia (Plurinational State of)	Bolivia (Plurinational State of)	LAC
19	#F564E3	10.59220615	1990	Botswana	Botswana	SSA
19	#F564E3	10.55210972	1991	Botswana	Botswana	SSA
19	#F564E3	10.51216507	1992	Botswana	Botswana	SSA
19	#F564E3	10.47222042	1993	Botswana	Botswana	SSA
19	#F564E3	10.34175014	1994	Botswana	Botswana	SSA
19	#F564E3	10.70094013	1995	Botswana	Botswana	SSA
19	#F564E3	10.88468329	1996	Botswana	Botswana	SSA
19	#F564E3	11.06842645	1997	Botswana	Botswana	SSA
19	#F564E3	11.25216961	1998	Botswana	Botswana	SSA
19	#F564E3	11.63829994	1999	Botswana	Botswana	SSA
19	#F564E3	11.74394989	2000	Botswana	Botswana	SSA
19	#F564E3	11.72593021	2001	Botswana	Botswana	SSA
19	#F564E3	11.53738022	2002	Botswana	Botswana	SSA
19	#F564E3	11.59051991	2003	Botswana	Botswana	SSA
19	#F564E3	11.60266972	2004	Botswana	Botswana	SSA
19	#F564E3	11.6691103	2005	Botswana	Botswana	SSA
19	#F564E3	11.83510971	2006	Botswana	Botswana	SSA
19	#F564E3	11.79946041	2007	Botswana	Botswana	SSA
19	#F564E3	11.72972965	2008	Botswana	Botswana	SSA
19	#F564E3	11.70634123	2009	Botswana	Botswana	SSA
19	#F564E3	11.68295281	2010	Botswana	Botswana	SSA
19	#F564E3	11.65956439	2011	Botswana	Botswana	SSA
19	#F564E3	11.63617596	2012	Botswana	Botswana	SSA
19	#F564E3	11.61278754	2013	Botswana	Botswana	SSA
19	#F564E3	11.58939912	2014	Botswana	Botswana	SSA
19	#F564E3	11.5660107	2015	Botswana	Botswana	SSA
19	#F564E3	11.54262227	2016	Botswana	Botswana	SSA
19	#F564E3	11.51923385	2017	Botswana	Botswana	SSA
19	#F564E3	11.49584543	2018	Botswana	Botswana	SSA
19	#F564E3	11.47245701	2019	Botswana	Botswana	SSA
19	#F564E3	11.44906858	2020	Botswana	Botswana	SSA
19	#F564E3	11.42568016	2021	Botswana	Botswana	SSA
19	#F564E3	11.42568016	2022	Botswana	Botswana	SSA
20	#00BFC4	12.92652101	1990	Brazil	Brazil	LAC
20	#00BFC4	12.97149303	1991	Brazil	Brazil	LAC
20	#00BFC4	13.0166215	1992	Brazil	Brazil	LAC
20	#00BFC4	13.06190699	1993	Brazil	Brazil	LAC
20	#00BFC4	13.10735002	1994	Brazil	Brazil	LAC
20	#00BFC4	13.15295115	1995	Brazil	Brazil	LAC
20	#00BFC4	13.19871093	1996	Brazil	Brazil	LAC
20	#00BFC4	13.24462991	1997	Brazil	Brazil	LAC
20	#00BFC4	13.29070864	1998	Brazil	Brazil	LAC
20	#00BFC4	13.33694769	1999	Brazil	Brazil	LAC
20	#00BFC4	13.3833476	2000	Brazil	Brazil	LAC
20	#00BFC4	13.42990894	2001	Brazil	Brazil	LAC
20	#00BFC4	13.47663227	2002	Brazil	Brazil	LAC
20	#00BFC4	13.52351815	2003	Brazil	Brazil	LAC
20	#00BFC4	13.57056715	2004	Brazil	Brazil	LAC
20	#00BFC4	13.61777984	2005	Brazil	Brazil	LAC
20	#00BFC4	13.66515678	2006	Brazil	Brazil	LAC
20	#00BFC4	13.71269855	2007	Brazil	Brazil	LAC
20	#00BFC4	13.76040572	2008	Brazil	Brazil	LAC
20	#00BFC4	13.80827886	2009	Brazil	Brazil	LAC
20	#00BFC4	13.85631856	2010	Brazil	Brazil	LAC
20	#00BFC4	13.90452539	2011	Brazil	Brazil	LAC
20	#00BFC4	13.95289993	2012	Brazil	Brazil	LAC
20	#00BFC4	15.24518967	2013	Brazil	Brazil	LAC
20	#00BFC4	15.36814022	2014	Brazil	Brazil	LAC
20	#00BFC4	15.24540043	2015	Brazil	Brazil	LAC
20	#00BFC4	15.29432011	2016	Brazil	Brazil	LAC
20	#00BFC4	15.40701962	2017	Brazil	Brazil	LAC
20	#00BFC4	15.50376034	2018	Brazil	Brazil	LAC
20	#00BFC4	15.44937038	2019	Brazil	Brazil	LAC
20	#00BFC4	15.44596004	2020	Brazil	Brazil	LAC
20	#00BFC4	15.5788002	2021	Brazil	Brazil	LAC
20	#00BFC4	15.5788002	2022	Brazil	Brazil	LAC
21	#B79F00	12.60107709	1990	Brunei Darussalam	Brunei Darussalam	EAP
21	#B79F00	12.40764402	1991	Brunei Darussalam	Brunei Darussalam	EAP
21	#B79F00	12.21718025	1992	Brunei Darussalam	Brunei Darussalam	EAP
21	#B79F00	12.0296402	1993	Brunei Darussalam	Brunei Darussalam	EAP
21	#B79F00	11.76173973	1994	Brunei Darussalam	Brunei Darussalam	EAP
21	#B79F00	11.65198731	1995	Brunei Darussalam	Brunei Darussalam	EAP
21	#B79F00	11.5422349	1996	Brunei Darussalam	Brunei Darussalam	EAP
21	#B79F00	11.43248248	1997	Brunei Darussalam	Brunei Darussalam	EAP
21	#B79F00	11.32273006	1998	Brunei Darussalam	Brunei Darussalam	EAP
21	#B79F00	11.57223034	1999	Brunei Darussalam	Brunei Darussalam	EAP
21	#B79F00	11.53234005	2000	Brunei Darussalam	Brunei Darussalam	EAP
21	#B79F00	11.63160038	2001	Brunei Darussalam	Brunei Darussalam	EAP
21	#B79F00	11.85077953	2002	Brunei Darussalam	Brunei Darussalam	EAP
21	#B79F00	12.22157955	2003	Brunei Darussalam	Brunei Darussalam	EAP
21	#B79F00	12.60894012	2004	Brunei Darussalam	Brunei Darussalam	EAP
21	#B79F00	12.88778973	2005	Brunei Darussalam	Brunei Darussalam	EAP
21	#B79F00	13.25531006	2006	Brunei Darussalam	Brunei Darussalam	EAP
21	#B79F00	13.42671967	2007	Brunei Darussalam	Brunei Darussalam	EAP
21	#B79F00	13.53855038	2008	Brunei Darussalam	Brunei Darussalam	EAP
21	#B79F00	13.80313015	2009	Brunei Darussalam	Brunei Darussalam	EAP
21	#B79F00	13.87399006	2010	Brunei Darussalam	Brunei Darussalam	EAP
21	#B79F00	14.1947403	2011	Brunei Darussalam	Brunei Darussalam	EAP
21	#B79F00	14.74849987	2012	Brunei Darussalam	Brunei Darussalam	EAP
21	#B79F00	14.74330044	2013	Brunei Darussalam	Brunei Darussalam	EAP
21	#B79F00	14.63543034	2014	Brunei Darussalam	Brunei Darussalam	EAP
21	#B79F00	14.33631992	2015	Brunei Darussalam	Brunei Darussalam	EAP
21	#B79F00	14.21236992	2016	Brunei Darussalam	Brunei Darussalam	EAP
21	#B79F00	14.06844997	2017	Brunei Darussalam	Brunei Darussalam	EAP
21	#B79F00	13.94052982	2018	Brunei Darussalam	Brunei Darussalam	EAP
21	#B79F00	13.76078033	2019	Brunei Darussalam	Brunei Darussalam	EAP
21	#B79F00	13.69861984	2020	Brunei Darussalam	Brunei Darussalam	EAP
21	#B79F00	13.69861984	2021	Brunei Darussalam	Brunei Darussalam	EAP
21	#B79F00	13.69861984	2022	Brunei Darussalam	Brunei Darussalam	EAP
23	#F564E3	4.218900204	1990	Burundi	Burundi	SSA
23	#F564E3	4.333489895	1991	Burundi	Burundi	SSA
23	#F564E3	4.203050137	1992	Burundi	Burundi	SSA
23	#F564E3	4.479829788	1993	Burundi	Burundi	SSA
23	#F564E3	4.496963561	1994	Burundi	Burundi	SSA
23	#F564E3	4.514097333	1995	Burundi	Burundi	SSA
23	#F564E3	4.531231105	1996	Burundi	Burundi	SSA
23	#F564E3	4.548364878	1997	Burundi	Burundi	SSA
23	#F564E3	4.56549865	1998	Burundi	Burundi	SSA
23	#F564E3	4.582632422	1999	Burundi	Burundi	SSA
23	#F564E3	4.599766195	2000	Burundi	Burundi	SSA
23	#F564E3	4.616899967	2001	Burundi	Burundi	SSA
23	#F564E3	5.057419777	2002	Burundi	Burundi	SSA
23	#F564E3	5.523624897	2003	Burundi	Burundi	SSA
23	#F564E3	5.989830017	2004	Burundi	Burundi	SSA
23	#F564E3	6.369110107	2005	Burundi	Burundi	SSA
23	#F564E3	7.855309963	2006	Burundi	Burundi	SSA
23	#F564E3	8.63090992	2007	Burundi	Burundi	SSA
23	#F564E3	9.340579987	2008	Burundi	Burundi	SSA
23	#F564E3	10.05025005	2009	Burundi	Burundi	SSA
23	#F564E3	10.5172596	2010	Burundi	Burundi	SSA
23	#F564E3	10.69895983	2011	Burundi	Burundi	SSA
23	#F564E3	10.88066006	2012	Burundi	Burundi	SSA
23	#F564E3	10.99707985	2013	Burundi	Burundi	SSA
23	#F564E3	11.12872982	2014	Burundi	Burundi	SSA
23	#F564E3	11.1534996	2015	Burundi	Burundi	SSA
23	#F564E3	11.11637974	2016	Burundi	Burundi	SSA
23	#F564E3	10.48184967	2017	Burundi	Burundi	SSA
23	#F564E3	10.24604034	2018	Burundi	Burundi	SSA
23	#F564E3	10.10524225	2019	Burundi	Burundi	SSA
23	#F564E3	9.966378953	2020	Burundi	Burundi	SSA
23	#F564E3	9.966378953	2021	Burundi	Burundi	SSA
23	#F564E3	9.966378953	2022	Burundi	Burundi	SSA
25	#B79F00	6.885230713	1990	Cambodia	Cambodia	EAP
25	#B79F00	6.991089821	1991	Cambodia	Cambodia	EAP
25	#B79F00	7.098576493	1992	Cambodia	Cambodia	EAP
25	#B79F00	7.206063165	1993	Cambodia	Cambodia	EAP
25	#B79F00	7.313549836	1994	Cambodia	Cambodia	EAP
25	#B79F00	7.421036508	1995	Cambodia	Cambodia	EAP
25	#B79F00	7.52852318	1996	Cambodia	Cambodia	EAP
25	#B79F00	7.636009852	1997	Cambodia	Cambodia	EAP
25	#B79F00	7.743496524	1998	Cambodia	Cambodia	EAP
25	#B79F00	7.850983196	1999	Cambodia	Cambodia	EAP
25	#B79F00	7.958469868	2000	Cambodia	Cambodia	EAP
25	#B79F00	8.594880104	2001	Cambodia	Cambodia	EAP
25	#B79F00	9.777799606	2002	Cambodia	Cambodia	EAP
25	#B79F00	10.32608032	2003	Cambodia	Cambodia	EAP
25	#B79F00	10.84488964	2004	Cambodia	Cambodia	EAP
25	#B79F00	11.0031147	2005	Cambodia	Cambodia	EAP
25	#B79F00	11.16133976	2006	Cambodia	Cambodia	EAP
25	#B79F00	11.16427994	2007	Cambodia	Cambodia	EAP
25	#B79F00	11.05580997	2008	Cambodia	Cambodia	EAP
25	#B79F00	11.10583191	2009	Cambodia	Cambodia	EAP
25	#B79F00	11.15608016	2010	Cambodia	Cambodia	EAP
25	#B79F00	11.20655577	2011	Cambodia	Cambodia	EAP
25	#B79F00	11.25725975	2012	Cambodia	Cambodia	EAP
25	#B79F00	11.30819314	2013	Cambodia	Cambodia	EAP
25	#B79F00	11.35912653	2014	Cambodia	Cambodia	EAP
25	#B79F00	11.41005992	2015	Cambodia	Cambodia	EAP
25	#B79F00	11.46099331	2016	Cambodia	Cambodia	EAP
25	#B79F00	11.5119267	2017	Cambodia	Cambodia	EAP
25	#B79F00	11.52826715	2018	Cambodia	Cambodia	EAP
25	#B79F00	11.5446076	2019	Cambodia	Cambodia	EAP
25	#B79F00	11.56094805	2020	Cambodia	Cambodia	EAP
25	#B79F00	11.56094805	2021	Cambodia	Cambodia	EAP
25	#B79F00	11.56094805	2022	Cambodia	Cambodia	EAP
26	#F564E3	8.211890221	1990	Cameroon	Cameroon	SSA
26	#F564E3	8.174260139	1991	Cameroon	Cameroon	SSA
26	#F564E3	8.047991395	1992	Cameroon	Cameroon	SSA
26	#F564E3	7.921722651	1993	Cameroon	Cameroon	SSA
26	#F564E3	7.795453906	1994	Cameroon	Cameroon	SSA
26	#F564E3	7.669185162	1995	Cameroon	Cameroon	SSA
26	#F564E3	7.542916417	1996	Cameroon	Cameroon	SSA
26	#F564E3	7.416647673	1997	Cameroon	Cameroon	SSA
26	#F564E3	7.290378928	1998	Cameroon	Cameroon	SSA
26	#F564E3	7.164110184	1999	Cameroon	Cameroon	SSA
26	#F564E3	7.393889904	2000	Cameroon	Cameroon	SSA
26	#F564E3	8.67166996	2001	Cameroon	Cameroon	SSA
26	#F564E3	8.403800011	2002	Cameroon	Cameroon	SSA
26	#F564E3	8.556240082	2003	Cameroon	Cameroon	SSA
26	#F564E3	8.608369827	2004	Cameroon	Cameroon	SSA
26	#F564E3	8.567790031	2005	Cameroon	Cameroon	SSA
26	#F564E3	8.321900368	2006	Cameroon	Cameroon	SSA
26	#F564E3	9.09265995	2007	Cameroon	Cameroon	SSA
26	#F564E3	9.529709816	2008	Cameroon	Cameroon	SSA
26	#F564E3	10.00405025	2009	Cameroon	Cameroon	SSA
26	#F564E3	10.37228012	2010	Cameroon	Cameroon	SSA
26	#F564E3	10.74050999	2011	Cameroon	Cameroon	SSA
26	#F564E3	11.32874012	2012	Cameroon	Cameroon	SSA
26	#F564E3	11.63219023	2013	Cameroon	Cameroon	SSA
26	#F564E3	11.93564034	2014	Cameroon	Cameroon	SSA
26	#F564E3	12.20610046	2015	Cameroon	Cameroon	SSA
26	#F564E3	12.13076019	2016	Cameroon	Cameroon	SSA
26	#F564E3	12.43191341	2017	Cameroon	Cameroon	SSA
26	#F564E3	12.74054294	2018	Cameroon	Cameroon	SSA
26	#F564E3	13.05683437	2019	Cameroon	Cameroon	SSA
26	#F564E3	13.38097793	2020	Cameroon	Cameroon	SSA
26	#F564E3	13.38097793	2021	Cameroon	Cameroon	SSA
26	#F564E3	13.38097793	2022	Cameroon	Cameroon	SSA
27	#F564E3	5.280560017	1990	Central African Republic	Central African Republic	SSA
27	#F564E3	4.918749809	1991	Central African Republic	Central African Republic	SSA
27	#F564E3	4.094940186	1992	Central African Republic	Central African Republic	SSA
27	#F564E3	4.196776643	1993	Central African Republic	Central African Republic	SSA
27	#F564E3	4.298613099	1994	Central African Republic	Central African Republic	SSA
27	#F564E3	4.400449556	1995	Central African Republic	Central African Republic	SSA
27	#F564E3	4.502286013	1996	Central African Republic	Central African Republic	SSA
27	#F564E3	4.60412247	1997	Central African Republic	Central African Republic	SSA
27	#F564E3	4.705958927	1998	Central African Republic	Central African Republic	SSA
27	#F564E3	4.807795384	1999	Central African Republic	Central African Republic	SSA
27	#F564E3	4.909631841	2000	Central African Republic	Central African Republic	SSA
27	#F564E3	5.011468298	2001	Central African Republic	Central African Republic	SSA
27	#F564E3	5.113304755	2002	Central African Republic	Central African Republic	SSA
27	#F564E3	5.215141212	2003	Central African Republic	Central African Republic	SSA
27	#F564E3	5.316977669	2004	Central African Republic	Central African Republic	SSA
27	#F564E3	5.418814126	2005	Central African Republic	Central African Republic	SSA
27	#F564E3	5.520650583	2006	Central African Republic	Central African Republic	SSA
27	#F564E3	5.62248704	2007	Central African Republic	Central African Republic	SSA
27	#F564E3	5.724323497	2008	Central African Republic	Central African Republic	SSA
27	#F564E3	5.826159954	2009	Central African Republic	Central African Republic	SSA
27	#F564E3	6.018069983	2010	Central African Republic	Central African Republic	SSA
27	#F564E3	6.209980011	2011	Central African Republic	Central African Republic	SSA
27	#F564E3	6.190639973	2012	Central African Republic	Central African Republic	SSA
27	#F564E3	6.317989663	2013	Central African Republic	Central African Republic	SSA
27	#F564E3	6.447959105	2014	Central African Republic	Central African Republic	SSA
27	#F564E3	6.580602192	2015	Central African Republic	Central African Republic	SSA
27	#F564E3	6.715973923	2016	Central African Republic	Central African Republic	SSA
27	#F564E3	6.85413043	2017	Central African Republic	Central African Republic	SSA
27	#F564E3	6.995129001	2018	Central African Republic	Central African Republic	SSA
27	#F564E3	7.139028099	2019	Central African Republic	Central African Republic	SSA
27	#F564E3	7.285887393	2020	Central African Republic	Central African Republic	SSA
27	#F564E3	7.285887393	2021	Central African Republic	Central African Republic	SSA
27	#F564E3	7.285887393	2022	Central African Republic	Central African Republic	SSA
29	#00BFC4	12.74779872	1990	Chile	Chile	LAC
29	#00BFC4	12.73688984	1991	Chile	Chile	LAC
29	#00BFC4	12.7259903	1992	Chile	Chile	LAC
29	#00BFC4	11.73915958	1993	Chile	Chile	LAC
29	#00BFC4	11.91450367	1994	Chile	Chile	LAC
29	#00BFC4	12.08984776	1995	Chile	Chile	LAC
29	#00BFC4	12.26519184	1996	Chile	Chile	LAC
29	#00BFC4	12.44053593	1997	Chile	Chile	LAC
29	#00BFC4	12.61588001	1998	Chile	Chile	LAC
29	#00BFC4	13.08310032	1999	Chile	Chile	LAC
29	#00BFC4	13.13626003	2000	Chile	Chile	LAC
29	#00BFC4	13.33110523	2001	Chile	Chile	LAC
29	#00BFC4	13.52595043	2002	Chile	Chile	LAC
29	#00BFC4	13.74680042	2003	Chile	Chile	LAC
29	#00BFC4	14.06828022	2004	Chile	Chile	LAC
29	#00BFC4	14.38132	2005	Chile	Chile	LAC
29	#00BFC4	14.31814957	2006	Chile	Chile	LAC
29	#00BFC4	14.70213032	2007	Chile	Chile	LAC
29	#00BFC4	14.85708046	2008	Chile	Chile	LAC
29	#00BFC4	14.88204002	2009	Chile	Chile	LAC
29	#00BFC4	15.09842968	2010	Chile	Chile	LAC
29	#00BFC4	15.31116009	2011	Chile	Chile	LAC
29	#00BFC4	15.41316986	2012	Chile	Chile	LAC
29	#00BFC4	16.10619926	2013	Chile	Chile	LAC
29	#00BFC4	16.26062965	2014	Chile	Chile	LAC
29	#00BFC4	16.39200974	2015	Chile	Chile	LAC
29	#00BFC4	16.49542999	2016	Chile	Chile	LAC
29	#00BFC4	16.53348923	2017	Chile	Chile	LAC
29	#00BFC4	16.60621071	2018	Chile	Chile	LAC
29	#00BFC4	16.64357948	2019	Chile	Chile	LAC
29	#00BFC4	16.34049988	2020	Chile	Chile	LAC
29	#00BFC4	16.76792908	2021	Chile	Chile	LAC
29	#00BFC4	16.76792908	2022	Chile	Chile	LAC
30	#B79F00	8.605669975	1990	China	China	EAP
30	#B79F00	8.595879555	1991	China	China	EAP
30	#B79F00	8.599749565	1992	China	China	EAP
30	#B79F00	8.60599041	1993	China	China	EAP
30	#B79F00	8.580659866	1994	China	China	EAP
30	#B79F00	8.725359917	1995	China	China	EAP
30	#B79F00	8.975049973	1996	China	China	EAP
30	#B79F00	9.136859894	1997	China	China	EAP
30	#B79F00	9.392760038	1998	China	China	EAP
30	#B79F00	9.648660183	1999	China	China	EAP
30	#B79F00	9.904560328	2000	China	China	EAP
30	#B79F00	10.16046047	2001	China	China	EAP
30	#B79F00	10.5064764	2002	China	China	EAP
30	#B79F00	10.85249233	2003	China	China	EAP
30	#B79F00	11.19850826	2004	China	China	EAP
30	#B79F00	11.54452419	2005	China	China	EAP
30	#B79F00	11.89054012	2006	China	China	EAP
30	#B79F00	12.20328999	2007	China	China	EAP
30	#B79F00	12.51947975	2008	China	China	EAP
30	#B79F00	12.85252953	2009	China	China	EAP
30	#B79F00	13.04319954	2010	China	China	EAP
30	#B79F00	13.15779018	2011	China	China	EAP
30	#B79F00	13.28357029	2012	China	China	EAP
30	#B79F00	13.5112315	2013	China	China	EAP
30	#B79F00	13.7427945	2014	China	China	EAP
30	#B79F00	13.97832615	2015	China	China	EAP
30	#B79F00	14.21789447	2016	China	China	EAP
30	#B79F00	14.46156865	2017	China	China	EAP
30	#B79F00	14.70941905	2018	China	China	EAP
30	#B79F00	14.96151725	2019	China	China	EAP
30	#B79F00	15.21793605	2020	China	China	EAP
30	#B79F00	15.21793605	2021	China	China	EAP
30	#B79F00	15.21793605	2022	China	China	EAP
31	#00BFC4	9.167188807	1990	Colombia	Colombia	LAC
31	#00BFC4	9.698809624	1991	Colombia	Colombia	LAC
31	#00BFC4	10.26126003	1992	Colombia	Colombia	LAC
31	#00BFC4	10.41952991	1993	Colombia	Colombia	LAC
31	#00BFC4	10.52149963	1994	Colombia	Colombia	LAC
31	#00BFC4	10.55655956	1995	Colombia	Colombia	LAC
31	#00BFC4	11.07009983	1996	Colombia	Colombia	LAC
31	#00BFC4	11.42187977	1997	Colombia	Colombia	LAC
31	#00BFC4	11.77365971	1998	Colombia	Colombia	LAC
31	#00BFC4	11.71802044	1999	Colombia	Colombia	LAC
31	#00BFC4	12.15445042	2000	Colombia	Colombia	LAC
31	#00BFC4	12.15618515	2001	Colombia	Colombia	LAC
31	#00BFC4	12.15791988	2002	Colombia	Colombia	LAC
31	#00BFC4	12.40696001	2003	Colombia	Colombia	LAC
31	#00BFC4	12.65600014	2004	Colombia	Colombia	LAC
31	#00BFC4	13.17887974	2005	Colombia	Colombia	LAC
31	#00BFC4	13.52441025	2006	Colombia	Colombia	LAC
31	#00BFC4	13.78964996	2007	Colombia	Colombia	LAC
31	#00BFC4	13.99300003	2008	Colombia	Colombia	LAC
31	#00BFC4	14.43908978	2009	Colombia	Colombia	LAC
31	#00BFC4	14.41386032	2010	Colombia	Colombia	LAC
31	#00BFC4	14.50032043	2011	Colombia	Colombia	LAC
31	#00BFC4	14.18010044	2012	Colombia	Colombia	LAC
31	#00BFC4	14.7003603	2013	Colombia	Colombia	LAC
31	#00BFC4	14.60217953	2014	Colombia	Colombia	LAC
31	#00BFC4	14.64527988	2015	Colombia	Colombia	LAC
31	#00BFC4	14.76609039	2016	Colombia	Colombia	LAC
31	#00BFC4	14.73616982	2017	Colombia	Colombia	LAC
31	#00BFC4	14.62864017	2018	Colombia	Colombia	LAC
31	#00BFC4	14.52388	2019	Colombia	Colombia	LAC
31	#00BFC4	14.3924799	2020	Colombia	Colombia	LAC
31	#00BFC4	14.43749046	2021	Colombia	Colombia	LAC
31	#00BFC4	14.43749046	2022	Colombia	Colombia	LAC
33	#F564E3	11.11108971	1990	Congo	Congo	SSA
33	#F564E3	10.84885025	1991	Congo	Congo	SSA
33	#F564E3	10.69184017	1992	Congo	Congo	SSA
33	#F564E3	10.50271711	1993	Congo	Congo	SSA
33	#F564E3	10.31359406	1994	Congo	Congo	SSA
33	#F564E3	10.124471	1995	Congo	Congo	SSA
33	#F564E3	9.935347939	1996	Congo	Congo	SSA
33	#F564E3	9.74622488	1997	Congo	Congo	SSA
33	#F564E3	9.557101822	1998	Congo	Congo	SSA
33	#F564E3	9.367978764	1999	Congo	Congo	SSA
33	#F564E3	9.178855705	2000	Congo	Congo	SSA
33	#F564E3	8.989732647	2001	Congo	Congo	SSA
33	#F564E3	8.800609589	2002	Congo	Congo	SSA
33	#F564E3	8.589189529	2003	Congo	Congo	SSA
33	#F564E3	8.799640656	2004	Congo	Congo	SSA
33	#F564E3	9.010091782	2005	Congo	Congo	SSA
33	#F564E3	9.220542908	2006	Congo	Congo	SSA
33	#F564E3	9.430994034	2007	Congo	Congo	SSA
33	#F564E3	9.64144516	2008	Congo	Congo	SSA
33	#F564E3	9.851896286	2009	Congo	Congo	SSA
33	#F564E3	10.06234741	2010	Congo	Congo	SSA
33	#F564E3	10.27279854	2011	Congo	Congo	SSA
33	#F564E3	10.48324966	2012	Congo	Congo	SSA
33	#F564E3	10.70739212	2013	Congo	Congo	SSA
33	#F564E3	10.93632698	2014	Congo	Congo	SSA
33	#F564E3	11.17015669	2015	Congo	Congo	SSA
33	#F564E3	11.40898591	2016	Congo	Congo	SSA
33	#F564E3	11.65292155	2017	Congo	Congo	SSA
33	#F564E3	11.90207278	2018	Congo	Congo	SSA
33	#F564E3	12.15655111	2019	Congo	Congo	SSA
33	#F564E3	12.41647044	2020	Congo	Congo	SSA
33	#F564E3	12.41647044	2021	Congo	Congo	SSA
33	#F564E3	12.41647044	2022	Congo	Congo	SSA
34	#F564E3	6.191844261	1990	Congo (Democratic Republic of the)	Congo (Democratic Republic of the)	SSA
34	#F564E3	6.262680053	1991	Congo (Democratic Republic of the)	Congo (Democratic Republic of the)	SSA
34	#F564E3	6.334326219	1992	Congo (Democratic Republic of the)	Congo (Democratic Republic of the)	SSA
34	#F564E3	6.406792029	1993	Congo (Democratic Republic of the)	Congo (Democratic Republic of the)	SSA
34	#F564E3	6.480086862	1994	Congo (Democratic Republic of the)	Congo (Democratic Republic of the)	SSA
34	#F564E3	6.5542202	1995	Congo (Democratic Republic of the)	Congo (Democratic Republic of the)	SSA
34	#F564E3	6.630936861	1996	Congo (Democratic Republic of the)	Congo (Democratic Republic of the)	SSA
34	#F564E3	6.707653522	1997	Congo (Democratic Republic of the)	Congo (Democratic Republic of the)	SSA
34	#F564E3	6.784370184	1998	Congo (Democratic Republic of the)	Congo (Democratic Republic of the)	SSA
34	#F564E3	6.861086845	1999	Congo (Democratic Republic of the)	Congo (Democratic Republic of the)	SSA
34	#F564E3	6.937803507	2000	Congo (Democratic Republic of the)	Congo (Democratic Republic of the)	SSA
34	#F564E3	7.014520168	2001	Congo (Democratic Republic of the)	Congo (Democratic Republic of the)	SSA
34	#F564E3	7.09123683	2002	Congo (Democratic Republic of the)	Congo (Democratic Republic of the)	SSA
34	#F564E3	7.167953491	2003	Congo (Democratic Republic of the)	Congo (Democratic Republic of the)	SSA
34	#F564E3	7.244670153	2004	Congo (Democratic Republic of the)	Congo (Democratic Republic of the)	SSA
34	#F564E3	7.321386814	2005	Congo (Democratic Republic of the)	Congo (Democratic Republic of the)	SSA
34	#F564E3	7.398103476	2006	Congo (Democratic Republic of the)	Congo (Democratic Republic of the)	SSA
34	#F564E3	7.474820137	2007	Congo (Democratic Republic of the)	Congo (Democratic Republic of the)	SSA
34	#F564E3	8.197680473	2008	Congo (Democratic Republic of the)	Congo (Democratic Republic of the)	SSA
34	#F564E3	8.352589607	2009	Congo (Democratic Republic of the)	Congo (Democratic Republic of the)	SSA
34	#F564E3	8.690759659	2010	Congo (Democratic Republic of the)	Congo (Democratic Republic of the)	SSA
34	#F564E3	9.02892971	2011	Congo (Democratic Republic of the)	Congo (Democratic Republic of the)	SSA
34	#F564E3	8.892789841	2012	Congo (Democratic Republic of the)	Congo (Democratic Republic of the)	SSA
34	#F564E3	9.145159721	2013	Congo (Democratic Republic of the)	Congo (Democratic Republic of the)	SSA
34	#F564E3	9.20597948	2014	Congo (Democratic Republic of the)	Congo (Democratic Republic of the)	SSA
34	#F564E3	9.26720372	2015	Congo (Democratic Republic of the)	Congo (Democratic Republic of the)	SSA
34	#F564E3	9.328835131	2016	Congo (Democratic Republic of the)	Congo (Democratic Republic of the)	SSA
34	#F564E3	9.390876421	2017	Congo (Democratic Republic of the)	Congo (Democratic Republic of the)	SSA
34	#F564E3	9.453330315	2018	Congo (Democratic Republic of the)	Congo (Democratic Republic of the)	SSA
34	#F564E3	9.516199559	2019	Congo (Democratic Republic of the)	Congo (Democratic Republic of the)	SSA
34	#F564E3	9.579486913	2020	Congo (Democratic Republic of the)	Congo (Democratic Republic of the)	SSA
34	#F564E3	9.579486913	2021	Congo (Democratic Republic of the)	Congo (Democratic Republic of the)	SSA
34	#F564E3	9.579486913	2022	Congo (Democratic Republic of the)	Congo (Democratic Republic of the)	SSA
35	#00BFC4	9.739709854	1990	Costa Rica	Costa Rica	LAC
35	#00BFC4	9.978110313	1991	Costa Rica	Costa Rica	LAC
35	#00BFC4	10.24223995	1992	Costa Rica	Costa Rica	LAC
35	#00BFC4	10.39446497	1993	Costa Rica	Costa Rica	LAC
35	#00BFC4	10.54668999	1994	Costa Rica	Costa Rica	LAC
35	#00BFC4	10.698915	1995	Costa Rica	Costa Rica	LAC
35	#00BFC4	10.85114002	1996	Costa Rica	Costa Rica	LAC
35	#00BFC4	11.00336504	1997	Costa Rica	Costa Rica	LAC
35	#00BFC4	11.15559006	1998	Costa Rica	Costa Rica	LAC
35	#00BFC4	11.30781507	1999	Costa Rica	Costa Rica	LAC
35	#00BFC4	11.46004009	2000	Costa Rica	Costa Rica	LAC
35	#00BFC4	11.61226511	2001	Costa Rica	Costa Rica	LAC
35	#00BFC4	11.76449013	2002	Costa Rica	Costa Rica	LAC
35	#00BFC4	11.91671515	2003	Costa Rica	Costa Rica	LAC
35	#00BFC4	12.06894016	2004	Costa Rica	Costa Rica	LAC
35	#00BFC4	12.34011868	2005	Costa Rica	Costa Rica	LAC
35	#00BFC4	12.6112972	2006	Costa Rica	Costa Rica	LAC
35	#00BFC4	12.88247572	2007	Costa Rica	Costa Rica	LAC
35	#00BFC4	13.15365423	2008	Costa Rica	Costa Rica	LAC
35	#00BFC4	13.42483275	2009	Costa Rica	Costa Rica	LAC
35	#00BFC4	13.69601127	2010	Costa Rica	Costa Rica	LAC
35	#00BFC4	13.96718979	2011	Costa Rica	Costa Rica	LAC
35	#00BFC4	14.13411999	2012	Costa Rica	Costa Rica	LAC
35	#00BFC4	14.33946991	2013	Costa Rica	Costa Rica	LAC
35	#00BFC4	14.63490963	2014	Costa Rica	Costa Rica	LAC
35	#00BFC4	14.69305038	2015	Costa Rica	Costa Rica	LAC
35	#00BFC4	14.81766033	2016	Costa Rica	Costa Rica	LAC
35	#00BFC4	15.06278992	2017	Costa Rica	Costa Rica	LAC
35	#00BFC4	15.22842026	2018	Costa Rica	Costa Rica	LAC
35	#00BFC4	15.8384304	2019	Costa Rica	Costa Rica	LAC
35	#00BFC4	16.09200378	2020	Costa Rica	Costa Rica	LAC
35	#00BFC4	16.09200378	2021	Costa Rica	Costa Rica	LAC
35	#00BFC4	16.09200378	2022	Costa Rica	Costa Rica	LAC
36	#F564E3	5.348631403	1990	Côte d'Ivoire	Côte d'Ivoire	SSA
36	#F564E3	5.452453121	1991	Côte d'Ivoire	Côte d'Ivoire	SSA
36	#F564E3	5.55829011	1992	Côte d'Ivoire	Côte d'Ivoire	SSA
36	#F564E3	5.666181491	1993	Côte d'Ivoire	Côte d'Ivoire	SSA
36	#F564E3	5.776167139	1994	Côte d'Ivoire	Côte d'Ivoire	SSA
36	#F564E3	5.888287707	1995	Côte d'Ivoire	Côte d'Ivoire	SSA
36	#F564E3	6.002584636	1996	Côte d'Ivoire	Côte d'Ivoire	SSA
36	#F564E3	6.11910017	1997	Côte d'Ivoire	Côte d'Ivoire	SSA
36	#F564E3	6.237877375	1998	Côte d'Ivoire	Côte d'Ivoire	SSA
36	#F564E3	6.358960152	1999	Côte d'Ivoire	Côte d'Ivoire	SSA
36	#F564E3	6.487278112	2000	Côte d'Ivoire	Côte d'Ivoire	SSA
36	#F564E3	6.615596072	2001	Côte d'Ivoire	Côte d'Ivoire	SSA
36	#F564E3	6.743914032	2002	Côte d'Ivoire	Côte d'Ivoire	SSA
36	#F564E3	6.872231992	2003	Côte d'Ivoire	Côte d'Ivoire	SSA
36	#F564E3	7.000549952	2004	Côte d'Ivoire	Côte d'Ivoire	SSA
36	#F564E3	7.128867912	2005	Côte d'Ivoire	Côte d'Ivoire	SSA
36	#F564E3	7.257185872	2006	Côte d'Ivoire	Côte d'Ivoire	SSA
36	#F564E3	7.385503832	2007	Côte d'Ivoire	Côte d'Ivoire	SSA
36	#F564E3	7.513821793	2008	Côte d'Ivoire	Côte d'Ivoire	SSA
36	#F564E3	7.642139753	2009	Côte d'Ivoire	Côte d'Ivoire	SSA
36	#F564E3	7.770457713	2010	Côte d'Ivoire	Côte d'Ivoire	SSA
36	#F564E3	7.898775673	2011	Côte d'Ivoire	Côte d'Ivoire	SSA
36	#F564E3	8.027093633	2012	Côte d'Ivoire	Côte d'Ivoire	SSA
36	#F564E3	8.155411593	2013	Côte d'Ivoire	Côte d'Ivoire	SSA
36	#F564E3	8.283729553	2014	Côte d'Ivoire	Côte d'Ivoire	SSA
36	#F564E3	8.547829628	2015	Côte d'Ivoire	Côte d'Ivoire	SSA
36	#F564E3	9.07269001	2016	Côte d'Ivoire	Côte d'Ivoire	SSA
36	#F564E3	9.474160194	2017	Côte d'Ivoire	Côte d'Ivoire	SSA
36	#F564E3	9.697870255	2018	Côte d'Ivoire	Côte d'Ivoire	SSA
36	#F564E3	9.921580315	2019	Côte d'Ivoire	Côte d'Ivoire	SSA
36	#F564E3	10.10165024	2020	Côte d'Ivoire	Côte d'Ivoire	SSA
36	#F564E3	10.10165024	2021	Côte d'Ivoire	Côte d'Ivoire	SSA
36	#F564E3	10.10165024	2022	Côte d'Ivoire	Côte d'Ivoire	SSA
37	#00BFC4	12.60223961	1990	Cuba	Cuba	LAC
37	#00BFC4	12.52694988	1991	Cuba	Cuba	LAC
37	#00BFC4	12.36981964	1992	Cuba	Cuba	LAC
37	#00BFC4	12.27513027	1993	Cuba	Cuba	LAC
37	#00BFC4	11.70328045	1994	Cuba	Cuba	LAC
37	#00BFC4	11.52468967	1995	Cuba	Cuba	LAC
37	#00BFC4	11.97091961	1996	Cuba	Cuba	LAC
37	#00BFC4	11.95853043	1997	Cuba	Cuba	LAC
37	#00BFC4	12.09601498	1998	Cuba	Cuba	LAC
37	#00BFC4	12.23349953	1999	Cuba	Cuba	LAC
37	#00BFC4	12.44509983	2000	Cuba	Cuba	LAC
37	#00BFC4	12.71877003	2001	Cuba	Cuba	LAC
37	#00BFC4	13.05060005	2002	Cuba	Cuba	LAC
37	#00BFC4	13.4489603	2003	Cuba	Cuba	LAC
37	#00BFC4	14.38751984	2004	Cuba	Cuba	LAC
37	#00BFC4	14.8090601	2005	Cuba	Cuba	LAC
37	#00BFC4	16.06064034	2006	Cuba	Cuba	LAC
37	#00BFC4	17.0396595	2007	Cuba	Cuba	LAC
37	#00BFC4	17.52378082	2008	Cuba	Cuba	LAC
37	#00BFC4	17.29636002	2009	Cuba	Cuba	LAC
37	#00BFC4	16.27037048	2010	Cuba	Cuba	LAC
37	#00BFC4	15.49761963	2011	Cuba	Cuba	LAC
37	#00BFC4	14.61526966	2012	Cuba	Cuba	LAC
37	#00BFC4	13.98764038	2013	Cuba	Cuba	LAC
37	#00BFC4	14.04951	2014	Cuba	Cuba	LAC
37	#00BFC4	13.85789013	2015	Cuba	Cuba	LAC
37	#00BFC4	13.86410999	2016	Cuba	Cuba	LAC
37	#00BFC4	14.06610012	2017	Cuba	Cuba	LAC
37	#00BFC4	14.20104027	2018	Cuba	Cuba	LAC
37	#00BFC4	14.3487196	2019	Cuba	Cuba	LAC
37	#00BFC4	14.42603016	2020	Cuba	Cuba	LAC
37	#00BFC4	14.46930027	2021	Cuba	Cuba	LAC
37	#00BFC4	14.46930027	2022	Cuba	Cuba	LAC
40	#00BFC4	9.284750781	1990	Dominican Republic	Dominican Republic	LAC
40	#00BFC4	9.453856966	1991	Dominican Republic	Dominican Republic	LAC
40	#00BFC4	9.626043137	1992	Dominican Republic	Dominican Republic	LAC
40	#00BFC4	9.80136539	1993	Dominican Republic	Dominican Republic	LAC
40	#00BFC4	9.979880845	1994	Dominican Republic	Dominican Republic	LAC
40	#00BFC4	10.16164766	1995	Dominican Republic	Dominican Republic	LAC
40	#00BFC4	10.34672505	1996	Dominican Republic	Dominican Republic	LAC
40	#00BFC4	10.53517332	1997	Dominican Republic	Dominican Republic	LAC
40	#00BFC4	10.72705386	1998	Dominican Republic	Dominican Republic	LAC
40	#00BFC4	10.92242918	1999	Dominican Republic	Dominican Republic	LAC
40	#00BFC4	11.12136293	2000	Dominican Republic	Dominican Republic	LAC
40	#00BFC4	11.33143273	2001	Dominican Republic	Dominican Republic	LAC
40	#00BFC4	11.54150252	2002	Dominican Republic	Dominican Republic	LAC
40	#00BFC4	11.75157232	2003	Dominican Republic	Dominican Republic	LAC
40	#00BFC4	11.96164211	2004	Dominican Republic	Dominican Republic	LAC
40	#00BFC4	12.17171191	2005	Dominican Republic	Dominican Republic	LAC
40	#00BFC4	12.3817817	2006	Dominican Republic	Dominican Republic	LAC
40	#00BFC4	12.5918515	2007	Dominican Republic	Dominican Republic	LAC
40	#00BFC4	12.80192129	2008	Dominican Republic	Dominican Republic	LAC
40	#00BFC4	13.01199109	2009	Dominican Republic	Dominican Republic	LAC
40	#00BFC4	13.22206088	2010	Dominican Republic	Dominican Republic	LAC
40	#00BFC4	13.43213068	2011	Dominican Republic	Dominican Republic	LAC
40	#00BFC4	13.64220047	2012	Dominican Republic	Dominican Republic	LAC
40	#00BFC4	13.70403528	2013	Dominican Republic	Dominican Republic	LAC
40	#00BFC4	13.76587009	2014	Dominican Republic	Dominican Republic	LAC
40	#00BFC4	14.46397018	2015	Dominican Republic	Dominican Republic	LAC
40	#00BFC4	14.51723003	2016	Dominican Republic	Dominican Republic	LAC
40	#00BFC4	14.66316986	2017	Dominican Republic	Dominican Republic	LAC
40	#00BFC4	14.56586647	2018	Dominican Republic	Dominican Republic	LAC
40	#00BFC4	14.46856308	2019	Dominican Republic	Dominican Republic	LAC
40	#00BFC4	14.37125969	2020	Dominican Republic	Dominican Republic	LAC
40	#00BFC4	13.55698967	2021	Dominican Republic	Dominican Republic	LAC
40	#00BFC4	13.55698967	2022	Dominican Republic	Dominican Republic	LAC
41	#00BFC4	11.40330029	1990	Ecuador	Ecuador	LAC
41	#00BFC4	11.24228001	1991	Ecuador	Ecuador	LAC
41	#00BFC4	11.42147714	1992	Ecuador	Ecuador	LAC
41	#00BFC4	11.60067427	1993	Ecuador	Ecuador	LAC
41	#00BFC4	11.7798714	1994	Ecuador	Ecuador	LAC
41	#00BFC4	11.95906853	1995	Ecuador	Ecuador	LAC
41	#00BFC4	12.13826566	1996	Ecuador	Ecuador	LAC
41	#00BFC4	12.31746278	1997	Ecuador	Ecuador	LAC
41	#00BFC4	12.49665991	1998	Ecuador	Ecuador	LAC
41	#00BFC4	12.67585704	1999	Ecuador	Ecuador	LAC
41	#00BFC4	12.85505417	2000	Ecuador	Ecuador	LAC
41	#00BFC4	13.0342513	2001	Ecuador	Ecuador	LAC
41	#00BFC4	13.21344843	2002	Ecuador	Ecuador	LAC
41	#00BFC4	13.39264556	2003	Ecuador	Ecuador	LAC
41	#00BFC4	13.57184269	2004	Ecuador	Ecuador	LAC
41	#00BFC4	13.75103982	2005	Ecuador	Ecuador	LAC
41	#00BFC4	13.93023695	2006	Ecuador	Ecuador	LAC
41	#00BFC4	14.10943408	2007	Ecuador	Ecuador	LAC
41	#00BFC4	14.28863121	2008	Ecuador	Ecuador	LAC
41	#00BFC4	14.46782834	2009	Ecuador	Ecuador	LAC
41	#00BFC4	14.64702547	2010	Ecuador	Ecuador	LAC
41	#00BFC4	14.8262226	2011	Ecuador	Ecuador	LAC
41	#00BFC4	15.00541973	2012	Ecuador	Ecuador	LAC
41	#00BFC4	14.87827969	2013	Ecuador	Ecuador	LAC
41	#00BFC4	15.00487995	2014	Ecuador	Ecuador	LAC
41	#00BFC4	15.13148022	2015	Ecuador	Ecuador	LAC
41	#00BFC4	14.99600347	2016	Ecuador	Ecuador	LAC
41	#00BFC4	14.86052672	2017	Ecuador	Ecuador	LAC
41	#00BFC4	14.72504997	2018	Ecuador	Ecuador	LAC
41	#00BFC4	14.46730995	2019	Ecuador	Ecuador	LAC
41	#00BFC4	14.86483955	2020	Ecuador	Ecuador	LAC
41	#00BFC4	14.86483955	2021	Ecuador	Ecuador	LAC
41	#00BFC4	14.86483955	2022	Ecuador	Ecuador	LAC
42	#F8766D	9.206990242	1990	Egypt	Egypt	AS
42	#F8766D	9.250329971	1991	Egypt	Egypt	AS
42	#F8766D	9.430852532	1992	Egypt	Egypt	AS
42	#F8766D	9.611375093	1993	Egypt	Egypt	AS
42	#F8766D	9.791897655	1994	Egypt	Egypt	AS
42	#F8766D	9.972420216	1995	Egypt	Egypt	AS
42	#F8766D	10.15294278	1996	Egypt	Egypt	AS
42	#F8766D	10.33346534	1997	Egypt	Egypt	AS
42	#F8766D	10.5139879	1998	Egypt	Egypt	AS
42	#F8766D	10.69451046	1999	Egypt	Egypt	AS
42	#F8766D	10.77771521	2000	Egypt	Egypt	AS
42	#F8766D	10.86091995	2001	Egypt	Egypt	AS
42	#F8766D	10.88712978	2002	Egypt	Egypt	AS
42	#F8766D	10.73254967	2003	Egypt	Egypt	AS
42	#F8766D	10.78256035	2004	Egypt	Egypt	AS
42	#F8766D	10.84283428	2005	Egypt	Egypt	AS
42	#F8766D	10.90310822	2006	Egypt	Egypt	AS
42	#F8766D	10.96338215	2007	Egypt	Egypt	AS
42	#F8766D	11.02365608	2008	Egypt	Egypt	AS
42	#F8766D	11.08393002	2009	Egypt	Egypt	AS
42	#F8766D	11.19958019	2010	Egypt	Egypt	AS
42	#F8766D	11.21022987	2011	Egypt	Egypt	AS
42	#F8766D	11.57713032	2012	Egypt	Egypt	AS
42	#F8766D	11.80953979	2013	Egypt	Egypt	AS
42	#F8766D	11.73950958	2014	Egypt	Egypt	AS
42	#F8766D	11.88743496	2015	Egypt	Egypt	AS
42	#F8766D	12.03536034	2016	Egypt	Egypt	AS
42	#F8766D	12.16487026	2017	Egypt	Egypt	AS
42	#F8766D	12.43317032	2018	Egypt	Egypt	AS
42	#F8766D	12.67249012	2019	Egypt	Egypt	AS
42	#F8766D	12.91180992	2020	Egypt	Egypt	AS
42	#F8766D	12.91180992	2021	Egypt	Egypt	AS
42	#F8766D	12.91180992	2022	Egypt	Egypt	AS
43	#00BFC4	8.514767823	1990	El Salvador	El Salvador	LAC
43	#00BFC4	8.662059784	1991	El Salvador	El Salvador	LAC
43	#00BFC4	8.811899662	1992	El Salvador	El Salvador	LAC
43	#00BFC4	8.96173954	1993	El Salvador	El Salvador	LAC
43	#00BFC4	9.286313629	1994	El Salvador	El Salvador	LAC
43	#00BFC4	9.610887718	1995	El Salvador	El Salvador	LAC
43	#00BFC4	9.935461807	1996	El Salvador	El Salvador	LAC
43	#00BFC4	10.2600359	1997	El Salvador	El Salvador	LAC
43	#00BFC4	10.58460999	1998	El Salvador	El Salvador	LAC
43	#00BFC4	10.5519104	1999	El Salvador	El Salvador	LAC
43	#00BFC4	10.89731979	2000	El Salvador	El Salvador	LAC
43	#00BFC4	11.10416985	2001	El Salvador	El Salvador	LAC
43	#00BFC4	11.44435978	2002	El Salvador	El Salvador	LAC
43	#00BFC4	11.84412956	2003	El Salvador	El Salvador	LAC
43	#00BFC4	12.16205025	2004	El Salvador	El Salvador	LAC
43	#00BFC4	12.4198103	2005	El Salvador	El Salvador	LAC
43	#00BFC4	12.39274979	2006	El Salvador	El Salvador	LAC
43	#00BFC4	12.88368988	2007	El Salvador	El Salvador	LAC
43	#00BFC4	12.16687965	2008	El Salvador	El Salvador	LAC
43	#00BFC4	12.09626007	2009	El Salvador	El Salvador	LAC
43	#00BFC4	12.16615963	2010	El Salvador	El Salvador	LAC
43	#00BFC4	12.24773979	2011	El Salvador	El Salvador	LAC
43	#00BFC4	12.29899979	2012	El Salvador	El Salvador	LAC
43	#00BFC4	12.43801975	2013	El Salvador	El Salvador	LAC
43	#00BFC4	12.25903988	2014	El Salvador	El Salvador	LAC
43	#00BFC4	12.01471996	2015	El Salvador	El Salvador	LAC
43	#00BFC4	11.79246998	2016	El Salvador	El Salvador	LAC
43	#00BFC4	11.75586188	2017	El Salvador	El Salvador	LAC
43	#00BFC4	11.92147713	2018	El Salvador	El Salvador	LAC
43	#00BFC4	11.88102581	2019	El Salvador	El Salvador	LAC
43	#00BFC4	11.9099355	2020	El Salvador	El Salvador	LAC
43	#00BFC4	11.9099355	2021	El Salvador	El Salvador	LAC
43	#00BFC4	11.9099355	2022	El Salvador	El Salvador	LAC
46	#F564E3	9.644469458	1990	Eswatini (Kingdom of)	Eswatini (Kingdom of)	SSA
46	#F564E3	9.572581933	1991	Eswatini (Kingdom of)	Eswatini (Kingdom of)	SSA
46	#F564E3	9.50123024	1992	Eswatini (Kingdom of)	Eswatini (Kingdom of)	SSA
46	#F564E3	9.430410385	1993	Eswatini (Kingdom of)	Eswatini (Kingdom of)	SSA
46	#F564E3	9.520150185	1994	Eswatini (Kingdom of)	Eswatini (Kingdom of)	SSA
46	#F564E3	9.609889984	1995	Eswatini (Kingdom of)	Eswatini (Kingdom of)	SSA
46	#F564E3	9.699629784	1996	Eswatini (Kingdom of)	Eswatini (Kingdom of)	SSA
46	#F564E3	9.702963193	1997	Eswatini (Kingdom of)	Eswatini (Kingdom of)	SSA
46	#F564E3	9.706296603	1998	Eswatini (Kingdom of)	Eswatini (Kingdom of)	SSA
46	#F564E3	9.709630013	1999	Eswatini (Kingdom of)	Eswatini (Kingdom of)	SSA
46	#F564E3	9.558130264	2000	Eswatini (Kingdom of)	Eswatini (Kingdom of)	SSA
46	#F564E3	9.475719929	2001	Eswatini (Kingdom of)	Eswatini (Kingdom of)	SSA
46	#F564E3	9.393309593	2002	Eswatini (Kingdom of)	Eswatini (Kingdom of)	SSA
46	#F564E3	9.7072649	2003	Eswatini (Kingdom of)	Eswatini (Kingdom of)	SSA
46	#F564E3	10.02122021	2004	Eswatini (Kingdom of)	Eswatini (Kingdom of)	SSA
46	#F564E3	10.31523991	2005	Eswatini (Kingdom of)	Eswatini (Kingdom of)	SSA
46	#F564E3	10.95755959	2006	Eswatini (Kingdom of)	Eswatini (Kingdom of)	SSA
46	#F564E3	11.26955566	2007	Eswatini (Kingdom of)	Eswatini (Kingdom of)	SSA
46	#F564E3	11.58155174	2008	Eswatini (Kingdom of)	Eswatini (Kingdom of)	SSA
46	#F564E3	11.89354782	2009	Eswatini (Kingdom of)	Eswatini (Kingdom of)	SSA
46	#F564E3	12.2055439	2010	Eswatini (Kingdom of)	Eswatini (Kingdom of)	SSA
46	#F564E3	12.51753998	2011	Eswatini (Kingdom of)	Eswatini (Kingdom of)	SSA
46	#F564E3	12.69502497	2012	Eswatini (Kingdom of)	Eswatini (Kingdom of)	SSA
46	#F564E3	12.87250996	2013	Eswatini (Kingdom of)	Eswatini (Kingdom of)	SSA
46	#F564E3	13.1477058	2014	Eswatini (Kingdom of)	Eswatini (Kingdom of)	SSA
46	#F564E3	13.42878494	2015	Eswatini (Kingdom of)	Eswatini (Kingdom of)	SSA
46	#F564E3	13.71587316	2016	Eswatini (Kingdom of)	Eswatini (Kingdom of)	SSA
46	#F564E3	14.0090989	2017	Eswatini (Kingdom of)	Eswatini (Kingdom of)	SSA
46	#F564E3	14.3085934	2018	Eswatini (Kingdom of)	Eswatini (Kingdom of)	SSA
46	#F564E3	14.61449065	2019	Eswatini (Kingdom of)	Eswatini (Kingdom of)	SSA
46	#F564E3	14.92692756	2020	Eswatini (Kingdom of)	Eswatini (Kingdom of)	SSA
46	#F564E3	14.92692756	2021	Eswatini (Kingdom of)	Eswatini (Kingdom of)	SSA
46	#F564E3	14.92692756	2022	Eswatini (Kingdom of)	Eswatini (Kingdom of)	SSA
48	#B79F00	11.63193653	1990	Fiji	Fiji	EAP
48	#B79F00	11.67753029	1991	Fiji	Fiji	EAP
48	#B79F00	11.72330276	1992	Fiji	Fiji	EAP
48	#B79F00	11.76907523	1993	Fiji	Fiji	EAP
48	#B79F00	11.81484771	1994	Fiji	Fiji	EAP
48	#B79F00	11.86062018	1995	Fiji	Fiji	EAP
48	#B79F00	11.90639265	1996	Fiji	Fiji	EAP
48	#B79F00	11.95216513	1997	Fiji	Fiji	EAP
48	#B79F00	11.9979376	1998	Fiji	Fiji	EAP
48	#B79F00	12.04371007	1999	Fiji	Fiji	EAP
48	#B79F00	12.08948255	2000	Fiji	Fiji	EAP
48	#B79F00	12.13525502	2001	Fiji	Fiji	EAP
48	#B79F00	12.18102749	2002	Fiji	Fiji	EAP
48	#B79F00	12.22679996	2003	Fiji	Fiji	EAP
48	#B79F00	12.37187958	2004	Fiji	Fiji	EAP
48	#B79F00	12.45875078	2005	Fiji	Fiji	EAP
48	#B79F00	12.54562198	2006	Fiji	Fiji	EAP
48	#B79F00	12.63249318	2007	Fiji	Fiji	EAP
48	#B79F00	12.71936438	2008	Fiji	Fiji	EAP
48	#B79F00	12.80623558	2009	Fiji	Fiji	EAP
48	#B79F00	12.89310679	2010	Fiji	Fiji	EAP
48	#B79F00	12.97997799	2011	Fiji	Fiji	EAP
48	#B79F00	13.06684919	2012	Fiji	Fiji	EAP
48	#B79F00	13.15372039	2013	Fiji	Fiji	EAP
48	#B79F00	13.24059159	2014	Fiji	Fiji	EAP
48	#B79F00	13.32746279	2015	Fiji	Fiji	EAP
48	#B79F00	13.32746279	2016	Fiji	Fiji	EAP
48	#B79F00	13.50120519	2017	Fiji	Fiji	EAP
48	#B79F00	13.5880764	2018	Fiji	Fiji	EAP
48	#B79F00	13.6749476	2019	Fiji	Fiji	EAP
48	#B79F00	13.7618188	2020	Fiji	Fiji	EAP
48	#B79F00	13.84869	2021	Fiji	Fiji	EAP
48	#B79F00	13.84869	2022	Fiji	Fiji	EAP
49	#F564E3	11.06384079	1990	Gabon	Gabon	SSA
49	#F564E3	11.10699025	1991	Gabon	Gabon	SSA
49	#F564E3	11.15030799	1992	Gabon	Gabon	SSA
49	#F564E3	11.19379468	1993	Gabon	Gabon	SSA
49	#F564E3	11.23745096	1994	Gabon	Gabon	SSA
49	#F564E3	11.28127751	1995	Gabon	Gabon	SSA
49	#F564E3	11.32527499	1996	Gabon	Gabon	SSA
49	#F564E3	11.36944405	1997	Gabon	Gabon	SSA
49	#F564E3	11.41378538	1998	Gabon	Gabon	SSA
49	#F564E3	11.45829964	1999	Gabon	Gabon	SSA
49	#F564E3	11.50307465	2000	Gabon	Gabon	SSA
49	#F564E3	11.54784966	2001	Gabon	Gabon	SSA
49	#F564E3	11.59288677	2002	Gabon	Gabon	SSA
49	#F564E3	11.63809953	2003	Gabon	Gabon	SSA
49	#F564E3	11.68348863	2004	Gabon	Gabon	SSA
49	#F564E3	11.72905474	2005	Gabon	Gabon	SSA
49	#F564E3	11.77479857	2006	Gabon	Gabon	SSA
49	#F564E3	11.82072079	2007	Gabon	Gabon	SSA
49	#F564E3	11.86682212	2008	Gabon	Gabon	SSA
49	#F564E3	11.91310324	2009	Gabon	Gabon	SSA
49	#F564E3	11.95956486	2010	Gabon	Gabon	SSA
49	#F564E3	12.00620769	2011	Gabon	Gabon	SSA
49	#F564E3	12.05303242	2012	Gabon	Gabon	SSA
49	#F564E3	12.10003977	2013	Gabon	Gabon	SSA
49	#F564E3	12.14723045	2014	Gabon	Gabon	SSA
49	#F564E3	12.19460518	2015	Gabon	Gabon	SSA
49	#F564E3	12.24216467	2016	Gabon	Gabon	SSA
49	#F564E3	12.28990964	2017	Gabon	Gabon	SSA
49	#F564E3	12.33784083	2018	Gabon	Gabon	SSA
49	#F564E3	12.38595894	2019	Gabon	Gabon	SSA
49	#F564E3	12.43426472	2020	Gabon	Gabon	SSA
49	#F564E3	12.43426472	2021	Gabon	Gabon	SSA
49	#F564E3	12.43426472	2022	Gabon	Gabon	SSA
50	#F564E3	3.84434068	1990	Gambia	Gambia	SSA
50	#F564E3	4.00602438	1991	Gambia	Gambia	SSA
50	#F564E3	4.174508107	1992	Gambia	Gambia	SSA
50	#F564E3	4.350077852	1993	Gambia	Gambia	SSA
50	#F564E3	4.533031638	1994	Gambia	Gambia	SSA
50	#F564E3	4.723680019	1995	Gambia	Gambia	SSA
50	#F564E3	4.939758484	1996	Gambia	Gambia	SSA
50	#F564E3	5.155836949	1997	Gambia	Gambia	SSA
50	#F564E3	5.371915414	1998	Gambia	Gambia	SSA
50	#F564E3	5.587993879	1999	Gambia	Gambia	SSA
50	#F564E3	5.804072343	2000	Gambia	Gambia	SSA
50	#F564E3	6.020150808	2001	Gambia	Gambia	SSA
50	#F564E3	6.236229273	2002	Gambia	Gambia	SSA
50	#F564E3	6.452307738	2003	Gambia	Gambia	SSA
50	#F564E3	6.668386203	2004	Gambia	Gambia	SSA
50	#F564E3	6.884464667	2005	Gambia	Gambia	SSA
50	#F564E3	7.100543132	2006	Gambia	Gambia	SSA
50	#F564E3	7.316621597	2007	Gambia	Gambia	SSA
50	#F564E3	7.532700062	2008	Gambia	Gambia	SSA
50	#F564E3	7.53000021	2009	Gambia	Gambia	SSA
50	#F564E3	7.477910042	2010	Gambia	Gambia	SSA
50	#F564E3	7.603649736	2011	Gambia	Gambia	SSA
50	#F564E3	7.73150372	2012	Gambia	Gambia	SSA
50	#F564E3	7.861507545	2013	Gambia	Gambia	SSA
50	#F564E3	8.020992137	2014	Gambia	Gambia	SSA
50	#F564E3	8.180476728	2015	Gambia	Gambia	SSA
50	#F564E3	8.33996132	2016	Gambia	Gambia	SSA
50	#F564E3	8.499445911	2017	Gambia	Gambia	SSA
50	#F564E3	8.658930503	2018	Gambia	Gambia	SSA
50	#F564E3	8.818415095	2019	Gambia	Gambia	SSA
50	#F564E3	8.977899686	2020	Gambia	Gambia	SSA
50	#F564E3	8.977899686	2021	Gambia	Gambia	SSA
50	#F564E3	8.977899686	2022	Gambia	Gambia	SSA
52	#F564E3	5.655748717	1990	Ghana	Ghana	SSA
52	#F564E3	5.7762367	1991	Ghana	Ghana	SSA
52	#F564E3	5.899291515	1992	Ghana	Ghana	SSA
52	#F564E3	6.024967843	1993	Ghana	Ghana	SSA
52	#F564E3	6.153321534	1994	Ghana	Ghana	SSA
52	#F564E3	6.284409625	1995	Ghana	Ghana	SSA
52	#F564E3	6.418290368	1996	Ghana	Ghana	SSA
52	#F564E3	6.555023256	1997	Ghana	Ghana	SSA
52	#F564E3	6.694669052	1998	Ghana	Ghana	SSA
52	#F564E3	6.83728981	1999	Ghana	Ghana	SSA
52	#F564E3	7.17249012	2000	Ghana	Ghana	SSA
52	#F564E3	6.862949848	2001	Ghana	Ghana	SSA
52	#F564E3	7.194029808	2002	Ghana	Ghana	SSA
52	#F564E3	7.127200127	2003	Ghana	Ghana	SSA
52	#F564E3	7.566929817	2004	Ghana	Ghana	SSA
52	#F564E3	8.221770287	2005	Ghana	Ghana	SSA
52	#F564E3	8.645079613	2006	Ghana	Ghana	SSA
52	#F564E3	9.311630249	2007	Ghana	Ghana	SSA
52	#F564E3	9.909689903	2008	Ghana	Ghana	SSA
52	#F564E3	10.01552963	2009	Ghana	Ghana	SSA
52	#F564E3	10.34964466	2010	Ghana	Ghana	SSA
52	#F564E3	10.68375969	2011	Ghana	Ghana	SSA
52	#F564E3	10.93752003	2012	Ghana	Ghana	SSA
52	#F564E3	11.07386971	2013	Ghana	Ghana	SSA
52	#F564E3	10.72198963	2014	Ghana	Ghana	SSA
52	#F564E3	11.17568016	2015	Ghana	Ghana	SSA
52	#F564E3	11.09840012	2016	Ghana	Ghana	SSA
52	#F564E3	10.9863596	2017	Ghana	Ghana	SSA
52	#F564E3	10.95788002	2018	Ghana	Ghana	SSA
52	#F564E3	11.29076004	2019	Ghana	Ghana	SSA
52	#F564E3	11.42975998	2020	Ghana	Ghana	SSA
52	#F564E3	11.58627987	2021	Ghana	Ghana	SSA
52	#F564E3	11.58627987	2022	Ghana	Ghana	SSA
54	#00BFC4	6.89961844	1990	Guatemala	Guatemala	LAC
54	#00BFC4	6.942571071	1991	Guatemala	Guatemala	LAC
54	#00BFC4	6.985791098	1992	Guatemala	Guatemala	LAC
54	#00BFC4	7.029280186	1993	Guatemala	Guatemala	LAC
54	#00BFC4	7.073040009	1994	Guatemala	Guatemala	LAC
54	#00BFC4	7.169149876	1995	Guatemala	Guatemala	LAC
54	#00BFC4	7.418882779	1996	Guatemala	Guatemala	LAC
54	#00BFC4	7.668615682	1997	Guatemala	Guatemala	LAC
54	#00BFC4	7.918348585	1998	Guatemala	Guatemala	LAC
54	#00BFC4	8.168081488	1999	Guatemala	Guatemala	LAC
54	#00BFC4	8.417814391	2000	Guatemala	Guatemala	LAC
54	#00BFC4	8.667547294	2001	Guatemala	Guatemala	LAC
54	#00BFC4	8.917280197	2002	Guatemala	Guatemala	LAC
54	#00BFC4	9.193762207	2003	Guatemala	Guatemala	LAC
54	#00BFC4	9.470244217	2004	Guatemala	Guatemala	LAC
54	#00BFC4	9.746726227	2005	Guatemala	Guatemala	LAC
54	#00BFC4	10.02320824	2006	Guatemala	Guatemala	LAC
54	#00BFC4	10.29969025	2007	Guatemala	Guatemala	LAC
54	#00BFC4	10.57704496	2008	Guatemala	Guatemala	LAC
54	#00BFC4	10.85439968	2009	Guatemala	Guatemala	LAC
54	#00BFC4	11.09412003	2010	Guatemala	Guatemala	LAC
54	#00BFC4	11.06177044	2011	Guatemala	Guatemala	LAC
54	#00BFC4	10.85068989	2012	Guatemala	Guatemala	LAC
54	#00BFC4	10.8308897	2013	Guatemala	Guatemala	LAC
54	#00BFC4	10.92879009	2014	Guatemala	Guatemala	LAC
54	#00BFC4	10.97344017	2015	Guatemala	Guatemala	LAC
54	#00BFC4	10.92856002	2016	Guatemala	Guatemala	LAC
54	#00BFC4	10.88367987	2017	Guatemala	Guatemala	LAC
54	#00BFC4	10.83879972	2018	Guatemala	Guatemala	LAC
54	#00BFC4	10.79391956	2019	Guatemala	Guatemala	LAC
54	#00BFC4	10.76720388	2020	Guatemala	Guatemala	LAC
54	#00BFC4	10.76720388	2021	Guatemala	Guatemala	LAC
54	#00BFC4	10.76720388	2022	Guatemala	Guatemala	LAC
55	#F564E3	2.694149971	1990	Guinea	Guinea	SSA
55	#F564E3	2.820280075	1991	Guinea	Guinea	SSA
55	#F564E3	2.996155024	1992	Guinea	Guinea	SSA
55	#F564E3	3.172029972	1993	Guinea	Guinea	SSA
55	#F564E3	3.392210007	1994	Guinea	Guinea	SSA
55	#F564E3	3.624340057	1995	Guinea	Guinea	SSA
55	#F564E3	3.856470108	1996	Guinea	Guinea	SSA
55	#F564E3	4.202220082	1997	Guinea	Guinea	SSA
55	#F564E3	4.547970057	1998	Guinea	Guinea	SSA
55	#F564E3	4.893720031	1999	Guinea	Guinea	SSA
55	#F564E3	5.239470005	2000	Guinea	Guinea	SSA
55	#F564E3	5.585219979	2001	Guinea	Guinea	SSA
55	#F564E3	5.930969954	2002	Guinea	Guinea	SSA
55	#F564E3	6.276719928	2003	Guinea	Guinea	SSA
55	#F564E3	6.622469902	2004	Guinea	Guinea	SSA
55	#F564E3	7.105619907	2005	Guinea	Guinea	SSA
55	#F564E3	7.582719803	2006	Guinea	Guinea	SSA
55	#F564E3	7.853904724	2007	Guinea	Guinea	SSA
55	#F564E3	8.125089645	2008	Guinea	Guinea	SSA
55	#F564E3	8.300136566	2009	Guinea	Guinea	SSA
55	#F564E3	8.475183487	2010	Guinea	Guinea	SSA
55	#F564E3	8.650230408	2011	Guinea	Guinea	SSA
55	#F564E3	8.652159691	2012	Guinea	Guinea	SSA
55	#F564E3	8.883224964	2013	Guinea	Guinea	SSA
55	#F564E3	9.114290237	2014	Guinea	Guinea	SSA
55	#F564E3	9.286886149	2015	Guinea	Guinea	SSA
55	#F564E3	9.462750484	2016	Guinea	Guinea	SSA
55	#F564E3	9.641945134	2017	Guinea	Guinea	SSA
55	#F564E3	9.824533166	2018	Guinea	Guinea	SSA
55	#F564E3	10.01057884	2019	Guinea	Guinea	SSA
55	#F564E3	10.20014763	2020	Guinea	Guinea	SSA
55	#F564E3	10.20014763	2021	Guinea	Guinea	SSA
55	#F564E3	10.20014763	2022	Guinea	Guinea	SSA
57	#00BFC4	8.467954444	1990	Guyana	Guyana	LAC
57	#00BFC4	8.627023927	1991	Guyana	Guyana	LAC
57	#00BFC4	8.789081511	1992	Guyana	Guyana	LAC
57	#00BFC4	8.954183327	1993	Guyana	Guyana	LAC
57	#00BFC4	9.122386559	1994	Guyana	Guyana	LAC
57	#00BFC4	9.293749469	1995	Guyana	Guyana	LAC
57	#00BFC4	9.468331411	1996	Guyana	Guyana	LAC
57	#00BFC4	9.646192852	1997	Guyana	Guyana	LAC
57	#00BFC4	9.827395399	1998	Guyana	Guyana	LAC
57	#00BFC4	10.01200181	1999	Guyana	Guyana	LAC
57	#00BFC4	10.20007604	2000	Guyana	Guyana	LAC
57	#00BFC4	10.28467396	2001	Guyana	Guyana	LAC
57	#00BFC4	10.36927189	2002	Guyana	Guyana	LAC
57	#00BFC4	10.45386982	2003	Guyana	Guyana	LAC
57	#00BFC4	10.82208014	2004	Guyana	Guyana	LAC
57	#00BFC4	11.19029045	2005	Guyana	Guyana	LAC
57	#00BFC4	11.04757023	2006	Guyana	Guyana	LAC
57	#00BFC4	10.90485001	2007	Guyana	Guyana	LAC
57	#00BFC4	11.0310297	2008	Guyana	Guyana	LAC
57	#00BFC4	11.01204014	2009	Guyana	Guyana	LAC
57	#00BFC4	11.40573025	2010	Guyana	Guyana	LAC
57	#00BFC4	12.06239986	2011	Guyana	Guyana	LAC
57	#00BFC4	12.13850021	2012	Guyana	Guyana	LAC
57	#00BFC4	12.2407403	2013	Guyana	Guyana	LAC
57	#00BFC4	12.34298038	2014	Guyana	Guyana	LAC
57	#00BFC4	12.45615992	2015	Guyana	Guyana	LAC
57	#00BFC4	12.56933947	2016	Guyana	Guyana	LAC
57	#00BFC4	12.68251901	2017	Guyana	Guyana	LAC
57	#00BFC4	12.79569856	2018	Guyana	Guyana	LAC
57	#00BFC4	12.9088781	2019	Guyana	Guyana	LAC
57	#00BFC4	13.02205765	2020	Guyana	Guyana	LAC
57	#00BFC4	13.02205765	2021	Guyana	Guyana	LAC
57	#00BFC4	13.02205765	2022	Guyana	Guyana	LAC
58	#00BFC4	8.003592771	1990	Haiti	Haiti	LAC
58	#00BFC4	8.101668637	1991	Haiti	Haiti	LAC
58	#00BFC4	8.200946323	1992	Haiti	Haiti	LAC
58	#00BFC4	8.301440555	1993	Haiti	Haiti	LAC
58	#00BFC4	8.403166242	1994	Haiti	Haiti	LAC
58	#00BFC4	8.506138473	1995	Haiti	Haiti	LAC
58	#00BFC4	8.610372524	1996	Haiti	Haiti	LAC
58	#00BFC4	8.715883857	1997	Haiti	Haiti	LAC
58	#00BFC4	8.822688123	1998	Haiti	Haiti	LAC
58	#00BFC4	8.930801167	1999	Haiti	Haiti	LAC
58	#00BFC4	9.040239026	2000	Haiti	Haiti	LAC
58	#00BFC4	9.151017935	2001	Haiti	Haiti	LAC
58	#00BFC4	9.263154326	2002	Haiti	Haiti	LAC
58	#00BFC4	9.376664834	2003	Haiti	Haiti	LAC
58	#00BFC4	9.491566297	2004	Haiti	Haiti	LAC
58	#00BFC4	9.607875761	2005	Haiti	Haiti	LAC
58	#00BFC4	9.725610479	2006	Haiti	Haiti	LAC
58	#00BFC4	9.844787915	2007	Haiti	Haiti	LAC
58	#00BFC4	9.96542575	2008	Haiti	Haiti	LAC
58	#00BFC4	10.08754188	2009	Haiti	Haiti	LAC
58	#00BFC4	10.21115441	2010	Haiti	Haiti	LAC
58	#00BFC4	10.3362817	2011	Haiti	Haiti	LAC
58	#00BFC4	10.46294229	2012	Haiti	Haiti	LAC
58	#00BFC4	10.59115497	2013	Haiti	Haiti	LAC
58	#00BFC4	10.71936766	2014	Haiti	Haiti	LAC
58	#00BFC4	10.84758034	2015	Haiti	Haiti	LAC
58	#00BFC4	10.97579303	2016	Haiti	Haiti	LAC
58	#00BFC4	11.10400571	2017	Haiti	Haiti	LAC
58	#00BFC4	11.11519337	2018	Haiti	Haiti	LAC
58	#00BFC4	11.12638103	2019	Haiti	Haiti	LAC
58	#00BFC4	11.13756869	2020	Haiti	Haiti	LAC
58	#00BFC4	11.13756869	2021	Haiti	Haiti	LAC
58	#00BFC4	11.13756869	2022	Haiti	Haiti	LAC
59	#00BFC4	8.164045768	1990	Honduras	Honduras	LAC
59	#00BFC4	8.22233963	1991	Honduras	Honduras	LAC
59	#00BFC4	8.281049728	1992	Honduras	Honduras	LAC
59	#00BFC4	8.339759827	1993	Honduras	Honduras	LAC
59	#00BFC4	8.457868512	1994	Honduras	Honduras	LAC
59	#00BFC4	8.575977198	1995	Honduras	Honduras	LAC
59	#00BFC4	8.694085884	1996	Honduras	Honduras	LAC
59	#00BFC4	8.81219457	1997	Honduras	Honduras	LAC
59	#00BFC4	8.930303256	1998	Honduras	Honduras	LAC
59	#00BFC4	9.048411942	1999	Honduras	Honduras	LAC
59	#00BFC4	9.166520627	2000	Honduras	Honduras	LAC
59	#00BFC4	9.284629313	2001	Honduras	Honduras	LAC
59	#00BFC4	9.402737999	2002	Honduras	Honduras	LAC
59	#00BFC4	9.520846685	2003	Honduras	Honduras	LAC
59	#00BFC4	9.638955371	2004	Honduras	Honduras	LAC
59	#00BFC4	9.757064056	2005	Honduras	Honduras	LAC
59	#00BFC4	9.875172742	2006	Honduras	Honduras	LAC
59	#00BFC4	9.993281428	2007	Honduras	Honduras	LAC
59	#00BFC4	10.11139011	2008	Honduras	Honduras	LAC
59	#00BFC4	10.17946529	2009	Honduras	Honduras	LAC
59	#00BFC4	10.24754047	2010	Honduras	Honduras	LAC
59	#00BFC4	10.08246517	2011	Honduras	Honduras	LAC
59	#00BFC4	9.91738987	2012	Honduras	Honduras	LAC
59	#00BFC4	9.886475411	2013	Honduras	Honduras	LAC
59	#00BFC4	9.511977939	2014	Honduras	Honduras	LAC
59	#00BFC4	9.744292656	2015	Honduras	Honduras	LAC
59	#00BFC4	9.721621449	2016	Honduras	Honduras	LAC
59	#00BFC4	9.641396204	2017	Honduras	Honduras	LAC
59	#00BFC4	9.672588739	2018	Honduras	Honduras	LAC
59	#00BFC4	9.961707633	2019	Honduras	Honduras	LAC
59	#00BFC4	9.961707633	2020	Honduras	Honduras	LAC
59	#00BFC4	9.961707633	2021	Honduras	Honduras	LAC
59	#00BFC4	9.961707633	2022	Honduras	Honduras	LAC
60	#619CFF	8.016785911	1990	India	India	SA
60	#619CFF	8.038411685	1991	India	India	SA
60	#619CFF	8.060095796	1992	India	India	SA
60	#619CFF	8.081838401	1993	India	India	SA
60	#619CFF	8.103639658	1994	India	India	SA
60	#619CFF	8.125499725	1995	India	India	SA
60	#619CFF	8.135709763	1996	India	India	SA
60	#619CFF	8.169839859	1997	India	India	SA
60	#619CFF	8.191783269	1998	India	India	SA
60	#619CFF	8.213726679	1999	India	India	SA
60	#619CFF	8.23567009	2000	India	India	SA
60	#619CFF	8.242340088	2001	India	India	SA
60	#619CFF	8.417590141	2002	India	India	SA
60	#619CFF	8.993630409	2003	India	India	SA
60	#619CFF	9.242310286	2004	India	India	SA
60	#619CFF	9.490990162	2005	India	India	SA
60	#619CFF	9.739670038	2006	India	India	SA
60	#619CFF	9.988349915	2007	India	India	SA
60	#619CFF	10.27301979	2008	India	India	SA
60	#619CFF	10.20211983	2009	India	India	SA
60	#619CFF	10.51416969	2010	India	India	SA
60	#619CFF	11.07042027	2011	India	India	SA
60	#619CFF	11.31567955	2012	India	India	SA
60	#619CFF	11.36273956	2013	India	India	SA
60	#619CFF	11.70816994	2014	India	India	SA
60	#619CFF	11.81404018	2015	India	India	SA
60	#619CFF	12.22541046	2016	India	India	SA
60	#619CFF	12.07073975	2017	India	India	SA
60	#619CFF	11.40435982	2018	India	India	SA
60	#619CFF	11.35159016	2019	India	India	SA
60	#619CFF	11.72447014	2020	India	India	SA
60	#619CFF	12.00971031	2021	India	India	SA
60	#619CFF	12.58370972	2022	India	India	SA
61	#B79F00	10.15548038	1990	Indonesia	Indonesia	EAP
61	#B79F00	9.956439972	1991	Indonesia	Indonesia	EAP
61	#B79F00	9.874369621	1992	Indonesia	Indonesia	EAP
61	#B79F00	9.861129761	1993	Indonesia	Indonesia	EAP
61	#B79F00	10.0645504	1994	Indonesia	Indonesia	EAP
61	#B79F00	10.25559044	1995	Indonesia	Indonesia	EAP
61	#B79F00	10.40863037	1996	Indonesia	Indonesia	EAP
61	#B79F00	10.71074009	1997	Indonesia	Indonesia	EAP
61	#B79F00	10.78509998	1998	Indonesia	Indonesia	EAP
61	#B79F00	10.88426971	1999	Indonesia	Indonesia	EAP
61	#B79F00	10.76461029	2000	Indonesia	Indonesia	EAP
61	#B79F00	10.81116009	2001	Indonesia	Indonesia	EAP
61	#B79F00	10.9467001	2002	Indonesia	Indonesia	EAP
61	#B79F00	11.18869972	2003	Indonesia	Indonesia	EAP
61	#B79F00	11.32516003	2004	Indonesia	Indonesia	EAP
61	#B79F00	11.23674011	2005	Indonesia	Indonesia	EAP
61	#B79F00	11.36719036	2006	Indonesia	Indonesia	EAP
61	#B79F00	12.01272011	2007	Indonesia	Indonesia	EAP
61	#B79F00	11.97515011	2008	Indonesia	Indonesia	EAP
61	#B79F00	12.42794991	2009	Indonesia	Indonesia	EAP
61	#B79F00	12.64494991	2010	Indonesia	Indonesia	EAP
61	#B79F00	12.96133041	2011	Indonesia	Indonesia	EAP
61	#B79F00	13.29708958	2012	Indonesia	Indonesia	EAP
61	#B79F00	13.32936954	2013	Indonesia	Indonesia	EAP
61	#B79F00	13.26311016	2014	Indonesia	Indonesia	EAP
61	#B79F00	13.63879967	2015	Indonesia	Indonesia	EAP
61	#B79F00	13.60601997	2016	Indonesia	Indonesia	EAP
61	#B79F00	13.72858047	2017	Indonesia	Indonesia	EAP
61	#B79F00	13.78658009	2018	Indonesia	Indonesia	EAP
61	#B79F00	13.88083645	2019	Indonesia	Indonesia	EAP
61	#B79F00	13.97573724	2020	Indonesia	Indonesia	EAP
61	#B79F00	13.97573724	2021	Indonesia	Indonesia	EAP
61	#B79F00	13.97573724	2022	Indonesia	Indonesia	EAP
62	#619CFF	10.80354888	1990	Iran (Islamic Republic of)	Iran (Islamic Republic of)	SA
62	#619CFF	10.89911541	1991	Iran (Islamic Republic of)	Iran (Islamic Republic of)	SA
62	#619CFF	10.99552731	1992	Iran (Islamic Republic of)	Iran (Islamic Republic of)	SA
62	#619CFF	11.09279205	1993	Iran (Islamic Republic of)	Iran (Islamic Republic of)	SA
62	#619CFF	11.19091718	1994	Iran (Islamic Republic of)	Iran (Islamic Republic of)	SA
62	#619CFF	11.28991032	1995	Iran (Islamic Republic of)	Iran (Islamic Republic of)	SA
62	#619CFF	11.42303514	1996	Iran (Islamic Republic of)	Iran (Islamic Republic of)	SA
62	#619CFF	11.55615997	1997	Iran (Islamic Republic of)	Iran (Islamic Republic of)	SA
62	#619CFF	11.6892848	1998	Iran (Islamic Republic of)	Iran (Islamic Republic of)	SA
62	#619CFF	11.82240963	1999	Iran (Islamic Republic of)	Iran (Islamic Republic of)	SA
62	#619CFF	11.79728985	2000	Iran (Islamic Republic of)	Iran (Islamic Republic of)	SA
62	#619CFF	12.14344978	2001	Iran (Islamic Republic of)	Iran (Islamic Republic of)	SA
62	#619CFF	12.13387012	2002	Iran (Islamic Republic of)	Iran (Islamic Republic of)	SA
62	#619CFF	12.28151989	2003	Iran (Islamic Republic of)	Iran (Islamic Republic of)	SA
62	#619CFF	12.0468998	2004	Iran (Islamic Republic of)	Iran (Islamic Republic of)	SA
62	#619CFF	12.03252029	2005	Iran (Islamic Republic of)	Iran (Islamic Republic of)	SA
62	#619CFF	12.30601025	2006	Iran (Islamic Republic of)	Iran (Islamic Republic of)	SA
62	#619CFF	12.49221992	2007	Iran (Islamic Republic of)	Iran (Islamic Republic of)	SA
62	#619CFF	13.06793022	2008	Iran (Islamic Republic of)	Iran (Islamic Republic of)	SA
62	#619CFF	13.27254009	2009	Iran (Islamic Republic of)	Iran (Islamic Republic of)	SA
62	#619CFF	13.46039009	2010	Iran (Islamic Republic of)	Iran (Islamic Republic of)	SA
62	#619CFF	13.95835018	2011	Iran (Islamic Republic of)	Iran (Islamic Republic of)	SA
62	#619CFF	15.37275028	2012	Iran (Islamic Republic of)	Iran (Islamic Republic of)	SA
62	#619CFF	15.21718979	2013	Iran (Islamic Republic of)	Iran (Islamic Republic of)	SA
62	#619CFF	15.11425972	2014	Iran (Islamic Republic of)	Iran (Islamic Republic of)	SA
62	#619CFF	14.88681984	2015	Iran (Islamic Republic of)	Iran (Islamic Republic of)	SA
62	#619CFF	14.55496025	2016	Iran (Islamic Republic of)	Iran (Islamic Republic of)	SA
62	#619CFF	14.43960953	2017	Iran (Islamic Republic of)	Iran (Islamic Republic of)	SA
62	#619CFF	14.3321298	2018	Iran (Islamic Republic of)	Iran (Islamic Republic of)	SA
62	#619CFF	14.22465007	2019	Iran (Islamic Republic of)	Iran (Islamic Republic of)	SA
62	#619CFF	14.11717033	2020	Iran (Islamic Republic of)	Iran (Islamic Republic of)	SA
62	#619CFF	14.11717033	2021	Iran (Islamic Republic of)	Iran (Islamic Republic of)	SA
62	#619CFF	14.11717033	2022	Iran (Islamic Republic of)	Iran (Islamic Republic of)	SA
63	#F8766D	7.300449555	1990	Iraq	Iraq	AS
63	#F8766D	7.405083679	1991	Iraq	Iraq	AS
63	#F8766D	7.511217477	1992	Iraq	Iraq	AS
63	#F8766D	7.618872444	1993	Iraq	Iraq	AS
63	#F8766D	7.728070382	1994	Iraq	Iraq	AS
63	#F8766D	7.838833406	1995	Iraq	Iraq	AS
63	#F8766D	7.951183948	1996	Iraq	Iraq	AS
63	#F8766D	8.06514476	1997	Iraq	Iraq	AS
63	#F8766D	8.180738923	1998	Iraq	Iraq	AS
63	#F8766D	8.297989845	1999	Iraq	Iraq	AS
63	#F8766D	8.340339661	2000	Iraq	Iraq	AS
63	#F8766D	8.612099648	2001	Iraq	Iraq	AS
63	#F8766D	8.883859634	2002	Iraq	Iraq	AS
63	#F8766D	9.155619621	2003	Iraq	Iraq	AS
63	#F8766D	9.427379608	2004	Iraq	Iraq	AS
63	#F8766D	9.659049664	2005	Iraq	Iraq	AS
63	#F8766D	9.89071972	2006	Iraq	Iraq	AS
63	#F8766D	10.12238978	2007	Iraq	Iraq	AS
63	#F8766D	10.35405983	2008	Iraq	Iraq	AS
63	#F8766D	10.58572989	2009	Iraq	Iraq	AS
63	#F8766D	10.81739994	2010	Iraq	Iraq	AS
63	#F8766D	11.04907	2011	Iraq	Iraq	AS
63	#F8766D	11.17834286	2012	Iraq	Iraq	AS
63	#F8766D	11.30761571	2013	Iraq	Iraq	AS
63	#F8766D	11.43688857	2014	Iraq	Iraq	AS
63	#F8766D	11.56616143	2015	Iraq	Iraq	AS
63	#F8766D	11.69543429	2016	Iraq	Iraq	AS
63	#F8766D	11.82470714	2017	Iraq	Iraq	AS
63	#F8766D	11.95398	2018	Iraq	Iraq	AS
63	#F8766D	12.08762083	2019	Iraq	Iraq	AS
63	#F8766D	12.22275571	2020	Iraq	Iraq	AS
63	#F8766D	12.22275571	2021	Iraq	Iraq	AS
63	#F8766D	12.22275571	2022	Iraq	Iraq	AS
64	#00BFC4	11.20173568	1990	Jamaica	Jamaica	LAC
64	#00BFC4	11.1233902	1991	Jamaica	Jamaica	LAC
64	#00BFC4	11.04559267	1992	Jamaica	Jamaica	LAC
64	#00BFC4	10.96779513	1993	Jamaica	Jamaica	LAC
64	#00BFC4	10.8899976	1994	Jamaica	Jamaica	LAC
64	#00BFC4	10.81220007	1995	Jamaica	Jamaica	LAC
64	#00BFC4	10.73440254	1996	Jamaica	Jamaica	LAC
64	#00BFC4	10.65660501	1997	Jamaica	Jamaica	LAC
64	#00BFC4	10.57880747	1998	Jamaica	Jamaica	LAC
64	#00BFC4	10.50100994	1999	Jamaica	Jamaica	LAC
64	#00BFC4	10.10260963	2000	Jamaica	Jamaica	LAC
64	#00BFC4	10.83096981	2001	Jamaica	Jamaica	LAC
64	#00BFC4	10.98361015	2002	Jamaica	Jamaica	LAC
64	#00BFC4	10.3431797	2003	Jamaica	Jamaica	LAC
64	#00BFC4	11.61485004	2004	Jamaica	Jamaica	LAC
64	#00BFC4	11.84745026	2005	Jamaica	Jamaica	LAC
64	#00BFC4	12.46077029	2006	Jamaica	Jamaica	LAC
64	#00BFC4	13.07409032	2007	Jamaica	Jamaica	LAC
64	#00BFC4	13.68741035	2008	Jamaica	Jamaica	LAC
64	#00BFC4	13.70538044	2009	Jamaica	Jamaica	LAC
64	#00BFC4	13.25212002	2010	Jamaica	Jamaica	LAC
64	#00BFC4	13.33304024	2011	Jamaica	Jamaica	LAC
64	#00BFC4	13.13263988	2012	Jamaica	Jamaica	LAC
64	#00BFC4	12.93223953	2013	Jamaica	Jamaica	LAC
64	#00BFC4	12.89050484	2014	Jamaica	Jamaica	LAC
64	#00BFC4	12.84877014	2015	Jamaica	Jamaica	LAC
64	#00BFC4	12.77001058	2016	Jamaica	Jamaica	LAC
64	#00BFC4	12.6917338	2017	Jamaica	Jamaica	LAC
64	#00BFC4	12.61393683	2018	Jamaica	Jamaica	LAC
64	#00BFC4	12.53661674	2019	Jamaica	Jamaica	LAC
64	#00BFC4	12.45977059	2020	Jamaica	Jamaica	LAC
64	#00BFC4	12.45977059	2021	Jamaica	Jamaica	LAC
64	#00BFC4	12.45977059	2022	Jamaica	Jamaica	LAC
65	#F8766D	11.38271999	1990	Jordan	Jordan	AS
65	#F8766D	11.68529034	1991	Jordan	Jordan	AS
65	#F8766D	11.97716999	1992	Jordan	Jordan	AS
65	#F8766D	12.00277042	1993	Jordan	Jordan	AS
65	#F8766D	11.92829037	1994	Jordan	Jordan	AS
65	#F8766D	11.98447037	1995	Jordan	Jordan	AS
65	#F8766D	12.04065037	1996	Jordan	Jordan	AS
65	#F8766D	12.08108521	1997	Jordan	Jordan	AS
65	#F8766D	12.12152004	1998	Jordan	Jordan	AS
65	#F8766D	12.16195488	1999	Jordan	Jordan	AS
65	#F8766D	12.20238972	2000	Jordan	Jordan	AS
65	#F8766D	12.25586462	2001	Jordan	Jordan	AS
65	#F8766D	12.30933952	2002	Jordan	Jordan	AS
65	#F8766D	12.44591999	2003	Jordan	Jordan	AS
65	#F8766D	12.55381012	2004	Jordan	Jordan	AS
65	#F8766D	12.41283989	2005	Jordan	Jordan	AS
65	#F8766D	12.38002968	2006	Jordan	Jordan	AS
65	#F8766D	11.4909296	2007	Jordan	Jordan	AS
65	#F8766D	11.74540043	2008	Jordan	Jordan	AS
65	#F8766D	11.65133524	2009	Jordan	Jordan	AS
65	#F8766D	11.55727005	2010	Jordan	Jordan	AS
65	#F8766D	11.56589031	2011	Jordan	Jordan	AS
65	#F8766D	11.91063976	2012	Jordan	Jordan	AS
65	#F8766D	11.99786529	2013	Jordan	Jordan	AS
65	#F8766D	12.08572961	2014	Jordan	Jordan	AS
65	#F8766D	12.17423738	2015	Jordan	Jordan	AS
65	#F8766D	12.26339332	2016	Jordan	Jordan	AS
65	#F8766D	12.35320218	2017	Jordan	Jordan	AS
65	#F8766D	12.44366874	2018	Jordan	Jordan	AS
65	#F8766D	12.53479782	2019	Jordan	Jordan	AS
65	#F8766D	12.62659427	2020	Jordan	Jordan	AS
65	#F8766D	12.62659427	2021	Jordan	Jordan	AS
65	#F8766D	12.62659427	2022	Jordan	Jordan	AS
66	#00BA38	12.20178986	1990	Kazakhstan	Kazakhstan	ECA
66	#00BA38	12.06552029	1991	Kazakhstan	Kazakhstan	ECA
66	#00BA38	11.90870953	1992	Kazakhstan	Kazakhstan	ECA
66	#00BA38	11.66178465	1993	Kazakhstan	Kazakhstan	ECA
66	#00BA38	11.41485977	1994	Kazakhstan	Kazakhstan	ECA
66	#00BA38	11.55536385	1995	Kazakhstan	Kazakhstan	ECA
66	#00BA38	11.69586792	1996	Kazakhstan	Kazakhstan	ECA
66	#00BA38	11.83637199	1997	Kazakhstan	Kazakhstan	ECA
66	#00BA38	11.97687607	1998	Kazakhstan	Kazakhstan	ECA
66	#00BA38	12.11738014	1999	Kazakhstan	Kazakhstan	ECA
66	#00BA38	12.23789978	2000	Kazakhstan	Kazakhstan	ECA
66	#00BA38	12.63942146	2001	Kazakhstan	Kazakhstan	ECA
66	#00BA38	13.04094315	2002	Kazakhstan	Kazakhstan	ECA
66	#00BA38	13.44246483	2003	Kazakhstan	Kazakhstan	ECA
66	#00BA38	13.84398651	2004	Kazakhstan	Kazakhstan	ECA
66	#00BA38	14.24550819	2005	Kazakhstan	Kazakhstan	ECA
66	#00BA38	14.64702988	2006	Kazakhstan	Kazakhstan	ECA
66	#00BA38	14.60829234	2007	Kazakhstan	Kazakhstan	ECA
66	#00BA38	14.56955481	2008	Kazakhstan	Kazakhstan	ECA
66	#00BA38	14.53081727	2009	Kazakhstan	Kazakhstan	ECA
66	#00BA38	14.49207973	2010	Kazakhstan	Kazakhstan	ECA
66	#00BA38	14.70116043	2011	Kazakhstan	Kazakhstan	ECA
66	#00BA38	14.78635025	2012	Kazakhstan	Kazakhstan	ECA
66	#00BA38	14.57437038	2013	Kazakhstan	Kazakhstan	ECA
66	#00BA38	14.39548969	2014	Kazakhstan	Kazakhstan	ECA
66	#00BA38	14.19941998	2015	Kazakhstan	Kazakhstan	ECA
66	#00BA38	14.10587025	2016	Kazakhstan	Kazakhstan	ECA
66	#00BA38	14.21605015	2017	Kazakhstan	Kazakhstan	ECA
66	#00BA38	14.35060978	2018	Kazakhstan	Kazakhstan	ECA
66	#00BA38	14.58216	2019	Kazakhstan	Kazakhstan	ECA
66	#00BA38	14.81626987	2020	Kazakhstan	Kazakhstan	ECA
66	#00BA38	14.81626987	2021	Kazakhstan	Kazakhstan	ECA
66	#00BA38	14.81626987	2022	Kazakhstan	Kazakhstan	ECA
67	#F564E3	7.874494036	1990	Kenya	Kenya	SSA
67	#F564E3	7.946765161	1991	Kenya	Kenya	SSA
67	#F564E3	8.019699581	1992	Kenya	Kenya	SSA
67	#F564E3	8.093303384	1993	Kenya	Kenya	SSA
67	#F564E3	8.168958679	1994	Kenya	Kenya	SSA
67	#F564E3	8.244613974	1995	Kenya	Kenya	SSA
67	#F564E3	8.320269269	1996	Kenya	Kenya	SSA
67	#F564E3	8.395924564	1997	Kenya	Kenya	SSA
67	#F564E3	8.471579859	1998	Kenya	Kenya	SSA
67	#F564E3	8.431369935	1999	Kenya	Kenya	SSA
67	#F564E3	8.391160011	2000	Kenya	Kenya	SSA
67	#F564E3	8.470129967	2001	Kenya	Kenya	SSA
67	#F564E3	8.231349945	2002	Kenya	Kenya	SSA
67	#F564E3	8.804689884	2003	Kenya	Kenya	SSA
67	#F564E3	9.378029823	2004	Kenya	Kenya	SSA
67	#F564E3	9.427020073	2005	Kenya	Kenya	SSA
67	#F564E3	9.734280109	2006	Kenya	Kenya	SSA
67	#F564E3	10.04154015	2007	Kenya	Kenya	SSA
67	#F564E3	10.32814503	2008	Kenya	Kenya	SSA
67	#F564E3	10.61474991	2009	Kenya	Kenya	SSA
67	#F564E3	10.66118386	2010	Kenya	Kenya	SSA
67	#F564E3	10.70761782	2011	Kenya	Kenya	SSA
67	#F564E3	10.75405178	2012	Kenya	Kenya	SSA
67	#F564E3	10.80048573	2013	Kenya	Kenya	SSA
67	#F564E3	10.84691969	2014	Kenya	Kenya	SSA
67	#F564E3	10.93651341	2015	Kenya	Kenya	SSA
67	#F564E3	11.02610713	2016	Kenya	Kenya	SSA
67	#F564E3	11.11570085	2017	Kenya	Kenya	SSA
67	#F564E3	11.20529457	2018	Kenya	Kenya	SSA
67	#F564E3	11.29488829	2019	Kenya	Kenya	SSA
67	#F564E3	11.38448201	2020	Kenya	Kenya	SSA
67	#F564E3	11.38448201	2021	Kenya	Kenya	SSA
67	#F564E3	11.38448201	2022	Kenya	Kenya	SSA
69	#F8766D	8.914629936	1990	Kuwait	Kuwait	AS
69	#F8766D	8.509994984	1991	Kuwait	Kuwait	AS
69	#F8766D	8.105360031	1992	Kuwait	Kuwait	AS
69	#F8766D	7.967619896	1993	Kuwait	Kuwait	AS
69	#F8766D	9.732179642	1994	Kuwait	Kuwait	AS
69	#F8766D	11.67164993	1995	Kuwait	Kuwait	AS
69	#F8766D	12.07579041	1996	Kuwait	Kuwait	AS
69	#F8766D	11.66936016	1997	Kuwait	Kuwait	AS
69	#F8766D	11.90672493	1998	Kuwait	Kuwait	AS
69	#F8766D	12.1440897	1999	Kuwait	Kuwait	AS
69	#F8766D	12.26894999	2000	Kuwait	Kuwait	AS
69	#F8766D	12.39381027	2001	Kuwait	Kuwait	AS
69	#F8766D	12.92938519	2002	Kuwait	Kuwait	AS
69	#F8766D	13.4649601	2003	Kuwait	Kuwait	AS
69	#F8766D	13.71343994	2004	Kuwait	Kuwait	AS
69	#F8766D	13.71689692	2005	Kuwait	Kuwait	AS
69	#F8766D	13.72035389	2006	Kuwait	Kuwait	AS
69	#F8766D	13.72381086	2007	Kuwait	Kuwait	AS
69	#F8766D	13.72726784	2008	Kuwait	Kuwait	AS
69	#F8766D	13.73072481	2009	Kuwait	Kuwait	AS
69	#F8766D	13.73418179	2010	Kuwait	Kuwait	AS
69	#F8766D	13.73763876	2011	Kuwait	Kuwait	AS
69	#F8766D	13.74109573	2012	Kuwait	Kuwait	AS
69	#F8766D	13.74455271	2013	Kuwait	Kuwait	AS
69	#F8766D	13.74800968	2014	Kuwait	Kuwait	AS
69	#F8766D	14.66771984	2015	Kuwait	Kuwait	AS
69	#F8766D	14.86691962	2016	Kuwait	Kuwait	AS
69	#F8766D	15.06882469	2017	Kuwait	Kuwait	AS
69	#F8766D	15.2734718	2018	Kuwait	Kuwait	AS
69	#F8766D	15.48089819	2019	Kuwait	Kuwait	AS
69	#F8766D	15.6911416	2020	Kuwait	Kuwait	AS
69	#F8766D	15.6911416	2021	Kuwait	Kuwait	AS
69	#F8766D	15.6911416	2022	Kuwait	Kuwait	AS
70	#00BA38	11.89770031	1990	Kyrgyzstan	Kyrgyzstan	ECA
70	#00BA38	11.66786957	1991	Kyrgyzstan	Kyrgyzstan	ECA
70	#00BA38	11.42310047	1992	Kyrgyzstan	Kyrgyzstan	ECA
70	#00BA38	11.02869034	1993	Kyrgyzstan	Kyrgyzstan	ECA
70	#00BA38	10.63169003	1994	Kyrgyzstan	Kyrgyzstan	ECA
70	#00BA38	10.29623985	1995	Kyrgyzstan	Kyrgyzstan	ECA
70	#00BA38	10.29428005	1996	Kyrgyzstan	Kyrgyzstan	ECA
70	#00BA38	10.57585684	1997	Kyrgyzstan	Kyrgyzstan	ECA
70	#00BA38	10.85743364	1998	Kyrgyzstan	Kyrgyzstan	ECA
70	#00BA38	11.13901043	1999	Kyrgyzstan	Kyrgyzstan	ECA
70	#00BA38	11.43684006	2000	Kyrgyzstan	Kyrgyzstan	ECA
70	#00BA38	11.74946976	2001	Kyrgyzstan	Kyrgyzstan	ECA
70	#00BA38	11.81803989	2002	Kyrgyzstan	Kyrgyzstan	ECA
70	#00BA38	12.03870964	2003	Kyrgyzstan	Kyrgyzstan	ECA
70	#00BA38	11.98087978	2004	Kyrgyzstan	Kyrgyzstan	ECA
70	#00BA38	12.04775047	2005	Kyrgyzstan	Kyrgyzstan	ECA
70	#00BA38	12.17378998	2006	Kyrgyzstan	Kyrgyzstan	ECA
70	#00BA38	12.2362299	2007	Kyrgyzstan	Kyrgyzstan	ECA
70	#00BA38	12.23172998	2008	Kyrgyzstan	Kyrgyzstan	ECA
70	#00BA38	12.22723007	2009	Kyrgyzstan	Kyrgyzstan	ECA
70	#00BA38	12.22686958	2010	Kyrgyzstan	Kyrgyzstan	ECA
70	#00BA38	12.21994972	2011	Kyrgyzstan	Kyrgyzstan	ECA
70	#00BA38	12.44661045	2012	Kyrgyzstan	Kyrgyzstan	ECA
70	#00BA38	12.63895988	2013	Kyrgyzstan	Kyrgyzstan	ECA
70	#00BA38	12.67103004	2014	Kyrgyzstan	Kyrgyzstan	ECA
70	#00BA38	12.61999035	2015	Kyrgyzstan	Kyrgyzstan	ECA
70	#00BA38	12.67278957	2016	Kyrgyzstan	Kyrgyzstan	ECA
70	#00BA38	12.51733971	2017	Kyrgyzstan	Kyrgyzstan	ECA
70	#00BA38	12.44713974	2018	Kyrgyzstan	Kyrgyzstan	ECA
70	#00BA38	12.48703003	2019	Kyrgyzstan	Kyrgyzstan	ECA
70	#00BA38	12.63446045	2020	Kyrgyzstan	Kyrgyzstan	ECA
70	#00BA38	12.99493027	2021	Kyrgyzstan	Kyrgyzstan	ECA
70	#00BA38	12.99493027	2022	Kyrgyzstan	Kyrgyzstan	ECA
71	#B79F00	6.493869781	1990	Lao People's Democratic Republic	Lao People's Democratic Republic	EAP
71	#B79F00	6.573736509	1991	Lao People's Democratic Republic	Lao People's Democratic Republic	EAP
71	#B79F00	6.653603236	1992	Lao People's Democratic Republic	Lao People's Democratic Republic	EAP
71	#B79F00	6.733469963	1993	Lao People's Democratic Republic	Lao People's Democratic Republic	EAP
71	#B79F00	7.006539822	1994	Lao People's Democratic Republic	Lao People's Democratic Republic	EAP
71	#B79F00	6.697710037	1995	Lao People's Democratic Republic	Lao People's Democratic Republic	EAP
71	#B79F00	7.272669792	1996	Lao People's Democratic Republic	Lao People's Democratic Republic	EAP
71	#B79F00	7.483970165	1997	Lao People's Democratic Republic	Lao People's Democratic Republic	EAP
71	#B79F00	7.761219978	1998	Lao People's Democratic Republic	Lao People's Democratic Republic	EAP
71	#B79F00	7.882800102	1999	Lao People's Democratic Republic	Lao People's Democratic Republic	EAP
71	#B79F00	7.925909996	2000	Lao People's Democratic Republic	Lao People's Democratic Republic	EAP
71	#B79F00	7.976659775	2001	Lao People's Democratic Republic	Lao People's Democratic Republic	EAP
71	#B79F00	8.296759605	2002	Lao People's Democratic Republic	Lao People's Democratic Republic	EAP
71	#B79F00	8.68212986	2003	Lao People's Democratic Republic	Lao People's Democratic Republic	EAP
71	#B79F00	8.880860329	2004	Lao People's Democratic Republic	Lao People's Democratic Republic	EAP
71	#B79F00	9.123129845	2005	Lao People's Democratic Republic	Lao People's Democratic Republic	EAP
71	#B79F00	9.225119591	2006	Lao People's Democratic Republic	Lao People's Democratic Republic	EAP
71	#B79F00	9.382089615	2007	Lao People's Democratic Republic	Lao People's Democratic Republic	EAP
71	#B79F00	9.553330421	2008	Lao People's Democratic Republic	Lao People's Democratic Republic	EAP
71	#B79F00	9.830570221	2009	Lao People's Democratic Republic	Lao People's Democratic Republic	EAP
71	#B79F00	10.04775047	2010	Lao People's Democratic Republic	Lao People's Democratic Republic	EAP
71	#B79F00	10.45347023	2011	Lao People's Democratic Republic	Lao People's Democratic Republic	EAP
71	#B79F00	10.52556038	2012	Lao People's Democratic Republic	Lao People's Democratic Republic	EAP
71	#B79F00	10.78007984	2013	Lao People's Democratic Republic	Lao People's Democratic Republic	EAP
71	#B79F00	11.03997993	2014	Lao People's Democratic Republic	Lao People's Democratic Republic	EAP
71	#B79F00	11.17383957	2015	Lao People's Democratic Republic	Lao People's Democratic Republic	EAP
71	#B79F00	11.09759998	2016	Lao People's Democratic Republic	Lao People's Democratic Republic	EAP
71	#B79F00	10.95283031	2017	Lao People's Democratic Republic	Lao People's Democratic Republic	EAP
71	#B79F00	10.63360023	2018	Lao People's Democratic Republic	Lao People's Democratic Republic	EAP
71	#B79F00	10.50666046	2019	Lao People's Democratic Republic	Lao People's Democratic Republic	EAP
71	#B79F00	10.18749046	2020	Lao People's Democratic Republic	Lao People's Democratic Republic	EAP
71	#B79F00	10.18749046	2021	Lao People's Democratic Republic	Lao People's Democratic Republic	EAP
71	#B79F00	10.18749046	2022	Lao People's Democratic Republic	Lao People's Democratic Republic	EAP
73	#F564E3	8.905960083	1990	Lesotho	Lesotho	SSA
73	#F564E3	9.011739731	1991	Lesotho	Lesotho	SSA
73	#F564E3	8.964779854	1992	Lesotho	Lesotho	SSA
73	#F564E3	8.696909904	1993	Lesotho	Lesotho	SSA
73	#F564E3	9.00813961	1994	Lesotho	Lesotho	SSA
73	#F564E3	9.087889671	1995	Lesotho	Lesotho	SSA
73	#F564E3	8.989769936	1996	Lesotho	Lesotho	SSA
73	#F564E3	8.938233376	1997	Lesotho	Lesotho	SSA
73	#F564E3	8.886696815	1998	Lesotho	Lesotho	SSA
73	#F564E3	8.835160255	1999	Lesotho	Lesotho	SSA
73	#F564E3	9.67057991	2000	Lesotho	Lesotho	SSA
73	#F564E3	9.886770248	2001	Lesotho	Lesotho	SSA
73	#F564E3	10.07229996	2002	Lesotho	Lesotho	SSA
73	#F564E3	10.47169971	2003	Lesotho	Lesotho	SSA
73	#F564E3	10.63400507	2004	Lesotho	Lesotho	SSA
73	#F564E3	10.79631042	2005	Lesotho	Lesotho	SSA
73	#F564E3	11.01117039	2006	Lesotho	Lesotho	SSA
73	#F564E3	11.1377786	2007	Lesotho	Lesotho	SSA
73	#F564E3	11.26438681	2008	Lesotho	Lesotho	SSA
73	#F564E3	11.39099503	2009	Lesotho	Lesotho	SSA
73	#F564E3	11.51760324	2010	Lesotho	Lesotho	SSA
73	#F564E3	11.64421145	2011	Lesotho	Lesotho	SSA
73	#F564E3	11.77081966	2012	Lesotho	Lesotho	SSA
73	#F564E3	11.41275024	2013	Lesotho	Lesotho	SSA
73	#F564E3	11.35643005	2014	Lesotho	Lesotho	SSA
73	#F564E3	11.20116997	2015	Lesotho	Lesotho	SSA
73	#F564E3	11.26364994	2016	Lesotho	Lesotho	SSA
73	#F564E3	11.32612991	2017	Lesotho	Lesotho	SSA
73	#F564E3	11.24027453	2018	Lesotho	Lesotho	SSA
73	#F564E3	11.15506995	2019	Lesotho	Lesotho	SSA
73	#F564E3	11.07051125	2020	Lesotho	Lesotho	SSA
73	#F564E3	11.07051125	2021	Lesotho	Lesotho	SSA
73	#F564E3	11.07051125	2022	Lesotho	Lesotho	SSA
75	#F8766D	16.67563061	1990	Libya	Libya	AS
75	#F8766D	16.62977335	1991	Libya	Libya	AS
75	#F8766D	16.5840422	1992	Libya	Libya	AS
75	#F8766D	16.53843681	1993	Libya	Libya	AS
75	#F8766D	16.49295684	1994	Libya	Libya	AS
75	#F8766D	16.44760193	1995	Libya	Libya	AS
75	#F8766D	16.40237174	1996	Libya	Libya	AS
75	#F8766D	16.35726594	1997	Libya	Libya	AS
75	#F8766D	16.31228418	1998	Libya	Libya	AS
75	#F8766D	16.26742611	1999	Libya	Libya	AS
75	#F8766D	16.2226914	2000	Libya	Libya	AS
75	#F8766D	16.17807971	2001	Libya	Libya	AS
75	#F8766D	16.1335907	2002	Libya	Libya	AS
75	#F8766D	15.80348969	2003	Libya	Libya	AS
75	#F8766D	15.696056	2004	Libya	Libya	AS
75	#F8766D	15.58862231	2005	Libya	Libya	AS
75	#F8766D	15.48118862	2006	Libya	Libya	AS
75	#F8766D	15.37375494	2007	Libya	Libya	AS
75	#F8766D	15.26632125	2008	Libya	Libya	AS
75	#F8766D	15.15888756	2009	Libya	Libya	AS
75	#F8766D	15.05145387	2010	Libya	Libya	AS
75	#F8766D	14.94402019	2011	Libya	Libya	AS
75	#F8766D	14.8365865	2012	Libya	Libya	AS
75	#F8766D	14.72915281	2013	Libya	Libya	AS
75	#F8766D	14.62171912	2014	Libya	Libya	AS
75	#F8766D	14.51428544	2015	Libya	Libya	AS
75	#F8766D	14.40685175	2016	Libya	Libya	AS
75	#F8766D	14.29941806	2017	Libya	Libya	AS
75	#F8766D	14.19198437	2018	Libya	Libya	AS
75	#F8766D	14.08455069	2019	Libya	Libya	AS
75	#F8766D	13.977117	2020	Libya	Libya	AS
75	#F8766D	13.977117	2021	Libya	Libya	AS
75	#F8766D	13.977117	2022	Libya	Libya	AS
77	#F564E3	5.295790195	1990	Malawi	Malawi	SSA
77	#F564E3	5.38188982	1991	Malawi	Malawi	SSA
77	#F564E3	6.293459892	1992	Malawi	Malawi	SSA
77	#F564E3	6.444399834	1993	Malawi	Malawi	SSA
77	#F564E3	6.838300228	1994	Malawi	Malawi	SSA
77	#F564E3	10.48311996	1995	Malawi	Malawi	SSA
77	#F564E3	10.50319004	1996	Malawi	Malawi	SSA
77	#F564E3	10.73113664	1997	Malawi	Malawi	SSA
77	#F564E3	10.95908324	1998	Malawi	Malawi	SSA
77	#F564E3	11.18702984	1999	Malawi	Malawi	SSA
77	#F564E3	10.67986965	2000	Malawi	Malawi	SSA
77	#F564E3	11.06842041	2001	Malawi	Malawi	SSA
77	#F564E3	11.12308025	2002	Malawi	Malawi	SSA
77	#F564E3	10.79578495	2003	Malawi	Malawi	SSA
77	#F564E3	10.46848965	2004	Malawi	Malawi	SSA
77	#F564E3	10.32409	2005	Malawi	Malawi	SSA
77	#F564E3	10.40538025	2006	Malawi	Malawi	SSA
77	#F564E3	10.2425499	2007	Malawi	Malawi	SSA
77	#F564E3	10.40590668	2008	Malawi	Malawi	SSA
77	#F564E3	10.56926346	2009	Malawi	Malawi	SSA
77	#F564E3	10.73262024	2010	Malawi	Malawi	SSA
77	#F564E3	10.78287029	2011	Malawi	Malawi	SSA
77	#F564E3	10.86080125	2012	Malawi	Malawi	SSA
77	#F564E3	10.93929544	2013	Malawi	Malawi	SSA
77	#F564E3	11.01835693	2014	Malawi	Malawi	SSA
77	#F564E3	11.09798983	2015	Malawi	Malawi	SSA
77	#F564E3	11.17819825	2016	Malawi	Malawi	SSA
77	#F564E3	11.25898636	2017	Malawi	Malawi	SSA
77	#F564E3	11.34035835	2018	Malawi	Malawi	SSA
77	#F564E3	11.42231844	2019	Malawi	Malawi	SSA
77	#F564E3	11.50487088	2020	Malawi	Malawi	SSA
77	#F564E3	11.50487088	2021	Malawi	Malawi	SSA
77	#F564E3	11.50487088	2022	Malawi	Malawi	SSA
78	#B79F00	10.47682953	1990	Malaysia	Malaysia	EAP
78	#B79F00	10.62166023	1991	Malaysia	Malaysia	EAP
78	#B79F00	10.79524994	1992	Malaysia	Malaysia	EAP
78	#B79F00	10.74794006	1993	Malaysia	Malaysia	EAP
78	#B79F00	10.79310036	1994	Malaysia	Malaysia	EAP
78	#B79F00	10.84197998	1995	Malaysia	Malaysia	EAP
78	#B79F00	11.29596011	1996	Malaysia	Malaysia	EAP
78	#B79F00	11.74994024	1997	Malaysia	Malaysia	EAP
78	#B79F00	12.20392036	1998	Malaysia	Malaysia	EAP
78	#B79F00	12.15513039	1999	Malaysia	Malaysia	EAP
78	#B79F00	12.39342976	2000	Malaysia	Malaysia	EAP
78	#B79F00	12.32275009	2001	Malaysia	Malaysia	EAP
78	#B79F00	12.24785995	2002	Malaysia	Malaysia	EAP
78	#B79F00	12.62555027	2003	Malaysia	Malaysia	EAP
78	#B79F00	12.70936012	2004	Malaysia	Malaysia	EAP
78	#B79F00	12.34197998	2005	Malaysia	Malaysia	EAP
78	#B79F00	11.94384003	2006	Malaysia	Malaysia	EAP
78	#B79F00	12.17440033	2007	Malaysia	Malaysia	EAP
78	#B79F00	12.36715031	2008	Malaysia	Malaysia	EAP
78	#B79F00	12.55362034	2009	Malaysia	Malaysia	EAP
78	#B79F00	12.78493023	2010	Malaysia	Malaysia	EAP
78	#B79F00	12.64017963	2011	Malaysia	Malaysia	EAP
78	#B79F00	12.86585999	2012	Malaysia	Malaysia	EAP
78	#B79F00	13.00280952	2013	Malaysia	Malaysia	EAP
78	#B79F00	13.12631989	2014	Malaysia	Malaysia	EAP
78	#B79F00	13.28528023	2015	Malaysia	Malaysia	EAP
78	#B79F00	13.46302986	2016	Malaysia	Malaysia	EAP
78	#B79F00	13.27797031	2017	Malaysia	Malaysia	EAP
78	#B79F00	13.14906979	2018	Malaysia	Malaysia	EAP
78	#B79F00	13.0999403	2019	Malaysia	Malaysia	EAP
78	#B79F00	12.95814991	2020	Malaysia	Malaysia	EAP
78	#B79F00	12.93247032	2021	Malaysia	Malaysia	EAP
78	#B79F00	12.93247032	2022	Malaysia	Malaysia	EAP
80	#F564E3	1.942090034	1990	Mali	Mali	SSA
80	#F564E3	2.014780045	1991	Mali	Mali	SSA
80	#F564E3	2.152940035	1992	Mali	Mali	SSA
80	#F564E3	2.360039949	1993	Mali	Mali	SSA
80	#F564E3	2.593649983	1994	Mali	Mali	SSA
80	#F564E3	2.827260017	1995	Mali	Mali	SSA
80	#F564E3	3.064179897	1996	Mali	Mali	SSA
80	#F564E3	3.414890051	1997	Mali	Mali	SSA
80	#F564E3	3.705430031	1998	Mali	Mali	SSA
80	#F564E3	4.100180149	1999	Mali	Mali	SSA
80	#F564E3	4.327819824	2000	Mali	Mali	SSA
80	#F564E3	4.64327985	2001	Mali	Mali	SSA
80	#F564E3	4.958739877	2002	Mali	Mali	SSA
80	#F564E3	5.274199903	2003	Mali	Mali	SSA
80	#F564E3	5.589659929	2004	Mali	Mali	SSA
80	#F564E3	5.905119956	2005	Mali	Mali	SSA
80	#F564E3	6.220579982	2006	Mali	Mali	SSA
80	#F564E3	6.536040008	2007	Mali	Mali	SSA
80	#F564E3	6.851500034	2008	Mali	Mali	SSA
80	#F564E3	7.125589848	2009	Mali	Mali	SSA
80	#F564E3	7.305920124	2010	Mali	Mali	SSA
80	#F564E3	7.442359924	2011	Mali	Mali	SSA
80	#F564E3	7.254854918	2012	Mali	Mali	SSA
80	#F564E3	7.067349911	2013	Mali	Mali	SSA
80	#F564E3	7.218820095	2014	Mali	Mali	SSA
80	#F564E3	7.026150227	2015	Mali	Mali	SSA
80	#F564E3	7.073800087	2016	Mali	Mali	SSA
80	#F564E3	7.115580082	2017	Mali	Mali	SSA
80	#F564E3	7.089373522	2018	Mali	Mali	SSA
80	#F564E3	7.063263481	2019	Mali	Mali	SSA
80	#F564E3	7.037249603	2020	Mali	Mali	SSA
80	#F564E3	7.037249603	2021	Mali	Mali	SSA
80	#F564E3	7.037249603	2022	Mali	Mali	SSA
82	#F564E3	3.684839964	1990	Mauritania	Mauritania	SSA
82	#F564E3	3.783710003	1991	Mauritania	Mauritania	SSA
82	#F564E3	4.091469765	1992	Mauritania	Mauritania	SSA
82	#F564E3	4.563419819	1993	Mauritania	Mauritania	SSA
82	#F564E3	5.220449924	1994	Mauritania	Mauritania	SSA
82	#F564E3	5.381599903	1995	Mauritania	Mauritania	SSA
82	#F564E3	5.645699978	1996	Mauritania	Mauritania	SSA
82	#F564E3	5.710609913	1997	Mauritania	Mauritania	SSA
82	#F564E3	6.089719772	1998	Mauritania	Mauritania	SSA
82	#F564E3	6.27229023	1999	Mauritania	Mauritania	SSA
82	#F564E3	6.303480148	2000	Mauritania	Mauritania	SSA
82	#F564E3	6.334670067	2001	Mauritania	Mauritania	SSA
82	#F564E3	6.359389782	2002	Mauritania	Mauritania	SSA
82	#F564E3	6.434689999	2003	Mauritania	Mauritania	SSA
82	#F564E3	6.906650066	2004	Mauritania	Mauritania	SSA
82	#F564E3	6.956550121	2005	Mauritania	Mauritania	SSA
82	#F564E3	7.18103981	2006	Mauritania	Mauritania	SSA
82	#F564E3	7.077354908	2007	Mauritania	Mauritania	SSA
82	#F564E3	6.973670006	2008	Mauritania	Mauritania	SSA
82	#F564E3	7.516419888	2009	Mauritania	Mauritania	SSA
82	#F564E3	7.665470123	2010	Mauritania	Mauritania	SSA
82	#F564E3	7.815979958	2011	Mauritania	Mauritania	SSA
82	#F564E3	8.192480087	2012	Mauritania	Mauritania	SSA
82	#F564E3	8.485039711	2013	Mauritania	Mauritania	SSA
82	#F564E3	8.559849739	2014	Mauritania	Mauritania	SSA
82	#F564E3	8.634659767	2015	Mauritania	Mauritania	SSA
82	#F564E3	8.175000191	2016	Mauritania	Mauritania	SSA
82	#F564E3	8.076979637	2017	Mauritania	Mauritania	SSA
82	#F564E3	8.510789871	2018	Mauritania	Mauritania	SSA
82	#F564E3	8.722080231	2019	Mauritania	Mauritania	SSA
82	#F564E3	8.051850319	2020	Mauritania	Mauritania	SSA
82	#F564E3	8.051850319	2021	Mauritania	Mauritania	SSA
82	#F564E3	8.051850319	2022	Mauritania	Mauritania	SSA
83	#F564E3	9.971670151	1990	Mauritius	Mauritius	SSA
83	#F564E3	10.10330677	1991	Mauritius	Mauritius	SSA
83	#F564E3	10.23494339	1992	Mauritius	Mauritius	SSA
83	#F564E3	10.36658001	1993	Mauritius	Mauritius	SSA
83	#F564E3	10.49821663	1994	Mauritius	Mauritius	SSA
83	#F564E3	10.62985325	1995	Mauritius	Mauritius	SSA
83	#F564E3	10.76148987	1996	Mauritius	Mauritius	SSA
83	#F564E3	10.96531963	1997	Mauritius	Mauritius	SSA
83	#F564E3	11.3348999	1998	Mauritius	Mauritius	SSA
83	#F564E3	11.70448017	1999	Mauritius	Mauritius	SSA
83	#F564E3	12.24652958	2000	Mauritius	Mauritius	SSA
83	#F564E3	12.63938999	2001	Mauritius	Mauritius	SSA
83	#F564E3	12.69091034	2002	Mauritius	Mauritius	SSA
83	#F564E3	12.92984009	2003	Mauritius	Mauritius	SSA
83	#F564E3	13.03042984	2004	Mauritius	Mauritius	SSA
83	#F564E3	13.35694027	2005	Mauritius	Mauritius	SSA
83	#F564E3	13.35130024	2006	Mauritius	Mauritius	SSA
83	#F564E3	13.39785957	2007	Mauritius	Mauritius	SSA
83	#F564E3	13.48742008	2008	Mauritius	Mauritius	SSA
83	#F564E3	13.72397041	2009	Mauritius	Mauritius	SSA
83	#F564E3	13.87753963	2010	Mauritius	Mauritius	SSA
83	#F564E3	14.31081963	2011	Mauritius	Mauritius	SSA
83	#F564E3	14.74615955	2012	Mauritius	Mauritius	SSA
83	#F564E3	14.66182995	2013	Mauritius	Mauritius	SSA
83	#F564E3	15.08734989	2014	Mauritius	Mauritius	SSA
83	#F564E3	14.78390026	2015	Mauritius	Mauritius	SSA
83	#F564E3	14.82262993	2016	Mauritius	Mauritius	SSA
83	#F564E3	14.7748003	2017	Mauritius	Mauritius	SSA
83	#F564E3	14.78962994	2018	Mauritius	Mauritius	SSA
83	#F564E3	14.91059017	2019	Mauritius	Mauritius	SSA
83	#F564E3	14.61009979	2020	Mauritius	Mauritius	SSA
83	#F564E3	14.61009979	2021	Mauritius	Mauritius	SSA
83	#F564E3	14.61009979	2022	Mauritius	Mauritius	SSA
84	#00BFC4	11.18052959	1990	Mexico	Mexico	LAC
84	#00BFC4	11.02836037	1991	Mexico	Mexico	LAC
84	#00BFC4	10.99157524	1992	Mexico	Mexico	LAC
84	#00BFC4	10.95479012	1993	Mexico	Mexico	LAC
84	#00BFC4	11.06476974	1994	Mexico	Mexico	LAC
84	#00BFC4	11.21502972	1995	Mexico	Mexico	LAC
84	#00BFC4	11.3673296	1996	Mexico	Mexico	LAC
84	#00BFC4	11.46714973	1997	Mexico	Mexico	LAC
84	#00BFC4	11.70351982	1998	Mexico	Mexico	LAC
84	#00BFC4	11.84465981	1999	Mexico	Mexico	LAC
84	#00BFC4	11.96185017	2000	Mexico	Mexico	LAC
84	#00BFC4	11.99468994	2001	Mexico	Mexico	LAC
84	#00BFC4	12.33232975	2002	Mexico	Mexico	LAC
84	#00BFC4	12.58868027	2003	Mexico	Mexico	LAC
84	#00BFC4	12.6633997	2004	Mexico	Mexico	LAC
84	#00BFC4	12.71755981	2005	Mexico	Mexico	LAC
84	#00BFC4	12.84585953	2006	Mexico	Mexico	LAC
84	#00BFC4	12.99110985	2007	Mexico	Mexico	LAC
84	#00BFC4	13.19239044	2008	Mexico	Mexico	LAC
84	#00BFC4	13.27560043	2009	Mexico	Mexico	LAC
84	#00BFC4	13.42037964	2010	Mexico	Mexico	LAC
84	#00BFC4	13.46401978	2011	Mexico	Mexico	LAC
84	#00BFC4	13.73157978	2012	Mexico	Mexico	LAC
84	#00BFC4	13.91250992	2013	Mexico	Mexico	LAC
84	#00BFC4	14.08321953	2014	Mexico	Mexico	LAC
84	#00BFC4	14.23423958	2015	Mexico	Mexico	LAC
84	#00BFC4	14.6759901	2016	Mexico	Mexico	LAC
84	#00BFC4	14.85268021	2017	Mexico	Mexico	LAC
84	#00BFC4	14.92304993	2018	Mexico	Mexico	LAC
84	#00BFC4	14.9456501	2019	Mexico	Mexico	LAC
84	#00BFC4	14.82310009	2020	Mexico	Mexico	LAC
84	#00BFC4	14.50529957	2021	Mexico	Mexico	LAC
84	#00BFC4	14.50529957	2022	Mexico	Mexico	LAC
86	#00BA38	10.29488796	1990	Moldova (Republic of)	Moldova (Republic of)	ECA
86	#00BA38	10.40025811	1991	Moldova (Republic of)	Moldova (Republic of)	ECA
86	#00BA38	10.50670675	1992	Moldova (Republic of)	Moldova (Republic of)	ECA
86	#00BA38	10.61424491	1993	Moldova (Republic of)	Moldova (Republic of)	ECA
86	#00BA38	10.72288375	1994	Moldova (Republic of)	Moldova (Republic of)	ECA
86	#00BA38	10.83263452	1995	Moldova (Republic of)	Moldova (Republic of)	ECA
86	#00BA38	10.94350862	1996	Moldova (Republic of)	Moldova (Republic of)	ECA
86	#00BA38	11.05551753	1997	Moldova (Republic of)	Moldova (Republic of)	ECA
86	#00BA38	11.16867288	1998	Moldova (Republic of)	Moldova (Republic of)	ECA
86	#00BA38	11.28298639	1999	Moldova (Republic of)	Moldova (Republic of)	ECA
86	#00BA38	11.39846992	2000	Moldova (Republic of)	Moldova (Republic of)	ECA
86	#00BA38	11.32754993	2001	Moldova (Republic of)	Moldova (Republic of)	ECA
86	#00BA38	11.54432964	2002	Moldova (Republic of)	Moldova (Republic of)	ECA
86	#00BA38	11.73703957	2003	Moldova (Republic of)	Moldova (Republic of)	ECA
86	#00BA38	11.93317032	2004	Moldova (Republic of)	Moldova (Republic of)	ECA
86	#00BA38	11.99112988	2005	Moldova (Republic of)	Moldova (Republic of)	ECA
86	#00BA38	12.17490959	2006	Moldova (Republic of)	Moldova (Republic of)	ECA
86	#00BA38	12.14023018	2007	Moldova (Republic of)	Moldova (Republic of)	ECA
86	#00BA38	12.06614971	2008	Moldova (Republic of)	Moldova (Republic of)	ECA
86	#00BA38	11.92813015	2009	Moldova (Republic of)	Moldova (Republic of)	ECA
86	#00BA38	11.84039974	2010	Moldova (Republic of)	Moldova (Republic of)	ECA
86	#00BA38	11.84959984	2011	Moldova (Republic of)	Moldova (Republic of)	ECA
86	#00BA38	11.84010029	2012	Moldova (Republic of)	Moldova (Republic of)	ECA
86	#00BA38	11.86797047	2013	Moldova (Republic of)	Moldova (Republic of)	ECA
86	#00BA38	14.09694004	2014	Moldova (Republic of)	Moldova (Republic of)	ECA
86	#00BA38	14.06130028	2015	Moldova (Republic of)	Moldova (Republic of)	ECA
86	#00BA38	14.07907009	2016	Moldova (Republic of)	Moldova (Republic of)	ECA
86	#00BA38	14.29199028	2017	Moldova (Republic of)	Moldova (Republic of)	ECA
86	#00BA38	14.38838005	2018	Moldova (Republic of)	Moldova (Republic of)	ECA
86	#00BA38	14.47257042	2019	Moldova (Republic of)	Moldova (Republic of)	ECA
86	#00BA38	14.53956985	2020	Moldova (Republic of)	Moldova (Republic of)	ECA
86	#00BA38	14.76988029	2021	Moldova (Republic of)	Moldova (Republic of)	ECA
86	#00BA38	14.90598011	2022	Moldova (Republic of)	Moldova (Republic of)	ECA
87	#B79F00	10.12985992	1990	Mongolia	Mongolia	EAP
87	#B79F00	9.677269936	1991	Mongolia	Mongolia	EAP
87	#B79F00	8.751159668	1992	Mongolia	Mongolia	EAP
87	#B79F00	7.619840145	1993	Mongolia	Mongolia	EAP
87	#B79F00	7.526760101	1994	Mongolia	Mongolia	EAP
87	#B79F00	7.490560055	1995	Mongolia	Mongolia	EAP
87	#B79F00	7.820310116	1996	Mongolia	Mongolia	EAP
87	#B79F00	8.067250252	1997	Mongolia	Mongolia	EAP
87	#B79F00	8.431200027	1998	Mongolia	Mongolia	EAP
87	#B79F00	8.68225956	1999	Mongolia	Mongolia	EAP
87	#B79F00	9.16119957	2000	Mongolia	Mongolia	EAP
87	#B79F00	9.925230026	2001	Mongolia	Mongolia	EAP
87	#B79F00	10.35706997	2002	Mongolia	Mongolia	EAP
87	#B79F00	11.13086987	2003	Mongolia	Mongolia	EAP
87	#B79F00	11.79345989	2004	Mongolia	Mongolia	EAP
87	#B79F00	12.69904041	2005	Mongolia	Mongolia	EAP
87	#B79F00	12.9962101	2006	Mongolia	Mongolia	EAP
87	#B79F00	13.37289333	2007	Mongolia	Mongolia	EAP
87	#B79F00	13.74957657	2008	Mongolia	Mongolia	EAP
87	#B79F00	14.1262598	2009	Mongolia	Mongolia	EAP
87	#B79F00	14.44752979	2010	Mongolia	Mongolia	EAP
87	#B79F00	14.45449532	2011	Mongolia	Mongolia	EAP
87	#B79F00	14.46146086	2012	Mongolia	Mongolia	EAP
87	#B79F00	14.46842639	2013	Mongolia	Mongolia	EAP
87	#B79F00	14.47539192	2014	Mongolia	Mongolia	EAP
87	#B79F00	14.48235745	2015	Mongolia	Mongolia	EAP
87	#B79F00	14.48932298	2016	Mongolia	Mongolia	EAP
87	#B79F00	14.49628851	2017	Mongolia	Mongolia	EAP
87	#B79F00	14.50325404	2018	Mongolia	Mongolia	EAP
87	#B79F00	14.51021957	2019	Mongolia	Mongolia	EAP
87	#B79F00	14.51719515	2020	Mongolia	Mongolia	EAP
87	#B79F00	14.51719515	2021	Mongolia	Mongolia	EAP
87	#B79F00	14.51719515	2022	Mongolia	Mongolia	EAP
89	#F8766D	6.382909775	1990	Morocco	Morocco	AS
89	#F8766D	6.373549938	1991	Morocco	Morocco	AS
89	#F8766D	6.500289917	1992	Morocco	Morocco	AS
89	#F8766D	6.738800049	1993	Morocco	Morocco	AS
89	#F8766D	7.013629913	1994	Morocco	Morocco	AS
89	#F8766D	7.261839867	1995	Morocco	Morocco	AS
89	#F8766D	7.432979822	1996	Morocco	Morocco	AS
89	#F8766D	7.604119778	1997	Morocco	Morocco	AS
89	#F8766D	7.678740025	1998	Morocco	Morocco	AS
89	#F8766D	8.090929985	1999	Morocco	Morocco	AS
89	#F8766D	8.56276989	2000	Morocco	Morocco	AS
89	#F8766D	8.933050156	2001	Morocco	Morocco	AS
89	#F8766D	9.365309715	2002	Morocco	Morocco	AS
89	#F8766D	9.695070267	2003	Morocco	Morocco	AS
89	#F8766D	9.891050339	2004	Morocco	Morocco	AS
89	#F8766D	10.01336002	2005	Morocco	Morocco	AS
89	#F8766D	10.01791	2006	Morocco	Morocco	AS
89	#F8766D	10.22760963	2007	Morocco	Morocco	AS
89	#F8766D	10.36264038	2008	Morocco	Morocco	AS
89	#F8766D	10.53151989	2009	Morocco	Morocco	AS
89	#F8766D	10.91386032	2010	Morocco	Morocco	AS
89	#F8766D	11.28670979	2011	Morocco	Morocco	AS
89	#F8766D	11.62874985	2012	Morocco	Morocco	AS
89	#F8766D	11.9529438	2013	Morocco	Morocco	AS
89	#F8766D	12.27713776	2014	Morocco	Morocco	AS
89	#F8766D	12.60133171	2015	Morocco	Morocco	AS
89	#F8766D	12.92552567	2016	Morocco	Morocco	AS
89	#F8766D	13.24971962	2017	Morocco	Morocco	AS
89	#F8766D	13.44997978	2018	Morocco	Morocco	AS
89	#F8766D	13.70191002	2019	Morocco	Morocco	AS
89	#F8766D	13.92945957	2020	Morocco	Morocco	AS
89	#F8766D	14.03929996	2021	Morocco	Morocco	AS
89	#F8766D	14.59442043	2022	Morocco	Morocco	AS
90	#F564E3	3.871253902	1990	Mozambique	Mozambique	SSA
90	#F564E3	3.898401763	1991	Mozambique	Mozambique	SSA
90	#F564E3	3.925740004	1992	Mozambique	Mozambique	SSA
90	#F564E3	3.953269958	1993	Mozambique	Mozambique	SSA
90	#F564E3	4.043809891	1994	Mozambique	Mozambique	SSA
90	#F564E3	4.153170109	1995	Mozambique	Mozambique	SSA
90	#F564E3	4.507280111	1996	Mozambique	Mozambique	SSA
90	#F564E3	4.861390114	1997	Mozambique	Mozambique	SSA
90	#F564E3	5.215500116	1998	Mozambique	Mozambique	SSA
90	#F564E3	5.569610119	1999	Mozambique	Mozambique	SSA
90	#F564E3	6.018149853	2000	Mozambique	Mozambique	SSA
90	#F564E3	6.493030071	2001	Mozambique	Mozambique	SSA
90	#F564E3	6.955689907	2002	Mozambique	Mozambique	SSA
90	#F564E3	7.360409975	2003	Mozambique	Mozambique	SSA
90	#F564E3	7.765130043	2004	Mozambique	Mozambique	SSA
90	#F564E3	8.379469872	2005	Mozambique	Mozambique	SSA
90	#F564E3	8.693770409	2006	Mozambique	Mozambique	SSA
90	#F564E3	9.341190338	2007	Mozambique	Mozambique	SSA
90	#F564E3	9.815670013	2008	Mozambique	Mozambique	SSA
90	#F564E3	9.987150192	2009	Mozambique	Mozambique	SSA
90	#F564E3	10.19349003	2010	Mozambique	Mozambique	SSA
90	#F564E3	9.928839684	2011	Mozambique	Mozambique	SSA
90	#F564E3	9.804129601	2012	Mozambique	Mozambique	SSA
90	#F564E3	10.39083958	2013	Mozambique	Mozambique	SSA
90	#F564E3	10.34068966	2014	Mozambique	Mozambique	SSA
90	#F564E3	10.35270023	2015	Mozambique	Mozambique	SSA
90	#F564E3	10.35868502	2016	Mozambique	Mozambique	SSA
90	#F564E3	10.3646698	2017	Mozambique	Mozambique	SSA
90	#F564E3	10.48351964	2018	Mozambique	Mozambique	SSA
90	#F564E3	10.60373232	2019	Mozambique	Mozambique	SSA
90	#F564E3	10.72532345	2020	Mozambique	Mozambique	SSA
90	#F564E3	10.72532345	2021	Mozambique	Mozambique	SSA
90	#F564E3	10.72532345	2022	Mozambique	Mozambique	SSA
91	#B79F00	6.440790176	1990	Myanmar	Myanmar	EAP
91	#B79F00	7.037065029	1991	Myanmar	Myanmar	EAP
91	#B79F00	7.633339882	1992	Myanmar	Myanmar	EAP
91	#B79F00	7.771729946	1993	Myanmar	Myanmar	EAP
91	#B79F00	7.86823988	1994	Myanmar	Myanmar	EAP
91	#B79F00	7.768799782	1995	Myanmar	Myanmar	EAP
91	#B79F00	7.797009786	1996	Myanmar	Myanmar	EAP
91	#B79F00	7.82521979	1997	Myanmar	Myanmar	EAP
91	#B79F00	7.853429794	1998	Myanmar	Myanmar	EAP
91	#B79F00	7.881639798	1999	Myanmar	Myanmar	EAP
91	#B79F00	7.909849803	2000	Myanmar	Myanmar	EAP
91	#B79F00	7.938059807	2001	Myanmar	Myanmar	EAP
91	#B79F00	8.062719822	2002	Myanmar	Myanmar	EAP
91	#B79F00	8.187379837	2003	Myanmar	Myanmar	EAP
91	#B79F00	8.312039852	2004	Myanmar	Myanmar	EAP
91	#B79F00	8.436699867	2005	Myanmar	Myanmar	EAP
91	#B79F00	8.561359882	2006	Myanmar	Myanmar	EAP
91	#B79F00	8.686019897	2007	Myanmar	Myanmar	EAP
91	#B79F00	8.942250859	2008	Myanmar	Myanmar	EAP
91	#B79F00	9.19848182	2009	Myanmar	Myanmar	EAP
91	#B79F00	9.454712781	2010	Myanmar	Myanmar	EAP
91	#B79F00	9.710943742	2011	Myanmar	Myanmar	EAP
91	#B79F00	9.967174703	2012	Myanmar	Myanmar	EAP
91	#B79F00	10.22340566	2013	Myanmar	Myanmar	EAP
91	#B79F00	10.47963663	2014	Myanmar	Myanmar	EAP
91	#B79F00	10.73586759	2015	Myanmar	Myanmar	EAP
91	#B79F00	10.99209855	2016	Myanmar	Myanmar	EAP
91	#B79F00	11.24832951	2017	Myanmar	Myanmar	EAP
91	#B79F00	11.50456047	2018	Myanmar	Myanmar	EAP
91	#B79F00	11.7794511	2019	Myanmar	Myanmar	EAP
91	#B79F00	12.06090998	2020	Myanmar	Myanmar	EAP
91	#B79F00	12.06090998	2021	Myanmar	Myanmar	EAP
91	#B79F00	12.06090998	2022	Myanmar	Myanmar	EAP
92	#F564E3	11.65740713	1990	Namibia	Namibia	SSA
92	#F564E3	12.05757999	1991	Namibia	Namibia	SSA
92	#F564E3	12.47148991	1992	Namibia	Namibia	SSA
92	#F564E3	12.88539982	1993	Namibia	Namibia	SSA
92	#F564E3	13.29930973	1994	Namibia	Namibia	SSA
92	#F564E3	13.08613968	1995	Namibia	Namibia	SSA
92	#F564E3	12.81157494	1996	Namibia	Namibia	SSA
92	#F564E3	12.53701019	1997	Namibia	Namibia	SSA
92	#F564E3	12.44921017	1998	Namibia	Namibia	SSA
92	#F564E3	12.01422024	1999	Namibia	Namibia	SSA
92	#F564E3	12.02659512	2000	Namibia	Namibia	SSA
92	#F564E3	12.03896999	2001	Namibia	Namibia	SSA
92	#F564E3	11.75957012	2002	Namibia	Namibia	SSA
92	#F564E3	11.81025982	2003	Namibia	Namibia	SSA
92	#F564E3	11.70338488	2004	Namibia	Namibia	SSA
92	#F564E3	11.59650993	2005	Namibia	Namibia	SSA
92	#F564E3	11.37924957	2006	Namibia	Namibia	SSA
92	#F564E3	11.43864167	2007	Namibia	Namibia	SSA
92	#F564E3	11.46318987	2008	Namibia	Namibia	SSA
92	#F564E3	11.48773807	2009	Namibia	Namibia	SSA
92	#F564E3	11.51228626	2010	Namibia	Namibia	SSA
92	#F564E3	11.53683446	2011	Namibia	Namibia	SSA
92	#F564E3	11.56138265	2012	Namibia	Namibia	SSA
92	#F564E3	11.58593085	2013	Namibia	Namibia	SSA
92	#F564E3	11.6106363	2014	Namibia	Namibia	SSA
92	#F564E3	11.63539444	2015	Namibia	Namibia	SSA
92	#F564E3	11.66020537	2016	Namibia	Namibia	SSA
92	#F564E3	11.68506921	2017	Namibia	Namibia	SSA
92	#F564E3	11.70998606	2018	Namibia	Namibia	SSA
92	#F564E3	11.73495605	2019	Namibia	Namibia	SSA
92	#F564E3	11.75997928	2020	Namibia	Namibia	SSA
92	#F564E3	11.75997928	2021	Namibia	Namibia	SSA
92	#F564E3	11.75997928	2022	Namibia	Namibia	SSA
94	#619CFF	7.272699833	1990	Nepal	Nepal	SA
94	#619CFF	7.440219879	1991	Nepal	Nepal	SA
94	#619CFF	7.672130108	1992	Nepal	Nepal	SA
94	#619CFF	7.676449776	1993	Nepal	Nepal	SA
94	#619CFF	7.713659763	1994	Nepal	Nepal	SA
94	#619CFF	7.769179821	1995	Nepal	Nepal	SA
94	#619CFF	8.120109558	1996	Nepal	Nepal	SA
94	#619CFF	8.235124588	1997	Nepal	Nepal	SA
94	#619CFF	8.350139618	1998	Nepal	Nepal	SA
94	#619CFF	8.465154648	1999	Nepal	Nepal	SA
94	#619CFF	8.580169678	2000	Nepal	Nepal	SA
94	#619CFF	8.190719604	2001	Nepal	Nepal	SA
94	#619CFF	8.713439941	2002	Nepal	Nepal	SA
94	#619CFF	8.860610008	2003	Nepal	Nepal	SA
94	#619CFF	9.077980042	2004	Nepal	Nepal	SA
94	#619CFF	9.295350075	2005	Nepal	Nepal	SA
94	#619CFF	9.870400429	2006	Nepal	Nepal	SA
94	#619CFF	9.96543026	2007	Nepal	Nepal	SA
94	#619CFF	10.39307976	2008	Nepal	Nepal	SA
94	#619CFF	11.09342957	2009	Nepal	Nepal	SA
94	#619CFF	11.88823986	2010	Nepal	Nepal	SA
94	#619CFF	12.36256981	2011	Nepal	Nepal	SA
94	#619CFF	12.50422478	2012	Nepal	Nepal	SA
94	#619CFF	12.64587975	2013	Nepal	Nepal	SA
94	#619CFF	12.56865025	2014	Nepal	Nepal	SA
94	#619CFF	12.6352396	2015	Nepal	Nepal	SA
94	#619CFF	12.70316029	2016	Nepal	Nepal	SA
94	#619CFF	12.69890022	2017	Nepal	Nepal	SA
94	#619CFF	12.81940031	2018	Nepal	Nepal	SA
94	#619CFF	12.9399004	2019	Nepal	Nepal	SA
94	#619CFF	12.64451981	2020	Nepal	Nepal	SA
94	#619CFF	12.64451981	2021	Nepal	Nepal	SA
94	#619CFF	12.64451981	2022	Nepal	Nepal	SA
95	#00BFC4	7.302750111	1990	Nicaragua	Nicaragua	LAC
95	#00BFC4	7.832270145	1991	Nicaragua	Nicaragua	LAC
95	#00BFC4	8.017729759	1992	Nicaragua	Nicaragua	LAC
95	#00BFC4	8.188419978	1993	Nicaragua	Nicaragua	LAC
95	#00BFC4	8.359110196	1994	Nicaragua	Nicaragua	LAC
95	#00BFC4	8.529800415	1995	Nicaragua	Nicaragua	LAC
95	#00BFC4	8.830456053	1996	Nicaragua	Nicaragua	LAC
95	#00BFC4	9.13111169	1997	Nicaragua	Nicaragua	LAC
95	#00BFC4	9.431767327	1998	Nicaragua	Nicaragua	LAC
95	#00BFC4	9.732422965	1999	Nicaragua	Nicaragua	LAC
95	#00BFC4	10.0330786	2000	Nicaragua	Nicaragua	LAC
95	#00BFC4	10.33373424	2001	Nicaragua	Nicaragua	LAC
95	#00BFC4	10.63438988	2002	Nicaragua	Nicaragua	LAC
95	#00BFC4	10.67584637	2003	Nicaragua	Nicaragua	LAC
95	#00BFC4	10.71730287	2004	Nicaragua	Nicaragua	LAC
95	#00BFC4	10.75875937	2005	Nicaragua	Nicaragua	LAC
95	#00BFC4	10.6884318	2006	Nicaragua	Nicaragua	LAC
95	#00BFC4	10.61810423	2007	Nicaragua	Nicaragua	LAC
95	#00BFC4	10.54777666	2008	Nicaragua	Nicaragua	LAC
95	#00BFC4	10.4774491	2009	Nicaragua	Nicaragua	LAC
95	#00BFC4	10.65937514	2010	Nicaragua	Nicaragua	LAC
95	#00BFC4	10.84130118	2011	Nicaragua	Nicaragua	LAC
95	#00BFC4	11.02322723	2012	Nicaragua	Nicaragua	LAC
95	#00BFC4	11.20515327	2013	Nicaragua	Nicaragua	LAC
95	#00BFC4	11.38707932	2014	Nicaragua	Nicaragua	LAC
95	#00BFC4	11.57827169	2015	Nicaragua	Nicaragua	LAC
95	#00BFC4	11.77267424	2016	Nicaragua	Nicaragua	LAC
95	#00BFC4	11.97034087	2017	Nicaragua	Nicaragua	LAC
95	#00BFC4	12.17132638	2018	Nicaragua	Nicaragua	LAC
95	#00BFC4	12.37568649	2019	Nicaragua	Nicaragua	LAC
95	#00BFC4	12.58347787	2020	Nicaragua	Nicaragua	LAC
95	#00BFC4	12.58347787	2021	Nicaragua	Nicaragua	LAC
95	#00BFC4	12.58347787	2022	Nicaragua	Nicaragua	LAC
96	#F564E3	1.964450002	1990	Niger	Niger	SSA
96	#F564E3	1.994314969	1991	Niger	Niger	SSA
96	#F564E3	2.024179935	1992	Niger	Niger	SSA
96	#F564E3	2.110269937	1993	Niger	Niger	SSA
96	#F564E3	2.196359938	1994	Niger	Niger	SSA
96	#F564E3	2.282449939	1995	Niger	Niger	SSA
96	#F564E3	2.36853994	1996	Niger	Niger	SSA
96	#F564E3	2.454629941	1997	Niger	Niger	SSA
96	#F564E3	2.540719943	1998	Niger	Niger	SSA
96	#F564E3	2.626809944	1999	Niger	Niger	SSA
96	#F564E3	2.712899945	2000	Niger	Niger	SSA
96	#F564E3	2.798989946	2001	Niger	Niger	SSA
96	#F564E3	2.885079947	2002	Niger	Niger	SSA
96	#F564E3	2.971169949	2003	Niger	Niger	SSA
96	#F564E3	3.304039955	2004	Niger	Niger	SSA
96	#F564E3	3.529139996	2005	Niger	Niger	SSA
96	#F564E3	3.674469948	2006	Niger	Niger	SSA
96	#F564E3	3.802350044	2007	Niger	Niger	SSA
96	#F564E3	4.03937006	2008	Niger	Niger	SSA
96	#F564E3	4.281970024	2009	Niger	Niger	SSA
96	#F564E3	4.609570026	2010	Niger	Niger	SSA
96	#F564E3	4.890210152	2011	Niger	Niger	SSA
96	#F564E3	5.121349812	2012	Niger	Niger	SSA
96	#F564E3	5.359456539	2013	Niger	Niger	SSA
96	#F564E3	5.597563267	2014	Niger	Niger	SSA
96	#F564E3	5.835669994	2015	Niger	Niger	SSA
96	#F564E3	6.135310173	2016	Niger	Niger	SSA
96	#F564E3	6.328670025	2017	Niger	Niger	SSA
96	#F564E3	6.602473804	2018	Niger	Niger	SSA
96	#F564E3	6.888123438	2019	Niger	Niger	SSA
96	#F564E3	7.186131428	2020	Niger	Niger	SSA
96	#F564E3	7.186131428	2021	Niger	Niger	SSA
96	#F564E3	7.186131428	2022	Niger	Niger	SSA
100	#619CFF	4.238239765	1990	Pakistan	Pakistan	SA
100	#619CFF	4.280649002	1991	Pakistan	Pakistan	SA
100	#619CFF	4.323058238	1992	Pakistan	Pakistan	SA
100	#619CFF	4.365467475	1993	Pakistan	Pakistan	SA
100	#619CFF	4.407876712	1994	Pakistan	Pakistan	SA
100	#619CFF	4.450285948	1995	Pakistan	Pakistan	SA
100	#619CFF	4.492695185	1996	Pakistan	Pakistan	SA
100	#619CFF	4.535104421	1997	Pakistan	Pakistan	SA
100	#619CFF	4.577513658	1998	Pakistan	Pakistan	SA
100	#619CFF	4.619922895	1999	Pakistan	Pakistan	SA
100	#619CFF	4.662332131	2000	Pakistan	Pakistan	SA
100	#619CFF	4.704741368	2001	Pakistan	Pakistan	SA
100	#619CFF	4.747150605	2002	Pakistan	Pakistan	SA
100	#619CFF	4.789559841	2003	Pakistan	Pakistan	SA
100	#619CFF	5.15583992	2004	Pakistan	Pakistan	SA
100	#619CFF	5.463049889	2005	Pakistan	Pakistan	SA
100	#619CFF	5.626229763	2006	Pakistan	Pakistan	SA
100	#619CFF	6.005660057	2007	Pakistan	Pakistan	SA
100	#619CFF	6.004640102	2008	Pakistan	Pakistan	SA
100	#619CFF	6.06787014	2009	Pakistan	Pakistan	SA
100	#619CFF	6.052280188	2010	Pakistan	Pakistan	SA
100	#619CFF	6.036690235	2011	Pakistan	Pakistan	SA
100	#619CFF	6.139200211	2012	Pakistan	Pakistan	SA
100	#619CFF	6.192039967	2013	Pakistan	Pakistan	SA
100	#619CFF	6.466800213	2014	Pakistan	Pakistan	SA
100	#619CFF	6.739069939	2015	Pakistan	Pakistan	SA
100	#619CFF	7.082240105	2016	Pakistan	Pakistan	SA
100	#619CFF	7.014989853	2017	Pakistan	Pakistan	SA
100	#619CFF	7.303080082	2018	Pakistan	Pakistan	SA
100	#619CFF	7.635359764	2019	Pakistan	Pakistan	SA
100	#619CFF	7.89510849	2020	Pakistan	Pakistan	SA
100	#619CFF	7.89510849	2021	Pakistan	Pakistan	SA
100	#619CFF	7.89510849	2022	Pakistan	Pakistan	SA
103	#00BFC4	10.88070965	1990	Panama	Panama	LAC
103	#00BFC4	10.82633972	1991	Panama	Panama	LAC
103	#00BFC4	10.9026804	1992	Panama	Panama	LAC
103	#00BFC4	11.05078983	1993	Panama	Panama	LAC
103	#00BFC4	10.98091984	1994	Panama	Panama	LAC
103	#00BFC4	11.18601036	1995	Panama	Panama	LAC
103	#00BFC4	11.37605953	1996	Panama	Panama	LAC
103	#00BFC4	11.6153663	1997	Panama	Panama	LAC
103	#00BFC4	11.85467307	1998	Panama	Panama	LAC
103	#00BFC4	12.09397984	1999	Panama	Panama	LAC
103	#00BFC4	12.33343983	2000	Panama	Panama	LAC
103	#00BFC4	12.53549004	2001	Panama	Panama	LAC
103	#00BFC4	12.72622967	2002	Panama	Panama	LAC
103	#00BFC4	12.824265	2003	Panama	Panama	LAC
103	#00BFC4	12.92230034	2004	Panama	Panama	LAC
103	#00BFC4	12.93978977	2005	Panama	Panama	LAC
103	#00BFC4	12.98233032	2006	Panama	Panama	LAC
103	#00BFC4	13.07046032	2007	Panama	Panama	LAC
103	#00BFC4	12.89612007	2008	Panama	Panama	LAC
103	#00BFC4	12.86911964	2009	Panama	Panama	LAC
103	#00BFC4	12.93607998	2010	Panama	Panama	LAC
103	#00BFC4	12.7667799	2011	Panama	Panama	LAC
103	#00BFC4	12.78280671	2012	Panama	Panama	LAC
103	#00BFC4	12.79883353	2013	Panama	Panama	LAC
103	#00BFC4	12.81486034	2014	Panama	Panama	LAC
103	#00BFC4	12.81215954	2015	Panama	Panama	LAC
103	#00BFC4	13.01272964	2016	Panama	Panama	LAC
103	#00BFC4	13.0627122	2017	Panama	Panama	LAC
103	#00BFC4	13.11288674	2018	Panama	Panama	LAC
103	#00BFC4	13.163254	2019	Panama	Panama	LAC
103	#00BFC4	13.21381473	2020	Panama	Panama	LAC
103	#00BFC4	13.21381473	2021	Panama	Panama	LAC
103	#00BFC4	13.21381473	2022	Panama	Panama	LAC
104	#B79F00	4.600746032	1990	Papua New Guinea	Papua New Guinea	EAP
104	#B79F00	4.735701708	1991	Papua New Guinea	Papua New Guinea	EAP
104	#B79F00	4.874616097	1992	Papua New Guinea	Papua New Guinea	EAP
104	#B79F00	5.017605322	1993	Papua New Guinea	Papua New Guinea	EAP
104	#B79F00	5.164788912	1994	Papua New Guinea	Papua New Guinea	EAP
104	#B79F00	5.316289902	1995	Papua New Guinea	Papua New Guinea	EAP
104	#B79F00	5.46355327	1996	Papua New Guinea	Papua New Guinea	EAP
104	#B79F00	5.610816638	1997	Papua New Guinea	Papua New Guinea	EAP
104	#B79F00	5.758080006	1998	Papua New Guinea	Papua New Guinea	EAP
104	#B79F00	5.950537146	1999	Papua New Guinea	Papua New Guinea	EAP
104	#B79F00	6.142994287	2000	Papua New Guinea	Papua New Guinea	EAP
104	#B79F00	6.335451427	2001	Papua New Guinea	Papua New Guinea	EAP
104	#B79F00	6.527908568	2002	Papua New Guinea	Papua New Guinea	EAP
104	#B79F00	6.720365708	2003	Papua New Guinea	Papua New Guinea	EAP
104	#B79F00	6.912822849	2004	Papua New Guinea	Papua New Guinea	EAP
104	#B79F00	7.10527999	2005	Papua New Guinea	Papua New Guinea	EAP
104	#B79F00	7.29773713	2006	Papua New Guinea	Papua New Guinea	EAP
104	#B79F00	7.490194271	2007	Papua New Guinea	Papua New Guinea	EAP
104	#B79F00	7.682651411	2008	Papua New Guinea	Papua New Guinea	EAP
104	#B79F00	7.875108552	2009	Papua New Guinea	Papua New Guinea	EAP
104	#B79F00	8.067565692	2010	Papua New Guinea	Papua New Guinea	EAP
104	#B79F00	8.260022833	2011	Papua New Guinea	Papua New Guinea	EAP
104	#B79F00	8.452479973	2012	Papua New Guinea	Papua New Guinea	EAP
104	#B79F00	8.776717377	2013	Papua New Guinea	Papua New Guinea	EAP
104	#B79F00	9.100954781	2014	Papua New Guinea	Papua New Guinea	EAP
104	#B79F00	9.425192185	2015	Papua New Guinea	Papua New Guinea	EAP
104	#B79F00	9.749429589	2016	Papua New Guinea	Papua New Guinea	EAP
104	#B79F00	10.07366699	2017	Papua New Guinea	Papua New Guinea	EAP
104	#B79F00	10.3979044	2018	Papua New Guinea	Papua New Guinea	EAP
104	#B79F00	10.75645427	2019	Papua New Guinea	Papua New Guinea	EAP
104	#B79F00	11.12736798	2020	Papua New Guinea	Papua New Guinea	EAP
104	#B79F00	11.12736798	2021	Papua New Guinea	Papua New Guinea	EAP
104	#B79F00	11.12736798	2022	Papua New Guinea	Papua New Guinea	EAP
105	#00BFC4	9.1561203	1990	Paraguay	Paraguay	LAC
105	#00BFC4	9.445473671	1991	Paraguay	Paraguay	LAC
105	#00BFC4	9.734827042	1992	Paraguay	Paraguay	LAC
105	#00BFC4	10.02418041	1993	Paraguay	Paraguay	LAC
105	#00BFC4	10.21538544	1994	Paraguay	Paraguay	LAC
105	#00BFC4	10.40659046	1995	Paraguay	Paraguay	LAC
105	#00BFC4	10.73869038	1996	Paraguay	Paraguay	LAC
105	#00BFC4	11.14942678	1997	Paraguay	Paraguay	LAC
105	#00BFC4	11.56016318	1998	Paraguay	Paraguay	LAC
105	#00BFC4	11.97089958	1999	Paraguay	Paraguay	LAC
105	#00BFC4	12.14581013	2000	Paraguay	Paraguay	LAC
105	#00BFC4	12.57310009	2001	Paraguay	Paraguay	LAC
105	#00BFC4	13.07223988	2002	Paraguay	Paraguay	LAC
105	#00BFC4	12.49347973	2003	Paraguay	Paraguay	LAC
105	#00BFC4	12.73396015	2004	Paraguay	Paraguay	LAC
105	#00BFC4	12.60157967	2005	Paraguay	Paraguay	LAC
105	#00BFC4	12.56324482	2006	Paraguay	Paraguay	LAC
105	#00BFC4	12.52490997	2007	Paraguay	Paraguay	LAC
105	#00BFC4	12.80463982	2008	Paraguay	Paraguay	LAC
105	#00BFC4	13.19958973	2009	Paraguay	Paraguay	LAC
105	#00BFC4	13.17776012	2010	Paraguay	Paraguay	LAC
105	#00BFC4	13.63876238	2011	Paraguay	Paraguay	LAC
105	#00BFC4	13.8313493	2012	Paraguay	Paraguay	LAC
105	#00BFC4	14.01141217	2013	Paraguay	Paraguay	LAC
105	#00BFC4	13.95511831	2014	Paraguay	Paraguay	LAC
105	#00BFC4	14.05043959	2015	Paraguay	Paraguay	LAC
105	#00BFC4	13.80566436	2016	Paraguay	Paraguay	LAC
105	#00BFC4	13.73734935	2017	Paraguay	Paraguay	LAC
105	#00BFC4	13.78701911	2018	Paraguay	Paraguay	LAC
105	#00BFC4	14.04147203	2019	Paraguay	Paraguay	LAC
105	#00BFC4	13.91056957	2020	Paraguay	Paraguay	LAC
105	#00BFC4	13.91056957	2021	Paraguay	Paraguay	LAC
105	#00BFC4	13.91056957	2022	Paraguay	Paraguay	LAC
106	#00BFC4	11.68725967	1990	Peru	Peru	LAC
106	#00BFC4	11.63395023	1991	Peru	Peru	LAC
106	#00BFC4	11.39299011	1992	Peru	Peru	LAC
106	#00BFC4	11.35470963	1993	Peru	Peru	LAC
106	#00BFC4	11.47558975	1994	Peru	Peru	LAC
106	#00BFC4	11.8151598	1995	Peru	Peru	LAC
106	#00BFC4	11.79951	1996	Peru	Peru	LAC
106	#00BFC4	11.74619007	1997	Peru	Peru	LAC
106	#00BFC4	12.36009502	1998	Peru	Peru	LAC
106	#00BFC4	12.97399998	1999	Peru	Peru	LAC
106	#00BFC4	12.81503963	2000	Peru	Peru	LAC
106	#00BFC4	13.30440998	2001	Peru	Peru	LAC
106	#00BFC4	12.82085037	2002	Peru	Peru	LAC
106	#00BFC4	12.32927036	2003	Peru	Peru	LAC
106	#00BFC4	12.58325958	2004	Peru	Peru	LAC
106	#00BFC4	12.61705971	2005	Peru	Peru	LAC
106	#00BFC4	12.82301044	2006	Peru	Peru	LAC
106	#00BFC4	13.01933336	2007	Peru	Peru	LAC
106	#00BFC4	13.21565628	2008	Peru	Peru	LAC
106	#00BFC4	13.4119792	2009	Peru	Peru	LAC
106	#00BFC4	13.60830212	2010	Peru	Peru	LAC
106	#00BFC4	13.80462503	2011	Peru	Peru	LAC
106	#00BFC4	14.00094795	2012	Peru	Peru	LAC
106	#00BFC4	14.19727087	2013	Peru	Peru	LAC
106	#00BFC4	14.39359379	2014	Peru	Peru	LAC
106	#00BFC4	14.58991671	2015	Peru	Peru	LAC
106	#00BFC4	14.78623962	2016	Peru	Peru	LAC
106	#00BFC4	14.49571037	2017	Peru	Peru	LAC
106	#00BFC4	14.59804249	2018	Peru	Peru	LAC
106	#00BFC4	14.70109703	2019	Peru	Peru	LAC
106	#00BFC4	14.80487907	2020	Peru	Peru	LAC
106	#00BFC4	14.80487907	2021	Peru	Peru	LAC
106	#00BFC4	14.80487907	2022	Peru	Peru	LAC
107	#B79F00	10.73402023	1990	Philippines	Philippines	EAP
107	#B79F00	10.75755978	1991	Philippines	Philippines	EAP
107	#B79F00	10.79934025	1992	Philippines	Philippines	EAP
107	#B79F00	10.83234692	1993	Philippines	Philippines	EAP
107	#B79F00	10.86535358	1994	Philippines	Philippines	EAP
107	#B79F00	10.89836025	1995	Philippines	Philippines	EAP
107	#B79F00	11.29183006	1996	Philippines	Philippines	EAP
107	#B79F00	11.34047508	1997	Philippines	Philippines	EAP
107	#B79F00	11.3891201	1998	Philippines	Philippines	EAP
107	#B79F00	11.54117012	1999	Philippines	Philippines	EAP
107	#B79F00	11.53904009	2000	Philippines	Philippines	EAP
107	#B79F00	11.53691006	2001	Philippines	Philippines	EAP
107	#B79F00	11.74230957	2002	Philippines	Philippines	EAP
107	#B79F00	11.73099041	2003	Philippines	Philippines	EAP
107	#B79F00	11.72441006	2004	Philippines	Philippines	EAP
107	#B79F00	11.58979034	2005	Philippines	Philippines	EAP
107	#B79F00	11.39826012	2006	Philippines	Philippines	EAP
107	#B79F00	11.47802019	2007	Philippines	Philippines	EAP
107	#B79F00	11.55778027	2008	Philippines	Philippines	EAP
107	#B79F00	11.31982994	2009	Philippines	Philippines	EAP
107	#B79F00	11.54787788	2010	Philippines	Philippines	EAP
107	#B79F00	11.77592583	2011	Philippines	Philippines	EAP
107	#B79F00	12.00397377	2012	Philippines	Philippines	EAP
107	#B79F00	12.23202171	2013	Philippines	Philippines	EAP
107	#B79F00	12.46006966	2014	Philippines	Philippines	EAP
107	#B79F00	12.61225033	2015	Philippines	Philippines	EAP
107	#B79F00	12.58333969	2016	Philippines	Philippines	EAP
107	#B79F00	12.81820011	2017	Philippines	Philippines	EAP
107	#B79F00	12.84095001	2018	Philippines	Philippines	EAP
107	#B79F00	13.03676033	2019	Philippines	Philippines	EAP
107	#B79F00	12.78335953	2020	Philippines	Philippines	EAP
107	#B79F00	12.78335953	2021	Philippines	Philippines	EAP
107	#B79F00	12.78335953	2022	Philippines	Philippines	EAP
108	#F8766D	12.08216	1990	Qatar	Qatar	AS
108	#F8766D	11.86357021	1991	Qatar	Qatar	AS
108	#F8766D	11.79516983	1992	Qatar	Qatar	AS
108	#F8766D	12.20510006	1993	Qatar	Qatar	AS
108	#F8766D	12.48740005	1994	Qatar	Qatar	AS
108	#F8766D	12.51344967	1995	Qatar	Qatar	AS
108	#F8766D	12.61415958	1996	Qatar	Qatar	AS
108	#F8766D	12.62568474	1997	Qatar	Qatar	AS
108	#F8766D	12.63720989	1998	Qatar	Qatar	AS
108	#F8766D	12.43021965	1999	Qatar	Qatar	AS
108	#F8766D	12.12788963	2000	Qatar	Qatar	AS
108	#F8766D	11.82555962	2001	Qatar	Qatar	AS
108	#F8766D	11.73925018	2002	Qatar	Qatar	AS
108	#F8766D	11.90894985	2003	Qatar	Qatar	AS
108	#F8766D	11.77958012	2004	Qatar	Qatar	AS
108	#F8766D	11.83990002	2005	Qatar	Qatar	AS
108	#F8766D	11.73237991	2006	Qatar	Qatar	AS
108	#F8766D	11.87314034	2007	Qatar	Qatar	AS
108	#F8766D	12.22560978	2008	Qatar	Qatar	AS
108	#F8766D	12.40295982	2009	Qatar	Qatar	AS
108	#F8766D	12.54948997	2010	Qatar	Qatar	AS
108	#F8766D	12.32771015	2011	Qatar	Qatar	AS
108	#F8766D	12.48701954	2012	Qatar	Qatar	AS
108	#F8766D	12.5227499	2013	Qatar	Qatar	AS
108	#F8766D	12.35890961	2014	Qatar	Qatar	AS
108	#F8766D	12.4894104	2015	Qatar	Qatar	AS
108	#F8766D	12.45662975	2016	Qatar	Qatar	AS
108	#F8766D	13.00067997	2017	Qatar	Qatar	AS
108	#F8766D	13.13239002	2018	Qatar	Qatar	AS
108	#F8766D	13.19771957	2019	Qatar	Qatar	AS
108	#F8766D	13.26426983	2020	Qatar	Qatar	AS
108	#F8766D	13.26426983	2021	Qatar	Qatar	AS
108	#F8766D	13.26426983	2022	Qatar	Qatar	AS
111	#00BFC4	11.76698299	1990	Saint Lucia	Saint Lucia	LAC
111	#00BFC4	11.81594472	1991	Saint Lucia	Saint Lucia	LAC
111	#00BFC4	11.86511018	1992	Saint Lucia	Saint Lucia	LAC
111	#00BFC4	11.91448021	1993	Saint Lucia	Saint Lucia	LAC
111	#00BFC4	11.96405567	1994	Saint Lucia	Saint Lucia	LAC
111	#00BFC4	12.01363113	1995	Saint Lucia	Saint Lucia	LAC
111	#00BFC4	12.06320659	1996	Saint Lucia	Saint Lucia	LAC
111	#00BFC4	12.11278204	1997	Saint Lucia	Saint Lucia	LAC
111	#00BFC4	12.1623575	1998	Saint Lucia	Saint Lucia	LAC
111	#00BFC4	12.21193296	1999	Saint Lucia	Saint Lucia	LAC
111	#00BFC4	12.26150842	2000	Saint Lucia	Saint Lucia	LAC
111	#00BFC4	12.31108388	2001	Saint Lucia	Saint Lucia	LAC
111	#00BFC4	12.36065934	2002	Saint Lucia	Saint Lucia	LAC
111	#00BFC4	12.4102348	2003	Saint Lucia	Saint Lucia	LAC
111	#00BFC4	12.45981026	2004	Saint Lucia	Saint Lucia	LAC
111	#00BFC4	12.75965023	2005	Saint Lucia	Saint Lucia	LAC
111	#00BFC4	13.17329979	2006	Saint Lucia	Saint Lucia	LAC
111	#00BFC4	12.93115044	2007	Saint Lucia	Saint Lucia	LAC
111	#00BFC4	13.44637966	2008	Saint Lucia	Saint Lucia	LAC
111	#00BFC4	13.56145	2009	Saint Lucia	Saint Lucia	LAC
111	#00BFC4	13.24927998	2010	Saint Lucia	Saint Lucia	LAC
111	#00BFC4	13.54673004	2011	Saint Lucia	Saint Lucia	LAC
111	#00BFC4	13.02902031	2012	Saint Lucia	Saint Lucia	LAC
111	#00BFC4	12.52221012	2013	Saint Lucia	Saint Lucia	LAC
111	#00BFC4	12.93836021	2014	Saint Lucia	Saint Lucia	LAC
111	#00BFC4	13.74295998	2015	Saint Lucia	Saint Lucia	LAC
111	#00BFC4	14.2289896	2016	Saint Lucia	Saint Lucia	LAC
111	#00BFC4	13.84930992	2017	Saint Lucia	Saint Lucia	LAC
111	#00BFC4	13.74868965	2018	Saint Lucia	Saint Lucia	LAC
111	#00BFC4	12.70969009	2019	Saint Lucia	Saint Lucia	LAC
111	#00BFC4	12.68871975	2020	Saint Lucia	Saint Lucia	LAC
111	#00BFC4	12.69952011	2021	Saint Lucia	Saint Lucia	LAC
111	#00BFC4	12.71032047	2022	Saint Lucia	Saint Lucia	LAC
114	#F564E3	8.134058091	1990	Sao Tome and Principe	Sao Tome and Principe	SSA
114	#F564E3	8.220432674	1991	Sao Tome and Principe	Sao Tome and Principe	SSA
114	#F564E3	8.307724459	1992	Sao Tome and Principe	Sao Tome and Principe	SSA
114	#F564E3	8.395943185	1993	Sao Tome and Principe	Sao Tome and Principe	SSA
114	#F564E3	8.485098694	1994	Sao Tome and Principe	Sao Tome and Principe	SSA
114	#F564E3	8.575200936	1995	Sao Tome and Principe	Sao Tome and Principe	SSA
114	#F564E3	8.666259962	1996	Sao Tome and Principe	Sao Tome and Principe	SSA
114	#F564E3	8.758285933	1997	Sao Tome and Principe	Sao Tome and Principe	SSA
114	#F564E3	8.851289117	1998	Sao Tome and Principe	Sao Tome and Principe	SSA
114	#F564E3	8.94527989	1999	Sao Tome and Principe	Sao Tome and Principe	SSA
114	#F564E3	9.04026874	2000	Sao Tome and Principe	Sao Tome and Principe	SSA
114	#F564E3	9.136266266	2001	Sao Tome and Principe	Sao Tome and Principe	SSA
114	#F564E3	9.233283177	2002	Sao Tome and Principe	Sao Tome and Principe	SSA
114	#F564E3	9.331330299	2003	Sao Tome and Principe	Sao Tome and Principe	SSA
114	#F564E3	9.598179817	2004	Sao Tome and Principe	Sao Tome and Principe	SSA
114	#F564E3	9.876130104	2005	Sao Tome and Principe	Sao Tome and Principe	SSA
114	#F564E3	9.966490269	2006	Sao Tome and Principe	Sao Tome and Principe	SSA
114	#F564E3	10.05685043	2007	Sao Tome and Principe	Sao Tome and Principe	SSA
114	#F564E3	9.828789711	2008	Sao Tome and Principe	Sao Tome and Principe	SSA
114	#F564E3	10.30838966	2009	Sao Tome and Principe	Sao Tome and Principe	SSA
114	#F564E3	10.17840004	2010	Sao Tome and Principe	Sao Tome and Principe	SSA
114	#F564E3	10.396595	2011	Sao Tome and Principe	Sao Tome and Principe	SSA
114	#F564E3	10.61478996	2012	Sao Tome and Principe	Sao Tome and Principe	SSA
114	#F564E3	11.10060501	2013	Sao Tome and Principe	Sao Tome and Principe	SSA
114	#F564E3	11.58642006	2014	Sao Tome and Principe	Sao Tome and Principe	SSA
114	#F564E3	12.4100399	2015	Sao Tome and Principe	Sao Tome and Principe	SSA
114	#F564E3	12.4259358	2016	Sao Tome and Principe	Sao Tome and Principe	SSA
114	#F564E3	12.44183169	2017	Sao Tome and Principe	Sao Tome and Principe	SSA
114	#F564E3	12.45772759	2018	Sao Tome and Principe	Sao Tome and Principe	SSA
114	#F564E3	12.47362348	2019	Sao Tome and Principe	Sao Tome and Principe	SSA
114	#F564E3	12.6637182	2020	Sao Tome and Principe	Sao Tome and Principe	SSA
114	#F564E3	12.6637182	2021	Sao Tome and Principe	Sao Tome and Principe	SSA
114	#F564E3	12.6637182	2022	Sao Tome and Principe	Sao Tome and Principe	SSA
115	#F8766D	11.09114828	1990	Saudi Arabia	Saudi Arabia	AS
115	#F8766D	11.21455822	1991	Saudi Arabia	Saudi Arabia	AS
115	#F8766D	11.33934133	1992	Saudi Arabia	Saudi Arabia	AS
115	#F8766D	11.46551288	1993	Saudi Arabia	Saudi Arabia	AS
115	#F8766D	11.59308833	1994	Saudi Arabia	Saudi Arabia	AS
115	#F8766D	11.7220833	1995	Saudi Arabia	Saudi Arabia	AS
115	#F8766D	11.85251359	1996	Saudi Arabia	Saudi Arabia	AS
115	#F8766D	11.98439515	1997	Saudi Arabia	Saudi Arabia	AS
115	#F8766D	12.11774415	1998	Saudi Arabia	Saudi Arabia	AS
115	#F8766D	12.2525769	1999	Saudi Arabia	Saudi Arabia	AS
115	#F8766D	12.38890993	2000	Saudi Arabia	Saudi Arabia	AS
115	#F8766D	12.52675992	2001	Saudi Arabia	Saudi Arabia	AS
115	#F8766D	12.66614374	2002	Saudi Arabia	Saudi Arabia	AS
115	#F8766D	12.80707848	2003	Saudi Arabia	Saudi Arabia	AS
115	#F8766D	12.94958138	2004	Saudi Arabia	Saudi Arabia	AS
115	#F8766D	13.09366989	2005	Saudi Arabia	Saudi Arabia	AS
115	#F8766D	12.90024471	2006	Saudi Arabia	Saudi Arabia	AS
115	#F8766D	12.70681953	2007	Saudi Arabia	Saudi Arabia	AS
115	#F8766D	12.89645225	2008	Saudi Arabia	Saudi Arabia	AS
115	#F8766D	13.08608497	2009	Saudi Arabia	Saudi Arabia	AS
115	#F8766D	13.27571768	2010	Saudi Arabia	Saudi Arabia	AS
115	#F8766D	13.4653504	2011	Saudi Arabia	Saudi Arabia	AS
115	#F8766D	13.65498311	2012	Saudi Arabia	Saudi Arabia	AS
115	#F8766D	13.84461583	2013	Saudi Arabia	Saudi Arabia	AS
115	#F8766D	14.03424854	2014	Saudi Arabia	Saudi Arabia	AS
115	#F8766D	14.22388126	2015	Saudi Arabia	Saudi Arabia	AS
115	#F8766D	14.41351397	2016	Saudi Arabia	Saudi Arabia	AS
115	#F8766D	14.60314669	2017	Saudi Arabia	Saudi Arabia	AS
115	#F8766D	14.79277941	2018	Saudi Arabia	Saudi Arabia	AS
115	#F8766D	14.98241212	2019	Saudi Arabia	Saudi Arabia	AS
115	#F8766D	15.17204484	2020	Saudi Arabia	Saudi Arabia	AS
115	#F8766D	15.17204484	2021	Saudi Arabia	Saudi Arabia	AS
115	#F8766D	15.17204484	2022	Saudi Arabia	Saudi Arabia	AS
116	#F564E3	4.31622616	1990	Senegal	Senegal	SSA
116	#F564E3	4.406959376	1991	Senegal	Senegal	SSA
116	#F564E3	4.499599934	1992	Senegal	Senegal	SSA
116	#F564E3	4.594187927	1993	Senegal	Senegal	SSA
116	#F564E3	4.688775921	1994	Senegal	Senegal	SSA
116	#F564E3	4.783363914	1995	Senegal	Senegal	SSA
116	#F564E3	4.877951908	1996	Senegal	Senegal	SSA
116	#F564E3	4.972539902	1997	Senegal	Senegal	SSA
116	#F564E3	5.093080044	1998	Senegal	Senegal	SSA
116	#F564E3	5.213620186	1999	Senegal	Senegal	SSA
116	#F564E3	5.490004158	2000	Senegal	Senegal	SSA
116	#F564E3	5.76638813	2001	Senegal	Senegal	SSA
116	#F564E3	6.042772102	2002	Senegal	Senegal	SSA
116	#F564E3	6.319156075	2003	Senegal	Senegal	SSA
116	#F564E3	6.595540047	2004	Senegal	Senegal	SSA
116	#F564E3	6.874909878	2005	Senegal	Senegal	SSA
116	#F564E3	7.001580238	2006	Senegal	Senegal	SSA
116	#F564E3	7.388890028	2007	Senegal	Senegal	SSA
116	#F564E3	7.776199818	2008	Senegal	Senegal	SSA
116	#F564E3	7.958699942	2009	Senegal	Senegal	SSA
116	#F564E3	8.141200066	2010	Senegal	Senegal	SSA
116	#F564E3	8.799389839	2011	Senegal	Senegal	SSA
116	#F564E3	9.017259598	2012	Senegal	Senegal	SSA
116	#F564E3	9.055959702	2013	Senegal	Senegal	SSA
116	#F564E3	9.293149948	2014	Senegal	Senegal	SSA
116	#F564E3	9.290579796	2015	Senegal	Senegal	SSA
116	#F564E3	9.196184874	2016	Senegal	Senegal	SSA
116	#F564E3	9.101789951	2017	Senegal	Senegal	SSA
116	#F564E3	9.007395029	2018	Senegal	Senegal	SSA
116	#F564E3	8.913000107	2019	Senegal	Senegal	SSA
116	#F564E3	9.053489685	2020	Senegal	Senegal	SSA
116	#F564E3	9.067919731	2021	Senegal	Senegal	SSA
116	#F564E3	9.144550323	2022	Senegal	Senegal	SSA
119	#F564E3	4.661960125	1990	Sierra Leone	Sierra Leone	SSA
119	#F564E3	4.208509922	1991	Sierra Leone	Sierra Leone	SSA
119	#F564E3	4.427687931	1992	Sierra Leone	Sierra Leone	SSA
119	#F564E3	4.64686594	1993	Sierra Leone	Sierra Leone	SSA
119	#F564E3	4.866043949	1994	Sierra Leone	Sierra Leone	SSA
119	#F564E3	5.085221958	1995	Sierra Leone	Sierra Leone	SSA
119	#F564E3	5.304399967	1996	Sierra Leone	Sierra Leone	SSA
119	#F564E3	5.523577976	1997	Sierra Leone	Sierra Leone	SSA
119	#F564E3	5.742755985	1998	Sierra Leone	Sierra Leone	SSA
119	#F564E3	5.961933994	1999	Sierra Leone	Sierra Leone	SSA
119	#F564E3	6.181112003	2000	Sierra Leone	Sierra Leone	SSA
119	#F564E3	6.400290012	2001	Sierra Leone	Sierra Leone	SSA
119	#F564E3	6.614043395	2002	Sierra Leone	Sierra Leone	SSA
119	#F564E3	6.834935596	2003	Sierra Leone	Sierra Leone	SSA
119	#F564E3	7.063205033	2004	Sierra Leone	Sierra Leone	SSA
119	#F564E3	7.299098089	2005	Sierra Leone	Sierra Leone	SSA
119	#F564E3	7.542869371	2006	Sierra Leone	Sierra Leone	SSA
119	#F564E3	7.794781994	2007	Sierra Leone	Sierra Leone	SSA
119	#F564E3	8.046694616	2008	Sierra Leone	Sierra Leone	SSA
119	#F564E3	8.298607239	2009	Sierra Leone	Sierra Leone	SSA
119	#F564E3	8.550519861	2010	Sierra Leone	Sierra Leone	SSA
119	#F564E3	8.596806296	2011	Sierra Leone	Sierra Leone	SSA
119	#F564E3	8.64309273	2012	Sierra Leone	Sierra Leone	SSA
119	#F564E3	8.689379165	2013	Sierra Leone	Sierra Leone	SSA
119	#F564E3	8.735665599	2014	Sierra Leone	Sierra Leone	SSA
119	#F564E3	8.781952034	2015	Sierra Leone	Sierra Leone	SSA
119	#F564E3	8.828238468	2016	Sierra Leone	Sierra Leone	SSA
119	#F564E3	8.874524903	2017	Sierra Leone	Sierra Leone	SSA
119	#F564E3	8.921549732	2018	Sierra Leone	Sierra Leone	SSA
119	#F564E3	8.968823739	2019	Sierra Leone	Sierra Leone	SSA
119	#F564E3	9.016348244	2020	Sierra Leone	Sierra Leone	SSA
119	#F564E3	9.016348244	2021	Sierra Leone	Sierra Leone	SSA
119	#F564E3	9.016348244	2022	Sierra Leone	Sierra Leone	SSA
120	#B79F00	14.87521681	1990	Singapore	Singapore	EAP
120	#B79F00	14.93952918	1991	Singapore	Singapore	EAP
120	#B79F00	15.00411961	1992	Singapore	Singapore	EAP
120	#B79F00	15.06898929	1993	Singapore	Singapore	EAP
120	#B79F00	15.13413944	1994	Singapore	Singapore	EAP
120	#B79F00	15.19957125	1995	Singapore	Singapore	EAP
120	#B79F00	15.26528596	1996	Singapore	Singapore	EAP
120	#B79F00	15.33128478	1997	Singapore	Singapore	EAP
120	#B79F00	15.39756895	1998	Singapore	Singapore	EAP
120	#B79F00	15.46413969	1999	Singapore	Singapore	EAP
120	#B79F00	15.53099825	2000	Singapore	Singapore	EAP
120	#B79F00	15.59814587	2001	Singapore	Singapore	EAP
120	#B79F00	15.6655838	2002	Singapore	Singapore	EAP
120	#B79F00	15.7333133	2003	Singapore	Singapore	EAP
120	#B79F00	15.80133562	2004	Singapore	Singapore	EAP
120	#B79F00	15.86965203	2005	Singapore	Singapore	EAP
120	#B79F00	15.9382638	2006	Singapore	Singapore	EAP
120	#B79F00	16.00717222	2007	Singapore	Singapore	EAP
120	#B79F00	16.07637856	2008	Singapore	Singapore	EAP
120	#B79F00	16.1458841	2009	Singapore	Singapore	EAP
120	#B79F00	16.21569016	2010	Singapore	Singapore	EAP
120	#B79F00	16.28579801	2011	Singapore	Singapore	EAP
120	#B79F00	16.35620898	2012	Singapore	Singapore	EAP
120	#B79F00	16.42692436	2013	Singapore	Singapore	EAP
120	#B79F00	16.49763974	2014	Singapore	Singapore	EAP
120	#B79F00	16.56835513	2015	Singapore	Singapore	EAP
120	#B79F00	16.63907051	2016	Singapore	Singapore	EAP
120	#B79F00	16.67643929	2017	Singapore	Singapore	EAP
120	#B79F00	16.74200058	2018	Singapore	Singapore	EAP
120	#B79F00	16.74119949	2019	Singapore	Singapore	EAP
120	#B79F00	16.78735924	2020	Singapore	Singapore	EAP
120	#B79F00	16.90273094	2021	Singapore	Singapore	EAP
120	#B79F00	16.90273094	2022	Singapore	Singapore	EAP
123	#F564E3	11.99145985	1990	South Africa	South Africa	SSA
123	#F564E3	12.4724102	1991	South Africa	South Africa	SSA
123	#F564E3	12.7001435	1992	South Africa	South Africa	SSA
123	#F564E3	12.92787679	1993	South Africa	South Africa	SSA
123	#F564E3	13.15561008	1994	South Africa	South Africa	SSA
123	#F564E3	13.17712731	1995	South Africa	South Africa	SSA
123	#F564E3	13.19864453	1996	South Africa	South Africa	SSA
123	#F564E3	13.22016176	1997	South Africa	South Africa	SSA
123	#F564E3	13.24167898	1998	South Africa	South Africa	SSA
123	#F564E3	13.2631962	1999	South Africa	South Africa	SSA
123	#F564E3	13.28471343	2000	South Africa	South Africa	SSA
123	#F564E3	13.30623065	2001	South Africa	South Africa	SSA
123	#F564E3	13.32774787	2002	South Africa	South Africa	SSA
123	#F564E3	13.3492651	2003	South Africa	South Africa	SSA
123	#F564E3	13.37078232	2004	South Africa	South Africa	SSA
123	#F564E3	13.39229955	2005	South Africa	South Africa	SSA
123	#F564E3	13.41381677	2006	South Africa	South Africa	SSA
123	#F564E3	13.43533399	2007	South Africa	South Africa	SSA
123	#F564E3	13.45685122	2008	South Africa	South Africa	SSA
123	#F564E3	13.47836844	2009	South Africa	South Africa	SSA
123	#F564E3	13.49988567	2010	South Africa	South Africa	SSA
123	#F564E3	13.52140289	2011	South Africa	South Africa	SSA
123	#F564E3	13.54292011	2012	South Africa	South Africa	SSA
123	#F564E3	13.91226006	2013	South Africa	South Africa	SSA
123	#F564E3	14.2816	2014	South Africa	South Africa	SSA
123	#F564E3	14.60560989	2015	South Africa	South Africa	SSA
123	#F564E3	14.24452019	2016	South Africa	South Africa	SSA
123	#F564E3	14.26511002	2017	South Africa	South Africa	SSA
123	#F564E3	14.0805397	2018	South Africa	South Africa	SSA
123	#F564E3	14.21393013	2019	South Africa	South Africa	SSA
123	#F564E3	13.98349953	2020	South Africa	South Africa	SSA
123	#F564E3	14.26364994	2021	South Africa	South Africa	SSA
123	#F564E3	14.26364994	2022	South Africa	South Africa	SSA
125	#619CFF	11.49196747	1990	Sri Lanka	Sri Lanka	SA
125	#619CFF	11.5777626	1991	Sri Lanka	Sri Lanka	SA
125	#619CFF	11.66419824	1992	Sri Lanka	Sri Lanka	SA
125	#619CFF	11.75127918	1993	Sri Lanka	Sri Lanka	SA
125	#619CFF	11.83901024	1994	Sri Lanka	Sri Lanka	SA
125	#619CFF	11.92872584	1995	Sri Lanka	Sri Lanka	SA
125	#619CFF	12.01844144	1996	Sri Lanka	Sri Lanka	SA
125	#619CFF	12.10815704	1997	Sri Lanka	Sri Lanka	SA
125	#619CFF	12.19787264	1998	Sri Lanka	Sri Lanka	SA
125	#619CFF	12.28758824	1999	Sri Lanka	Sri Lanka	SA
125	#619CFF	12.37730384	2000	Sri Lanka	Sri Lanka	SA
125	#619CFF	12.46701944	2001	Sri Lanka	Sri Lanka	SA
125	#619CFF	12.55673504	2002	Sri Lanka	Sri Lanka	SA
125	#619CFF	12.64645064	2003	Sri Lanka	Sri Lanka	SA
125	#619CFF	12.73616624	2004	Sri Lanka	Sri Lanka	SA
125	#619CFF	12.82588184	2005	Sri Lanka	Sri Lanka	SA
125	#619CFF	12.91559744	2006	Sri Lanka	Sri Lanka	SA
125	#619CFF	13.00531304	2007	Sri Lanka	Sri Lanka	SA
125	#619CFF	13.09502864	2008	Sri Lanka	Sri Lanka	SA
125	#619CFF	13.18474424	2009	Sri Lanka	Sri Lanka	SA
125	#619CFF	13.27445984	2010	Sri Lanka	Sri Lanka	SA
125	#619CFF	13.29590034	2011	Sri Lanka	Sri Lanka	SA
125	#619CFF	13.26900959	2012	Sri Lanka	Sri Lanka	SA
125	#619CFF	13.43556976	2013	Sri Lanka	Sri Lanka	SA
125	#619CFF	13.39808655	2014	Sri Lanka	Sri Lanka	SA
125	#619CFF	13.36060333	2015	Sri Lanka	Sri Lanka	SA
125	#619CFF	13.32312012	2016	Sri Lanka	Sri Lanka	SA
125	#619CFF	13.39883041	2017	Sri Lanka	Sri Lanka	SA
125	#619CFF	13.58215046	2018	Sri Lanka	Sri Lanka	SA
125	#619CFF	13.61195354	2019	Sri Lanka	Sri Lanka	SA
125	#619CFF	13.64182201	2020	Sri Lanka	Sri Lanka	SA
125	#619CFF	13.64182201	2021	Sri Lanka	Sri Lanka	SA
125	#619CFF	13.64182201	2022	Sri Lanka	Sri Lanka	SA
126	#F8766D	3.575123192	1990	Sudan	Sudan	AS
126	#F8766D	3.716464477	1991	Sudan	Sudan	AS
126	#F8766D	3.863393641	1992	Sudan	Sudan	AS
126	#F8766D	4.0161316	1993	Sudan	Sudan	AS
126	#F8766D	4.174908003	1994	Sudan	Sudan	AS
126	#F8766D	4.339961577	1995	Sudan	Sudan	AS
126	#F8766D	4.511540488	1996	Sudan	Sudan	AS
126	#F8766D	4.689902714	1997	Sudan	Sudan	AS
126	#F8766D	4.875316429	1998	Sudan	Sudan	AS
126	#F8766D	5.068060413	1999	Sudan	Sudan	AS
126	#F8766D	5.268424466	2000	Sudan	Sudan	AS
126	#F8766D	5.476709843	2001	Sudan	Sudan	AS
126	#F8766D	5.597040176	2002	Sudan	Sudan	AS
126	#F8766D	5.778049946	2003	Sudan	Sudan	AS
126	#F8766D	6.159719944	2004	Sudan	Sudan	AS
126	#F8766D	6.340129852	2005	Sudan	Sudan	AS
126	#F8766D	6.644569874	2006	Sudan	Sudan	AS
126	#F8766D	6.608520031	2007	Sudan	Sudan	AS
126	#F8766D	7.160170078	2008	Sudan	Sudan	AS
126	#F8766D	7.38876009	2009	Sudan	Sudan	AS
126	#F8766D	7.41782999	2010	Sudan	Sudan	AS
126	#F8766D	7.157400131	2011	Sudan	Sudan	AS
126	#F8766D	7.529759884	2012	Sudan	Sudan	AS
126	#F8766D	7.8261199	2013	Sudan	Sudan	AS
126	#F8766D	7.872330189	2014	Sudan	Sudan	AS
126	#F8766D	7.932330132	2015	Sudan	Sudan	AS
126	#F8766D	8.043066338	2016	Sudan	Sudan	AS
126	#F8766D	8.155348435	2017	Sudan	Sudan	AS
126	#F8766D	8.269198002	2018	Sudan	Sudan	AS
126	#F8766D	8.384636922	2019	Sudan	Sudan	AS
126	#F8766D	8.501687381	2020	Sudan	Sudan	AS
126	#F8766D	8.501687381	2021	Sudan	Sudan	AS
126	#F8766D	8.501687381	2022	Sudan	Sudan	AS
128	#F8766D	10.29174995	1990	Syrian Arab Republic	Syrian Arab Republic	AS
128	#F8766D	10.33014965	1991	Syrian Arab Republic	Syrian Arab Republic	AS
128	#F8766D	10.17481041	1992	Syrian Arab Republic	Syrian Arab Republic	AS
128	#F8766D	10.0685997	1993	Syrian Arab Republic	Syrian Arab Republic	AS
128	#F8766D	9.92553997	1994	Syrian Arab Republic	Syrian Arab Republic	AS
128	#F8766D	9.720040321	1995	Syrian Arab Republic	Syrian Arab Republic	AS
128	#F8766D	9.778423173	1996	Syrian Arab Republic	Syrian Arab Republic	AS
128	#F8766D	9.836806025	1997	Syrian Arab Republic	Syrian Arab Republic	AS
128	#F8766D	9.895188877	1998	Syrian Arab Republic	Syrian Arab Republic	AS
128	#F8766D	9.953571728	1999	Syrian Arab Republic	Syrian Arab Republic	AS
128	#F8766D	10.01195458	2000	Syrian Arab Republic	Syrian Arab Republic	AS
128	#F8766D	10.07033743	2001	Syrian Arab Republic	Syrian Arab Republic	AS
128	#F8766D	10.12872028	2002	Syrian Arab Republic	Syrian Arab Republic	AS
128	#F8766D	10.47317982	2003	Syrian Arab Republic	Syrian Arab Republic	AS
128	#F8766D	10.85873032	2004	Syrian Arab Republic	Syrian Arab Republic	AS
128	#F8766D	11.33917046	2005	Syrian Arab Republic	Syrian Arab Republic	AS
128	#F8766D	11.53658962	2006	Syrian Arab Republic	Syrian Arab Republic	AS
128	#F8766D	11.58475018	2007	Syrian Arab Republic	Syrian Arab Republic	AS
128	#F8766D	11.61194992	2008	Syrian Arab Republic	Syrian Arab Republic	AS
128	#F8766D	11.72797966	2009	Syrian Arab Republic	Syrian Arab Republic	AS
128	#F8766D	11.89066982	2010	Syrian Arab Republic	Syrian Arab Republic	AS
128	#F8766D	12.01360035	2011	Syrian Arab Republic	Syrian Arab Republic	AS
128	#F8766D	12.25677013	2012	Syrian Arab Republic	Syrian Arab Republic	AS
128	#F8766D	8.396719933	2013	Syrian Arab Republic	Syrian Arab Republic	AS
128	#F8766D	8.201308333	2014	Syrian Arab Republic	Syrian Arab Republic	AS
128	#F8766D	8.005896733	2015	Syrian Arab Republic	Syrian Arab Republic	AS
128	#F8766D	7.810485134	2016	Syrian Arab Republic	Syrian Arab Republic	AS
128	#F8766D	7.615073534	2017	Syrian Arab Republic	Syrian Arab Republic	AS
128	#F8766D	7.549633865	2018	Syrian Arab Republic	Syrian Arab Republic	AS
128	#F8766D	7.484194196	2019	Syrian Arab Republic	Syrian Arab Republic	AS
128	#F8766D	7.418754527	2020	Syrian Arab Republic	Syrian Arab Republic	AS
128	#F8766D	7.418754527	2021	Syrian Arab Republic	Syrian Arab Republic	AS
128	#F8766D	7.418754527	2022	Syrian Arab Republic	Syrian Arab Republic	AS
129	#00BA38	11.81420321	1990	Tajikistan	Tajikistan	ECA
129	#00BA38	11.68820953	1991	Tajikistan	Tajikistan	ECA
129	#00BA38	11.56355953	1992	Tajikistan	Tajikistan	ECA
129	#00BA38	10.82005024	1993	Tajikistan	Tajikistan	ECA
129	#00BA38	10.10999012	1994	Tajikistan	Tajikistan	ECA
129	#00BA38	10.06548023	1995	Tajikistan	Tajikistan	ECA
129	#00BA38	9.887817621	1996	Tajikistan	Tajikistan	ECA
129	#00BA38	9.71015501	1997	Tajikistan	Tajikistan	ECA
129	#00BA38	9.532492399	1998	Tajikistan	Tajikistan	ECA
129	#00BA38	9.354829788	1999	Tajikistan	Tajikistan	ECA
129	#00BA38	9.621109962	2000	Tajikistan	Tajikistan	ECA
129	#00BA38	9.737389565	2001	Tajikistan	Tajikistan	ECA
129	#00BA38	9.945440292	2002	Tajikistan	Tajikistan	ECA
129	#00BA38	10.30994034	2003	Tajikistan	Tajikistan	ECA
129	#00BA38	10.42245007	2004	Tajikistan	Tajikistan	ECA
129	#00BA38	10.62835026	2005	Tajikistan	Tajikistan	ECA
129	#00BA38	10.77460003	2006	Tajikistan	Tajikistan	ECA
129	#00BA38	10.75119972	2007	Tajikistan	Tajikistan	ECA
129	#00BA38	10.99670029	2008	Tajikistan	Tajikistan	ECA
129	#00BA38	10.9805603	2009	Tajikistan	Tajikistan	ECA
129	#00BA38	10.96275997	2010	Tajikistan	Tajikistan	ECA
129	#00BA38	10.91279984	2011	Tajikistan	Tajikistan	ECA
129	#00BA38	10.91277981	2012	Tajikistan	Tajikistan	ECA
129	#00BA38	10.93988037	2013	Tajikistan	Tajikistan	ECA
129	#00BA38	10.92858056	2014	Tajikistan	Tajikistan	ECA
129	#00BA38	10.91729242	2015	Tajikistan	Tajikistan	ECA
129	#00BA38	10.90601594	2016	Tajikistan	Tajikistan	ECA
129	#00BA38	10.89475111	2017	Tajikistan	Tajikistan	ECA
129	#00BA38	10.88349791	2018	Tajikistan	Tajikistan	ECA
129	#00BA38	10.87225634	2019	Tajikistan	Tajikistan	ECA
129	#00BA38	10.86102637	2020	Tajikistan	Tajikistan	ECA
129	#00BA38	10.86102637	2021	Tajikistan	Tajikistan	ECA
129	#00BA38	10.86102637	2022	Tajikistan	Tajikistan	ECA
130	#F564E3	5.407980348	1990	Tanzania (United Republic of)	Tanzania (United Republic of)	SSA
130	#F564E3	5.409420013	1991	Tanzania (United Republic of)	Tanzania (United Republic of)	SSA
130	#F564E3	5.410860062	1992	Tanzania (United Republic of)	Tanzania (United Republic of)	SSA
130	#F564E3	5.497560024	1993	Tanzania (United Republic of)	Tanzania (United Republic of)	SSA
130	#F564E3	5.371089935	1994	Tanzania (United Republic of)	Tanzania (United Republic of)	SSA
130	#F564E3	5.269070148	1995	Tanzania (United Republic of)	Tanzania (United Republic of)	SSA
130	#F564E3	5.242219925	1996	Tanzania (United Republic of)	Tanzania (United Republic of)	SSA
130	#F564E3	5.394370079	1997	Tanzania (United Republic of)	Tanzania (United Republic of)	SSA
130	#F564E3	5.699363929	1998	Tanzania (United Republic of)	Tanzania (United Republic of)	SSA
130	#F564E3	6.004357778	1999	Tanzania (United Republic of)	Tanzania (United Republic of)	SSA
130	#F564E3	6.309351628	2000	Tanzania (United Republic of)	Tanzania (United Republic of)	SSA
130	#F564E3	6.614345477	2001	Tanzania (United Republic of)	Tanzania (United Republic of)	SSA
130	#F564E3	6.919339327	2002	Tanzania (United Republic of)	Tanzania (United Republic of)	SSA
130	#F564E3	7.224333176	2003	Tanzania (United Republic of)	Tanzania (United Republic of)	SSA
130	#F564E3	7.529327026	2004	Tanzania (United Republic of)	Tanzania (United Republic of)	SSA
130	#F564E3	7.834320875	2005	Tanzania (United Republic of)	Tanzania (United Republic of)	SSA
130	#F564E3	8.139314725	2006	Tanzania (United Republic of)	Tanzania (United Republic of)	SSA
130	#F564E3	8.444308574	2007	Tanzania (United Republic of)	Tanzania (United Republic of)	SSA
130	#F564E3	8.749302424	2008	Tanzania (United Republic of)	Tanzania (United Republic of)	SSA
130	#F564E3	9.054296273	2009	Tanzania (United Republic of)	Tanzania (United Republic of)	SSA
130	#F564E3	9.359290123	2010	Tanzania (United Republic of)	Tanzania (United Republic of)	SSA
130	#F564E3	9.071298122	2011	Tanzania (United Republic of)	Tanzania (United Republic of)	SSA
130	#F564E3	8.783306122	2012	Tanzania (United Republic of)	Tanzania (United Republic of)	SSA
130	#F564E3	8.495314121	2013	Tanzania (United Republic of)	Tanzania (United Republic of)	SSA
130	#F564E3	8.207322121	2014	Tanzania (United Republic of)	Tanzania (United Republic of)	SSA
130	#F564E3	7.91933012	2015	Tanzania (United Republic of)	Tanzania (United Republic of)	SSA
130	#F564E3	7.666830063	2016	Tanzania (United Republic of)	Tanzania (United Republic of)	SSA
130	#F564E3	7.961319923	2017	Tanzania (United Republic of)	Tanzania (United Republic of)	SSA
130	#F564E3	8.330985069	2018	Tanzania (United Republic of)	Tanzania (United Republic of)	SSA
130	#F564E3	8.700650215	2019	Tanzania (United Republic of)	Tanzania (United Republic of)	SSA
130	#F564E3	9.065139771	2020	Tanzania (United Republic of)	Tanzania (United Republic of)	SSA
130	#F564E3	8.585740089	2021	Tanzania (United Republic of)	Tanzania (United Republic of)	SSA
130	#F564E3	8.585740089	2022	Tanzania (United Republic of)	Tanzania (United Republic of)	SSA
131	#B79F00	8.760849953	1990	Thailand	Thailand	EAP
131	#B79F00	9.050733248	1991	Thailand	Thailand	EAP
131	#B79F00	9.340616544	1992	Thailand	Thailand	EAP
131	#B79F00	9.63049984	1993	Thailand	Thailand	EAP
131	#B79F00	9.848629951	1994	Thailand	Thailand	EAP
131	#B79F00	10.06676006	1995	Thailand	Thailand	EAP
131	#B79F00	10.24217987	1996	Thailand	Thailand	EAP
131	#B79F00	10.46321011	1997	Thailand	Thailand	EAP
131	#B79F00	10.87125969	1998	Thailand	Thailand	EAP
131	#B79F00	11.47934977	1999	Thailand	Thailand	EAP
131	#B79F00	12.08743985	2000	Thailand	Thailand	EAP
131	#B79F00	12.69552994	2001	Thailand	Thailand	EAP
131	#B79F00	12.89072037	2002	Thailand	Thailand	EAP
131	#B79F00	13.02565002	2003	Thailand	Thailand	EAP
131	#B79F00	13.16057968	2004	Thailand	Thailand	EAP
131	#B79F00	13.58127975	2005	Thailand	Thailand	EAP
131	#B79F00	13.6553297	2006	Thailand	Thailand	EAP
131	#B79F00	14.12827015	2007	Thailand	Thailand	EAP
131	#B79F00	14.02313042	2008	Thailand	Thailand	EAP
131	#B79F00	14.03966045	2009	Thailand	Thailand	EAP
131	#B79F00	13.95051956	2010	Thailand	Thailand	EAP
131	#B79F00	14.16273022	2011	Thailand	Thailand	EAP
131	#B79F00	13.99042034	2012	Thailand	Thailand	EAP
131	#B79F00	13.86569977	2013	Thailand	Thailand	EAP
131	#B79F00	16.50494003	2014	Thailand	Thailand	EAP
131	#B79F00	16.45110989	2015	Thailand	Thailand	EAP
131	#B79F00	16.39727974	2016	Thailand	Thailand	EAP
131	#B79F00	16.19328737	2017	Thailand	Thailand	EAP
131	#B79F00	15.98929501	2018	Thailand	Thailand	EAP
131	#B79F00	15.78530264	2019	Thailand	Thailand	EAP
131	#B79F00	15.58131027	2020	Thailand	Thailand	EAP
131	#B79F00	15.58131027	2021	Thailand	Thailand	EAP
131	#B79F00	15.58131027	2022	Thailand	Thailand	EAP
133	#F564E3	7.330160141	1990	Togo	Togo	SSA
133	#F564E3	7.685070038	1991	Togo	Togo	SSA
133	#F564E3	7.212769985	1992	Togo	Togo	SSA
133	#F564E3	7.488199949	1993	Togo	Togo	SSA
133	#F564E3	7.763629913	1994	Togo	Togo	SSA
133	#F564E3	8.474849701	1995	Togo	Togo	SSA
133	#F564E3	8.817979813	1996	Togo	Togo	SSA
133	#F564E3	8.984359741	1997	Togo	Togo	SSA
133	#F564E3	9.15073967	1998	Togo	Togo	SSA
133	#F564E3	9.317119598	1999	Togo	Togo	SSA
133	#F564E3	9.483499527	2000	Togo	Togo	SSA
133	#F564E3	9.763460159	2001	Togo	Togo	SSA
133	#F564E3	9.872050285	2002	Togo	Togo	SSA
133	#F564E3	9.980640411	2003	Togo	Togo	SSA
133	#F564E3	10.07437992	2004	Togo	Togo	SSA
133	#F564E3	10.11639977	2005	Togo	Togo	SSA
133	#F564E3	10.50580025	2006	Togo	Togo	SSA
133	#F564E3	9.94299984	2007	Togo	Togo	SSA
133	#F564E3	10.41026235	2008	Togo	Togo	SSA
133	#F564E3	10.87752485	2009	Togo	Togo	SSA
133	#F564E3	11.34478736	2010	Togo	Togo	SSA
133	#F564E3	11.81204987	2011	Togo	Togo	SSA
133	#F564E3	11.93809986	2012	Togo	Togo	SSA
133	#F564E3	12.06414986	2013	Togo	Togo	SSA
133	#F564E3	12.19019985	2014	Togo	Togo	SSA
133	#F564E3	12.31624985	2015	Togo	Togo	SSA
133	#F564E3	12.44229984	2016	Togo	Togo	SSA
133	#F564E3	12.56834984	2017	Togo	Togo	SSA
133	#F564E3	12.69833781	2018	Togo	Togo	SSA
133	#F564E3	12.82967018	2019	Togo	Togo	SSA
133	#F564E3	12.96236085	2020	Togo	Togo	SSA
133	#F564E3	12.96236085	2021	Togo	Togo	SSA
133	#F564E3	12.96236085	2022	Togo	Togo	SSA
134	#B79F00	11.7700367	1990	Tonga	Tonga	EAP
134	#B79F00	11.92300359	1991	Tonga	Tonga	EAP
134	#B79F00	12.07795849	1992	Tonga	Tonga	EAP
134	#B79F00	12.23492723	1993	Tonga	Tonga	EAP
134	#B79F00	12.39393598	1994	Tonga	Tonga	EAP
134	#B79F00	12.55501126	1995	Tonga	Tonga	EAP
134	#B79F00	12.71817992	1996	Tonga	Tonga	EAP
134	#B79F00	12.88346916	1997	Tonga	Tonga	EAP
134	#B79F00	13.05090656	1998	Tonga	Tonga	EAP
134	#B79F00	13.22052002	1999	Tonga	Tonga	EAP
134	#B79F00	12.8110199	2000	Tonga	Tonga	EAP
134	#B79F00	13.03806973	2001	Tonga	Tonga	EAP
134	#B79F00	13.11610985	2002	Tonga	Tonga	EAP
134	#B79F00	13.9333601	2003	Tonga	Tonga	EAP
134	#B79F00	14.07183838	2004	Tonga	Tonga	EAP
134	#B79F00	14.21031666	2005	Tonga	Tonga	EAP
134	#B79F00	14.34879494	2006	Tonga	Tonga	EAP
134	#B79F00	14.48727322	2007	Tonga	Tonga	EAP
134	#B79F00	14.6257515	2008	Tonga	Tonga	EAP
134	#B79F00	14.76422977	2009	Tonga	Tonga	EAP
134	#B79F00	14.90270805	2010	Tonga	Tonga	EAP
134	#B79F00	15.04118633	2011	Tonga	Tonga	EAP
134	#B79F00	15.17966461	2012	Tonga	Tonga	EAP
134	#B79F00	15.31814289	2013	Tonga	Tonga	EAP
134	#B79F00	15.45662117	2014	Tonga	Tonga	EAP
134	#B79F00	15.59509945	2015	Tonga	Tonga	EAP
134	#B79F00	15.73357773	2016	Tonga	Tonga	EAP
134	#B79F00	15.87205601	2017	Tonga	Tonga	EAP
134	#B79F00	16.01053429	2018	Tonga	Tonga	EAP
134	#B79F00	16.14901257	2019	Tonga	Tonga	EAP
134	#B79F00	16.28749084	2020	Tonga	Tonga	EAP
134	#B79F00	16.28749084	2021	Tonga	Tonga	EAP
134	#B79F00	16.28749084	2022	Tonga	Tonga	EAP
135	#00BFC4	10.69306493	1990	Trinidad and Tobago	Trinidad and Tobago	LAC
135	#00BFC4	10.63512039	1991	Trinidad and Tobago	Trinidad and Tobago	LAC
135	#00BFC4	10.57748985	1992	Trinidad and Tobago	Trinidad and Tobago	LAC
135	#00BFC4	10.59889984	1993	Trinidad and Tobago	Trinidad and Tobago	LAC
135	#00BFC4	10.71014716	1994	Trinidad and Tobago	Trinidad and Tobago	LAC
135	#00BFC4	10.82139449	1995	Trinidad and Tobago	Trinidad and Tobago	LAC
135	#00BFC4	10.93264181	1996	Trinidad and Tobago	Trinidad and Tobago	LAC
135	#00BFC4	11.04388913	1997	Trinidad and Tobago	Trinidad and Tobago	LAC
135	#00BFC4	11.15513646	1998	Trinidad and Tobago	Trinidad and Tobago	LAC
135	#00BFC4	11.26638378	1999	Trinidad and Tobago	Trinidad and Tobago	LAC
135	#00BFC4	11.3776311	2000	Trinidad and Tobago	Trinidad and Tobago	LAC
135	#00BFC4	11.48887842	2001	Trinidad and Tobago	Trinidad and Tobago	LAC
135	#00BFC4	11.60012575	2002	Trinidad and Tobago	Trinidad and Tobago	LAC
135	#00BFC4	11.71137307	2003	Trinidad and Tobago	Trinidad and Tobago	LAC
135	#00BFC4	11.82262039	2004	Trinidad and Tobago	Trinidad and Tobago	LAC
135	#00BFC4	11.93712083	2005	Trinidad and Tobago	Trinidad and Tobago	LAC
135	#00BFC4	12.05273018	2006	Trinidad and Tobago	Trinidad and Tobago	LAC
135	#00BFC4	12.22807184	2007	Trinidad and Tobago	Trinidad and Tobago	LAC
135	#00BFC4	12.4034135	2008	Trinidad and Tobago	Trinidad and Tobago	LAC
135	#00BFC4	12.57875516	2009	Trinidad and Tobago	Trinidad and Tobago	LAC
135	#00BFC4	12.75409682	2010	Trinidad and Tobago	Trinidad and Tobago	LAC
135	#00BFC4	12.92943848	2011	Trinidad and Tobago	Trinidad and Tobago	LAC
135	#00BFC4	13.0546583	2012	Trinidad and Tobago	Trinidad and Tobago	LAC
135	#00BFC4	13.18109085	2013	Trinidad and Tobago	Trinidad and Tobago	LAC
135	#00BFC4	13.30874788	2014	Trinidad and Tobago	Trinidad and Tobago	LAC
135	#00BFC4	13.43764126	2015	Trinidad and Tobago	Trinidad and Tobago	LAC
135	#00BFC4	13.56778294	2016	Trinidad and Tobago	Trinidad and Tobago	LAC
135	#00BFC4	13.69918504	2017	Trinidad and Tobago	Trinidad and Tobago	LAC
135	#00BFC4	13.83185974	2018	Trinidad and Tobago	Trinidad and Tobago	LAC
135	#00BFC4	13.96581938	2019	Trinidad and Tobago	Trinidad and Tobago	LAC
135	#00BFC4	14.1010764	2020	Trinidad and Tobago	Trinidad and Tobago	LAC
135	#00BFC4	14.1010764	2021	Trinidad and Tobago	Trinidad and Tobago	LAC
135	#00BFC4	14.1010764	2022	Trinidad and Tobago	Trinidad and Tobago	LAC
136	#F8766D	9.835510254	1990	Tunisia	Tunisia	AS
136	#F8766D	9.925450325	1991	Tunisia	Tunisia	AS
136	#F8766D	10.0225296	1992	Tunisia	Tunisia	AS
136	#F8766D	10.24203014	1993	Tunisia	Tunisia	AS
136	#F8766D	10.69999027	1994	Tunisia	Tunisia	AS
136	#F8766D	10.98894024	1995	Tunisia	Tunisia	AS
136	#F8766D	11.2537899	1996	Tunisia	Tunisia	AS
136	#F8766D	11.34475994	1997	Tunisia	Tunisia	AS
136	#F8766D	11.93177986	1998	Tunisia	Tunisia	AS
136	#F8766D	12.28584957	1999	Tunisia	Tunisia	AS
136	#F8766D	12.53472996	2000	Tunisia	Tunisia	AS
136	#F8766D	12.76819992	2001	Tunisia	Tunisia	AS
136	#F8766D	12.9030304	2002	Tunisia	Tunisia	AS
136	#F8766D	12.99831009	2003	Tunisia	Tunisia	AS
136	#F8766D	13.3390398	2004	Tunisia	Tunisia	AS
136	#F8766D	13.62553978	2005	Tunisia	Tunisia	AS
136	#F8766D	13.77797985	2006	Tunisia	Tunisia	AS
136	#F8766D	13.875	2007	Tunisia	Tunisia	AS
136	#F8766D	13.97587013	2008	Tunisia	Tunisia	AS
136	#F8766D	13.9574604	2009	Tunisia	Tunisia	AS
136	#F8766D	14.04518986	2010	Tunisia	Tunisia	AS
136	#F8766D	14.14445972	2011	Tunisia	Tunisia	AS
136	#F8766D	14.15775967	2012	Tunisia	Tunisia	AS
136	#F8766D	14.17105961	2013	Tunisia	Tunisia	AS
136	#F8766D	14.09300041	2014	Tunisia	Tunisia	AS
136	#F8766D	14.18632984	2015	Tunisia	Tunisia	AS
136	#F8766D	14.40567017	2016	Tunisia	Tunisia	AS
136	#F8766D	14.45884188	2017	Tunisia	Tunisia	AS
136	#F8766D	14.51220985	2018	Tunisia	Tunisia	AS
136	#F8766D	14.5657748	2019	Tunisia	Tunisia	AS
136	#F8766D	14.61953746	2020	Tunisia	Tunisia	AS
136	#F8766D	14.61953746	2021	Tunisia	Tunisia	AS
136	#F8766D	14.61953746	2022	Tunisia	Tunisia	AS
137	#00BA38	8.922039986	1990	Türkiye	Türkiye	ECA
137	#00BA38	9.085129738	1991	Türkiye	Türkiye	ECA
137	#00BA38	9.221639633	1992	Türkiye	Türkiye	ECA
137	#00BA38	9.371190071	1993	Türkiye	Türkiye	ECA
137	#00BA38	9.482930183	1994	Türkiye	Türkiye	ECA
137	#00BA38	9.600279808	1995	Türkiye	Türkiye	ECA
137	#00BA38	9.661584854	1996	Türkiye	Türkiye	ECA
137	#00BA38	9.7228899	1997	Türkiye	Türkiye	ECA
137	#00BA38	10.12756014	1998	Türkiye	Türkiye	ECA
137	#00BA38	10.53223038	1999	Türkiye	Türkiye	ECA
137	#00BA38	11.13335514	2000	Türkiye	Türkiye	ECA
137	#00BA38	11.7344799	2001	Türkiye	Türkiye	ECA
137	#00BA38	12.10737991	2002	Türkiye	Türkiye	ECA
137	#00BA38	12.22653008	2003	Türkiye	Türkiye	ECA
137	#00BA38	12.1072998	2004	Türkiye	Türkiye	ECA
137	#00BA38	12.03092003	2005	Türkiye	Türkiye	ECA
137	#00BA38	12.45195961	2006	Türkiye	Türkiye	ECA
137	#00BA38	12.70238972	2007	Türkiye	Türkiye	ECA
137	#00BA38	12.54028034	2008	Türkiye	Türkiye	ECA
137	#00BA38	13.05500984	2009	Türkiye	Türkiye	ECA
137	#00BA38	13.95011044	2010	Türkiye	Türkiye	ECA
137	#00BA38	14.50026035	2011	Türkiye	Türkiye	ECA
137	#00BA38	14.67325974	2012	Türkiye	Türkiye	ECA
137	#00BA38	16.79644966	2013	Türkiye	Türkiye	ECA
137	#00BA38	17.31707954	2014	Türkiye	Türkiye	ECA
137	#00BA38	17.78837967	2015	Türkiye	Türkiye	ECA
137	#00BA38	18.27482986	2016	Türkiye	Türkiye	ECA
137	#00BA38	18.67255974	2017	Türkiye	Türkiye	ECA
137	#00BA38	18.97455978	2018	Türkiye	Türkiye	ECA
137	#00BA38	19.18523026	2019	Türkiye	Türkiye	ECA
137	#00BA38	19.29534912	2020	Türkiye	Türkiye	ECA
137	#00BA38	19.68494987	2021	Türkiye	Türkiye	ECA
137	#00BA38	19.68494987	2022	Türkiye	Türkiye	ECA
139	#B79F00	10.82742023	1990	Tuvalu	Tuvalu	EAP
139	#B79F00	10.79214144	1991	Tuvalu	Tuvalu	EAP
139	#B79F00	10.75686264	1992	Tuvalu	Tuvalu	EAP
139	#B79F00	10.72158384	1993	Tuvalu	Tuvalu	EAP
139	#B79F00	10.68630505	1994	Tuvalu	Tuvalu	EAP
139	#B79F00	10.65102625	1995	Tuvalu	Tuvalu	EAP
139	#B79F00	10.61574745	1996	Tuvalu	Tuvalu	EAP
139	#B79F00	10.58046865	1997	Tuvalu	Tuvalu	EAP
139	#B79F00	10.54518986	1998	Tuvalu	Tuvalu	EAP
139	#B79F00	10.68955644	1999	Tuvalu	Tuvalu	EAP
139	#B79F00	10.83392302	2000	Tuvalu	Tuvalu	EAP
139	#B79F00	10.9782896	2001	Tuvalu	Tuvalu	EAP
139	#B79F00	11.05860347	2002	Tuvalu	Tuvalu	EAP
139	#B79F00	11.13891734	2003	Tuvalu	Tuvalu	EAP
139	#B79F00	11.2192312	2004	Tuvalu	Tuvalu	EAP
139	#B79F00	11.29954507	2005	Tuvalu	Tuvalu	EAP
139	#B79F00	11.37985893	2006	Tuvalu	Tuvalu	EAP
139	#B79F00	11.4601728	2007	Tuvalu	Tuvalu	EAP
139	#B79F00	11.54048667	2008	Tuvalu	Tuvalu	EAP
139	#B79F00	11.62080053	2009	Tuvalu	Tuvalu	EAP
139	#B79F00	11.7011144	2010	Tuvalu	Tuvalu	EAP
139	#B79F00	11.78142826	2011	Tuvalu	Tuvalu	EAP
139	#B79F00	11.86174213	2012	Tuvalu	Tuvalu	EAP
139	#B79F00	11.942056	2013	Tuvalu	Tuvalu	EAP
139	#B79F00	12.02236986	2014	Tuvalu	Tuvalu	EAP
139	#B79F00	12.82337999	2015	Tuvalu	Tuvalu	EAP
139	#B79F00	11.39118958	2016	Tuvalu	Tuvalu	EAP
139	#B79F00	11.39167476	2017	Tuvalu	Tuvalu	EAP
139	#B79F00	11.39215994	2018	Tuvalu	Tuvalu	EAP
139	#B79F00	11.18282986	2019	Tuvalu	Tuvalu	EAP
139	#B79F00	10.94357014	2020	Tuvalu	Tuvalu	EAP
139	#B79F00	12.23039007	2021	Tuvalu	Tuvalu	EAP
139	#B79F00	12.10158014	2022	Tuvalu	Tuvalu	EAP
140	#F564E3	5.745009899	1990	Uganda	Uganda	SSA
140	#F564E3	5.766660213	1991	Uganda	Uganda	SSA
140	#F564E3	5.242869854	1992	Uganda	Uganda	SSA
140	#F564E3	5.566840172	1993	Uganda	Uganda	SSA
140	#F564E3	5.590559959	1994	Uganda	Uganda	SSA
140	#F564E3	5.621990204	1995	Uganda	Uganda	SSA
140	#F564E3	6.179591285	1996	Uganda	Uganda	SSA
140	#F564E3	6.737192366	1997	Uganda	Uganda	SSA
140	#F564E3	7.294793447	1998	Uganda	Uganda	SSA
140	#F564E3	7.852394528	1999	Uganda	Uganda	SSA
140	#F564E3	8.409995609	2000	Uganda	Uganda	SSA
140	#F564E3	8.96759669	2001	Uganda	Uganda	SSA
140	#F564E3	9.525197771	2002	Uganda	Uganda	SSA
140	#F564E3	10.08279885	2003	Uganda	Uganda	SSA
140	#F564E3	10.64039993	2004	Uganda	Uganda	SSA
140	#F564E3	10.60913023	2005	Uganda	Uganda	SSA
140	#F564E3	10.57786053	2006	Uganda	Uganda	SSA
140	#F564E3	10.64166284	2007	Uganda	Uganda	SSA
140	#F564E3	10.70546516	2008	Uganda	Uganda	SSA
140	#F564E3	10.76926747	2009	Uganda	Uganda	SSA
140	#F564E3	10.83306978	2010	Uganda	Uganda	SSA
140	#F564E3	10.8968721	2011	Uganda	Uganda	SSA
140	#F564E3	10.96181977	2012	Uganda	Uganda	SSA
140	#F564E3	11.02715455	2013	Uganda	Uganda	SSA
140	#F564E3	11.09287873	2014	Uganda	Uganda	SSA
140	#F564E3	11.15899464	2015	Uganda	Uganda	SSA
140	#F564E3	11.22550462	2016	Uganda	Uganda	SSA
140	#F564E3	11.29241102	2017	Uganda	Uganda	SSA
140	#F564E3	11.35971618	2018	Uganda	Uganda	SSA
140	#F564E3	11.42742251	2019	Uganda	Uganda	SSA
140	#F564E3	11.49553237	2020	Uganda	Uganda	SSA
140	#F564E3	11.49553237	2021	Uganda	Uganda	SSA
140	#F564E3	11.49553237	2022	Uganda	Uganda	SSA
141	#00BA38	12.5736599	1990	Ukraine	Ukraine	ECA
141	#00BA38	12.49063015	1991	Ukraine	Ukraine	ECA
141	#00BA38	12.18871021	1992	Ukraine	Ukraine	ECA
141	#00BA38	11.90876961	1993	Ukraine	Ukraine	ECA
141	#00BA38	11.75526047	1994	Ukraine	Ukraine	ECA
141	#00BA38	11.9802084	1995	Ukraine	Ukraine	ECA
141	#00BA38	12.20515633	1996	Ukraine	Ukraine	ECA
141	#00BA38	12.43010426	1997	Ukraine	Ukraine	ECA
141	#00BA38	12.65505219	1998	Ukraine	Ukraine	ECA
141	#00BA38	12.88000011	1999	Ukraine	Ukraine	ECA
141	#00BA38	12.79876041	2000	Ukraine	Ukraine	ECA
141	#00BA38	13.54780006	2001	Ukraine	Ukraine	ECA
141	#00BA38	13.91644001	2002	Ukraine	Ukraine	ECA
141	#00BA38	14.2719202	2003	Ukraine	Ukraine	ECA
141	#00BA38	14.25391006	2004	Ukraine	Ukraine	ECA
141	#00BA38	14.51976013	2005	Ukraine	Ukraine	ECA
141	#00BA38	14.72169971	2006	Ukraine	Ukraine	ECA
141	#00BA38	14.90732956	2007	Ukraine	Ukraine	ECA
141	#00BA38	15.03969955	2008	Ukraine	Ukraine	ECA
141	#00BA38	15.07240009	2009	Ukraine	Ukraine	ECA
141	#00BA38	15.05955982	2010	Ukraine	Ukraine	ECA
141	#00BA38	15.03600025	2011	Ukraine	Ukraine	ECA
141	#00BA38	15.05902958	2012	Ukraine	Ukraine	ECA
141	#00BA38	14.9281702	2013	Ukraine	Ukraine	ECA
141	#00BA38	14.92978001	2014	Ukraine	Ukraine	ECA
141	#00BA38	13.77066994	2015	Ukraine	Ukraine	ECA
141	#00BA38	13.63589954	2016	Ukraine	Ukraine	ECA
141	#00BA38	13.67564964	2017	Ukraine	Ukraine	ECA
141	#00BA38	13.64286995	2018	Ukraine	Ukraine	ECA
141	#00BA38	13.71247959	2019	Ukraine	Ukraine	ECA
141	#00BA38	13.58794975	2020	Ukraine	Ukraine	ECA
141	#00BA38	13.32800961	2021	Ukraine	Ukraine	ECA
141	#00BA38	13.32800961	2022	Ukraine	Ukraine	ECA
142	#F8766D	9.683460236	1990	United Arab Emirates	United Arab Emirates	AS
142	#F8766D	10.05986023	1991	United Arab Emirates	United Arab Emirates	AS
142	#F8766D	10.09360981	1992	United Arab Emirates	United Arab Emirates	AS
142	#F8766D	10.2863102	1993	United Arab Emirates	United Arab Emirates	AS
142	#F8766D	10.39297062	1994	United Arab Emirates	United Arab Emirates	AS
142	#F8766D	10.49963105	1995	United Arab Emirates	United Arab Emirates	AS
142	#F8766D	10.60629148	1996	United Arab Emirates	United Arab Emirates	AS
142	#F8766D	10.71295191	1997	United Arab Emirates	United Arab Emirates	AS
142	#F8766D	10.81961234	1998	United Arab Emirates	United Arab Emirates	AS
142	#F8766D	10.92627277	1999	United Arab Emirates	United Arab Emirates	AS
142	#F8766D	11.03293319	2000	United Arab Emirates	United Arab Emirates	AS
142	#F8766D	11.13959362	2001	United Arab Emirates	United Arab Emirates	AS
142	#F8766D	11.24625405	2002	United Arab Emirates	United Arab Emirates	AS
142	#F8766D	11.35291448	2003	United Arab Emirates	United Arab Emirates	AS
142	#F8766D	11.45957491	2004	United Arab Emirates	United Arab Emirates	AS
142	#F8766D	11.56623533	2005	United Arab Emirates	United Arab Emirates	AS
142	#F8766D	11.67289576	2006	United Arab Emirates	United Arab Emirates	AS
142	#F8766D	11.77955619	2007	United Arab Emirates	United Arab Emirates	AS
142	#F8766D	11.88621662	2008	United Arab Emirates	United Arab Emirates	AS
142	#F8766D	11.99287705	2009	United Arab Emirates	United Arab Emirates	AS
142	#F8766D	12.09953748	2010	United Arab Emirates	United Arab Emirates	AS
142	#F8766D	12.2061979	2011	United Arab Emirates	United Arab Emirates	AS
142	#F8766D	12.31285833	2012	United Arab Emirates	United Arab Emirates	AS
142	#F8766D	12.41951876	2013	United Arab Emirates	United Arab Emirates	AS
142	#F8766D	12.52617919	2014	United Arab Emirates	United Arab Emirates	AS
142	#F8766D	12.63283962	2015	United Arab Emirates	United Arab Emirates	AS
142	#F8766D	12.73950005	2016	United Arab Emirates	United Arab Emirates	AS
142	#F8766D	14.21214962	2017	United Arab Emirates	United Arab Emirates	AS
142	#F8766D	15.48441458	2018	United Arab Emirates	United Arab Emirates	AS
142	#F8766D	16.75667953	2019	United Arab Emirates	United Arab Emirates	AS
142	#F8766D	17.20813942	2020	United Arab Emirates	United Arab Emirates	AS
142	#F8766D	17.20813942	2021	United Arab Emirates	United Arab Emirates	AS
142	#F8766D	17.20813942	2022	United Arab Emirates	United Arab Emirates	AS
143	#00BFC4	12.9682703	1990	Uruguay	Uruguay	LAC
143	#00BFC4	13.05552959	1991	Uruguay	Uruguay	LAC
143	#00BFC4	12.86606026	1992	Uruguay	Uruguay	LAC
143	#00BFC4	12.98691773	1993	Uruguay	Uruguay	LAC
143	#00BFC4	13.10777521	1994	Uruguay	Uruguay	LAC
143	#00BFC4	13.22863269	1995	Uruguay	Uruguay	LAC
143	#00BFC4	13.34949017	1996	Uruguay	Uruguay	LAC
143	#00BFC4	13.72067022	1997	Uruguay	Uruguay	LAC
143	#00BFC4	14.09185028	1998	Uruguay	Uruguay	LAC
143	#00BFC4	14.13204002	1999	Uruguay	Uruguay	LAC
143	#00BFC4	14.16732025	2000	Uruguay	Uruguay	LAC
143	#00BFC4	14.68060017	2001	Uruguay	Uruguay	LAC
143	#00BFC4	15.13469982	2002	Uruguay	Uruguay	LAC
143	#00BFC4	15.54574966	2003	Uruguay	Uruguay	LAC
143	#00BFC4	15.48838997	2004	Uruguay	Uruguay	LAC
143	#00BFC4	15.11001015	2005	Uruguay	Uruguay	LAC
143	#00BFC4	15.16135025	2006	Uruguay	Uruguay	LAC
143	#00BFC4	14.78962994	2007	Uruguay	Uruguay	LAC
143	#00BFC4	14.53896999	2008	Uruguay	Uruguay	LAC
143	#00BFC4	14.59895039	2009	Uruguay	Uruguay	LAC
143	#00BFC4	15.15231991	2010	Uruguay	Uruguay	LAC
143	#00BFC4	15.37341976	2011	Uruguay	Uruguay	LAC
143	#00BFC4	15.4978199	2012	Uruguay	Uruguay	LAC
143	#00BFC4	15.84080982	2013	Uruguay	Uruguay	LAC
143	#00BFC4	15.88829994	2014	Uruguay	Uruguay	LAC
143	#00BFC4	15.8863802	2015	Uruguay	Uruguay	LAC
143	#00BFC4	16.1406002	2016	Uruguay	Uruguay	LAC
143	#00BFC4	16.33597946	2017	Uruguay	Uruguay	LAC
143	#00BFC4	16.26915932	2018	Uruguay	Uruguay	LAC
143	#00BFC4	16.45783043	2019	Uruguay	Uruguay	LAC
143	#00BFC4	16.5159893	2020	Uruguay	Uruguay	LAC
143	#00BFC4	17.35183907	2021	Uruguay	Uruguay	LAC
143	#00BFC4	17.35183907	2022	Uruguay	Uruguay	LAC
146	#00BFC4	10.27801037	1990	Venezuela (Bolivarian Republic of)	Venezuela (Bolivarian Republic of)	LAC
146	#00BFC4	10.53991032	1991	Venezuela (Bolivarian Republic of)	Venezuela (Bolivarian Republic of)	LAC
146	#00BFC4	10.67339039	1992	Venezuela (Bolivarian Republic of)	Venezuela (Bolivarian Republic of)	LAC
146	#00BFC4	10.6458478	1993	Venezuela (Bolivarian Republic of)	Venezuela (Bolivarian Republic of)	LAC
146	#00BFC4	10.61830521	1994	Venezuela (Bolivarian Republic of)	Venezuela (Bolivarian Republic of)	LAC
146	#00BFC4	10.59076262	1995	Venezuela (Bolivarian Republic of)	Venezuela (Bolivarian Republic of)	LAC
146	#00BFC4	10.56322002	1996	Venezuela (Bolivarian Republic of)	Venezuela (Bolivarian Republic of)	LAC
146	#00BFC4	10.53567743	1997	Venezuela (Bolivarian Republic of)	Venezuela (Bolivarian Republic of)	LAC
146	#00BFC4	10.50813484	1998	Venezuela (Bolivarian Republic of)	Venezuela (Bolivarian Republic of)	LAC
146	#00BFC4	10.48059225	1999	Venezuela (Bolivarian Republic of)	Venezuela (Bolivarian Republic of)	LAC
146	#00BFC4	10.45304966	2000	Venezuela (Bolivarian Republic of)	Venezuela (Bolivarian Republic of)	LAC
146	#00BFC4	11.04607487	2001	Venezuela (Bolivarian Republic of)	Venezuela (Bolivarian Republic of)	LAC
146	#00BFC4	11.63910007	2002	Venezuela (Bolivarian Republic of)	Venezuela (Bolivarian Republic of)	LAC
146	#00BFC4	11.66431999	2003	Venezuela (Bolivarian Republic of)	Venezuela (Bolivarian Republic of)	LAC
146	#00BFC4	11.8837204	2004	Venezuela (Bolivarian Republic of)	Venezuela (Bolivarian Republic of)	LAC
146	#00BFC4	12.42912769	2005	Venezuela (Bolivarian Republic of)	Venezuela (Bolivarian Republic of)	LAC
146	#00BFC4	12.97453499	2006	Venezuela (Bolivarian Republic of)	Venezuela (Bolivarian Republic of)	LAC
146	#00BFC4	13.51994228	2007	Venezuela (Bolivarian Republic of)	Venezuela (Bolivarian Republic of)	LAC
146	#00BFC4	14.06534958	2008	Venezuela (Bolivarian Republic of)	Venezuela (Bolivarian Republic of)	LAC
146	#00BFC4	14.1207304	2009	Venezuela (Bolivarian Republic of)	Venezuela (Bolivarian Republic of)	LAC
146	#00BFC4	14.0765901	2010	Venezuela (Bolivarian Republic of)	Venezuela (Bolivarian Republic of)	LAC
146	#00BFC4	14.03258778	2011	Venezuela (Bolivarian Republic of)	Venezuela (Bolivarian Republic of)	LAC
146	#00BFC4	13.98872301	2012	Venezuela (Bolivarian Republic of)	Venezuela (Bolivarian Republic of)	LAC
146	#00BFC4	13.94499536	2013	Venezuela (Bolivarian Republic of)	Venezuela (Bolivarian Republic of)	LAC
146	#00BFC4	13.90126771	2014	Venezuela (Bolivarian Republic of)	Venezuela (Bolivarian Republic of)	LAC
146	#00BFC4	13.85754005	2015	Venezuela (Bolivarian Republic of)	Venezuela (Bolivarian Republic of)	LAC
146	#00BFC4	13.8138124	2016	Venezuela (Bolivarian Republic of)	Venezuela (Bolivarian Republic of)	LAC
146	#00BFC4	13.77008475	2017	Venezuela (Bolivarian Republic of)	Venezuela (Bolivarian Republic of)	LAC
146	#00BFC4	13.68074459	2018	Venezuela (Bolivarian Republic of)	Venezuela (Bolivarian Republic of)	LAC
146	#00BFC4	13.59140443	2019	Venezuela (Bolivarian Republic of)	Venezuela (Bolivarian Republic of)	LAC
146	#00BFC4	13.50206427	2020	Venezuela (Bolivarian Republic of)	Venezuela (Bolivarian Republic of)	LAC
146	#00BFC4	13.50206427	2021	Venezuela (Bolivarian Republic of)	Venezuela (Bolivarian Republic of)	LAC
146	#00BFC4	13.50206427	2022	Venezuela (Bolivarian Republic of)	Venezuela (Bolivarian Republic of)	LAC
147	#B79F00	7.688290119	1990	Viet Nam	Viet Nam	EAP
147	#B79F00	8.000851333	1991	Viet Nam	Viet Nam	EAP
147	#B79F00	8.313412547	1992	Viet Nam	Viet Nam	EAP
147	#B79F00	8.625973761	1993	Viet Nam	Viet Nam	EAP
147	#B79F00	8.938534975	1994	Viet Nam	Viet Nam	EAP
147	#B79F00	9.251096189	1995	Viet Nam	Viet Nam	EAP
147	#B79F00	9.563657403	1996	Viet Nam	Viet Nam	EAP
147	#B79F00	9.876218617	1997	Viet Nam	Viet Nam	EAP
147	#B79F00	10.18877983	1998	Viet Nam	Viet Nam	EAP
147	#B79F00	10.52868585	1999	Viet Nam	Viet Nam	EAP
147	#B79F00	10.86859187	2000	Viet Nam	Viet Nam	EAP
147	#B79F00	11.20849789	2001	Viet Nam	Viet Nam	EAP
147	#B79F00	11.54840391	2002	Viet Nam	Viet Nam	EAP
147	#B79F00	11.73630043	2003	Viet Nam	Viet Nam	EAP
147	#B79F00	11.92419696	2004	Viet Nam	Viet Nam	EAP
147	#B79F00	12.11209348	2005	Viet Nam	Viet Nam	EAP
147	#B79F00	12.29999	2006	Viet Nam	Viet Nam	EAP
147	#B79F00	12.353586	2007	Viet Nam	Viet Nam	EAP
147	#B79F00	12.407182	2008	Viet Nam	Viet Nam	EAP
147	#B79F00	12.460778	2009	Viet Nam	Viet Nam	EAP
147	#B79F00	12.514374	2010	Viet Nam	Viet Nam	EAP
147	#B79F00	12.56797	2011	Viet Nam	Viet Nam	EAP
147	#B79F00	12.62082667	2012	Viet Nam	Viet Nam	EAP
147	#B79F00	12.67368333	2013	Viet Nam	Viet Nam	EAP
147	#B79F00	12.72654	2014	Viet Nam	Viet Nam	EAP
147	#B79F00	12.78036876	2015	Viet Nam	Viet Nam	EAP
147	#B79F00	12.8344252	2016	Viet Nam	Viet Nam	EAP
147	#B79F00	12.88871028	2017	Viet Nam	Viet Nam	EAP
147	#B79F00	12.94322497	2018	Viet Nam	Viet Nam	EAP
147	#B79F00	12.99797023	2019	Viet Nam	Viet Nam	EAP
147	#B79F00	13.05294705	2020	Viet Nam	Viet Nam	EAP
147	#B79F00	13.05294705	2021	Viet Nam	Viet Nam	EAP
147	#B79F00	13.05294705	2022	Viet Nam	Viet Nam	EAP
148	#F8766D	5.393598749	1990	Yemen	Yemen	AS
148	#F8766D	5.551342272	1991	Yemen	Yemen	AS
148	#F8766D	5.71369923	1992	Yemen	Yemen	AS
148	#F8766D	5.880804551	1993	Yemen	Yemen	AS
148	#F8766D	6.052797106	1994	Yemen	Yemen	AS
148	#F8766D	6.229819829	1995	Yemen	Yemen	AS
148	#F8766D	6.412019836	1996	Yemen	Yemen	AS
148	#F8766D	6.599548543	1997	Yemen	Yemen	AS
148	#F8766D	6.792561796	1998	Yemen	Yemen	AS
148	#F8766D	6.991219997	1999	Yemen	Yemen	AS
148	#F8766D	7.207654953	2000	Yemen	Yemen	AS
148	#F8766D	7.424089909	2001	Yemen	Yemen	AS
148	#F8766D	7.640524864	2002	Yemen	Yemen	AS
148	#F8766D	7.85695982	2003	Yemen	Yemen	AS
148	#F8766D	8.075110435	2004	Yemen	Yemen	AS
148	#F8766D	8.133910179	2005	Yemen	Yemen	AS
148	#F8766D	8.045473417	2006	Yemen	Yemen	AS
148	#F8766D	7.957036654	2007	Yemen	Yemen	AS
148	#F8766D	7.868599892	2008	Yemen	Yemen	AS
148	#F8766D	7.943425179	2009	Yemen	Yemen	AS
148	#F8766D	8.018250465	2010	Yemen	Yemen	AS
148	#F8766D	8.368570328	2011	Yemen	Yemen	AS
148	#F8766D	8.288971821	2012	Yemen	Yemen	AS
148	#F8766D	8.210130423	2013	Yemen	Yemen	AS
148	#F8766D	8.131289025	2014	Yemen	Yemen	AS
148	#F8766D	8.052447627	2015	Yemen	Yemen	AS
148	#F8766D	7.973606229	2016	Yemen	Yemen	AS
148	#F8766D	7.894764831	2017	Yemen	Yemen	AS
148	#F8766D	7.908281002	2018	Yemen	Yemen	AS
148	#F8766D	7.921797174	2019	Yemen	Yemen	AS
148	#F8766D	7.935313345	2020	Yemen	Yemen	AS
148	#F8766D	7.935313345	2021	Yemen	Yemen	AS
148	#F8766D	7.935313345	2022	Yemen	Yemen	AS
149	#F564E3	7.79542017	1990	Zambia	Zambia	SSA
149	#F564E3	7.854483475	1991	Zambia	Zambia	SSA
149	#F564E3	7.91354678	1992	Zambia	Zambia	SSA
149	#F564E3	7.972610085	1993	Zambia	Zambia	SSA
149	#F564E3	8.03167339	1994	Zambia	Zambia	SSA
149	#F564E3	8.090736695	1995	Zambia	Zambia	SSA
149	#F564E3	8.1498	1996	Zambia	Zambia	SSA
149	#F564E3	8.252778915	1997	Zambia	Zambia	SSA
149	#F564E3	8.355757831	1998	Zambia	Zambia	SSA
149	#F564E3	8.458736746	1999	Zambia	Zambia	SSA
149	#F564E3	8.561715662	2000	Zambia	Zambia	SSA
149	#F564E3	8.664694577	2001	Zambia	Zambia	SSA
149	#F564E3	8.767673492	2002	Zambia	Zambia	SSA
149	#F564E3	9.211090851	2003	Zambia	Zambia	SSA
149	#F564E3	9.654508209	2004	Zambia	Zambia	SSA
149	#F564E3	10.09792557	2005	Zambia	Zambia	SSA
149	#F564E3	10.54134293	2006	Zambia	Zambia	SSA
149	#F564E3	10.98476028	2007	Zambia	Zambia	SSA
149	#F564E3	10.98731341	2008	Zambia	Zambia	SSA
149	#F564E3	10.98986653	2009	Zambia	Zambia	SSA
149	#F564E3	10.99241965	2010	Zambia	Zambia	SSA
149	#F564E3	10.99497277	2011	Zambia	Zambia	SSA
149	#F564E3	10.9975259	2012	Zambia	Zambia	SSA
149	#F564E3	11.00007902	2013	Zambia	Zambia	SSA
149	#F564E3	11.00263214	2014	Zambia	Zambia	SSA
149	#F564E3	11.00518704	2015	Zambia	Zambia	SSA
149	#F564E3	11.00774254	2016	Zambia	Zambia	SSA
149	#F564E3	11.01029862	2017	Zambia	Zambia	SSA
149	#F564E3	11.01285531	2018	Zambia	Zambia	SSA
149	#F564E3	11.01541258	2019	Zambia	Zambia	SSA
149	#F564E3	11.01797045	2020	Zambia	Zambia	SSA
149	#F564E3	11.01797045	2021	Zambia	Zambia	SSA
149	#F564E3	11.01797045	2022	Zambia	Zambia	SSA
150	#F564E3	9.529560089	1990	Zimbabwe	Zimbabwe	SSA
150	#F564E3	9.931150436	1991	Zimbabwe	Zimbabwe	SSA
150	#F564E3	9.542510033	1992	Zimbabwe	Zimbabwe	SSA
150	#F564E3	9.644214358	1993	Zimbabwe	Zimbabwe	SSA
150	#F564E3	9.745918683	1994	Zimbabwe	Zimbabwe	SSA
150	#F564E3	9.847623008	1995	Zimbabwe	Zimbabwe	SSA
150	#F564E3	9.949327333	1996	Zimbabwe	Zimbabwe	SSA
150	#F564E3	10.05103166	1997	Zimbabwe	Zimbabwe	SSA
150	#F564E3	10.15273598	1998	Zimbabwe	Zimbabwe	SSA
150	#F564E3	10.25444031	1999	Zimbabwe	Zimbabwe	SSA
150	#F564E3	10.41816044	2000	Zimbabwe	Zimbabwe	SSA
150	#F564E3	10.91864014	2001	Zimbabwe	Zimbabwe	SSA
150	#F564E3	10.52871037	2002	Zimbabwe	Zimbabwe	SSA
150	#F564E3	10.28876972	2003	Zimbabwe	Zimbabwe	SSA
150	#F564E3	10.3613898	2004	Zimbabwe	Zimbabwe	SSA
150	#F564E3	10.43400987	2005	Zimbabwe	Zimbabwe	SSA
150	#F564E3	10.50662994	2006	Zimbabwe	Zimbabwe	SSA
150	#F564E3	10.57925002	2007	Zimbabwe	Zimbabwe	SSA
150	#F564E3	10.65187009	2008	Zimbabwe	Zimbabwe	SSA
150	#F564E3	10.72449017	2009	Zimbabwe	Zimbabwe	SSA
150	#F564E3	10.79711024	2010	Zimbabwe	Zimbabwe	SSA
150	#F564E3	10.86973031	2011	Zimbabwe	Zimbabwe	SSA
150	#F564E3	10.94235039	2012	Zimbabwe	Zimbabwe	SSA
150	#F564E3	10.80508041	2013	Zimbabwe	Zimbabwe	SSA
150	#F564E3	10.83630927	2014	Zimbabwe	Zimbabwe	SSA
150	#F564E3	10.86762838	2015	Zimbabwe	Zimbabwe	SSA
150	#F564E3	10.89903801	2016	Zimbabwe	Zimbabwe	SSA
150	#F564E3	10.93053842	2017	Zimbabwe	Zimbabwe	SSA
150	#F564E3	10.96212987	2018	Zimbabwe	Zimbabwe	SSA
150	#F564E3	10.99381263	2019	Zimbabwe	Zimbabwe	SSA
150	#F564E3	11.02558696	2020	Zimbabwe	Zimbabwe	SSA
150	#F564E3	11.02558696	2021	Zimbabwe	Zimbabwe	SSA
150	#F564E3	11.02558696	2022	Zimbabwe	Zimbabwe	SSA
8	#00BA38	11.47485582	1995	Azerbaijan	Azerbaijan	ECA
8	#00BA38	11.55033249	1996	Azerbaijan	Azerbaijan	ECA
8	#00BA38	11.6263056	1997	Azerbaijan	Azerbaijan	ECA
8	#00BA38	11.70277844	1998	Azerbaijan	Azerbaijan	ECA
8	#00BA38	11.77975428	1999	Azerbaijan	Azerbaijan	ECA
8	#00BA38	11.85723644	2000	Azerbaijan	Azerbaijan	ECA
8	#00BA38	11.93522824	2001	Azerbaijan	Azerbaijan	ECA
8	#00BA38	12.01373303	2002	Azerbaijan	Azerbaijan	ECA
8	#00BA38	12.0927542	2003	Azerbaijan	Azerbaijan	ECA
8	#00BA38	12.17229513	2004	Azerbaijan	Azerbaijan	ECA
8	#00BA38	12.25235925	2005	Azerbaijan	Azerbaijan	ECA
8	#00BA38	12.33295	2006	Azerbaijan	Azerbaijan	ECA
8	#00BA38	12.41514501	2007	Azerbaijan	Azerbaijan	ECA
8	#00BA38	12.49734003	2008	Azerbaijan	Azerbaijan	ECA
8	#00BA38	12.57953504	2009	Azerbaijan	Azerbaijan	ECA
8	#00BA38	12.66173005	2010	Azerbaijan	Azerbaijan	ECA
8	#00BA38	12.74392507	2011	Azerbaijan	Azerbaijan	ECA
8	#00BA38	12.82612008	2012	Azerbaijan	Azerbaijan	ECA
8	#00BA38	12.90831509	2013	Azerbaijan	Azerbaijan	ECA
8	#00BA38	12.99051011	2014	Azerbaijan	Azerbaijan	ECA
8	#00BA38	13.07270512	2015	Azerbaijan	Azerbaijan	ECA
8	#00BA38	13.15490013	2016	Azerbaijan	Azerbaijan	ECA
8	#00BA38	13.23709515	2017	Azerbaijan	Azerbaijan	ECA
8	#00BA38	13.31929016	2018	Azerbaijan	Azerbaijan	ECA
8	#00BA38	13.48124027	2019	Azerbaijan	Azerbaijan	ECA
8	#00BA38	12.63204002	2020	Azerbaijan	Azerbaijan	ECA
8	#00BA38	12.67770004	2021	Azerbaijan	Azerbaijan	ECA
8	#00BA38	12.71063042	2022	Azerbaijan	Azerbaijan	ECA
13	#00BA38	12.00144958	1995	Belarus	Belarus	ECA
13	#00BA38	12.36343956	1996	Belarus	Belarus	ECA
13	#00BA38	12.48472023	1997	Belarus	Belarus	ECA
13	#00BA38	12.49038982	1998	Belarus	Belarus	ECA
13	#00BA38	12.7841938	1999	Belarus	Belarus	ECA
13	#00BA38	13.07799778	2000	Belarus	Belarus	ECA
13	#00BA38	13.37180176	2001	Belarus	Belarus	ECA
13	#00BA38	13.66560574	2002	Belarus	Belarus	ECA
13	#00BA38	13.95940971	2003	Belarus	Belarus	ECA
13	#00BA38	14.25321369	2004	Belarus	Belarus	ECA
13	#00BA38	14.54701767	2005	Belarus	Belarus	ECA
13	#00BA38	14.84082165	2006	Belarus	Belarus	ECA
13	#00BA38	15.13462563	2007	Belarus	Belarus	ECA
13	#00BA38	15.4284296	2008	Belarus	Belarus	ECA
13	#00BA38	15.51830006	2009	Belarus	Belarus	ECA
13	#00BA38	15.55224037	2010	Belarus	Belarus	ECA
13	#00BA38	15.69522953	2011	Belarus	Belarus	ECA
13	#00BA38	15.77573967	2012	Belarus	Belarus	ECA
13	#00BA38	15.57808018	2013	Belarus	Belarus	ECA
13	#00BA38	15.41368008	2014	Belarus	Belarus	ECA
13	#00BA38	15.26385021	2015	Belarus	Belarus	ECA
13	#00BA38	15.18873024	2016	Belarus	Belarus	ECA
13	#00BA38	15.00545025	2017	Belarus	Belarus	ECA
13	#00BA38	14.67171001	2018	Belarus	Belarus	ECA
13	#00BA38	14.40011024	2019	Belarus	Belarus	ECA
13	#00BA38	14.26484013	2020	Belarus	Belarus	ECA
13	#00BA38	14.19456005	2021	Belarus	Belarus	ECA
13	#00BA38	13.98153019	2022	Belarus	Belarus	ECA
38	#F8766D	2.83547008	1995	Djibouti	Djibouti	AS
38	#F8766D	2.960400105	1996	Djibouti	Djibouti	AS
38	#F8766D	3.059509993	1997	Djibouti	Djibouti	AS
38	#F8766D	3.082350016	1998	Djibouti	Djibouti	AS
38	#F8766D	3.105190039	1999	Djibouti	Djibouti	AS
38	#F8766D	3.053519964	2000	Djibouti	Djibouti	AS
38	#F8766D	3.432120085	2001	Djibouti	Djibouti	AS
38	#F8766D	3.578700066	2002	Djibouti	Djibouti	AS
38	#F8766D	3.835530043	2003	Djibouti	Djibouti	AS
38	#F8766D	4.09236002	2004	Djibouti	Djibouti	AS
38	#F8766D	4.365839958	2005	Djibouti	Djibouti	AS
38	#F8766D	4.47743988	2006	Djibouti	Djibouti	AS
38	#F8766D	4.811220169	2007	Djibouti	Djibouti	AS
38	#F8766D	5.007369995	2008	Djibouti	Djibouti	AS
38	#F8766D	5.117800236	2009	Djibouti	Djibouti	AS
38	#F8766D	5.315545082	2010	Djibouti	Djibouti	AS
38	#F8766D	5.513289928	2011	Djibouti	Djibouti	AS
38	#F8766D	5.748387411	2012	Djibouti	Djibouti	AS
38	#F8766D	5.993509911	2013	Djibouti	Djibouti	AS
38	#F8766D	6.249084915	2014	Djibouti	Djibouti	AS
38	#F8766D	6.515558137	2015	Djibouti	Djibouti	AS
38	#F8766D	6.7933943	2016	Djibouti	Djibouti	AS
38	#F8766D	7.083077941	2017	Djibouti	Djibouti	AS
38	#F8766D	7.38511426	2018	Djibouti	Djibouti	AS
38	#F8766D	7.700029999	2019	Djibouti	Djibouti	AS
38	#F8766D	8.028374362	2020	Djibouti	Djibouti	AS
38	#F8766D	8.028374362	2021	Djibouti	Djibouti	AS
38	#F8766D	8.028374362	2022	Djibouti	Djibouti	AS
79	#619CFF	9.679223577	1995	Maldives	Maldives	SA
79	#619CFF	9.94855838	1996	Maldives	Maldives	SA
79	#619CFF	10.22538771	1997	Maldives	Maldives	SA
79	#619CFF	10.50992012	1998	Maldives	Maldives	SA
79	#619CFF	11.32818031	1999	Maldives	Maldives	SA
79	#619CFF	11.83312988	2000	Maldives	Maldives	SA
79	#619CFF	11.9653101	2001	Maldives	Maldives	SA
79	#619CFF	11.62115955	2002	Maldives	Maldives	SA
79	#619CFF	12.01966953	2003	Maldives	Maldives	SA
79	#619CFF	12.02897894	2004	Maldives	Maldives	SA
79	#619CFF	12.03828835	2005	Maldives	Maldives	SA
79	#619CFF	12.04759777	2006	Maldives	Maldives	SA
79	#619CFF	12.05690718	2007	Maldives	Maldives	SA
79	#619CFF	12.06621659	2008	Maldives	Maldives	SA
79	#619CFF	12.075526	2009	Maldives	Maldives	SA
79	#619CFF	12.08483541	2010	Maldives	Maldives	SA
79	#619CFF	12.09414482	2011	Maldives	Maldives	SA
79	#619CFF	12.10345423	2012	Maldives	Maldives	SA
79	#619CFF	12.11276364	2013	Maldives	Maldives	SA
79	#619CFF	12.12207305	2014	Maldives	Maldives	SA
79	#619CFF	12.13138247	2015	Maldives	Maldives	SA
79	#619CFF	12.14069188	2016	Maldives	Maldives	SA
79	#619CFF	12.15000129	2017	Maldives	Maldives	SA
79	#619CFF	12.1593107	2018	Maldives	Maldives	SA
79	#619CFF	12.16862011	2019	Maldives	Maldives	SA
79	#619CFF	12.17795095	2020	Maldives	Maldives	SA
79	#619CFF	12.17795095	2021	Maldives	Maldives	SA
79	#619CFF	12.17795095	2022	Maldives	Maldives	SA
98	#00BA38	11.13234997	1995	North Macedonia	North Macedonia	ECA
98	#00BA38	11.16586018	1996	North Macedonia	North Macedonia	ECA
98	#00BA38	11.17652035	1997	North Macedonia	North Macedonia	ECA
98	#00BA38	11.28462029	1998	North Macedonia	North Macedonia	ECA
98	#00BA38	11.45849991	1999	North Macedonia	North Macedonia	ECA
98	#00BA38	11.62119961	2000	North Macedonia	North Macedonia	ECA
98	#00BA38	11.70983982	2001	North Macedonia	North Macedonia	ECA
98	#00BA38	11.70652008	2002	North Macedonia	North Macedonia	ECA
98	#00BA38	11.68556023	2003	North Macedonia	North Macedonia	ECA
98	#00BA38	11.65237045	2004	North Macedonia	North Macedonia	ECA
98	#00BA38	11.76284981	2005	North Macedonia	North Macedonia	ECA
98	#00BA38	11.81825495	2006	North Macedonia	North Macedonia	ECA
98	#00BA38	11.87366009	2007	North Macedonia	North Macedonia	ECA
98	#00BA38	12.67469025	2008	North Macedonia	North Macedonia	ECA
98	#00BA38	12.58216	2009	North Macedonia	North Macedonia	ECA
98	#00BA38	12.52130032	2010	North Macedonia	North Macedonia	ECA
98	#00BA38	12.5962553	2011	North Macedonia	North Macedonia	ECA
98	#00BA38	12.67121029	2012	North Macedonia	North Macedonia	ECA
98	#00BA38	12.67346954	2013	North Macedonia	North Macedonia	ECA
98	#00BA38	12.66314983	2014	North Macedonia	North Macedonia	ECA
98	#00BA38	12.97245979	2015	North Macedonia	North Macedonia	ECA
98	#00BA38	13.0767951	2016	North Macedonia	North Macedonia	ECA
98	#00BA38	13.18113041	2017	North Macedonia	North Macedonia	ECA
98	#00BA38	13.04564953	2018	North Macedonia	North Macedonia	ECA
98	#00BA38	12.82404995	2019	North Macedonia	North Macedonia	ECA
98	#00BA38	12.81177998	2020	North Macedonia	North Macedonia	ECA
98	#00BA38	13.00483036	2021	North Macedonia	North Macedonia	ECA
98	#00BA38	13.00483036	2022	North Macedonia	North Macedonia	ECA
109	#F564E3	5.693183263	1995	Rwanda	Rwanda	SSA
109	#F564E3	5.681099892	1996	Rwanda	Rwanda	SSA
109	#F564E3	5.66901652	1997	Rwanda	Rwanda	SSA
109	#F564E3	5.656933149	1998	Rwanda	Rwanda	SSA
109	#F564E3	5.644849777	1999	Rwanda	Rwanda	SSA
109	#F564E3	6.472990036	2000	Rwanda	Rwanda	SSA
109	#F564E3	6.96875	2001	Rwanda	Rwanda	SSA
109	#F564E3	7.483439922	2002	Rwanda	Rwanda	SSA
109	#F564E3	8.123869896	2003	Rwanda	Rwanda	SSA
109	#F564E3	8.727230072	2004	Rwanda	Rwanda	SSA
109	#F564E3	9.165909767	2005	Rwanda	Rwanda	SSA
109	#F564E3	9.967000008	2006	Rwanda	Rwanda	SSA
109	#F564E3	10.40380955	2007	Rwanda	Rwanda	SSA
109	#F564E3	10.36229038	2008	Rwanda	Rwanda	SSA
109	#F564E3	10.8391304	2009	Rwanda	Rwanda	SSA
109	#F564E3	11.03831959	2010	Rwanda	Rwanda	SSA
109	#F564E3	11.20827961	2011	Rwanda	Rwanda	SSA
109	#F564E3	11.3453598	2012	Rwanda	Rwanda	SSA
109	#F564E3	11.05461025	2013	Rwanda	Rwanda	SSA
109	#F564E3	11.02917957	2014	Rwanda	Rwanda	SSA
109	#F564E3	10.63661003	2015	Rwanda	Rwanda	SSA
109	#F564E3	11.0656004	2016	Rwanda	Rwanda	SSA
109	#F564E3	11.11161041	2017	Rwanda	Rwanda	SSA
109	#F564E3	10.78695965	2018	Rwanda	Rwanda	SSA
109	#F564E3	10.85398006	2019	Rwanda	Rwanda	SSA
109	#F564E3	11.03049342	2020	Rwanda	Rwanda	SSA
109	#F564E3	11.20700677	2021	Rwanda	Rwanda	SSA
109	#F564E3	11.38352013	2022	Rwanda	Rwanda	SSA
113	#B79F00	11.6578	1995	Samoa	Samoa	EAP
113	#B79F00	11.6675	1996	Samoa	Samoa	EAP
113	#B79F00	11.6771	1997	Samoa	Samoa	EAP
113	#B79F00	11.68673992	1998	Samoa	Samoa	EAP
113	#B79F00	11.75737953	1999	Samoa	Samoa	EAP
113	#B79F00	11.60974026	2000	Samoa	Samoa	EAP
113	#B79F00	11.65107324	2001	Samoa	Samoa	EAP
113	#B79F00	11.69240623	2002	Samoa	Samoa	EAP
113	#B79F00	11.73373922	2003	Samoa	Samoa	EAP
113	#B79F00	11.77507221	2004	Samoa	Samoa	EAP
113	#B79F00	11.81640519	2005	Samoa	Samoa	EAP
113	#B79F00	11.85773818	2006	Samoa	Samoa	EAP
113	#B79F00	11.89907117	2007	Samoa	Samoa	EAP
113	#B79F00	11.94040415	2008	Samoa	Samoa	EAP
113	#B79F00	11.98173714	2009	Samoa	Samoa	EAP
113	#B79F00	12.02307013	2010	Samoa	Samoa	EAP
113	#B79F00	12.06440312	2011	Samoa	Samoa	EAP
113	#B79F00	12.1057361	2012	Samoa	Samoa	EAP
113	#B79F00	12.14706909	2013	Samoa	Samoa	EAP
113	#B79F00	12.18840208	2014	Samoa	Samoa	EAP
113	#B79F00	12.22973506	2015	Samoa	Samoa	EAP
113	#B79F00	12.27106805	2016	Samoa	Samoa	EAP
113	#B79F00	12.31240104	2017	Samoa	Samoa	EAP
113	#B79F00	12.35373403	2018	Samoa	Samoa	EAP
113	#B79F00	12.39506701	2019	Samoa	Samoa	EAP
113	#B79F00	12.4364	2020	Samoa	Samoa	EAP
113	#B79F00	12.4364	2021	Samoa	Samoa	EAP
113	#B79F00	12.4364	2022	Samoa	Samoa	EAP
117	#00BA38	12.74917805	1995	Serbia	Serbia	ECA
117	#00BA38	12.80613509	1996	Serbia	Serbia	ECA
117	#00BA38	12.86334659	1997	Serbia	Serbia	ECA
117	#00BA38	12.92081367	1998	Serbia	Serbia	ECA
117	#00BA38	12.9785375	1999	Serbia	Serbia	ECA
117	#00BA38	13.0365192	2000	Serbia	Serbia	ECA
117	#00BA38	13.09475994	2001	Serbia	Serbia	ECA
117	#00BA38	12.88265991	2002	Serbia	Serbia	ECA
117	#00BA38	12.99446011	2003	Serbia	Serbia	ECA
117	#00BA38	13.03594971	2004	Serbia	Serbia	ECA
117	#00BA38	13.28215027	2005	Serbia	Serbia	ECA
117	#00BA38	13.38545036	2006	Serbia	Serbia	ECA
117	#00BA38	13.43262959	2007	Serbia	Serbia	ECA
117	#00BA38	13.5662899	2008	Serbia	Serbia	ECA
117	#00BA38	13.63965034	2009	Serbia	Serbia	ECA
117	#00BA38	13.54881954	2010	Serbia	Serbia	ECA
117	#00BA38	13.57139969	2011	Serbia	Serbia	ECA
117	#00BA38	14.13745022	2012	Serbia	Serbia	ECA
117	#00BA38	14.27927017	2013	Serbia	Serbia	ECA
117	#00BA38	14.35466003	2014	Serbia	Serbia	ECA
117	#00BA38	14.54675961	2015	Serbia	Serbia	ECA
117	#00BA38	14.65950966	2016	Serbia	Serbia	ECA
117	#00BA38	14.80344963	2017	Serbia	Serbia	ECA
117	#00BA38	14.78874969	2018	Serbia	Serbia	ECA
117	#00BA38	14.72663021	2019	Serbia	Serbia	ECA
117	#00BA38	14.48388004	2020	Serbia	Serbia	ECA
117	#00BA38	14.48408985	2021	Serbia	Serbia	ECA
117	#00BA38	14.50444031	2022	Serbia	Serbia	ECA
4	#F564E3	4.39485838	1999	Angola	Angola	SSA
4	#F564E3	4.82183675	2000	Angola	Angola	SSA
4	#F564E3	5.248815119	2001	Angola	Angola	SSA
4	#F564E3	5.675793489	2002	Angola	Angola	SSA
4	#F564E3	6.102771858	2003	Angola	Angola	SSA
4	#F564E3	6.529750228	2004	Angola	Angola	SSA
4	#F564E3	6.956728597	2005	Angola	Angola	SSA
4	#F564E3	7.383706967	2006	Angola	Angola	SSA
4	#F564E3	7.810685337	2007	Angola	Angola	SSA
4	#F564E3	8.237663706	2008	Angola	Angola	SSA
4	#F564E3	8.664642076	2009	Angola	Angola	SSA
4	#F564E3	9.091620445	2010	Angola	Angola	SSA
4	#F564E3	10.07281971	2011	Angola	Angola	SSA
4	#F564E3	10.4918	2012	Angola	Angola	SSA
4	#F564E3	10.9107	2013	Angola	Angola	SSA
4	#F564E3	11.3297	2014	Angola	Angola	SSA
4	#F564E3	11.7487	2015	Angola	Angola	SSA
4	#F564E3	12.16763687	2016	Angola	Angola	SSA
4	#F564E3	12.1676	2017	Angola	Angola	SSA
4	#F564E3	12.1676	2018	Angola	Angola	SSA
4	#F564E3	12.1676	2019	Angola	Angola	SSA
4	#F564E3	12.1676	2020	Angola	Angola	SSA
4	#F564E3	12.1676	2021	Angola	Angola	SSA
4	#F564E3	12.1676	2022	Angola	Angola	SSA
22	#F564E3	3.284130096	1999	Burkina Faso	Burkina Faso	SSA
22	#F564E3	3.367840052	2000	Burkina Faso	Burkina Faso	SSA
22	#F564E3	3.451550007	2001	Burkina Faso	Burkina Faso	SSA
22	#F564E3	3.60710001	2002	Burkina Faso	Burkina Faso	SSA
22	#F564E3	3.762650013	2003	Burkina Faso	Burkina Faso	SSA
22	#F564E3	4.13158989	2004	Burkina Faso	Burkina Faso	SSA
22	#F564E3	4.500529766	2005	Burkina Faso	Burkina Faso	SSA
22	#F564E3	4.778759956	2006	Burkina Faso	Burkina Faso	SSA
22	#F564E3	5.230929852	2007	Burkina Faso	Burkina Faso	SSA
22	#F564E3	5.70442009	2008	Burkina Faso	Burkina Faso	SSA
22	#F564E3	6.131499767	2009	Burkina Faso	Burkina Faso	SSA
22	#F564E3	6.557330132	2010	Burkina Faso	Burkina Faso	SSA
22	#F564E3	7.003349781	2011	Burkina Faso	Burkina Faso	SSA
22	#F564E3	7.300139904	2012	Burkina Faso	Burkina Faso	SSA
22	#F564E3	7.544000149	2013	Burkina Faso	Burkina Faso	SSA
22	#F564E3	7.676040173	2014	Burkina Faso	Burkina Faso	SSA
22	#F564E3	8.038040161	2015	Burkina Faso	Burkina Faso	SSA
22	#F564E3	8.267219543	2016	Burkina Faso	Burkina Faso	SSA
22	#F564E3	8.615460396	2017	Burkina Faso	Burkina Faso	SSA
22	#F564E3	8.947930336	2018	Burkina Faso	Burkina Faso	SSA
22	#F564E3	8.913680077	2019	Burkina Faso	Burkina Faso	SSA
22	#F564E3	8.777890205	2020	Burkina Faso	Burkina Faso	SSA
22	#F564E3	8.733340263	2021	Burkina Faso	Burkina Faso	SSA
22	#F564E3	8.091560364	2022	Burkina Faso	Burkina Faso	SSA
74	#F564E3	8.424929619	1999	Liberia	Liberia	SSA
74	#F564E3	10.43476963	2000	Liberia	Liberia	SSA
74	#F564E3	10.36094625	2001	Liberia	Liberia	SSA
74	#F564E3	10.28712286	2002	Liberia	Liberia	SSA
74	#F564E3	10.21329948	2003	Liberia	Liberia	SSA
74	#F564E3	10.13947609	2004	Liberia	Liberia	SSA
74	#F564E3	10.06565271	2005	Liberia	Liberia	SSA
74	#F564E3	9.991829327	2006	Liberia	Liberia	SSA
74	#F564E3	9.918005943	2007	Liberia	Liberia	SSA
74	#F564E3	9.923764547	2008	Liberia	Liberia	SSA
74	#F564E3	9.92952315	2009	Liberia	Liberia	SSA
74	#F564E3	9.935281754	2010	Liberia	Liberia	SSA
74	#F564E3	9.941040357	2011	Liberia	Liberia	SSA
74	#F564E3	9.94679896	2012	Liberia	Liberia	SSA
74	#F564E3	9.952557564	2013	Liberia	Liberia	SSA
74	#F564E3	10.02588558	2014	Liberia	Liberia	SSA
74	#F564E3	10.0992136	2015	Liberia	Liberia	SSA
74	#F564E3	10.17254162	2016	Liberia	Liberia	SSA
74	#F564E3	10.24586964	2017	Liberia	Liberia	SSA
74	#F564E3	10.31919765	2018	Liberia	Liberia	SSA
74	#F564E3	10.39252567	2019	Liberia	Liberia	SSA
74	#F564E3	10.46585369	2020	Liberia	Liberia	SSA
74	#F564E3	10.46585369	2021	Liberia	Liberia	SSA
74	#F564E3	10.46585369	2022	Liberia	Liberia	SSA
76	#F564E3	7.648184013	1999	Madagascar	Madagascar	SSA
76	#F564E3	7.8235267	2000	Madagascar	Madagascar	SSA
76	#F564E3	7.998869387	2001	Madagascar	Madagascar	SSA
76	#F564E3	8.174212074	2002	Madagascar	Madagascar	SSA
76	#F564E3	8.349554761	2003	Madagascar	Madagascar	SSA
76	#F564E3	8.524897448	2004	Madagascar	Madagascar	SSA
76	#F564E3	8.700240135	2005	Madagascar	Madagascar	SSA
76	#F564E3	8.78221035	2006	Madagascar	Madagascar	SSA
76	#F564E3	9.072059631	2007	Madagascar	Madagascar	SSA
76	#F564E3	9.417539597	2008	Madagascar	Madagascar	SSA
76	#F564E3	9.907520294	2009	Madagascar	Madagascar	SSA
76	#F564E3	9.911525249	2010	Madagascar	Madagascar	SSA
76	#F564E3	9.915530205	2011	Madagascar	Madagascar	SSA
76	#F564E3	10.08837032	2012	Madagascar	Madagascar	SSA
76	#F564E3	10.14561033	2013	Madagascar	Madagascar	SSA
76	#F564E3	10.20285034	2014	Madagascar	Madagascar	SSA
76	#F564E3	10.31361961	2015	Madagascar	Madagascar	SSA
76	#F564E3	10.13768959	2016	Madagascar	Madagascar	SSA
76	#F564E3	10.00907993	2017	Madagascar	Madagascar	SSA
76	#F564E3	9.880470276	2018	Madagascar	Madagascar	SSA
76	#F564E3	9.36977005	2019	Madagascar	Madagascar	SSA
76	#F564E3	9.213435879	2020	Madagascar	Madagascar	SSA
76	#F564E3	9.213435879	2021	Madagascar	Madagascar	SSA
76	#F564E3	9.213435879	2022	Madagascar	Madagascar	SSA
121	#B79F00	6.91230011	1999	Solomon Islands	Solomon Islands	EAP
121	#B79F00	6.390880108	2000	Solomon Islands	Solomon Islands	EAP
121	#B79F00	7.059065104	2001	Solomon Islands	Solomon Islands	EAP
121	#B79F00	7.727250099	2002	Solomon Islands	Solomon Islands	EAP
121	#B79F00	7.904266675	2003	Solomon Islands	Solomon Islands	EAP
121	#B79F00	8.081283251	2004	Solomon Islands	Solomon Islands	EAP
121	#B79F00	8.258299828	2005	Solomon Islands	Solomon Islands	EAP
121	#B79F00	8.841079712	2006	Solomon Islands	Solomon Islands	EAP
121	#B79F00	9.032790184	2007	Solomon Islands	Solomon Islands	EAP
121	#B79F00	9.547706842	2008	Solomon Islands	Solomon Islands	EAP
121	#B79F00	10.0626235	2009	Solomon Islands	Solomon Islands	EAP
121	#B79F00	10.57754016	2010	Solomon Islands	Solomon Islands	EAP
121	#B79F00	10.68508005	2011	Solomon Islands	Solomon Islands	EAP
121	#B79F00	10.52020001	2012	Solomon Islands	Solomon Islands	EAP
121	#B79F00	10.49251058	2013	Solomon Islands	Solomon Islands	EAP
121	#B79F00	10.46489402	2014	Solomon Islands	Solomon Islands	EAP
121	#B79F00	10.43735016	2015	Solomon Islands	Solomon Islands	EAP
121	#B79F00	10.40987878	2016	Solomon Islands	Solomon Islands	EAP
121	#B79F00	10.38247972	2017	Solomon Islands	Solomon Islands	EAP
121	#B79F00	10.35515276	2018	Solomon Islands	Solomon Islands	EAP
121	#B79F00	10.32789774	2019	Solomon Islands	Solomon Islands	EAP
121	#B79F00	10.30071445	2020	Solomon Islands	Solomon Islands	EAP
121	#B79F00	10.30071445	2021	Solomon Islands	Solomon Islands	EAP
121	#B79F00	10.30071445	2022	Solomon Islands	Solomon Islands	EAP
18	#00BA38	11.2798642	2000	Bosnia and Herzegovina	Bosnia and Herzegovina	ECA
18	#00BA38	11.44111532	2001	Bosnia and Herzegovina	Bosnia and Herzegovina	ECA
18	#00BA38	11.6046716	2002	Bosnia and Herzegovina	Bosnia and Herzegovina	ECA
18	#00BA38	11.770566	2003	Bosnia and Herzegovina	Bosnia and Herzegovina	ECA
18	#00BA38	11.93883194	2004	Bosnia and Herzegovina	Bosnia and Herzegovina	ECA
18	#00BA38	12.10950332	2005	Bosnia and Herzegovina	Bosnia and Herzegovina	ECA
18	#00BA38	12.28261453	2006	Bosnia and Herzegovina	Bosnia and Herzegovina	ECA
18	#00BA38	12.45820045	2007	Bosnia and Herzegovina	Bosnia and Herzegovina	ECA
18	#00BA38	12.83283997	2008	Bosnia and Herzegovina	Bosnia and Herzegovina	ECA
18	#00BA38	12.91891003	2009	Bosnia and Herzegovina	Bosnia and Herzegovina	ECA
18	#00BA38	12.95133018	2010	Bosnia and Herzegovina	Bosnia and Herzegovina	ECA
18	#00BA38	13.18472958	2011	Bosnia and Herzegovina	Bosnia and Herzegovina	ECA
18	#00BA38	13.37152958	2012	Bosnia and Herzegovina	Bosnia and Herzegovina	ECA
18	#00BA38	13.61658955	2013	Bosnia and Herzegovina	Bosnia and Herzegovina	ECA
18	#00BA38	13.64599991	2014	Bosnia and Herzegovina	Bosnia and Herzegovina	ECA
18	#00BA38	13.62532043	2015	Bosnia and Herzegovina	Bosnia and Herzegovina	ECA
18	#00BA38	13.62438011	2016	Bosnia and Herzegovina	Bosnia and Herzegovina	ECA
18	#00BA38	13.62747002	2017	Bosnia and Herzegovina	Bosnia and Herzegovina	ECA
18	#00BA38	13.57777977	2018	Bosnia and Herzegovina	Bosnia and Herzegovina	ECA
18	#00BA38	13.44087029	2019	Bosnia and Herzegovina	Bosnia and Herzegovina	ECA
18	#00BA38	13.25508976	2020	Bosnia and Herzegovina	Bosnia and Herzegovina	ECA
18	#00BA38	13.2767601	2021	Bosnia and Herzegovina	Bosnia and Herzegovina	ECA
18	#00BA38	13.27705956	2022	Bosnia and Herzegovina	Bosnia and Herzegovina	ECA
24	#F564E3	10.89157009	2000	Cabo Verde	Cabo Verde	SSA
24	#F564E3	10.8199501	2001	Cabo Verde	Cabo Verde	SSA
24	#F564E3	11.17897034	2002	Cabo Verde	Cabo Verde	SSA
24	#F564E3	11.19349957	2003	Cabo Verde	Cabo Verde	SSA
24	#F564E3	11.11141014	2004	Cabo Verde	Cabo Verde	SSA
24	#F564E3	11.25413036	2005	Cabo Verde	Cabo Verde	SSA
24	#F564E3	11.96337986	2006	Cabo Verde	Cabo Verde	SSA
24	#F564E3	11.8509903	2007	Cabo Verde	Cabo Verde	SSA
24	#F564E3	12.01655006	2008	Cabo Verde	Cabo Verde	SSA
24	#F564E3	12.06690979	2009	Cabo Verde	Cabo Verde	SSA
24	#F564E3	12.31021023	2010	Cabo Verde	Cabo Verde	SSA
24	#F564E3	12.47877026	2011	Cabo Verde	Cabo Verde	SSA
24	#F564E3	12.40867043	2012	Cabo Verde	Cabo Verde	SSA
24	#F564E3	12.74475002	2013	Cabo Verde	Cabo Verde	SSA
24	#F564E3	12.62335968	2014	Cabo Verde	Cabo Verde	SSA
24	#F564E3	12.34346008	2015	Cabo Verde	Cabo Verde	SSA
24	#F564E3	12.26861	2016	Cabo Verde	Cabo Verde	SSA
24	#F564E3	12.11571026	2017	Cabo Verde	Cabo Verde	SSA
24	#F564E3	11.8648901	2018	Cabo Verde	Cabo Verde	SSA
24	#F564E3	11.69658292	2019	Cabo Verde	Cabo Verde	SSA
24	#F564E3	11.53066323	2020	Cabo Verde	Cabo Verde	SSA
24	#F564E3	11.53066323	2021	Cabo Verde	Cabo Verde	SSA
24	#F564E3	11.53066323	2022	Cabo Verde	Cabo Verde	SSA
28	#F564E3	4.895040035	2000	Chad	Chad	SSA
28	#F564E3	5.185319901	2001	Chad	Chad	SSA
28	#F564E3	5.484519958	2002	Chad	Chad	SSA
28	#F564E3	5.634170055	2003	Chad	Chad	SSA
28	#F564E3	5.705689907	2004	Chad	Chad	SSA
28	#F564E3	5.545400143	2005	Chad	Chad	SSA
28	#F564E3	5.810443401	2006	Chad	Chad	SSA
28	#F564E3	6.07548666	2007	Chad	Chad	SSA
28	#F564E3	6.340529919	2008	Chad	Chad	SSA
28	#F564E3	6.76913023	2009	Chad	Chad	SSA
28	#F564E3	6.771590233	2010	Chad	Chad	SSA
28	#F564E3	7.39041996	2011	Chad	Chad	SSA
28	#F564E3	7.583830039	2012	Chad	Chad	SSA
28	#F564E3	7.777240117	2013	Chad	Chad	SSA
28	#F564E3	7.970650196	2014	Chad	Chad	SSA
28	#F564E3	7.421199799	2015	Chad	Chad	SSA
28	#F564E3	7.568130703	2016	Chad	Chad	SSA
28	#F564E3	7.717970663	2017	Chad	Chad	SSA
28	#F564E3	7.870777277	2018	Chad	Chad	SSA
28	#F564E3	8.026609279	2019	Chad	Chad	SSA
28	#F564E3	8.185526568	2020	Chad	Chad	SSA
28	#F564E3	8.185526568	2021	Chad	Chad	SSA
28	#F564E3	8.185526568	2022	Chad	Chad	SSA
32	#F564E3	8.182189941	2000	Comoros	Comoros	SSA
32	#F564E3	8.464260101	2001	Comoros	Comoros	SSA
32	#F564E3	8.746330261	2002	Comoros	Comoros	SSA
32	#F564E3	9.028400421	2003	Comoros	Comoros	SSA
32	#F564E3	9.277261353	2004	Comoros	Comoros	SSA
32	#F564E3	9.526122284	2005	Comoros	Comoros	SSA
32	#F564E3	9.774983215	2006	Comoros	Comoros	SSA
32	#F564E3	10.02384415	2007	Comoros	Comoros	SSA
32	#F564E3	10.27270508	2008	Comoros	Comoros	SSA
32	#F564E3	10.52156601	2009	Comoros	Comoros	SSA
32	#F564E3	10.77042694	2010	Comoros	Comoros	SSA
32	#F564E3	11.01928787	2011	Comoros	Comoros	SSA
32	#F564E3	11.2681488	2012	Comoros	Comoros	SSA
32	#F564E3	11.51700974	2013	Comoros	Comoros	SSA
32	#F564E3	11.59805012	2014	Comoros	Comoros	SSA
32	#F564E3	11.82644926	2015	Comoros	Comoros	SSA
32	#F564E3	12.05934623	2016	Comoros	Comoros	SSA
32	#F564E3	12.29682963	2017	Comoros	Comoros	SSA
32	#F564E3	12.53898975	2018	Comoros	Comoros	SSA
32	#F564E3	12.78591871	2019	Comoros	Comoros	SSA
32	#F564E3	13.03771042	2020	Comoros	Comoros	SSA
32	#F564E3	13.03771042	2021	Comoros	Comoros	SSA
32	#F564E3	13.03771042	2022	Comoros	Comoros	SSA
39	#00BFC4	14.92225705	2000	Dominica	Dominica	LAC
39	#00BFC4	14.85053286	2001	Dominica	Dominica	LAC
39	#00BFC4	14.77915341	2002	Dominica	Dominica	LAC
39	#00BFC4	14.70811705	2003	Dominica	Dominica	LAC
39	#00BFC4	14.63742213	2004	Dominica	Dominica	LAC
39	#00BFC4	14.56706701	2005	Dominica	Dominica	LAC
39	#00BFC4	14.49705005	2006	Dominica	Dominica	LAC
39	#00BFC4	14.46536759	2007	Dominica	Dominica	LAC
39	#00BFC4	14.43368512	2008	Dominica	Dominica	LAC
39	#00BFC4	14.40200266	2009	Dominica	Dominica	LAC
39	#00BFC4	14.3703202	2010	Dominica	Dominica	LAC
39	#00BFC4	14.15099967	2011	Dominica	Dominica	LAC
39	#00BFC4	14.08298254	2012	Dominica	Dominica	LAC
39	#00BFC4	14.01529235	2013	Dominica	Dominica	LAC
39	#00BFC4	13.9479275	2014	Dominica	Dominica	LAC
39	#00BFC4	13.88088645	2015	Dominica	Dominica	LAC
39	#00BFC4	13.81416764	2016	Dominica	Dominica	LAC
39	#00BFC4	13.7477695	2017	Dominica	Dominica	LAC
39	#00BFC4	13.68169052	2018	Dominica	Dominica	LAC
39	#00BFC4	13.61592914	2019	Dominica	Dominica	LAC
39	#00BFC4	13.55048385	2020	Dominica	Dominica	LAC
39	#00BFC4	13.55048385	2021	Dominica	Dominica	LAC
39	#00BFC4	13.55048385	2022	Dominica	Dominica	LAC
44	#F564E3	6.095940113	2000	Equatorial Guinea	Equatorial Guinea	SSA
44	#F564E3	6.397709479	2001	Equatorial Guinea	Equatorial Guinea	SSA
44	#F564E3	6.699478844	2002	Equatorial Guinea	Equatorial Guinea	SSA
44	#F564E3	7.001248209	2003	Equatorial Guinea	Equatorial Guinea	SSA
44	#F564E3	7.303017575	2004	Equatorial Guinea	Equatorial Guinea	SSA
44	#F564E3	7.60478694	2005	Equatorial Guinea	Equatorial Guinea	SSA
44	#F564E3	7.906556306	2006	Equatorial Guinea	Equatorial Guinea	SSA
44	#F564E3	8.208325671	2007	Equatorial Guinea	Equatorial Guinea	SSA
44	#F564E3	8.510095037	2008	Equatorial Guinea	Equatorial Guinea	SSA
44	#F564E3	8.811864402	2009	Equatorial Guinea	Equatorial Guinea	SSA
44	#F564E3	9.113633768	2010	Equatorial Guinea	Equatorial Guinea	SSA
44	#F564E3	9.415403133	2011	Equatorial Guinea	Equatorial Guinea	SSA
44	#F564E3	9.717172499	2012	Equatorial Guinea	Equatorial Guinea	SSA
44	#F564E3	10.01894186	2013	Equatorial Guinea	Equatorial Guinea	SSA
44	#F564E3	10.32071123	2014	Equatorial Guinea	Equatorial Guinea	SSA
44	#F564E3	10.62248059	2015	Equatorial Guinea	Equatorial Guinea	SSA
44	#F564E3	10.92424996	2016	Equatorial Guinea	Equatorial Guinea	SSA
44	#F564E3	11.22601933	2017	Equatorial Guinea	Equatorial Guinea	SSA
44	#F564E3	11.52778869	2018	Equatorial Guinea	Equatorial Guinea	SSA
44	#F564E3	11.82955806	2019	Equatorial Guinea	Equatorial Guinea	SSA
44	#F564E3	12.13132742	2020	Equatorial Guinea	Equatorial Guinea	SSA
44	#F564E3	12.13132742	2021	Equatorial Guinea	Equatorial Guinea	SSA
44	#F564E3	12.13132742	2022	Equatorial Guinea	Equatorial Guinea	SSA
47	#F564E3	4.218190193	2000	Ethiopia	Ethiopia	SSA
47	#F564E3	4.730609894	2001	Ethiopia	Ethiopia	SSA
47	#F564E3	5.022950172	2002	Ethiopia	Ethiopia	SSA
47	#F564E3	5.178480148	2003	Ethiopia	Ethiopia	SSA
47	#F564E3	5.507180214	2004	Ethiopia	Ethiopia	SSA
47	#F564E3	6.314970016	2005	Ethiopia	Ethiopia	SSA
47	#F564E3	6.847913265	2006	Ethiopia	Ethiopia	SSA
47	#F564E3	7.380856514	2007	Ethiopia	Ethiopia	SSA
47	#F564E3	7.913799763	2008	Ethiopia	Ethiopia	SSA
47	#F564E3	7.940599918	2009	Ethiopia	Ethiopia	SSA
47	#F564E3	8.021840096	2010	Ethiopia	Ethiopia	SSA
47	#F564E3	8.198710442	2011	Ethiopia	Ethiopia	SSA
47	#F564E3	8.268199921	2012	Ethiopia	Ethiopia	SSA
47	#F564E3	8.460597474	2013	Ethiopia	Ethiopia	SSA
47	#F564E3	8.657472039	2014	Ethiopia	Ethiopia	SSA
47	#F564E3	8.858927792	2015	Ethiopia	Ethiopia	SSA
47	#F564E3	9.065071336	2016	Ethiopia	Ethiopia	SSA
47	#F564E3	9.276011755	2017	Ethiopia	Ethiopia	SSA
47	#F564E3	9.491860668	2018	Ethiopia	Ethiopia	SSA
47	#F564E3	9.712732296	2019	Ethiopia	Ethiopia	SSA
47	#F564E3	9.938743514	2020	Ethiopia	Ethiopia	SSA
47	#F564E3	9.938743514	2021	Ethiopia	Ethiopia	SSA
47	#F564E3	9.938743514	2022	Ethiopia	Ethiopia	SSA
51	#00BA38	12.59049034	2000	Georgia	Georgia	ECA
51	#00BA38	12.86779022	2001	Georgia	Georgia	ECA
51	#00BA38	13.10517025	2002	Georgia	Georgia	ECA
51	#00BA38	13.32161045	2003	Georgia	Georgia	ECA
51	#00BA38	13.50691032	2004	Georgia	Georgia	ECA
51	#00BA38	13.76416016	2005	Georgia	Georgia	ECA
51	#00BA38	13.50695038	2006	Georgia	Georgia	ECA
51	#00BA38	13.94359016	2007	Georgia	Georgia	ECA
51	#00BA38	13.44196987	2008	Georgia	Georgia	ECA
51	#00BA38	13.87479019	2009	Georgia	Georgia	ECA
51	#00BA38	14.11575007	2010	Georgia	Georgia	ECA
51	#00BA38	14.35670996	2011	Georgia	Georgia	ECA
51	#00BA38	14.59766984	2012	Georgia	Georgia	ECA
51	#00BA38	14.83862972	2013	Georgia	Georgia	ECA
51	#00BA38	15.16259003	2014	Georgia	Georgia	ECA
51	#00BA38	15.39435959	2015	Georgia	Georgia	ECA
51	#00BA38	15.56182957	2016	Georgia	Georgia	ECA
51	#00BA38	15.8134203	2017	Georgia	Georgia	ECA
51	#00BA38	16.00856018	2018	Georgia	Georgia	ECA
51	#00BA38	16.34345055	2019	Georgia	Georgia	ECA
51	#00BA38	16.27112961	2020	Georgia	Georgia	ECA
51	#00BA38	16.58107948	2021	Georgia	Georgia	ECA
51	#00BA38	16.72682953	2022	Georgia	Georgia	ECA
68	#B79F00	9.880260468	2000	Kiribati	Kiribati	EAP
68	#B79F00	11.1278801	2001	Kiribati	Kiribati	EAP
68	#B79F00	10.96041965	2002	Kiribati	Kiribati	EAP
68	#B79F00	11.71214962	2003	Kiribati	Kiribati	EAP
68	#B79F00	11.50774002	2004	Kiribati	Kiribati	EAP
68	#B79F00	11.48591995	2005	Kiribati	Kiribati	EAP
68	#B79F00	11.21140003	2006	Kiribati	Kiribati	EAP
68	#B79F00	11.05305004	2007	Kiribati	Kiribati	EAP
68	#B79F00	11.18373013	2008	Kiribati	Kiribati	EAP
68	#B79F00	11.2400292	2009	Kiribati	Kiribati	EAP
68	#B79F00	11.29632828	2010	Kiribati	Kiribati	EAP
68	#B79F00	11.35262736	2011	Kiribati	Kiribati	EAP
68	#B79F00	11.40892644	2012	Kiribati	Kiribati	EAP
68	#B79F00	11.46522552	2013	Kiribati	Kiribati	EAP
68	#B79F00	11.5215246	2014	Kiribati	Kiribati	EAP
68	#B79F00	11.57782368	2015	Kiribati	Kiribati	EAP
68	#B79F00	11.63412276	2016	Kiribati	Kiribati	EAP
68	#B79F00	11.69042184	2017	Kiribati	Kiribati	EAP
68	#B79F00	11.74672092	2018	Kiribati	Kiribati	EAP
68	#B79F00	11.80302	2019	Kiribati	Kiribati	EAP
68	#B79F00	11.80302	2020	Kiribati	Kiribati	EAP
68	#B79F00	11.80302	2021	Kiribati	Kiribati	EAP
68	#B79F00	11.80302	2022	Kiribati	Kiribati	EAP
85	#B79F00	12.79847803	2000	Micronesia (Federated States of)	Micronesia (Federated States of)	EAP
85	#B79F00	12.80668899	2001	Micronesia (Federated States of)	Micronesia (Federated States of)	EAP
85	#B79F00	12.81490522	2002	Micronesia (Federated States of)	Micronesia (Federated States of)	EAP
85	#B79F00	12.82312672	2003	Micronesia (Federated States of)	Micronesia (Federated States of)	EAP
85	#B79F00	12.8313535	2004	Micronesia (Federated States of)	Micronesia (Federated States of)	EAP
85	#B79F00	12.83958555	2005	Micronesia (Federated States of)	Micronesia (Federated States of)	EAP
85	#B79F00	12.84782289	2006	Micronesia (Federated States of)	Micronesia (Federated States of)	EAP
85	#B79F00	12.85606551	2007	Micronesia (Federated States of)	Micronesia (Federated States of)	EAP
85	#B79F00	12.86431342	2008	Micronesia (Federated States of)	Micronesia (Federated States of)	EAP
85	#B79F00	12.87256662	2009	Micronesia (Federated States of)	Micronesia (Federated States of)	EAP
85	#B79F00	12.88082511	2010	Micronesia (Federated States of)	Micronesia (Federated States of)	EAP
85	#B79F00	12.88908891	2011	Micronesia (Federated States of)	Micronesia (Federated States of)	EAP
85	#B79F00	12.897358	2012	Micronesia (Federated States of)	Micronesia (Federated States of)	EAP
85	#B79F00	12.9056324	2013	Micronesia (Federated States of)	Micronesia (Federated States of)	EAP
85	#B79F00	12.9139068	2014	Micronesia (Federated States of)	Micronesia (Federated States of)	EAP
85	#B79F00	12.9221812	2015	Micronesia (Federated States of)	Micronesia (Federated States of)	EAP
85	#B79F00	12.9304556	2016	Micronesia (Federated States of)	Micronesia (Federated States of)	EAP
85	#B79F00	12.93873	2017	Micronesia (Federated States of)	Micronesia (Federated States of)	EAP
85	#B79F00	12.830836	2018	Micronesia (Federated States of)	Micronesia (Federated States of)	EAP
85	#B79F00	12.722942	2019	Micronesia (Federated States of)	Micronesia (Federated States of)	EAP
85	#B79F00	12.615048	2020	Micronesia (Federated States of)	Micronesia (Federated States of)	EAP
85	#B79F00	12.615048	2021	Micronesia (Federated States of)	Micronesia (Federated States of)	EAP
85	#B79F00	12.615048	2022	Micronesia (Federated States of)	Micronesia (Federated States of)	EAP
99	#F8766D	10.46758213	2000	Oman	Oman	AS
99	#F8766D	10.83383808	2001	Oman	Oman	AS
99	#F8766D	11.20009403	2002	Oman	Oman	AS
99	#F8766D	11.56634998	2003	Oman	Oman	AS
99	#F8766D	11.74231005	2004	Oman	Oman	AS
99	#F8766D	11.91827011	2005	Oman	Oman	AS
99	#F8766D	12.10503006	2006	Oman	Oman	AS
99	#F8766D	12.15857029	2007	Oman	Oman	AS
99	#F8766D	12.12456989	2008	Oman	Oman	AS
99	#F8766D	13.19449043	2009	Oman	Oman	AS
99	#F8766D	14.08343029	2010	Oman	Oman	AS
99	#F8766D	14.97237015	2011	Oman	Oman	AS
99	#F8766D	14.58850527	2012	Oman	Oman	AS
99	#F8766D	14.20464039	2013	Oman	Oman	AS
99	#F8766D	14.18029499	2014	Oman	Oman	AS
99	#F8766D	14.15594959	2015	Oman	Oman	AS
99	#F8766D	14.1891098	2016	Oman	Oman	AS
99	#F8766D	14.03896999	2017	Oman	Oman	AS
99	#F8766D	14.0753603	2018	Oman	Oman	AS
99	#F8766D	13.95668983	2019	Oman	Oman	AS
99	#F8766D	13.24143028	2020	Oman	Oman	AS
99	#F8766D	12.96403027	2021	Oman	Oman	AS
99	#F8766D	12.96403027	2022	Oman	Oman	AS
101	#B79F00	13.70697021	2000	Palau	Palau	EAP
101	#B79F00	13.92435177	2001	Palau	Palau	EAP
101	#B79F00	14.14173332	2002	Palau	Palau	EAP
101	#B79F00	14.35911487	2003	Palau	Palau	EAP
101	#B79F00	14.57649642	2004	Palau	Palau	EAP
101	#B79F00	14.79387797	2005	Palau	Palau	EAP
101	#B79F00	15.01125952	2006	Palau	Palau	EAP
101	#B79F00	15.22864107	2007	Palau	Palau	EAP
101	#B79F00	15.44602262	2008	Palau	Palau	EAP
101	#B79F00	15.66340417	2009	Palau	Palau	EAP
101	#B79F00	15.88078572	2010	Palau	Palau	EAP
101	#B79F00	16.09816727	2011	Palau	Palau	EAP
101	#B79F00	16.31554882	2012	Palau	Palau	EAP
101	#B79F00	16.53293037	2013	Palau	Palau	EAP
101	#B79F00	16.68474551	2014	Palau	Palau	EAP
101	#B79F00	16.83656065	2015	Palau	Palau	EAP
101	#B79F00	16.98837579	2016	Palau	Palau	EAP
101	#B79F00	17.14019093	2017	Palau	Palau	EAP
101	#B79F00	17.16675251	2018	Palau	Palau	EAP
101	#B79F00	17.1933141	2019	Palau	Palau	EAP
101	#B79F00	17.21987569	2020	Palau	Palau	EAP
101	#B79F00	17.21987569	2021	Palau	Palau	EAP
101	#B79F00	17.21987569	2022	Palau	Palau	EAP
112	#00BFC4	12.07246017	2000	Saint Vincent and the Grenadines	Saint Vincent and the Grenadines	LAC
112	#00BFC4	12.18380022	2001	Saint Vincent and the Grenadines	Saint Vincent and the Grenadines	LAC
112	#00BFC4	12.29514027	2002	Saint Vincent and the Grenadines	Saint Vincent and the Grenadines	LAC
112	#00BFC4	12.58899975	2003	Saint Vincent and the Grenadines	Saint Vincent and the Grenadines	LAC
112	#00BFC4	12.68760967	2004	Saint Vincent and the Grenadines	Saint Vincent and the Grenadines	LAC
112	#00BFC4	12.90837774	2005	Saint Vincent and the Grenadines	Saint Vincent and the Grenadines	LAC
112	#00BFC4	13.12914581	2006	Saint Vincent and the Grenadines	Saint Vincent and the Grenadines	LAC
112	#00BFC4	13.34991388	2007	Saint Vincent and the Grenadines	Saint Vincent and the Grenadines	LAC
112	#00BFC4	13.57068195	2008	Saint Vincent and the Grenadines	Saint Vincent and the Grenadines	LAC
112	#00BFC4	13.79145002	2009	Saint Vincent and the Grenadines	Saint Vincent and the Grenadines	LAC
112	#00BFC4	14.01221809	2010	Saint Vincent and the Grenadines	Saint Vincent and the Grenadines	LAC
112	#00BFC4	14.23298616	2011	Saint Vincent and the Grenadines	Saint Vincent and the Grenadines	LAC
112	#00BFC4	14.45375423	2012	Saint Vincent and the Grenadines	Saint Vincent and the Grenadines	LAC
112	#00BFC4	14.6745223	2013	Saint Vincent and the Grenadines	Saint Vincent and the Grenadines	LAC
112	#00BFC4	14.89529037	2014	Saint Vincent and the Grenadines	Saint Vincent and the Grenadines	LAC
112	#00BFC4	15.09107018	2015	Saint Vincent and the Grenadines	Saint Vincent and the Grenadines	LAC
112	#00BFC4	15.31661697	2016	Saint Vincent and the Grenadines	Saint Vincent and the Grenadines	LAC
112	#00BFC4	15.54553472	2017	Saint Vincent and the Grenadines	Saint Vincent and the Grenadines	LAC
112	#00BFC4	15.7778738	2018	Saint Vincent and the Grenadines	Saint Vincent and the Grenadines	LAC
112	#00BFC4	16.01368537	2019	Saint Vincent and the Grenadines	Saint Vincent and the Grenadines	LAC
112	#00BFC4	16.2530213	2020	Saint Vincent and the Grenadines	Saint Vincent and the Grenadines	LAC
112	#00BFC4	16.2530213	2021	Saint Vincent and the Grenadines	Saint Vincent and the Grenadines	LAC
112	#00BFC4	16.2530213	2022	Saint Vincent and the Grenadines	Saint Vincent and the Grenadines	LAC
118	#F564E3	13.0225296	2000	Seychelles	Seychelles	SSA
118	#F564E3	12.2663002	2001	Seychelles	Seychelles	SSA
118	#F564E3	12.35198975	2002	Seychelles	Seychelles	SSA
118	#F564E3	12.16674995	2003	Seychelles	Seychelles	SSA
118	#F564E3	11.6838398	2004	Seychelles	Seychelles	SSA
118	#F564E3	12.39280033	2005	Seychelles	Seychelles	SSA
118	#F564E3	11.00549984	2006	Seychelles	Seychelles	SSA
118	#F564E3	12.51774025	2007	Seychelles	Seychelles	SSA
118	#F564E3	12.57917976	2008	Seychelles	Seychelles	SSA
118	#F564E3	12.51846027	2009	Seychelles	Seychelles	SSA
118	#F564E3	12.46757984	2010	Seychelles	Seychelles	SSA
118	#F564E3	11.02373981	2011	Seychelles	Seychelles	SSA
118	#F564E3	12.47377014	2012	Seychelles	Seychelles	SSA
118	#F564E3	12.51669979	2013	Seychelles	Seychelles	SSA
118	#F564E3	13.39068985	2014	Seychelles	Seychelles	SSA
118	#F564E3	13.40485954	2015	Seychelles	Seychelles	SSA
118	#F564E3	13.35997963	2016	Seychelles	Seychelles	SSA
118	#F564E3	13.20919037	2017	Seychelles	Seychelles	SSA
118	#F564E3	13.44591045	2018	Seychelles	Seychelles	SSA
118	#F564E3	13.45981979	2019	Seychelles	Seychelles	SSA
118	#F564E3	13.29603958	2020	Seychelles	Seychelles	SSA
118	#F564E3	13.84582043	2021	Seychelles	Seychelles	SSA
118	#F564E3	13.89179039	2022	Seychelles	Seychelles	SSA
132	#B79F00	9.691092949	2000	Timor-Leste	Timor-Leste	EAP
132	#B79F00	10.01497431	2001	Timor-Leste	Timor-Leste	EAP
132	#B79F00	10.34967995	2002	Timor-Leste	Timor-Leste	EAP
132	#B79F00	10.7194628	2003	Timor-Leste	Timor-Leste	EAP
132	#B79F00	11.08924566	2004	Timor-Leste	Timor-Leste	EAP
132	#B79F00	11.45902852	2005	Timor-Leste	Timor-Leste	EAP
132	#B79F00	11.82881137	2006	Timor-Leste	Timor-Leste	EAP
132	#B79F00	12.19859423	2007	Timor-Leste	Timor-Leste	EAP
132	#B79F00	12.56837709	2008	Timor-Leste	Timor-Leste	EAP
132	#B79F00	12.93815994	2009	Timor-Leste	Timor-Leste	EAP
132	#B79F00	13.12940025	2010	Timor-Leste	Timor-Leste	EAP
132	#B79F00	13.14062055	2011	Timor-Leste	Timor-Leste	EAP
132	#B79F00	13.15184085	2012	Timor-Leste	Timor-Leste	EAP
132	#B79F00	13.16306114	2013	Timor-Leste	Timor-Leste	EAP
132	#B79F00	13.17428144	2014	Timor-Leste	Timor-Leste	EAP
132	#B79F00	13.18550173	2015	Timor-Leste	Timor-Leste	EAP
132	#B79F00	13.19672203	2016	Timor-Leste	Timor-Leste	EAP
132	#B79F00	13.20797104	2017	Timor-Leste	Timor-Leste	EAP
132	#B79F00	13.21922963	2018	Timor-Leste	Timor-Leste	EAP
132	#B79F00	13.23049782	2019	Timor-Leste	Timor-Leste	EAP
132	#B79F00	13.24177562	2020	Timor-Leste	Timor-Leste	EAP
132	#B79F00	13.24177562	2021	Timor-Leste	Timor-Leste	EAP
132	#B79F00	13.24177562	2022	Timor-Leste	Timor-Leste	EAP
144	#00BA38	10.75372982	2000	Uzbekistan	Uzbekistan	ECA
144	#00BA38	10.98289998	2001	Uzbekistan	Uzbekistan	ECA
144	#00BA38	11.21207015	2002	Uzbekistan	Uzbekistan	ECA
144	#00BA38	11.44124031	2003	Uzbekistan	Uzbekistan	ECA
144	#00BA38	11.46860981	2004	Uzbekistan	Uzbekistan	ECA
144	#00BA38	11.53645992	2005	Uzbekistan	Uzbekistan	ECA
144	#00BA38	11.53170013	2006	Uzbekistan	Uzbekistan	ECA
144	#00BA38	11.62467957	2007	Uzbekistan	Uzbekistan	ECA
144	#00BA38	11.47620964	2008	Uzbekistan	Uzbekistan	ECA
144	#00BA38	11.5299902	2009	Uzbekistan	Uzbekistan	ECA
144	#00BA38	11.55832958	2010	Uzbekistan	Uzbekistan	ECA
144	#00BA38	11.57374954	2011	Uzbekistan	Uzbekistan	ECA
144	#00BA38	11.67866993	2012	Uzbekistan	Uzbekistan	ECA
144	#00BA38	11.66464996	2013	Uzbekistan	Uzbekistan	ECA
144	#00BA38	11.69351006	2014	Uzbekistan	Uzbekistan	ECA
144	#00BA38	11.72280979	2015	Uzbekistan	Uzbekistan	ECA
144	#00BA38	11.8250103	2016	Uzbekistan	Uzbekistan	ECA
144	#00BA38	11.95890999	2017	Uzbekistan	Uzbekistan	ECA
144	#00BA38	12.12845993	2018	Uzbekistan	Uzbekistan	ECA
144	#00BA38	12.35204983	2019	Uzbekistan	Uzbekistan	ECA
144	#00BA38	12.05047035	2020	Uzbekistan	Uzbekistan	ECA
144	#00BA38	11.99291039	2021	Uzbekistan	Uzbekistan	ECA
144	#00BA38	11.99291039	2022	Uzbekistan	Uzbekistan	ECA
53	#00BFC4	15.78917622	2002	Grenada	Grenada	LAC
53	#00BFC4	15.86309746	2003	Grenada	Grenada	LAC
53	#00BFC4	15.93736478	2004	Grenada	Grenada	LAC
53	#00BFC4	16.0119798	2005	Grenada	Grenada	LAC
53	#00BFC4	16.08694415	2006	Grenada	Grenada	LAC
53	#00BFC4	16.16225947	2007	Grenada	Grenada	LAC
53	#00BFC4	16.2379274	2008	Grenada	Grenada	LAC
53	#00BFC4	16.31394958	2009	Grenada	Grenada	LAC
53	#00BFC4	16.39104621	2010	Grenada	Grenada	LAC
53	#00BFC4	16.46814283	2011	Grenada	Grenada	LAC
53	#00BFC4	16.54523945	2012	Grenada	Grenada	LAC
53	#00BFC4	16.62233607	2013	Grenada	Grenada	LAC
53	#00BFC4	16.69943269	2014	Grenada	Grenada	LAC
53	#00BFC4	16.77652931	2015	Grenada	Grenada	LAC
53	#00BFC4	16.72244072	2016	Grenada	Grenada	LAC
53	#00BFC4	16.38377953	2017	Grenada	Grenada	LAC
53	#00BFC4	16.59221077	2018	Grenada	Grenada	LAC
53	#00BFC4	16.58723542	2019	Grenada	Grenada	LAC
53	#00BFC4	16.58226156	2020	Grenada	Grenada	LAC
53	#00BFC4	16.58226156	2021	Grenada	Grenada	LAC
53	#00BFC4	16.58226156	2022	Grenada	Grenada	LAC
88	#00BA38	11.96914959	2003	Montenegro	Montenegro	ECA
88	#00BA38	12.25718021	2004	Montenegro	Montenegro	ECA
88	#00BA38	12.6634798	2005	Montenegro	Montenegro	ECA
88	#00BA38	13.17901993	2006	Montenegro	Montenegro	ECA
88	#00BA38	13.73320961	2007	Montenegro	Montenegro	ECA
88	#00BA38	14.2465601	2008	Montenegro	Montenegro	ECA
88	#00BA38	14.61359024	2009	Montenegro	Montenegro	ECA
88	#00BA38	14.81898975	2010	Montenegro	Montenegro	ECA
88	#00BA38	15.01949978	2011	Montenegro	Montenegro	ECA
88	#00BA38	15.05303001	2012	Montenegro	Montenegro	ECA
88	#00BA38	15.1332833	2013	Montenegro	Montenegro	ECA
88	#00BA38	15.21353658	2014	Montenegro	Montenegro	ECA
88	#00BA38	15.29378986	2015	Montenegro	Montenegro	ECA
88	#00BA38	14.89690018	2016	Montenegro	Montenegro	ECA
88	#00BA38	15.08008957	2017	Montenegro	Montenegro	ECA
88	#00BA38	15.10923004	2018	Montenegro	Montenegro	ECA
88	#00BA38	15.06373978	2019	Montenegro	Montenegro	ECA
88	#00BA38	15.20345974	2020	Montenegro	Montenegro	ECA
88	#00BA38	15.25119972	2021	Montenegro	Montenegro	ECA
88	#00BA38	15.08475971	2022	Montenegro	Montenegro	ECA
97	#F564E3	8.471205235	2003	Nigeria	Nigeria	SSA
97	#F564E3	8.914290428	2004	Nigeria	Nigeria	SSA
97	#F564E3	8.961859703	2005	Nigeria	Nigeria	SSA
97	#F564E3	8.805881691	2006	Nigeria	Nigeria	SSA
97	#F564E3	8.649903679	2007	Nigeria	Nigeria	SSA
97	#F564E3	8.493925667	2008	Nigeria	Nigeria	SSA
97	#F564E3	8.337947655	2009	Nigeria	Nigeria	SSA
97	#F564E3	8.181969643	2010	Nigeria	Nigeria	SSA
97	#F564E3	8.470709801	2011	Nigeria	Nigeria	SSA
97	#F564E3	8.680361612	2012	Nigeria	Nigeria	SSA
97	#F564E3	8.890013422	2013	Nigeria	Nigeria	SSA
97	#F564E3	9.099665233	2014	Nigeria	Nigeria	SSA
97	#F564E3	9.309317044	2015	Nigeria	Nigeria	SSA
97	#F564E3	9.518968855	2016	Nigeria	Nigeria	SSA
97	#F564E3	9.728620665	2017	Nigeria	Nigeria	SSA
97	#F564E3	9.938272476	2018	Nigeria	Nigeria	SSA
97	#F564E3	10.13020498	2019	Nigeria	Nigeria	SSA
97	#F564E3	10.32213749	2020	Nigeria	Nigeria	SSA
97	#F564E3	10.51407	2021	Nigeria	Nigeria	SSA
97	#F564E3	10.51407	2022	Nigeria	Nigeria	SSA
102	#F8766D	12.72622967	2004	Palestine, State of	Palestine, State of	AS
102	#F8766D	12.67113972	2005	Palestine, State of	Palestine, State of	AS
102	#F8766D	12.83586025	2006	Palestine, State of	Palestine, State of	AS
102	#F8766D	13.36962032	2007	Palestine, State of	Palestine, State of	AS
102	#F8766D	13.43274975	2008	Palestine, State of	Palestine, State of	AS
102	#F8766D	13.38267994	2009	Palestine, State of	Palestine, State of	AS
102	#F8766D	13.49948025	2010	Palestine, State of	Palestine, State of	AS
102	#F8766D	13.44649029	2011	Palestine, State of	Palestine, State of	AS
102	#F8766D	13.39980984	2012	Palestine, State of	Palestine, State of	AS
102	#F8766D	13.18264008	2013	Palestine, State of	Palestine, State of	AS
102	#F8766D	13.20176983	2014	Palestine, State of	Palestine, State of	AS
102	#F8766D	13.23941994	2015	Palestine, State of	Palestine, State of	AS
102	#F8766D	13.19017982	2016	Palestine, State of	Palestine, State of	AS
102	#F8766D	13.31686974	2017	Palestine, State of	Palestine, State of	AS
102	#F8766D	13.31881046	2018	Palestine, State of	Palestine, State of	AS
102	#F8766D	13.29564953	2019	Palestine, State of	Palestine, State of	AS
102	#F8766D	13.24273968	2020	Palestine, State of	Palestine, State of	AS
102	#F8766D	13.17508984	2021	Palestine, State of	Palestine, State of	AS
102	#F8766D	13.15474033	2022	Palestine, State of	Palestine, State of	AS
127	#00BFC4	11.15810776	2004	Suriname	Suriname	LAC
127	#00BFC4	11.14640141	2005	Suriname	Suriname	LAC
127	#00BFC4	11.13469505	2006	Suriname	Suriname	LAC
127	#00BFC4	11.1229887	2007	Suriname	Suriname	LAC
127	#00BFC4	11.11128235	2008	Suriname	Suriname	LAC
127	#00BFC4	11.099576	2009	Suriname	Suriname	LAC
127	#00BFC4	11.08786964	2010	Suriname	Suriname	LAC
127	#00BFC4	11.07616329	2011	Suriname	Suriname	LAC
127	#00BFC4	11.06445694	2012	Suriname	Suriname	LAC
127	#00BFC4	11.05275059	2013	Suriname	Suriname	LAC
127	#00BFC4	11.04104424	2014	Suriname	Suriname	LAC
127	#00BFC4	11.02933788	2015	Suriname	Suriname	LAC
127	#00BFC4	11.01763153	2016	Suriname	Suriname	LAC
127	#00BFC4	11.00592518	2017	Suriname	Suriname	LAC
127	#00BFC4	10.99421883	2018	Suriname	Suriname	LAC
127	#00BFC4	10.98251247	2019	Suriname	Suriname	LAC
127	#00BFC4	10.97080612	2020	Suriname	Suriname	LAC
127	#00BFC4	10.95909977	2021	Suriname	Suriname	LAC
127	#00BFC4	10.95909977	2022	Suriname	Suriname	LAC
45	#F564E3	8.337298298	2005	Eritrea	Eritrea	SSA
45	#F564E3	8.113216209	2006	Eritrea	Eritrea	SSA
45	#F564E3	7.889134121	2007	Eritrea	Eritrea	SSA
45	#F564E3	7.665052032	2008	Eritrea	Eritrea	SSA
45	#F564E3	7.440969944	2009	Eritrea	Eritrea	SSA
45	#F564E3	7.158269882	2010	Eritrea	Eritrea	SSA
45	#F564E3	7.282687426	2011	Eritrea	Eritrea	SSA
45	#F564E3	7.407104969	2012	Eritrea	Eritrea	SSA
45	#F564E3	7.531522512	2013	Eritrea	Eritrea	SSA
45	#F564E3	7.655940056	2014	Eritrea	Eritrea	SSA
45	#F564E3	7.23029995	2015	Eritrea	Eritrea	SSA
45	#F564E3	7.247920964	2016	Eritrea	Eritrea	SSA
45	#F564E3	7.265584922	2017	Eritrea	Eritrea	SSA
45	#F564E3	7.28329193	2018	Eritrea	Eritrea	SSA
45	#F564E3	7.301042091	2019	Eritrea	Eritrea	SSA
45	#F564E3	7.318835512	2020	Eritrea	Eritrea	SSA
45	#F564E3	7.318835512	2021	Eritrea	Eritrea	SSA
45	#F564E3	7.318835512	2022	Eritrea	Eritrea	SSA
56	#F564E3	8.702759743	2005	Guinea-Bissau	Guinea-Bissau	SSA
56	#F564E3	9.133029938	2006	Guinea-Bissau	Guinea-Bissau	SSA
56	#F564E3	9.232721901	2007	Guinea-Bissau	Guinea-Bissau	SSA
56	#F564E3	9.332413863	2008	Guinea-Bissau	Guinea-Bissau	SSA
56	#F564E3	9.432105826	2009	Guinea-Bissau	Guinea-Bissau	SSA
56	#F564E3	9.531797789	2010	Guinea-Bissau	Guinea-Bissau	SSA
56	#F564E3	9.631489752	2011	Guinea-Bissau	Guinea-Bissau	SSA
56	#F564E3	9.731181715	2012	Guinea-Bissau	Guinea-Bissau	SSA
56	#F564E3	9.830873678	2013	Guinea-Bissau	Guinea-Bissau	SSA
56	#F564E3	9.930565641	2014	Guinea-Bissau	Guinea-Bissau	SSA
56	#F564E3	10.0302576	2015	Guinea-Bissau	Guinea-Bissau	SSA
56	#F564E3	10.12994957	2016	Guinea-Bissau	Guinea-Bissau	SSA
56	#F564E3	10.22964153	2017	Guinea-Bissau	Guinea-Bissau	SSA
56	#F564E3	10.32933349	2018	Guinea-Bissau	Guinea-Bissau	SSA
56	#F564E3	10.42902545	2019	Guinea-Bissau	Guinea-Bissau	SSA
56	#F564E3	10.5316806	2020	Guinea-Bissau	Guinea-Bissau	SSA
56	#F564E3	10.5316806	2021	Guinea-Bissau	Guinea-Bissau	SSA
56	#F564E3	10.5316806	2022	Guinea-Bissau	Guinea-Bissau	SSA
72	#F8766D	10.29364421	2005	Lebanon	Lebanon	AS
72	#F8766D	10.34269	2006	Lebanon	Lebanon	AS
72	#F8766D	10.638462	2007	Lebanon	Lebanon	AS
72	#F8766D	10.934234	2008	Lebanon	Lebanon	AS
72	#F8766D	11.230006	2009	Lebanon	Lebanon	AS
72	#F8766D	11.525778	2010	Lebanon	Lebanon	AS
72	#F8766D	11.82155	2011	Lebanon	Lebanon	AS
72	#F8766D	11.87787575	2012	Lebanon	Lebanon	AS
72	#F8766D	11.93446988	2013	Lebanon	Lebanon	AS
72	#F8766D	11.99106401	2014	Lebanon	Lebanon	AS
72	#F8766D	12.04765813	2015	Lebanon	Lebanon	AS
72	#F8766D	12.10425226	2016	Lebanon	Lebanon	AS
72	#F8766D	12.16084639	2017	Lebanon	Lebanon	AS
72	#F8766D	12.12426167	2018	Lebanon	Lebanon	AS
72	#F8766D	12.08767695	2019	Lebanon	Lebanon	AS
72	#F8766D	12.05109224	2020	Lebanon	Lebanon	AS
72	#F8766D	12.05109224	2021	Lebanon	Lebanon	AS
72	#F8766D	12.05109224	2022	Lebanon	Lebanon	AS
93	#B79F00	9.559439659	2005	Nauru	Nauru	EAP
93	#B79F00	8.990050316	2006	Nauru	Nauru	EAP
93	#B79F00	8.16189003	2007	Nauru	Nauru	EAP
93	#B79F00	8.879529953	2008	Nauru	Nauru	EAP
93	#B79F00	9.139922625	2009	Nauru	Nauru	EAP
93	#B79F00	9.407951325	2010	Nauru	Nauru	EAP
93	#B79F00	9.68383998	2011	Nauru	Nauru	EAP
93	#B79F00	9.967819085	2012	Nauru	Nauru	EAP
93	#B79F00	10.26012589	2013	Nauru	Nauru	EAP
93	#B79F00	10.56100461	2014	Nauru	Nauru	EAP
93	#B79F00	10.87070661	2015	Nauru	Nauru	EAP
93	#B79F00	11.18949064	2016	Nauru	Nauru	EAP
93	#B79F00	11.51762303	2017	Nauru	Nauru	EAP
93	#B79F00	11.85537792	2018	Nauru	Nauru	EAP
93	#B79F00	12.20303748	2019	Nauru	Nauru	EAP
93	#B79F00	12.56089218	2020	Nauru	Nauru	EAP
93	#B79F00	12.56089218	2021	Nauru	Nauru	EAP
93	#B79F00	12.56089218	2022	Nauru	Nauru	EAP
110	#00BFC4	14.30227432	2005	Saint Kitts and Nevis	Saint Kitts and Nevis	LAC
110	#00BFC4	14.39697304	2006	Saint Kitts and Nevis	Saint Kitts and Nevis	LAC
110	#00BFC4	14.49167175	2007	Saint Kitts and Nevis	Saint Kitts and Nevis	LAC
110	#00BFC4	14.58637047	2008	Saint Kitts and Nevis	Saint Kitts and Nevis	LAC
110	#00BFC4	15.16564878	2009	Saint Kitts and Nevis	Saint Kitts and Nevis	LAC
110	#00BFC4	15.74492709	2010	Saint Kitts and Nevis	Saint Kitts and Nevis	LAC
110	#00BFC4	16.3242054	2011	Saint Kitts and Nevis	Saint Kitts and Nevis	LAC
110	#00BFC4	16.90348371	2012	Saint Kitts and Nevis	Saint Kitts and Nevis	LAC
110	#00BFC4	17.48276202	2013	Saint Kitts and Nevis	Saint Kitts and Nevis	LAC
110	#00BFC4	18.06204033	2014	Saint Kitts and Nevis	Saint Kitts and Nevis	LAC
110	#00BFC4	18.40703011	2015	Saint Kitts and Nevis	Saint Kitts and Nevis	LAC
110	#00BFC4	18.40703011	2016	Saint Kitts and Nevis	Saint Kitts and Nevis	LAC
110	#00BFC4	18.40703011	2017	Saint Kitts and Nevis	Saint Kitts and Nevis	LAC
110	#00BFC4	18.40703011	2018	Saint Kitts and Nevis	Saint Kitts and Nevis	LAC
110	#00BFC4	18.40703011	2019	Saint Kitts and Nevis	Saint Kitts and Nevis	LAC
110	#00BFC4	18.40703011	2020	Saint Kitts and Nevis	Saint Kitts and Nevis	LAC
110	#00BFC4	18.40703011	2021	Saint Kitts and Nevis	Saint Kitts and Nevis	LAC
110	#00BFC4	18.40703011	2022	Saint Kitts and Nevis	Saint Kitts and Nevis	LAC
138	#00BA38	8.717363622	2005	Turkmenistan	Turkmenistan	ECA
138	#00BA38	8.983853175	2006	Turkmenistan	Turkmenistan	ECA
138	#00BA38	9.275793155	2007	Turkmenistan	Turkmenistan	ECA
138	#00BA38	9.567733136	2008	Turkmenistan	Turkmenistan	ECA
138	#00BA38	9.859673117	2009	Turkmenistan	Turkmenistan	ECA
138	#00BA38	10.1516131	2010	Turkmenistan	Turkmenistan	ECA
138	#00BA38	10.44355308	2011	Turkmenistan	Turkmenistan	ECA
138	#00BA38	10.73549306	2012	Turkmenistan	Turkmenistan	ECA
138	#00BA38	11.02743304	2013	Turkmenistan	Turkmenistan	ECA
138	#00BA38	11.31937302	2014	Turkmenistan	Turkmenistan	ECA
138	#00BA38	11.611313	2015	Turkmenistan	Turkmenistan	ECA
138	#00BA38	11.90325298	2016	Turkmenistan	Turkmenistan	ECA
138	#00BA38	11.98044198	2017	Turkmenistan	Turkmenistan	ECA
138	#00BA38	12.05763098	2018	Turkmenistan	Turkmenistan	ECA
138	#00BA38	12.13481998	2019	Turkmenistan	Turkmenistan	ECA
138	#00BA38	12.44202042	2020	Turkmenistan	Turkmenistan	ECA
138	#00BA38	12.91950035	2021	Turkmenistan	Turkmenistan	ECA
138	#00BA38	13.24057961	2022	Turkmenistan	Turkmenistan	ECA
145	#B79F00	10.03939349	2005	Vanuatu	Vanuatu	EAP
145	#B79F00	10.16880715	2006	Vanuatu	Vanuatu	EAP
145	#B79F00	10.29822082	2007	Vanuatu	Vanuatu	EAP
145	#B79F00	10.42763449	2008	Vanuatu	Vanuatu	EAP
145	#B79F00	10.55704816	2009	Vanuatu	Vanuatu	EAP
145	#B79F00	10.68646182	2010	Vanuatu	Vanuatu	EAP
145	#B79F00	10.81587549	2011	Vanuatu	Vanuatu	EAP
145	#B79F00	10.94528916	2012	Vanuatu	Vanuatu	EAP
145	#B79F00	11.07470282	2013	Vanuatu	Vanuatu	EAP
145	#B79F00	11.20411649	2014	Vanuatu	Vanuatu	EAP
145	#B79F00	11.33353016	2015	Vanuatu	Vanuatu	EAP
145	#B79F00	11.41321012	2016	Vanuatu	Vanuatu	EAP
145	#B79F00	11.49289008	2017	Vanuatu	Vanuatu	EAP
145	#B79F00	11.57257004	2018	Vanuatu	Vanuatu	EAP
145	#B79F00	11.65225	2019	Vanuatu	Vanuatu	EAP
145	#B79F00	11.73192996	2020	Vanuatu	Vanuatu	EAP
145	#B79F00	11.81160992	2021	Vanuatu	Vanuatu	EAP
145	#B79F00	11.81160992	2022	Vanuatu	Vanuatu	EAP
5	#00BFC4	15.63976002	2007	Antigua and Barbuda	Antigua and Barbuda	LAC
5	#00BFC4	15.56513977	2008	Antigua and Barbuda	Antigua and Barbuda	LAC
5	#00BFC4	15.49051952	2009	Antigua and Barbuda	Antigua and Barbuda	LAC
5	#00BFC4	15.58386993	2010	Antigua and Barbuda	Antigua and Barbuda	LAC
5	#00BFC4	15.30879974	2011	Antigua and Barbuda	Antigua and Barbuda	LAC
5	#00BFC4	15.58716011	2012	Antigua and Barbuda	Antigua and Barbuda	LAC
5	#00BFC4	15.57778636	2013	Antigua and Barbuda	Antigua and Barbuda	LAC
5	#00BFC4	15.56841824	2014	Antigua and Barbuda	Antigua and Barbuda	LAC
5	#00BFC4	15.55905576	2015	Antigua and Barbuda	Antigua and Barbuda	LAC
5	#00BFC4	15.54969891	2016	Antigua and Barbuda	Antigua and Barbuda	LAC
5	#00BFC4	15.54034768	2017	Antigua and Barbuda	Antigua and Barbuda	LAC
5	#00BFC4	15.53100208	2018	Antigua and Barbuda	Antigua and Barbuda	LAC
5	#00BFC4	15.5216621	2019	Antigua and Barbuda	Antigua and Barbuda	LAC
5	#00BFC4	15.51232774	2020	Antigua and Barbuda	Antigua and Barbuda	LAC
5	#00BFC4	15.51232774	2021	Antigua and Barbuda	Antigua and Barbuda	LAC
5	#00BFC4	15.51232774	2022	Antigua and Barbuda	Antigua and Barbuda	LAC
16	#619CFF	11.80224037	2010	Bhutan	Bhutan	SA
16	#619CFF	12.20899963	2011	Bhutan	Bhutan	SA
16	#619CFF	12.54831028	2012	Bhutan	Bhutan	SA
16	#619CFF	12.46308994	2013	Bhutan	Bhutan	SA
16	#619CFF	12.54842396	2014	Bhutan	Bhutan	SA
16	#619CFF	12.63375797	2015	Bhutan	Bhutan	SA
16	#619CFF	12.71909199	2016	Bhutan	Bhutan	SA
16	#619CFF	12.804426	2017	Bhutan	Bhutan	SA
16	#619CFF	12.88976002	2018	Bhutan	Bhutan	SA
16	#619CFF	12.97683113	2019	Bhutan	Bhutan	SA
16	#619CFF	13.06449041	2020	Bhutan	Bhutan	SA
16	#619CFF	13.06449041	2021	Bhutan	Bhutan	SA
16	#619CFF	13.06449041	2022	Bhutan	Bhutan	SA
124	#F564E3	4.983324	2010	South Sudan	South Sudan	SSA
124	#F564E3	5.113613228	2011	South Sudan	South Sudan	SSA
124	#F564E3	5.243902457	2012	South Sudan	South Sudan	SSA
124	#F564E3	5.374191685	2013	South Sudan	South Sudan	SSA
124	#F564E3	5.504480913	2014	South Sudan	South Sudan	SSA
124	#F564E3	5.634770141	2015	South Sudan	South Sudan	SSA
124	#F564E3	5.634770141	2016	South Sudan	South Sudan	SSA
124	#F564E3	5.634770141	2017	South Sudan	South Sudan	SSA
124	#F564E3	5.634770141	2018	South Sudan	South Sudan	SSA
124	#F564E3	5.634770141	2019	South Sudan	South Sudan	SSA
124	#F564E3	5.634770141	2020	South Sudan	South Sudan	SSA
124	#F564E3	5.634770141	2021	South Sudan	South Sudan	SSA
124	#F564E3	5.634770141	2022	South Sudan	South Sudan	SSA
81	#B79F00	13.50267758	2011	Marshall Islands	Marshall Islands	EAP
81	#B79F00	13.76266283	2012	Marshall Islands	Marshall Islands	EAP
81	#B79F00	14.02264808	2013	Marshall Islands	Marshall Islands	EAP
81	#B79F00	14.28263333	2014	Marshall Islands	Marshall Islands	EAP
81	#B79F00	14.54261858	2015	Marshall Islands	Marshall Islands	EAP
81	#B79F00	14.80260383	2016	Marshall Islands	Marshall Islands	EAP
81	#B79F00	15.06258908	2017	Marshall Islands	Marshall Islands	EAP
81	#B79F00	15.32257433	2018	Marshall Islands	Marshall Islands	EAP
81	#B79F00	15.58255959	2019	Marshall Islands	Marshall Islands	EAP
81	#B79F00	15.8503933	2020	Marshall Islands	Marshall Islands	EAP
81	#B79F00	16.11822701	2021	Marshall Islands	Marshall Islands	EAP
81	#B79F00	16.38606071	2022	Marshall Islands	Marshall Islands	EAP
122	#F8766D	7.647232333	2022	Somalia	Somalia	AS
