group	colour	y	x	tooltip	clickSelects	showSelected1
1	#619CFF	45.967	1990	Afghanistan	Afghanistan	SA
1	#619CFF	46.663	1991	Afghanistan	Afghanistan	SA
1	#619CFF	47.596	1992	Afghanistan	Afghanistan	SA
1	#619CFF	51.466	1993	Afghanistan	Afghanistan	SA
1	#619CFF	51.495	1994	Afghanistan	Afghanistan	SA
1	#619CFF	52.544	1995	Afghanistan	Afghanistan	SA
1	#619CFF	53.243	1996	Afghanistan	Afghanistan	SA
1	#619CFF	53.634	1997	Afghanistan	Afghanistan	SA
1	#619CFF	52.943	1998	Afghanistan	Afghanistan	SA
1	#619CFF	54.846	1999	Afghanistan	Afghanistan	SA
1	#619CFF	55.298	2000	Afghanistan	Afghanistan	SA
1	#619CFF	55.798	2001	Afghanistan	Afghanistan	SA
1	#619CFF	56.454	2002	Afghanistan	Afghanistan	SA
1	#619CFF	57.344	2003	Afghanistan	Afghanistan	SA
1	#619CFF	57.944	2004	Afghanistan	Afghanistan	SA
1	#619CFF	58.361	2005	Afghanistan	Afghanistan	SA
1	#619CFF	58.684	2006	Afghanistan	Afghanistan	SA
1	#619CFF	59.111	2007	Afghanistan	Afghanistan	SA
1	#619CFF	59.852	2008	Afghanistan	Afghanistan	SA
1	#619CFF	60.364	2009	Afghanistan	Afghanistan	SA
1	#619CFF	60.851	2010	Afghanistan	Afghanistan	SA
1	#619CFF	61.419	2011	Afghanistan	Afghanistan	SA
1	#619CFF	61.923	2012	Afghanistan	Afghanistan	SA
1	#619CFF	62.417	2013	Afghanistan	Afghanistan	SA
1	#619CFF	62.545	2014	Afghanistan	Afghanistan	SA
1	#619CFF	62.659	2015	Afghanistan	Afghanistan	SA
1	#619CFF	63.136	2016	Afghanistan	Afghanistan	SA
1	#619CFF	63.016	2017	Afghanistan	Afghanistan	SA
1	#619CFF	63.081	2018	Afghanistan	Afghanistan	SA
1	#619CFF	63.565	2019	Afghanistan	Afghanistan	SA
1	#619CFF	62.575	2020	Afghanistan	Afghanistan	SA
1	#619CFF	61.982	2021	Afghanistan	Afghanistan	SA
1	#619CFF	62.879	2022	Afghanistan	Afghanistan	SA
2	#00BA38	73.144	1990	Albania	Albania	ECA
2	#00BA38	73.378	1991	Albania	Albania	ECA
2	#00BA38	73.715	1992	Albania	Albania	ECA
2	#00BA38	73.939	1993	Albania	Albania	ECA
2	#00BA38	74.131	1994	Albania	Albania	ECA
2	#00BA38	74.362	1995	Albania	Albania	ECA
2	#00BA38	74.592	1996	Albania	Albania	ECA
2	#00BA38	73.904	1997	Albania	Albania	ECA
2	#00BA38	74.99	1998	Albania	Albania	ECA
2	#00BA38	75.183	1999	Albania	Albania	ECA
2	#00BA38	75.404	2000	Albania	Albania	ECA
2	#00BA38	75.639	2001	Albania	Albania	ECA
2	#00BA38	75.89	2002	Albania	Albania	ECA
2	#00BA38	76.142	2003	Albania	Albania	ECA
2	#00BA38	76.376	2004	Albania	Albania	ECA
2	#00BA38	76.621	2005	Albania	Albania	ECA
2	#00BA38	76.816	2006	Albania	Albania	ECA
2	#00BA38	77.549	2007	Albania	Albania	ECA
2	#00BA38	77.653	2008	Albania	Albania	ECA
2	#00BA38	77.781	2009	Albania	Albania	ECA
2	#00BA38	77.936	2010	Albania	Albania	ECA
2	#00BA38	78.092	2011	Albania	Albania	ECA
2	#00BA38	78.064	2012	Albania	Albania	ECA
2	#00BA38	78.123	2013	Albania	Albania	ECA
2	#00BA38	78.407	2014	Albania	Albania	ECA
2	#00BA38	78.644	2015	Albania	Albania	ECA
2	#00BA38	78.86	2016	Albania	Albania	ECA
2	#00BA38	79.047	2017	Albania	Albania	ECA
2	#00BA38	79.184	2018	Albania	Albania	ECA
2	#00BA38	79.282	2019	Albania	Albania	ECA
2	#00BA38	76.989	2020	Albania	Albania	ECA
2	#00BA38	76.463	2021	Albania	Albania	ECA
2	#00BA38	76.833	2022	Albania	Albania	ECA
3	#F8766D	67.416	1990	Algeria	Algeria	AS
3	#F8766D	67.688	1991	Algeria	Algeria	AS
3	#F8766D	67.757	1992	Algeria	Algeria	AS
3	#F8766D	67.719	1993	Algeria	Algeria	AS
3	#F8766D	67.361	1994	Algeria	Algeria	AS
3	#F8766D	67.454	1995	Algeria	Algeria	AS
3	#F8766D	68.749	1996	Algeria	Algeria	AS
3	#F8766D	69.171	1997	Algeria	Algeria	AS
3	#F8766D	69.451	1998	Algeria	Algeria	AS
3	#F8766D	70.032	1999	Algeria	Algeria	AS
3	#F8766D	70.478	2000	Algeria	Algeria	AS
3	#F8766D	70.823	2001	Algeria	Algeria	AS
3	#F8766D	71.23	2002	Algeria	Algeria	AS
3	#F8766D	71.287	2003	Algeria	Algeria	AS
3	#F8766D	71.762	2004	Algeria	Algeria	AS
3	#F8766D	72.061	2005	Algeria	Algeria	AS
3	#F8766D	72.334	2006	Algeria	Algeria	AS
3	#F8766D	72.602	2007	Algeria	Algeria	AS
3	#F8766D	72.941	2008	Algeria	Algeria	AS
3	#F8766D	73.62	2009	Algeria	Algeria	AS
3	#F8766D	73.808	2010	Algeria	Algeria	AS
3	#F8766D	74.123	2011	Algeria	Algeria	AS
3	#F8766D	74.202	2012	Algeria	Algeria	AS
3	#F8766D	74.615	2013	Algeria	Algeria	AS
3	#F8766D	75.11	2014	Algeria	Algeria	AS
3	#F8766D	75.622	2015	Algeria	Algeria	AS
3	#F8766D	75.732	2016	Algeria	Algeria	AS
3	#F8766D	75.743	2017	Algeria	Algeria	AS
3	#F8766D	76.066	2018	Algeria	Algeria	AS
3	#F8766D	76.474	2019	Algeria	Algeria	AS
3	#F8766D	74.453	2020	Algeria	Algeria	AS
3	#F8766D	76.377	2021	Algeria	Algeria	AS
3	#F8766D	77.129	2022	Algeria	Algeria	AS
6	#00BFC4	71.784	1990	Argentina	Argentina	LAC
6	#00BFC4	72.319	1991	Argentina	Argentina	LAC
6	#00BFC4	72.43	1992	Argentina	Argentina	LAC
6	#00BFC4	72.565	1993	Argentina	Argentina	LAC
6	#00BFC4	73.172	1994	Argentina	Argentina	LAC
6	#00BFC4	73.133	1995	Argentina	Argentina	LAC
6	#00BFC4	73.307	1996	Argentina	Argentina	LAC
6	#00BFC4	73.09	1997	Argentina	Argentina	LAC
6	#00BFC4	73.474	1998	Argentina	Argentina	LAC
6	#00BFC4	73.722	1999	Argentina	Argentina	LAC
6	#00BFC4	73.926	2000	Argentina	Argentina	LAC
6	#00BFC4	74.186	2001	Argentina	Argentina	LAC
6	#00BFC4	74.408	2002	Argentina	Argentina	LAC
6	#00BFC4	74.08	2003	Argentina	Argentina	LAC
6	#00BFC4	74.855	2004	Argentina	Argentina	LAC
6	#00BFC4	75.139	2005	Argentina	Argentina	LAC
6	#00BFC4	75.433	2006	Argentina	Argentina	LAC
6	#00BFC4	75.006	2007	Argentina	Argentina	LAC
6	#00BFC4	75.641	2008	Argentina	Argentina	LAC
6	#00BFC4	75.936	2009	Argentina	Argentina	LAC
6	#00BFC4	75.721	2010	Argentina	Argentina	LAC
6	#00BFC4	76.124	2011	Argentina	Argentina	LAC
6	#00BFC4	76.467	2012	Argentina	Argentina	LAC
6	#00BFC4	76.491	2013	Argentina	Argentina	LAC
6	#00BFC4	76.755	2014	Argentina	Argentina	LAC
6	#00BFC4	76.76	2015	Argentina	Argentina	LAC
6	#00BFC4	76.308	2016	Argentina	Argentina	LAC
6	#00BFC4	76.833	2017	Argentina	Argentina	LAC
6	#00BFC4	76.999	2018	Argentina	Argentina	LAC
6	#00BFC4	77.284	2019	Argentina	Argentina	LAC
6	#00BFC4	75.892	2020	Argentina	Argentina	LAC
6	#00BFC4	75.39	2021	Argentina	Argentina	LAC
6	#00BFC4	76.064	2022	Argentina	Argentina	LAC
7	#00BA38	68.821	1990	Armenia	Armenia	ECA
7	#00BA38	68.643	1991	Armenia	Armenia	ECA
7	#00BA38	68.627	1992	Armenia	Armenia	ECA
7	#00BA38	68.841	1993	Armenia	Armenia	ECA
7	#00BA38	69.073	1994	Armenia	Armenia	ECA
7	#00BA38	69.311	1995	Armenia	Armenia	ECA
7	#00BA38	69.783	1996	Armenia	Armenia	ECA
7	#00BA38	69.91	1997	Armenia	Armenia	ECA
7	#00BA38	70.514	1998	Armenia	Armenia	ECA
7	#00BA38	70.257	1999	Armenia	Armenia	ECA
7	#00BA38	70.624	2000	Armenia	Armenia	ECA
7	#00BA38	70.932	2001	Armenia	Armenia	ECA
7	#00BA38	71.018	2002	Armenia	Armenia	ECA
7	#00BA38	71.436	2003	Armenia	Armenia	ECA
7	#00BA38	71.421	2004	Armenia	Armenia	ECA
7	#00BA38	71.792	2005	Armenia	Armenia	ECA
7	#00BA38	71.987	2006	Armenia	Armenia	ECA
7	#00BA38	72.327	2007	Armenia	Armenia	ECA
7	#00BA38	72.398	2008	Armenia	Armenia	ECA
7	#00BA38	72.813	2009	Armenia	Armenia	ECA
7	#00BA38	73.16	2010	Armenia	Armenia	ECA
7	#00BA38	73.305	2011	Armenia	Armenia	ECA
7	#00BA38	73.454	2012	Armenia	Armenia	ECA
7	#00BA38	73.676	2013	Armenia	Armenia	ECA
7	#00BA38	74.058	2014	Armenia	Armenia	ECA
7	#00BA38	74.436	2015	Armenia	Armenia	ECA
7	#00BA38	74.664	2016	Armenia	Armenia	ECA
7	#00BA38	74.906	2017	Armenia	Armenia	ECA
7	#00BA38	75.064	2018	Armenia	Armenia	ECA
7	#00BA38	75.439	2019	Armenia	Armenia	ECA
7	#00BA38	72.173	2020	Armenia	Armenia	ECA
7	#00BA38	72.043	2021	Armenia	Armenia	ECA
7	#00BA38	73.372	2022	Armenia	Armenia	ECA
9	#00BFC4	70.133	1990	Bahamas	Bahamas	LAC
9	#00BFC4	69.616	1991	Bahamas	Bahamas	LAC
9	#00BFC4	70.668	1992	Bahamas	Bahamas	LAC
9	#00BFC4	70.656	1993	Bahamas	Bahamas	LAC
9	#00BFC4	70.851	1994	Bahamas	Bahamas	LAC
9	#00BFC4	70.763	1995	Bahamas	Bahamas	LAC
9	#00BFC4	70.71	1996	Bahamas	Bahamas	LAC
9	#00BFC4	71.054	1997	Bahamas	Bahamas	LAC
9	#00BFC4	71.456	1998	Bahamas	Bahamas	LAC
9	#00BFC4	71.771	1999	Bahamas	Bahamas	LAC
9	#00BFC4	72.041	2000	Bahamas	Bahamas	LAC
9	#00BFC4	72.11	2001	Bahamas	Bahamas	LAC
9	#00BFC4	72.232	2002	Bahamas	Bahamas	LAC
9	#00BFC4	72.402	2003	Bahamas	Bahamas	LAC
9	#00BFC4	72.478	2004	Bahamas	Bahamas	LAC
9	#00BFC4	72.765	2005	Bahamas	Bahamas	LAC
9	#00BFC4	72.855	2006	Bahamas	Bahamas	LAC
9	#00BFC4	72.678	2007	Bahamas	Bahamas	LAC
9	#00BFC4	72.667	2008	Bahamas	Bahamas	LAC
9	#00BFC4	72.579	2009	Bahamas	Bahamas	LAC
9	#00BFC4	72.731	2010	Bahamas	Bahamas	LAC
9	#00BFC4	72.564	2011	Bahamas	Bahamas	LAC
9	#00BFC4	72.753	2012	Bahamas	Bahamas	LAC
9	#00BFC4	73.024	2013	Bahamas	Bahamas	LAC
9	#00BFC4	73.366	2014	Bahamas	Bahamas	LAC
9	#00BFC4	73.104	2015	Bahamas	Bahamas	LAC
9	#00BFC4	73.537	2016	Bahamas	Bahamas	LAC
9	#00BFC4	73.632	2017	Bahamas	Bahamas	LAC
9	#00BFC4	73.806	2018	Bahamas	Bahamas	LAC
9	#00BFC4	71.205	2019	Bahamas	Bahamas	LAC
9	#00BFC4	72.677	2020	Bahamas	Bahamas	LAC
9	#00BFC4	71.598	2021	Bahamas	Bahamas	LAC
9	#00BFC4	74.358	2022	Bahamas	Bahamas	LAC
10	#F8766D	72.668	1990	Bahrain	Bahrain	AS
10	#F8766D	72.764	1991	Bahrain	Bahrain	AS
10	#F8766D	72.953	1992	Bahrain	Bahrain	AS
10	#F8766D	73.375	1993	Bahrain	Bahrain	AS
10	#F8766D	73.517	1994	Bahrain	Bahrain	AS
10	#F8766D	73.799	1995	Bahrain	Bahrain	AS
10	#F8766D	74.355	1996	Bahrain	Bahrain	AS
10	#F8766D	74.535	1997	Bahrain	Bahrain	AS
10	#F8766D	74.641	1998	Bahrain	Bahrain	AS
10	#F8766D	74.98	1999	Bahrain	Bahrain	AS
10	#F8766D	75.496	2000	Bahrain	Bahrain	AS
10	#F8766D	75.908	2001	Bahrain	Bahrain	AS
10	#F8766D	76.088	2002	Bahrain	Bahrain	AS
10	#F8766D	76.337	2003	Bahrain	Bahrain	AS
10	#F8766D	76.56	2004	Bahrain	Bahrain	AS
10	#F8766D	76.931	2005	Bahrain	Bahrain	AS
10	#F8766D	77.156	2006	Bahrain	Bahrain	AS
10	#F8766D	77.634	2007	Bahrain	Bahrain	AS
10	#F8766D	78.084	2008	Bahrain	Bahrain	AS
10	#F8766D	78.461	2009	Bahrain	Bahrain	AS
10	#F8766D	78.748	2010	Bahrain	Bahrain	AS
10	#F8766D	78.89	2011	Bahrain	Bahrain	AS
10	#F8766D	79.081	2012	Bahrain	Bahrain	AS
10	#F8766D	79.246	2013	Bahrain	Bahrain	AS
10	#F8766D	79.328	2014	Bahrain	Bahrain	AS
10	#F8766D	79.405	2015	Bahrain	Bahrain	AS
10	#F8766D	79.557	2016	Bahrain	Bahrain	AS
10	#F8766D	79.689	2017	Bahrain	Bahrain	AS
10	#F8766D	79.857	2018	Bahrain	Bahrain	AS
10	#F8766D	80.019	2019	Bahrain	Bahrain	AS
10	#F8766D	79.174	2020	Bahrain	Bahrain	AS
10	#F8766D	78.76	2021	Bahrain	Bahrain	AS
10	#F8766D	79.246	2022	Bahrain	Bahrain	AS
11	#619CFF	55.989	1990	Bangladesh	Bangladesh	SA
11	#619CFF	54.154	1991	Bangladesh	Bangladesh	SA
11	#619CFF	57.635	1992	Bangladesh	Bangladesh	SA
11	#619CFF	57.927	1993	Bangladesh	Bangladesh	SA
11	#619CFF	58.617	1994	Bangladesh	Bangladesh	SA
11	#619CFF	59.467	1995	Bangladesh	Bangladesh	SA
11	#619CFF	59.492	1996	Bangladesh	Bangladesh	SA
11	#619CFF	61.427	1997	Bangladesh	Bangladesh	SA
11	#619CFF	63.917	1998	Bangladesh	Bangladesh	SA
11	#619CFF	66.228	1999	Bangladesh	Bangladesh	SA
11	#619CFF	65.779	2000	Bangladesh	Bangladesh	SA
11	#619CFF	66.135	2001	Bangladesh	Bangladesh	SA
11	#619CFF	66.612	2002	Bangladesh	Bangladesh	SA
11	#619CFF	66.824	2003	Bangladesh	Bangladesh	SA
11	#619CFF	67.187	2004	Bangladesh	Bangladesh	SA
11	#619CFF	67.299	2005	Bangladesh	Bangladesh	SA
11	#619CFF	67.241	2006	Bangladesh	Bangladesh	SA
11	#619CFF	66.714	2007	Bangladesh	Bangladesh	SA
11	#619CFF	67.051	2008	Bangladesh	Bangladesh	SA
11	#619CFF	67.403	2009	Bangladesh	Bangladesh	SA
11	#619CFF	68.638	2010	Bangladesh	Bangladesh	SA
11	#619CFF	68.809	2011	Bangladesh	Bangladesh	SA
11	#619CFF	69.554	2012	Bangladesh	Bangladesh	SA
11	#619CFF	69.565	2013	Bangladesh	Bangladesh	SA
11	#619CFF	69.986	2014	Bangladesh	Bangladesh	SA
11	#619CFF	70.491	2015	Bangladesh	Bangladesh	SA
11	#619CFF	71.09	2016	Bangladesh	Bangladesh	SA
11	#619CFF	71.788	2017	Bangladesh	Bangladesh	SA
11	#619CFF	72.567	2018	Bangladesh	Bangladesh	SA
11	#619CFF	72.806	2019	Bangladesh	Bangladesh	SA
11	#619CFF	71.968	2020	Bangladesh	Bangladesh	SA
11	#619CFF	72.381	2021	Bangladesh	Bangladesh	SA
11	#619CFF	73.698	2022	Bangladesh	Bangladesh	SA
12	#00BFC4	72.752	1990	Barbados	Barbados	LAC
12	#00BFC4	72.843	1991	Barbados	Barbados	LAC
12	#00BFC4	72.915	1992	Barbados	Barbados	LAC
12	#00BFC4	73.19	1993	Barbados	Barbados	LAC
12	#00BFC4	73.211	1994	Barbados	Barbados	LAC
12	#00BFC4	73.298	1995	Barbados	Barbados	LAC
12	#00BFC4	73.546	1996	Barbados	Barbados	LAC
12	#00BFC4	73.547	1997	Barbados	Barbados	LAC
12	#00BFC4	73.728	1998	Barbados	Barbados	LAC
12	#00BFC4	74.039	1999	Barbados	Barbados	LAC
12	#00BFC4	74.089	2000	Barbados	Barbados	LAC
12	#00BFC4	74.247	2001	Barbados	Barbados	LAC
12	#00BFC4	74.366	2002	Barbados	Barbados	LAC
12	#00BFC4	74.472	2003	Barbados	Barbados	LAC
12	#00BFC4	74.727	2004	Barbados	Barbados	LAC
12	#00BFC4	74.89	2005	Barbados	Barbados	LAC
12	#00BFC4	75.068	2006	Barbados	Barbados	LAC
12	#00BFC4	75.342	2007	Barbados	Barbados	LAC
12	#00BFC4	75.447	2008	Barbados	Barbados	LAC
12	#00BFC4	75.678	2009	Barbados	Barbados	LAC
12	#00BFC4	75.712	2010	Barbados	Barbados	LAC
12	#00BFC4	75.917	2011	Barbados	Barbados	LAC
12	#00BFC4	76.099	2012	Barbados	Barbados	LAC
12	#00BFC4	76.275	2013	Barbados	Barbados	LAC
12	#00BFC4	76.476	2014	Barbados	Barbados	LAC
12	#00BFC4	76.65	2015	Barbados	Barbados	LAC
12	#00BFC4	76.815	2016	Barbados	Barbados	LAC
12	#00BFC4	76.936	2017	Barbados	Barbados	LAC
12	#00BFC4	77.067	2018	Barbados	Barbados	LAC
12	#00BFC4	77.257	2019	Barbados	Barbados	LAC
12	#00BFC4	77.393	2020	Barbados	Barbados	LAC
12	#00BFC4	77.571	2021	Barbados	Barbados	LAC
12	#00BFC4	77.706	2022	Barbados	Barbados	LAC
14	#00BFC4	70.744	1990	Belize	Belize	LAC
14	#00BFC4	70.248	1991	Belize	Belize	LAC
14	#00BFC4	69.979	1992	Belize	Belize	LAC
14	#00BFC4	69.988	1993	Belize	Belize	LAC
14	#00BFC4	70.316	1994	Belize	Belize	LAC
14	#00BFC4	69.887	1995	Belize	Belize	LAC
14	#00BFC4	69.806	1996	Belize	Belize	LAC
14	#00BFC4	69.212	1997	Belize	Belize	LAC
14	#00BFC4	68.599	1998	Belize	Belize	LAC
14	#00BFC4	68.773	1999	Belize	Belize	LAC
14	#00BFC4	68.564	2000	Belize	Belize	LAC
14	#00BFC4	68.357	2001	Belize	Belize	LAC
14	#00BFC4	68.752	2002	Belize	Belize	LAC
14	#00BFC4	68.909	2003	Belize	Belize	LAC
14	#00BFC4	69.227	2004	Belize	Belize	LAC
14	#00BFC4	69.376	2005	Belize	Belize	LAC
14	#00BFC4	70.093	2006	Belize	Belize	LAC
14	#00BFC4	70.655	2007	Belize	Belize	LAC
14	#00BFC4	71.151	2008	Belize	Belize	LAC
14	#00BFC4	71.819	2009	Belize	Belize	LAC
14	#00BFC4	72.272	2010	Belize	Belize	LAC
14	#00BFC4	72.651	2011	Belize	Belize	LAC
14	#00BFC4	73.245	2012	Belize	Belize	LAC
14	#00BFC4	73.666	2013	Belize	Belize	LAC
14	#00BFC4	73.311	2014	Belize	Belize	LAC
14	#00BFC4	73.187	2015	Belize	Belize	LAC
14	#00BFC4	73.399	2016	Belize	Belize	LAC
14	#00BFC4	73.562	2017	Belize	Belize	LAC
14	#00BFC4	73.703	2018	Belize	Belize	LAC
14	#00BFC4	73.931	2019	Belize	Belize	LAC
14	#00BFC4	72.854	2020	Belize	Belize	LAC
14	#00BFC4	70.47	2021	Belize	Belize	LAC
14	#00BFC4	70.962	2022	Belize	Belize	LAC
15	#F564E3	53.292	1990	Benin	Benin	SSA
15	#F564E3	53.624	1991	Benin	Benin	SSA
15	#F564E3	54.089	1992	Benin	Benin	SSA
15	#F564E3	54.537	1993	Benin	Benin	SSA
15	#F564E3	54.91	1994	Benin	Benin	SSA
15	#F564E3	55.295	1995	Benin	Benin	SSA
15	#F564E3	55.558	1996	Benin	Benin	SSA
15	#F564E3	55.978	1997	Benin	Benin	SSA
15	#F564E3	56.218	1998	Benin	Benin	SSA
15	#F564E3	56.526	1999	Benin	Benin	SSA
15	#F564E3	56.578	2000	Benin	Benin	SSA
15	#F564E3	56.66	2001	Benin	Benin	SSA
15	#F564E3	56.606	2002	Benin	Benin	SSA
15	#F564E3	56.738	2003	Benin	Benin	SSA
15	#F564E3	56.826	2004	Benin	Benin	SSA
15	#F564E3	57.125	2005	Benin	Benin	SSA
15	#F564E3	57.456	2006	Benin	Benin	SSA
15	#F564E3	57.675	2007	Benin	Benin	SSA
15	#F564E3	57.869	2008	Benin	Benin	SSA
15	#F564E3	57.956	2009	Benin	Benin	SSA
15	#F564E3	58.363	2010	Benin	Benin	SSA
15	#F564E3	58.462	2011	Benin	Benin	SSA
15	#F564E3	58.716	2012	Benin	Benin	SSA
15	#F564E3	58.965	2013	Benin	Benin	SSA
15	#F564E3	59.125	2014	Benin	Benin	SSA
15	#F564E3	59.377	2015	Benin	Benin	SSA
15	#F564E3	59.539	2016	Benin	Benin	SSA
15	#F564E3	59.856	2017	Benin	Benin	SSA
15	#F564E3	60.14	2018	Benin	Benin	SSA
15	#F564E3	60.454	2019	Benin	Benin	SSA
15	#F564E3	60.088	2020	Benin	Benin	SSA
15	#F564E3	59.821	2021	Benin	Benin	SSA
15	#F564E3	59.954	2022	Benin	Benin	SSA
17	#00BFC4	56.422	1990	Bolivia (Plurinational State of)	Bolivia (Plurinational State of)	LAC
17	#00BFC4	57.097	1991	Bolivia (Plurinational State of)	Bolivia (Plurinational State of)	LAC
17	#00BFC4	57.629	1992	Bolivia (Plurinational State of)	Bolivia (Plurinational State of)	LAC
17	#00BFC4	58.418	1993	Bolivia (Plurinational State of)	Bolivia (Plurinational State of)	LAC
17	#00BFC4	58.989	1994	Bolivia (Plurinational State of)	Bolivia (Plurinational State of)	LAC
17	#00BFC4	59.534	1995	Bolivia (Plurinational State of)	Bolivia (Plurinational State of)	LAC
17	#00BFC4	60.084	1996	Bolivia (Plurinational State of)	Bolivia (Plurinational State of)	LAC
17	#00BFC4	60.752	1997	Bolivia (Plurinational State of)	Bolivia (Plurinational State of)	LAC
17	#00BFC4	61.332	1998	Bolivia (Plurinational State of)	Bolivia (Plurinational State of)	LAC
17	#00BFC4	61.871	1999	Bolivia (Plurinational State of)	Bolivia (Plurinational State of)	LAC
17	#00BFC4	62.346	2000	Bolivia (Plurinational State of)	Bolivia (Plurinational State of)	LAC
17	#00BFC4	62.843	2001	Bolivia (Plurinational State of)	Bolivia (Plurinational State of)	LAC
17	#00BFC4	63.306	2002	Bolivia (Plurinational State of)	Bolivia (Plurinational State of)	LAC
17	#00BFC4	63.635	2003	Bolivia (Plurinational State of)	Bolivia (Plurinational State of)	LAC
17	#00BFC4	64.004	2004	Bolivia (Plurinational State of)	Bolivia (Plurinational State of)	LAC
17	#00BFC4	64.386	2005	Bolivia (Plurinational State of)	Bolivia (Plurinational State of)	LAC
17	#00BFC4	64.779	2006	Bolivia (Plurinational State of)	Bolivia (Plurinational State of)	LAC
17	#00BFC4	65.027	2007	Bolivia (Plurinational State of)	Bolivia (Plurinational State of)	LAC
17	#00BFC4	65.446	2008	Bolivia (Plurinational State of)	Bolivia (Plurinational State of)	LAC
17	#00BFC4	65.88	2009	Bolivia (Plurinational State of)	Bolivia (Plurinational State of)	LAC
17	#00BFC4	66.162	2010	Bolivia (Plurinational State of)	Bolivia (Plurinational State of)	LAC
17	#00BFC4	66.534	2011	Bolivia (Plurinational State of)	Bolivia (Plurinational State of)	LAC
17	#00BFC4	66.705	2012	Bolivia (Plurinational State of)	Bolivia (Plurinational State of)	LAC
17	#00BFC4	67.021	2013	Bolivia (Plurinational State of)	Bolivia (Plurinational State of)	LAC
17	#00BFC4	67.163	2014	Bolivia (Plurinational State of)	Bolivia (Plurinational State of)	LAC
17	#00BFC4	67.318	2015	Bolivia (Plurinational State of)	Bolivia (Plurinational State of)	LAC
17	#00BFC4	67.628	2016	Bolivia (Plurinational State of)	Bolivia (Plurinational State of)	LAC
17	#00BFC4	67.701	2017	Bolivia (Plurinational State of)	Bolivia (Plurinational State of)	LAC
17	#00BFC4	67.748	2018	Bolivia (Plurinational State of)	Bolivia (Plurinational State of)	LAC
17	#00BFC4	67.841	2019	Bolivia (Plurinational State of)	Bolivia (Plurinational State of)	LAC
17	#00BFC4	64.467	2020	Bolivia (Plurinational State of)	Bolivia (Plurinational State of)	LAC
17	#00BFC4	63.63	2021	Bolivia (Plurinational State of)	Bolivia (Plurinational State of)	LAC
17	#00BFC4	64.928	2022	Bolivia (Plurinational State of)	Bolivia (Plurinational State of)	LAC
19	#F564E3	60.533	1990	Botswana	Botswana	SSA
19	#F564E3	59.473	1991	Botswana	Botswana	SSA
19	#F564E3	58.348	1992	Botswana	Botswana	SSA
19	#F564E3	57.719	1993	Botswana	Botswana	SSA
19	#F564E3	56.154	1994	Botswana	Botswana	SSA
19	#F564E3	55.059	1995	Botswana	Botswana	SSA
19	#F564E3	54.357	1996	Botswana	Botswana	SSA
19	#F564E3	53.448	1997	Botswana	Botswana	SSA
19	#F564E3	52.523	1998	Botswana	Botswana	SSA
19	#F564E3	51.694	1999	Botswana	Botswana	SSA
19	#F564E3	51.011	2000	Botswana	Botswana	SSA
19	#F564E3	50.676	2001	Botswana	Botswana	SSA
19	#F564E3	50.632	2002	Botswana	Botswana	SSA
19	#F564E3	50.947	2003	Botswana	Botswana	SSA
19	#F564E3	51.617	2004	Botswana	Botswana	SSA
19	#F564E3	52.61	2005	Botswana	Botswana	SSA
19	#F564E3	53.918	2006	Botswana	Botswana	SSA
19	#F564E3	55.732	2007	Botswana	Botswana	SSA
19	#F564E3	57.121	2008	Botswana	Botswana	SSA
19	#F564E3	58.279	2009	Botswana	Botswana	SSA
19	#F564E3	60.013	2010	Botswana	Botswana	SSA
19	#F564E3	60.53	2011	Botswana	Botswana	SSA
19	#F564E3	60.8	2012	Botswana	Botswana	SSA
19	#F564E3	61.996	2013	Botswana	Botswana	SSA
19	#F564E3	62.608	2014	Botswana	Botswana	SSA
19	#F564E3	63.818	2015	Botswana	Botswana	SSA
19	#F564E3	65.464	2016	Botswana	Botswana	SSA
19	#F564E3	66.753	2017	Botswana	Botswana	SSA
19	#F564E3	65.422	2018	Botswana	Botswana	SSA
19	#F564E3	65.464	2019	Botswana	Botswana	SSA
19	#F564E3	65.647	2020	Botswana	Botswana	SSA
19	#F564E3	61.141	2021	Botswana	Botswana	SSA
19	#F564E3	65.913	2022	Botswana	Botswana	SSA
20	#00BFC4	65.985	1990	Brazil	Brazil	LAC
20	#00BFC4	66.31	1991	Brazil	Brazil	LAC
20	#00BFC4	66.708	1992	Brazil	Brazil	LAC
20	#00BFC4	67.109	1993	Brazil	Brazil	LAC
20	#00BFC4	67.568	1994	Brazil	Brazil	LAC
20	#00BFC4	67.919	1995	Brazil	Brazil	LAC
20	#00BFC4	68.409	1996	Brazil	Brazil	LAC
20	#00BFC4	68.813	1997	Brazil	Brazil	LAC
20	#00BFC4	69.189	1998	Brazil	Brazil	LAC
20	#00BFC4	69.524	1999	Brazil	Brazil	LAC
20	#00BFC4	69.737	2000	Brazil	Brazil	LAC
20	#00BFC4	70.195	2001	Brazil	Brazil	LAC
20	#00BFC4	70.41	2002	Brazil	Brazil	LAC
20	#00BFC4	70.72	2003	Brazil	Brazil	LAC
20	#00BFC4	71.131	2004	Brazil	Brazil	LAC
20	#00BFC4	71.753	2005	Brazil	Brazil	LAC
20	#00BFC4	72.037	2006	Brazil	Brazil	LAC
20	#00BFC4	72.365	2007	Brazil	Brazil	LAC
20	#00BFC4	72.715	2008	Brazil	Brazil	LAC
20	#00BFC4	72.948	2009	Brazil	Brazil	LAC
20	#00BFC4	73.182	2010	Brazil	Brazil	LAC
20	#00BFC4	73.343	2011	Brazil	Brazil	LAC
20	#00BFC4	73.552	2012	Brazil	Brazil	LAC
20	#00BFC4	73.918	2013	Brazil	Brazil	LAC
20	#00BFC4	74.306	2014	Brazil	Brazil	LAC
20	#00BFC4	74.332	2015	Brazil	Brazil	LAC
20	#00BFC4	74.442	2016	Brazil	Brazil	LAC
20	#00BFC4	74.827	2017	Brazil	Brazil	LAC
20	#00BFC4	75.109	2018	Brazil	Brazil	LAC
20	#00BFC4	75.338	2019	Brazil	Brazil	LAC
20	#00BFC4	74.009	2020	Brazil	Brazil	LAC
20	#00BFC4	72.75	2021	Brazil	Brazil	LAC
20	#00BFC4	73.425	2022	Brazil	Brazil	LAC
21	#B79F00	71.656	1990	Brunei Darussalam	Brunei Darussalam	EAP
21	#B79F00	71.871	1991	Brunei Darussalam	Brunei Darussalam	EAP
21	#B79F00	72.081	1992	Brunei Darussalam	Brunei Darussalam	EAP
21	#B79F00	72.312	1993	Brunei Darussalam	Brunei Darussalam	EAP
21	#B79F00	72.553	1994	Brunei Darussalam	Brunei Darussalam	EAP
21	#B79F00	72.816	1995	Brunei Darussalam	Brunei Darussalam	EAP
21	#B79F00	73.1	1996	Brunei Darussalam	Brunei Darussalam	EAP
21	#B79F00	73.364	1997	Brunei Darussalam	Brunei Darussalam	EAP
21	#B79F00	73.619	1998	Brunei Darussalam	Brunei Darussalam	EAP
21	#B79F00	73.863	1999	Brunei Darussalam	Brunei Darussalam	EAP
21	#B79F00	74.08	2000	Brunei Darussalam	Brunei Darussalam	EAP
21	#B79F00	74.276	2001	Brunei Darussalam	Brunei Darussalam	EAP
21	#B79F00	74.426	2002	Brunei Darussalam	Brunei Darussalam	EAP
21	#B79F00	74.561	2003	Brunei Darussalam	Brunei Darussalam	EAP
21	#B79F00	74.65	2004	Brunei Darussalam	Brunei Darussalam	EAP
21	#B79F00	74.731	2005	Brunei Darussalam	Brunei Darussalam	EAP
21	#B79F00	74.783	2006	Brunei Darussalam	Brunei Darussalam	EAP
21	#B79F00	74.818	2007	Brunei Darussalam	Brunei Darussalam	EAP
21	#B79F00	74.84	2008	Brunei Darussalam	Brunei Darussalam	EAP
21	#B79F00	74.846	2009	Brunei Darussalam	Brunei Darussalam	EAP
21	#B79F00	74.849	2010	Brunei Darussalam	Brunei Darussalam	EAP
21	#B79F00	74.858	2011	Brunei Darussalam	Brunei Darussalam	EAP
21	#B79F00	74.827	2012	Brunei Darussalam	Brunei Darussalam	EAP
21	#B79F00	74.799	2013	Brunei Darussalam	Brunei Darussalam	EAP
21	#B79F00	74.779	2014	Brunei Darussalam	Brunei Darussalam	EAP
21	#B79F00	74.75	2015	Brunei Darussalam	Brunei Darussalam	EAP
21	#B79F00	74.733	2016	Brunei Darussalam	Brunei Darussalam	EAP
21	#B79F00	74.722	2017	Brunei Darussalam	Brunei Darussalam	EAP
21	#B79F00	74.712	2018	Brunei Darussalam	Brunei Darussalam	EAP
21	#B79F00	74.748	2019	Brunei Darussalam	Brunei Darussalam	EAP
21	#B79F00	74.795	2020	Brunei Darussalam	Brunei Darussalam	EAP
21	#B79F00	74.642	2021	Brunei Darussalam	Brunei Darussalam	EAP
21	#B79F00	74.551	2022	Brunei Darussalam	Brunei Darussalam	EAP
23	#F564E3	44.86	1990	Burundi	Burundi	SSA
23	#F564E3	44.227	1991	Burundi	Burundi	SSA
23	#F564E3	43.895	1992	Burundi	Burundi	SSA
23	#F564E3	37.105	1993	Burundi	Burundi	SSA
23	#F564E3	44.08	1994	Burundi	Burundi	SSA
23	#F564E3	44.059	1995	Burundi	Burundi	SSA
23	#F564E3	44.373	1996	Burundi	Burundi	SSA
23	#F564E3	45.387	1997	Burundi	Burundi	SSA
23	#F564E3	46.552	1998	Burundi	Burundi	SSA
23	#F564E3	47.528	1999	Burundi	Burundi	SSA
23	#F564E3	47.514	2000	Burundi	Burundi	SSA
23	#F564E3	48.431	2001	Burundi	Burundi	SSA
23	#F564E3	49.891	2002	Burundi	Burundi	SSA
23	#F564E3	50.857	2003	Burundi	Burundi	SSA
23	#F564E3	52.01	2004	Burundi	Burundi	SSA
23	#F564E3	53.023	2005	Burundi	Burundi	SSA
23	#F564E3	53.869	2006	Burundi	Burundi	SSA
23	#F564E3	54.727	2007	Burundi	Burundi	SSA
23	#F564E3	55.71	2008	Burundi	Burundi	SSA
23	#F564E3	56.388	2009	Burundi	Burundi	SSA
23	#F564E3	57.081	2010	Burundi	Burundi	SSA
23	#F564E3	57.769	2011	Burundi	Burundi	SSA
23	#F564E3	58.493	2012	Burundi	Burundi	SSA
23	#F564E3	59.235	2013	Burundi	Burundi	SSA
23	#F564E3	59.868	2014	Burundi	Burundi	SSA
23	#F564E3	60.217	2015	Burundi	Burundi	SSA
23	#F564E3	60.793	2016	Burundi	Burundi	SSA
23	#F564E3	61.553	2017	Burundi	Burundi	SSA
23	#F564E3	61.688	2018	Burundi	Burundi	SSA
23	#F564E3	62.351	2019	Burundi	Burundi	SSA
23	#F564E3	61.566	2020	Burundi	Burundi	SSA
23	#F564E3	61.663	2021	Burundi	Burundi	SSA
23	#F564E3	61.977	2022	Burundi	Burundi	SSA
25	#B79F00	55.434	1990	Cambodia	Cambodia	EAP
25	#B79F00	55.793	1991	Cambodia	Cambodia	EAP
25	#B79F00	56.021	1992	Cambodia	Cambodia	EAP
25	#B79F00	56.08	1993	Cambodia	Cambodia	EAP
25	#B79F00	56.035	1994	Cambodia	Cambodia	EAP
25	#B79F00	56.308	1995	Cambodia	Cambodia	EAP
25	#B79F00	56.346	1996	Cambodia	Cambodia	EAP
25	#B79F00	56.743	1997	Cambodia	Cambodia	EAP
25	#B79F00	57.028	1998	Cambodia	Cambodia	EAP
25	#B79F00	57.69	1999	Cambodia	Cambodia	EAP
25	#B79F00	58.625	2000	Cambodia	Cambodia	EAP
25	#B79F00	59.966	2001	Cambodia	Cambodia	EAP
25	#B79F00	61.226	2002	Cambodia	Cambodia	EAP
25	#B79F00	62.523	2003	Cambodia	Cambodia	EAP
25	#B79F00	63.552	2004	Cambodia	Cambodia	EAP
25	#B79F00	64.293	2005	Cambodia	Cambodia	EAP
25	#B79F00	65.059	2006	Cambodia	Cambodia	EAP
25	#B79F00	65.731	2007	Cambodia	Cambodia	EAP
25	#B79F00	66.47	2008	Cambodia	Cambodia	EAP
25	#B79F00	67.444	2009	Cambodia	Cambodia	EAP
25	#B79F00	67.712	2010	Cambodia	Cambodia	EAP
25	#B79F00	68.416	2011	Cambodia	Cambodia	EAP
25	#B79F00	68.915	2012	Cambodia	Cambodia	EAP
25	#B79F00	69.304	2013	Cambodia	Cambodia	EAP
25	#B79F00	69.736	2014	Cambodia	Cambodia	EAP
25	#B79F00	69.873	2015	Cambodia	Cambodia	EAP
25	#B79F00	70.224	2016	Cambodia	Cambodia	EAP
25	#B79F00	70.515	2017	Cambodia	Cambodia	EAP
25	#B79F00	70.561	2018	Cambodia	Cambodia	EAP
25	#B79F00	70.692	2019	Cambodia	Cambodia	EAP
25	#B79F00	70.416	2020	Cambodia	Cambodia	EAP
25	#B79F00	69.584	2021	Cambodia	Cambodia	EAP
25	#B79F00	69.896	2022	Cambodia	Cambodia	EAP
26	#F564E3	54.868	1990	Cameroon	Cameroon	SSA
26	#F564E3	54.658	1991	Cameroon	Cameroon	SSA
26	#F564E3	54.481	1992	Cameroon	Cameroon	SSA
26	#F564E3	54.062	1993	Cameroon	Cameroon	SSA
26	#F564E3	53.528	1994	Cameroon	Cameroon	SSA
26	#F564E3	53.222	1995	Cameroon	Cameroon	SSA
26	#F564E3	52.82	1996	Cameroon	Cameroon	SSA
26	#F564E3	52.737	1997	Cameroon	Cameroon	SSA
26	#F564E3	52.582	1998	Cameroon	Cameroon	SSA
26	#F564E3	52.695	1999	Cameroon	Cameroon	SSA
26	#F564E3	52.932	2000	Cameroon	Cameroon	SSA
26	#F564E3	53.142	2001	Cameroon	Cameroon	SSA
26	#F564E3	53.415	2002	Cameroon	Cameroon	SSA
26	#F564E3	53.883	2003	Cameroon	Cameroon	SSA
26	#F564E3	54.178	2004	Cameroon	Cameroon	SSA
26	#F564E3	54.362	2005	Cameroon	Cameroon	SSA
26	#F564E3	54.856	2006	Cameroon	Cameroon	SSA
26	#F564E3	55.165	2007	Cameroon	Cameroon	SSA
26	#F564E3	55.655	2008	Cameroon	Cameroon	SSA
26	#F564E3	56.102	2009	Cameroon	Cameroon	SSA
26	#F564E3	56.582	2010	Cameroon	Cameroon	SSA
26	#F564E3	57.133	2011	Cameroon	Cameroon	SSA
26	#F564E3	57.792	2012	Cameroon	Cameroon	SSA
26	#F564E3	58.476	2013	Cameroon	Cameroon	SSA
26	#F564E3	58.935	2014	Cameroon	Cameroon	SSA
26	#F564E3	59.658	2015	Cameroon	Cameroon	SSA
26	#F564E3	60.233	2016	Cameroon	Cameroon	SSA
26	#F564E3	60.81	2017	Cameroon	Cameroon	SSA
26	#F564E3	61.18	2018	Cameroon	Cameroon	SSA
26	#F564E3	61.584	2019	Cameroon	Cameroon	SSA
26	#F564E3	60.833	2020	Cameroon	Cameroon	SSA
26	#F564E3	60.333	2021	Cameroon	Cameroon	SSA
26	#F564E3	60.958	2022	Cameroon	Cameroon	SSA
27	#F564E3	49.635	1990	Central African Republic	Central African Republic	SSA
27	#F564E3	49.252	1991	Central African Republic	Central African Republic	SSA
27	#F564E3	48.793	1992	Central African Republic	Central African Republic	SSA
27	#F564E3	48.353	1993	Central African Republic	Central African Republic	SSA
27	#F564E3	47.853	1994	Central African Republic	Central African Republic	SSA
27	#F564E3	47.35	1995	Central African Republic	Central African Republic	SSA
27	#F564E3	46.831	1996	Central African Republic	Central African Republic	SSA
27	#F564E3	46.319	1997	Central African Republic	Central African Republic	SSA
27	#F564E3	46.025	1998	Central African Republic	Central African Republic	SSA
27	#F564E3	45.75	1999	Central African Republic	Central African Republic	SSA
27	#F564E3	45.406	2000	Central African Republic	Central African Republic	SSA
27	#F564E3	45.393	2001	Central African Republic	Central African Republic	SSA
27	#F564E3	45.409	2002	Central African Republic	Central African Republic	SSA
27	#F564E3	45.76	2003	Central African Republic	Central African Republic	SSA
27	#F564E3	46.038	2004	Central African Republic	Central African Republic	SSA
27	#F564E3	46.433	2005	Central African Republic	Central African Republic	SSA
27	#F564E3	46.851	2006	Central African Republic	Central African Republic	SSA
27	#F564E3	47.426	2007	Central African Republic	Central African Republic	SSA
27	#F564E3	48.016	2008	Central African Republic	Central African Republic	SSA
27	#F564E3	48.648	2009	Central African Republic	Central African Republic	SSA
27	#F564E3	49.255	2010	Central African Republic	Central African Republic	SSA
27	#F564E3	49.948	2011	Central African Republic	Central African Republic	SSA
27	#F564E3	50.686	2012	Central African Republic	Central African Republic	SSA
27	#F564E3	50.902	2013	Central African Republic	Central African Republic	SSA
27	#F564E3	50.566	2014	Central African Republic	Central African Republic	SSA
27	#F564E3	52.793	2015	Central African Republic	Central African Republic	SSA
27	#F564E3	53.46	2016	Central African Republic	Central African Republic	SSA
27	#F564E3	53.721	2017	Central African Republic	Central African Republic	SSA
27	#F564E3	54.369	2018	Central African Republic	Central African Republic	SSA
27	#F564E3	55.025	2019	Central African Republic	Central African Republic	SSA
27	#F564E3	54.604	2020	Central African Republic	Central African Republic	SSA
27	#F564E3	53.895	2021	Central African Republic	Central African Republic	SSA
27	#F564E3	54.477	2022	Central African Republic	Central African Republic	SSA
29	#00BFC4	72.574	1990	Chile	Chile	LAC
29	#00BFC4	73.574	1991	Chile	Chile	LAC
29	#00BFC4	74.135	1992	Chile	Chile	LAC
29	#00BFC4	74.195	1993	Chile	Chile	LAC
29	#00BFC4	74.614	1994	Chile	Chile	LAC
29	#00BFC4	74.609	1995	Chile	Chile	LAC
29	#00BFC4	74.899	1996	Chile	Chile	LAC
29	#00BFC4	75.596	1997	Chile	Chile	LAC
29	#00BFC4	75.669	1998	Chile	Chile	LAC
29	#00BFC4	76.018	1999	Chile	Chile	LAC
29	#00BFC4	76.87	2000	Chile	Chile	LAC
29	#00BFC4	76.773	2001	Chile	Chile	LAC
29	#00BFC4	77.445	2002	Chile	Chile	LAC
29	#00BFC4	77.387	2003	Chile	Chile	LAC
29	#00BFC4	77.616	2004	Chile	Chile	LAC
29	#00BFC4	78.016	2005	Chile	Chile	LAC
29	#00BFC4	78.261	2006	Chile	Chile	LAC
29	#00BFC4	77.826	2007	Chile	Chile	LAC
29	#00BFC4	78.484	2008	Chile	Chile	LAC
29	#00BFC4	78.741	2009	Chile	Chile	LAC
29	#00BFC4	78.501	2010	Chile	Chile	LAC
29	#00BFC4	79.11	2011	Chile	Chile	LAC
29	#00BFC4	79.023	2012	Chile	Chile	LAC
29	#00BFC4	79.339	2013	Chile	Chile	LAC
29	#00BFC4	79.473	2014	Chile	Chile	LAC
29	#00BFC4	79.746	2015	Chile	Chile	LAC
29	#00BFC4	80.079	2016	Chile	Chile	LAC
29	#00BFC4	80.35	2017	Chile	Chile	LAC
29	#00BFC4	80.133	2018	Chile	Chile	LAC
29	#00BFC4	80.326	2019	Chile	Chile	LAC
29	#00BFC4	79.377	2020	Chile	Chile	LAC
29	#00BFC4	78.944	2021	Chile	Chile	LAC
29	#00BFC4	79.519	2022	Chile	Chile	LAC
30	#B79F00	68.005	1990	China	China	EAP
30	#B79F00	68.169	1991	China	China	EAP
30	#B79F00	68.734	1992	China	China	EAP
30	#B79F00	69.216	1993	China	China	EAP
30	#B79F00	69.52	1994	China	China	EAP
30	#B79F00	70.008	1995	China	China	EAP
30	#B79F00	70.266	1996	China	China	EAP
30	#B79F00	70.672	1997	China	China	EAP
30	#B79F00	71.172	1998	China	China	EAP
30	#B79F00	71.419	1999	China	China	EAP
30	#B79F00	71.881	2000	China	China	EAP
30	#B79F00	72.606	2001	China	China	EAP
30	#B79F00	72.985	2002	China	China	EAP
30	#B79F00	73.371	2003	China	China	EAP
30	#B79F00	73.748	2004	China	China	EAP
30	#B79F00	74.111	2005	China	China	EAP
30	#B79F00	74.504	2006	China	China	EAP
30	#B79F00	74.762	2007	China	China	EAP
30	#B79F00	74.872	2008	China	China	EAP
30	#B79F00	75.343	2009	China	China	EAP
30	#B79F00	75.599	2010	China	China	EAP
30	#B79F00	75.903	2011	China	China	EAP
30	#B79F00	76.192	2012	China	China	EAP
30	#B79F00	76.452	2013	China	China	EAP
30	#B79F00	76.717	2014	China	China	EAP
30	#B79F00	76.977	2015	China	China	EAP
30	#B79F00	77.218	2016	China	China	EAP
30	#B79F00	77.248	2017	China	China	EAP
30	#B79F00	77.744	2018	China	China	EAP
30	#B79F00	77.968	2019	China	China	EAP
30	#B79F00	78.077	2020	China	China	EAP
30	#B79F00	78.211	2021	China	China	EAP
30	#B79F00	78.587	2022	China	China	EAP
31	#00BFC4	68.644	1990	Colombia	Colombia	LAC
31	#00BFC4	68.813	1991	Colombia	Colombia	LAC
31	#00BFC4	69.038	1992	Colombia	Colombia	LAC
31	#00BFC4	69.342	1993	Colombia	Colombia	LAC
31	#00BFC4	69.613	1994	Colombia	Colombia	LAC
31	#00BFC4	69.933	1995	Colombia	Colombia	LAC
31	#00BFC4	70.189	1996	Colombia	Colombia	LAC
31	#00BFC4	70.492	1997	Colombia	Colombia	LAC
31	#00BFC4	70.738	1998	Colombia	Colombia	LAC
31	#00BFC4	70.926	1999	Colombia	Colombia	LAC
31	#00BFC4	71.32	2000	Colombia	Colombia	LAC
31	#00BFC4	71.502	2001	Colombia	Colombia	LAC
31	#00BFC4	71.939	2002	Colombia	Colombia	LAC
31	#00BFC4	72.361	2003	Colombia	Colombia	LAC
31	#00BFC4	72.695	2004	Colombia	Colombia	LAC
31	#00BFC4	73.081	2005	Colombia	Colombia	LAC
31	#00BFC4	73.468	2006	Colombia	Colombia	LAC
31	#00BFC4	73.837	2007	Colombia	Colombia	LAC
31	#00BFC4	74.295	2008	Colombia	Colombia	LAC
31	#00BFC4	74.742	2009	Colombia	Colombia	LAC
31	#00BFC4	75.033	2010	Colombia	Colombia	LAC
31	#00BFC4	75.32	2011	Colombia	Colombia	LAC
31	#00BFC4	75.597	2012	Colombia	Colombia	LAC
31	#00BFC4	75.827	2013	Colombia	Colombia	LAC
31	#00BFC4	76.043	2014	Colombia	Colombia	LAC
31	#00BFC4	76.257	2015	Colombia	Colombia	LAC
31	#00BFC4	76.471	2016	Colombia	Colombia	LAC
31	#00BFC4	76.646	2017	Colombia	Colombia	LAC
31	#00BFC4	76.748	2018	Colombia	Colombia	LAC
31	#00BFC4	76.752	2019	Colombia	Colombia	LAC
31	#00BFC4	74.769	2020	Colombia	Colombia	LAC
31	#00BFC4	72.83	2021	Colombia	Colombia	LAC
31	#00BFC4	73.659	2022	Colombia	Colombia	LAC
33	#F564E3	55.926	1990	Congo	Congo	SSA
33	#F564E3	55.243	1991	Congo	Congo	SSA
33	#F564E3	54.663	1992	Congo	Congo	SSA
33	#F564E3	54.146	1993	Congo	Congo	SSA
33	#F564E3	53.738	1994	Congo	Congo	SSA
33	#F564E3	53.644	1995	Congo	Congo	SSA
33	#F564E3	53.491	1996	Congo	Congo	SSA
33	#F564E3	47.19	1997	Congo	Congo	SSA
33	#F564E3	50.894	1998	Congo	Congo	SSA
33	#F564E3	52.757	1999	Congo	Congo	SSA
33	#F564E3	53.682	2000	Congo	Congo	SSA
33	#F564E3	54.395	2001	Congo	Congo	SSA
33	#F564E3	55.088	2002	Congo	Congo	SSA
33	#F564E3	55.948	2003	Congo	Congo	SSA
33	#F564E3	56.986	2004	Congo	Congo	SSA
33	#F564E3	58.126	2005	Congo	Congo	SSA
33	#F564E3	58.878	2006	Congo	Congo	SSA
33	#F564E3	59.643	2007	Congo	Congo	SSA
33	#F564E3	60.426	2008	Congo	Congo	SSA
33	#F564E3	61.088	2009	Congo	Congo	SSA
33	#F564E3	61.683	2010	Congo	Congo	SSA
33	#F564E3	61.992	2011	Congo	Congo	SSA
33	#F564E3	62.317	2012	Congo	Congo	SSA
33	#F564E3	62.695	2013	Congo	Congo	SSA
33	#F564E3	62.95	2014	Congo	Congo	SSA
33	#F564E3	63.233	2015	Congo	Congo	SSA
33	#F564E3	63.577	2016	Congo	Congo	SSA
33	#F564E3	63.76	2017	Congo	Congo	SSA
33	#F564E3	64.053	2018	Congo	Congo	SSA
33	#F564E3	62.747	2019	Congo	Congo	SSA
33	#F564E3	63.785	2020	Congo	Congo	SSA
33	#F564E3	63.519	2021	Congo	Congo	SSA
33	#F564E3	63.053	2022	Congo	Congo	SSA
34	#F564E3	48.601	1990	Congo (Democratic Republic of the)	Congo (Democratic Republic of the)	SSA
34	#F564E3	48.948	1991	Congo (Democratic Republic of the)	Congo (Democratic Republic of the)	SSA
34	#F564E3	49.244	1992	Congo (Democratic Republic of the)	Congo (Democratic Republic of the)	SSA
34	#F564E3	49.551	1993	Congo (Democratic Republic of the)	Congo (Democratic Republic of the)	SSA
34	#F564E3	49.884	1994	Congo (Democratic Republic of the)	Congo (Democratic Republic of the)	SSA
34	#F564E3	50.411	1995	Congo (Democratic Republic of the)	Congo (Democratic Republic of the)	SSA
34	#F564E3	49.307	1996	Congo (Democratic Republic of the)	Congo (Democratic Republic of the)	SSA
34	#F564E3	50.402	1997	Congo (Democratic Republic of the)	Congo (Democratic Republic of the)	SSA
34	#F564E3	49.696	1998	Congo (Democratic Republic of the)	Congo (Democratic Republic of the)	SSA
34	#F564E3	49.945	1999	Congo (Democratic Republic of the)	Congo (Democratic Republic of the)	SSA
34	#F564E3	51.781	2000	Congo (Democratic Republic of the)	Congo (Democratic Republic of the)	SSA
34	#F564E3	52.116	2001	Congo (Democratic Republic of the)	Congo (Democratic Republic of the)	SSA
34	#F564E3	52.333	2002	Congo (Democratic Republic of the)	Congo (Democratic Republic of the)	SSA
34	#F564E3	52.827	2003	Congo (Democratic Republic of the)	Congo (Democratic Republic of the)	SSA
34	#F564E3	53.426	2004	Congo (Democratic Republic of the)	Congo (Democratic Republic of the)	SSA
34	#F564E3	53.927	2005	Congo (Democratic Republic of the)	Congo (Democratic Republic of the)	SSA
34	#F564E3	54.534	2006	Congo (Democratic Republic of the)	Congo (Democratic Republic of the)	SSA
34	#F564E3	54.923	2007	Congo (Democratic Republic of the)	Congo (Democratic Republic of the)	SSA
34	#F564E3	55.339	2008	Congo (Democratic Republic of the)	Congo (Democratic Republic of the)	SSA
34	#F564E3	55.836	2009	Congo (Democratic Republic of the)	Congo (Democratic Republic of the)	SSA
34	#F564E3	56.417	2010	Congo (Democratic Republic of the)	Congo (Democratic Republic of the)	SSA
34	#F564E3	57.069	2011	Congo (Democratic Republic of the)	Congo (Democratic Republic of the)	SSA
34	#F564E3	57.248	2012	Congo (Democratic Republic of the)	Congo (Democratic Republic of the)	SSA
34	#F564E3	57.762	2013	Congo (Democratic Republic of the)	Congo (Democratic Republic of the)	SSA
34	#F564E3	58.296	2014	Congo (Democratic Republic of the)	Congo (Democratic Republic of the)	SSA
34	#F564E3	58.49	2015	Congo (Democratic Republic of the)	Congo (Democratic Republic of the)	SSA
34	#F564E3	59.066	2016	Congo (Democratic Republic of the)	Congo (Democratic Republic of the)	SSA
34	#F564E3	59.411	2017	Congo (Democratic Republic of the)	Congo (Democratic Republic of the)	SSA
34	#F564E3	59.942	2018	Congo (Democratic Republic of the)	Congo (Democratic Republic of the)	SSA
34	#F564E3	60.276	2019	Congo (Democratic Republic of the)	Congo (Democratic Republic of the)	SSA
34	#F564E3	59.739	2020	Congo (Democratic Republic of the)	Congo (Democratic Republic of the)	SSA
34	#F564E3	59.193	2021	Congo (Democratic Republic of the)	Congo (Democratic Republic of the)	SSA
34	#F564E3	59.743	2022	Congo (Democratic Republic of the)	Congo (Democratic Republic of the)	SSA
35	#00BFC4	76.63	1990	Costa Rica	Costa Rica	LAC
35	#00BFC4	76.591	1991	Costa Rica	Costa Rica	LAC
35	#00BFC4	76.627	1992	Costa Rica	Costa Rica	LAC
35	#00BFC4	76.703	1993	Costa Rica	Costa Rica	LAC
35	#00BFC4	76.67	1994	Costa Rica	Costa Rica	LAC
35	#00BFC4	76.552	1995	Costa Rica	Costa Rica	LAC
35	#00BFC4	76.804	1996	Costa Rica	Costa Rica	LAC
35	#00BFC4	77.07	1997	Costa Rica	Costa Rica	LAC
35	#00BFC4	76.896	1998	Costa Rica	Costa Rica	LAC
35	#00BFC4	77.138	1999	Costa Rica	Costa Rica	LAC
35	#00BFC4	77.586	2000	Costa Rica	Costa Rica	LAC
35	#00BFC4	77.545	2001	Costa Rica	Costa Rica	LAC
35	#00BFC4	77.983	2002	Costa Rica	Costa Rica	LAC
35	#00BFC4	78.072	2003	Costa Rica	Costa Rica	LAC
35	#00BFC4	78.331	2004	Costa Rica	Costa Rica	LAC
35	#00BFC4	78.505	2005	Costa Rica	Costa Rica	LAC
35	#00BFC4	78.514	2006	Costa Rica	Costa Rica	LAC
35	#00BFC4	78.462	2007	Costa Rica	Costa Rica	LAC
35	#00BFC4	78.445	2008	Costa Rica	Costa Rica	LAC
35	#00BFC4	78.672	2009	Costa Rica	Costa Rica	LAC
35	#00BFC4	78.67	2010	Costa Rica	Costa Rica	LAC
35	#00BFC4	79.348	2011	Costa Rica	Costa Rica	LAC
35	#00BFC4	79.283	2012	Costa Rica	Costa Rica	LAC
35	#00BFC4	79.403	2013	Costa Rica	Costa Rica	LAC
35	#00BFC4	78.774	2014	Costa Rica	Costa Rica	LAC
35	#00BFC4	79.086	2015	Costa Rica	Costa Rica	LAC
35	#00BFC4	79.459	2016	Costa Rica	Costa Rica	LAC
35	#00BFC4	79.377	2017	Costa Rica	Costa Rica	LAC
35	#00BFC4	79.484	2018	Costa Rica	Costa Rica	LAC
35	#00BFC4	79.427	2019	Costa Rica	Costa Rica	LAC
35	#00BFC4	79.277	2020	Costa Rica	Costa Rica	LAC
35	#00BFC4	77.023	2021	Costa Rica	Costa Rica	LAC
35	#00BFC4	77.32	2022	Costa Rica	Costa Rica	LAC
36	#F564E3	52.603	1990	Côte d'Ivoire	Côte d'Ivoire	SSA
36	#F564E3	52.323	1991	Côte d'Ivoire	Côte d'Ivoire	SSA
36	#F564E3	52.138	1992	Côte d'Ivoire	Côte d'Ivoire	SSA
36	#F564E3	51.925	1993	Côte d'Ivoire	Côte d'Ivoire	SSA
36	#F564E3	51.737	1994	Côte d'Ivoire	Côte d'Ivoire	SSA
36	#F564E3	51.61	1995	Côte d'Ivoire	Côte d'Ivoire	SSA
36	#F564E3	51.52	1996	Côte d'Ivoire	Côte d'Ivoire	SSA
36	#F564E3	51.449	1997	Côte d'Ivoire	Côte d'Ivoire	SSA
36	#F564E3	51.108	1998	Côte d'Ivoire	Côte d'Ivoire	SSA
36	#F564E3	50.957	1999	Côte d'Ivoire	Côte d'Ivoire	SSA
36	#F564E3	50.842	2000	Côte d'Ivoire	Côte d'Ivoire	SSA
36	#F564E3	50.81	2001	Côte d'Ivoire	Côte d'Ivoire	SSA
36	#F564E3	50.886	2002	Côte d'Ivoire	Côte d'Ivoire	SSA
36	#F564E3	50.954	2003	Côte d'Ivoire	Côte d'Ivoire	SSA
36	#F564E3	51.363	2004	Côte d'Ivoire	Côte d'Ivoire	SSA
36	#F564E3	51.824	2005	Côte d'Ivoire	Côte d'Ivoire	SSA
36	#F564E3	52.355	2006	Côte d'Ivoire	Côte d'Ivoire	SSA
36	#F564E3	52.97	2007	Côte d'Ivoire	Côte d'Ivoire	SSA
36	#F564E3	53.653	2008	Côte d'Ivoire	Côte d'Ivoire	SSA
36	#F564E3	54.394	2009	Côte d'Ivoire	Côte d'Ivoire	SSA
36	#F564E3	55.023	2010	Côte d'Ivoire	Côte d'Ivoire	SSA
36	#F564E3	55.52	2011	Côte d'Ivoire	Côte d'Ivoire	SSA
36	#F564E3	56.158	2012	Côte d'Ivoire	Côte d'Ivoire	SSA
36	#F564E3	56.748	2013	Côte d'Ivoire	Côte d'Ivoire	SSA
36	#F564E3	57.208	2014	Côte d'Ivoire	Côte d'Ivoire	SSA
36	#F564E3	57.762	2015	Côte d'Ivoire	Côte d'Ivoire	SSA
36	#F564E3	58.06	2016	Côte d'Ivoire	Côte d'Ivoire	SSA
36	#F564E3	58.48	2017	Côte d'Ivoire	Côte d'Ivoire	SSA
36	#F564E3	58.849	2018	Côte d'Ivoire	Côte d'Ivoire	SSA
36	#F564E3	59.319	2019	Côte d'Ivoire	Côte d'Ivoire	SSA
36	#F564E3	59.032	2020	Côte d'Ivoire	Côte d'Ivoire	SSA
36	#F564E3	58.598	2021	Côte d'Ivoire	Côte d'Ivoire	SSA
36	#F564E3	58.916	2022	Côte d'Ivoire	Côte d'Ivoire	SSA
37	#00BFC4	74.039	1990	Cuba	Cuba	LAC
37	#00BFC4	74.093	1991	Cuba	Cuba	LAC
37	#00BFC4	74.162	1992	Cuba	Cuba	LAC
37	#00BFC4	74.261	1993	Cuba	Cuba	LAC
37	#00BFC4	74.411	1994	Cuba	Cuba	LAC
37	#00BFC4	74.623	1995	Cuba	Cuba	LAC
37	#00BFC4	74.903	1996	Cuba	Cuba	LAC
37	#00BFC4	75.222	1997	Cuba	Cuba	LAC
37	#00BFC4	75.564	1998	Cuba	Cuba	LAC
37	#00BFC4	75.893	1999	Cuba	Cuba	LAC
37	#00BFC4	76.183	2000	Cuba	Cuba	LAC
37	#00BFC4	76.421	2001	Cuba	Cuba	LAC
37	#00BFC4	76.612	2002	Cuba	Cuba	LAC
37	#00BFC4	76.773	2003	Cuba	Cuba	LAC
37	#00BFC4	76.912	2004	Cuba	Cuba	LAC
37	#00BFC4	77.047	2005	Cuba	Cuba	LAC
37	#00BFC4	77.179	2006	Cuba	Cuba	LAC
37	#00BFC4	77.307	2007	Cuba	Cuba	LAC
37	#00BFC4	77.429	2008	Cuba	Cuba	LAC
37	#00BFC4	77.548	2009	Cuba	Cuba	LAC
37	#00BFC4	77.661	2010	Cuba	Cuba	LAC
37	#00BFC4	77.76	2011	Cuba	Cuba	LAC
37	#00BFC4	77.833	2012	Cuba	Cuba	LAC
37	#00BFC4	77.87	2013	Cuba	Cuba	LAC
37	#00BFC4	77.853	2014	Cuba	Cuba	LAC
37	#00BFC4	77.772	2015	Cuba	Cuba	LAC
37	#00BFC4	77.643	2016	Cuba	Cuba	LAC
37	#00BFC4	77.529	2017	Cuba	Cuba	LAC
37	#00BFC4	77.496	2018	Cuba	Cuba	LAC
37	#00BFC4	77.611	2019	Cuba	Cuba	LAC
37	#00BFC4	77.567	2020	Cuba	Cuba	LAC
37	#00BFC4	73.683	2021	Cuba	Cuba	LAC
37	#00BFC4	78.155	2022	Cuba	Cuba	LAC
40	#00BFC4	67.11	1990	Dominican Republic	Dominican Republic	LAC
40	#00BFC4	67.625	1991	Dominican Republic	Dominican Republic	LAC
40	#00BFC4	68.084	1992	Dominican Republic	Dominican Republic	LAC
40	#00BFC4	68.472	1993	Dominican Republic	Dominican Republic	LAC
40	#00BFC4	68.792	1994	Dominican Republic	Dominican Republic	LAC
40	#00BFC4	68.988	1995	Dominican Republic	Dominican Republic	LAC
40	#00BFC4	69.097	1996	Dominican Republic	Dominican Republic	LAC
40	#00BFC4	69.166	1997	Dominican Republic	Dominican Republic	LAC
40	#00BFC4	69.096	1998	Dominican Republic	Dominican Republic	LAC
40	#00BFC4	69.279	1999	Dominican Republic	Dominican Republic	LAC
40	#00BFC4	69.423	2000	Dominican Republic	Dominican Republic	LAC
40	#00BFC4	69.642	2001	Dominican Republic	Dominican Republic	LAC
40	#00BFC4	69.923	2002	Dominican Republic	Dominican Republic	LAC
40	#00BFC4	70.265	2003	Dominican Republic	Dominican Republic	LAC
40	#00BFC4	70.331	2004	Dominican Republic	Dominican Republic	LAC
40	#00BFC4	70.875	2005	Dominican Republic	Dominican Republic	LAC
40	#00BFC4	71.165	2006	Dominican Republic	Dominican Republic	LAC
40	#00BFC4	71.371	2007	Dominican Republic	Dominican Republic	LAC
40	#00BFC4	71.658	2008	Dominican Republic	Dominican Republic	LAC
40	#00BFC4	71.871	2009	Dominican Republic	Dominican Republic	LAC
40	#00BFC4	72.093	2010	Dominican Republic	Dominican Republic	LAC
40	#00BFC4	72.221	2011	Dominican Republic	Dominican Republic	LAC
40	#00BFC4	72.514	2012	Dominican Republic	Dominican Republic	LAC
40	#00BFC4	72.713	2013	Dominican Republic	Dominican Republic	LAC
40	#00BFC4	72.867	2014	Dominican Republic	Dominican Republic	LAC
40	#00BFC4	72.953	2015	Dominican Republic	Dominican Republic	LAC
40	#00BFC4	72.987	2016	Dominican Republic	Dominican Republic	LAC
40	#00BFC4	73.063	2017	Dominican Republic	Dominican Republic	LAC
40	#00BFC4	73.232	2018	Dominican Republic	Dominican Republic	LAC
40	#00BFC4	73.577	2019	Dominican Republic	Dominican Republic	LAC
40	#00BFC4	72.889	2020	Dominican Republic	Dominican Republic	LAC
40	#00BFC4	72.615	2021	Dominican Republic	Dominican Republic	LAC
40	#00BFC4	74.17	2022	Dominican Republic	Dominican Republic	LAC
41	#00BFC4	69.348	1990	Ecuador	Ecuador	LAC
41	#00BFC4	69.625	1991	Ecuador	Ecuador	LAC
41	#00BFC4	70.117	1992	Ecuador	Ecuador	LAC
41	#00BFC4	70.345	1993	Ecuador	Ecuador	LAC
41	#00BFC4	70.757	1994	Ecuador	Ecuador	LAC
41	#00BFC4	71.041	1995	Ecuador	Ecuador	LAC
41	#00BFC4	71.362	1996	Ecuador	Ecuador	LAC
41	#00BFC4	71.681	1997	Ecuador	Ecuador	LAC
41	#00BFC4	72.045	1998	Ecuador	Ecuador	LAC
41	#00BFC4	72.463	1999	Ecuador	Ecuador	LAC
41	#00BFC4	72.839	2000	Ecuador	Ecuador	LAC
41	#00BFC4	73.24	2001	Ecuador	Ecuador	LAC
41	#00BFC4	73.613	2002	Ecuador	Ecuador	LAC
41	#00BFC4	73.975	2003	Ecuador	Ecuador	LAC
41	#00BFC4	74.279	2004	Ecuador	Ecuador	LAC
41	#00BFC4	74.514	2005	Ecuador	Ecuador	LAC
41	#00BFC4	74.689	2006	Ecuador	Ecuador	LAC
41	#00BFC4	74.844	2007	Ecuador	Ecuador	LAC
41	#00BFC4	74.983	2008	Ecuador	Ecuador	LAC
41	#00BFC4	75.184	2009	Ecuador	Ecuador	LAC
41	#00BFC4	75.43	2010	Ecuador	Ecuador	LAC
41	#00BFC4	75.743	2011	Ecuador	Ecuador	LAC
41	#00BFC4	76.062	2012	Ecuador	Ecuador	LAC
41	#00BFC4	76.369	2013	Ecuador	Ecuador	LAC
41	#00BFC4	76.622	2014	Ecuador	Ecuador	LAC
41	#00BFC4	76.789	2015	Ecuador	Ecuador	LAC
41	#00BFC4	76.763	2016	Ecuador	Ecuador	LAC
41	#00BFC4	76.972	2017	Ecuador	Ecuador	LAC
41	#00BFC4	77.094	2018	Ecuador	Ecuador	LAC
41	#00BFC4	77.297	2019	Ecuador	Ecuador	LAC
41	#00BFC4	72.153	2020	Ecuador	Ecuador	LAC
41	#00BFC4	73.67	2021	Ecuador	Ecuador	LAC
41	#00BFC4	77.894	2022	Ecuador	Ecuador	LAC
42	#F8766D	64.146	1990	Egypt	Egypt	AS
42	#F8766D	64.755	1991	Egypt	Egypt	AS
42	#F8766D	65.031	1992	Egypt	Egypt	AS
42	#F8766D	65.468	1993	Egypt	Egypt	AS
42	#F8766D	65.816	1994	Egypt	Egypt	AS
42	#F8766D	66.312	1995	Egypt	Egypt	AS
42	#F8766D	66.742	1996	Egypt	Egypt	AS
42	#F8766D	67.197	1997	Egypt	Egypt	AS
42	#F8766D	67.471	1998	Egypt	Egypt	AS
42	#F8766D	67.737	1999	Egypt	Egypt	AS
42	#F8766D	68.007	2000	Egypt	Egypt	AS
42	#F8766D	68.308	2001	Egypt	Egypt	AS
42	#F8766D	68.564	2002	Egypt	Egypt	AS
42	#F8766D	68.402	2003	Egypt	Egypt	AS
42	#F8766D	68.613	2004	Egypt	Egypt	AS
42	#F8766D	68.779	2005	Egypt	Egypt	AS
42	#F8766D	68.977	2006	Egypt	Egypt	AS
42	#F8766D	69.128	2007	Egypt	Egypt	AS
42	#F8766D	69.319	2008	Egypt	Egypt	AS
42	#F8766D	69.48	2009	Egypt	Egypt	AS
42	#F8766D	69.664	2010	Egypt	Egypt	AS
42	#F8766D	69.88	2011	Egypt	Egypt	AS
42	#F8766D	70.085	2012	Egypt	Egypt	AS
42	#F8766D	70.052	2013	Egypt	Egypt	AS
42	#F8766D	70.415	2014	Egypt	Egypt	AS
42	#F8766D	70.483	2015	Egypt	Egypt	AS
42	#F8766D	70.844	2016	Egypt	Egypt	AS
42	#F8766D	71.302	2017	Egypt	Egypt	AS
42	#F8766D	71.367	2018	Egypt	Egypt	AS
42	#F8766D	71.358	2019	Egypt	Egypt	AS
42	#F8766D	70.99	2020	Egypt	Egypt	AS
42	#F8766D	70.221	2021	Egypt	Egypt	AS
42	#F8766D	70.159	2022	Egypt	Egypt	AS
43	#00BFC4	62.55	1990	El Salvador	El Salvador	LAC
43	#00BFC4	63.856	1991	El Salvador	El Salvador	LAC
43	#00BFC4	64.657	1992	El Salvador	El Salvador	LAC
43	#00BFC4	65.235	1993	El Salvador	El Salvador	LAC
43	#00BFC4	65.838	1994	El Salvador	El Salvador	LAC
43	#00BFC4	66.33	1995	El Salvador	El Salvador	LAC
43	#00BFC4	67.076	1996	El Salvador	El Salvador	LAC
43	#00BFC4	67.895	1997	El Salvador	El Salvador	LAC
43	#00BFC4	68.478	1998	El Salvador	El Salvador	LAC
43	#00BFC4	69.379	1999	El Salvador	El Salvador	LAC
43	#00BFC4	69.865	2000	El Salvador	El Salvador	LAC
43	#00BFC4	69.598	2001	El Salvador	El Salvador	LAC
43	#00BFC4	70.232	2002	El Salvador	El Salvador	LAC
43	#00BFC4	70.14	2003	El Salvador	El Salvador	LAC
43	#00BFC4	70.34	2004	El Salvador	El Salvador	LAC
43	#00BFC4	70.44	2005	El Salvador	El Salvador	LAC
43	#00BFC4	70.773	2006	El Salvador	El Salvador	LAC
43	#00BFC4	71.108	2007	El Salvador	El Salvador	LAC
43	#00BFC4	71.424	2008	El Salvador	El Salvador	LAC
43	#00BFC4	71.576	2009	El Salvador	El Salvador	LAC
43	#00BFC4	71.848	2010	El Salvador	El Salvador	LAC
43	#00BFC4	71.859	2011	El Salvador	El Salvador	LAC
43	#00BFC4	71.831	2012	El Salvador	El Salvador	LAC
43	#00BFC4	71.771	2013	El Salvador	El Salvador	LAC
43	#00BFC4	71.746	2014	El Salvador	El Salvador	LAC
43	#00BFC4	71.814	2015	El Salvador	El Salvador	LAC
43	#00BFC4	72.025	2016	El Salvador	El Salvador	LAC
43	#00BFC4	72.311	2017	El Salvador	El Salvador	LAC
43	#00BFC4	72.555	2018	El Salvador	El Salvador	LAC
43	#00BFC4	72.559	2019	El Salvador	El Salvador	LAC
43	#00BFC4	71.061	2020	El Salvador	El Salvador	LAC
43	#00BFC4	70.748	2021	El Salvador	El Salvador	LAC
43	#00BFC4	71.475	2022	El Salvador	El Salvador	LAC
46	#F564E3	63.072	1990	Eswatini (Kingdom of)	Eswatini (Kingdom of)	SSA
46	#F564E3	62.685	1991	Eswatini (Kingdom of)	Eswatini (Kingdom of)	SSA
46	#F564E3	61.735	1992	Eswatini (Kingdom of)	Eswatini (Kingdom of)	SSA
46	#F564E3	60.233	1993	Eswatini (Kingdom of)	Eswatini (Kingdom of)	SSA
46	#F564E3	58.268	1994	Eswatini (Kingdom of)	Eswatini (Kingdom of)	SSA
46	#F564E3	56.148	1995	Eswatini (Kingdom of)	Eswatini (Kingdom of)	SSA
46	#F564E3	53.873	1996	Eswatini (Kingdom of)	Eswatini (Kingdom of)	SSA
46	#F564E3	52.044	1997	Eswatini (Kingdom of)	Eswatini (Kingdom of)	SSA
46	#F564E3	50.333	1998	Eswatini (Kingdom of)	Eswatini (Kingdom of)	SSA
46	#F564E3	48.733	1999	Eswatini (Kingdom of)	Eswatini (Kingdom of)	SSA
46	#F564E3	47.256	2000	Eswatini (Kingdom of)	Eswatini (Kingdom of)	SSA
46	#F564E3	45.975	2001	Eswatini (Kingdom of)	Eswatini (Kingdom of)	SSA
46	#F564E3	44.486	2002	Eswatini (Kingdom of)	Eswatini (Kingdom of)	SSA
46	#F564E3	43.349	2003	Eswatini (Kingdom of)	Eswatini (Kingdom of)	SSA
46	#F564E3	42.538	2004	Eswatini (Kingdom of)	Eswatini (Kingdom of)	SSA
46	#F564E3	42.125	2005	Eswatini (Kingdom of)	Eswatini (Kingdom of)	SSA
46	#F564E3	43.12	2006	Eswatini (Kingdom of)	Eswatini (Kingdom of)	SSA
46	#F564E3	43.641	2007	Eswatini (Kingdom of)	Eswatini (Kingdom of)	SSA
46	#F564E3	44.175	2008	Eswatini (Kingdom of)	Eswatini (Kingdom of)	SSA
46	#F564E3	44.639	2009	Eswatini (Kingdom of)	Eswatini (Kingdom of)	SSA
46	#F564E3	46.619	2010	Eswatini (Kingdom of)	Eswatini (Kingdom of)	SSA
46	#F564E3	48.195	2011	Eswatini (Kingdom of)	Eswatini (Kingdom of)	SSA
46	#F564E3	49.835	2012	Eswatini (Kingdom of)	Eswatini (Kingdom of)	SSA
46	#F564E3	51.486	2013	Eswatini (Kingdom of)	Eswatini (Kingdom of)	SSA
46	#F564E3	53.05	2014	Eswatini (Kingdom of)	Eswatini (Kingdom of)	SSA
46	#F564E3	55.019	2015	Eswatini (Kingdom of)	Eswatini (Kingdom of)	SSA
46	#F564E3	56.659	2016	Eswatini (Kingdom of)	Eswatini (Kingdom of)	SSA
46	#F564E3	57.895	2017	Eswatini (Kingdom of)	Eswatini (Kingdom of)	SSA
46	#F564E3	59.411	2018	Eswatini (Kingdom of)	Eswatini (Kingdom of)	SSA
46	#F564E3	60.549	2019	Eswatini (Kingdom of)	Eswatini (Kingdom of)	SSA
46	#F564E3	59.692	2020	Eswatini (Kingdom of)	Eswatini (Kingdom of)	SSA
46	#F564E3	57.066	2021	Eswatini (Kingdom of)	Eswatini (Kingdom of)	SSA
46	#F564E3	56.36	2022	Eswatini (Kingdom of)	Eswatini (Kingdom of)	SSA
48	#B79F00	65.508	1990	Fiji	Fiji	EAP
48	#B79F00	65.643	1991	Fiji	Fiji	EAP
48	#B79F00	65.827	1992	Fiji	Fiji	EAP
48	#B79F00	65.928	1993	Fiji	Fiji	EAP
48	#B79F00	66.125	1994	Fiji	Fiji	EAP
48	#B79F00	66.286	1995	Fiji	Fiji	EAP
48	#B79F00	66.408	1996	Fiji	Fiji	EAP
48	#B79F00	66.448	1997	Fiji	Fiji	EAP
48	#B79F00	66.68	1998	Fiji	Fiji	EAP
48	#B79F00	66.763	1999	Fiji	Fiji	EAP
48	#B79F00	66.31	2000	Fiji	Fiji	EAP
48	#B79F00	66.34	2001	Fiji	Fiji	EAP
48	#B79F00	65.748	2002	Fiji	Fiji	EAP
48	#B79F00	66.177	2003	Fiji	Fiji	EAP
48	#B79F00	66.424	2004	Fiji	Fiji	EAP
48	#B79F00	66.632	2005	Fiji	Fiji	EAP
48	#B79F00	66.855	2006	Fiji	Fiji	EAP
48	#B79F00	66.826	2007	Fiji	Fiji	EAP
48	#B79F00	66.935	2008	Fiji	Fiji	EAP
48	#B79F00	67.089	2009	Fiji	Fiji	EAP
48	#B79F00	67.328	2010	Fiji	Fiji	EAP
48	#B79F00	67.523	2011	Fiji	Fiji	EAP
48	#B79F00	67.552	2012	Fiji	Fiji	EAP
48	#B79F00	67.428	2013	Fiji	Fiji	EAP
48	#B79F00	67.376	2014	Fiji	Fiji	EAP
48	#B79F00	66.844	2015	Fiji	Fiji	EAP
48	#B79F00	67.24	2016	Fiji	Fiji	EAP
48	#B79F00	67.79	2017	Fiji	Fiji	EAP
48	#B79F00	67.81	2018	Fiji	Fiji	EAP
48	#B79F00	67.893	2019	Fiji	Fiji	EAP
48	#B79F00	67.924	2020	Fiji	Fiji	EAP
48	#B79F00	67.114	2021	Fiji	Fiji	EAP
48	#B79F00	68.312	2022	Fiji	Fiji	EAP
49	#F564E3	60.311	1990	Gabon	Gabon	SSA
49	#F564E3	60.397	1991	Gabon	Gabon	SSA
49	#F564E3	60.545	1992	Gabon	Gabon	SSA
49	#F564E3	60.718	1993	Gabon	Gabon	SSA
49	#F564E3	60.701	1994	Gabon	Gabon	SSA
49	#F564E3	60.704	1995	Gabon	Gabon	SSA
49	#F564E3	60.612	1996	Gabon	Gabon	SSA
49	#F564E3	60.662	1997	Gabon	Gabon	SSA
49	#F564E3	60.79	1998	Gabon	Gabon	SSA
49	#F564E3	60.849	1999	Gabon	Gabon	SSA
49	#F564E3	61.069	2000	Gabon	Gabon	SSA
49	#F564E3	61.27	2001	Gabon	Gabon	SSA
49	#F564E3	61.292	2002	Gabon	Gabon	SSA
49	#F564E3	61.671	2003	Gabon	Gabon	SSA
49	#F564E3	61.838	2004	Gabon	Gabon	SSA
49	#F564E3	61.959	2005	Gabon	Gabon	SSA
49	#F564E3	62.375	2006	Gabon	Gabon	SSA
49	#F564E3	62.618	2007	Gabon	Gabon	SSA
49	#F564E3	63.083	2008	Gabon	Gabon	SSA
49	#F564E3	63.303	2009	Gabon	Gabon	SSA
49	#F564E3	63.898	2010	Gabon	Gabon	SSA
49	#F564E3	64.045	2011	Gabon	Gabon	SSA
49	#F564E3	64.587	2012	Gabon	Gabon	SSA
49	#F564E3	64.776	2013	Gabon	Gabon	SSA
49	#F564E3	64.974	2014	Gabon	Gabon	SSA
49	#F564E3	65.46	2015	Gabon	Gabon	SSA
49	#F564E3	65.802	2016	Gabon	Gabon	SSA
49	#F564E3	66.189	2017	Gabon	Gabon	SSA
49	#F564E3	66.306	2018	Gabon	Gabon	SSA
49	#F564E3	66.603	2019	Gabon	Gabon	SSA
49	#F564E3	66.531	2020	Gabon	Gabon	SSA
49	#F564E3	65.821	2021	Gabon	Gabon	SSA
49	#F564E3	65.694	2022	Gabon	Gabon	SSA
50	#F564E3	51.319	1990	Gambia	Gambia	SSA
50	#F564E3	52.127	1991	Gambia	Gambia	SSA
50	#F564E3	52.941	1992	Gambia	Gambia	SSA
50	#F564E3	53.748	1993	Gambia	Gambia	SSA
50	#F564E3	54.721	1994	Gambia	Gambia	SSA
50	#F564E3	55.464	1995	Gambia	Gambia	SSA
50	#F564E3	56.009	1996	Gambia	Gambia	SSA
50	#F564E3	56.06	1997	Gambia	Gambia	SSA
50	#F564E3	56.554	1998	Gambia	Gambia	SSA
50	#F564E3	56.816	1999	Gambia	Gambia	SSA
50	#F564E3	56.942	2000	Gambia	Gambia	SSA
50	#F564E3	57.043	2001	Gambia	Gambia	SSA
50	#F564E3	57.08	2002	Gambia	Gambia	SSA
50	#F564E3	57.586	2003	Gambia	Gambia	SSA
50	#F564E3	58.088	2004	Gambia	Gambia	SSA
50	#F564E3	58.394	2005	Gambia	Gambia	SSA
50	#F564E3	59.06	2006	Gambia	Gambia	SSA
50	#F564E3	59.394	2007	Gambia	Gambia	SSA
50	#F564E3	60.082	2008	Gambia	Gambia	SSA
50	#F564E3	60.427	2009	Gambia	Gambia	SSA
50	#F564E3	60.717	2010	Gambia	Gambia	SSA
50	#F564E3	61.526	2011	Gambia	Gambia	SSA
50	#F564E3	62.096	2012	Gambia	Gambia	SSA
50	#F564E3	62.114	2013	Gambia	Gambia	SSA
50	#F564E3	62.269	2014	Gambia	Gambia	SSA
50	#F564E3	62.494	2015	Gambia	Gambia	SSA
50	#F564E3	63.013	2016	Gambia	Gambia	SSA
50	#F564E3	62.995	2017	Gambia	Gambia	SSA
50	#F564E3	63.04	2018	Gambia	Gambia	SSA
50	#F564E3	63.755	2019	Gambia	Gambia	SSA
50	#F564E3	62.612	2020	Gambia	Gambia	SSA
50	#F564E3	62.083	2021	Gambia	Gambia	SSA
50	#F564E3	62.906	2022	Gambia	Gambia	SSA
52	#F564E3	55.62	1990	Ghana	Ghana	SSA
52	#F564E3	56.012	1991	Ghana	Ghana	SSA
52	#F564E3	56.231	1992	Ghana	Ghana	SSA
52	#F564E3	56.416	1993	Ghana	Ghana	SSA
52	#F564E3	56.112	1994	Ghana	Ghana	SSA
52	#F564E3	56.565	1995	Ghana	Ghana	SSA
52	#F564E3	56.82	1996	Ghana	Ghana	SSA
52	#F564E3	57.199	1997	Ghana	Ghana	SSA
52	#F564E3	57.6	1998	Ghana	Ghana	SSA
52	#F564E3	58.03	1999	Ghana	Ghana	SSA
52	#F564E3	58.195	2000	Ghana	Ghana	SSA
52	#F564E3	58.107	2001	Ghana	Ghana	SSA
52	#F564E3	58.608	2002	Ghana	Ghana	SSA
52	#F564E3	59.111	2003	Ghana	Ghana	SSA
52	#F564E3	59.191	2004	Ghana	Ghana	SSA
52	#F564E3	59.76	2005	Ghana	Ghana	SSA
52	#F564E3	59.988	2006	Ghana	Ghana	SSA
52	#F564E3	60.224	2007	Ghana	Ghana	SSA
52	#F564E3	60.49	2008	Ghana	Ghana	SSA
52	#F564E3	60.946	2009	Ghana	Ghana	SSA
52	#F564E3	61.157	2010	Ghana	Ghana	SSA
52	#F564E3	61.652	2011	Ghana	Ghana	SSA
52	#F564E3	62.081	2012	Ghana	Ghana	SSA
52	#F564E3	62.42	2013	Ghana	Ghana	SSA
52	#F564E3	63.045	2014	Ghana	Ghana	SSA
52	#F564E3	63.175	2015	Ghana	Ghana	SSA
52	#F564E3	63.89	2016	Ghana	Ghana	SSA
52	#F564E3	64.013	2017	Ghana	Ghana	SSA
52	#F564E3	64.122	2018	Ghana	Ghana	SSA
52	#F564E3	64.74	2019	Ghana	Ghana	SSA
52	#F564E3	64.114	2020	Ghana	Ghana	SSA
52	#F564E3	63.795	2021	Ghana	Ghana	SSA
52	#F564E3	63.945	2022	Ghana	Ghana	SSA
54	#00BFC4	62.473	1990	Guatemala	Guatemala	LAC
54	#00BFC4	62.725	1991	Guatemala	Guatemala	LAC
54	#00BFC4	62.913	1992	Guatemala	Guatemala	LAC
54	#00BFC4	63.349	1993	Guatemala	Guatemala	LAC
54	#00BFC4	63.726	1994	Guatemala	Guatemala	LAC
54	#00BFC4	64.195	1995	Guatemala	Guatemala	LAC
54	#00BFC4	64.863	1996	Guatemala	Guatemala	LAC
54	#00BFC4	65.536	1997	Guatemala	Guatemala	LAC
54	#00BFC4	66.114	1998	Guatemala	Guatemala	LAC
54	#00BFC4	66.869	1999	Guatemala	Guatemala	LAC
54	#00BFC4	67.446	2000	Guatemala	Guatemala	LAC
54	#00BFC4	67.946	2001	Guatemala	Guatemala	LAC
54	#00BFC4	68.386	2002	Guatemala	Guatemala	LAC
54	#00BFC4	68.797	2003	Guatemala	Guatemala	LAC
54	#00BFC4	69.165	2004	Guatemala	Guatemala	LAC
54	#00BFC4	69.168	2005	Guatemala	Guatemala	LAC
54	#00BFC4	69.812	2006	Guatemala	Guatemala	LAC
54	#00BFC4	70.1	2007	Guatemala	Guatemala	LAC
54	#00BFC4	70.356	2008	Guatemala	Guatemala	LAC
54	#00BFC4	70.641	2009	Guatemala	Guatemala	LAC
54	#00BFC4	70.878	2010	Guatemala	Guatemala	LAC
54	#00BFC4	71.177	2011	Guatemala	Guatemala	LAC
54	#00BFC4	71.463	2012	Guatemala	Guatemala	LAC
54	#00BFC4	71.728	2013	Guatemala	Guatemala	LAC
54	#00BFC4	71.964	2014	Guatemala	Guatemala	LAC
54	#00BFC4	72.103	2015	Guatemala	Guatemala	LAC
54	#00BFC4	72.355	2016	Guatemala	Guatemala	LAC
54	#00BFC4	72.551	2017	Guatemala	Guatemala	LAC
54	#00BFC4	72.726	2018	Guatemala	Guatemala	LAC
54	#00BFC4	73.129	2019	Guatemala	Guatemala	LAC
54	#00BFC4	71.797	2020	Guatemala	Guatemala	LAC
54	#00BFC4	69.237	2021	Guatemala	Guatemala	LAC
54	#00BFC4	68.674	2022	Guatemala	Guatemala	LAC
55	#F564E3	47.004	1990	Guinea	Guinea	SSA
55	#F564E3	47.546	1991	Guinea	Guinea	SSA
55	#F564E3	48.363	1992	Guinea	Guinea	SSA
55	#F564E3	48.962	1993	Guinea	Guinea	SSA
55	#F564E3	49.171	1994	Guinea	Guinea	SSA
55	#F564E3	49.866	1995	Guinea	Guinea	SSA
55	#F564E3	50.544	1996	Guinea	Guinea	SSA
55	#F564E3	51.356	1997	Guinea	Guinea	SSA
55	#F564E3	52.049	1998	Guinea	Guinea	SSA
55	#F564E3	52.356	1999	Guinea	Guinea	SSA
55	#F564E3	52.479	2000	Guinea	Guinea	SSA
55	#F564E3	52.662	2001	Guinea	Guinea	SSA
55	#F564E3	53.278	2002	Guinea	Guinea	SSA
55	#F564E3	53.678	2003	Guinea	Guinea	SSA
55	#F564E3	54.117	2004	Guinea	Guinea	SSA
55	#F564E3	54.632	2005	Guinea	Guinea	SSA
55	#F564E3	55.108	2006	Guinea	Guinea	SSA
55	#F564E3	55.553	2007	Guinea	Guinea	SSA
55	#F564E3	56.044	2008	Guinea	Guinea	SSA
55	#F564E3	56.348	2009	Guinea	Guinea	SSA
55	#F564E3	56.72	2010	Guinea	Guinea	SSA
55	#F564E3	57.019	2011	Guinea	Guinea	SSA
55	#F564E3	57.406	2012	Guinea	Guinea	SSA
55	#F564E3	57.791	2013	Guinea	Guinea	SSA
55	#F564E3	57.886	2014	Guinea	Guinea	SSA
55	#F564E3	58.134	2015	Guinea	Guinea	SSA
55	#F564E3	58.763	2016	Guinea	Guinea	SSA
55	#F564E3	59.109	2017	Guinea	Guinea	SSA
55	#F564E3	59.349	2018	Guinea	Guinea	SSA
55	#F564E3	59.72	2019	Guinea	Guinea	SSA
55	#F564E3	59.327	2020	Guinea	Guinea	SSA
55	#F564E3	58.892	2021	Guinea	Guinea	SSA
55	#F564E3	58.985	2022	Guinea	Guinea	SSA
57	#00BFC4	62.415	1990	Guyana	Guyana	LAC
57	#00BFC4	62.622	1991	Guyana	Guyana	LAC
57	#00BFC4	62.787	1992	Guyana	Guyana	LAC
57	#00BFC4	63.152	1993	Guyana	Guyana	LAC
57	#00BFC4	63.372	1994	Guyana	Guyana	LAC
57	#00BFC4	63.136	1995	Guyana	Guyana	LAC
57	#00BFC4	63.205	1996	Guyana	Guyana	LAC
57	#00BFC4	63.356	1997	Guyana	Guyana	LAC
57	#00BFC4	63.9	1998	Guyana	Guyana	LAC
57	#00BFC4	64.17	1999	Guyana	Guyana	LAC
57	#00BFC4	64.483	2000	Guyana	Guyana	LAC
57	#00BFC4	64.788	2001	Guyana	Guyana	LAC
57	#00BFC4	64.728	2002	Guyana	Guyana	LAC
57	#00BFC4	64.6	2003	Guyana	Guyana	LAC
57	#00BFC4	64.93	2004	Guyana	Guyana	LAC
57	#00BFC4	65.132	2005	Guyana	Guyana	LAC
57	#00BFC4	65.667	2006	Guyana	Guyana	LAC
57	#00BFC4	66.254	2007	Guyana	Guyana	LAC
57	#00BFC4	66.288	2008	Guyana	Guyana	LAC
57	#00BFC4	66.563	2009	Guyana	Guyana	LAC
57	#00BFC4	66.743	2010	Guyana	Guyana	LAC
57	#00BFC4	66.982	2011	Guyana	Guyana	LAC
57	#00BFC4	67.23	2012	Guyana	Guyana	LAC
57	#00BFC4	67.473	2013	Guyana	Guyana	LAC
57	#00BFC4	67.882	2014	Guyana	Guyana	LAC
57	#00BFC4	68.201	2015	Guyana	Guyana	LAC
57	#00BFC4	68.384	2016	Guyana	Guyana	LAC
57	#00BFC4	68.667	2017	Guyana	Guyana	LAC
57	#00BFC4	68.896	2018	Guyana	Guyana	LAC
57	#00BFC4	69.124	2019	Guyana	Guyana	LAC
57	#00BFC4	68.486	2020	Guyana	Guyana	LAC
57	#00BFC4	65.673	2021	Guyana	Guyana	LAC
57	#00BFC4	65.989	2022	Guyana	Guyana	LAC
58	#00BFC4	52.975	1990	Haiti	Haiti	LAC
58	#00BFC4	53.391	1991	Haiti	Haiti	LAC
58	#00BFC4	53.842	1992	Haiti	Haiti	LAC
58	#00BFC4	54.35	1993	Haiti	Haiti	LAC
58	#00BFC4	54.653	1994	Haiti	Haiti	LAC
58	#00BFC4	55.547	1995	Haiti	Haiti	LAC
58	#00BFC4	56.154	1996	Haiti	Haiti	LAC
58	#00BFC4	56.516	1997	Haiti	Haiti	LAC
58	#00BFC4	57.135	1998	Haiti	Haiti	LAC
58	#00BFC4	57.961	1999	Haiti	Haiti	LAC
58	#00BFC4	58.365	2000	Haiti	Haiti	LAC
58	#00BFC4	58.489	2001	Haiti	Haiti	LAC
58	#00BFC4	58.855	2002	Haiti	Haiti	LAC
58	#00BFC4	59.507	2003	Haiti	Haiti	LAC
58	#00BFC4	58.475	2004	Haiti	Haiti	LAC
58	#00BFC4	60.415	2005	Haiti	Haiti	LAC
58	#00BFC4	60.763	2006	Haiti	Haiti	LAC
58	#00BFC4	61.103	2007	Haiti	Haiti	LAC
58	#00BFC4	61.332	2008	Haiti	Haiti	LAC
58	#00BFC4	61.741	2009	Haiti	Haiti	LAC
58	#00BFC4	46.019	2010	Haiti	Haiti	LAC
58	#00BFC4	61.623	2011	Haiti	Haiti	LAC
58	#00BFC4	62.291	2012	Haiti	Haiti	LAC
58	#00BFC4	62.605	2013	Haiti	Haiti	LAC
58	#00BFC4	62.987	2014	Haiti	Haiti	LAC
58	#00BFC4	63.237	2015	Haiti	Haiti	LAC
58	#00BFC4	63.392	2016	Haiti	Haiti	LAC
58	#00BFC4	63.854	2017	Haiti	Haiti	LAC
58	#00BFC4	64.019	2018	Haiti	Haiti	LAC
58	#00BFC4	64.255	2019	Haiti	Haiti	LAC
58	#00BFC4	64.052	2020	Haiti	Haiti	LAC
58	#00BFC4	63.192	2021	Haiti	Haiti	LAC
58	#00BFC4	63.728	2022	Haiti	Haiti	LAC
59	#00BFC4	65.243	1990	Honduras	Honduras	LAC
59	#00BFC4	65.752	1991	Honduras	Honduras	LAC
59	#00BFC4	65.991	1992	Honduras	Honduras	LAC
59	#00BFC4	66.251	1993	Honduras	Honduras	LAC
59	#00BFC4	66.574	1994	Honduras	Honduras	LAC
59	#00BFC4	67.139	1995	Honduras	Honduras	LAC
59	#00BFC4	67.439	1996	Honduras	Honduras	LAC
59	#00BFC4	67.777	1997	Honduras	Honduras	LAC
59	#00BFC4	62.721	1998	Honduras	Honduras	LAC
59	#00BFC4	68.422	1999	Honduras	Honduras	LAC
59	#00BFC4	68.662	2000	Honduras	Honduras	LAC
59	#00BFC4	69.006	2001	Honduras	Honduras	LAC
59	#00BFC4	69.366	2002	Honduras	Honduras	LAC
59	#00BFC4	69.507	2003	Honduras	Honduras	LAC
59	#00BFC4	69.796	2004	Honduras	Honduras	LAC
59	#00BFC4	70.104	2005	Honduras	Honduras	LAC
59	#00BFC4	70.261	2006	Honduras	Honduras	LAC
59	#00BFC4	70.376	2007	Honduras	Honduras	LAC
59	#00BFC4	70.441	2008	Honduras	Honduras	LAC
59	#00BFC4	70.911	2009	Honduras	Honduras	LAC
59	#00BFC4	71.088	2010	Honduras	Honduras	LAC
59	#00BFC4	71.439	2011	Honduras	Honduras	LAC
59	#00BFC4	71.734	2012	Honduras	Honduras	LAC
59	#00BFC4	71.963	2013	Honduras	Honduras	LAC
59	#00BFC4	72.259	2014	Honduras	Honduras	LAC
59	#00BFC4	72.487	2015	Honduras	Honduras	LAC
59	#00BFC4	72.588	2016	Honduras	Honduras	LAC
59	#00BFC4	72.692	2017	Honduras	Honduras	LAC
59	#00BFC4	72.814	2018	Honduras	Honduras	LAC
59	#00BFC4	72.881	2019	Honduras	Honduras	LAC
59	#00BFC4	71.462	2020	Honduras	Honduras	LAC
59	#00BFC4	70.123	2021	Honduras	Honduras	LAC
59	#00BFC4	70.728	2022	Honduras	Honduras	LAC
60	#619CFF	58.652	1990	India	India	SA
60	#619CFF	59.055	1991	India	India	SA
60	#619CFF	59.452	1992	India	India	SA
60	#619CFF	59.815	1993	India	India	SA
60	#619CFF	60.216	1994	India	India	SA
60	#619CFF	60.596	1995	India	India	SA
60	#619CFF	60.984	1996	India	India	SA
60	#619CFF	61.388	1997	India	India	SA
60	#619CFF	61.792	1998	India	India	SA
60	#619CFF	62.207	1999	India	India	SA
60	#619CFF	62.669	2000	India	India	SA
60	#619CFF	63.091	2001	India	India	SA
60	#619CFF	63.616	2002	India	India	SA
60	#619CFF	64.094	2003	India	India	SA
60	#619CFF	64.524	2004	India	India	SA
60	#619CFF	64.996	2005	India	India	SA
60	#619CFF	65.412	2006	India	India	SA
60	#619CFF	65.788	2007	India	India	SA
60	#619CFF	66.149	2008	India	India	SA
60	#619CFF	66.513	2009	India	India	SA
60	#619CFF	66.909	2010	India	India	SA
60	#619CFF	67.359	2011	India	India	SA
60	#619CFF	67.887	2012	India	India	SA
60	#619CFF	68.46	2013	India	India	SA
60	#619CFF	69.074	2014	India	India	SA
60	#619CFF	69.636	2015	India	India	SA
60	#619CFF	70.117	2016	India	India	SA
60	#619CFF	70.467	2017	India	India	SA
60	#619CFF	70.71	2018	India	India	SA
60	#619CFF	70.91	2019	India	India	SA
60	#619CFF	70.15	2020	India	India	SA
60	#619CFF	67.24	2021	India	India	SA
60	#619CFF	67.744	2022	India	India	SA
61	#B79F00	63.181	1990	Indonesia	Indonesia	EAP
61	#B79F00	63.537	1991	Indonesia	Indonesia	EAP
61	#B79F00	64.126	1992	Indonesia	Indonesia	EAP
61	#B79F00	64.598	1993	Indonesia	Indonesia	EAP
61	#B79F00	64.856	1994	Indonesia	Indonesia	EAP
61	#B79F00	65.237	1995	Indonesia	Indonesia	EAP
61	#B79F00	65.355	1996	Indonesia	Indonesia	EAP
61	#B79F00	65.733	1997	Indonesia	Indonesia	EAP
61	#B79F00	65.962	1998	Indonesia	Indonesia	EAP
61	#B79F00	66.221	1999	Indonesia	Indonesia	EAP
61	#B79F00	66.433	2000	Indonesia	Indonesia	EAP
61	#B79F00	66.758	2001	Indonesia	Indonesia	EAP
61	#B79F00	67.134	2002	Indonesia	Indonesia	EAP
61	#B79F00	67.413	2003	Indonesia	Indonesia	EAP
61	#B79F00	65.75	2004	Indonesia	Indonesia	EAP
61	#B79F00	67.649	2005	Indonesia	Indonesia	EAP
61	#B79F00	67.914	2006	Indonesia	Indonesia	EAP
61	#B79F00	68.189	2007	Indonesia	Indonesia	EAP
61	#B79F00	68.226	2008	Indonesia	Indonesia	EAP
61	#B79F00	68.494	2009	Indonesia	Indonesia	EAP
61	#B79F00	68.679	2010	Indonesia	Indonesia	EAP
61	#B79F00	68.823	2011	Indonesia	Indonesia	EAP
61	#B79F00	68.973	2012	Indonesia	Indonesia	EAP
61	#B79F00	69.264	2013	Indonesia	Indonesia	EAP
61	#B79F00	69.533	2014	Indonesia	Indonesia	EAP
61	#B79F00	69.699	2015	Indonesia	Indonesia	EAP
61	#B79F00	69.798	2016	Indonesia	Indonesia	EAP
61	#B79F00	69.936	2017	Indonesia	Indonesia	EAP
61	#B79F00	70.338	2018	Indonesia	Indonesia	EAP
61	#B79F00	70.518	2019	Indonesia	Indonesia	EAP
61	#B79F00	68.808	2020	Indonesia	Indonesia	EAP
61	#B79F00	67.57	2021	Indonesia	Indonesia	EAP
61	#B79F00	68.25	2022	Indonesia	Indonesia	EAP
62	#619CFF	64.367	1990	Iran (Islamic Republic of)	Iran (Islamic Republic of)	SA
62	#619CFF	66.459	1991	Iran (Islamic Republic of)	Iran (Islamic Republic of)	SA
62	#619CFF	66.776	1992	Iran (Islamic Republic of)	Iran (Islamic Republic of)	SA
62	#619CFF	67.139	1993	Iran (Islamic Republic of)	Iran (Islamic Republic of)	SA
62	#619CFF	67.468	1994	Iran (Islamic Republic of)	Iran (Islamic Republic of)	SA
62	#619CFF	67.785	1995	Iran (Islamic Republic of)	Iran (Islamic Republic of)	SA
62	#619CFF	68.07	1996	Iran (Islamic Republic of)	Iran (Islamic Republic of)	SA
62	#619CFF	68.359	1997	Iran (Islamic Republic of)	Iran (Islamic Republic of)	SA
62	#619CFF	68.73	1998	Iran (Islamic Republic of)	Iran (Islamic Republic of)	SA
62	#619CFF	69.297	1999	Iran (Islamic Republic of)	Iran (Islamic Republic of)	SA
62	#619CFF	69.691	2000	Iran (Islamic Republic of)	Iran (Islamic Republic of)	SA
62	#619CFF	69.955	2001	Iran (Islamic Republic of)	Iran (Islamic Republic of)	SA
62	#619CFF	70.445	2002	Iran (Islamic Republic of)	Iran (Islamic Republic of)	SA
62	#619CFF	69.823	2003	Iran (Islamic Republic of)	Iran (Islamic Republic of)	SA
62	#619CFF	71.37	2004	Iran (Islamic Republic of)	Iran (Islamic Republic of)	SA
62	#619CFF	71.838	2005	Iran (Islamic Republic of)	Iran (Islamic Republic of)	SA
62	#619CFF	72.276	2006	Iran (Islamic Republic of)	Iran (Islamic Republic of)	SA
62	#619CFF	72.772	2007	Iran (Islamic Republic of)	Iran (Islamic Republic of)	SA
62	#619CFF	72.624	2008	Iran (Islamic Republic of)	Iran (Islamic Republic of)	SA
62	#619CFF	72.698	2009	Iran (Islamic Republic of)	Iran (Islamic Republic of)	SA
62	#619CFF	73.069	2010	Iran (Islamic Republic of)	Iran (Islamic Republic of)	SA
62	#619CFF	73.679	2011	Iran (Islamic Republic of)	Iran (Islamic Republic of)	SA
62	#619CFF	74.186	2012	Iran (Islamic Republic of)	Iran (Islamic Republic of)	SA
62	#619CFF	74.449	2013	Iran (Islamic Republic of)	Iran (Islamic Republic of)	SA
62	#619CFF	74.782	2014	Iran (Islamic Republic of)	Iran (Islamic Republic of)	SA
62	#619CFF	75.124	2015	Iran (Islamic Republic of)	Iran (Islamic Republic of)	SA
62	#619CFF	75.6	2016	Iran (Islamic Republic of)	Iran (Islamic Republic of)	SA
62	#619CFF	75.971	2017	Iran (Islamic Republic of)	Iran (Islamic Republic of)	SA
62	#619CFF	76.195	2018	Iran (Islamic Republic of)	Iran (Islamic Republic of)	SA
62	#619CFF	76.103	2019	Iran (Islamic Republic of)	Iran (Islamic Republic of)	SA
62	#619CFF	74.832	2020	Iran (Islamic Republic of)	Iran (Islamic Republic of)	SA
62	#619CFF	73.875	2021	Iran (Islamic Republic of)	Iran (Islamic Republic of)	SA
62	#619CFF	74.556	2022	Iran (Islamic Republic of)	Iran (Islamic Republic of)	SA
63	#F8766D	58.435	1990	Iraq	Iraq	AS
63	#F8766D	62.519	1991	Iraq	Iraq	AS
63	#F8766D	66.708	1992	Iraq	Iraq	AS
63	#F8766D	66.897	1993	Iraq	Iraq	AS
63	#F8766D	66.744	1994	Iraq	Iraq	AS
63	#F8766D	66.464	1995	Iraq	Iraq	AS
63	#F8766D	66.391	1996	Iraq	Iraq	AS
63	#F8766D	65.837	1997	Iraq	Iraq	AS
63	#F8766D	65.486	1998	Iraq	Iraq	AS
63	#F8766D	66.182	1999	Iraq	Iraq	AS
63	#F8766D	66.817	2000	Iraq	Iraq	AS
63	#F8766D	67.034	2001	Iraq	Iraq	AS
63	#F8766D	67.084	2002	Iraq	Iraq	AS
63	#F8766D	65.643	2003	Iraq	Iraq	AS
63	#F8766D	65.031	2004	Iraq	Iraq	AS
63	#F8766D	64.844	2005	Iraq	Iraq	AS
63	#F8766D	63.587	2006	Iraq	Iraq	AS
63	#F8766D	63.553	2007	Iraq	Iraq	AS
63	#F8766D	64.942	2008	Iraq	Iraq	AS
63	#F8766D	66.446	2009	Iraq	Iraq	AS
63	#F8766D	67.062	2010	Iraq	Iraq	AS
63	#F8766D	67.659	2011	Iraq	Iraq	AS
63	#F8766D	68.023	2012	Iraq	Iraq	AS
63	#F8766D	68.253	2013	Iraq	Iraq	AS
63	#F8766D	68.914	2014	Iraq	Iraq	AS
63	#F8766D	69.44	2015	Iraq	Iraq	AS
63	#F8766D	68.988	2016	Iraq	Iraq	AS
63	#F8766D	70.413	2017	Iraq	Iraq	AS
63	#F8766D	71.514	2018	Iraq	Iraq	AS
63	#F8766D	71.576	2019	Iraq	Iraq	AS
63	#F8766D	69.123	2020	Iraq	Iraq	AS
63	#F8766D	70.378	2021	Iraq	Iraq	AS
63	#F8766D	71.336	2022	Iraq	Iraq	AS
64	#00BFC4	72.304	1990	Jamaica	Jamaica	LAC
64	#00BFC4	72.186	1991	Jamaica	Jamaica	LAC
64	#00BFC4	72.189	1992	Jamaica	Jamaica	LAC
64	#00BFC4	71.921	1993	Jamaica	Jamaica	LAC
64	#00BFC4	71.739	1994	Jamaica	Jamaica	LAC
64	#00BFC4	71.549	1995	Jamaica	Jamaica	LAC
64	#00BFC4	71.488	1996	Jamaica	Jamaica	LAC
64	#00BFC4	71.207	1997	Jamaica	Jamaica	LAC
64	#00BFC4	70.99	1998	Jamaica	Jamaica	LAC
64	#00BFC4	70.968	1999	Jamaica	Jamaica	LAC
64	#00BFC4	70.944	2000	Jamaica	Jamaica	LAC
64	#00BFC4	70.758	2001	Jamaica	Jamaica	LAC
64	#00BFC4	70.888	2002	Jamaica	Jamaica	LAC
64	#00BFC4	70.806	2003	Jamaica	Jamaica	LAC
64	#00BFC4	70.86	2004	Jamaica	Jamaica	LAC
64	#00BFC4	71.044	2005	Jamaica	Jamaica	LAC
64	#00BFC4	71.199	2006	Jamaica	Jamaica	LAC
64	#00BFC4	71.418	2007	Jamaica	Jamaica	LAC
64	#00BFC4	71.612	2008	Jamaica	Jamaica	LAC
64	#00BFC4	72.124	2009	Jamaica	Jamaica	LAC
64	#00BFC4	72.622	2010	Jamaica	Jamaica	LAC
64	#00BFC4	73.094	2011	Jamaica	Jamaica	LAC
64	#00BFC4	73.433	2012	Jamaica	Jamaica	LAC
64	#00BFC4	73.412	2013	Jamaica	Jamaica	LAC
64	#00BFC4	72.982	2014	Jamaica	Jamaica	LAC
64	#00BFC4	72.394	2015	Jamaica	Jamaica	LAC
64	#00BFC4	72.02	2016	Jamaica	Jamaica	LAC
64	#00BFC4	71.911	2017	Jamaica	Jamaica	LAC
64	#00BFC4	71.793	2018	Jamaica	Jamaica	LAC
64	#00BFC4	71.767	2019	Jamaica	Jamaica	LAC
64	#00BFC4	71.869	2020	Jamaica	Jamaica	LAC
64	#00BFC4	70.5	2021	Jamaica	Jamaica	LAC
64	#00BFC4	70.629	2022	Jamaica	Jamaica	LAC
65	#F8766D	69.854	1990	Jordan	Jordan	AS
65	#F8766D	70.093	1991	Jordan	Jordan	AS
65	#F8766D	70.316	1992	Jordan	Jordan	AS
65	#F8766D	70.518	1993	Jordan	Jordan	AS
65	#F8766D	70.699	1994	Jordan	Jordan	AS
65	#F8766D	70.87	1995	Jordan	Jordan	AS
65	#F8766D	71.064	1996	Jordan	Jordan	AS
65	#F8766D	71.272	1997	Jordan	Jordan	AS
65	#F8766D	71.474	1998	Jordan	Jordan	AS
65	#F8766D	71.694	1999	Jordan	Jordan	AS
65	#F8766D	71.918	2000	Jordan	Jordan	AS
65	#F8766D	72.147	2001	Jordan	Jordan	AS
65	#F8766D	72.359	2002	Jordan	Jordan	AS
65	#F8766D	72.573	2003	Jordan	Jordan	AS
65	#F8766D	72.772	2004	Jordan	Jordan	AS
65	#F8766D	72.932	2005	Jordan	Jordan	AS
65	#F8766D	73.145	2006	Jordan	Jordan	AS
65	#F8766D	73.373	2007	Jordan	Jordan	AS
65	#F8766D	73.591	2008	Jordan	Jordan	AS
65	#F8766D	73.801	2009	Jordan	Jordan	AS
65	#F8766D	74	2010	Jordan	Jordan	AS
65	#F8766D	74.189	2011	Jordan	Jordan	AS
65	#F8766D	74.366	2012	Jordan	Jordan	AS
65	#F8766D	74.562	2013	Jordan	Jordan	AS
65	#F8766D	74.789	2014	Jordan	Jordan	AS
65	#F8766D	75.011	2015	Jordan	Jordan	AS
65	#F8766D	75.215	2016	Jordan	Jordan	AS
65	#F8766D	75.502	2017	Jordan	Jordan	AS
65	#F8766D	75.774	2018	Jordan	Jordan	AS
65	#F8766D	76.044	2019	Jordan	Jordan	AS
65	#F8766D	75.184	2020	Jordan	Jordan	AS
65	#F8766D	74.256	2021	Jordan	Jordan	AS
65	#F8766D	74.215	2022	Jordan	Jordan	AS
66	#00BA38	64.876	1990	Kazakhstan	Kazakhstan	ECA
66	#00BA38	64.488	1991	Kazakhstan	Kazakhstan	ECA
66	#00BA38	64.159	1992	Kazakhstan	Kazakhstan	ECA
66	#00BA38	64.198	1993	Kazakhstan	Kazakhstan	ECA
66	#00BA38	63.963	1994	Kazakhstan	Kazakhstan	ECA
66	#00BA38	63.722	1995	Kazakhstan	Kazakhstan	ECA
66	#00BA38	63.633	1996	Kazakhstan	Kazakhstan	ECA
66	#00BA38	63.711	1997	Kazakhstan	Kazakhstan	ECA
66	#00BA38	63.812	1998	Kazakhstan	Kazakhstan	ECA
66	#00BA38	63.985	1999	Kazakhstan	Kazakhstan	ECA
66	#00BA38	64.178	2000	Kazakhstan	Kazakhstan	ECA
66	#00BA38	64.368	2001	Kazakhstan	Kazakhstan	ECA
66	#00BA38	64.269	2002	Kazakhstan	Kazakhstan	ECA
66	#00BA38	64.554	2003	Kazakhstan	Kazakhstan	ECA
66	#00BA38	64.857	2004	Kazakhstan	Kazakhstan	ECA
66	#00BA38	65.117	2005	Kazakhstan	Kazakhstan	ECA
66	#00BA38	65.627	2006	Kazakhstan	Kazakhstan	ECA
66	#00BA38	65.928	2007	Kazakhstan	Kazakhstan	ECA
66	#00BA38	66.702	2008	Kazakhstan	Kazakhstan	ECA
66	#00BA38	67.279	2009	Kazakhstan	Kazakhstan	ECA
66	#00BA38	68.116	2010	Kazakhstan	Kazakhstan	ECA
66	#00BA38	68.745	2011	Kazakhstan	Kazakhstan	ECA
66	#00BA38	69.129	2012	Kazakhstan	Kazakhstan	ECA
66	#00BA38	69.814	2013	Kazakhstan	Kazakhstan	ECA
66	#00BA38	70.333	2014	Kazakhstan	Kazakhstan	ECA
66	#00BA38	70.727	2015	Kazakhstan	Kazakhstan	ECA
66	#00BA38	70.898	2016	Kazakhstan	Kazakhstan	ECA
66	#00BA38	71.396	2017	Kazakhstan	Kazakhstan	ECA
66	#00BA38	71.472	2018	Kazakhstan	Kazakhstan	ECA
66	#00BA38	71.567	2019	Kazakhstan	Kazakhstan	ECA
66	#00BA38	70.03	2020	Kazakhstan	Kazakhstan	ECA
66	#00BA38	69.362	2021	Kazakhstan	Kazakhstan	ECA
66	#00BA38	69.489	2022	Kazakhstan	Kazakhstan	ECA
67	#F564E3	58.614	1990	Kenya	Kenya	SSA
67	#F564E3	58.005	1991	Kenya	Kenya	SSA
67	#F564E3	57.259	1992	Kenya	Kenya	SSA
67	#F564E3	56.617	1993	Kenya	Kenya	SSA
67	#F564E3	56.273	1994	Kenya	Kenya	SSA
67	#F564E3	55.617	1995	Kenya	Kenya	SSA
67	#F564E3	55.161	1996	Kenya	Kenya	SSA
67	#F564E3	54.816	1997	Kenya	Kenya	SSA
67	#F564E3	54.526	1998	Kenya	Kenya	SSA
67	#F564E3	54.495	1999	Kenya	Kenya	SSA
67	#F564E3	54.411	2000	Kenya	Kenya	SSA
67	#F564E3	54.508	2001	Kenya	Kenya	SSA
67	#F564E3	54.99	2002	Kenya	Kenya	SSA
67	#F564E3	55.601	2003	Kenya	Kenya	SSA
67	#F564E3	56.361	2004	Kenya	Kenya	SSA
67	#F564E3	57.344	2005	Kenya	Kenya	SSA
67	#F564E3	58.222	2006	Kenya	Kenya	SSA
67	#F564E3	58.865	2007	Kenya	Kenya	SSA
67	#F564E3	59.614	2008	Kenya	Kenya	SSA
67	#F564E3	60.365	2009	Kenya	Kenya	SSA
67	#F564E3	60.649	2010	Kenya	Kenya	SSA
67	#F564E3	61.046	2011	Kenya	Kenya	SSA
67	#F564E3	61.115	2012	Kenya	Kenya	SSA
67	#F564E3	61.389	2013	Kenya	Kenya	SSA
67	#F564E3	61.816	2014	Kenya	Kenya	SSA
67	#F564E3	61.892	2015	Kenya	Kenya	SSA
67	#F564E3	62.163	2016	Kenya	Kenya	SSA
67	#F564E3	62.481	2017	Kenya	Kenya	SSA
67	#F564E3	62.676	2018	Kenya	Kenya	SSA
67	#F564E3	62.943	2019	Kenya	Kenya	SSA
67	#F564E3	62.675	2020	Kenya	Kenya	SSA
67	#F564E3	61.427	2021	Kenya	Kenya	SSA
67	#F564E3	62.055	2022	Kenya	Kenya	SSA
69	#F8766D	73.281	1990	Kuwait	Kuwait	AS
69	#F8766D	74.216	1991	Kuwait	Kuwait	AS
69	#F8766D	75.691	1992	Kuwait	Kuwait	AS
69	#F8766D	75.794	1993	Kuwait	Kuwait	AS
69	#F8766D	75.763	1994	Kuwait	Kuwait	AS
69	#F8766D	75.537	1995	Kuwait	Kuwait	AS
69	#F8766D	75.618	1996	Kuwait	Kuwait	AS
69	#F8766D	75.879	1997	Kuwait	Kuwait	AS
69	#F8766D	76.157	1998	Kuwait	Kuwait	AS
69	#F8766D	76.416	1999	Kuwait	Kuwait	AS
69	#F8766D	76.722	2000	Kuwait	Kuwait	AS
69	#F8766D	76.891	2001	Kuwait	Kuwait	AS
69	#F8766D	76.982	2002	Kuwait	Kuwait	AS
69	#F8766D	76.985	2003	Kuwait	Kuwait	AS
69	#F8766D	76.792	2004	Kuwait	Kuwait	AS
69	#F8766D	76.903	2005	Kuwait	Kuwait	AS
69	#F8766D	76.887	2006	Kuwait	Kuwait	AS
69	#F8766D	77.017	2007	Kuwait	Kuwait	AS
69	#F8766D	77.145	2008	Kuwait	Kuwait	AS
69	#F8766D	77.442	2009	Kuwait	Kuwait	AS
69	#F8766D	77.982	2010	Kuwait	Kuwait	AS
69	#F8766D	78.464	2011	Kuwait	Kuwait	AS
69	#F8766D	78.812	2012	Kuwait	Kuwait	AS
69	#F8766D	79.164	2013	Kuwait	Kuwait	AS
69	#F8766D	79.445	2014	Kuwait	Kuwait	AS
69	#F8766D	79.562	2015	Kuwait	Kuwait	AS
69	#F8766D	79.701	2016	Kuwait	Kuwait	AS
69	#F8766D	79.781	2017	Kuwait	Kuwait	AS
69	#F8766D	79.722	2018	Kuwait	Kuwait	AS
69	#F8766D	79.685	2019	Kuwait	Kuwait	AS
69	#F8766D	76.92	2020	Kuwait	Kuwait	AS
69	#F8766D	78.673	2021	Kuwait	Kuwait	AS
69	#F8766D	80.264	2022	Kuwait	Kuwait	AS
70	#00BA38	64.272	1990	Kyrgyzstan	Kyrgyzstan	ECA
70	#00BA38	64.28	1991	Kyrgyzstan	Kyrgyzstan	ECA
70	#00BA38	64.052	1992	Kyrgyzstan	Kyrgyzstan	ECA
70	#00BA38	63.822	1993	Kyrgyzstan	Kyrgyzstan	ECA
70	#00BA38	63.748	1994	Kyrgyzstan	Kyrgyzstan	ECA
70	#00BA38	63.927	1995	Kyrgyzstan	Kyrgyzstan	ECA
70	#00BA38	64.276	1996	Kyrgyzstan	Kyrgyzstan	ECA
70	#00BA38	64.585	1997	Kyrgyzstan	Kyrgyzstan	ECA
70	#00BA38	65.114	1998	Kyrgyzstan	Kyrgyzstan	ECA
70	#00BA38	65.582	1999	Kyrgyzstan	Kyrgyzstan	ECA
70	#00BA38	65.398	2000	Kyrgyzstan	Kyrgyzstan	ECA
70	#00BA38	65.763	2001	Kyrgyzstan	Kyrgyzstan	ECA
70	#00BA38	65.862	2002	Kyrgyzstan	Kyrgyzstan	ECA
70	#00BA38	66.186	2003	Kyrgyzstan	Kyrgyzstan	ECA
70	#00BA38	66.297	2004	Kyrgyzstan	Kyrgyzstan	ECA
70	#00BA38	66.385	2005	Kyrgyzstan	Kyrgyzstan	ECA
70	#00BA38	66.778	2006	Kyrgyzstan	Kyrgyzstan	ECA
70	#00BA38	67.006	2007	Kyrgyzstan	Kyrgyzstan	ECA
70	#00BA38	67.249	2008	Kyrgyzstan	Kyrgyzstan	ECA
70	#00BA38	67.784	2009	Kyrgyzstan	Kyrgyzstan	ECA
70	#00BA38	68.254	2010	Kyrgyzstan	Kyrgyzstan	ECA
70	#00BA38	68.578	2011	Kyrgyzstan	Kyrgyzstan	ECA
70	#00BA38	68.993	2012	Kyrgyzstan	Kyrgyzstan	ECA
70	#00BA38	69.217	2013	Kyrgyzstan	Kyrgyzstan	ECA
70	#00BA38	69.886	2014	Kyrgyzstan	Kyrgyzstan	ECA
70	#00BA38	69.996	2015	Kyrgyzstan	Kyrgyzstan	ECA
70	#00BA38	70.276	2016	Kyrgyzstan	Kyrgyzstan	ECA
70	#00BA38	70.588	2017	Kyrgyzstan	Kyrgyzstan	ECA
70	#00BA38	70.728	2018	Kyrgyzstan	Kyrgyzstan	ECA
70	#00BA38	71.23	2019	Kyrgyzstan	Kyrgyzstan	ECA
70	#00BA38	69.629	2020	Kyrgyzstan	Kyrgyzstan	ECA
70	#00BA38	69.977	2021	Kyrgyzstan	Kyrgyzstan	ECA
70	#00BA38	70.484	2022	Kyrgyzstan	Kyrgyzstan	ECA
71	#B79F00	53.713	1990	Lao People's Democratic Republic	Lao People's Democratic Republic	EAP
71	#B79F00	54.46	1991	Lao People's Democratic Republic	Lao People's Democratic Republic	EAP
71	#B79F00	54.952	1992	Lao People's Democratic Republic	Lao People's Democratic Republic	EAP
71	#B79F00	55.435	1993	Lao People's Democratic Republic	Lao People's Democratic Republic	EAP
71	#B79F00	55.749	1994	Lao People's Democratic Republic	Lao People's Democratic Republic	EAP
71	#B79F00	56.385	1995	Lao People's Democratic Republic	Lao People's Democratic Republic	EAP
71	#B79F00	56.891	1996	Lao People's Democratic Republic	Lao People's Democratic Republic	EAP
71	#B79F00	57.292	1997	Lao People's Democratic Republic	Lao People's Democratic Republic	EAP
71	#B79F00	57.665	1998	Lao People's Democratic Republic	Lao People's Democratic Republic	EAP
71	#B79F00	57.873	1999	Lao People's Democratic Republic	Lao People's Democratic Republic	EAP
71	#B79F00	58.378	2000	Lao People's Democratic Republic	Lao People's Democratic Republic	EAP
71	#B79F00	59.07	2001	Lao People's Democratic Republic	Lao People's Democratic Republic	EAP
71	#B79F00	59.534	2002	Lao People's Democratic Republic	Lao People's Democratic Republic	EAP
71	#B79F00	60.031	2003	Lao People's Democratic Republic	Lao People's Democratic Republic	EAP
71	#B79F00	60.293	2004	Lao People's Democratic Republic	Lao People's Democratic Republic	EAP
71	#B79F00	60.98	2005	Lao People's Democratic Republic	Lao People's Democratic Republic	EAP
71	#B79F00	61.493	2006	Lao People's Democratic Republic	Lao People's Democratic Republic	EAP
71	#B79F00	62.084	2007	Lao People's Democratic Republic	Lao People's Democratic Republic	EAP
71	#B79F00	62.603	2008	Lao People's Democratic Republic	Lao People's Democratic Republic	EAP
71	#B79F00	63.273	2009	Lao People's Democratic Republic	Lao People's Democratic Republic	EAP
71	#B79F00	63.973	2010	Lao People's Democratic Republic	Lao People's Democratic Republic	EAP
71	#B79F00	64.736	2011	Lao People's Democratic Republic	Lao People's Democratic Republic	EAP
71	#B79F00	65.355	2012	Lao People's Democratic Republic	Lao People's Democratic Republic	EAP
71	#B79F00	65.718	2013	Lao People's Democratic Republic	Lao People's Democratic Republic	EAP
71	#B79F00	66.361	2014	Lao People's Democratic Republic	Lao People's Democratic Republic	EAP
71	#B79F00	66.67	2015	Lao People's Democratic Republic	Lao People's Democratic Republic	EAP
71	#B79F00	67.167	2016	Lao People's Democratic Republic	Lao People's Democratic Republic	EAP
71	#B79F00	67.434	2017	Lao People's Democratic Republic	Lao People's Democratic Republic	EAP
71	#B79F00	67.634	2018	Lao People's Democratic Republic	Lao People's Democratic Republic	EAP
71	#B79F00	68.138	2019	Lao People's Democratic Republic	Lao People's Democratic Republic	EAP
71	#B79F00	68.497	2020	Lao People's Democratic Republic	Lao People's Democratic Republic	EAP
71	#B79F00	68.061	2021	Lao People's Democratic Republic	Lao People's Democratic Republic	EAP
71	#B79F00	68.999	2022	Lao People's Democratic Republic	Lao People's Democratic Republic	EAP
73	#F564E3	59.398	1990	Lesotho	Lesotho	SSA
73	#F564E3	59.193	1991	Lesotho	Lesotho	SSA
73	#F564E3	58.555	1992	Lesotho	Lesotho	SSA
73	#F564E3	57.991	1993	Lesotho	Lesotho	SSA
73	#F564E3	58.018	1994	Lesotho	Lesotho	SSA
73	#F564E3	56.723	1995	Lesotho	Lesotho	SSA
73	#F564E3	55.232	1996	Lesotho	Lesotho	SSA
73	#F564E3	53.594	1997	Lesotho	Lesotho	SSA
73	#F564E3	51.783	1998	Lesotho	Lesotho	SSA
73	#F564E3	50.081	1999	Lesotho	Lesotho	SSA
73	#F564E3	48.427	2000	Lesotho	Lesotho	SSA
73	#F564E3	46.849	2001	Lesotho	Lesotho	SSA
73	#F564E3	45.595	2002	Lesotho	Lesotho	SSA
73	#F564E3	44.53	2003	Lesotho	Lesotho	SSA
73	#F564E3	43.711	2004	Lesotho	Lesotho	SSA
73	#F564E3	43.233	2005	Lesotho	Lesotho	SSA
73	#F564E3	42.914	2006	Lesotho	Lesotho	SSA
73	#F564E3	43.123	2007	Lesotho	Lesotho	SSA
73	#F564E3	43.566	2008	Lesotho	Lesotho	SSA
73	#F564E3	44.034	2009	Lesotho	Lesotho	SSA
73	#F564E3	45.596	2010	Lesotho	Lesotho	SSA
73	#F564E3	46.692	2011	Lesotho	Lesotho	SSA
73	#F564E3	47.835	2012	Lesotho	Lesotho	SSA
73	#F564E3	49.002	2013	Lesotho	Lesotho	SSA
73	#F564E3	50.033	2014	Lesotho	Lesotho	SSA
73	#F564E3	51.101	2015	Lesotho	Lesotho	SSA
73	#F564E3	52.264	2016	Lesotho	Lesotho	SSA
73	#F564E3	53.064	2017	Lesotho	Lesotho	SSA
73	#F564E3	53.733	2018	Lesotho	Lesotho	SSA
73	#F564E3	54.173	2019	Lesotho	Lesotho	SSA
73	#F564E3	54.693	2020	Lesotho	Lesotho	SSA
73	#F564E3	53.062	2021	Lesotho	Lesotho	SSA
73	#F564E3	53.036	2022	Lesotho	Lesotho	SSA
75	#F8766D	69.423	1990	Libya	Libya	AS
75	#F8766D	69.82	1991	Libya	Libya	AS
75	#F8766D	70.232	1992	Libya	Libya	AS
75	#F8766D	70.42	1993	Libya	Libya	AS
75	#F8766D	70.706	1994	Libya	Libya	AS
75	#F8766D	71.09	1995	Libya	Libya	AS
75	#F8766D	71.284	1996	Libya	Libya	AS
75	#F8766D	71.129	1997	Libya	Libya	AS
75	#F8766D	71.079	1998	Libya	Libya	AS
75	#F8766D	71.058	1999	Libya	Libya	AS
75	#F8766D	70.68	2000	Libya	Libya	AS
75	#F8766D	70.861	2001	Libya	Libya	AS
75	#F8766D	71.004	2002	Libya	Libya	AS
75	#F8766D	71.132	2003	Libya	Libya	AS
75	#F8766D	71.49	2004	Libya	Libya	AS
75	#F8766D	71.592	2005	Libya	Libya	AS
75	#F8766D	71.724	2006	Libya	Libya	AS
75	#F8766D	71.863	2007	Libya	Libya	AS
75	#F8766D	72.269	2008	Libya	Libya	AS
75	#F8766D	72.356	2009	Libya	Libya	AS
75	#F8766D	72.374	2010	Libya	Libya	AS
75	#F8766D	70.071	2011	Libya	Libya	AS
75	#F8766D	72.247	2012	Libya	Libya	AS
75	#F8766D	72.34	2013	Libya	Libya	AS
75	#F8766D	71.511	2014	Libya	Libya	AS
75	#F8766D	71.698	2015	Libya	Libya	AS
75	#F8766D	71.756	2016	Libya	Libya	AS
75	#F8766D	72.482	2017	Libya	Libya	AS
75	#F8766D	72.794	2018	Libya	Libya	AS
75	#F8766D	72.463	2019	Libya	Libya	AS
75	#F8766D	72.472	2020	Libya	Libya	AS
75	#F8766D	71.911	2021	Libya	Libya	AS
75	#F8766D	72.151	2022	Libya	Libya	AS
77	#F564E3	43.323	1990	Malawi	Malawi	SSA
77	#F564E3	43.312	1991	Malawi	Malawi	SSA
77	#F564E3	43.413	1992	Malawi	Malawi	SSA
77	#F564E3	43.388	1993	Malawi	Malawi	SSA
77	#F564E3	43.561	1994	Malawi	Malawi	SSA
77	#F564E3	43.641	1995	Malawi	Malawi	SSA
77	#F564E3	43.441	1996	Malawi	Malawi	SSA
77	#F564E3	43.131	1997	Malawi	Malawi	SSA
77	#F564E3	42.848	1998	Malawi	Malawi	SSA
77	#F564E3	43.568	1999	Malawi	Malawi	SSA
77	#F564E3	44.518	2000	Malawi	Malawi	SSA
77	#F564E3	45.895	2001	Malawi	Malawi	SSA
77	#F564E3	47.221	2002	Malawi	Malawi	SSA
77	#F564E3	48.79	2003	Malawi	Malawi	SSA
77	#F564E3	50.453	2004	Malawi	Malawi	SSA
77	#F564E3	52.044	2005	Malawi	Malawi	SSA
77	#F564E3	53.238	2006	Malawi	Malawi	SSA
77	#F564E3	53.946	2007	Malawi	Malawi	SSA
77	#F564E3	54.604	2008	Malawi	Malawi	SSA
77	#F564E3	55.448	2009	Malawi	Malawi	SSA
77	#F564E3	56.381	2010	Malawi	Malawi	SSA
77	#F564E3	57.455	2011	Malawi	Malawi	SSA
77	#F564E3	58.679	2012	Malawi	Malawi	SSA
77	#F564E3	59.729	2013	Malawi	Malawi	SSA
77	#F564E3	60.899	2014	Malawi	Malawi	SSA
77	#F564E3	61.378	2015	Malawi	Malawi	SSA
77	#F564E3	62.209	2016	Malawi	Malawi	SSA
77	#F564E3	62.977	2017	Malawi	Malawi	SSA
77	#F564E3	63.276	2018	Malawi	Malawi	SSA
77	#F564E3	64.119	2019	Malawi	Malawi	SSA
77	#F564E3	63.717	2020	Malawi	Malawi	SSA
77	#F564E3	62.904	2021	Malawi	Malawi	SSA
77	#F564E3	62.898	2022	Malawi	Malawi	SSA
78	#B79F00	71.307	1990	Malaysia	Malaysia	EAP
78	#B79F00	71.442	1991	Malaysia	Malaysia	EAP
78	#B79F00	71.526	1992	Malaysia	Malaysia	EAP
78	#B79F00	71.826	1993	Malaysia	Malaysia	EAP
78	#B79F00	72.163	1994	Malaysia	Malaysia	EAP
78	#B79F00	72.384	1995	Malaysia	Malaysia	EAP
78	#B79F00	72.327	1996	Malaysia	Malaysia	EAP
78	#B79F00	72.284	1997	Malaysia	Malaysia	EAP
78	#B79F00	72.168	1998	Malaysia	Malaysia	EAP
78	#B79F00	72.283	1999	Malaysia	Malaysia	EAP
78	#B79F00	72.775	2000	Malaysia	Malaysia	EAP
78	#B79F00	73.344	2001	Malaysia	Malaysia	EAP
78	#B79F00	73.563	2002	Malaysia	Malaysia	EAP
78	#B79F00	73.796	2003	Malaysia	Malaysia	EAP
78	#B79F00	73.898	2004	Malaysia	Malaysia	EAP
78	#B79F00	74.096	2005	Malaysia	Malaysia	EAP
78	#B79F00	74.164	2006	Malaysia	Malaysia	EAP
78	#B79F00	74.211	2007	Malaysia	Malaysia	EAP
78	#B79F00	74.25	2008	Malaysia	Malaysia	EAP
78	#B79F00	74.227	2009	Malaysia	Malaysia	EAP
78	#B79F00	74.442	2010	Malaysia	Malaysia	EAP
78	#B79F00	74.746	2011	Malaysia	Malaysia	EAP
78	#B79F00	74.944	2012	Malaysia	Malaysia	EAP
78	#B79F00	75.035	2013	Malaysia	Malaysia	EAP
78	#B79F00	75.146	2014	Malaysia	Malaysia	EAP
78	#B79F00	75.094	2015	Malaysia	Malaysia	EAP
78	#B79F00	75.289	2016	Malaysia	Malaysia	EAP
78	#B79F00	75.476	2017	Malaysia	Malaysia	EAP
78	#B79F00	75.644	2018	Malaysia	Malaysia	EAP
78	#B79F00	75.76	2019	Malaysia	Malaysia	EAP
78	#B79F00	75.938	2020	Malaysia	Malaysia	EAP
78	#B79F00	74.884	2021	Malaysia	Malaysia	EAP
78	#B79F00	76.26	2022	Malaysia	Malaysia	EAP
80	#F564E3	46.62	1990	Mali	Mali	SSA
80	#F564E3	47.216	1991	Mali	Mali	SSA
80	#F564E3	47.496	1992	Mali	Mali	SSA
80	#F564E3	47.733	1993	Mali	Mali	SSA
80	#F564E3	47.742	1994	Mali	Mali	SSA
80	#F564E3	47.816	1995	Mali	Mali	SSA
80	#F564E3	47.792	1996	Mali	Mali	SSA
80	#F564E3	48.531	1997	Mali	Mali	SSA
80	#F564E3	49.164	1998	Mali	Mali	SSA
80	#F564E3	49.797	1999	Mali	Mali	SSA
80	#F564E3	50.539	2000	Mali	Mali	SSA
80	#F564E3	51.284	2001	Mali	Mali	SSA
80	#F564E3	52.222	2002	Mali	Mali	SSA
80	#F564E3	52.893	2003	Mali	Mali	SSA
80	#F564E3	53.538	2004	Mali	Mali	SSA
80	#F564E3	54.003	2005	Mali	Mali	SSA
80	#F564E3	54.615	2006	Mali	Mali	SSA
80	#F564E3	54.941	2007	Mali	Mali	SSA
80	#F564E3	55.291	2008	Mali	Mali	SSA
80	#F564E3	55.874	2009	Mali	Mali	SSA
80	#F564E3	56.382	2010	Mali	Mali	SSA
80	#F564E3	56.755	2011	Mali	Mali	SSA
80	#F564E3	57.079	2012	Mali	Mali	SSA
80	#F564E3	57.357	2013	Mali	Mali	SSA
80	#F564E3	57.9	2014	Mali	Mali	SSA
80	#F564E3	58.363	2015	Mali	Mali	SSA
80	#F564E3	58.731	2016	Mali	Mali	SSA
80	#F564E3	59.132	2017	Mali	Mali	SSA
80	#F564E3	59.393	2018	Mali	Mali	SSA
80	#F564E3	59.664	2019	Mali	Mali	SSA
80	#F564E3	58.633	2020	Mali	Mali	SSA
80	#F564E3	58.941	2021	Mali	Mali	SSA
80	#F564E3	59.417	2022	Mali	Mali	SSA
82	#F564E3	59.77	1990	Mauritania	Mauritania	SSA
82	#F564E3	59.936	1991	Mauritania	Mauritania	SSA
82	#F564E3	60.261	1992	Mauritania	Mauritania	SSA
82	#F564E3	60.379	1993	Mauritania	Mauritania	SSA
82	#F564E3	60.336	1994	Mauritania	Mauritania	SSA
82	#F564E3	60.259	1995	Mauritania	Mauritania	SSA
82	#F564E3	60.063	1996	Mauritania	Mauritania	SSA
82	#F564E3	60.452	1997	Mauritania	Mauritania	SSA
82	#F564E3	60.609	1998	Mauritania	Mauritania	SSA
82	#F564E3	60.819	1999	Mauritania	Mauritania	SSA
82	#F564E3	61.028	2000	Mauritania	Mauritania	SSA
82	#F564E3	61.185	2001	Mauritania	Mauritania	SSA
82	#F564E3	61.268	2002	Mauritania	Mauritania	SSA
82	#F564E3	61.347	2003	Mauritania	Mauritania	SSA
82	#F564E3	61.593	2004	Mauritania	Mauritania	SSA
82	#F564E3	61.656	2005	Mauritania	Mauritania	SSA
82	#F564E3	61.891	2006	Mauritania	Mauritania	SSA
82	#F564E3	62.228	2007	Mauritania	Mauritania	SSA
82	#F564E3	62.399	2008	Mauritania	Mauritania	SSA
82	#F564E3	62.8	2009	Mauritania	Mauritania	SSA
82	#F564E3	63.105	2010	Mauritania	Mauritania	SSA
82	#F564E3	63.346	2011	Mauritania	Mauritania	SSA
82	#F564E3	63.578	2012	Mauritania	Mauritania	SSA
82	#F564E3	63.911	2013	Mauritania	Mauritania	SSA
82	#F564E3	64.155	2014	Mauritania	Mauritania	SSA
82	#F564E3	64.485	2015	Mauritania	Mauritania	SSA
82	#F564E3	64.768	2016	Mauritania	Mauritania	SSA
82	#F564E3	65.083	2017	Mauritania	Mauritania	SSA
82	#F564E3	65.31	2018	Mauritania	Mauritania	SSA
82	#F564E3	65.687	2019	Mauritania	Mauritania	SSA
82	#F564E3	64.532	2020	Mauritania	Mauritania	SSA
82	#F564E3	64.364	2021	Mauritania	Mauritania	SSA
82	#F564E3	64.691	2022	Mauritania	Mauritania	SSA
83	#F564E3	69.387	1990	Mauritius	Mauritius	SSA
83	#F564E3	70.099	1991	Mauritius	Mauritius	SSA
83	#F564E3	70.288	1992	Mauritius	Mauritius	SSA
83	#F564E3	70.271	1993	Mauritius	Mauritius	SSA
83	#F564E3	70.339	1994	Mauritius	Mauritius	SSA
83	#F564E3	70.526	1995	Mauritius	Mauritius	SSA
83	#F564E3	70.418	1996	Mauritius	Mauritius	SSA
83	#F564E3	70.645	1997	Mauritius	Mauritius	SSA
83	#F564E3	70.788	1998	Mauritius	Mauritius	SSA
83	#F564E3	71.365	1999	Mauritius	Mauritius	SSA
83	#F564E3	71.637	2000	Mauritius	Mauritius	SSA
83	#F564E3	71.887	2001	Mauritius	Mauritius	SSA
83	#F564E3	72.011	2002	Mauritius	Mauritius	SSA
83	#F564E3	72.28	2003	Mauritius	Mauritius	SSA
83	#F564E3	72.484	2004	Mauritius	Mauritius	SSA
83	#F564E3	72.675	2005	Mauritius	Mauritius	SSA
83	#F564E3	72.891	2006	Mauritius	Mauritius	SSA
83	#F564E3	73.079	2007	Mauritius	Mauritius	SSA
83	#F564E3	73.338	2008	Mauritius	Mauritius	SSA
83	#F564E3	73.633	2009	Mauritius	Mauritius	SSA
83	#F564E3	73.999	2010	Mauritius	Mauritius	SSA
83	#F564E3	74.241	2011	Mauritius	Mauritius	SSA
83	#F564E3	74.368	2012	Mauritius	Mauritius	SSA
83	#F564E3	74.712	2013	Mauritius	Mauritius	SSA
83	#F564E3	74.852	2014	Mauritius	Mauritius	SSA
83	#F564E3	74.975	2015	Mauritius	Mauritius	SSA
83	#F564E3	75.011	2016	Mauritius	Mauritius	SSA
83	#F564E3	74.881	2017	Mauritius	Mauritius	SSA
83	#F564E3	74.919	2018	Mauritius	Mauritius	SSA
83	#F564E3	75.118	2019	Mauritius	Mauritius	SSA
83	#F564E3	74.331	2020	Mauritius	Mauritius	SSA
83	#F564E3	73.555	2021	Mauritius	Mauritius	SSA
83	#F564E3	73.975	2022	Mauritius	Mauritius	SSA
84	#00BFC4	69.971	1990	Mexico	Mexico	LAC
84	#00BFC4	70.298	1991	Mexico	Mexico	LAC
84	#00BFC4	70.616	1992	Mexico	Mexico	LAC
84	#00BFC4	70.942	1993	Mexico	Mexico	LAC
84	#00BFC4	71.279	1994	Mexico	Mexico	LAC
84	#00BFC4	71.646	1995	Mexico	Mexico	LAC
84	#00BFC4	72.037	1996	Mexico	Mexico	LAC
84	#00BFC4	72.445	1997	Mexico	Mexico	LAC
84	#00BFC4	72.845	1998	Mexico	Mexico	LAC
84	#00BFC4	73.225	1999	Mexico	Mexico	LAC
84	#00BFC4	73.569	2000	Mexico	Mexico	LAC
84	#00BFC4	73.867	2001	Mexico	Mexico	LAC
84	#00BFC4	74.106	2002	Mexico	Mexico	LAC
84	#00BFC4	74.274	2003	Mexico	Mexico	LAC
84	#00BFC4	74.372	2004	Mexico	Mexico	LAC
84	#00BFC4	74.376	2005	Mexico	Mexico	LAC
84	#00BFC4	74.331	2006	Mexico	Mexico	LAC
84	#00BFC4	74.238	2007	Mexico	Mexico	LAC
84	#00BFC4	74.152	2008	Mexico	Mexico	LAC
84	#00BFC4	74.119	2009	Mexico	Mexico	LAC
84	#00BFC4	74.19	2010	Mexico	Mexico	LAC
84	#00BFC4	74.365	2011	Mexico	Mexico	LAC
84	#00BFC4	74.574	2012	Mexico	Mexico	LAC
84	#00BFC4	74.739	2013	Mexico	Mexico	LAC
84	#00BFC4	74.797	2014	Mexico	Mexico	LAC
84	#00BFC4	74.682	2015	Mexico	Mexico	LAC
84	#00BFC4	74.412	2016	Mexico	Mexico	LAC
84	#00BFC4	74.138	2017	Mexico	Mexico	LAC
84	#00BFC4	74.015	2018	Mexico	Mexico	LAC
84	#00BFC4	74.202	2019	Mexico	Mexico	LAC
84	#00BFC4	70.133	2020	Mexico	Mexico	LAC
84	#00BFC4	70.213	2021	Mexico	Mexico	LAC
84	#00BFC4	74.832	2022	Mexico	Mexico	LAC
86	#00BA38	68.067	1990	Moldova (Republic of)	Moldova (Republic of)	ECA
86	#00BA38	66.977	1991	Moldova (Republic of)	Moldova (Republic of)	ECA
86	#00BA38	66.96	1992	Moldova (Republic of)	Moldova (Republic of)	ECA
86	#00BA38	66.543	1993	Moldova (Republic of)	Moldova (Republic of)	ECA
86	#00BA38	65.07	1994	Moldova (Republic of)	Moldova (Republic of)	ECA
86	#00BA38	65.099	1995	Moldova (Republic of)	Moldova (Republic of)	ECA
86	#00BA38	64.241	1996	Moldova (Republic of)	Moldova (Republic of)	ECA
86	#00BA38	65.172	1997	Moldova (Republic of)	Moldova (Republic of)	ECA
86	#00BA38	65.505	1998	Moldova (Republic of)	Moldova (Republic of)	ECA
86	#00BA38	65.561	1999	Moldova (Republic of)	Moldova (Republic of)	ECA
86	#00BA38	66.417	2000	Moldova (Republic of)	Moldova (Republic of)	ECA
86	#00BA38	66.787	2001	Moldova (Republic of)	Moldova (Republic of)	ECA
86	#00BA38	66.938	2002	Moldova (Republic of)	Moldova (Republic of)	ECA
86	#00BA38	67.419	2003	Moldova (Republic of)	Moldova (Republic of)	ECA
86	#00BA38	67.861	2004	Moldova (Republic of)	Moldova (Republic of)	ECA
86	#00BA38	68.169	2005	Moldova (Republic of)	Moldova (Republic of)	ECA
86	#00BA38	68.479	2006	Moldova (Republic of)	Moldova (Republic of)	ECA
86	#00BA38	68.947	2007	Moldova (Republic of)	Moldova (Republic of)	ECA
86	#00BA38	69.394	2008	Moldova (Republic of)	Moldova (Republic of)	ECA
86	#00BA38	69.573	2009	Moldova (Republic of)	Moldova (Republic of)	ECA
86	#00BA38	69.357	2010	Moldova (Republic of)	Moldova (Republic of)	ECA
86	#00BA38	69.192	2011	Moldova (Republic of)	Moldova (Republic of)	ECA
86	#00BA38	69.143	2012	Moldova (Republic of)	Moldova (Republic of)	ECA
86	#00BA38	69.099	2013	Moldova (Republic of)	Moldova (Republic of)	ECA
86	#00BA38	69.031	2014	Moldova (Republic of)	Moldova (Republic of)	ECA
86	#00BA38	69.24	2015	Moldova (Republic of)	Moldova (Republic of)	ECA
86	#00BA38	69.917	2016	Moldova (Republic of)	Moldova (Republic of)	ECA
86	#00BA38	70.516	2017	Moldova (Republic of)	Moldova (Republic of)	ECA
86	#00BA38	70.492	2018	Moldova (Republic of)	Moldova (Republic of)	ECA
86	#00BA38	70.935	2019	Moldova (Republic of)	Moldova (Republic of)	ECA
86	#00BA38	70.166	2020	Moldova (Republic of)	Moldova (Republic of)	ECA
86	#00BA38	68.846	2021	Moldova (Republic of)	Moldova (Republic of)	ECA
86	#00BA38	68.621	2022	Moldova (Republic of)	Moldova (Republic of)	ECA
87	#B79F00	58.765	1990	Mongolia	Mongolia	EAP
87	#B79F00	59.237	1991	Mongolia	Mongolia	EAP
87	#B79F00	59.641	1992	Mongolia	Mongolia	EAP
87	#B79F00	60.038	1993	Mongolia	Mongolia	EAP
87	#B79F00	60.405	1994	Mongolia	Mongolia	EAP
87	#B79F00	60.612	1995	Mongolia	Mongolia	EAP
87	#B79F00	60.305	1996	Mongolia	Mongolia	EAP
87	#B79F00	60.815	1997	Mongolia	Mongolia	EAP
87	#B79F00	61.765	1998	Mongolia	Mongolia	EAP
87	#B79F00	62.529	1999	Mongolia	Mongolia	EAP
87	#B79F00	62.882	2000	Mongolia	Mongolia	EAP
87	#B79F00	63.279	2001	Mongolia	Mongolia	EAP
87	#B79F00	63.518	2002	Mongolia	Mongolia	EAP
87	#B79F00	64.208	2003	Mongolia	Mongolia	EAP
87	#B79F00	64.796	2004	Mongolia	Mongolia	EAP
87	#B79F00	64.879	2005	Mongolia	Mongolia	EAP
87	#B79F00	65.513	2006	Mongolia	Mongolia	EAP
87	#B79F00	65.97	2007	Mongolia	Mongolia	EAP
87	#B79F00	66.382	2008	Mongolia	Mongolia	EAP
87	#B79F00	66.766	2009	Mongolia	Mongolia	EAP
87	#B79F00	67.182	2010	Mongolia	Mongolia	EAP
87	#B79F00	67.439	2011	Mongolia	Mongolia	EAP
87	#B79F00	68.111	2012	Mongolia	Mongolia	EAP
87	#B79F00	68.585	2013	Mongolia	Mongolia	EAP
87	#B79F00	69.047	2014	Mongolia	Mongolia	EAP
87	#B79F00	69.498	2015	Mongolia	Mongolia	EAP
87	#B79F00	69.865	2016	Mongolia	Mongolia	EAP
87	#B79F00	70.237	2017	Mongolia	Mongolia	EAP
87	#B79F00	71.199	2018	Mongolia	Mongolia	EAP
87	#B79F00	71.822	2019	Mongolia	Mongolia	EAP
87	#B79F00	72.141	2020	Mongolia	Mongolia	EAP
87	#B79F00	70.975	2021	Mongolia	Mongolia	EAP
87	#B79F00	72.667	2022	Mongolia	Mongolia	EAP
89	#F8766D	62.448	1990	Morocco	Morocco	AS
89	#F8766D	62.946	1991	Morocco	Morocco	AS
89	#F8766D	63.401	1992	Morocco	Morocco	AS
89	#F8766D	63.872	1993	Morocco	Morocco	AS
89	#F8766D	64.346	1994	Morocco	Morocco	AS
89	#F8766D	64.736	1995	Morocco	Morocco	AS
89	#F8766D	65.238	1996	Morocco	Morocco	AS
89	#F8766D	65.629	1997	Morocco	Morocco	AS
89	#F8766D	66.018	1998	Morocco	Morocco	AS
89	#F8766D	66.406	1999	Morocco	Morocco	AS
89	#F8766D	66.787	2000	Morocco	Morocco	AS
89	#F8766D	67.18	2001	Morocco	Morocco	AS
89	#F8766D	67.547	2002	Morocco	Morocco	AS
89	#F8766D	67.915	2003	Morocco	Morocco	AS
89	#F8766D	68.231	2004	Morocco	Morocco	AS
89	#F8766D	68.704	2005	Morocco	Morocco	AS
89	#F8766D	69.128	2006	Morocco	Morocco	AS
89	#F8766D	69.604	2007	Morocco	Morocco	AS
89	#F8766D	70.048	2008	Morocco	Morocco	AS
89	#F8766D	70.458	2009	Morocco	Morocco	AS
89	#F8766D	70.829	2010	Morocco	Morocco	AS
89	#F8766D	71.269	2011	Morocco	Morocco	AS
89	#F8766D	71.679	2012	Morocco	Morocco	AS
89	#F8766D	72.122	2013	Morocco	Morocco	AS
89	#F8766D	72.538	2014	Morocco	Morocco	AS
89	#F8766D	72.92	2015	Morocco	Morocco	AS
89	#F8766D	73.284	2016	Morocco	Morocco	AS
89	#F8766D	73.66	2017	Morocco	Morocco	AS
89	#F8766D	73.986	2018	Morocco	Morocco	AS
89	#F8766D	74.27	2019	Morocco	Morocco	AS
89	#F8766D	73.92	2020	Morocco	Morocco	AS
89	#F8766D	74.042	2021	Morocco	Morocco	AS
89	#F8766D	74.973	2022	Morocco	Morocco	AS
90	#F564E3	44.469	1990	Mozambique	Mozambique	SSA
90	#F564E3	44.66	1991	Mozambique	Mozambique	SSA
90	#F564E3	44.949	1992	Mozambique	Mozambique	SSA
90	#F564E3	45.354	1993	Mozambique	Mozambique	SSA
90	#F564E3	45.606	1994	Mozambique	Mozambique	SSA
90	#F564E3	46.04	1995	Mozambique	Mozambique	SSA
90	#F564E3	46.636	1996	Mozambique	Mozambique	SSA
90	#F564E3	47.408	1997	Mozambique	Mozambique	SSA
90	#F564E3	48.024	1998	Mozambique	Mozambique	SSA
90	#F564E3	48.812	1999	Mozambique	Mozambique	SSA
90	#F564E3	49.491	2000	Mozambique	Mozambique	SSA
90	#F564E3	50.065	2001	Mozambique	Mozambique	SSA
90	#F564E3	50.59	2002	Mozambique	Mozambique	SSA
90	#F564E3	50.87	2003	Mozambique	Mozambique	SSA
90	#F564E3	51.249	2004	Mozambique	Mozambique	SSA
90	#F564E3	51.561	2005	Mozambique	Mozambique	SSA
90	#F564E3	51.961	2006	Mozambique	Mozambique	SSA
90	#F564E3	52.566	2007	Mozambique	Mozambique	SSA
90	#F564E3	53.164	2008	Mozambique	Mozambique	SSA
90	#F564E3	53.788	2009	Mozambique	Mozambique	SSA
90	#F564E3	54.198	2010	Mozambique	Mozambique	SSA
90	#F564E3	54.869	2011	Mozambique	Mozambique	SSA
90	#F564E3	55.639	2012	Mozambique	Mozambique	SSA
90	#F564E3	56.492	2013	Mozambique	Mozambique	SSA
90	#F564E3	57.274	2014	Mozambique	Mozambique	SSA
90	#F564E3	58.151	2015	Mozambique	Mozambique	SSA
90	#F564E3	59.038	2016	Mozambique	Mozambique	SSA
90	#F564E3	59.771	2017	Mozambique	Mozambique	SSA
90	#F564E3	60.526	2018	Mozambique	Mozambique	SSA
90	#F564E3	61.166	2019	Mozambique	Mozambique	SSA
90	#F564E3	61.172	2020	Mozambique	Mozambique	SSA
90	#F564E3	59.325	2021	Mozambique	Mozambique	SSA
90	#F564E3	59.625	2022	Mozambique	Mozambique	SSA
91	#B79F00	56.661	1990	Myanmar	Myanmar	EAP
91	#B79F00	57.014	1991	Myanmar	Myanmar	EAP
91	#B79F00	57.251	1992	Myanmar	Myanmar	EAP
91	#B79F00	57.631	1993	Myanmar	Myanmar	EAP
91	#B79F00	57.956	1994	Myanmar	Myanmar	EAP
91	#B79F00	58.259	1995	Myanmar	Myanmar	EAP
91	#B79F00	58.941	1996	Myanmar	Myanmar	EAP
91	#B79F00	59.243	1997	Myanmar	Myanmar	EAP
91	#B79F00	59.794	1998	Myanmar	Myanmar	EAP
91	#B79F00	59.881	1999	Myanmar	Myanmar	EAP
91	#B79F00	60.155	2000	Myanmar	Myanmar	EAP
91	#B79F00	60.416	2001	Myanmar	Myanmar	EAP
91	#B79F00	60.725	2002	Myanmar	Myanmar	EAP
91	#B79F00	60.98	2003	Myanmar	Myanmar	EAP
91	#B79F00	61.25	2004	Myanmar	Myanmar	EAP
91	#B79F00	61.599	2005	Myanmar	Myanmar	EAP
91	#B79F00	61.893	2006	Myanmar	Myanmar	EAP
91	#B79F00	62.371	2007	Myanmar	Myanmar	EAP
91	#B79F00	56.506	2008	Myanmar	Myanmar	EAP
91	#B79F00	63.155	2009	Myanmar	Myanmar	EAP
91	#B79F00	63.329	2010	Myanmar	Myanmar	EAP
91	#B79F00	63.901	2011	Myanmar	Myanmar	EAP
91	#B79F00	64.141	2012	Myanmar	Myanmar	EAP
91	#B79F00	64.815	2013	Myanmar	Myanmar	EAP
91	#B79F00	65.056	2014	Myanmar	Myanmar	EAP
91	#B79F00	65.561	2015	Myanmar	Myanmar	EAP
91	#B79F00	65.685	2016	Myanmar	Myanmar	EAP
91	#B79F00	65.843	2017	Myanmar	Myanmar	EAP
91	#B79F00	66.465	2018	Myanmar	Myanmar	EAP
91	#B79F00	66.61	2019	Myanmar	Myanmar	EAP
91	#B79F00	66.797	2020	Myanmar	Myanmar	EAP
91	#B79F00	65.672	2021	Myanmar	Myanmar	EAP
91	#B79F00	67.256	2022	Myanmar	Myanmar	EAP
92	#F564E3	62.496	1990	Namibia	Namibia	SSA
92	#F564E3	62.098	1991	Namibia	Namibia	SSA
92	#F564E3	61.545	1992	Namibia	Namibia	SSA
92	#F564E3	60.86	1993	Namibia	Namibia	SSA
92	#F564E3	59.846	1994	Namibia	Namibia	SSA
92	#F564E3	58.634	1995	Namibia	Namibia	SSA
92	#F564E3	56.918	1996	Namibia	Namibia	SSA
92	#F564E3	55.558	1997	Namibia	Namibia	SSA
92	#F564E3	54.101	1998	Namibia	Namibia	SSA
92	#F564E3	53.036	1999	Namibia	Namibia	SSA
92	#F564E3	51.99	2000	Namibia	Namibia	SSA
92	#F564E3	51.26	2001	Namibia	Namibia	SSA
92	#F564E3	51.254	2002	Namibia	Namibia	SSA
92	#F564E3	51.083	2003	Namibia	Namibia	SSA
92	#F564E3	51.246	2004	Namibia	Namibia	SSA
92	#F564E3	51.787	2005	Namibia	Namibia	SSA
92	#F564E3	52.655	2006	Namibia	Namibia	SSA
92	#F564E3	53.68	2007	Namibia	Namibia	SSA
92	#F564E3	54.653	2008	Namibia	Namibia	SSA
92	#F564E3	55.496	2009	Namibia	Namibia	SSA
92	#F564E3	56.015	2010	Namibia	Namibia	SSA
92	#F564E3	56.553	2011	Namibia	Namibia	SSA
92	#F564E3	57.64	2012	Namibia	Namibia	SSA
92	#F564E3	58.694	2013	Namibia	Namibia	SSA
92	#F564E3	59.822	2014	Namibia	Namibia	SSA
92	#F564E3	60.7	2015	Namibia	Namibia	SSA
92	#F564E3	61.682	2016	Namibia	Namibia	SSA
92	#F564E3	62.293	2017	Namibia	Namibia	SSA
92	#F564E3	62.586	2018	Namibia	Namibia	SSA
92	#F564E3	63.075	2019	Namibia	Namibia	SSA
92	#F564E3	62.829	2020	Namibia	Namibia	SSA
92	#F564E3	59.269	2021	Namibia	Namibia	SSA
92	#F564E3	58.059	2022	Namibia	Namibia	SSA
94	#619CFF	54.833	1990	Nepal	Nepal	SA
94	#619CFF	55.712	1991	Nepal	Nepal	SA
94	#619CFF	56.71	1992	Nepal	Nepal	SA
94	#619CFF	57.619	1993	Nepal	Nepal	SA
94	#619CFF	58.553	1994	Nepal	Nepal	SA
94	#619CFF	59.318	1995	Nepal	Nepal	SA
94	#619CFF	59.981	1996	Nepal	Nepal	SA
94	#619CFF	60.771	1997	Nepal	Nepal	SA
94	#619CFF	61.549	1998	Nepal	Nepal	SA
94	#619CFF	62.113	1999	Nepal	Nepal	SA
94	#619CFF	62.614	2000	Nepal	Nepal	SA
94	#619CFF	63.336	2001	Nepal	Nepal	SA
94	#619CFF	63.264	2002	Nepal	Nepal	SA
94	#619CFF	64.197	2003	Nepal	Nepal	SA
94	#619CFF	64.818	2004	Nepal	Nepal	SA
94	#619CFF	65.457	2005	Nepal	Nepal	SA
94	#619CFF	65.868	2006	Nepal	Nepal	SA
94	#619CFF	66.329	2007	Nepal	Nepal	SA
94	#619CFF	66.421	2008	Nepal	Nepal	SA
94	#619CFF	66.761	2009	Nepal	Nepal	SA
94	#619CFF	66.814	2010	Nepal	Nepal	SA
94	#619CFF	67.313	2011	Nepal	Nepal	SA
94	#619CFF	67.47	2012	Nepal	Nepal	SA
94	#619CFF	67.965	2013	Nepal	Nepal	SA
94	#619CFF	68.085	2014	Nepal	Nepal	SA
94	#619CFF	67.456	2015	Nepal	Nepal	SA
94	#619CFF	68.776	2016	Nepal	Nepal	SA
94	#619CFF	68.91	2017	Nepal	Nepal	SA
94	#619CFF	68.979	2018	Nepal	Nepal	SA
94	#619CFF	69.558	2019	Nepal	Nepal	SA
94	#619CFF	69.246	2020	Nepal	Nepal	SA
94	#619CFF	68.45	2021	Nepal	Nepal	SA
94	#619CFF	70.484	2022	Nepal	Nepal	SA
95	#00BFC4	63.096	1990	Nicaragua	Nicaragua	LAC
95	#00BFC4	63.931	1991	Nicaragua	Nicaragua	LAC
95	#00BFC4	64.266	1992	Nicaragua	Nicaragua	LAC
95	#00BFC4	64.685	1993	Nicaragua	Nicaragua	LAC
95	#00BFC4	65.181	1994	Nicaragua	Nicaragua	LAC
95	#00BFC4	65.608	1995	Nicaragua	Nicaragua	LAC
95	#00BFC4	66.052	1996	Nicaragua	Nicaragua	LAC
95	#00BFC4	66.515	1997	Nicaragua	Nicaragua	LAC
95	#00BFC4	65.209	1998	Nicaragua	Nicaragua	LAC
95	#00BFC4	67.12	1999	Nicaragua	Nicaragua	LAC
95	#00BFC4	67.234	2000	Nicaragua	Nicaragua	LAC
95	#00BFC4	67.215	2001	Nicaragua	Nicaragua	LAC
95	#00BFC4	67.18	2002	Nicaragua	Nicaragua	LAC
95	#00BFC4	67.217	2003	Nicaragua	Nicaragua	LAC
95	#00BFC4	67.423	2004	Nicaragua	Nicaragua	LAC
95	#00BFC4	67.936	2005	Nicaragua	Nicaragua	LAC
95	#00BFC4	68.725	2006	Nicaragua	Nicaragua	LAC
95	#00BFC4	69.559	2007	Nicaragua	Nicaragua	LAC
95	#00BFC4	70.586	2008	Nicaragua	Nicaragua	LAC
95	#00BFC4	71.433	2009	Nicaragua	Nicaragua	LAC
95	#00BFC4	72.009	2010	Nicaragua	Nicaragua	LAC
95	#00BFC4	72.416	2011	Nicaragua	Nicaragua	LAC
95	#00BFC4	72.615	2012	Nicaragua	Nicaragua	LAC
95	#00BFC4	72.704	2013	Nicaragua	Nicaragua	LAC
95	#00BFC4	72.812	2014	Nicaragua	Nicaragua	LAC
95	#00BFC4	72.983	2015	Nicaragua	Nicaragua	LAC
95	#00BFC4	73.256	2016	Nicaragua	Nicaragua	LAC
95	#00BFC4	73.554	2017	Nicaragua	Nicaragua	LAC
95	#00BFC4	73.85	2018	Nicaragua	Nicaragua	LAC
95	#00BFC4	74.054	2019	Nicaragua	Nicaragua	LAC
95	#00BFC4	71.795	2020	Nicaragua	Nicaragua	LAC
95	#00BFC4	73.837	2021	Nicaragua	Nicaragua	LAC
95	#00BFC4	74.615	2022	Nicaragua	Nicaragua	LAC
96	#F564E3	41.852	1990	Niger	Niger	SSA
96	#F564E3	42.218	1991	Niger	Niger	SSA
96	#F564E3	42.947	1992	Niger	Niger	SSA
96	#F564E3	43.817	1993	Niger	Niger	SSA
96	#F564E3	44.714	1994	Niger	Niger	SSA
96	#F564E3	45.774	1995	Niger	Niger	SSA
96	#F564E3	46.676	1996	Niger	Niger	SSA
96	#F564E3	47.505	1997	Niger	Niger	SSA
96	#F564E3	48.191	1998	Niger	Niger	SSA
96	#F564E3	48.738	1999	Niger	Niger	SSA
96	#F564E3	49.322	2000	Niger	Niger	SSA
96	#F564E3	49.841	2001	Niger	Niger	SSA
96	#F564E3	50.562	2002	Niger	Niger	SSA
96	#F564E3	51.434	2003	Niger	Niger	SSA
96	#F564E3	52.589	2004	Niger	Niger	SSA
96	#F564E3	53.59	2005	Niger	Niger	SSA
96	#F564E3	54.596	2006	Niger	Niger	SSA
96	#F564E3	55.553	2007	Niger	Niger	SSA
96	#F564E3	56.508	2008	Niger	Niger	SSA
96	#F564E3	57.396	2009	Niger	Niger	SSA
96	#F564E3	58.367	2010	Niger	Niger	SSA
96	#F564E3	58.994	2011	Niger	Niger	SSA
96	#F564E3	59.65	2012	Niger	Niger	SSA
96	#F564E3	60.239	2013	Niger	Niger	SSA
96	#F564E3	60.786	2014	Niger	Niger	SSA
96	#F564E3	61.083	2015	Niger	Niger	SSA
96	#F564E3	61.629	2016	Niger	Niger	SSA
96	#F564E3	62.16	2017	Niger	Niger	SSA
96	#F564E3	62.454	2018	Niger	Niger	SSA
96	#F564E3	62.897	2019	Niger	Niger	SSA
96	#F564E3	61.451	2020	Niger	Niger	SSA
96	#F564E3	61.576	2021	Niger	Niger	SSA
96	#F564E3	62.08	2022	Niger	Niger	SSA
100	#619CFF	60.066	1990	Pakistan	Pakistan	SA
100	#619CFF	60.259	1991	Pakistan	Pakistan	SA
100	#619CFF	60.116	1992	Pakistan	Pakistan	SA
100	#619CFF	59.934	1993	Pakistan	Pakistan	SA
100	#619CFF	60.116	1994	Pakistan	Pakistan	SA
100	#619CFF	59.878	1995	Pakistan	Pakistan	SA
100	#619CFF	60.398	1996	Pakistan	Pakistan	SA
100	#619CFF	60.603	1997	Pakistan	Pakistan	SA
100	#619CFF	61.09	1998	Pakistan	Pakistan	SA
100	#619CFF	61.679	1999	Pakistan	Pakistan	SA
100	#619CFF	62.102	2000	Pakistan	Pakistan	SA
100	#619CFF	62.421	2001	Pakistan	Pakistan	SA
100	#619CFF	62.626	2002	Pakistan	Pakistan	SA
100	#619CFF	62.843	2003	Pakistan	Pakistan	SA
100	#619CFF	63.052	2004	Pakistan	Pakistan	SA
100	#619CFF	62.466	2005	Pakistan	Pakistan	SA
100	#619CFF	63.731	2006	Pakistan	Pakistan	SA
100	#619CFF	63.852	2007	Pakistan	Pakistan	SA
100	#619CFF	64.036	2008	Pakistan	Pakistan	SA
100	#619CFF	64.14	2009	Pakistan	Pakistan	SA
100	#619CFF	64.436	2010	Pakistan	Pakistan	SA
100	#619CFF	64.648	2011	Pakistan	Pakistan	SA
100	#619CFF	64.782	2012	Pakistan	Pakistan	SA
100	#619CFF	65.15	2013	Pakistan	Pakistan	SA
100	#619CFF	65.284	2014	Pakistan	Pakistan	SA
100	#619CFF	65.697	2015	Pakistan	Pakistan	SA
100	#619CFF	65.88	2016	Pakistan	Pakistan	SA
100	#619CFF	66.297	2017	Pakistan	Pakistan	SA
100	#619CFF	66.482	2018	Pakistan	Pakistan	SA
100	#619CFF	66.756	2019	Pakistan	Pakistan	SA
100	#619CFF	66.269	2020	Pakistan	Pakistan	SA
100	#619CFF	66.098	2021	Pakistan	Pakistan	SA
100	#619CFF	66.431	2022	Pakistan	Pakistan	SA
103	#00BFC4	71.097	1990	Panama	Panama	LAC
103	#00BFC4	71.207	1991	Panama	Panama	LAC
103	#00BFC4	71.462	1992	Panama	Panama	LAC
103	#00BFC4	71.8	1993	Panama	Panama	LAC
103	#00BFC4	72.096	1994	Panama	Panama	LAC
103	#00BFC4	72.385	1995	Panama	Panama	LAC
103	#00BFC4	72.675	1996	Panama	Panama	LAC
103	#00BFC4	72.97	1997	Panama	Panama	LAC
103	#00BFC4	73.279	1998	Panama	Panama	LAC
103	#00BFC4	73.622	1999	Panama	Panama	LAC
103	#00BFC4	74.001	2000	Panama	Panama	LAC
103	#00BFC4	74.414	2001	Panama	Panama	LAC
103	#00BFC4	74.824	2002	Panama	Panama	LAC
103	#00BFC4	75.218	2003	Panama	Panama	LAC
103	#00BFC4	75.544	2004	Panama	Panama	LAC
103	#00BFC4	75.829	2005	Panama	Panama	LAC
103	#00BFC4	76.012	2006	Panama	Panama	LAC
103	#00BFC4	76.154	2007	Panama	Panama	LAC
103	#00BFC4	76.225	2008	Panama	Panama	LAC
103	#00BFC4	76.343	2009	Panama	Panama	LAC
103	#00BFC4	76.448	2010	Panama	Panama	LAC
103	#00BFC4	76.627	2011	Panama	Panama	LAC
103	#00BFC4	76.819	2012	Panama	Panama	LAC
103	#00BFC4	77.038	2013	Panama	Panama	LAC
103	#00BFC4	77.248	2014	Panama	Panama	LAC
103	#00BFC4	77.468	2015	Panama	Panama	LAC
103	#00BFC4	77.653	2016	Panama	Panama	LAC
103	#00BFC4	77.795	2017	Panama	Panama	LAC
103	#00BFC4	77.863	2018	Panama	Panama	LAC
103	#00BFC4	77.81	2019	Panama	Panama	LAC
103	#00BFC4	76.657	2020	Panama	Panama	LAC
103	#00BFC4	76.223	2021	Panama	Panama	LAC
103	#00BFC4	76.826	2022	Panama	Panama	LAC
104	#B79F00	59.721	1990	Papua New Guinea	Papua New Guinea	EAP
104	#B79F00	59.908	1991	Papua New Guinea	Papua New Guinea	EAP
104	#B79F00	60.218	1992	Papua New Guinea	Papua New Guinea	EAP
104	#B79F00	60.506	1993	Papua New Guinea	Papua New Guinea	EAP
104	#B79F00	60.756	1994	Papua New Guinea	Papua New Guinea	EAP
104	#B79F00	61.049	1995	Papua New Guinea	Papua New Guinea	EAP
104	#B79F00	61.105	1996	Papua New Guinea	Papua New Guinea	EAP
104	#B79F00	61.377	1997	Papua New Guinea	Papua New Guinea	EAP
104	#B79F00	60.629	1998	Papua New Guinea	Papua New Guinea	EAP
104	#B79F00	61.672	1999	Papua New Guinea	Papua New Guinea	EAP
104	#B79F00	61.72	2000	Papua New Guinea	Papua New Guinea	EAP
104	#B79F00	61.773	2001	Papua New Guinea	Papua New Guinea	EAP
104	#B79F00	61.698	2002	Papua New Guinea	Papua New Guinea	EAP
104	#B79F00	61.797	2003	Papua New Guinea	Papua New Guinea	EAP
104	#B79F00	61.761	2004	Papua New Guinea	Papua New Guinea	EAP
104	#B79F00	61.801	2005	Papua New Guinea	Papua New Guinea	EAP
104	#B79F00	61.917	2006	Papua New Guinea	Papua New Guinea	EAP
104	#B79F00	62.034	2007	Papua New Guinea	Papua New Guinea	EAP
104	#B79F00	62.571	2008	Papua New Guinea	Papua New Guinea	EAP
104	#B79F00	62.788	2009	Papua New Guinea	Papua New Guinea	EAP
104	#B79F00	63.039	2010	Papua New Guinea	Papua New Guinea	EAP
104	#B79F00	63.526	2011	Papua New Guinea	Papua New Guinea	EAP
104	#B79F00	63.733	2012	Papua New Guinea	Papua New Guinea	EAP
104	#B79F00	63.961	2013	Papua New Guinea	Papua New Guinea	EAP
104	#B79F00	64.259	2014	Papua New Guinea	Papua New Guinea	EAP
104	#B79F00	64.701	2015	Papua New Guinea	Papua New Guinea	EAP
104	#B79F00	64.84	2016	Papua New Guinea	Papua New Guinea	EAP
104	#B79F00	65.103	2017	Papua New Guinea	Papua New Guinea	EAP
104	#B79F00	65.182	2018	Papua New Guinea	Papua New Guinea	EAP
104	#B79F00	65.474	2019	Papua New Guinea	Papua New Guinea	EAP
104	#B79F00	65.787	2020	Papua New Guinea	Papua New Guinea	EAP
104	#B79F00	65.351	2021	Papua New Guinea	Papua New Guinea	EAP
104	#B79F00	65.958	2022	Papua New Guinea	Papua New Guinea	EAP
105	#00BFC4	67.944	1990	Paraguay	Paraguay	LAC
105	#00BFC4	68.173	1991	Paraguay	Paraguay	LAC
105	#00BFC4	68.395	1992	Paraguay	Paraguay	LAC
105	#00BFC4	68.633	1993	Paraguay	Paraguay	LAC
105	#00BFC4	68.824	1994	Paraguay	Paraguay	LAC
105	#00BFC4	69.009	1995	Paraguay	Paraguay	LAC
105	#00BFC4	69.202	1996	Paraguay	Paraguay	LAC
105	#00BFC4	69.325	1997	Paraguay	Paraguay	LAC
105	#00BFC4	69.478	1998	Paraguay	Paraguay	LAC
105	#00BFC4	69.634	1999	Paraguay	Paraguay	LAC
105	#00BFC4	69.75	2000	Paraguay	Paraguay	LAC
105	#00BFC4	69.9	2001	Paraguay	Paraguay	LAC
105	#00BFC4	70.025	2002	Paraguay	Paraguay	LAC
105	#00BFC4	70.297	2003	Paraguay	Paraguay	LAC
105	#00BFC4	70.481	2004	Paraguay	Paraguay	LAC
105	#00BFC4	70.527	2005	Paraguay	Paraguay	LAC
105	#00BFC4	70.781	2006	Paraguay	Paraguay	LAC
105	#00BFC4	71.106	2007	Paraguay	Paraguay	LAC
105	#00BFC4	71.384	2008	Paraguay	Paraguay	LAC
105	#00BFC4	71.635	2009	Paraguay	Paraguay	LAC
105	#00BFC4	71.887	2010	Paraguay	Paraguay	LAC
105	#00BFC4	72.131	2011	Paraguay	Paraguay	LAC
105	#00BFC4	72.454	2012	Paraguay	Paraguay	LAC
105	#00BFC4	72.757	2013	Paraguay	Paraguay	LAC
105	#00BFC4	72.878	2014	Paraguay	Paraguay	LAC
105	#00BFC4	73.191	2015	Paraguay	Paraguay	LAC
105	#00BFC4	73.534	2016	Paraguay	Paraguay	LAC
105	#00BFC4	73.644	2017	Paraguay	Paraguay	LAC
105	#00BFC4	73.568	2018	Paraguay	Paraguay	LAC
105	#00BFC4	73.621	2019	Paraguay	Paraguay	LAC
105	#00BFC4	73.182	2020	Paraguay	Paraguay	LAC
105	#00BFC4	70.262	2021	Paraguay	Paraguay	LAC
105	#00BFC4	70.475	2022	Paraguay	Paraguay	LAC
106	#00BFC4	65.106	1990	Peru	Peru	LAC
106	#00BFC4	65.434	1991	Peru	Peru	LAC
106	#00BFC4	66.149	1992	Peru	Peru	LAC
106	#00BFC4	66.681	1993	Peru	Peru	LAC
106	#00BFC4	67.227	1994	Peru	Peru	LAC
106	#00BFC4	67.644	1995	Peru	Peru	LAC
106	#00BFC4	68.147	1996	Peru	Peru	LAC
106	#00BFC4	68.605	1997	Peru	Peru	LAC
106	#00BFC4	69.082	1998	Peru	Peru	LAC
106	#00BFC4	69.743	1999	Peru	Peru	LAC
106	#00BFC4	70.424	2000	Peru	Peru	LAC
106	#00BFC4	71.041	2001	Peru	Peru	LAC
106	#00BFC4	71.661	2002	Peru	Peru	LAC
106	#00BFC4	72.217	2003	Peru	Peru	LAC
106	#00BFC4	72.668	2004	Peru	Peru	LAC
106	#00BFC4	72.986	2005	Peru	Peru	LAC
106	#00BFC4	73.172	2006	Peru	Peru	LAC
106	#00BFC4	73.223	2007	Peru	Peru	LAC
106	#00BFC4	73.377	2008	Peru	Peru	LAC
106	#00BFC4	73.466	2009	Peru	Peru	LAC
106	#00BFC4	73.711	2010	Peru	Peru	LAC
106	#00BFC4	74.133	2011	Peru	Peru	LAC
106	#00BFC4	74.544	2012	Peru	Peru	LAC
106	#00BFC4	74.967	2013	Peru	Peru	LAC
106	#00BFC4	75.333	2014	Peru	Peru	LAC
106	#00BFC4	75.621	2015	Peru	Peru	LAC
106	#00BFC4	75.789	2016	Peru	Peru	LAC
106	#00BFC4	75.879	2017	Peru	Peru	LAC
106	#00BFC4	76.009	2018	Peru	Peru	LAC
106	#00BFC4	76.156	2019	Peru	Peru	LAC
106	#00BFC4	73.665	2020	Peru	Peru	LAC
106	#00BFC4	72.377	2021	Peru	Peru	LAC
106	#00BFC4	73.385	2022	Peru	Peru	LAC
107	#B79F00	65.909	1990	Philippines	Philippines	EAP
107	#B79F00	66.304	1991	Philippines	Philippines	EAP
107	#B79F00	67.088	1992	Philippines	Philippines	EAP
107	#B79F00	67.542	1993	Philippines	Philippines	EAP
107	#B79F00	67.942	1994	Philippines	Philippines	EAP
107	#B79F00	68.223	1995	Philippines	Philippines	EAP
107	#B79F00	68.614	1996	Philippines	Philippines	EAP
107	#B79F00	68.884	1997	Philippines	Philippines	EAP
107	#B79F00	69.1	1998	Philippines	Philippines	EAP
107	#B79F00	69.298	1999	Philippines	Philippines	EAP
107	#B79F00	69.413	2000	Philippines	Philippines	EAP
107	#B79F00	69.614	2001	Philippines	Philippines	EAP
107	#B79F00	69.781	2002	Philippines	Philippines	EAP
107	#B79F00	69.924	2003	Philippines	Philippines	EAP
107	#B79F00	70.037	2004	Philippines	Philippines	EAP
107	#B79F00	70.24	2005	Philippines	Philippines	EAP
107	#B79F00	70.282	2006	Philippines	Philippines	EAP
107	#B79F00	70.483	2007	Philippines	Philippines	EAP
107	#B79F00	70.564	2008	Philippines	Philippines	EAP
107	#B79F00	70.633	2009	Philippines	Philippines	EAP
107	#B79F00	70.754	2010	Philippines	Philippines	EAP
107	#B79F00	70.788	2011	Philippines	Philippines	EAP
107	#B79F00	70.881	2012	Philippines	Philippines	EAP
107	#B79F00	70.835	2013	Philippines	Philippines	EAP
107	#B79F00	71.151	2014	Philippines	Philippines	EAP
107	#B79F00	71.268	2015	Philippines	Philippines	EAP
107	#B79F00	71.387	2016	Philippines	Philippines	EAP
107	#B79F00	71.516	2017	Philippines	Philippines	EAP
107	#B79F00	71.689	2018	Philippines	Philippines	EAP
107	#B79F00	71.865	2019	Philippines	Philippines	EAP
107	#B79F00	72.119	2020	Philippines	Philippines	EAP
107	#B79F00	69.266	2021	Philippines	Philippines	EAP
107	#B79F00	72.187	2022	Philippines	Philippines	EAP
108	#F8766D	73.982	1990	Qatar	Qatar	AS
108	#F8766D	73.966	1991	Qatar	Qatar	AS
108	#F8766D	74.122	1992	Qatar	Qatar	AS
108	#F8766D	74.243	1993	Qatar	Qatar	AS
108	#F8766D	74.348	1994	Qatar	Qatar	AS
108	#F8766D	74.25	1995	Qatar	Qatar	AS
108	#F8766D	74.685	1996	Qatar	Qatar	AS
108	#F8766D	74.787	1997	Qatar	Qatar	AS
108	#F8766D	74.809	1998	Qatar	Qatar	AS
108	#F8766D	74.8	1999	Qatar	Qatar	AS
108	#F8766D	74.828	2000	Qatar	Qatar	AS
108	#F8766D	75.263	2001	Qatar	Qatar	AS
108	#F8766D	75.412	2002	Qatar	Qatar	AS
108	#F8766D	75.565	2003	Qatar	Qatar	AS
108	#F8766D	75.961	2004	Qatar	Qatar	AS
108	#F8766D	76.064	2005	Qatar	Qatar	AS
108	#F8766D	76.57	2006	Qatar	Qatar	AS
108	#F8766D	77.016	2007	Qatar	Qatar	AS
108	#F8766D	77.427	2008	Qatar	Qatar	AS
108	#F8766D	77.878	2009	Qatar	Qatar	AS
108	#F8766D	78.425	2010	Qatar	Qatar	AS
108	#F8766D	78.891	2011	Qatar	Qatar	AS
108	#F8766D	79.227	2012	Qatar	Qatar	AS
108	#F8766D	79.536	2013	Qatar	Qatar	AS
108	#F8766D	79.768	2014	Qatar	Qatar	AS
108	#F8766D	80.064	2015	Qatar	Qatar	AS
108	#F8766D	80.433	2016	Qatar	Qatar	AS
108	#F8766D	80.717	2017	Qatar	Qatar	AS
108	#F8766D	80.898	2018	Qatar	Qatar	AS
108	#F8766D	80.99	2019	Qatar	Qatar	AS
108	#F8766D	79.099	2020	Qatar	Qatar	AS
108	#F8766D	79.272	2021	Qatar	Qatar	AS
108	#F8766D	81.559	2022	Qatar	Qatar	AS
111	#00BFC4	70.326	1990	Saint Lucia	Saint Lucia	LAC
111	#00BFC4	70.602	1991	Saint Lucia	Saint Lucia	LAC
111	#00BFC4	70.799	1992	Saint Lucia	Saint Lucia	LAC
111	#00BFC4	71.114	1993	Saint Lucia	Saint Lucia	LAC
111	#00BFC4	70.992	1994	Saint Lucia	Saint Lucia	LAC
111	#00BFC4	71.002	1995	Saint Lucia	Saint Lucia	LAC
111	#00BFC4	70.904	1996	Saint Lucia	Saint Lucia	LAC
111	#00BFC4	70.775	1997	Saint Lucia	Saint Lucia	LAC
111	#00BFC4	70.69	1998	Saint Lucia	Saint Lucia	LAC
111	#00BFC4	70.709	1999	Saint Lucia	Saint Lucia	LAC
111	#00BFC4	70.768	2000	Saint Lucia	Saint Lucia	LAC
111	#00BFC4	71.135	2001	Saint Lucia	Saint Lucia	LAC
111	#00BFC4	71.472	2002	Saint Lucia	Saint Lucia	LAC
111	#00BFC4	71.771	2003	Saint Lucia	Saint Lucia	LAC
111	#00BFC4	72.028	2004	Saint Lucia	Saint Lucia	LAC
111	#00BFC4	72.245	2005	Saint Lucia	Saint Lucia	LAC
111	#00BFC4	72.465	2006	Saint Lucia	Saint Lucia	LAC
111	#00BFC4	72.599	2007	Saint Lucia	Saint Lucia	LAC
111	#00BFC4	72.698	2008	Saint Lucia	Saint Lucia	LAC
111	#00BFC4	72.722	2009	Saint Lucia	Saint Lucia	LAC
111	#00BFC4	72.72	2010	Saint Lucia	Saint Lucia	LAC
111	#00BFC4	72.944	2011	Saint Lucia	Saint Lucia	LAC
111	#00BFC4	72.882	2012	Saint Lucia	Saint Lucia	LAC
111	#00BFC4	72.735	2013	Saint Lucia	Saint Lucia	LAC
111	#00BFC4	72.864	2014	Saint Lucia	Saint Lucia	LAC
111	#00BFC4	73.138	2015	Saint Lucia	Saint Lucia	LAC
111	#00BFC4	73.112	2016	Saint Lucia	Saint Lucia	LAC
111	#00BFC4	73.127	2017	Saint Lucia	Saint Lucia	LAC
111	#00BFC4	73.357	2018	Saint Lucia	Saint Lucia	LAC
111	#00BFC4	73.445	2019	Saint Lucia	Saint Lucia	LAC
111	#00BFC4	73.416	2020	Saint Lucia	Saint Lucia	LAC
111	#00BFC4	71.111	2021	Saint Lucia	Saint Lucia	LAC
111	#00BFC4	71.294	2022	Saint Lucia	Saint Lucia	LAC
114	#F564E3	61.471	1990	Sao Tome and Principe	Sao Tome and Principe	SSA
114	#F564E3	61.429	1991	Sao Tome and Principe	Sao Tome and Principe	SSA
114	#F564E3	61.284	1992	Sao Tome and Principe	Sao Tome and Principe	SSA
114	#F564E3	61.138	1993	Sao Tome and Principe	Sao Tome and Principe	SSA
114	#F564E3	61.069	1994	Sao Tome and Principe	Sao Tome and Principe	SSA
114	#F564E3	61.056	1995	Sao Tome and Principe	Sao Tome and Principe	SSA
114	#F564E3	61.097	1996	Sao Tome and Principe	Sao Tome and Principe	SSA
114	#F564E3	61.181	1997	Sao Tome and Principe	Sao Tome and Principe	SSA
114	#F564E3	61.187	1998	Sao Tome and Principe	Sao Tome and Principe	SSA
114	#F564E3	61.393	1999	Sao Tome and Principe	Sao Tome and Principe	SSA
114	#F564E3	61.655	2000	Sao Tome and Principe	Sao Tome and Principe	SSA
114	#F564E3	62.032	2001	Sao Tome and Principe	Sao Tome and Principe	SSA
114	#F564E3	62.6	2002	Sao Tome and Principe	Sao Tome and Principe	SSA
114	#F564E3	63.166	2003	Sao Tome and Principe	Sao Tome and Principe	SSA
114	#F564E3	63.731	2004	Sao Tome and Principe	Sao Tome and Principe	SSA
114	#F564E3	63.709	2005	Sao Tome and Principe	Sao Tome and Principe	SSA
114	#F564E3	64.398	2006	Sao Tome and Principe	Sao Tome and Principe	SSA
114	#F564E3	64.724	2007	Sao Tome and Principe	Sao Tome and Principe	SSA
114	#F564E3	65.079	2008	Sao Tome and Principe	Sao Tome and Principe	SSA
114	#F564E3	65.116	2009	Sao Tome and Principe	Sao Tome and Principe	SSA
114	#F564E3	65.249	2010	Sao Tome and Principe	Sao Tome and Principe	SSA
114	#F564E3	64.902	2011	Sao Tome and Principe	Sao Tome and Principe	SSA
114	#F564E3	65.746	2012	Sao Tome and Principe	Sao Tome and Principe	SSA
114	#F564E3	66.328	2013	Sao Tome and Principe	Sao Tome and Principe	SSA
114	#F564E3	66.845	2014	Sao Tome and Principe	Sao Tome and Principe	SSA
114	#F564E3	67.249	2015	Sao Tome and Principe	Sao Tome and Principe	SSA
114	#F564E3	67.492	2016	Sao Tome and Principe	Sao Tome and Principe	SSA
114	#F564E3	68.267	2017	Sao Tome and Principe	Sao Tome and Principe	SSA
114	#F564E3	68.355	2018	Sao Tome and Principe	Sao Tome and Principe	SSA
114	#F564E3	68.523	2019	Sao Tome and Principe	Sao Tome and Principe	SSA
114	#F564E3	67.785	2020	Sao Tome and Principe	Sao Tome and Principe	SSA
114	#F564E3	67.591	2021	Sao Tome and Principe	Sao Tome and Principe	SSA
114	#F564E3	68.794	2022	Sao Tome and Principe	Sao Tome and Principe	SSA
115	#F8766D	68.948	1990	Saudi Arabia	Saudi Arabia	AS
115	#F8766D	69.366	1991	Saudi Arabia	Saudi Arabia	AS
115	#F8766D	69.925	1992	Saudi Arabia	Saudi Arabia	AS
115	#F8766D	70.303	1993	Saudi Arabia	Saudi Arabia	AS
115	#F8766D	70.705	1994	Saudi Arabia	Saudi Arabia	AS
115	#F8766D	71.011	1995	Saudi Arabia	Saudi Arabia	AS
115	#F8766D	71.273	1996	Saudi Arabia	Saudi Arabia	AS
115	#F8766D	71.483	1997	Saudi Arabia	Saudi Arabia	AS
115	#F8766D	71.879	1998	Saudi Arabia	Saudi Arabia	AS
115	#F8766D	72.136	1999	Saudi Arabia	Saudi Arabia	AS
115	#F8766D	72.467	2000	Saudi Arabia	Saudi Arabia	AS
115	#F8766D	72.974	2001	Saudi Arabia	Saudi Arabia	AS
115	#F8766D	73.337	2002	Saudi Arabia	Saudi Arabia	AS
115	#F8766D	73.628	2003	Saudi Arabia	Saudi Arabia	AS
115	#F8766D	74.153	2004	Saudi Arabia	Saudi Arabia	AS
115	#F8766D	74.588	2005	Saudi Arabia	Saudi Arabia	AS
115	#F8766D	74.81	2006	Saudi Arabia	Saudi Arabia	AS
115	#F8766D	75.046	2007	Saudi Arabia	Saudi Arabia	AS
115	#F8766D	75.274	2008	Saudi Arabia	Saudi Arabia	AS
115	#F8766D	75.431	2009	Saudi Arabia	Saudi Arabia	AS
115	#F8766D	75.763	2010	Saudi Arabia	Saudi Arabia	AS
115	#F8766D	76.234	2011	Saudi Arabia	Saudi Arabia	AS
115	#F8766D	76.461	2012	Saudi Arabia	Saudi Arabia	AS
115	#F8766D	76.626	2013	Saudi Arabia	Saudi Arabia	AS
115	#F8766D	76.757	2014	Saudi Arabia	Saudi Arabia	AS
115	#F8766D	76.918	2015	Saudi Arabia	Saudi Arabia	AS
115	#F8766D	77.064	2016	Saudi Arabia	Saudi Arabia	AS
115	#F8766D	77.16	2017	Saudi Arabia	Saudi Arabia	AS
115	#F8766D	77.212	2018	Saudi Arabia	Saudi Arabia	AS
115	#F8766D	77.304	2019	Saudi Arabia	Saudi Arabia	AS
115	#F8766D	76.239	2020	Saudi Arabia	Saudi Arabia	AS
115	#F8766D	76.936	2021	Saudi Arabia	Saudi Arabia	AS
115	#F8766D	77.905	2022	Saudi Arabia	Saudi Arabia	AS
116	#F564E3	56.948	1990	Senegal	Senegal	SSA
116	#F564E3	57.139	1991	Senegal	Senegal	SSA
116	#F564E3	57.112	1992	Senegal	Senegal	SSA
116	#F564E3	56.996	1993	Senegal	Senegal	SSA
116	#F564E3	56.955	1994	Senegal	Senegal	SSA
116	#F564E3	56.839	1995	Senegal	Senegal	SSA
116	#F564E3	56.672	1996	Senegal	Senegal	SSA
116	#F564E3	56.591	1997	Senegal	Senegal	SSA
116	#F564E3	56.418	1998	Senegal	Senegal	SSA
116	#F564E3	56.609	1999	Senegal	Senegal	SSA
116	#F564E3	56.943	2000	Senegal	Senegal	SSA
116	#F564E3	57.564	2001	Senegal	Senegal	SSA
116	#F564E3	58.231	2002	Senegal	Senegal	SSA
116	#F564E3	59.122	2003	Senegal	Senegal	SSA
116	#F564E3	60.027	2004	Senegal	Senegal	SSA
116	#F564E3	60.915	2005	Senegal	Senegal	SSA
116	#F564E3	61.75	2006	Senegal	Senegal	SSA
116	#F564E3	62.543	2007	Senegal	Senegal	SSA
116	#F564E3	63.242	2008	Senegal	Senegal	SSA
116	#F564E3	63.923	2009	Senegal	Senegal	SSA
116	#F564E3	64.615	2010	Senegal	Senegal	SSA
116	#F564E3	65.262	2011	Senegal	Senegal	SSA
116	#F564E3	65.457	2012	Senegal	Senegal	SSA
116	#F564E3	66.072	2013	Senegal	Senegal	SSA
116	#F564E3	66.452	2014	Senegal	Senegal	SSA
116	#F564E3	66.879	2015	Senegal	Senegal	SSA
116	#F564E3	67.497	2016	Senegal	Senegal	SSA
116	#F564E3	67.75	2017	Senegal	Senegal	SSA
116	#F564E3	68.097	2018	Senegal	Senegal	SSA
116	#F564E3	68.526	2019	Senegal	Senegal	SSA
116	#F564E3	68.006	2020	Senegal	Senegal	SSA
116	#F564E3	67.093	2021	Senegal	Senegal	SSA
116	#F564E3	67.913	2022	Senegal	Senegal	SSA
119	#F564E3	44.057	1990	Sierra Leone	Sierra Leone	SSA
119	#F564E3	43.506	1991	Sierra Leone	Sierra Leone	SSA
119	#F564E3	43.621	1992	Sierra Leone	Sierra Leone	SSA
119	#F564E3	43.594	1993	Sierra Leone	Sierra Leone	SSA
119	#F564E3	42.925	1994	Sierra Leone	Sierra Leone	SSA
119	#F564E3	42.716	1995	Sierra Leone	Sierra Leone	SSA
119	#F564E3	43.68	1996	Sierra Leone	Sierra Leone	SSA
119	#F564E3	43.715	1997	Sierra Leone	Sierra Leone	SSA
119	#F564E3	42.789	1998	Sierra Leone	Sierra Leone	SSA
119	#F564E3	42.071	1999	Sierra Leone	Sierra Leone	SSA
119	#F564E3	45.05	2000	Sierra Leone	Sierra Leone	SSA
119	#F564E3	45.661	2001	Sierra Leone	Sierra Leone	SSA
119	#F564E3	46.359	2002	Sierra Leone	Sierra Leone	SSA
119	#F564E3	46.963	2003	Sierra Leone	Sierra Leone	SSA
119	#F564E3	47.577	2004	Sierra Leone	Sierra Leone	SSA
119	#F564E3	48.237	2005	Sierra Leone	Sierra Leone	SSA
119	#F564E3	49.323	2006	Sierra Leone	Sierra Leone	SSA
119	#F564E3	50.365	2007	Sierra Leone	Sierra Leone	SSA
119	#F564E3	51.526	2008	Sierra Leone	Sierra Leone	SSA
119	#F564E3	52.626	2009	Sierra Leone	Sierra Leone	SSA
119	#F564E3	53.693	2010	Sierra Leone	Sierra Leone	SSA
119	#F564E3	54.62	2011	Sierra Leone	Sierra Leone	SSA
119	#F564E3	55.451	2012	Sierra Leone	Sierra Leone	SSA
119	#F564E3	56.313	2013	Sierra Leone	Sierra Leone	SSA
119	#F564E3	56.393	2014	Sierra Leone	Sierra Leone	SSA
119	#F564E3	57.189	2015	Sierra Leone	Sierra Leone	SSA
119	#F564E3	58.404	2016	Sierra Leone	Sierra Leone	SSA
119	#F564E3	58.652	2017	Sierra Leone	Sierra Leone	SSA
119	#F564E3	59.796	2018	Sierra Leone	Sierra Leone	SSA
119	#F564E3	60.255	2019	Sierra Leone	Sierra Leone	SSA
119	#F564E3	59.763	2020	Sierra Leone	Sierra Leone	SSA
119	#F564E3	60.062	2021	Sierra Leone	Sierra Leone	SSA
119	#F564E3	60.411	2022	Sierra Leone	Sierra Leone	SSA
120	#B79F00	74.944	1990	Singapore	Singapore	EAP
120	#B79F00	75.329	1991	Singapore	Singapore	EAP
120	#B79F00	75.601	1992	Singapore	Singapore	EAP
120	#B79F00	75.802	1993	Singapore	Singapore	EAP
120	#B79F00	75.885	1994	Singapore	Singapore	EAP
120	#B79F00	75.976	1995	Singapore	Singapore	EAP
120	#B79F00	76.536	1996	Singapore	Singapore	EAP
120	#B79F00	77.228	1997	Singapore	Singapore	EAP
120	#B79F00	77.987	1998	Singapore	Singapore	EAP
120	#B79F00	78.47	1999	Singapore	Singapore	EAP
120	#B79F00	79.069	2000	Singapore	Singapore	EAP
120	#B79F00	79.186	2001	Singapore	Singapore	EAP
120	#B79F00	79.302	2002	Singapore	Singapore	EAP
120	#B79F00	79.398	2003	Singapore	Singapore	EAP
120	#B79F00	79.765	2004	Singapore	Singapore	EAP
120	#B79F00	80.354	2005	Singapore	Singapore	EAP
120	#B79F00	80.71	2006	Singapore	Singapore	EAP
120	#B79F00	80.958	2007	Singapore	Singapore	EAP
120	#B79F00	81.17	2008	Singapore	Singapore	EAP
120	#B79F00	81.456	2009	Singapore	Singapore	EAP
120	#B79F00	81.691	2010	Singapore	Singapore	EAP
120	#B79F00	81.975	2011	Singapore	Singapore	EAP
120	#B79F00	82.243	2012	Singapore	Singapore	EAP
120	#B79F00	82.516	2013	Singapore	Singapore	EAP
120	#B79F00	82.652	2014	Singapore	Singapore	EAP
120	#B79F00	82.826	2015	Singapore	Singapore	EAP
120	#B79F00	83	2016	Singapore	Singapore	EAP
120	#B79F00	83.224	2017	Singapore	Singapore	EAP
120	#B79F00	83.458	2018	Singapore	Singapore	EAP
120	#B79F00	83.758	2019	Singapore	Singapore	EAP
120	#B79F00	82.861	2020	Singapore	Singapore	EAP
120	#B79F00	82.754	2021	Singapore	Singapore	EAP
120	#B79F00	84.133	2022	Singapore	Singapore	EAP
123	#F564E3	63.375	1990	South Africa	South Africa	SSA
123	#F564E3	63.265	1991	South Africa	South Africa	SSA
123	#F564E3	63.341	1992	South Africa	South Africa	SSA
123	#F564E3	63.045	1993	South Africa	South Africa	SSA
123	#F564E3	62.612	1994	South Africa	South Africa	SSA
123	#F564E3	62.262	1995	South Africa	South Africa	SSA
123	#F564E3	61.459	1996	South Africa	South Africa	SSA
123	#F564E3	60.805	1997	South Africa	South Africa	SSA
123	#F564E3	60.001	1998	South Africa	South Africa	SSA
123	#F564E3	59.241	1999	South Africa	South Africa	SSA
123	#F564E3	58.47	2000	South Africa	South Africa	SSA
123	#F564E3	57.261	2001	South Africa	South Africa	SSA
123	#F564E3	55.666	2002	South Africa	South Africa	SSA
123	#F564E3	54.331	2003	South Africa	South Africa	SSA
123	#F564E3	54.043	2004	South Africa	South Africa	SSA
123	#F564E3	53.98	2005	South Africa	South Africa	SSA
123	#F564E3	54.278	2006	South Africa	South Africa	SSA
123	#F564E3	54.992	2007	South Africa	South Africa	SSA
123	#F564E3	56.022	2008	South Africa	South Africa	SSA
123	#F564E3	57.447	2009	South Africa	South Africa	SSA
123	#F564E3	58.899	2010	South Africa	South Africa	SSA
123	#F564E3	60.651	2011	South Africa	South Africa	SSA
123	#F564E3	61.846	2012	South Africa	South Africa	SSA
123	#F564E3	62.533	2013	South Africa	South Africa	SSA
123	#F564E3	63.38	2014	South Africa	South Africa	SSA
123	#F564E3	63.95	2015	South Africa	South Africa	SSA
123	#F564E3	64.747	2016	South Africa	South Africa	SSA
123	#F564E3	65.402	2017	South Africa	South Africa	SSA
123	#F564E3	65.674	2018	South Africa	South Africa	SSA
123	#F564E3	66.175	2019	South Africa	South Africa	SSA
123	#F564E3	65.252	2020	South Africa	South Africa	SSA
123	#F564E3	62.341	2021	South Africa	South Africa	SSA
123	#F564E3	61.48	2022	South Africa	South Africa	SSA
125	#619CFF	71.927	1990	Sri Lanka	Sri Lanka	SA
125	#619CFF	71.751	1991	Sri Lanka	Sri Lanka	SA
125	#619CFF	72.53	1992	Sri Lanka	Sri Lanka	SA
125	#619CFF	73.052	1993	Sri Lanka	Sri Lanka	SA
125	#619CFF	72.882	1994	Sri Lanka	Sri Lanka	SA
125	#619CFF	72.26	1995	Sri Lanka	Sri Lanka	SA
125	#619CFF	72.261	1996	Sri Lanka	Sri Lanka	SA
125	#619CFF	72.136	1997	Sri Lanka	Sri Lanka	SA
125	#619CFF	72.081	1998	Sri Lanka	Sri Lanka	SA
125	#619CFF	72.618	1999	Sri Lanka	Sri Lanka	SA
125	#619CFF	70.355	2000	Sri Lanka	Sri Lanka	SA
125	#619CFF	70.787	2001	Sri Lanka	Sri Lanka	SA
125	#619CFF	71.117	2002	Sri Lanka	Sri Lanka	SA
125	#619CFF	71.373	2003	Sri Lanka	Sri Lanka	SA
125	#619CFF	67.091	2004	Sri Lanka	Sri Lanka	SA
125	#619CFF	72.118	2005	Sri Lanka	Sri Lanka	SA
125	#619CFF	71.969	2006	Sri Lanka	Sri Lanka	SA
125	#619CFF	72.049	2007	Sri Lanka	Sri Lanka	SA
125	#619CFF	71.729	2008	Sri Lanka	Sri Lanka	SA
125	#619CFF	69.187	2009	Sri Lanka	Sri Lanka	SA
125	#619CFF	73.215	2010	Sri Lanka	Sri Lanka	SA
125	#619CFF	73.38	2011	Sri Lanka	Sri Lanka	SA
125	#619CFF	73.906	2012	Sri Lanka	Sri Lanka	SA
125	#619CFF	74.239	2013	Sri Lanka	Sri Lanka	SA
125	#619CFF	74.651	2014	Sri Lanka	Sri Lanka	SA
125	#619CFF	74.927	2015	Sri Lanka	Sri Lanka	SA
125	#619CFF	75.331	2016	Sri Lanka	Sri Lanka	SA
125	#619CFF	75.403	2017	Sri Lanka	Sri Lanka	SA
125	#619CFF	75.748	2018	Sri Lanka	Sri Lanka	SA
125	#619CFF	76.008	2019	Sri Lanka	Sri Lanka	SA
125	#619CFF	76.393	2020	Sri Lanka	Sri Lanka	SA
125	#619CFF	76.399	2021	Sri Lanka	Sri Lanka	SA
125	#619CFF	76.61	2022	Sri Lanka	Sri Lanka	SA
126	#F8766D	49.732	1990	Sudan	Sudan	AS
126	#F8766D	50.213	1991	Sudan	Sudan	AS
126	#F8766D	45.891	1992	Sudan	Sudan	AS
126	#F8766D	46.575	1993	Sudan	Sudan	AS
126	#F8766D	56.644	1994	Sudan	Sudan	AS
126	#F8766D	51.991	1995	Sudan	Sudan	AS
126	#F8766D	52.276	1996	Sudan	Sudan	AS
126	#F8766D	52.833	1997	Sudan	Sudan	AS
126	#F8766D	48.81	1998	Sudan	Sudan	AS
126	#F8766D	57.015	1999	Sudan	Sudan	AS
126	#F8766D	58.319	2000	Sudan	Sudan	AS
126	#F8766D	58.562	2001	Sudan	Sudan	AS
126	#F8766D	58.976	2002	Sudan	Sudan	AS
126	#F8766D	58.2	2003	Sudan	Sudan	AS
126	#F8766D	56.773	2004	Sudan	Sudan	AS
126	#F8766D	57.279	2005	Sudan	Sudan	AS
126	#F8766D	60.281	2006	Sudan	Sudan	AS
126	#F8766D	61.256	2007	Sudan	Sudan	AS
126	#F8766D	61.206	2008	Sudan	Sudan	AS
126	#F8766D	62.644	2009	Sudan	Sudan	AS
126	#F8766D	63.016	2010	Sudan	Sudan	AS
126	#F8766D	63.246	2011	Sudan	Sudan	AS
126	#F8766D	63.792	2012	Sudan	Sudan	AS
126	#F8766D	63.678	2013	Sudan	Sudan	AS
126	#F8766D	64.269	2014	Sudan	Sudan	AS
126	#F8766D	64.659	2015	Sudan	Sudan	AS
126	#F8766D	64.78	2016	Sudan	Sudan	AS
126	#F8766D	65.445	2017	Sudan	Sudan	AS
126	#F8766D	65.681	2018	Sudan	Sudan	AS
126	#F8766D	65.876	2019	Sudan	Sudan	AS
126	#F8766D	65.614	2020	Sudan	Sudan	AS
126	#F8766D	65.267	2021	Sudan	Sudan	AS
126	#F8766D	65.578	2022	Sudan	Sudan	AS
128	#F8766D	69.817	1990	Syrian Arab Republic	Syrian Arab Republic	AS
128	#F8766D	70.036	1991	Syrian Arab Republic	Syrian Arab Republic	AS
128	#F8766D	70.263	1992	Syrian Arab Republic	Syrian Arab Republic	AS
128	#F8766D	70.193	1993	Syrian Arab Republic	Syrian Arab Republic	AS
128	#F8766D	70.141	1994	Syrian Arab Republic	Syrian Arab Republic	AS
128	#F8766D	70.416	1995	Syrian Arab Republic	Syrian Arab Republic	AS
128	#F8766D	70.347	1996	Syrian Arab Republic	Syrian Arab Republic	AS
128	#F8766D	70.283	1997	Syrian Arab Republic	Syrian Arab Republic	AS
128	#F8766D	70.196	1998	Syrian Arab Republic	Syrian Arab Republic	AS
128	#F8766D	70.425	1999	Syrian Arab Republic	Syrian Arab Republic	AS
128	#F8766D	70.764	2000	Syrian Arab Republic	Syrian Arab Republic	AS
128	#F8766D	71.644	2001	Syrian Arab Republic	Syrian Arab Republic	AS
128	#F8766D	71.939	2002	Syrian Arab Republic	Syrian Arab Republic	AS
128	#F8766D	72.414	2003	Syrian Arab Republic	Syrian Arab Republic	AS
128	#F8766D	72.475	2004	Syrian Arab Republic	Syrian Arab Republic	AS
128	#F8766D	72.769	2005	Syrian Arab Republic	Syrian Arab Republic	AS
128	#F8766D	73.35	2006	Syrian Arab Republic	Syrian Arab Republic	AS
128	#F8766D	73.709	2007	Syrian Arab Republic	Syrian Arab Republic	AS
128	#F8766D	73.551	2008	Syrian Arab Republic	Syrian Arab Republic	AS
128	#F8766D	73.853	2009	Syrian Arab Republic	Syrian Arab Republic	AS
128	#F8766D	73.881	2010	Syrian Arab Republic	Syrian Arab Republic	AS
128	#F8766D	73.305	2011	Syrian Arab Republic	Syrian Arab Republic	AS
128	#F8766D	66.769	2012	Syrian Arab Republic	Syrian Arab Republic	AS
128	#F8766D	63.827	2013	Syrian Arab Republic	Syrian Arab Republic	AS
128	#F8766D	63.153	2014	Syrian Arab Republic	Syrian Arab Republic	AS
128	#F8766D	65.124	2015	Syrian Arab Republic	Syrian Arab Republic	AS
128	#F8766D	65.993	2016	Syrian Arab Republic	Syrian Arab Republic	AS
128	#F8766D	68.481	2017	Syrian Arab Republic	Syrian Arab Republic	AS
128	#F8766D	70.145	2018	Syrian Arab Republic	Syrian Arab Republic	AS
128	#F8766D	71.822	2019	Syrian Arab Republic	Syrian Arab Republic	AS
128	#F8766D	72.14	2020	Syrian Arab Republic	Syrian Arab Republic	AS
128	#F8766D	72.063	2021	Syrian Arab Republic	Syrian Arab Republic	AS
128	#F8766D	72.3	2022	Syrian Arab Republic	Syrian Arab Republic	AS
129	#00BA38	61.879	1990	Tajikistan	Tajikistan	ECA
129	#00BA38	61.379	1991	Tajikistan	Tajikistan	ECA
129	#00BA38	55.074	1992	Tajikistan	Tajikistan	ECA
129	#00BA38	52.867	1993	Tajikistan	Tajikistan	ECA
129	#00BA38	57.48	1994	Tajikistan	Tajikistan	ECA
129	#00BA38	59.338	1995	Tajikistan	Tajikistan	ECA
129	#00BA38	59.129	1996	Tajikistan	Tajikistan	ECA
129	#00BA38	60.348	1997	Tajikistan	Tajikistan	ECA
129	#00BA38	61.519	1998	Tajikistan	Tajikistan	ECA
129	#00BA38	62.621	1999	Tajikistan	Tajikistan	ECA
129	#00BA38	63.26	2000	Tajikistan	Tajikistan	ECA
129	#00BA38	64.057	2001	Tajikistan	Tajikistan	ECA
129	#00BA38	64.846	2002	Tajikistan	Tajikistan	ECA
129	#00BA38	65.552	2003	Tajikistan	Tajikistan	ECA
129	#00BA38	66.028	2004	Tajikistan	Tajikistan	ECA
129	#00BA38	66.514	2005	Tajikistan	Tajikistan	ECA
129	#00BA38	67.013	2006	Tajikistan	Tajikistan	ECA
129	#00BA38	67.217	2007	Tajikistan	Tajikistan	ECA
129	#00BA38	67.688	2008	Tajikistan	Tajikistan	ECA
129	#00BA38	68.039	2009	Tajikistan	Tajikistan	ECA
129	#00BA38	67.742	2010	Tajikistan	Tajikistan	ECA
129	#00BA38	68.148	2011	Tajikistan	Tajikistan	ECA
129	#00BA38	68.484	2012	Tajikistan	Tajikistan	ECA
129	#00BA38	68.885	2013	Tajikistan	Tajikistan	ECA
129	#00BA38	69.069	2014	Tajikistan	Tajikistan	ECA
129	#00BA38	69.306	2015	Tajikistan	Tajikistan	ECA
129	#00BA38	69.549	2016	Tajikistan	Tajikistan	ECA
129	#00BA38	69.905	2017	Tajikistan	Tajikistan	ECA
129	#00BA38	70.353	2018	Tajikistan	Tajikistan	ECA
129	#00BA38	70.867	2019	Tajikistan	Tajikistan	ECA
129	#00BA38	67.994	2020	Tajikistan	Tajikistan	ECA
129	#00BA38	71.594	2021	Tajikistan	Tajikistan	ECA
129	#00BA38	71.288	2022	Tajikistan	Tajikistan	ECA
130	#F564E3	51.485	1990	Tanzania (United Republic of)	Tanzania (United Republic of)	SSA
130	#F564E3	51.306	1991	Tanzania (United Republic of)	Tanzania (United Republic of)	SSA
130	#F564E3	50.989	1992	Tanzania (United Republic of)	Tanzania (United Republic of)	SSA
130	#F564E3	50.87	1993	Tanzania (United Republic of)	Tanzania (United Republic of)	SSA
130	#F564E3	50.797	1994	Tanzania (United Republic of)	Tanzania (United Republic of)	SSA
130	#F564E3	50.786	1995	Tanzania (United Republic of)	Tanzania (United Republic of)	SSA
130	#F564E3	50.744	1996	Tanzania (United Republic of)	Tanzania (United Republic of)	SSA
130	#F564E3	50.624	1997	Tanzania (United Republic of)	Tanzania (United Republic of)	SSA
130	#F564E3	50.914	1998	Tanzania (United Republic of)	Tanzania (United Republic of)	SSA
130	#F564E3	51.748	1999	Tanzania (United Republic of)	Tanzania (United Republic of)	SSA
130	#F564E3	52.362	2000	Tanzania (United Republic of)	Tanzania (United Republic of)	SSA
130	#F564E3	53.161	2001	Tanzania (United Republic of)	Tanzania (United Republic of)	SSA
130	#F564E3	53.863	2002	Tanzania (United Republic of)	Tanzania (United Republic of)	SSA
130	#F564E3	54.895	2003	Tanzania (United Republic of)	Tanzania (United Republic of)	SSA
130	#F564E3	55.596	2004	Tanzania (United Republic of)	Tanzania (United Republic of)	SSA
130	#F564E3	56.299	2005	Tanzania (United Republic of)	Tanzania (United Republic of)	SSA
130	#F564E3	56.911	2006	Tanzania (United Republic of)	Tanzania (United Republic of)	SSA
130	#F564E3	57.52	2007	Tanzania (United Republic of)	Tanzania (United Republic of)	SSA
130	#F564E3	58.086	2008	Tanzania (United Republic of)	Tanzania (United Republic of)	SSA
130	#F564E3	58.894	2009	Tanzania (United Republic of)	Tanzania (United Republic of)	SSA
130	#F564E3	60.105	2010	Tanzania (United Republic of)	Tanzania (United Republic of)	SSA
130	#F564E3	61.049	2011	Tanzania (United Republic of)	Tanzania (United Republic of)	SSA
130	#F564E3	62.03	2012	Tanzania (United Republic of)	Tanzania (United Republic of)	SSA
130	#F564E3	62.96	2013	Tanzania (United Republic of)	Tanzania (United Republic of)	SSA
130	#F564E3	63.873	2014	Tanzania (United Republic of)	Tanzania (United Republic of)	SSA
130	#F564E3	64.651	2015	Tanzania (United Republic of)	Tanzania (United Republic of)	SSA
130	#F564E3	65.386	2016	Tanzania (United Republic of)	Tanzania (United Republic of)	SSA
130	#F564E3	65.999	2017	Tanzania (United Republic of)	Tanzania (United Republic of)	SSA
130	#F564E3	66.535	2018	Tanzania (United Republic of)	Tanzania (United Republic of)	SSA
130	#F564E3	66.989	2019	Tanzania (United Republic of)	Tanzania (United Republic of)	SSA
130	#F564E3	66.408	2020	Tanzania (United Republic of)	Tanzania (United Republic of)	SSA
130	#F564E3	66.201	2021	Tanzania (United Republic of)	Tanzania (United Republic of)	SSA
130	#F564E3	66.782	2022	Tanzania (United Republic of)	Tanzania (United Republic of)	SSA
131	#B79F00	70.445	1990	Thailand	Thailand	EAP
131	#B79F00	70.717	1991	Thailand	Thailand	EAP
131	#B79F00	70.885	1992	Thailand	Thailand	EAP
131	#B79F00	71.068	1993	Thailand	Thailand	EAP
131	#B79F00	71.227	1994	Thailand	Thailand	EAP
131	#B79F00	70.948	1995	Thailand	Thailand	EAP
131	#B79F00	71.653	1996	Thailand	Thailand	EAP
131	#B79F00	72.501	1997	Thailand	Thailand	EAP
131	#B79F00	72.862	1998	Thailand	Thailand	EAP
131	#B79F00	72.542	1999	Thailand	Thailand	EAP
131	#B79F00	72.316	2000	Thailand	Thailand	EAP
131	#B79F00	72.613	2001	Thailand	Thailand	EAP
131	#B79F00	72.93	2002	Thailand	Thailand	EAP
131	#B79F00	73.155	2003	Thailand	Thailand	EAP
131	#B79F00	73.08	2004	Thailand	Thailand	EAP
131	#B79F00	73.82	2005	Thailand	Thailand	EAP
131	#B79F00	74.938	2006	Thailand	Thailand	EAP
131	#B79F00	75.187	2007	Thailand	Thailand	EAP
131	#B79F00	75.492	2008	Thailand	Thailand	EAP
131	#B79F00	75.842	2009	Thailand	Thailand	EAP
131	#B79F00	76.131	2010	Thailand	Thailand	EAP
131	#B79F00	76.421	2011	Thailand	Thailand	EAP
131	#B79F00	76.772	2012	Thailand	Thailand	EAP
131	#B79F00	77.083	2013	Thailand	Thailand	EAP
131	#B79F00	77.415	2014	Thailand	Thailand	EAP
131	#B79F00	77.717	2015	Thailand	Thailand	EAP
131	#B79F00	78.049	2016	Thailand	Thailand	EAP
131	#B79F00	78.394	2017	Thailand	Thailand	EAP
131	#B79F00	78.662	2018	Thailand	Thailand	EAP
131	#B79F00	78.975	2019	Thailand	Thailand	EAP
131	#B79F00	79.274	2020	Thailand	Thailand	EAP
131	#B79F00	78.715	2021	Thailand	Thailand	EAP
131	#B79F00	79.68	2022	Thailand	Thailand	EAP
133	#F564E3	54.37	1990	Togo	Togo	SSA
133	#F564E3	54.268	1991	Togo	Togo	SSA
133	#F564E3	54.299	1992	Togo	Togo	SSA
133	#F564E3	54.195	1993	Togo	Togo	SSA
133	#F564E3	54.037	1994	Togo	Togo	SSA
133	#F564E3	54.037	1995	Togo	Togo	SSA
133	#F564E3	54.098	1996	Togo	Togo	SSA
133	#F564E3	54.192	1997	Togo	Togo	SSA
133	#F564E3	54.199	1998	Togo	Togo	SSA
133	#F564E3	54.538	1999	Togo	Togo	SSA
133	#F564E3	54.742	2000	Togo	Togo	SSA
133	#F564E3	54.86	2001	Togo	Togo	SSA
133	#F564E3	55.311	2002	Togo	Togo	SSA
133	#F564E3	55.639	2003	Togo	Togo	SSA
133	#F564E3	55.569	2004	Togo	Togo	SSA
133	#F564E3	55.962	2005	Togo	Togo	SSA
133	#F564E3	56.222	2006	Togo	Togo	SSA
133	#F564E3	56.511	2007	Togo	Togo	SSA
133	#F564E3	56.695	2008	Togo	Togo	SSA
133	#F564E3	57.011	2009	Togo	Togo	SSA
133	#F564E3	57.304	2010	Togo	Togo	SSA
133	#F564E3	57.925	2011	Togo	Togo	SSA
133	#F564E3	58.073	2012	Togo	Togo	SSA
133	#F564E3	58.684	2013	Togo	Togo	SSA
133	#F564E3	58.853	2014	Togo	Togo	SSA
133	#F564E3	59.396	2015	Togo	Togo	SSA
133	#F564E3	59.55	2016	Togo	Togo	SSA
133	#F564E3	60.154	2017	Togo	Togo	SSA
133	#F564E3	60.244	2018	Togo	Togo	SSA
133	#F564E3	60.901	2019	Togo	Togo	SSA
133	#F564E3	61.035	2020	Togo	Togo	SSA
133	#F564E3	61.619	2021	Togo	Togo	SSA
133	#F564E3	61.588	2022	Togo	Togo	SSA
134	#B79F00	67.294	1990	Tonga	Tonga	EAP
134	#B79F00	67.518	1991	Tonga	Tonga	EAP
134	#B79F00	67.686	1992	Tonga	Tonga	EAP
134	#B79F00	67.855	1993	Tonga	Tonga	EAP
134	#B79F00	68.014	1994	Tonga	Tonga	EAP
134	#B79F00	68.17	1995	Tonga	Tonga	EAP
134	#B79F00	68.323	1996	Tonga	Tonga	EAP
134	#B79F00	68.49	1997	Tonga	Tonga	EAP
134	#B79F00	68.642	1998	Tonga	Tonga	EAP
134	#B79F00	68.809	1999	Tonga	Tonga	EAP
134	#B79F00	68.978	2000	Tonga	Tonga	EAP
134	#B79F00	69.127	2001	Tonga	Tonga	EAP
134	#B79F00	69.335	2002	Tonga	Tonga	EAP
134	#B79F00	69.495	2003	Tonga	Tonga	EAP
134	#B79F00	69.67	2004	Tonga	Tonga	EAP
134	#B79F00	69.768	2005	Tonga	Tonga	EAP
134	#B79F00	69.894	2006	Tonga	Tonga	EAP
134	#B79F00	70.048	2007	Tonga	Tonga	EAP
134	#B79F00	70.164	2008	Tonga	Tonga	EAP
134	#B79F00	70.012	2009	Tonga	Tonga	EAP
134	#B79F00	70.323	2010	Tonga	Tonga	EAP
134	#B79F00	70.381	2011	Tonga	Tonga	EAP
134	#B79F00	70.442	2012	Tonga	Tonga	EAP
134	#B79F00	70.505	2013	Tonga	Tonga	EAP
134	#B79F00	70.54	2014	Tonga	Tonga	EAP
134	#B79F00	70.607	2015	Tonga	Tonga	EAP
134	#B79F00	70.661	2016	Tonga	Tonga	EAP
134	#B79F00	70.713	2017	Tonga	Tonga	EAP
134	#B79F00	70.779	2018	Tonga	Tonga	EAP
134	#B79F00	70.871	2019	Tonga	Tonga	EAP
134	#B79F00	70.928	2020	Tonga	Tonga	EAP
134	#B79F00	70.986	2021	Tonga	Tonga	EAP
134	#B79F00	71.27	2022	Tonga	Tonga	EAP
135	#00BFC4	68.272	1990	Trinidad and Tobago	Trinidad and Tobago	LAC
135	#00BFC4	68.859	1991	Trinidad and Tobago	Trinidad and Tobago	LAC
135	#00BFC4	68.391	1992	Trinidad and Tobago	Trinidad and Tobago	LAC
135	#00BFC4	68.811	1993	Trinidad and Tobago	Trinidad and Tobago	LAC
135	#00BFC4	68.511	1994	Trinidad and Tobago	Trinidad and Tobago	LAC
135	#00BFC4	69.17	1995	Trinidad and Tobago	Trinidad and Tobago	LAC
135	#00BFC4	69.009	1996	Trinidad and Tobago	Trinidad and Tobago	LAC
135	#00BFC4	68.719	1997	Trinidad and Tobago	Trinidad and Tobago	LAC
135	#00BFC4	69.16	1998	Trinidad and Tobago	Trinidad and Tobago	LAC
135	#00BFC4	68.377	1999	Trinidad and Tobago	Trinidad and Tobago	LAC
135	#00BFC4	69.102	2000	Trinidad and Tobago	Trinidad and Tobago	LAC
135	#00BFC4	69.646	2001	Trinidad and Tobago	Trinidad and Tobago	LAC
135	#00BFC4	70.488	2002	Trinidad and Tobago	Trinidad and Tobago	LAC
135	#00BFC4	69.729	2003	Trinidad and Tobago	Trinidad and Tobago	LAC
135	#00BFC4	71.076	2004	Trinidad and Tobago	Trinidad and Tobago	LAC
135	#00BFC4	71.308	2005	Trinidad and Tobago	Trinidad and Tobago	LAC
135	#00BFC4	71.256	2006	Trinidad and Tobago	Trinidad and Tobago	LAC
135	#00BFC4	71.652	2007	Trinidad and Tobago	Trinidad and Tobago	LAC
135	#00BFC4	71.47	2008	Trinidad and Tobago	Trinidad and Tobago	LAC
135	#00BFC4	73.126	2009	Trinidad and Tobago	Trinidad and Tobago	LAC
135	#00BFC4	72.725	2010	Trinidad and Tobago	Trinidad and Tobago	LAC
135	#00BFC4	73.278	2011	Trinidad and Tobago	Trinidad and Tobago	LAC
135	#00BFC4	73.716	2012	Trinidad and Tobago	Trinidad and Tobago	LAC
135	#00BFC4	73.962	2013	Trinidad and Tobago	Trinidad and Tobago	LAC
135	#00BFC4	74.215	2014	Trinidad and Tobago	Trinidad and Tobago	LAC
135	#00BFC4	74.503	2015	Trinidad and Tobago	Trinidad and Tobago	LAC
135	#00BFC4	74.281	2016	Trinidad and Tobago	Trinidad and Tobago	LAC
135	#00BFC4	74.23	2017	Trinidad and Tobago	Trinidad and Tobago	LAC
135	#00BFC4	73.802	2018	Trinidad and Tobago	Trinidad and Tobago	LAC
135	#00BFC4	74.228	2019	Trinidad and Tobago	Trinidad and Tobago	LAC
135	#00BFC4	74.406	2020	Trinidad and Tobago	Trinidad and Tobago	LAC
135	#00BFC4	72.971	2021	Trinidad and Tobago	Trinidad and Tobago	LAC
135	#00BFC4	74.708	2022	Trinidad and Tobago	Trinidad and Tobago	LAC
136	#F8766D	70.11	1990	Tunisia	Tunisia	AS
136	#F8766D	70.521	1991	Tunisia	Tunisia	AS
136	#F8766D	70.701	1992	Tunisia	Tunisia	AS
136	#F8766D	71.235	1993	Tunisia	Tunisia	AS
136	#F8766D	71.615	1994	Tunisia	Tunisia	AS
136	#F8766D	71.988	1995	Tunisia	Tunisia	AS
136	#F8766D	72.38	1996	Tunisia	Tunisia	AS
136	#F8766D	72.863	1997	Tunisia	Tunisia	AS
136	#F8766D	73.169	1998	Tunisia	Tunisia	AS
136	#F8766D	73.508	1999	Tunisia	Tunisia	AS
136	#F8766D	73.69	2000	Tunisia	Tunisia	AS
136	#F8766D	73.816	2001	Tunisia	Tunisia	AS
136	#F8766D	74.059	2002	Tunisia	Tunisia	AS
136	#F8766D	74.305	2003	Tunisia	Tunisia	AS
136	#F8766D	74.49	2004	Tunisia	Tunisia	AS
136	#F8766D	74.764	2005	Tunisia	Tunisia	AS
136	#F8766D	74.921	2006	Tunisia	Tunisia	AS
136	#F8766D	75.072	2007	Tunisia	Tunisia	AS
136	#F8766D	75.185	2008	Tunisia	Tunisia	AS
136	#F8766D	75.267	2009	Tunisia	Tunisia	AS
136	#F8766D	75.421	2010	Tunisia	Tunisia	AS
136	#F8766D	75.46	2011	Tunisia	Tunisia	AS
136	#F8766D	75.55	2012	Tunisia	Tunisia	AS
136	#F8766D	75.65	2013	Tunisia	Tunisia	AS
136	#F8766D	75.65	2014	Tunisia	Tunisia	AS
136	#F8766D	75.692	2015	Tunisia	Tunisia	AS
136	#F8766D	75.786	2016	Tunisia	Tunisia	AS
136	#F8766D	75.845	2017	Tunisia	Tunisia	AS
136	#F8766D	75.95	2018	Tunisia	Tunisia	AS
136	#F8766D	75.993	2019	Tunisia	Tunisia	AS
136	#F8766D	75.292	2020	Tunisia	Tunisia	AS
136	#F8766D	73.772	2021	Tunisia	Tunisia	AS
136	#F8766D	74.263	2022	Tunisia	Tunisia	AS
137	#00BA38	67.709	1990	Türkiye	Türkiye	ECA
137	#00BA38	68.169	1991	Türkiye	Türkiye	ECA
137	#00BA38	68.486	1992	Türkiye	Türkiye	ECA
137	#00BA38	68.911	1993	Türkiye	Türkiye	ECA
137	#00BA38	69.295	1994	Türkiye	Türkiye	ECA
137	#00BA38	69.609	1995	Türkiye	Türkiye	ECA
137	#00BA38	70.141	1996	Türkiye	Türkiye	ECA
137	#00BA38	70.57	1997	Türkiye	Türkiye	ECA
137	#00BA38	71.039	1998	Türkiye	Türkiye	ECA
137	#00BA38	70.695	1999	Türkiye	Türkiye	ECA
137	#00BA38	71.861	2000	Türkiye	Türkiye	ECA
137	#00BA38	72.231	2001	Türkiye	Türkiye	ECA
137	#00BA38	72.579	2002	Türkiye	Türkiye	ECA
137	#00BA38	72.89	2003	Türkiye	Türkiye	ECA
137	#00BA38	73.24	2004	Türkiye	Türkiye	ECA
137	#00BA38	73.534	2005	Türkiye	Türkiye	ECA
137	#00BA38	73.845	2006	Türkiye	Türkiye	ECA
137	#00BA38	74.193	2007	Türkiye	Türkiye	ECA
137	#00BA38	74.45	2008	Türkiye	Türkiye	ECA
137	#00BA38	74.765	2009	Türkiye	Türkiye	ECA
137	#00BA38	75.069	2010	Türkiye	Türkiye	ECA
137	#00BA38	74.941	2011	Türkiye	Türkiye	ECA
137	#00BA38	75.678	2012	Türkiye	Türkiye	ECA
137	#00BA38	76.297	2013	Türkiye	Türkiye	ECA
137	#00BA38	76.565	2014	Türkiye	Türkiye	ECA
137	#00BA38	76.646	2015	Türkiye	Türkiye	ECA
137	#00BA38	76.66	2016	Türkiye	Türkiye	ECA
137	#00BA38	77.141	2017	Türkiye	Türkiye	ECA
137	#00BA38	77.563	2018	Türkiye	Türkiye	ECA
137	#00BA38	77.832	2019	Türkiye	Türkiye	ECA
137	#00BA38	75.85	2020	Türkiye	Türkiye	ECA
137	#00BA38	76.032	2021	Türkiye	Türkiye	ECA
137	#00BA38	78.475	2022	Türkiye	Türkiye	ECA
139	#B79F00	61.661	1990	Tuvalu	Tuvalu	EAP
139	#B79F00	61.909	1991	Tuvalu	Tuvalu	EAP
139	#B79F00	60.491	1992	Tuvalu	Tuvalu	EAP
139	#B79F00	62.654	1993	Tuvalu	Tuvalu	EAP
139	#B79F00	62.924	1994	Tuvalu	Tuvalu	EAP
139	#B79F00	63.098	1995	Tuvalu	Tuvalu	EAP
139	#B79F00	63.21	1996	Tuvalu	Tuvalu	EAP
139	#B79F00	63.356	1997	Tuvalu	Tuvalu	EAP
139	#B79F00	63.418	1998	Tuvalu	Tuvalu	EAP
139	#B79F00	63.427	1999	Tuvalu	Tuvalu	EAP
139	#B79F00	63.499	2000	Tuvalu	Tuvalu	EAP
139	#B79F00	63.543	2001	Tuvalu	Tuvalu	EAP
139	#B79F00	63.58	2002	Tuvalu	Tuvalu	EAP
139	#B79F00	63.631	2003	Tuvalu	Tuvalu	EAP
139	#B79F00	63.693	2004	Tuvalu	Tuvalu	EAP
139	#B79F00	63.836	2005	Tuvalu	Tuvalu	EAP
139	#B79F00	63.928	2006	Tuvalu	Tuvalu	EAP
139	#B79F00	63.931	2007	Tuvalu	Tuvalu	EAP
139	#B79F00	63.948	2008	Tuvalu	Tuvalu	EAP
139	#B79F00	63.949	2009	Tuvalu	Tuvalu	EAP
139	#B79F00	63.978	2010	Tuvalu	Tuvalu	EAP
139	#B79F00	63.974	2011	Tuvalu	Tuvalu	EAP
139	#B79F00	63.964	2012	Tuvalu	Tuvalu	EAP
139	#B79F00	64.008	2013	Tuvalu	Tuvalu	EAP
139	#B79F00	64.025	2014	Tuvalu	Tuvalu	EAP
139	#B79F00	64.06	2015	Tuvalu	Tuvalu	EAP
139	#B79F00	64.108	2016	Tuvalu	Tuvalu	EAP
139	#B79F00	64.148	2017	Tuvalu	Tuvalu	EAP
139	#B79F00	64.212	2018	Tuvalu	Tuvalu	EAP
139	#B79F00	64.278	2019	Tuvalu	Tuvalu	EAP
139	#B79F00	64.382	2020	Tuvalu	Tuvalu	EAP
139	#B79F00	64.547	2021	Tuvalu	Tuvalu	EAP
139	#B79F00	64.854	2022	Tuvalu	Tuvalu	EAP
140	#F564E3	46.443	1990	Uganda	Uganda	SSA
140	#F564E3	46.316	1991	Uganda	Uganda	SSA
140	#F564E3	46.368	1992	Uganda	Uganda	SSA
140	#F564E3	46.237	1993	Uganda	Uganda	SSA
140	#F564E3	46.353	1994	Uganda	Uganda	SSA
140	#F564E3	46.567	1995	Uganda	Uganda	SSA
140	#F564E3	46.67	1996	Uganda	Uganda	SSA
140	#F564E3	46.977	1997	Uganda	Uganda	SSA
140	#F564E3	47.175	1998	Uganda	Uganda	SSA
140	#F564E3	47.786	1999	Uganda	Uganda	SSA
140	#F564E3	48.342	2000	Uganda	Uganda	SSA
140	#F564E3	49.006	2001	Uganda	Uganda	SSA
140	#F564E3	49.648	2002	Uganda	Uganda	SSA
140	#F564E3	50.368	2003	Uganda	Uganda	SSA
140	#F564E3	51.547	2004	Uganda	Uganda	SSA
140	#F564E3	52.976	2005	Uganda	Uganda	SSA
140	#F564E3	54.369	2006	Uganda	Uganda	SSA
140	#F564E3	55.236	2007	Uganda	Uganda	SSA
140	#F564E3	55.823	2008	Uganda	Uganda	SSA
140	#F564E3	56.488	2009	Uganda	Uganda	SSA
140	#F564E3	57.055	2010	Uganda	Uganda	SSA
140	#F564E3	57.965	2011	Uganda	Uganda	SSA
140	#F564E3	58.817	2012	Uganda	Uganda	SSA
140	#F564E3	59.763	2013	Uganda	Uganda	SSA
140	#F564E3	60.408	2014	Uganda	Uganda	SSA
140	#F564E3	61.086	2015	Uganda	Uganda	SSA
140	#F564E3	61.648	2016	Uganda	Uganda	SSA
140	#F564E3	62.115	2017	Uganda	Uganda	SSA
140	#F564E3	62.714	2018	Uganda	Uganda	SSA
140	#F564E3	62.991	2019	Uganda	Uganda	SSA
140	#F564E3	62.851	2020	Uganda	Uganda	SSA
140	#F564E3	62.705	2021	Uganda	Uganda	SSA
140	#F564E3	63.638	2022	Uganda	Uganda	SSA
141	#00BA38	69.802	1990	Ukraine	Ukraine	ECA
141	#00BA38	69.073	1991	Ukraine	Ukraine	ECA
141	#00BA38	68.629	1992	Ukraine	Ukraine	ECA
141	#00BA38	67.873	1993	Ukraine	Ukraine	ECA
141	#00BA38	67.443	1994	Ukraine	Ukraine	ECA
141	#00BA38	66.828	1995	Ukraine	Ukraine	ECA
141	#00BA38	67.148	1996	Ukraine	Ukraine	ECA
141	#00BA38	67.632	1997	Ukraine	Ukraine	ECA
141	#00BA38	68.399	1998	Ukraine	Ukraine	ECA
141	#00BA38	68.12	1999	Ukraine	Ukraine	ECA
141	#00BA38	67.856	2000	Ukraine	Ukraine	ECA
141	#00BA38	68.181	2001	Ukraine	Ukraine	ECA
141	#00BA38	68.173	2002	Ukraine	Ukraine	ECA
141	#00BA38	68.209	2003	Ukraine	Ukraine	ECA
141	#00BA38	68.402	2004	Ukraine	Ukraine	ECA
141	#00BA38	68.151	2005	Ukraine	Ukraine	ECA
141	#00BA38	68.741	2006	Ukraine	Ukraine	ECA
141	#00BA38	68.766	2007	Ukraine	Ukraine	ECA
141	#00BA38	69.117	2008	Ukraine	Ukraine	ECA
141	#00BA38	70.247	2009	Ukraine	Ukraine	ECA
141	#00BA38	70.621	2010	Ukraine	Ukraine	ECA
141	#00BA38	71.387	2011	Ukraine	Ukraine	ECA
141	#00BA38	71.627	2012	Ukraine	Ukraine	ECA
141	#00BA38	71.862	2013	Ukraine	Ukraine	ECA
141	#00BA38	72.591	2014	Ukraine	Ukraine	ECA
141	#00BA38	73.458	2015	Ukraine	Ukraine	ECA
141	#00BA38	74.312	2016	Ukraine	Ukraine	ECA
141	#00BA38	74.718	2017	Ukraine	Ukraine	ECA
141	#00BA38	74.412	2018	Ukraine	Ukraine	ECA
141	#00BA38	74.536	2019	Ukraine	Ukraine	ECA
141	#00BA38	72.573	2020	Ukraine	Ukraine	ECA
141	#00BA38	71.624	2021	Ukraine	Ukraine	ECA
141	#00BA38	68.564	2022	Ukraine	Ukraine	ECA
142	#F8766D	71.9	1990	United Arab Emirates	United Arab Emirates	AS
142	#F8766D	72.241	1991	United Arab Emirates	United Arab Emirates	AS
142	#F8766D	72.306	1992	United Arab Emirates	United Arab Emirates	AS
142	#F8766D	72.521	1993	United Arab Emirates	United Arab Emirates	AS
142	#F8766D	72.598	1994	United Arab Emirates	United Arab Emirates	AS
142	#F8766D	72.695	1995	United Arab Emirates	United Arab Emirates	AS
142	#F8766D	72.767	1996	United Arab Emirates	United Arab Emirates	AS
142	#F8766D	72.937	1997	United Arab Emirates	United Arab Emirates	AS
142	#F8766D	73.066	1998	United Arab Emirates	United Arab Emirates	AS
142	#F8766D	73.67	1999	United Arab Emirates	United Arab Emirates	AS
142	#F8766D	74.38	2000	United Arab Emirates	United Arab Emirates	AS
142	#F8766D	74.636	2001	United Arab Emirates	United Arab Emirates	AS
142	#F8766D	74.901	2002	United Arab Emirates	United Arab Emirates	AS
142	#F8766D	76.222	2003	United Arab Emirates	United Arab Emirates	AS
142	#F8766D	76.453	2004	United Arab Emirates	United Arab Emirates	AS
142	#F8766D	76.683	2005	United Arab Emirates	United Arab Emirates	AS
142	#F8766D	76.909	2006	United Arab Emirates	United Arab Emirates	AS
142	#F8766D	77.129	2007	United Arab Emirates	United Arab Emirates	AS
142	#F8766D	77.488	2008	United Arab Emirates	United Arab Emirates	AS
142	#F8766D	78.003	2009	United Arab Emirates	United Arab Emirates	AS
142	#F8766D	78.334	2010	United Arab Emirates	United Arab Emirates	AS
142	#F8766D	78.517	2011	United Arab Emirates	United Arab Emirates	AS
142	#F8766D	78.716	2012	United Arab Emirates	United Arab Emirates	AS
142	#F8766D	78.853	2013	United Arab Emirates	United Arab Emirates	AS
142	#F8766D	79.044	2014	United Arab Emirates	United Arab Emirates	AS
142	#F8766D	79.223	2015	United Arab Emirates	United Arab Emirates	AS
142	#F8766D	79.335	2016	United Arab Emirates	United Arab Emirates	AS
142	#F8766D	79.504	2017	United Arab Emirates	United Arab Emirates	AS
142	#F8766D	79.627	2018	United Arab Emirates	United Arab Emirates	AS
142	#F8766D	79.726	2019	United Arab Emirates	United Arab Emirates	AS
142	#F8766D	78.946	2020	United Arab Emirates	United Arab Emirates	AS
142	#F8766D	78.71	2021	United Arab Emirates	United Arab Emirates	AS
142	#F8766D	79.196	2022	United Arab Emirates	United Arab Emirates	AS
143	#00BFC4	73.162	1990	Uruguay	Uruguay	LAC
143	#00BFC4	73.305	1991	Uruguay	Uruguay	LAC
143	#00BFC4	73.441	1992	Uruguay	Uruguay	LAC
143	#00BFC4	73.579	1993	Uruguay	Uruguay	LAC
143	#00BFC4	73.728	1994	Uruguay	Uruguay	LAC
143	#00BFC4	73.896	1995	Uruguay	Uruguay	LAC
143	#00BFC4	74.088	1996	Uruguay	Uruguay	LAC
143	#00BFC4	74.298	1997	Uruguay	Uruguay	LAC
143	#00BFC4	74.527	1998	Uruguay	Uruguay	LAC
143	#00BFC4	74.769	1999	Uruguay	Uruguay	LAC
143	#00BFC4	75.025	2000	Uruguay	Uruguay	LAC
143	#00BFC4	75.285	2001	Uruguay	Uruguay	LAC
143	#00BFC4	75.54	2002	Uruguay	Uruguay	LAC
143	#00BFC4	75.785	2003	Uruguay	Uruguay	LAC
143	#00BFC4	76.007	2004	Uruguay	Uruguay	LAC
143	#00BFC4	76.194	2005	Uruguay	Uruguay	LAC
143	#00BFC4	76.362	2006	Uruguay	Uruguay	LAC
143	#00BFC4	76.498	2007	Uruguay	Uruguay	LAC
143	#00BFC4	76.623	2008	Uruguay	Uruguay	LAC
143	#00BFC4	76.738	2009	Uruguay	Uruguay	LAC
143	#00BFC4	76.858	2010	Uruguay	Uruguay	LAC
143	#00BFC4	76.983	2011	Uruguay	Uruguay	LAC
143	#00BFC4	77.111	2012	Uruguay	Uruguay	LAC
143	#00BFC4	77.24	2013	Uruguay	Uruguay	LAC
143	#00BFC4	77.366	2014	Uruguay	Uruguay	LAC
143	#00BFC4	77.483	2015	Uruguay	Uruguay	LAC
143	#00BFC4	77.571	2016	Uruguay	Uruguay	LAC
143	#00BFC4	77.625	2017	Uruguay	Uruguay	LAC
143	#00BFC4	77.611	2018	Uruguay	Uruguay	LAC
143	#00BFC4	77.508	2019	Uruguay	Uruguay	LAC
143	#00BFC4	78.43	2020	Uruguay	Uruguay	LAC
143	#00BFC4	75.436	2021	Uruguay	Uruguay	LAC
143	#00BFC4	78	2022	Uruguay	Uruguay	LAC
146	#00BFC4	71.532	1990	Venezuela (Bolivarian Republic of)	Venezuela (Bolivarian Republic of)	LAC
146	#00BFC4	71.832	1991	Venezuela (Bolivarian Republic of)	Venezuela (Bolivarian Republic of)	LAC
146	#00BFC4	71.806	1992	Venezuela (Bolivarian Republic of)	Venezuela (Bolivarian Republic of)	LAC
146	#00BFC4	71.925	1993	Venezuela (Bolivarian Republic of)	Venezuela (Bolivarian Republic of)	LAC
146	#00BFC4	71.853	1994	Venezuela (Bolivarian Republic of)	Venezuela (Bolivarian Republic of)	LAC
146	#00BFC4	72.143	1995	Venezuela (Bolivarian Republic of)	Venezuela (Bolivarian Republic of)	LAC
146	#00BFC4	72.111	1996	Venezuela (Bolivarian Republic of)	Venezuela (Bolivarian Republic of)	LAC
146	#00BFC4	72.703	1997	Venezuela (Bolivarian Republic of)	Venezuela (Bolivarian Republic of)	LAC
146	#00BFC4	72.668	1998	Venezuela (Bolivarian Republic of)	Venezuela (Bolivarian Republic of)	LAC
146	#00BFC4	72.254	1999	Venezuela (Bolivarian Republic of)	Venezuela (Bolivarian Republic of)	LAC
146	#00BFC4	72.478	2000	Venezuela (Bolivarian Republic of)	Venezuela (Bolivarian Republic of)	LAC
146	#00BFC4	71.201	2001	Venezuela (Bolivarian Republic of)	Venezuela (Bolivarian Republic of)	LAC
146	#00BFC4	72.662	2002	Venezuela (Bolivarian Republic of)	Venezuela (Bolivarian Republic of)	LAC
146	#00BFC4	71.94	2003	Venezuela (Bolivarian Republic of)	Venezuela (Bolivarian Republic of)	LAC
146	#00BFC4	72.514	2004	Venezuela (Bolivarian Republic of)	Venezuela (Bolivarian Republic of)	LAC
146	#00BFC4	72.782	2005	Venezuela (Bolivarian Republic of)	Venezuela (Bolivarian Republic of)	LAC
146	#00BFC4	72.742	2006	Venezuela (Bolivarian Republic of)	Venezuela (Bolivarian Republic of)	LAC
146	#00BFC4	73.058	2007	Venezuela (Bolivarian Republic of)	Venezuela (Bolivarian Republic of)	LAC
146	#00BFC4	72.436	2008	Venezuela (Bolivarian Republic of)	Venezuela (Bolivarian Republic of)	LAC
146	#00BFC4	72.579	2009	Venezuela (Bolivarian Republic of)	Venezuela (Bolivarian Republic of)	LAC
146	#00BFC4	72.89	2010	Venezuela (Bolivarian Republic of)	Venezuela (Bolivarian Republic of)	LAC
146	#00BFC4	72.913	2011	Venezuela (Bolivarian Republic of)	Venezuela (Bolivarian Republic of)	LAC
146	#00BFC4	73.036	2012	Venezuela (Bolivarian Republic of)	Venezuela (Bolivarian Republic of)	LAC
146	#00BFC4	73.196	2013	Venezuela (Bolivarian Republic of)	Venezuela (Bolivarian Republic of)	LAC
146	#00BFC4	72.853	2014	Venezuela (Bolivarian Republic of)	Venezuela (Bolivarian Republic of)	LAC
146	#00BFC4	73.006	2015	Venezuela (Bolivarian Republic of)	Venezuela (Bolivarian Republic of)	LAC
146	#00BFC4	72.058	2016	Venezuela (Bolivarian Republic of)	Venezuela (Bolivarian Republic of)	LAC
146	#00BFC4	71.943	2017	Venezuela (Bolivarian Republic of)	Venezuela (Bolivarian Republic of)	LAC
146	#00BFC4	71.979	2018	Venezuela (Bolivarian Republic of)	Venezuela (Bolivarian Republic of)	LAC
146	#00BFC4	72.161	2019	Venezuela (Bolivarian Republic of)	Venezuela (Bolivarian Republic of)	LAC
146	#00BFC4	71.095	2020	Venezuela (Bolivarian Republic of)	Venezuela (Bolivarian Republic of)	LAC
146	#00BFC4	70.554	2021	Venezuela (Bolivarian Republic of)	Venezuela (Bolivarian Republic of)	LAC
146	#00BFC4	71.105	2022	Venezuela (Bolivarian Republic of)	Venezuela (Bolivarian Republic of)	LAC
147	#B79F00	69.213	1990	Viet Nam	Viet Nam	EAP
147	#B79F00	69.849	1991	Viet Nam	Viet Nam	EAP
147	#B79F00	69.958	1992	Viet Nam	Viet Nam	EAP
147	#B79F00	70.621	1993	Viet Nam	Viet Nam	EAP
147	#B79F00	70.759	1994	Viet Nam	Viet Nam	EAP
147	#B79F00	71.384	1995	Viet Nam	Viet Nam	EAP
147	#B79F00	71.51	1996	Viet Nam	Viet Nam	EAP
147	#B79F00	71.802	1997	Viet Nam	Viet Nam	EAP
147	#B79F00	72.107	1998	Viet Nam	Viet Nam	EAP
147	#B79F00	72.317	1999	Viet Nam	Viet Nam	EAP
147	#B79F00	72.462	2000	Viet Nam	Viet Nam	EAP
147	#B79F00	72.647	2001	Viet Nam	Viet Nam	EAP
147	#B79F00	72.801	2002	Viet Nam	Viet Nam	EAP
147	#B79F00	72.98	2003	Viet Nam	Viet Nam	EAP
147	#B79F00	73.135	2004	Viet Nam	Viet Nam	EAP
147	#B79F00	73.271	2005	Viet Nam	Viet Nam	EAP
147	#B79F00	73.319	2006	Viet Nam	Viet Nam	EAP
147	#B79F00	73.436	2007	Viet Nam	Viet Nam	EAP
147	#B79F00	73.411	2008	Viet Nam	Viet Nam	EAP
147	#B79F00	73.498	2009	Viet Nam	Viet Nam	EAP
147	#B79F00	73.513	2010	Viet Nam	Viet Nam	EAP
147	#B79F00	73.692	2011	Viet Nam	Viet Nam	EAP
147	#B79F00	73.704	2012	Viet Nam	Viet Nam	EAP
147	#B79F00	73.775	2013	Viet Nam	Viet Nam	EAP
147	#B79F00	73.855	2014	Viet Nam	Viet Nam	EAP
147	#B79F00	73.876	2015	Viet Nam	Viet Nam	EAP
147	#B79F00	73.938	2016	Viet Nam	Viet Nam	EAP
147	#B79F00	73.963	2017	Viet Nam	Viet Nam	EAP
147	#B79F00	73.976	2018	Viet Nam	Viet Nam	EAP
147	#B79F00	74.093	2019	Viet Nam	Viet Nam	EAP
147	#B79F00	75.378	2020	Viet Nam	Viet Nam	EAP
147	#B79F00	73.618	2021	Viet Nam	Viet Nam	EAP
147	#B79F00	74.58	2022	Viet Nam	Viet Nam	EAP
148	#F8766D	58.699	1990	Yemen	Yemen	AS
148	#F8766D	59.049	1991	Yemen	Yemen	AS
148	#F8766D	59.428	1992	Yemen	Yemen	AS
148	#F8766D	59.859	1993	Yemen	Yemen	AS
148	#F8766D	59.714	1994	Yemen	Yemen	AS
148	#F8766D	60.453	1995	Yemen	Yemen	AS
148	#F8766D	60.568	1996	Yemen	Yemen	AS
148	#F8766D	61.119	1997	Yemen	Yemen	AS
148	#F8766D	61.375	1998	Yemen	Yemen	AS
148	#F8766D	61.975	1999	Yemen	Yemen	AS
148	#F8766D	62.588	2000	Yemen	Yemen	AS
148	#F8766D	63.222	2001	Yemen	Yemen	AS
148	#F8766D	63.906	2002	Yemen	Yemen	AS
148	#F8766D	64.541	2003	Yemen	Yemen	AS
148	#F8766D	65.006	2004	Yemen	Yemen	AS
148	#F8766D	65.543	2005	Yemen	Yemen	AS
148	#F8766D	65.988	2006	Yemen	Yemen	AS
148	#F8766D	66.565	2007	Yemen	Yemen	AS
148	#F8766D	66.963	2008	Yemen	Yemen	AS
148	#F8766D	67.196	2009	Yemen	Yemen	AS
148	#F8766D	67.28	2010	Yemen	Yemen	AS
148	#F8766D	67.419	2011	Yemen	Yemen	AS
148	#F8766D	67.343	2012	Yemen	Yemen	AS
148	#F8766D	67.545	2013	Yemen	Yemen	AS
148	#F8766D	67.384	2014	Yemen	Yemen	AS
148	#F8766D	65.873	2015	Yemen	Yemen	AS
148	#F8766D	66.064	2016	Yemen	Yemen	AS
148	#F8766D	65.957	2017	Yemen	Yemen	AS
148	#F8766D	64.575	2018	Yemen	Yemen	AS
148	#F8766D	65.092	2019	Yemen	Yemen	AS
148	#F8766D	64.65	2020	Yemen	Yemen	AS
148	#F8766D	63.753	2021	Yemen	Yemen	AS
148	#F8766D	63.72	2022	Yemen	Yemen	AS
149	#F564E3	47.926	1990	Zambia	Zambia	SSA
149	#F564E3	47.097	1991	Zambia	Zambia	SSA
149	#F564E3	46.512	1992	Zambia	Zambia	SSA
149	#F564E3	46.209	1993	Zambia	Zambia	SSA
149	#F564E3	45.854	1994	Zambia	Zambia	SSA
149	#F564E3	45.553	1995	Zambia	Zambia	SSA
149	#F564E3	45.233	1996	Zambia	Zambia	SSA
149	#F564E3	44.945	1997	Zambia	Zambia	SSA
149	#F564E3	44.701	1998	Zambia	Zambia	SSA
149	#F564E3	44.659	1999	Zambia	Zambia	SSA
149	#F564E3	45.231	2000	Zambia	Zambia	SSA
149	#F564E3	46.019	2001	Zambia	Zambia	SSA
149	#F564E3	46.979	2002	Zambia	Zambia	SSA
149	#F564E3	48.284	2003	Zambia	Zambia	SSA
149	#F564E3	49.487	2004	Zambia	Zambia	SSA
149	#F564E3	50.659	2005	Zambia	Zambia	SSA
149	#F564E3	51.795	2006	Zambia	Zambia	SSA
149	#F564E3	52.739	2007	Zambia	Zambia	SSA
149	#F564E3	53.945	2008	Zambia	Zambia	SSA
149	#F564E3	55.3	2009	Zambia	Zambia	SSA
149	#F564E3	56.799	2010	Zambia	Zambia	SSA
149	#F564E3	57.771	2011	Zambia	Zambia	SSA
149	#F564E3	58.867	2012	Zambia	Zambia	SSA
149	#F564E3	59.878	2013	Zambia	Zambia	SSA
149	#F564E3	60.699	2014	Zambia	Zambia	SSA
149	#F564E3	61.208	2015	Zambia	Zambia	SSA
149	#F564E3	61.794	2016	Zambia	Zambia	SSA
149	#F564E3	62.12	2017	Zambia	Zambia	SSA
149	#F564E3	62.342	2018	Zambia	Zambia	SSA
149	#F564E3	62.793	2019	Zambia	Zambia	SSA
149	#F564E3	62.38	2020	Zambia	Zambia	SSA
149	#F564E3	61.223	2021	Zambia	Zambia	SSA
149	#F564E3	61.803	2022	Zambia	Zambia	SSA
150	#F564E3	59.426	1990	Zimbabwe	Zimbabwe	SSA
150	#F564E3	58.091	1991	Zimbabwe	Zimbabwe	SSA
150	#F564E3	56.435	1992	Zimbabwe	Zimbabwe	SSA
150	#F564E3	54.426	1993	Zimbabwe	Zimbabwe	SSA
150	#F564E3	52.588	1994	Zimbabwe	Zimbabwe	SSA
150	#F564E3	50.531	1995	Zimbabwe	Zimbabwe	SSA
150	#F564E3	48.955	1996	Zimbabwe	Zimbabwe	SSA
150	#F564E3	47.993	1997	Zimbabwe	Zimbabwe	SSA
150	#F564E3	46.819	1998	Zimbabwe	Zimbabwe	SSA
150	#F564E3	45.206	1999	Zimbabwe	Zimbabwe	SSA
150	#F564E3	44.686	2000	Zimbabwe	Zimbabwe	SSA
150	#F564E3	41.957	2001	Zimbabwe	Zimbabwe	SSA
150	#F564E3	44.565	2002	Zimbabwe	Zimbabwe	SSA
150	#F564E3	43.393	2003	Zimbabwe	Zimbabwe	SSA
150	#F564E3	44.502	2004	Zimbabwe	Zimbabwe	SSA
150	#F564E3	44.768	2005	Zimbabwe	Zimbabwe	SSA
150	#F564E3	45.364	2006	Zimbabwe	Zimbabwe	SSA
150	#F564E3	45.61	2007	Zimbabwe	Zimbabwe	SSA
150	#F564E3	46.723	2008	Zimbabwe	Zimbabwe	SSA
150	#F564E3	48.063	2009	Zimbabwe	Zimbabwe	SSA
150	#F564E3	50.652	2010	Zimbabwe	Zimbabwe	SSA
150	#F564E3	53.347	2011	Zimbabwe	Zimbabwe	SSA
150	#F564E3	55.626	2012	Zimbabwe	Zimbabwe	SSA
150	#F564E3	57.458	2013	Zimbabwe	Zimbabwe	SSA
150	#F564E3	58.846	2014	Zimbabwe	Zimbabwe	SSA
150	#F564E3	59.591	2015	Zimbabwe	Zimbabwe	SSA
150	#F564E3	60.306	2016	Zimbabwe	Zimbabwe	SSA
150	#F564E3	60.709	2017	Zimbabwe	Zimbabwe	SSA
150	#F564E3	61.414	2018	Zimbabwe	Zimbabwe	SSA
150	#F564E3	61.292	2019	Zimbabwe	Zimbabwe	SSA
150	#F564E3	61.124	2020	Zimbabwe	Zimbabwe	SSA
150	#F564E3	59.253	2021	Zimbabwe	Zimbabwe	SSA
150	#F564E3	59.391	2022	Zimbabwe	Zimbabwe	SSA
8	#00BA38	62.305	1995	Azerbaijan	Azerbaijan	ECA
8	#00BA38	62.622	1996	Azerbaijan	Azerbaijan	ECA
8	#00BA38	62.973	1997	Azerbaijan	Azerbaijan	ECA
8	#00BA38	63.561	1998	Azerbaijan	Azerbaijan	ECA
8	#00BA38	64.189	1999	Azerbaijan	Azerbaijan	ECA
8	#00BA38	64.891	2000	Azerbaijan	Azerbaijan	ECA
8	#00BA38	65.51	2001	Azerbaijan	Azerbaijan	ECA
8	#00BA38	66.239	2002	Azerbaijan	Azerbaijan	ECA
8	#00BA38	66.756	2003	Azerbaijan	Azerbaijan	ECA
8	#00BA38	67.346	2004	Azerbaijan	Azerbaijan	ECA
8	#00BA38	67.562	2005	Azerbaijan	Azerbaijan	ECA
8	#00BA38	68.165	2006	Azerbaijan	Azerbaijan	ECA
8	#00BA38	68.603	2007	Azerbaijan	Azerbaijan	ECA
8	#00BA38	68.811	2008	Azerbaijan	Azerbaijan	ECA
8	#00BA38	69.356	2009	Azerbaijan	Azerbaijan	ECA
8	#00BA38	69.529	2010	Azerbaijan	Azerbaijan	ECA
8	#00BA38	69.984	2011	Azerbaijan	Azerbaijan	ECA
8	#00BA38	70.36	2012	Azerbaijan	Azerbaijan	ECA
8	#00BA38	70.881	2013	Azerbaijan	Azerbaijan	ECA
8	#00BA38	71.116	2014	Azerbaijan	Azerbaijan	ECA
8	#00BA38	71.451	2015	Azerbaijan	Azerbaijan	ECA
8	#00BA38	72.004	2016	Azerbaijan	Azerbaijan	ECA
8	#00BA38	72.248	2017	Azerbaijan	Azerbaijan	ECA
8	#00BA38	72.76	2018	Azerbaijan	Azerbaijan	ECA
8	#00BA38	73.102	2019	Azerbaijan	Azerbaijan	ECA
8	#00BA38	66.868	2020	Azerbaijan	Azerbaijan	ECA
8	#00BA38	69.366	2021	Azerbaijan	Azerbaijan	ECA
8	#00BA38	73.488	2022	Azerbaijan	Azerbaijan	ECA
13	#00BA38	68.797	1995	Belarus	Belarus	ECA
13	#00BA38	68.901	1996	Belarus	Belarus	ECA
13	#00BA38	68.652	1997	Belarus	Belarus	ECA
13	#00BA38	68.641	1998	Belarus	Belarus	ECA
13	#00BA38	68.375	1999	Belarus	Belarus	ECA
13	#00BA38	69.18	2000	Belarus	Belarus	ECA
13	#00BA38	68.864	2001	Belarus	Belarus	ECA
13	#00BA38	68.484	2002	Belarus	Belarus	ECA
13	#00BA38	68.939	2003	Belarus	Belarus	ECA
13	#00BA38	69.406	2004	Belarus	Belarus	ECA
13	#00BA38	69.416	2005	Belarus	Belarus	ECA
13	#00BA38	69.988	2006	Belarus	Belarus	ECA
13	#00BA38	70.762	2007	Belarus	Belarus	ECA
13	#00BA38	70.922	2008	Belarus	Belarus	ECA
13	#00BA38	71.094	2009	Belarus	Belarus	ECA
13	#00BA38	71.122	2010	Belarus	Belarus	ECA
13	#00BA38	71.516	2011	Belarus	Belarus	ECA
13	#00BA38	72.614	2012	Belarus	Belarus	ECA
13	#00BA38	72.989	2013	Belarus	Belarus	ECA
13	#00BA38	73.585	2014	Belarus	Belarus	ECA
13	#00BA38	73.987	2015	Belarus	Belarus	ECA
13	#00BA38	74.258	2016	Belarus	Belarus	ECA
13	#00BA38	74.452	2017	Belarus	Belarus	ECA
13	#00BA38	74.568	2018	Belarus	Belarus	ECA
13	#00BA38	74.216	2019	Belarus	Belarus	ECA
13	#00BA38	72.513	2020	Belarus	Belarus	ECA
13	#00BA38	72.438	2021	Belarus	Belarus	ECA
13	#00BA38	73.246	2022	Belarus	Belarus	ECA
38	#F8766D	56.302	1995	Djibouti	Djibouti	AS
38	#F8766D	56.186	1996	Djibouti	Djibouti	AS
38	#F8766D	55.967	1997	Djibouti	Djibouti	AS
38	#F8766D	56.176	1998	Djibouti	Djibouti	AS
38	#F8766D	56.427	1999	Djibouti	Djibouti	AS
38	#F8766D	56.573	2000	Djibouti	Djibouti	AS
38	#F8766D	56.903	2001	Djibouti	Djibouti	AS
38	#F8766D	57.215	2002	Djibouti	Djibouti	AS
38	#F8766D	57.595	2003	Djibouti	Djibouti	AS
38	#F8766D	57.759	2004	Djibouti	Djibouti	AS
38	#F8766D	58.316	2005	Djibouti	Djibouti	AS
38	#F8766D	58.715	2006	Djibouti	Djibouti	AS
38	#F8766D	59.024	2007	Djibouti	Djibouti	AS
38	#F8766D	59.365	2008	Djibouti	Djibouti	AS
38	#F8766D	59.673	2009	Djibouti	Djibouti	AS
38	#F8766D	60.259	2010	Djibouti	Djibouti	AS
38	#F8766D	60.433	2011	Djibouti	Djibouti	AS
38	#F8766D	60.848	2012	Djibouti	Djibouti	AS
38	#F8766D	61.221	2013	Djibouti	Djibouti	AS
38	#F8766D	61.641	2014	Djibouti	Djibouti	AS
38	#F8766D	61.957	2015	Djibouti	Djibouti	AS
38	#F8766D	62.191	2016	Djibouti	Djibouti	AS
38	#F8766D	62.797	2017	Djibouti	Djibouti	AS
38	#F8766D	63.038	2018	Djibouti	Djibouti	AS
38	#F8766D	63.085	2019	Djibouti	Djibouti	AS
38	#F8766D	62.694	2020	Djibouti	Djibouti	AS
38	#F8766D	62.305	2021	Djibouti	Djibouti	AS
38	#F8766D	62.859	2022	Djibouti	Djibouti	AS
79	#619CFF	67.476	1995	Maldives	Maldives	SA
79	#619CFF	68.702	1996	Maldives	Maldives	SA
79	#619CFF	69.225	1997	Maldives	Maldives	SA
79	#619CFF	69.572	1998	Maldives	Maldives	SA
79	#619CFF	70.088	1999	Maldives	Maldives	SA
79	#619CFF	70.876	2000	Maldives	Maldives	SA
79	#619CFF	72.181	2001	Maldives	Maldives	SA
79	#619CFF	73.291	2002	Maldives	Maldives	SA
79	#619CFF	74.06	2003	Maldives	Maldives	SA
79	#619CFF	73.538	2004	Maldives	Maldives	SA
79	#619CFF	74.751	2005	Maldives	Maldives	SA
79	#619CFF	75.13	2006	Maldives	Maldives	SA
79	#619CFF	75.686	2007	Maldives	Maldives	SA
79	#619CFF	76.543	2008	Maldives	Maldives	SA
79	#619CFF	77.069	2009	Maldives	Maldives	SA
79	#619CFF	77.657	2010	Maldives	Maldives	SA
79	#619CFF	78.124	2011	Maldives	Maldives	SA
79	#619CFF	78.682	2012	Maldives	Maldives	SA
79	#619CFF	79.057	2013	Maldives	Maldives	SA
79	#619CFF	79.424	2014	Maldives	Maldives	SA
79	#619CFF	79.695	2015	Maldives	Maldives	SA
79	#619CFF	79.872	2016	Maldives	Maldives	SA
79	#619CFF	79.943	2017	Maldives	Maldives	SA
79	#619CFF	80.013	2018	Maldives	Maldives	SA
79	#619CFF	80.116	2019	Maldives	Maldives	SA
79	#619CFF	79.875	2020	Maldives	Maldives	SA
79	#619CFF	79.918	2021	Maldives	Maldives	SA
79	#619CFF	80.839	2022	Maldives	Maldives	SA
98	#00BA38	71.674	1995	North Macedonia	North Macedonia	ECA
98	#00BA38	72.235	1996	North Macedonia	North Macedonia	ECA
98	#00BA38	72.274	1997	North Macedonia	North Macedonia	ECA
98	#00BA38	72.405	1998	North Macedonia	North Macedonia	ECA
98	#00BA38	72.774	1999	North Macedonia	North Macedonia	ECA
98	#00BA38	72.857	2000	North Macedonia	North Macedonia	ECA
98	#00BA38	73.233	2001	North Macedonia	North Macedonia	ECA
98	#00BA38	73.146	2002	North Macedonia	North Macedonia	ECA
98	#00BA38	73.386	2003	North Macedonia	North Macedonia	ECA
98	#00BA38	73.782	2004	North Macedonia	North Macedonia	ECA
98	#00BA38	73.745	2005	North Macedonia	North Macedonia	ECA
98	#00BA38	73.999	2006	North Macedonia	North Macedonia	ECA
98	#00BA38	73.904	2007	North Macedonia	North Macedonia	ECA
98	#00BA38	74.533	2008	North Macedonia	North Macedonia	ECA
98	#00BA38	74.719	2009	North Macedonia	North Macedonia	ECA
98	#00BA38	75.119	2010	North Macedonia	North Macedonia	ECA
98	#00BA38	75.187	2011	North Macedonia	North Macedonia	ECA
98	#00BA38	75.14	2012	North Macedonia	North Macedonia	ECA
98	#00BA38	75.866	2013	North Macedonia	North Macedonia	ECA
98	#00BA38	75.935	2014	North Macedonia	North Macedonia	ECA
98	#00BA38	75.981	2015	North Macedonia	North Macedonia	ECA
98	#00BA38	76.03	2016	North Macedonia	North Macedonia	ECA
98	#00BA38	76.477	2017	North Macedonia	North Macedonia	ECA
98	#00BA38	77.314	2018	North Macedonia	North Macedonia	ECA
98	#00BA38	77.293	2019	North Macedonia	North Macedonia	ECA
98	#00BA38	75.168	2020	North Macedonia	North Macedonia	ECA
98	#00BA38	73.841	2021	North Macedonia	North Macedonia	ECA
98	#00BA38	73.888	2022	North Macedonia	North Macedonia	ECA
109	#F564E3	39.969	1995	Rwanda	Rwanda	SSA
109	#F564E3	40.698	1996	Rwanda	Rwanda	SSA
109	#F564E3	40.64	1997	Rwanda	Rwanda	SSA
109	#F564E3	41.681	1998	Rwanda	Rwanda	SSA
109	#F564E3	44.616	1999	Rwanda	Rwanda	SSA
109	#F564E3	47.129	2000	Rwanda	Rwanda	SSA
109	#F564E3	49.021	2001	Rwanda	Rwanda	SSA
109	#F564E3	51.032	2002	Rwanda	Rwanda	SSA
109	#F564E3	53.368	2003	Rwanda	Rwanda	SSA
109	#F564E3	55.491	2004	Rwanda	Rwanda	SSA
109	#F564E3	57.316	2005	Rwanda	Rwanda	SSA
109	#F564E3	58.714	2006	Rwanda	Rwanda	SSA
109	#F564E3	59.965	2007	Rwanda	Rwanda	SSA
109	#F564E3	61.134	2008	Rwanda	Rwanda	SSA
109	#F564E3	61.958	2009	Rwanda	Rwanda	SSA
109	#F564E3	62.54	2010	Rwanda	Rwanda	SSA
109	#F564E3	63.261	2011	Rwanda	Rwanda	SSA
109	#F564E3	64.009	2012	Rwanda	Rwanda	SSA
109	#F564E3	64.426	2013	Rwanda	Rwanda	SSA
109	#F564E3	64.94	2014	Rwanda	Rwanda	SSA
109	#F564E3	65.298	2015	Rwanda	Rwanda	SSA
109	#F564E3	65.737	2016	Rwanda	Rwanda	SSA
109	#F564E3	65.941	2017	Rwanda	Rwanda	SSA
109	#F564E3	66.251	2018	Rwanda	Rwanda	SSA
109	#F564E3	66.437	2019	Rwanda	Rwanda	SSA
109	#F564E3	66.774	2020	Rwanda	Rwanda	SSA
109	#F564E3	66.072	2021	Rwanda	Rwanda	SSA
109	#F564E3	67.129	2022	Rwanda	Rwanda	SSA
113	#B79F00	69.298	1995	Samoa	Samoa	EAP
113	#B79F00	69.588	1996	Samoa	Samoa	EAP
113	#B79F00	69.875	1997	Samoa	Samoa	EAP
113	#B79F00	70.171	1998	Samoa	Samoa	EAP
113	#B79F00	70.456	1999	Samoa	Samoa	EAP
113	#B79F00	70.746	2000	Samoa	Samoa	EAP
113	#B79F00	71.019	2001	Samoa	Samoa	EAP
113	#B79F00	71.276	2002	Samoa	Samoa	EAP
113	#B79F00	71.496	2003	Samoa	Samoa	EAP
113	#B79F00	71.696	2004	Samoa	Samoa	EAP
113	#B79F00	71.754	2005	Samoa	Samoa	EAP
113	#B79F00	72.021	2006	Samoa	Samoa	EAP
113	#B79F00	72.1	2007	Samoa	Samoa	EAP
113	#B79F00	72.155	2008	Samoa	Samoa	EAP
113	#B79F00	70.066	2009	Samoa	Samoa	EAP
113	#B79F00	72.249	2010	Samoa	Samoa	EAP
113	#B79F00	72.26	2011	Samoa	Samoa	EAP
113	#B79F00	72.167	2012	Samoa	Samoa	EAP
113	#B79F00	72.391	2013	Samoa	Samoa	EAP
113	#B79F00	72.463	2014	Samoa	Samoa	EAP
113	#B79F00	72.515	2015	Samoa	Samoa	EAP
113	#B79F00	72.54	2016	Samoa	Samoa	EAP
113	#B79F00	72.59	2017	Samoa	Samoa	EAP
113	#B79F00	72.636	2018	Samoa	Samoa	EAP
113	#B79F00	72.157	2019	Samoa	Samoa	EAP
113	#B79F00	72.768	2020	Samoa	Samoa	EAP
113	#B79F00	72.767	2021	Samoa	Samoa	EAP
113	#B79F00	72.598	2022	Samoa	Samoa	EAP
117	#00BA38	71.769	1995	Serbia	Serbia	ECA
117	#00BA38	71.554	1996	Serbia	Serbia	ECA
117	#00BA38	71.649	1997	Serbia	Serbia	ECA
117	#00BA38	71.243	1998	Serbia	Serbia	ECA
117	#00BA38	69.758	1999	Serbia	Serbia	ECA
117	#00BA38	71.439	2000	Serbia	Serbia	ECA
117	#00BA38	72.307	2001	Serbia	Serbia	ECA
117	#00BA38	72.258	2002	Serbia	Serbia	ECA
117	#00BA38	72.442	2003	Serbia	Serbia	ECA
117	#00BA38	72.617	2004	Serbia	Serbia	ECA
117	#00BA38	72.709	2005	Serbia	Serbia	ECA
117	#00BA38	73.355	2006	Serbia	Serbia	ECA
117	#00BA38	73.623	2007	Serbia	Serbia	ECA
117	#00BA38	73.939	2008	Serbia	Serbia	ECA
117	#00BA38	74.038	2009	Serbia	Serbia	ECA
117	#00BA38	74.375	2010	Serbia	Serbia	ECA
117	#00BA38	74.772	2011	Serbia	Serbia	ECA
117	#00BA38	75.106	2012	Serbia	Serbia	ECA
117	#00BA38	75.605	2013	Serbia	Serbia	ECA
117	#00BA38	75.723	2014	Serbia	Serbia	ECA
117	#00BA38	75.817	2015	Serbia	Serbia	ECA
117	#00BA38	76.261	2016	Serbia	Serbia	ECA
117	#00BA38	76.213	2017	Serbia	Serbia	ECA
117	#00BA38	76.511	2018	Serbia	Serbia	ECA
117	#00BA38	76.704	2019	Serbia	Serbia	ECA
117	#00BA38	75.406	2020	Serbia	Serbia	ECA
117	#00BA38	74.192	2021	Serbia	Serbia	ECA
117	#00BA38	74.137	2022	Serbia	Serbia	ECA
4	#F564E3	45.386	1999	Angola	Angola	SSA
4	#F564E3	46.024	2000	Angola	Angola	SSA
4	#F564E3	46.59	2001	Angola	Angola	SSA
4	#F564E3	47.386	2002	Angola	Angola	SSA
4	#F564E3	49.617	2003	Angola	Angola	SSA
4	#F564E3	50.592	2004	Angola	Angola	SSA
4	#F564E3	51.57	2005	Angola	Angola	SSA
4	#F564E3	52.369	2006	Angola	Angola	SSA
4	#F564E3	53.642	2007	Angola	Angola	SSA
4	#F564E3	54.633	2008	Angola	Angola	SSA
4	#F564E3	55.752	2009	Angola	Angola	SSA
4	#F564E3	56.726	2010	Angola	Angola	SSA
4	#F564E3	57.596	2011	Angola	Angola	SSA
4	#F564E3	58.623	2012	Angola	Angola	SSA
4	#F564E3	59.307	2013	Angola	Angola	SSA
4	#F564E3	60.04	2014	Angola	Angola	SSA
4	#F564E3	60.655	2015	Angola	Angola	SSA
4	#F564E3	61.092	2016	Angola	Angola	SSA
4	#F564E3	61.68	2017	Angola	Angola	SSA
4	#F564E3	62.144	2018	Angola	Angola	SSA
4	#F564E3	62.448	2019	Angola	Angola	SSA
4	#F564E3	62.261	2020	Angola	Angola	SSA
4	#F564E3	61.643	2021	Angola	Angola	SSA
4	#F564E3	61.929	2022	Angola	Angola	SSA
22	#F564E3	50.325	1999	Burkina Faso	Burkina Faso	SSA
22	#F564E3	50.847	2000	Burkina Faso	Burkina Faso	SSA
22	#F564E3	51.071	2001	Burkina Faso	Burkina Faso	SSA
22	#F564E3	51.272	2002	Burkina Faso	Burkina Faso	SSA
22	#F564E3	51.793	2003	Burkina Faso	Burkina Faso	SSA
22	#F564E3	52.416	2004	Burkina Faso	Burkina Faso	SSA
22	#F564E3	53.092	2005	Burkina Faso	Burkina Faso	SSA
22	#F564E3	53.742	2006	Burkina Faso	Burkina Faso	SSA
22	#F564E3	54.375	2007	Burkina Faso	Burkina Faso	SSA
22	#F564E3	55.342	2008	Burkina Faso	Burkina Faso	SSA
22	#F564E3	55.959	2009	Burkina Faso	Burkina Faso	SSA
22	#F564E3	56.477	2010	Burkina Faso	Burkina Faso	SSA
22	#F564E3	57.125	2011	Burkina Faso	Burkina Faso	SSA
22	#F564E3	57.619	2012	Burkina Faso	Burkina Faso	SSA
22	#F564E3	57.823	2013	Burkina Faso	Burkina Faso	SSA
22	#F564E3	58.359	2014	Burkina Faso	Burkina Faso	SSA
22	#F564E3	58.845	2015	Burkina Faso	Burkina Faso	SSA
22	#F564E3	59.326	2016	Burkina Faso	Burkina Faso	SSA
22	#F564E3	59.536	2017	Burkina Faso	Burkina Faso	SSA
22	#F564E3	60.047	2018	Burkina Faso	Burkina Faso	SSA
22	#F564E3	60.039	2019	Burkina Faso	Burkina Faso	SSA
22	#F564E3	59.731	2020	Burkina Faso	Burkina Faso	SSA
22	#F564E3	59.27	2021	Burkina Faso	Burkina Faso	SSA
22	#F564E3	59.766	2022	Burkina Faso	Burkina Faso	SSA
74	#F564E3	49.953	1999	Liberia	Liberia	SSA
74	#F564E3	51.356	2000	Liberia	Liberia	SSA
74	#F564E3	52.752	2001	Liberia	Liberia	SSA
74	#F564E3	53.788	2002	Liberia	Liberia	SSA
74	#F564E3	53.042	2003	Liberia	Liberia	SSA
74	#F564E3	56.013	2004	Liberia	Liberia	SSA
74	#F564E3	56.912	2005	Liberia	Liberia	SSA
74	#F564E3	57.62	2006	Liberia	Liberia	SSA
74	#F564E3	58.285	2007	Liberia	Liberia	SSA
74	#F564E3	58.772	2008	Liberia	Liberia	SSA
74	#F564E3	59.194	2009	Liberia	Liberia	SSA
74	#F564E3	59.433	2010	Liberia	Liberia	SSA
74	#F564E3	59.62	2011	Liberia	Liberia	SSA
74	#F564E3	59.913	2012	Liberia	Liberia	SSA
74	#F564E3	59.943	2013	Liberia	Liberia	SSA
74	#F564E3	59.121	2014	Liberia	Liberia	SSA
74	#F564E3	59.148	2015	Liberia	Liberia	SSA
74	#F564E3	60.416	2016	Liberia	Liberia	SSA
74	#F564E3	60.553	2017	Liberia	Liberia	SSA
74	#F564E3	60.853	2018	Liberia	Liberia	SSA
74	#F564E3	61.104	2019	Liberia	Liberia	SSA
74	#F564E3	60.948	2020	Liberia	Liberia	SSA
74	#F564E3	60.747	2021	Liberia	Liberia	SSA
74	#F564E3	61.1	2022	Liberia	Liberia	SSA
76	#F564E3	57.372	1999	Madagascar	Madagascar	SSA
76	#F564E3	57.938	2000	Madagascar	Madagascar	SSA
76	#F564E3	58.57	2001	Madagascar	Madagascar	SSA
76	#F564E3	58.892	2002	Madagascar	Madagascar	SSA
76	#F564E3	59.491	2003	Madagascar	Madagascar	SSA
76	#F564E3	60.149	2004	Madagascar	Madagascar	SSA
76	#F564E3	60.57	2005	Madagascar	Madagascar	SSA
76	#F564E3	61.315	2006	Madagascar	Madagascar	SSA
76	#F564E3	61.757	2007	Madagascar	Madagascar	SSA
76	#F564E3	62.142	2008	Madagascar	Madagascar	SSA
76	#F564E3	62.734	2009	Madagascar	Madagascar	SSA
76	#F564E3	62.873	2010	Madagascar	Madagascar	SSA
76	#F564E3	63.494	2011	Madagascar	Madagascar	SSA
76	#F564E3	63.544	2012	Madagascar	Madagascar	SSA
76	#F564E3	63.962	2013	Madagascar	Madagascar	SSA
76	#F564E3	64.255	2014	Madagascar	Madagascar	SSA
76	#F564E3	64.339	2015	Madagascar	Madagascar	SSA
76	#F564E3	64.997	2016	Madagascar	Madagascar	SSA
76	#F564E3	65.094	2017	Madagascar	Madagascar	SSA
76	#F564E3	65.27	2018	Madagascar	Madagascar	SSA
76	#F564E3	65.882	2019	Madagascar	Madagascar	SSA
76	#F564E3	65.182	2020	Madagascar	Madagascar	SSA
76	#F564E3	64.485	2021	Madagascar	Madagascar	SSA
76	#F564E3	65.23	2022	Madagascar	Madagascar	SSA
121	#B79F00	67.069	1999	Solomon Islands	Solomon Islands	EAP
121	#B79F00	67.225	2000	Solomon Islands	Solomon Islands	EAP
121	#B79F00	67.364	2001	Solomon Islands	Solomon Islands	EAP
121	#B79F00	67.515	2002	Solomon Islands	Solomon Islands	EAP
121	#B79F00	67.644	2003	Solomon Islands	Solomon Islands	EAP
121	#B79F00	67.801	2004	Solomon Islands	Solomon Islands	EAP
121	#B79F00	67.936	2005	Solomon Islands	Solomon Islands	EAP
121	#B79F00	68.09	2006	Solomon Islands	Solomon Islands	EAP
121	#B79F00	67.986	2007	Solomon Islands	Solomon Islands	EAP
121	#B79F00	68.404	2008	Solomon Islands	Solomon Islands	EAP
121	#B79F00	68.466	2009	Solomon Islands	Solomon Islands	EAP
121	#B79F00	68.732	2010	Solomon Islands	Solomon Islands	EAP
121	#B79F00	68.908	2011	Solomon Islands	Solomon Islands	EAP
121	#B79F00	69.084	2012	Solomon Islands	Solomon Islands	EAP
121	#B79F00	69.188	2013	Solomon Islands	Solomon Islands	EAP
121	#B79F00	69.234	2014	Solomon Islands	Solomon Islands	EAP
121	#B79F00	69.583	2015	Solomon Islands	Solomon Islands	EAP
121	#B79F00	69.801	2016	Solomon Islands	Solomon Islands	EAP
121	#B79F00	69.988	2017	Solomon Islands	Solomon Islands	EAP
121	#B79F00	70.173	2018	Solomon Islands	Solomon Islands	EAP
121	#B79F00	70.382	2019	Solomon Islands	Solomon Islands	EAP
121	#B79F00	70.199	2020	Solomon Islands	Solomon Islands	EAP
121	#B79F00	70.348	2021	Solomon Islands	Solomon Islands	EAP
121	#B79F00	70.742	2022	Solomon Islands	Solomon Islands	EAP
18	#00BA38	74.496	2000	Bosnia and Herzegovina	Bosnia and Herzegovina	ECA
18	#00BA38	75.06	2001	Bosnia and Herzegovina	Bosnia and Herzegovina	ECA
18	#00BA38	74.612	2002	Bosnia and Herzegovina	Bosnia and Herzegovina	ECA
18	#00BA38	75.782	2003	Bosnia and Herzegovina	Bosnia and Herzegovina	ECA
18	#00BA38	76.133	2004	Bosnia and Herzegovina	Bosnia and Herzegovina	ECA
18	#00BA38	75.42	2005	Bosnia and Herzegovina	Bosnia and Herzegovina	ECA
18	#00BA38	76.247	2006	Bosnia and Herzegovina	Bosnia and Herzegovina	ECA
18	#00BA38	76.161	2007	Bosnia and Herzegovina	Bosnia and Herzegovina	ECA
18	#00BA38	76.838	2008	Bosnia and Herzegovina	Bosnia and Herzegovina	ECA
18	#00BA38	76.976	2009	Bosnia and Herzegovina	Bosnia and Herzegovina	ECA
18	#00BA38	77.073	2010	Bosnia and Herzegovina	Bosnia and Herzegovina	ECA
18	#00BA38	77.007	2011	Bosnia and Herzegovina	Bosnia and Herzegovina	ECA
18	#00BA38	77.191	2012	Bosnia and Herzegovina	Bosnia and Herzegovina	ECA
18	#00BA38	76.33	2013	Bosnia and Herzegovina	Bosnia and Herzegovina	ECA
18	#00BA38	75.659	2014	Bosnia and Herzegovina	Bosnia and Herzegovina	ECA
18	#00BA38	76.182	2015	Bosnia and Herzegovina	Bosnia and Herzegovina	ECA
18	#00BA38	76.808	2016	Bosnia and Herzegovina	Bosnia and Herzegovina	ECA
18	#00BA38	76.935	2017	Bosnia and Herzegovina	Bosnia and Herzegovina	ECA
18	#00BA38	77.093	2018	Bosnia and Herzegovina	Bosnia and Herzegovina	ECA
18	#00BA38	77.241	2019	Bosnia and Herzegovina	Bosnia and Herzegovina	ECA
18	#00BA38	76.225	2020	Bosnia and Herzegovina	Bosnia and Herzegovina	ECA
18	#00BA38	75.3	2021	Bosnia and Herzegovina	Bosnia and Herzegovina	ECA
18	#00BA38	75.293	2022	Bosnia and Herzegovina	Bosnia and Herzegovina	ECA
24	#F564E3	68.618	2000	Cabo Verde	Cabo Verde	SSA
24	#F564E3	69.929	2001	Cabo Verde	Cabo Verde	SSA
24	#F564E3	70.705	2002	Cabo Verde	Cabo Verde	SSA
24	#F564E3	71.429	2003	Cabo Verde	Cabo Verde	SSA
24	#F564E3	71.999	2004	Cabo Verde	Cabo Verde	SSA
24	#F564E3	72.68	2005	Cabo Verde	Cabo Verde	SSA
24	#F564E3	72.239	2006	Cabo Verde	Cabo Verde	SSA
24	#F564E3	72.835	2007	Cabo Verde	Cabo Verde	SSA
24	#F564E3	72.508	2008	Cabo Verde	Cabo Verde	SSA
24	#F564E3	73.088	2009	Cabo Verde	Cabo Verde	SSA
24	#F564E3	73.499	2010	Cabo Verde	Cabo Verde	SSA
24	#F564E3	74.257	2011	Cabo Verde	Cabo Verde	SSA
24	#F564E3	74.484	2012	Cabo Verde	Cabo Verde	SSA
24	#F564E3	75.059	2013	Cabo Verde	Cabo Verde	SSA
24	#F564E3	75.24	2014	Cabo Verde	Cabo Verde	SSA
24	#F564E3	74.62	2015	Cabo Verde	Cabo Verde	SSA
24	#F564E3	75.742	2016	Cabo Verde	Cabo Verde	SSA
24	#F564E3	76.593	2017	Cabo Verde	Cabo Verde	SSA
24	#F564E3	75.733	2018	Cabo Verde	Cabo Verde	SSA
24	#F564E3	76.004	2019	Cabo Verde	Cabo Verde	SSA
24	#F564E3	74.808	2020	Cabo Verde	Cabo Verde	SSA
24	#F564E3	74.052	2021	Cabo Verde	Cabo Verde	SSA
24	#F564E3	74.722	2022	Cabo Verde	Cabo Verde	SSA
28	#F564E3	47.443	2000	Chad	Chad	SSA
28	#F564E3	47.85	2001	Chad	Chad	SSA
28	#F564E3	47.946	2002	Chad	Chad	SSA
28	#F564E3	48.206	2003	Chad	Chad	SSA
28	#F564E3	48.232	2004	Chad	Chad	SSA
28	#F564E3	48.312	2005	Chad	Chad	SSA
28	#F564E3	48.286	2006	Chad	Chad	SSA
28	#F564E3	48.751	2007	Chad	Chad	SSA
28	#F564E3	49.024	2008	Chad	Chad	SSA
28	#F564E3	49.196	2009	Chad	Chad	SSA
28	#F564E3	49.584	2010	Chad	Chad	SSA
28	#F564E3	50.009	2011	Chad	Chad	SSA
28	#F564E3	50.54	2012	Chad	Chad	SSA
28	#F564E3	50.781	2013	Chad	Chad	SSA
28	#F564E3	51.202	2014	Chad	Chad	SSA
28	#F564E3	51.589	2015	Chad	Chad	SSA
28	#F564E3	52.083	2016	Chad	Chad	SSA
28	#F564E3	52.308	2017	Chad	Chad	SSA
28	#F564E3	52.825	2018	Chad	Chad	SSA
28	#F564E3	53.259	2019	Chad	Chad	SSA
28	#F564E3	52.777	2020	Chad	Chad	SSA
28	#F564E3	52.525	2021	Chad	Chad	SSA
28	#F564E3	52.997	2022	Chad	Chad	SSA
32	#F564E3	58.757	2000	Comoros	Comoros	SSA
32	#F564E3	59.163	2001	Comoros	Comoros	SSA
32	#F564E3	59.056	2002	Comoros	Comoros	SSA
32	#F564E3	59.258	2003	Comoros	Comoros	SSA
32	#F564E3	59.48	2004	Comoros	Comoros	SSA
32	#F564E3	59.604	2005	Comoros	Comoros	SSA
32	#F564E3	59.875	2006	Comoros	Comoros	SSA
32	#F564E3	60.102	2007	Comoros	Comoros	SSA
32	#F564E3	60.475	2008	Comoros	Comoros	SSA
32	#F564E3	60.831	2009	Comoros	Comoros	SSA
32	#F564E3	61.123	2010	Comoros	Comoros	SSA
32	#F564E3	61.503	2011	Comoros	Comoros	SSA
32	#F564E3	61.834	2012	Comoros	Comoros	SSA
32	#F564E3	62.224	2013	Comoros	Comoros	SSA
32	#F564E3	62.516	2014	Comoros	Comoros	SSA
32	#F564E3	62.896	2015	Comoros	Comoros	SSA
32	#F564E3	63.237	2016	Comoros	Comoros	SSA
32	#F564E3	63.625	2017	Comoros	Comoros	SSA
32	#F564E3	63.912	2018	Comoros	Comoros	SSA
32	#F564E3	64.068	2019	Comoros	Comoros	SSA
32	#F564E3	64.166	2020	Comoros	Comoros	SSA
32	#F564E3	63.417	2021	Comoros	Comoros	SSA
32	#F564E3	63.68	2022	Comoros	Comoros	SSA
39	#00BFC4	72.693	2000	Dominica	Dominica	LAC
39	#00BFC4	71.713	2001	Dominica	Dominica	LAC
39	#00BFC4	72.34	2002	Dominica	Dominica	LAC
39	#00BFC4	71.438	2003	Dominica	Dominica	LAC
39	#00BFC4	72.401	2004	Dominica	Dominica	LAC
39	#00BFC4	72.254	2005	Dominica	Dominica	LAC
39	#00BFC4	72.848	2006	Dominica	Dominica	LAC
39	#00BFC4	71.93	2007	Dominica	Dominica	LAC
39	#00BFC4	73.305	2008	Dominica	Dominica	LAC
39	#00BFC4	72.17	2009	Dominica	Dominica	LAC
39	#00BFC4	71.55	2010	Dominica	Dominica	LAC
39	#00BFC4	69.695	2011	Dominica	Dominica	LAC
39	#00BFC4	70.538	2012	Dominica	Dominica	LAC
39	#00BFC4	68.896	2013	Dominica	Dominica	LAC
39	#00BFC4	69.434	2014	Dominica	Dominica	LAC
39	#00BFC4	68.727	2015	Dominica	Dominica	LAC
39	#00BFC4	70.128	2016	Dominica	Dominica	LAC
39	#00BFC4	67.525	2017	Dominica	Dominica	LAC
39	#00BFC4	73.59	2018	Dominica	Dominica	LAC
39	#00BFC4	73.559	2019	Dominica	Dominica	LAC
39	#00BFC4	73.649	2020	Dominica	Dominica	LAC
39	#00BFC4	72.814	2021	Dominica	Dominica	LAC
39	#00BFC4	72.981	2022	Dominica	Dominica	LAC
44	#F564E3	53.226	2000	Equatorial Guinea	Equatorial Guinea	SSA
44	#F564E3	53.636	2001	Equatorial Guinea	Equatorial Guinea	SSA
44	#F564E3	54.085	2002	Equatorial Guinea	Equatorial Guinea	SSA
44	#F564E3	54.581	2003	Equatorial Guinea	Equatorial Guinea	SSA
44	#F564E3	55.036	2004	Equatorial Guinea	Equatorial Guinea	SSA
44	#F564E3	55.464	2005	Equatorial Guinea	Equatorial Guinea	SSA
44	#F564E3	56.046	2006	Equatorial Guinea	Equatorial Guinea	SSA
44	#F564E3	56.54	2007	Equatorial Guinea	Equatorial Guinea	SSA
44	#F564E3	57.074	2008	Equatorial Guinea	Equatorial Guinea	SSA
44	#F564E3	57.431	2009	Equatorial Guinea	Equatorial Guinea	SSA
44	#F564E3	57.878	2010	Equatorial Guinea	Equatorial Guinea	SSA
44	#F564E3	58.412	2011	Equatorial Guinea	Equatorial Guinea	SSA
44	#F564E3	58.865	2012	Equatorial Guinea	Equatorial Guinea	SSA
44	#F564E3	59.224	2013	Equatorial Guinea	Equatorial Guinea	SSA
44	#F564E3	59.595	2014	Equatorial Guinea	Equatorial Guinea	SSA
44	#F564E3	60.103	2015	Equatorial Guinea	Equatorial Guinea	SSA
44	#F564E3	60.479	2016	Equatorial Guinea	Equatorial Guinea	SSA
44	#F564E3	60.821	2017	Equatorial Guinea	Equatorial Guinea	SSA
44	#F564E3	61.191	2018	Equatorial Guinea	Equatorial Guinea	SSA
44	#F564E3	61.644	2019	Equatorial Guinea	Equatorial Guinea	SSA
44	#F564E3	60.708	2020	Equatorial Guinea	Equatorial Guinea	SSA
44	#F564E3	60.594	2021	Equatorial Guinea	Equatorial Guinea	SSA
44	#F564E3	61.19	2022	Equatorial Guinea	Equatorial Guinea	SSA
47	#F564E3	50.538	2000	Ethiopia	Ethiopia	SSA
47	#F564E3	51.043	2001	Ethiopia	Ethiopia	SSA
47	#F564E3	51.517	2002	Ethiopia	Ethiopia	SSA
47	#F564E3	52.533	2003	Ethiopia	Ethiopia	SSA
47	#F564E3	53.235	2004	Ethiopia	Ethiopia	SSA
47	#F564E3	54.008	2005	Ethiopia	Ethiopia	SSA
47	#F564E3	55.149	2006	Ethiopia	Ethiopia	SSA
47	#F564E3	56.426	2007	Ethiopia	Ethiopia	SSA
47	#F564E3	57.592	2008	Ethiopia	Ethiopia	SSA
47	#F564E3	58.804	2009	Ethiopia	Ethiopia	SSA
47	#F564E3	59.73	2010	Ethiopia	Ethiopia	SSA
47	#F564E3	60.721	2011	Ethiopia	Ethiopia	SSA
47	#F564E3	61.543	2012	Ethiopia	Ethiopia	SSA
47	#F564E3	62.373	2013	Ethiopia	Ethiopia	SSA
47	#F564E3	62.905	2014	Ethiopia	Ethiopia	SSA
47	#F564E3	63.649	2015	Ethiopia	Ethiopia	SSA
47	#F564E3	64.392	2016	Ethiopia	Ethiopia	SSA
47	#F564E3	64.838	2017	Ethiopia	Ethiopia	SSA
47	#F564E3	65.412	2018	Ethiopia	Ethiopia	SSA
47	#F564E3	65.838	2019	Ethiopia	Ethiopia	SSA
47	#F564E3	65.371	2020	Ethiopia	Ethiopia	SSA
47	#F564E3	64.975	2021	Ethiopia	Ethiopia	SSA
47	#F564E3	65.645	2022	Ethiopia	Ethiopia	SSA
51	#00BA38	69.575	2000	Georgia	Georgia	ECA
51	#00BA38	69.606	2001	Georgia	Georgia	ECA
51	#00BA38	70.024	2002	Georgia	Georgia	ECA
51	#00BA38	70.333	2003	Georgia	Georgia	ECA
51	#00BA38	70.567	2004	Georgia	Georgia	ECA
51	#00BA38	71.13	2005	Georgia	Georgia	ECA
51	#00BA38	71.394	2006	Georgia	Georgia	ECA
51	#00BA38	71.568	2007	Georgia	Georgia	ECA
51	#00BA38	71.332	2008	Georgia	Georgia	ECA
51	#00BA38	71.95	2009	Georgia	Georgia	ECA
51	#00BA38	72.128	2010	Georgia	Georgia	ECA
51	#00BA38	72.39	2011	Georgia	Georgia	ECA
51	#00BA38	72.412	2012	Georgia	Georgia	ECA
51	#00BA38	72.628	2013	Georgia	Georgia	ECA
51	#00BA38	73.099	2014	Georgia	Georgia	ECA
51	#00BA38	73.297	2015	Georgia	Georgia	ECA
51	#00BA38	73.569	2016	Georgia	Georgia	ECA
51	#00BA38	73.57	2017	Georgia	Georgia	ECA
51	#00BA38	73.341	2018	Georgia	Georgia	ECA
51	#00BA38	73.47	2019	Georgia	Georgia	ECA
51	#00BA38	72.765	2020	Georgia	Georgia	ECA
51	#00BA38	71.694	2021	Georgia	Georgia	ECA
51	#00BA38	71.587	2022	Georgia	Georgia	ECA
68	#B79F00	64.409	2000	Kiribati	Kiribati	EAP
68	#B79F00	64.655	2001	Kiribati	Kiribati	EAP
68	#B79F00	64.84	2002	Kiribati	Kiribati	EAP
68	#B79F00	64.954	2003	Kiribati	Kiribati	EAP
68	#B79F00	64.989	2004	Kiribati	Kiribati	EAP
68	#B79F00	64.967	2005	Kiribati	Kiribati	EAP
68	#B79F00	64.906	2006	Kiribati	Kiribati	EAP
68	#B79F00	64.844	2007	Kiribati	Kiribati	EAP
68	#B79F00	64.834	2008	Kiribati	Kiribati	EAP
68	#B79F00	64.892	2009	Kiribati	Kiribati	EAP
68	#B79F00	65.016	2010	Kiribati	Kiribati	EAP
68	#B79F00	65.19	2011	Kiribati	Kiribati	EAP
68	#B79F00	65.378	2012	Kiribati	Kiribati	EAP
68	#B79F00	65.588	2013	Kiribati	Kiribati	EAP
68	#B79F00	65.815	2014	Kiribati	Kiribati	EAP
68	#B79F00	66.059	2015	Kiribati	Kiribati	EAP
68	#B79F00	66.332	2016	Kiribati	Kiribati	EAP
68	#B79F00	66.597	2017	Kiribati	Kiribati	EAP
68	#B79F00	66.855	2018	Kiribati	Kiribati	EAP
68	#B79F00	67.15	2019	Kiribati	Kiribati	EAP
68	#B79F00	67.266	2020	Kiribati	Kiribati	EAP
68	#B79F00	67.417	2021	Kiribati	Kiribati	EAP
68	#B79F00	67.661	2022	Kiribati	Kiribati	EAP
85	#B79F00	69.769	2000	Micronesia (Federated States of)	Micronesia (Federated States of)	EAP
85	#B79F00	70.479	2001	Micronesia (Federated States of)	Micronesia (Federated States of)	EAP
85	#B79F00	69.46	2002	Micronesia (Federated States of)	Micronesia (Federated States of)	EAP
85	#B79F00	70.76	2003	Micronesia (Federated States of)	Micronesia (Federated States of)	EAP
85	#B79F00	70.838	2004	Micronesia (Federated States of)	Micronesia (Federated States of)	EAP
85	#B79F00	70.884	2005	Micronesia (Federated States of)	Micronesia (Federated States of)	EAP
85	#B79F00	71.093	2006	Micronesia (Federated States of)	Micronesia (Federated States of)	EAP
85	#B79F00	71.06	2007	Micronesia (Federated States of)	Micronesia (Federated States of)	EAP
85	#B79F00	71.137	2008	Micronesia (Federated States of)	Micronesia (Federated States of)	EAP
85	#B79F00	71.112	2009	Micronesia (Federated States of)	Micronesia (Federated States of)	EAP
85	#B79F00	71.233	2010	Micronesia (Federated States of)	Micronesia (Federated States of)	EAP
85	#B79F00	71.318	2011	Micronesia (Federated States of)	Micronesia (Federated States of)	EAP
85	#B79F00	71.398	2012	Micronesia (Federated States of)	Micronesia (Federated States of)	EAP
85	#B79F00	71.499	2013	Micronesia (Federated States of)	Micronesia (Federated States of)	EAP
85	#B79F00	71.529	2014	Micronesia (Federated States of)	Micronesia (Federated States of)	EAP
85	#B79F00	71.408	2015	Micronesia (Federated States of)	Micronesia (Federated States of)	EAP
85	#B79F00	71.595	2016	Micronesia (Federated States of)	Micronesia (Federated States of)	EAP
85	#B79F00	71.467	2017	Micronesia (Federated States of)	Micronesia (Federated States of)	EAP
85	#B79F00	71.318	2018	Micronesia (Federated States of)	Micronesia (Federated States of)	EAP
85	#B79F00	71.077	2019	Micronesia (Federated States of)	Micronesia (Federated States of)	EAP
85	#B79F00	70.674	2020	Micronesia (Federated States of)	Micronesia (Federated States of)	EAP
85	#B79F00	70.71	2021	Micronesia (Federated States of)	Micronesia (Federated States of)	EAP
85	#B79F00	70.925	2022	Micronesia (Federated States of)	Micronesia (Federated States of)	EAP
99	#F8766D	73.466	2000	Oman	Oman	AS
99	#F8766D	73.808	2001	Oman	Oman	AS
99	#F8766D	73.869	2002	Oman	Oman	AS
99	#F8766D	74.14	2003	Oman	Oman	AS
99	#F8766D	74.329	2004	Oman	Oman	AS
99	#F8766D	74.396	2005	Oman	Oman	AS
99	#F8766D	74.48	2006	Oman	Oman	AS
99	#F8766D	74.461	2007	Oman	Oman	AS
99	#F8766D	74.612	2008	Oman	Oman	AS
99	#F8766D	74.681	2009	Oman	Oman	AS
99	#F8766D	76.269	2010	Oman	Oman	AS
99	#F8766D	76.608	2011	Oman	Oman	AS
99	#F8766D	77.061	2012	Oman	Oman	AS
99	#F8766D	77.246	2013	Oman	Oman	AS
99	#F8766D	77.446	2014	Oman	Oman	AS
99	#F8766D	77.687	2015	Oman	Oman	AS
99	#F8766D	77.916	2016	Oman	Oman	AS
99	#F8766D	77.924	2017	Oman	Oman	AS
99	#F8766D	77.966	2018	Oman	Oman	AS
99	#F8766D	78.002	2019	Oman	Oman	AS
99	#F8766D	74.757	2020	Oman	Oman	AS
99	#F8766D	72.541	2021	Oman	Oman	AS
99	#F8766D	73.935	2022	Oman	Oman	AS
101	#B79F00	65.891	2000	Palau	Palau	EAP
101	#B79F00	66.553	2001	Palau	Palau	EAP
101	#B79F00	66.96	2002	Palau	Palau	EAP
101	#B79F00	67.228	2003	Palau	Palau	EAP
101	#B79F00	67.191	2004	Palau	Palau	EAP
101	#B79F00	66.992	2005	Palau	Palau	EAP
101	#B79F00	66.73	2006	Palau	Palau	EAP
101	#B79F00	66.487	2007	Palau	Palau	EAP
101	#B79F00	66.207	2008	Palau	Palau	EAP
101	#B79F00	65.918	2009	Palau	Palau	EAP
101	#B79F00	65.597	2010	Palau	Palau	EAP
101	#B79F00	65.155	2011	Palau	Palau	EAP
101	#B79F00	64.708	2012	Palau	Palau	EAP
101	#B79F00	64.227	2013	Palau	Palau	EAP
101	#B79F00	63.858	2014	Palau	Palau	EAP
101	#B79F00	63.746	2015	Palau	Palau	EAP
101	#B79F00	63.852	2016	Palau	Palau	EAP
101	#B79F00	64.083	2017	Palau	Palau	EAP
101	#B79F00	64.389	2018	Palau	Palau	EAP
101	#B79F00	64.804	2019	Palau	Palau	EAP
101	#B79F00	65.349	2020	Palau	Palau	EAP
101	#B79F00	66.02	2021	Palau	Palau	EAP
101	#B79F00	65.362	2022	Palau	Palau	EAP
112	#00BFC4	71.377	2000	Saint Vincent and the Grenadines	Saint Vincent and the Grenadines	LAC
112	#00BFC4	71.938	2001	Saint Vincent and the Grenadines	Saint Vincent and the Grenadines	LAC
112	#00BFC4	72.168	2002	Saint Vincent and the Grenadines	Saint Vincent and the Grenadines	LAC
112	#00BFC4	72.352	2003	Saint Vincent and the Grenadines	Saint Vincent and the Grenadines	LAC
112	#00BFC4	73.035	2004	Saint Vincent and the Grenadines	Saint Vincent and the Grenadines	LAC
112	#00BFC4	73.516	2005	Saint Vincent and the Grenadines	Saint Vincent and the Grenadines	LAC
112	#00BFC4	74.017	2006	Saint Vincent and the Grenadines	Saint Vincent and the Grenadines	LAC
112	#00BFC4	74.703	2007	Saint Vincent and the Grenadines	Saint Vincent and the Grenadines	LAC
112	#00BFC4	75.053	2008	Saint Vincent and the Grenadines	Saint Vincent and the Grenadines	LAC
112	#00BFC4	75.083	2009	Saint Vincent and the Grenadines	Saint Vincent and the Grenadines	LAC
112	#00BFC4	74.718	2010	Saint Vincent and the Grenadines	Saint Vincent and the Grenadines	LAC
112	#00BFC4	74.596	2011	Saint Vincent and the Grenadines	Saint Vincent and the Grenadines	LAC
112	#00BFC4	74.146	2012	Saint Vincent and the Grenadines	Saint Vincent and the Grenadines	LAC
112	#00BFC4	73.798	2013	Saint Vincent and the Grenadines	Saint Vincent and the Grenadines	LAC
112	#00BFC4	74.473	2014	Saint Vincent and the Grenadines	Saint Vincent and the Grenadines	LAC
112	#00BFC4	74.407	2015	Saint Vincent and the Grenadines	Saint Vincent and the Grenadines	LAC
112	#00BFC4	74.28	2016	Saint Vincent and the Grenadines	Saint Vincent and the Grenadines	LAC
112	#00BFC4	74.305	2017	Saint Vincent and the Grenadines	Saint Vincent and the Grenadines	LAC
112	#00BFC4	74.128	2018	Saint Vincent and the Grenadines	Saint Vincent and the Grenadines	LAC
112	#00BFC4	72.835	2019	Saint Vincent and the Grenadines	Saint Vincent and the Grenadines	LAC
112	#00BFC4	72.126	2020	Saint Vincent and the Grenadines	Saint Vincent and the Grenadines	LAC
112	#00BFC4	69.629	2021	Saint Vincent and the Grenadines	Saint Vincent and the Grenadines	LAC
112	#00BFC4	68.972	2022	Saint Vincent and the Grenadines	Saint Vincent and the Grenadines	LAC
118	#F564E3	69.722	2000	Seychelles	Seychelles	SSA
118	#F564E3	69.985	2001	Seychelles	Seychelles	SSA
118	#F564E3	70.395	2002	Seychelles	Seychelles	SSA
118	#F564E3	70.982	2003	Seychelles	Seychelles	SSA
118	#F564E3	71.162	2004	Seychelles	Seychelles	SSA
118	#F564E3	71.562	2005	Seychelles	Seychelles	SSA
118	#F564E3	71.834	2006	Seychelles	Seychelles	SSA
118	#F564E3	72.112	2007	Seychelles	Seychelles	SSA
118	#F564E3	72.397	2008	Seychelles	Seychelles	SSA
118	#F564E3	72.688	2009	Seychelles	Seychelles	SSA
118	#F564E3	72.97	2010	Seychelles	Seychelles	SSA
118	#F564E3	73.754	2011	Seychelles	Seychelles	SSA
118	#F564E3	73.643	2012	Seychelles	Seychelles	SSA
118	#F564E3	73.781	2013	Seychelles	Seychelles	SSA
118	#F564E3	73.749	2014	Seychelles	Seychelles	SSA
118	#F564E3	73.698	2015	Seychelles	Seychelles	SSA
118	#F564E3	73.642	2016	Seychelles	Seychelles	SSA
118	#F564E3	73.803	2017	Seychelles	Seychelles	SSA
118	#F564E3	73.953	2018	Seychelles	Seychelles	SSA
118	#F564E3	74.169	2019	Seychelles	Seychelles	SSA
118	#F564E3	73.532	2020	Seychelles	Seychelles	SSA
118	#F564E3	71.294	2021	Seychelles	Seychelles	SSA
118	#F564E3	71.738	2022	Seychelles	Seychelles	SSA
132	#B79F00	58.568	2000	Timor-Leste	Timor-Leste	EAP
132	#B79F00	59.362	2001	Timor-Leste	Timor-Leste	EAP
132	#B79F00	60.148	2002	Timor-Leste	Timor-Leste	EAP
132	#B79F00	60.871	2003	Timor-Leste	Timor-Leste	EAP
132	#B79F00	61.628	2004	Timor-Leste	Timor-Leste	EAP
132	#B79F00	62.328	2005	Timor-Leste	Timor-Leste	EAP
132	#B79F00	63.073	2006	Timor-Leste	Timor-Leste	EAP
132	#B79F00	63.723	2007	Timor-Leste	Timor-Leste	EAP
132	#B79F00	64.329	2008	Timor-Leste	Timor-Leste	EAP
132	#B79F00	64.854	2009	Timor-Leste	Timor-Leste	EAP
132	#B79F00	65.304	2010	Timor-Leste	Timor-Leste	EAP
132	#B79F00	65.697	2011	Timor-Leste	Timor-Leste	EAP
132	#B79F00	66.081	2012	Timor-Leste	Timor-Leste	EAP
132	#B79F00	66.44	2013	Timor-Leste	Timor-Leste	EAP
132	#B79F00	66.787	2014	Timor-Leste	Timor-Leste	EAP
132	#B79F00	67.137	2015	Timor-Leste	Timor-Leste	EAP
132	#B79F00	67.446	2016	Timor-Leste	Timor-Leste	EAP
132	#B79F00	67.745	2017	Timor-Leste	Timor-Leste	EAP
132	#B79F00	68.017	2018	Timor-Leste	Timor-Leste	EAP
132	#B79F00	68.268	2019	Timor-Leste	Timor-Leste	EAP
132	#B79F00	68.475	2020	Timor-Leste	Timor-Leste	EAP
132	#B79F00	67.737	2021	Timor-Leste	Timor-Leste	EAP
132	#B79F00	69.056	2022	Timor-Leste	Timor-Leste	EAP
144	#00BA38	65.724	2000	Uzbekistan	Uzbekistan	ECA
144	#00BA38	66.087	2001	Uzbekistan	Uzbekistan	ECA
144	#00BA38	66.604	2002	Uzbekistan	Uzbekistan	ECA
144	#00BA38	67.04	2003	Uzbekistan	Uzbekistan	ECA
144	#00BA38	67.401	2004	Uzbekistan	Uzbekistan	ECA
144	#00BA38	67.49	2005	Uzbekistan	Uzbekistan	ECA
144	#00BA38	67.891	2006	Uzbekistan	Uzbekistan	ECA
144	#00BA38	68.292	2007	Uzbekistan	Uzbekistan	ECA
144	#00BA38	68.765	2008	Uzbekistan	Uzbekistan	ECA
144	#00BA38	68.871	2009	Uzbekistan	Uzbekistan	ECA
144	#00BA38	69.235	2010	Uzbekistan	Uzbekistan	ECA
144	#00BA38	69.649	2011	Uzbekistan	Uzbekistan	ECA
144	#00BA38	69.874	2012	Uzbekistan	Uzbekistan	ECA
144	#00BA38	69.99	2013	Uzbekistan	Uzbekistan	ECA
144	#00BA38	70.234	2014	Uzbekistan	Uzbekistan	ECA
144	#00BA38	70.475	2015	Uzbekistan	Uzbekistan	ECA
144	#00BA38	70.755	2016	Uzbekistan	Uzbekistan	ECA
144	#00BA38	71.01	2017	Uzbekistan	Uzbekistan	ECA
144	#00BA38	71.149	2018	Uzbekistan	Uzbekistan	ECA
144	#00BA38	71.344	2019	Uzbekistan	Uzbekistan	ECA
144	#00BA38	70.331	2020	Uzbekistan	Uzbekistan	ECA
144	#00BA38	70.862	2021	Uzbekistan	Uzbekistan	ECA
144	#00BA38	71.674	2022	Uzbekistan	Uzbekistan	ECA
53	#00BFC4	73.167	2002	Grenada	Grenada	LAC
53	#00BFC4	73.188	2003	Grenada	Grenada	LAC
53	#00BFC4	71.788	2004	Grenada	Grenada	LAC
53	#00BFC4	73.521	2005	Grenada	Grenada	LAC
53	#00BFC4	73.7	2006	Grenada	Grenada	LAC
53	#00BFC4	74.317	2007	Grenada	Grenada	LAC
53	#00BFC4	74.656	2008	Grenada	Grenada	LAC
53	#00BFC4	75.036	2009	Grenada	Grenada	LAC
53	#00BFC4	74.999	2010	Grenada	Grenada	LAC
53	#00BFC4	75.295	2011	Grenada	Grenada	LAC
53	#00BFC4	75.042	2012	Grenada	Grenada	LAC
53	#00BFC4	75.116	2013	Grenada	Grenada	LAC
53	#00BFC4	74.985	2014	Grenada	Grenada	LAC
53	#00BFC4	75.013	2015	Grenada	Grenada	LAC
53	#00BFC4	74.762	2016	Grenada	Grenada	LAC
53	#00BFC4	74.765	2017	Grenada	Grenada	LAC
53	#00BFC4	74.808	2018	Grenada	Grenada	LAC
53	#00BFC4	74.863	2019	Grenada	Grenada	LAC
53	#00BFC4	74.924	2020	Grenada	Grenada	LAC
53	#00BFC4	74.936	2021	Grenada	Grenada	LAC
53	#00BFC4	75.335	2022	Grenada	Grenada	LAC
88	#00BA38	74.075	2003	Montenegro	Montenegro	ECA
88	#00BA38	74.695	2004	Montenegro	Montenegro	ECA
88	#00BA38	74.262	2005	Montenegro	Montenegro	ECA
88	#00BA38	74.049	2006	Montenegro	Montenegro	ECA
88	#00BA38	74.525	2007	Montenegro	Montenegro	ECA
88	#00BA38	75.305	2008	Montenegro	Montenegro	ECA
88	#00BA38	75.269	2009	Montenegro	Montenegro	ECA
88	#00BA38	76.139	2010	Montenegro	Montenegro	ECA
88	#00BA38	76.068	2011	Montenegro	Montenegro	ECA
88	#00BA38	76.327	2012	Montenegro	Montenegro	ECA
88	#00BA38	76.609	2013	Montenegro	Montenegro	ECA
88	#00BA38	76.746	2014	Montenegro	Montenegro	ECA
88	#00BA38	76.756	2015	Montenegro	Montenegro	ECA
88	#00BA38	76.746	2016	Montenegro	Montenegro	ECA
88	#00BA38	76.939	2017	Montenegro	Montenegro	ECA
88	#00BA38	77.159	2018	Montenegro	Montenegro	ECA
88	#00BA38	77.04	2019	Montenegro	Montenegro	ECA
88	#00BA38	76.257	2020	Montenegro	Montenegro	ECA
88	#00BA38	76.343	2021	Montenegro	Montenegro	ECA
88	#00BA38	76.845	2022	Montenegro	Montenegro	ECA
97	#F564E3	48.441	2003	Nigeria	Nigeria	SSA
97	#F564E3	48.767	2004	Nigeria	Nigeria	SSA
97	#F564E3	49.297	2005	Nigeria	Nigeria	SSA
97	#F564E3	49.73	2006	Nigeria	Nigeria	SSA
97	#F564E3	50.033	2007	Nigeria	Nigeria	SSA
97	#F564E3	50.225	2008	Nigeria	Nigeria	SSA
97	#F564E3	50.712	2009	Nigeria	Nigeria	SSA
97	#F564E3	50.945	2010	Nigeria	Nigeria	SSA
97	#F564E3	51.357	2011	Nigeria	Nigeria	SSA
97	#F564E3	51.497	2012	Nigeria	Nigeria	SSA
97	#F564E3	51.707	2013	Nigeria	Nigeria	SSA
97	#F564E3	51.791	2014	Nigeria	Nigeria	SSA
97	#F564E3	51.841	2015	Nigeria	Nigeria	SSA
97	#F564E3	52.043	2016	Nigeria	Nigeria	SSA
97	#F564E3	52.305	2017	Nigeria	Nigeria	SSA
97	#F564E3	52.554	2018	Nigeria	Nigeria	SSA
97	#F564E3	52.91	2019	Nigeria	Nigeria	SSA
97	#F564E3	52.887	2020	Nigeria	Nigeria	SSA
97	#F564E3	52.676	2021	Nigeria	Nigeria	SSA
97	#F564E3	53.633	2022	Nigeria	Nigeria	SSA
102	#F8766D	71.182	2004	Palestine, State of	Palestine, State of	AS
102	#F8766D	72.067	2005	Palestine, State of	Palestine, State of	AS
102	#F8766D	71.915	2006	Palestine, State of	Palestine, State of	AS
102	#F8766D	72.153	2007	Palestine, State of	Palestine, State of	AS
102	#F8766D	72.413	2008	Palestine, State of	Palestine, State of	AS
102	#F8766D	72.608	2009	Palestine, State of	Palestine, State of	AS
102	#F8766D	73.004	2010	Palestine, State of	Palestine, State of	AS
102	#F8766D	73.243	2011	Palestine, State of	Palestine, State of	AS
102	#F8766D	73.466	2012	Palestine, State of	Palestine, State of	AS
102	#F8766D	74.029	2013	Palestine, State of	Palestine, State of	AS
102	#F8766D	72.622	2014	Palestine, State of	Palestine, State of	AS
102	#F8766D	74.406	2015	Palestine, State of	Palestine, State of	AS
102	#F8766D	74.554	2016	Palestine, State of	Palestine, State of	AS
102	#F8766D	74.833	2017	Palestine, State of	Palestine, State of	AS
102	#F8766D	74.793	2018	Palestine, State of	Palestine, State of	AS
102	#F8766D	75.241	2019	Palestine, State of	Palestine, State of	AS
102	#F8766D	74.403	2020	Palestine, State of	Palestine, State of	AS
102	#F8766D	73.473	2021	Palestine, State of	Palestine, State of	AS
102	#F8766D	73.444	2022	Palestine, State of	Palestine, State of	AS
127	#00BFC4	66.416	2004	Suriname	Suriname	LAC
127	#00BFC4	67.002	2005	Suriname	Suriname	LAC
127	#00BFC4	67.571	2006	Suriname	Suriname	LAC
127	#00BFC4	68.204	2007	Suriname	Suriname	LAC
127	#00BFC4	68.816	2008	Suriname	Suriname	LAC
127	#00BFC4	69.505	2009	Suriname	Suriname	LAC
127	#00BFC4	69.894	2010	Suriname	Suriname	LAC
127	#00BFC4	69.914	2011	Suriname	Suriname	LAC
127	#00BFC4	69.764	2012	Suriname	Suriname	LAC
127	#00BFC4	69.682	2013	Suriname	Suriname	LAC
127	#00BFC4	69.782	2014	Suriname	Suriname	LAC
127	#00BFC4	70.8	2015	Suriname	Suriname	LAC
127	#00BFC4	71.592	2016	Suriname	Suriname	LAC
127	#00BFC4	72.417	2017	Suriname	Suriname	LAC
127	#00BFC4	72.553	2018	Suriname	Suriname	LAC
127	#00BFC4	72.242	2019	Suriname	Suriname	LAC
127	#00BFC4	72.561	2020	Suriname	Suriname	LAC
127	#00BFC4	70.274	2021	Suriname	Suriname	LAC
127	#00BFC4	70.289	2022	Suriname	Suriname	LAC
45	#F564E3	60.597	2005	Eritrea	Eritrea	SSA
45	#F564E3	61.611	2006	Eritrea	Eritrea	SSA
45	#F564E3	62.116	2007	Eritrea	Eritrea	SSA
45	#F564E3	62.573	2008	Eritrea	Eritrea	SSA
45	#F564E3	63.328	2009	Eritrea	Eritrea	SSA
45	#F564E3	63.787	2010	Eritrea	Eritrea	SSA
45	#F564E3	64.402	2011	Eritrea	Eritrea	SSA
45	#F564E3	64.838	2012	Eritrea	Eritrea	SSA
45	#F564E3	65.067	2013	Eritrea	Eritrea	SSA
45	#F564E3	65.6	2014	Eritrea	Eritrea	SSA
45	#F564E3	66.033	2015	Eritrea	Eritrea	SSA
45	#F564E3	66.289	2016	Eritrea	Eritrea	SSA
45	#F564E3	66.577	2017	Eritrea	Eritrea	SSA
45	#F564E3	67.067	2018	Eritrea	Eritrea	SSA
45	#F564E3	67.3	2019	Eritrea	Eritrea	SSA
45	#F564E3	67.133	2020	Eritrea	Eritrea	SSA
45	#F564E3	66.536	2021	Eritrea	Eritrea	SSA
45	#F564E3	66.604	2022	Eritrea	Eritrea	SSA
56	#F564E3	52.249	2005	Guinea-Bissau	Guinea-Bissau	SSA
56	#F564E3	53.371	2006	Guinea-Bissau	Guinea-Bissau	SSA
56	#F564E3	54.155	2007	Guinea-Bissau	Guinea-Bissau	SSA
56	#F564E3	54.646	2008	Guinea-Bissau	Guinea-Bissau	SSA
56	#F564E3	55.541	2009	Guinea-Bissau	Guinea-Bissau	SSA
56	#F564E3	56.23	2010	Guinea-Bissau	Guinea-Bissau	SSA
56	#F564E3	56.967	2011	Guinea-Bissau	Guinea-Bissau	SSA
56	#F564E3	57.69	2012	Guinea-Bissau	Guinea-Bissau	SSA
56	#F564E3	58.232	2013	Guinea-Bissau	Guinea-Bissau	SSA
56	#F564E3	58.61	2014	Guinea-Bissau	Guinea-Bissau	SSA
56	#F564E3	59.128	2015	Guinea-Bissau	Guinea-Bissau	SSA
56	#F564E3	59.674	2016	Guinea-Bissau	Guinea-Bissau	SSA
56	#F564E3	60.066	2017	Guinea-Bissau	Guinea-Bissau	SSA
56	#F564E3	60.502	2018	Guinea-Bissau	Guinea-Bissau	SSA
56	#F564E3	60.882	2019	Guinea-Bissau	Guinea-Bissau	SSA
56	#F564E3	59.999	2020	Guinea-Bissau	Guinea-Bissau	SSA
56	#F564E3	59.652	2021	Guinea-Bissau	Guinea-Bissau	SSA
56	#F564E3	59.861	2022	Guinea-Bissau	Guinea-Bissau	SSA
72	#F8766D	76.273	2005	Lebanon	Lebanon	AS
72	#F8766D	76.08	2006	Lebanon	Lebanon	AS
72	#F8766D	77.08	2007	Lebanon	Lebanon	AS
72	#F8766D	77.584	2008	Lebanon	Lebanon	AS
72	#F8766D	77.889	2009	Lebanon	Lebanon	AS
72	#F8766D	78.156	2010	Lebanon	Lebanon	AS
72	#F8766D	78.404	2011	Lebanon	Lebanon	AS
72	#F8766D	78.628	2012	Lebanon	Lebanon	AS
72	#F8766D	78.765	2013	Lebanon	Lebanon	AS
72	#F8766D	78.973	2014	Lebanon	Lebanon	AS
72	#F8766D	79.229	2015	Lebanon	Lebanon	AS
72	#F8766D	79.505	2016	Lebanon	Lebanon	AS
72	#F8766D	79.654	2017	Lebanon	Lebanon	AS
72	#F8766D	79.729	2018	Lebanon	Lebanon	AS
72	#F8766D	79.236	2019	Lebanon	Lebanon	AS
72	#F8766D	77.804	2020	Lebanon	Lebanon	AS
72	#F8766D	75.047	2021	Lebanon	Lebanon	AS
72	#F8766D	74.416	2022	Lebanon	Lebanon	AS
93	#B79F00	58.161	2005	Nauru	Nauru	EAP
93	#B79F00	58.379	2006	Nauru	Nauru	EAP
93	#B79F00	58.53	2007	Nauru	Nauru	EAP
93	#B79F00	58.833	2008	Nauru	Nauru	EAP
93	#B79F00	59.123	2009	Nauru	Nauru	EAP
93	#B79F00	59.64	2010	Nauru	Nauru	EAP
93	#B79F00	60.24	2011	Nauru	Nauru	EAP
93	#B79F00	60.715	2012	Nauru	Nauru	EAP
93	#B79F00	61.231	2013	Nauru	Nauru	EAP
93	#B79F00	61.807	2014	Nauru	Nauru	EAP
93	#B79F00	62.269	2015	Nauru	Nauru	EAP
93	#B79F00	62.702	2016	Nauru	Nauru	EAP
93	#B79F00	62.988	2017	Nauru	Nauru	EAP
93	#B79F00	63.234	2018	Nauru	Nauru	EAP
93	#B79F00	63.484	2019	Nauru	Nauru	EAP
93	#B79F00	63.437	2020	Nauru	Nauru	EAP
93	#B79F00	63.617	2021	Nauru	Nauru	EAP
93	#B79F00	64.014	2022	Nauru	Nauru	EAP
110	#00BFC4	71.362	2005	Saint Kitts and Nevis	Saint Kitts and Nevis	LAC
110	#00BFC4	71.288	2006	Saint Kitts and Nevis	Saint Kitts and Nevis	LAC
110	#00BFC4	71.367	2007	Saint Kitts and Nevis	Saint Kitts and Nevis	LAC
110	#00BFC4	71.374	2008	Saint Kitts and Nevis	Saint Kitts and Nevis	LAC
110	#00BFC4	71.393	2009	Saint Kitts and Nevis	Saint Kitts and Nevis	LAC
110	#00BFC4	71.27	2010	Saint Kitts and Nevis	Saint Kitts and Nevis	LAC
110	#00BFC4	71.538	2011	Saint Kitts and Nevis	Saint Kitts and Nevis	LAC
110	#00BFC4	71.669	2012	Saint Kitts and Nevis	Saint Kitts and Nevis	LAC
110	#00BFC4	71.457	2013	Saint Kitts and Nevis	Saint Kitts and Nevis	LAC
110	#00BFC4	70.966	2014	Saint Kitts and Nevis	Saint Kitts and Nevis	LAC
110	#00BFC4	70.763	2015	Saint Kitts and Nevis	Saint Kitts and Nevis	LAC
110	#00BFC4	71.74	2016	Saint Kitts and Nevis	Saint Kitts and Nevis	LAC
110	#00BFC4	71.84	2017	Saint Kitts and Nevis	Saint Kitts and Nevis	LAC
110	#00BFC4	71.467	2018	Saint Kitts and Nevis	Saint Kitts and Nevis	LAC
110	#00BFC4	71.572	2019	Saint Kitts and Nevis	Saint Kitts and Nevis	LAC
110	#00BFC4	71.627	2020	Saint Kitts and Nevis	Saint Kitts and Nevis	LAC
110	#00BFC4	71.682	2021	Saint Kitts and Nevis	Saint Kitts and Nevis	LAC
110	#00BFC4	72.027	2022	Saint Kitts and Nevis	Saint Kitts and Nevis	LAC
138	#00BA38	66.068	2005	Turkmenistan	Turkmenistan	ECA
138	#00BA38	66.499	2006	Turkmenistan	Turkmenistan	ECA
138	#00BA38	66.895	2007	Turkmenistan	Turkmenistan	ECA
138	#00BA38	67.407	2008	Turkmenistan	Turkmenistan	ECA
138	#00BA38	67.958	2009	Turkmenistan	Turkmenistan	ECA
138	#00BA38	68.293	2010	Turkmenistan	Turkmenistan	ECA
138	#00BA38	68.567	2011	Turkmenistan	Turkmenistan	ECA
138	#00BA38	68.722	2012	Turkmenistan	Turkmenistan	ECA
138	#00BA38	68.74	2013	Turkmenistan	Turkmenistan	ECA
138	#00BA38	68.614	2014	Turkmenistan	Turkmenistan	ECA
138	#00BA38	68.782	2015	Turkmenistan	Turkmenistan	ECA
138	#00BA38	68.777	2016	Turkmenistan	Turkmenistan	ECA
138	#00BA38	68.916	2017	Turkmenistan	Turkmenistan	ECA
138	#00BA38	68.796	2018	Turkmenistan	Turkmenistan	ECA
138	#00BA38	69.002	2019	Turkmenistan	Turkmenistan	ECA
138	#00BA38	68.687	2020	Turkmenistan	Turkmenistan	ECA
138	#00BA38	69.264	2021	Turkmenistan	Turkmenistan	ECA
138	#00BA38	69.41	2022	Turkmenistan	Turkmenistan	ECA
145	#B79F00	69.39	2005	Vanuatu	Vanuatu	EAP
145	#B79F00	69.462	2006	Vanuatu	Vanuatu	EAP
145	#B79F00	69.544	2007	Vanuatu	Vanuatu	EAP
145	#B79F00	69.602	2008	Vanuatu	Vanuatu	EAP
145	#B79F00	69.653	2009	Vanuatu	Vanuatu	EAP
145	#B79F00	69.617	2010	Vanuatu	Vanuatu	EAP
145	#B79F00	69.551	2011	Vanuatu	Vanuatu	EAP
145	#B79F00	69.497	2012	Vanuatu	Vanuatu	EAP
145	#B79F00	69.534	2013	Vanuatu	Vanuatu	EAP
145	#B79F00	69.465	2014	Vanuatu	Vanuatu	EAP
145	#B79F00	69.513	2015	Vanuatu	Vanuatu	EAP
145	#B79F00	69.65	2016	Vanuatu	Vanuatu	EAP
145	#B79F00	69.71	2017	Vanuatu	Vanuatu	EAP
145	#B79F00	69.795	2018	Vanuatu	Vanuatu	EAP
145	#B79F00	69.877	2019	Vanuatu	Vanuatu	EAP
145	#B79F00	70.299	2020	Vanuatu	Vanuatu	EAP
145	#B79F00	70.449	2021	Vanuatu	Vanuatu	EAP
145	#B79F00	70.492	2022	Vanuatu	Vanuatu	EAP
5	#00BFC4	76.131	2007	Antigua and Barbuda	Antigua and Barbuda	LAC
5	#00BFC4	76.41	2008	Antigua and Barbuda	Antigua and Barbuda	LAC
5	#00BFC4	76.669	2009	Antigua and Barbuda	Antigua and Barbuda	LAC
5	#00BFC4	76.82	2010	Antigua and Barbuda	Antigua and Barbuda	LAC
5	#00BFC4	77.104	2011	Antigua and Barbuda	Antigua and Barbuda	LAC
5	#00BFC4	77.35	2012	Antigua and Barbuda	Antigua and Barbuda	LAC
5	#00BFC4	77.583	2013	Antigua and Barbuda	Antigua and Barbuda	LAC
5	#00BFC4	77.858	2014	Antigua and Barbuda	Antigua and Barbuda	LAC
5	#00BFC4	77.913	2015	Antigua and Barbuda	Antigua and Barbuda	LAC
5	#00BFC4	78.152	2016	Antigua and Barbuda	Antigua and Barbuda	LAC
5	#00BFC4	78.268	2017	Antigua and Barbuda	Antigua and Barbuda	LAC
5	#00BFC4	78.511	2018	Antigua and Barbuda	Antigua and Barbuda	LAC
5	#00BFC4	78.691	2019	Antigua and Barbuda	Antigua and Barbuda	LAC
5	#00BFC4	78.841	2020	Antigua and Barbuda	Antigua and Barbuda	LAC
5	#00BFC4	78.497	2021	Antigua and Barbuda	Antigua and Barbuda	LAC
5	#00BFC4	79.236	2022	Antigua and Barbuda	Antigua and Barbuda	LAC
16	#619CFF	68.43	2010	Bhutan	Bhutan	SA
16	#619CFF	68.881	2011	Bhutan	Bhutan	SA
16	#619CFF	69.326	2012	Bhutan	Bhutan	SA
16	#619CFF	69.707	2013	Bhutan	Bhutan	SA
16	#619CFF	70.049	2014	Bhutan	Bhutan	SA
16	#619CFF	70.343	2015	Bhutan	Bhutan	SA
16	#619CFF	70.602	2016	Bhutan	Bhutan	SA
16	#619CFF	70.847	2017	Bhutan	Bhutan	SA
16	#619CFF	71.129	2018	Bhutan	Bhutan	SA
16	#619CFF	71.391	2019	Bhutan	Bhutan	SA
16	#619CFF	71.609	2020	Bhutan	Bhutan	SA
16	#619CFF	71.815	2021	Bhutan	Bhutan	SA
16	#619CFF	72.229	2022	Bhutan	Bhutan	SA
124	#F564E3	54.812	2010	South Sudan	South Sudan	SSA
124	#F564E3	54.94	2011	South Sudan	South Sudan	SSA
124	#F564E3	55.865	2012	South Sudan	South Sudan	SSA
124	#F564E3	55.751	2013	South Sudan	South Sudan	SSA
124	#F564E3	54.973	2014	South Sudan	South Sudan	SSA
124	#F564E3	55.566	2015	South Sudan	South Sudan	SSA
124	#F564E3	55.544	2016	South Sudan	South Sudan	SSA
124	#F564E3	55.309	2017	South Sudan	South Sudan	SSA
124	#F564E3	55.95	2018	South Sudan	South Sudan	SSA
124	#F564E3	55.912	2019	South Sudan	South Sudan	SSA
124	#F564E3	55.48	2020	South Sudan	South Sudan	SSA
124	#F564E3	54.975	2021	South Sudan	South Sudan	SSA
124	#F564E3	55.567	2022	South Sudan	South Sudan	SSA
81	#B79F00	63.256	2011	Marshall Islands	Marshall Islands	EAP
81	#B79F00	63.373	2012	Marshall Islands	Marshall Islands	EAP
81	#B79F00	63.464	2013	Marshall Islands	Marshall Islands	EAP
81	#B79F00	63.623	2014	Marshall Islands	Marshall Islands	EAP
81	#B79F00	63.827	2015	Marshall Islands	Marshall Islands	EAP
81	#B79F00	64.057	2016	Marshall Islands	Marshall Islands	EAP
81	#B79F00	64.27	2017	Marshall Islands	Marshall Islands	EAP
81	#B79F00	64.5	2018	Marshall Islands	Marshall Islands	EAP
81	#B79F00	64.746	2019	Marshall Islands	Marshall Islands	EAP
81	#B79F00	64.977	2020	Marshall Islands	Marshall Islands	EAP
81	#B79F00	65.269	2021	Marshall Islands	Marshall Islands	EAP
81	#B79F00	65.146	2022	Marshall Islands	Marshall Islands	EAP
122	#F8766D	56.107	2022	Somalia	Somalia	AS
