group	colour	y	x	tooltip	clickSelects	showSelected1
1	#619CFF	3115.670448	1990	Afghanistan	Afghanistan	SA
1	#619CFF	2817.304736	1991	Afghanistan	Afghanistan	SA
1	#619CFF	2474.681985	1992	Afghanistan	Afghanistan	SA
1	#619CFF	1723.019763	1993	Afghanistan	Afghanistan	SA
1	#619CFF	1202.010488	1994	Afghanistan	Afghanistan	SA
1	#619CFF	1477.061709	1995	Afghanistan	Afghanistan	SA
1	#619CFF	1468.355839	1996	Afghanistan	Afghanistan	SA
1	#619CFF	1338.724144	1997	Afghanistan	Afghanistan	SA
1	#619CFF	1227.293565	1998	Afghanistan	Afghanistan	SA
1	#619CFF	1122.32257	1999	Afghanistan	Afghanistan	SA
1	#619CFF	1047.342686	2000	Afghanistan	Afghanistan	SA
1	#619CFF	981.1335542	2001	Afghanistan	Afghanistan	SA
1	#619CFF	1364.239872	2002	Afghanistan	Afghanistan	SA
1	#619CFF	1465.417987	2003	Afghanistan	Afghanistan	SA
1	#619CFF	1453.663264	2004	Afghanistan	Afghanistan	SA
1	#619CFF	1508.275616	2005	Afghanistan	Afghanistan	SA
1	#619CFF	1577.870182	2006	Afghanistan	Afghanistan	SA
1	#619CFF	1894.877589	2007	Afghanistan	Afghanistan	SA
1	#619CFF	1838.976743	2008	Afghanistan	Afghanistan	SA
1	#619CFF	1953.65815	2009	Afghanistan	Afghanistan	SA
1	#619CFF	2006.788911	2010	Afghanistan	Afghanistan	SA
1	#619CFF	2059.012272	2011	Afghanistan	Afghanistan	SA
1	#619CFF	2174.350605	2012	Afghanistan	Afghanistan	SA
1	#619CFF	2244.209474	2013	Afghanistan	Afghanistan	SA
1	#619CFF	2222.094339	2014	Afghanistan	Afghanistan	SA
1	#619CFF	2142.689163	2015	Afghanistan	Afghanistan	SA
1	#619CFF	2122.363226	2016	Afghanistan	Afghanistan	SA
1	#619CFF	2123.676477	2017	Afghanistan	Afghanistan	SA
1	#619CFF	2082.113799	2018	Afghanistan	Afghanistan	SA
1	#619CFF	2112.986381	2019	Afghanistan	Afghanistan	SA
1	#619CFF	1986.803772	2020	Afghanistan	Afghanistan	SA
1	#619CFF	1534.135377	2021	Afghanistan	Afghanistan	SA
1	#619CFF	1335.205733	2022	Afghanistan	Afghanistan	SA
2	#00BA38	4964.172443	1990	Albania	Albania	ECA
2	#00BA38	3501.732374	1991	Albania	Albania	ECA
2	#00BA38	3177.137422	1992	Albania	Albania	ECA
2	#00BA38	3595.914885	1993	Albania	Albania	ECA
2	#00BA38	3950.845018	1994	Albania	Albania	ECA
2	#00BA38	4559.593062	1995	Albania	Albania	ECA
2	#00BA38	5016.104303	1996	Albania	Albania	ECA
2	#00BA38	4496.157339	1997	Albania	Albania	ECA
2	#00BA38	4952.589971	1998	Albania	Albania	ECA
2	#00BA38	5595.604803	1999	Albania	Albania	ECA
2	#00BA38	6065.186702	2000	Albania	Albania	ECA
2	#00BA38	6645.338962	2001	Albania	Albania	ECA
2	#00BA38	6920.545333	2002	Albania	Albania	ECA
2	#00BA38	7341.553651	2003	Albania	Albania	ECA
2	#00BA38	7756.637448	2004	Albania	Albania	ECA
2	#00BA38	8197.982293	2005	Albania	Albania	ECA
2	#00BA38	8814.489301	2006	Albania	Albania	ECA
2	#00BA38	9399.455701	2007	Albania	Albania	ECA
2	#00BA38	9962.428183	2008	Albania	Albania	ECA
2	#00BA38	10153.08169	2009	Albania	Albania	ECA
2	#00BA38	10643.04263	2010	Albania	Albania	ECA
2	#00BA38	11056.62958	2011	Albania	Albania	ECA
2	#00BA38	11146.24731	2012	Albania	Albania	ECA
2	#00BA38	11552.96617	2013	Albania	Albania	ECA
2	#00BA38	11691.6318	2014	Albania	Albania	ECA
2	#00BA38	12016.28065	2015	Albania	Albania	ECA
2	#00BA38	12484.60659	2016	Albania	Albania	ECA
2	#00BA38	12802.17594	2017	Albania	Albania	ECA
2	#00BA38	13302.73303	2018	Albania	Albania	ECA
2	#00BA38	13481.9718	2019	Albania	Albania	ECA
2	#00BA38	13069.1277	2020	Albania	Albania	ECA
2	#00BA38	14399.78047	2021	Albania	Albania	ECA
2	#00BA38	15293.32651	2022	Albania	Albania	ECA
3	#F8766D	8592.763017	1990	Algeria	Algeria	AS
3	#F8766D	8177.384759	1991	Algeria	Algeria	AS
3	#F8766D	8208.306614	1992	Algeria	Algeria	AS
3	#F8766D	7917.633629	1993	Algeria	Algeria	AS
3	#F8766D	7651.361892	1994	Algeria	Algeria	AS
3	#F8766D	7737.878323	1995	Algeria	Algeria	AS
3	#F8766D	7902.659495	1996	Algeria	Algeria	AS
3	#F8766D	7901.092981	1997	Algeria	Algeria	AS
3	#F8766D	8215.514922	1998	Algeria	Algeria	AS
3	#F8766D	8327.85387	1999	Algeria	Algeria	AS
3	#F8766D	8459.649799	2000	Algeria	Algeria	AS
3	#F8766D	8724.944875	2001	Algeria	Algeria	AS
3	#F8766D	9026.512358	2002	Algeria	Algeria	AS
3	#F8766D	9551.519199	2003	Algeria	Algeria	AS
3	#F8766D	9773.751115	2004	Algeria	Algeria	AS
3	#F8766D	10106.23758	2005	Algeria	Algeria	AS
3	#F8766D	10198.97388	2006	Algeria	Algeria	AS
3	#F8766D	10619.53215	2007	Algeria	Algeria	AS
3	#F8766D	10744.04508	2008	Algeria	Algeria	AS
3	#F8766D	10708.17326	2009	Algeria	Algeria	AS
3	#F8766D	10955.31455	2010	Algeria	Algeria	AS
3	#F8766D	10980.75981	2011	Algeria	Algeria	AS
3	#F8766D	11103.42939	2012	Algeria	Algeria	AS
3	#F8766D	11118.24878	2013	Algeria	Algeria	AS
3	#F8766D	11289.71929	2014	Algeria	Algeria	AS
3	#F8766D	11475.06575	2015	Algeria	Algeria	AS
3	#F8766D	11768.62267	2016	Algeria	Algeria	AS
3	#F8766D	11633.27212	2017	Algeria	Algeria	AS
3	#F8766D	11438.08358	2018	Algeria	Algeria	AS
3	#F8766D	11353.52181	2019	Algeria	Algeria	AS
3	#F8766D	10634.88398	2020	Algeria	Algeria	AS
3	#F8766D	10823.11813	2021	Algeria	Algeria	AS
3	#F8766D	10978.40571	2022	Algeria	Algeria	AS
6	#00BFC4	13588.67644	1990	Argentina	Argentina	LAC
6	#00BFC4	14790.84536	1991	Argentina	Argentina	LAC
6	#00BFC4	15920.94513	1992	Argentina	Argentina	LAC
6	#00BFC4	17102.54385	1993	Argentina	Argentina	LAC
6	#00BFC4	17828.82733	1994	Argentina	Argentina	LAC
6	#00BFC4	17032.72048	1995	Argentina	Argentina	LAC
6	#00BFC4	17709.57534	1996	Argentina	Argentina	LAC
6	#00BFC4	18899.05591	1997	Argentina	Argentina	LAC
6	#00BFC4	19334.52072	1998	Argentina	Argentina	LAC
6	#00BFC4	18440.33403	1999	Argentina	Argentina	LAC
6	#00BFC4	18080.92481	2000	Argentina	Argentina	LAC
6	#00BFC4	17058.178	2001	Argentina	Argentina	LAC
6	#00BFC4	14647.64818	2002	Argentina	Argentina	LAC
6	#00BFC4	15976.10128	2003	Argentina	Argentina	LAC
6	#00BFC4	15983.82803	2004	Argentina	Argentina	LAC
6	#00BFC4	17191.18749	2005	Argentina	Argentina	LAC
6	#00BFC4	20034.44635	2006	Argentina	Argentina	LAC
6	#00BFC4	21766.02881	2007	Argentina	Argentina	LAC
6	#00BFC4	22448.2236	2008	Argentina	Argentina	LAC
6	#00BFC4	20779.32028	2009	Argentina	Argentina	LAC
6	#00BFC4	22733.14315	2010	Argentina	Argentina	LAC
6	#00BFC4	23942.4341	2011	Argentina	Argentina	LAC
6	#00BFC4	23555.62317	2012	Argentina	Argentina	LAC
6	#00BFC4	23913.50105	2013	Argentina	Argentina	LAC
6	#00BFC4	23086.01735	2014	Argentina	Argentina	LAC
6	#00BFC4	23506.88132	2015	Argentina	Argentina	LAC
6	#00BFC4	22692.46439	2016	Argentina	Argentina	LAC
6	#00BFC4	22994.82645	2017	Argentina	Argentina	LAC
6	#00BFC4	21922.97222	2018	Argentina	Argentina	LAC
6	#00BFC4	21205.4712	2019	Argentina	Argentina	LAC
6	#00BFC4	19183.11525	2020	Argentina	Argentina	LAC
6	#00BFC4	21093.47399	2021	Argentina	Argentina	LAC
6	#00BFC4	22047.97131	2022	Argentina	Argentina	LAC
7	#00BA38	5183.292903	1990	Armenia	Armenia	ECA
7	#00BA38	4489.995708	1991	Armenia	Armenia	ECA
7	#00BA38	2640.652135	1992	Armenia	Armenia	ECA
7	#00BA38	2491.056752	1993	Armenia	Armenia	ECA
7	#00BA38	2679.180791	1994	Armenia	Armenia	ECA
7	#00BA38	2999.253304	1995	Armenia	Armenia	ECA
7	#00BA38	3202.572549	1996	Armenia	Armenia	ECA
7	#00BA38	3444.418605	1997	Armenia	Armenia	ECA
7	#00BA38	3624.935347	1998	Armenia	Armenia	ECA
7	#00BA38	3780.554474	1999	Armenia	Armenia	ECA
7	#00BA38	4047.936378	2000	Armenia	Armenia	ECA
7	#00BA38	4481.334166	2001	Armenia	Armenia	ECA
7	#00BA38	5144.307204	2002	Armenia	Armenia	ECA
7	#00BA38	5902.46103	2003	Armenia	Armenia	ECA
7	#00BA38	6610.487557	2004	Armenia	Armenia	ECA
7	#00BA38	7579.667948	2005	Armenia	Armenia	ECA
7	#00BA38	8681.502959	2006	Armenia	Armenia	ECA
7	#00BA38	10016.91671	2007	Armenia	Armenia	ECA
7	#00BA38	10843.06722	2008	Armenia	Armenia	ECA
7	#00BA38	9186.422728	2009	Armenia	Armenia	ECA
7	#00BA38	9517.273781	2010	Armenia	Armenia	ECA
7	#00BA38	9892.559907	2011	Armenia	Armenia	ECA
7	#00BA38	10718.40027	2012	Armenia	Armenia	ECA
7	#00BA38	11336.71194	2013	Armenia	Armenia	ECA
7	#00BA38	11608.18646	2014	Armenia	Armenia	ECA
7	#00BA38	11966.45645	2015	Armenia	Armenia	ECA
7	#00BA38	11854.25984	2016	Armenia	Armenia	ECA
7	#00BA38	12949.74955	2017	Armenia	Armenia	ECA
7	#00BA38	13459.01813	2018	Armenia	Armenia	ECA
7	#00BA38	14521.83832	2019	Armenia	Armenia	ECA
7	#00BA38	13181.64894	2020	Armenia	Armenia	ECA
7	#00BA38	13813.88142	2021	Armenia	Armenia	ECA
7	#00BA38	15388.29976	2022	Armenia	Armenia	ECA
9	#00BFC4	34032.56457	1990	Bahamas	Bahamas	LAC
9	#00BFC4	31934.95537	1991	Bahamas	Bahamas	LAC
9	#00BFC4	30862.45104	1992	Bahamas	Bahamas	LAC
9	#00BFC4	29916.29929	1993	Bahamas	Bahamas	LAC
9	#00BFC4	30232.33113	1994	Bahamas	Bahamas	LAC
9	#00BFC4	35502.41846	1995	Bahamas	Bahamas	LAC
9	#00BFC4	38757.3737	1996	Bahamas	Bahamas	LAC
9	#00BFC4	33618.32155	1997	Bahamas	Bahamas	LAC
9	#00BFC4	31447.06156	1998	Bahamas	Bahamas	LAC
9	#00BFC4	35181.8708	1999	Bahamas	Bahamas	LAC
9	#00BFC4	36076.12626	2000	Bahamas	Bahamas	LAC
9	#00BFC4	36287.9169	2001	Bahamas	Bahamas	LAC
9	#00BFC4	36841.47622	2002	Bahamas	Bahamas	LAC
9	#00BFC4	36044.25695	2003	Bahamas	Bahamas	LAC
9	#00BFC4	35962.10629	2004	Bahamas	Bahamas	LAC
9	#00BFC4	36554.31412	2005	Bahamas	Bahamas	LAC
9	#00BFC4	36878.42545	2006	Bahamas	Bahamas	LAC
9	#00BFC4	36853.45782	2007	Bahamas	Bahamas	LAC
9	#00BFC4	36036.85528	2008	Bahamas	Bahamas	LAC
9	#00BFC4	33789.6262	2009	Bahamas	Bahamas	LAC
9	#00BFC4	33591.01194	2010	Bahamas	Bahamas	LAC
9	#00BFC4	33388.75251	2011	Bahamas	Bahamas	LAC
9	#00BFC4	33977.48273	2012	Bahamas	Bahamas	LAC
9	#00BFC4	32498.22024	2013	Bahamas	Bahamas	LAC
9	#00BFC4	32521.56195	2014	Bahamas	Bahamas	LAC
9	#00BFC4	32642.82302	2015	Bahamas	Bahamas	LAC
9	#00BFC4	32035.25553	2016	Bahamas	Bahamas	LAC
9	#00BFC4	32753.61997	2017	Bahamas	Bahamas	LAC
9	#00BFC4	32265.5103	2018	Bahamas	Bahamas	LAC
9	#00BFC4	32291.86455	2019	Bahamas	Bahamas	LAC
9	#00BFC4	24649.01825	2020	Bahamas	Bahamas	LAC
9	#00BFC4	28178.29448	2021	Bahamas	Bahamas	LAC
9	#00BFC4	32534.88784	2022	Bahamas	Bahamas	LAC
10	#F8766D	39137.16858	1990	Bahrain	Bahrain	AS
10	#F8766D	38598.50737	1991	Bahrain	Bahrain	AS
10	#F8766D	42416.39005	1992	Bahrain	Bahrain	AS
10	#F8766D	44239.02663	1993	Bahrain	Bahrain	AS
10	#F8766D	41633.74867	1994	Bahrain	Bahrain	AS
10	#F8766D	42316.54989	1995	Bahrain	Bahrain	AS
10	#F8766D	42547.12886	1996	Bahrain	Bahrain	AS
10	#F8766D	40988.27681	1997	Bahrain	Bahrain	AS
10	#F8766D	42114.69975	1998	Bahrain	Bahrain	AS
10	#F8766D	42802.19131	1999	Bahrain	Bahrain	AS
10	#F8766D	45069.75225	2000	Bahrain	Bahrain	AS
10	#F8766D	44596.96124	2001	Bahrain	Bahrain	AS
10	#F8766D	44454.77914	2002	Bahrain	Bahrain	AS
10	#F8766D	45712.943	2003	Bahrain	Bahrain	AS
10	#F8766D	45712.9919	2004	Bahrain	Bahrain	AS
10	#F8766D	45664.45993	2005	Bahrain	Bahrain	AS
10	#F8766D	45300.72249	2006	Bahrain	Bahrain	AS
10	#F8766D	46035.82655	2007	Bahrain	Bahrain	AS
10	#F8766D	44742.87699	2008	Bahrain	Bahrain	AS
10	#F8766D	40494.84868	2009	Bahrain	Bahrain	AS
10	#F8766D	41243.30109	2010	Bahrain	Bahrain	AS
10	#F8766D	39814.25241	2011	Bahrain	Bahrain	AS
10	#F8766D	46027.82681	2012	Bahrain	Bahrain	AS
10	#F8766D	46836.14835	2013	Bahrain	Bahrain	AS
10	#F8766D	46483.23369	2014	Bahrain	Bahrain	AS
10	#F8766D	45765.10722	2015	Bahrain	Bahrain	AS
10	#F8766D	45850.56256	2016	Bahrain	Bahrain	AS
10	#F8766D	46185.09071	2017	Bahrain	Bahrain	AS
10	#F8766D	46224.43292	2018	Bahrain	Bahrain	AS
10	#F8766D	46857.13387	2019	Bahrain	Bahrain	AS
10	#F8766D	44780.53541	2020	Bahrain	Bahrain	AS
10	#F8766D	46757.30276	2021	Bahrain	Bahrain	AS
10	#F8766D	48731.44564	2022	Bahrain	Bahrain	AS
11	#619CFF	1771.688554	1990	Bangladesh	Bangladesh	SA
11	#619CFF	1798.660986	1991	Bangladesh	Bangladesh	SA
11	#619CFF	1866.833172	1992	Bangladesh	Bangladesh	SA
11	#619CFF	1922.69547	1993	Bangladesh	Bangladesh	SA
11	#619CFF	1968.361761	1994	Bangladesh	Bangladesh	SA
11	#619CFF	2028.477204	1995	Bangladesh	Bangladesh	SA
11	#619CFF	2073.218801	1996	Bangladesh	Bangladesh	SA
11	#619CFF	2131.335897	1997	Bangladesh	Bangladesh	SA
11	#619CFF	2200.008762	1998	Bangladesh	Bangladesh	SA
11	#619CFF	2263.311054	1999	Bangladesh	Bangladesh	SA
11	#619CFF	2342.487219	2000	Bangladesh	Bangladesh	SA
11	#619CFF	2410.183801	2001	Bangladesh	Bangladesh	SA
11	#619CFF	2478.738954	2002	Bangladesh	Bangladesh	SA
11	#619CFF	2551.599921	2003	Bangladesh	Bangladesh	SA
11	#619CFF	2650.779756	2004	Bangladesh	Bangladesh	SA
11	#619CFF	2784.390803	2005	Bangladesh	Bangladesh	SA
11	#619CFF	2970.873132	2006	Bangladesh	Bangladesh	SA
11	#619CFF	3169.948155	2007	Bangladesh	Bangladesh	SA
11	#619CFF	3366.654655	2008	Bangladesh	Bangladesh	SA
11	#619CFF	3512.515113	2009	Bangladesh	Bangladesh	SA
11	#619CFF	3673.457097	2010	Bangladesh	Bangladesh	SA
11	#619CFF	3855.485519	2011	Bangladesh	Bangladesh	SA
11	#619CFF	4073.633889	2012	Bangladesh	Bangladesh	SA
11	#619CFF	4247.481847	2013	Bangladesh	Bangladesh	SA
11	#619CFF	4391.712909	2014	Bangladesh	Bangladesh	SA
11	#619CFF	4615.475367	2015	Bangladesh	Bangladesh	SA
11	#619CFF	4804.987596	2016	Bangladesh	Bangladesh	SA
11	#619CFF	4997.565265	2017	Bangladesh	Bangladesh	SA
11	#619CFF	5331.387686	2018	Bangladesh	Bangladesh	SA
11	#619CFF	5689.300542	2019	Bangladesh	Bangladesh	SA
11	#619CFF	5822.800881	2020	Bangladesh	Bangladesh	SA
11	#619CFF	6220.542581	2021	Bangladesh	Bangladesh	SA
11	#619CFF	6511.122178	2022	Bangladesh	Bangladesh	SA
12	#00BFC4	13706.56564	1990	Barbados	Barbados	LAC
12	#00BFC4	13181.2988	1991	Barbados	Barbados	LAC
12	#00BFC4	12260.67319	1992	Barbados	Barbados	LAC
12	#00BFC4	12232.15263	1993	Barbados	Barbados	LAC
12	#00BFC4	12666.26181	1994	Barbados	Barbados	LAC
12	#00BFC4	12832.92603	1995	Barbados	Barbados	LAC
12	#00BFC4	13300.64547	1996	Barbados	Barbados	LAC
12	#00BFC4	13985.25656	1997	Barbados	Barbados	LAC
12	#00BFC4	13517.40992	1998	Barbados	Barbados	LAC
12	#00BFC4	13513.28294	1999	Barbados	Barbados	LAC
12	#00BFC4	15001.52448	2000	Barbados	Barbados	LAC
12	#00BFC4	14540.47	2001	Barbados	Barbados	LAC
12	#00BFC4	14540.30513	2002	Barbados	Barbados	LAC
12	#00BFC4	14855.48379	2003	Barbados	Barbados	LAC
12	#00BFC4	14947.69385	2004	Barbados	Barbados	LAC
12	#00BFC4	15448.4397	2005	Barbados	Barbados	LAC
12	#00BFC4	16011.56998	2006	Barbados	Barbados	LAC
12	#00BFC4	16660.5044	2007	Barbados	Barbados	LAC
12	#00BFC4	16508.26701	2008	Barbados	Barbados	LAC
12	#00BFC4	15749.63089	2009	Barbados	Barbados	LAC
12	#00BFC4	15623.61226	2010	Barbados	Barbados	LAC
12	#00BFC4	14842.24481	2011	Barbados	Barbados	LAC
12	#00BFC4	15166.06931	2012	Barbados	Barbados	LAC
12	#00BFC4	14845.30143	2013	Barbados	Barbados	LAC
12	#00BFC4	14792.04858	2014	Barbados	Barbados	LAC
12	#00BFC4	15077.82008	2015	Barbados	Barbados	LAC
12	#00BFC4	15416.23874	2016	Barbados	Barbados	LAC
12	#00BFC4	15471.38989	2017	Barbados	Barbados	LAC
12	#00BFC4	15219.56441	2018	Barbados	Barbados	LAC
12	#00BFC4	15151.97401	2019	Barbados	Barbados	LAC
12	#00BFC4	13607.0609	2020	Barbados	Barbados	LAC
12	#00BFC4	13484.80353	2021	Barbados	Barbados	LAC
12	#00BFC4	14810.23783	2022	Barbados	Barbados	LAC
14	#00BFC4	6293.162351	1990	Belize	Belize	LAC
14	#00BFC4	6864.326151	1991	Belize	Belize	LAC
14	#00BFC4	7490.385265	1992	Belize	Belize	LAC
14	#00BFC4	7770.092443	1993	Belize	Belize	LAC
14	#00BFC4	7536.229596	1994	Belize	Belize	LAC
14	#00BFC4	7440.956292	1995	Belize	Belize	LAC
14	#00BFC4	7264.537028	1996	Belize	Belize	LAC
14	#00BFC4	7330.748737	1997	Belize	Belize	LAC
14	#00BFC4	7284.130573	1998	Belize	Belize	LAC
14	#00BFC4	7619.149621	1999	Belize	Belize	LAC
14	#00BFC4	8276.974953	2000	Belize	Belize	LAC
14	#00BFC4	8324.982719	2001	Belize	Belize	LAC
14	#00BFC4	8515.889069	2002	Belize	Belize	LAC
14	#00BFC4	8922.238122	2003	Belize	Belize	LAC
14	#00BFC4	8920.40806	2004	Belize	Belize	LAC
14	#00BFC4	8908.249266	2005	Belize	Belize	LAC
14	#00BFC4	9040.535984	2006	Belize	Belize	LAC
14	#00BFC4	8923.739757	2007	Belize	Belize	LAC
14	#00BFC4	8526.531726	2008	Belize	Belize	LAC
14	#00BFC4	8647.544249	2009	Belize	Belize	LAC
14	#00BFC4	8313.384667	2010	Belize	Belize	LAC
14	#00BFC4	8330.018662	2011	Belize	Belize	LAC
14	#00BFC4	8370.261821	2012	Belize	Belize	LAC
14	#00BFC4	8601.869481	2013	Belize	Belize	LAC
14	#00BFC4	8704.042901	2014	Belize	Belize	LAC
14	#00BFC4	9002.695623	2015	Belize	Belize	LAC
14	#00BFC4	8764.863803	2016	Belize	Belize	LAC
14	#00BFC4	8387.754898	2017	Belize	Belize	LAC
14	#00BFC4	8204.448934	2018	Belize	Belize	LAC
14	#00BFC4	8417.43203	2019	Belize	Belize	LAC
14	#00BFC4	7500.307225	2020	Belize	Belize	LAC
14	#00BFC4	8509.834544	2021	Belize	Belize	LAC
14	#00BFC4	9242.082259	2022	Belize	Belize	LAC
15	#F564E3	2068.828449	1990	Benin	Benin	SSA
15	#F564E3	2099.865916	1991	Benin	Benin	SSA
15	#F564E3	2054.547255	1992	Benin	Benin	SSA
15	#F564E3	2118.743621	1993	Benin	Benin	SSA
15	#F564E3	2074.388033	1994	Benin	Benin	SSA
15	#F564E3	2157.891314	1995	Benin	Benin	SSA
15	#F564E3	2195.039706	1996	Benin	Benin	SSA
15	#F564E3	2268.62409	1997	Benin	Benin	SSA
15	#F564E3	2305.352143	1998	Benin	Benin	SSA
15	#F564E3	2360.272215	1999	Benin	Benin	SSA
15	#F564E3	2423.301401	2000	Benin	Benin	SSA
15	#F564E3	2475.681569	2001	Benin	Benin	SSA
15	#F564E3	2507.159202	2002	Benin	Benin	SSA
15	#F564E3	2515.399994	2003	Benin	Benin	SSA
15	#F564E3	2551.159187	2004	Benin	Benin	SSA
15	#F564E3	2522.060101	2005	Benin	Benin	SSA
15	#F564E3	2538.585697	2006	Benin	Benin	SSA
15	#F564E3	2610.204793	2007	Benin	Benin	SSA
15	#F564E3	2670.798814	2008	Benin	Benin	SSA
15	#F564E3	2647.648776	2009	Benin	Benin	SSA
15	#F564E3	2619.711256	2010	Benin	Benin	SSA
15	#F564E3	2630.204323	2011	Benin	Benin	SSA
15	#F564E3	2665.523826	2012	Benin	Benin	SSA
15	#F564E3	2776.709633	2013	Benin	Benin	SSA
15	#F564E3	2870.759776	2014	Benin	Benin	SSA
15	#F564E3	2826.695826	2015	Benin	Benin	SSA
15	#F564E3	2834.298373	2016	Benin	Benin	SSA
15	#F564E3	2901.44509	2017	Benin	Benin	SSA
15	#F564E3	3009.357927	2018	Benin	Benin	SSA
15	#F564E3	3124.691348	2019	Benin	Benin	SSA
15	#F564E3	3153.238346	2020	Benin	Benin	SSA
15	#F564E3	3304.543545	2021	Benin	Benin	SSA
15	#F564E3	3406.072937	2022	Benin	Benin	SSA
17	#00BFC4	4210.133687	1990	Bolivia (Plurinational State of)	Bolivia (Plurinational State of)	LAC
17	#00BFC4	4369.305938	1991	Bolivia (Plurinational State of)	Bolivia (Plurinational State of)	LAC
17	#00BFC4	4402.735354	1992	Bolivia (Plurinational State of)	Bolivia (Plurinational State of)	LAC
17	#00BFC4	4498.276839	1993	Bolivia (Plurinational State of)	Bolivia (Plurinational State of)	LAC
17	#00BFC4	4641.332516	1994	Bolivia (Plurinational State of)	Bolivia (Plurinational State of)	LAC
17	#00BFC4	4764.63554	1995	Bolivia (Plurinational State of)	Bolivia (Plurinational State of)	LAC
17	#00BFC4	4891.651522	1996	Bolivia (Plurinational State of)	Bolivia (Plurinational State of)	LAC
17	#00BFC4	5056.399808	1997	Bolivia (Plurinational State of)	Bolivia (Plurinational State of)	LAC
17	#00BFC4	5244.387245	1998	Bolivia (Plurinational State of)	Bolivia (Plurinational State of)	LAC
17	#00BFC4	5148.785817	1999	Bolivia (Plurinational State of)	Bolivia (Plurinational State of)	LAC
17	#00BFC4	5168.398742	2000	Bolivia (Plurinational State of)	Bolivia (Plurinational State of)	LAC
17	#00BFC4	5167.767416	2001	Bolivia (Plurinational State of)	Bolivia (Plurinational State of)	LAC
17	#00BFC4	5202.962169	2002	Bolivia (Plurinational State of)	Bolivia (Plurinational State of)	LAC
17	#00BFC4	5187.691855	2003	Bolivia (Plurinational State of)	Bolivia (Plurinational State of)	LAC
17	#00BFC4	5269.672724	2004	Bolivia (Plurinational State of)	Bolivia (Plurinational State of)	LAC
17	#00BFC4	5432.848949	2005	Bolivia (Plurinational State of)	Bolivia (Plurinational State of)	LAC
17	#00BFC4	5614.773971	2006	Bolivia (Plurinational State of)	Bolivia (Plurinational State of)	LAC
17	#00BFC4	5755.33879	2007	Bolivia (Plurinational State of)	Bolivia (Plurinational State of)	LAC
17	#00BFC4	6034.141102	2008	Bolivia (Plurinational State of)	Bolivia (Plurinational State of)	LAC
17	#00BFC4	6095.945494	2009	Bolivia (Plurinational State of)	Bolivia (Plurinational State of)	LAC
17	#00BFC4	6184.584537	2010	Bolivia (Plurinational State of)	Bolivia (Plurinational State of)	LAC
17	#00BFC4	6420.557585	2011	Bolivia (Plurinational State of)	Bolivia (Plurinational State of)	LAC
17	#00BFC4	6488.234119	2012	Bolivia (Plurinational State of)	Bolivia (Plurinational State of)	LAC
17	#00BFC4	6807.268054	2013	Bolivia (Plurinational State of)	Bolivia (Plurinational State of)	LAC
17	#00BFC4	7172.4188	2014	Bolivia (Plurinational State of)	Bolivia (Plurinational State of)	LAC
17	#00BFC4	7564.838353	2015	Bolivia (Plurinational State of)	Bolivia (Plurinational State of)	LAC
17	#00BFC4	7891.070557	2016	Bolivia (Plurinational State of)	Bolivia (Plurinational State of)	LAC
17	#00BFC4	8001.017376	2017	Bolivia (Plurinational State of)	Bolivia (Plurinational State of)	LAC
17	#00BFC4	8259.27288	2018	Bolivia (Plurinational State of)	Bolivia (Plurinational State of)	LAC
17	#00BFC4	8353.240651	2019	Bolivia (Plurinational State of)	Bolivia (Plurinational State of)	LAC
17	#00BFC4	7592.079508	2020	Bolivia (Plurinational State of)	Bolivia (Plurinational State of)	LAC
17	#00BFC4	7842.712067	2021	Bolivia (Plurinational State of)	Bolivia (Plurinational State of)	LAC
17	#00BFC4	7987.842247	2022	Bolivia (Plurinational State of)	Bolivia (Plurinational State of)	LAC
19	#F564E3	8945.25068	1990	Botswana	Botswana	SSA
19	#F564E3	9616.017456	1991	Botswana	Botswana	SSA
19	#F564E3	9685.754105	1992	Botswana	Botswana	SSA
19	#F564E3	9867.230002	1993	Botswana	Botswana	SSA
19	#F564E3	9169.908136	1994	Botswana	Botswana	SSA
19	#F564E3	9857.028923	1995	Botswana	Botswana	SSA
19	#F564E3	9833.966032	1996	Botswana	Botswana	SSA
19	#F564E3	10593.58067	1997	Botswana	Botswana	SSA
19	#F564E3	10804.31476	1998	Botswana	Botswana	SSA
19	#F564E3	11018.7782	1999	Botswana	Botswana	SSA
19	#F564E3	10909.68254	2000	Botswana	Botswana	SSA
19	#F564E3	11010.19943	2001	Botswana	Botswana	SSA
19	#F564E3	10678.78811	2002	Botswana	Botswana	SSA
19	#F564E3	11267.13986	2003	Botswana	Botswana	SSA
19	#F564E3	11256.24942	2004	Botswana	Botswana	SSA
19	#F564E3	11696.33028	2005	Botswana	Botswana	SSA
19	#F564E3	12687.61584	2006	Botswana	Botswana	SSA
19	#F564E3	13360.26519	2007	Botswana	Botswana	SSA
19	#F564E3	13318.67583	2008	Botswana	Botswana	SSA
19	#F564E3	11578.69125	2009	Botswana	Botswana	SSA
19	#F564E3	12163.34347	2010	Botswana	Botswana	SSA
19	#F564E3	13102.02839	2011	Botswana	Botswana	SSA
19	#F564E3	13117.66171	2012	Botswana	Botswana	SSA
19	#F564E3	14048.25315	2013	Botswana	Botswana	SSA
19	#F564E3	14333.86058	2014	Botswana	Botswana	SSA
19	#F564E3	13229.50958	2015	Botswana	Botswana	SSA
19	#F564E3	13070.81484	2016	Botswana	Botswana	SSA
19	#F564E3	13397.86059	2017	Botswana	Botswana	SSA
19	#F564E3	13534.68646	2018	Botswana	Botswana	SSA
19	#F564E3	14328.00939	2019	Botswana	Botswana	SSA
19	#F564E3	13261.31862	2020	Botswana	Botswana	SSA
19	#F564E3	14101.88489	2021	Botswana	Botswana	SSA
19	#F564E3	14841.57836	2022	Botswana	Botswana	SSA
20	#00BFC4	10130.85589	1990	Brazil	Brazil	LAC
20	#00BFC4	10100.89968	1991	Brazil	Brazil	LAC
20	#00BFC4	9914.314828	1992	Brazil	Brazil	LAC
20	#00BFC4	10180.02345	1993	Brazil	Brazil	LAC
20	#00BFC4	10454.40246	1994	Brazil	Brazil	LAC
20	#00BFC4	10995.11598	1995	Brazil	Brazil	LAC
20	#00BFC4	11078.18691	1996	Brazil	Brazil	LAC
20	#00BFC4	11249.3889	1997	Brazil	Brazil	LAC
20	#00BFC4	11075.55445	1998	Brazil	Brazil	LAC
20	#00BFC4	10861.1073	1999	Brazil	Brazil	LAC
20	#00BFC4	11209.66683	2000	Brazil	Brazil	LAC
20	#00BFC4	11177.32528	2001	Brazil	Brazil	LAC
20	#00BFC4	11360.43717	2002	Brazil	Brazil	LAC
20	#00BFC4	11374.19849	2003	Brazil	Brazil	LAC
20	#00BFC4	11916.80496	2004	Brazil	Brazil	LAC
20	#00BFC4	12169.84951	2005	Brazil	Brazil	LAC
20	#00BFC4	12561.6787	2006	Brazil	Brazil	LAC
20	#00BFC4	13235.17467	2007	Brazil	Brazil	LAC
20	#00BFC4	13726.16212	2008	Brazil	Brazil	LAC
20	#00BFC4	13611.11891	2009	Brazil	Brazil	LAC
20	#00BFC4	14364.74082	2010	Brazil	Brazil	LAC
20	#00BFC4	14873.19706	2011	Brazil	Brazil	LAC
20	#00BFC4	15036.04477	2012	Brazil	Brazil	LAC
20	#00BFC4	15529.69525	2013	Brazil	Brazil	LAC
20	#00BFC4	15401.04098	2014	Brazil	Brazil	LAC
20	#00BFC4	14730.37505	2015	Brazil	Brazil	LAC
20	#00BFC4	14098.29959	2016	Brazil	Brazil	LAC
20	#00BFC4	14207.19727	2017	Brazil	Brazil	LAC
20	#00BFC4	14212.85808	2018	Brazil	Brazil	LAC
20	#00BFC4	14290.61164	2019	Brazil	Brazil	LAC
20	#00BFC4	13814.60236	2020	Brazil	Brazil	LAC
20	#00BFC4	14342.1	2021	Brazil	Brazil	LAC
20	#00BFC4	14615.89235	2022	Brazil	Brazil	LAC
21	#B79F00	70593.80145	1990	Brunei Darussalam	Brunei Darussalam	EAP
21	#B79F00	70674.39895	1991	Brunei Darussalam	Brunei Darussalam	EAP
21	#B79F00	72020.9326	1992	Brunei Darussalam	Brunei Darussalam	EAP
21	#B79F00	70388.81949	1993	Brunei Darussalam	Brunei Darussalam	EAP
21	#B79F00	70806.75099	1994	Brunei Darussalam	Brunei Darussalam	EAP
21	#B79F00	72206.5452	1995	Brunei Darussalam	Brunei Darussalam	EAP
21	#B79F00	72562.62151	1996	Brunei Darussalam	Brunei Darussalam	EAP
21	#B79F00	69892.92946	1997	Brunei Darussalam	Brunei Darussalam	EAP
21	#B79F00	67996.60117	1998	Brunei Darussalam	Brunei Darussalam	EAP
21	#B79F00	68595.08481	1999	Brunei Darussalam	Brunei Darussalam	EAP
21	#B79F00	69095.87657	2000	Brunei Darussalam	Brunei Darussalam	EAP
21	#B79F00	69570.59079	2001	Brunei Darussalam	Brunei Darussalam	EAP
21	#B79F00	70867.86366	2002	Brunei Darussalam	Brunei Darussalam	EAP
21	#B79F00	71570.0811	2003	Brunei Darussalam	Brunei Darussalam	EAP
21	#B79F00	70650.69095	2004	Brunei Darussalam	Brunei Darussalam	EAP
21	#B79F00	69714.5332	2005	Brunei Darussalam	Brunei Darussalam	EAP
21	#B79F00	71591.28477	2006	Brunei Darussalam	Brunei Darussalam	EAP
21	#B79F00	70932.83005	2007	Brunei Darussalam	Brunei Darussalam	EAP
21	#B79F00	68476.43652	2008	Brunei Darussalam	Brunei Darussalam	EAP
21	#B79F00	66277.66465	2009	Brunei Darussalam	Brunei Darussalam	EAP
21	#B79F00	66217.42487	2010	Brunei Darussalam	Brunei Darussalam	EAP
21	#B79F00	66074.48269	2011	Brunei Darussalam	Brunei Darussalam	EAP
21	#B79F00	66053.56848	2012	Brunei Darussalam	Brunei Darussalam	EAP
21	#B79F00	64910.12812	2013	Brunei Darussalam	Brunei Darussalam	EAP
21	#B79F00	63276.13056	2014	Brunei Darussalam	Brunei Darussalam	EAP
21	#B79F00	65381.40594	2015	Brunei Darussalam	Brunei Darussalam	EAP
21	#B79F00	64097.48666	2016	Brunei Darussalam	Brunei Darussalam	EAP
21	#B79F00	63747.36134	2017	Brunei Darussalam	Brunei Darussalam	EAP
21	#B79F00	60229.51866	2018	Brunei Darussalam	Brunei Darussalam	EAP
21	#B79F00	63269.65924	2019	Brunei Darussalam	Brunei Darussalam	EAP
21	#B79F00	63422.3656	2020	Brunei Darussalam	Brunei Darussalam	EAP
21	#B79F00	60717.05667	2021	Brunei Darussalam	Brunei Darussalam	EAP
21	#B79F00	59245.63485	2022	Brunei Darussalam	Brunei Darussalam	EAP
23	#F564E3	1114.726878	1990	Burundi	Burundi	SSA
23	#F564E3	1162.769569	1991	Burundi	Burundi	SSA
23	#F564E3	1149.78945	1992	Burundi	Burundi	SSA
23	#F564E3	1107.490065	1993	Burundi	Burundi	SSA
23	#F564E3	1065.349796	1994	Burundi	Burundi	SSA
23	#F564E3	932.6173662	1995	Burundi	Burundi	SSA
23	#F564E3	849.5595576	1996	Burundi	Burundi	SSA
23	#F564E3	856.479383	1997	Burundi	Burundi	SSA
23	#F564E3	883.9014923	1998	Burundi	Burundi	SSA
23	#F564E3	850.4489808	1999	Burundi	Burundi	SSA
23	#F564E3	850.1308118	2000	Burundi	Burundi	SSA
23	#F564E3	822.6957005	2001	Burundi	Burundi	SSA
23	#F564E3	833.5666126	2002	Burundi	Burundi	SSA
23	#F564E3	793.26924	2003	Burundi	Burundi	SSA
23	#F564E3	795.6265511	2004	Burundi	Burundi	SSA
23	#F564E3	783.3718757	2005	Burundi	Burundi	SSA
23	#F564E3	803.9782094	2006	Burundi	Burundi	SSA
23	#F564E3	803.8521635	2007	Burundi	Burundi	SSA
23	#F564E3	810.3300636	2008	Burundi	Burundi	SSA
23	#F564E3	794.0373254	2009	Burundi	Burundi	SSA
23	#F564E3	799.8836871	2010	Burundi	Burundi	SSA
23	#F564E3	801.2799466	2011	Burundi	Burundi	SSA
23	#F564E3	811.9726884	2012	Burundi	Burundi	SSA
23	#F564E3	825.1565347	2013	Burundi	Burundi	SSA
23	#F564E3	828.9053955	2014	Burundi	Burundi	SSA
23	#F564E3	781.6238052	2015	Burundi	Burundi	SSA
23	#F564E3	763.8625981	2016	Burundi	Burundi	SSA
23	#F564E3	751.1939755	2017	Burundi	Burundi	SSA
23	#F564E3	742.1792364	2018	Burundi	Burundi	SSA
23	#F564E3	732.0425962	2019	Burundi	Burundi	SSA
23	#F564E3	715.9823911	2020	Burundi	Burundi	SSA
23	#F564E3	716.4907921	2021	Burundi	Burundi	SSA
23	#F564E3	712.0260007	2022	Burundi	Burundi	SSA
25	#B79F00	1013.44038	1990	Cambodia	Cambodia	EAP
25	#B79F00	1043.226312	1991	Cambodia	Cambodia	EAP
25	#B79F00	1067.800294	1992	Cambodia	Cambodia	EAP
25	#B79F00	1064.974439	1993	Cambodia	Cambodia	EAP
25	#B79F00	1070.465939	1994	Cambodia	Cambodia	EAP
25	#B79F00	1140.746943	1995	Cambodia	Cambodia	EAP
25	#B79F00	1171.362825	1996	Cambodia	Cambodia	EAP
25	#B79F00	1207.284928	1997	Cambodia	Cambodia	EAP
25	#B79F00	1230.644695	1998	Cambodia	Cambodia	EAP
25	#B79F00	1346.119054	1999	Cambodia	Cambodia	EAP
25	#B79F00	1446.761838	2000	Cambodia	Cambodia	EAP
25	#B79F00	1532.826941	2001	Cambodia	Cambodia	EAP
25	#B79F00	1590.691057	2002	Cambodia	Cambodia	EAP
25	#B79F00	1705.644209	2003	Cambodia	Cambodia	EAP
25	#B79F00	1844.68319	2004	Cambodia	Cambodia	EAP
25	#B79F00	2040.3348	2005	Cambodia	Cambodia	EAP
25	#B79F00	2224.942847	2006	Cambodia	Cambodia	EAP
25	#B79F00	2425.496482	2007	Cambodia	Cambodia	EAP
25	#B79F00	2527.830797	2008	Cambodia	Cambodia	EAP
25	#B79F00	2483.750246	2009	Cambodia	Cambodia	EAP
25	#B79F00	2619.522589	2010	Cambodia	Cambodia	EAP
25	#B79F00	2742.898871	2011	Cambodia	Cambodia	EAP
25	#B79F00	2876.206767	2012	Cambodia	Cambodia	EAP
25	#B79F00	3022.219829	2013	Cambodia	Cambodia	EAP
25	#B79F00	3192.491068	2014	Cambodia	Cambodia	EAP
25	#B79F00	3370.685796	2015	Cambodia	Cambodia	EAP
25	#B79F00	3565.858072	2016	Cambodia	Cambodia	EAP
25	#B79F00	3768.480773	2017	Cambodia	Cambodia	EAP
25	#B79F00	3979.335216	2018	Cambodia	Cambodia	EAP
25	#B79F00	4187.775988	2019	Cambodia	Cambodia	EAP
25	#B79F00	4101.153172	2020	Cambodia	Cambodia	EAP
25	#B79F00	4124.445747	2021	Cambodia	Cambodia	EAP
25	#B79F00	4291.113168	2022	Cambodia	Cambodia	EAP
26	#F564E3	3362.222816	1990	Cameroon	Cameroon	SSA
26	#F564E3	3079.656349	1991	Cameroon	Cameroon	SSA
26	#F564E3	2930.428651	1992	Cameroon	Cameroon	SSA
26	#F564E3	2629.803657	1993	Cameroon	Cameroon	SSA
26	#F564E3	2585.755977	1994	Cameroon	Cameroon	SSA
26	#F564E3	2583.612086	1995	Cameroon	Cameroon	SSA
26	#F564E3	2618.518759	1996	Cameroon	Cameroon	SSA
26	#F564E3	2658.635054	1997	Cameroon	Cameroon	SSA
26	#F564E3	2741.775891	1998	Cameroon	Cameroon	SSA
26	#F564E3	2799.801396	1999	Cameroon	Cameroon	SSA
26	#F564E3	2778.869194	2000	Cameroon	Cameroon	SSA
26	#F564E3	2806.071824	2001	Cameroon	Cameroon	SSA
26	#F564E3	2883.257535	2002	Cameroon	Cameroon	SSA
26	#F564E3	3020.432565	2003	Cameroon	Cameroon	SSA
26	#F564E3	3180.440666	2004	Cameroon	Cameroon	SSA
26	#F564E3	3150.784011	2005	Cameroon	Cameroon	SSA
26	#F564E3	3223.57242	2006	Cameroon	Cameroon	SSA
26	#F564E3	3242.909535	2007	Cameroon	Cameroon	SSA
26	#F564E3	3261.031221	2008	Cameroon	Cameroon	SSA
26	#F564E3	3285.454823	2009	Cameroon	Cameroon	SSA
26	#F564E3	3267.73722	2010	Cameroon	Cameroon	SSA
26	#F564E3	3282.844317	2011	Cameroon	Cameroon	SSA
26	#F564E3	3322.769684	2012	Cameroon	Cameroon	SSA
26	#F564E3	3378.477432	2013	Cameroon	Cameroon	SSA
26	#F564E3	3502.030877	2014	Cameroon	Cameroon	SSA
26	#F564E3	3566.030651	2015	Cameroon	Cameroon	SSA
26	#F564E3	3606.865459	2016	Cameroon	Cameroon	SSA
26	#F564E3	3623.474405	2017	Cameroon	Cameroon	SSA
26	#F564E3	3663.001957	2018	Cameroon	Cameroon	SSA
26	#F564E3	3675.295147	2019	Cameroon	Cameroon	SSA
26	#F564E3	3581.920676	2020	Cameroon	Cameroon	SSA
26	#F564E3	3473.286903	2021	Cameroon	Cameroon	SSA
26	#F564E3	3681.469988	2022	Cameroon	Cameroon	SSA
27	#F564E3	1299.64873	1990	Central African Republic	Central African Republic	SSA
27	#F564E3	1279.689299	1991	Central African Republic	Central African Republic	SSA
27	#F564E3	1224.029174	1992	Central African Republic	Central African Republic	SSA
27	#F564E3	1176.919719	1993	Central African Republic	Central African Republic	SSA
27	#F564E3	1187.592907	1994	Central African Republic	Central African Republic	SSA
27	#F564E3	1221.907209	1995	Central African Republic	Central African Republic	SSA
27	#F564E3	1098.157056	1996	Central African Republic	Central African Republic	SSA
27	#F564E3	1138.177943	1997	Central African Republic	Central African Republic	SSA
27	#F564E3	1154.625281	1998	Central African Republic	Central African Republic	SSA
27	#F564E3	1203.23173	1999	Central African Republic	Central African Republic	SSA
27	#F564E3	1185.110741	2000	Central African Republic	Central African Republic	SSA
27	#F564E3	1172.997596	2001	Central African Republic	Central African Republic	SSA
27	#F564E3	1139.302459	2002	Central African Republic	Central African Republic	SSA
27	#F564E3	1040.439438	2003	Central African Republic	Central African Republic	SSA
27	#F564E3	1036.926236	2004	Central African Republic	Central African Republic	SSA
27	#F564E3	1043.743883	2005	Central African Republic	Central African Republic	SSA
27	#F564E3	1026.699848	2006	Central African Republic	Central African Republic	SSA
27	#F564E3	1055.507903	2007	Central African Republic	Central African Republic	SSA
27	#F564E3	1094.313874	2008	Central African Republic	Central African Republic	SSA
27	#F564E3	1110.788224	2009	Central African Republic	Central African Republic	SSA
27	#F564E3	1146.736919	2010	Central African Republic	Central African Republic	SSA
27	#F564E3	1175.827953	2011	Central African Republic	Central African Republic	SSA
27	#F564E3	1224.833041	2012	Central African Republic	Central African Republic	SSA
27	#F564E3	777.1837581	2013	Central African Republic	Central African Republic	SSA
27	#F564E3	779.2321578	2014	Central African Republic	Central African Republic	SSA
27	#F564E3	810.9579876	2015	Central African Republic	Central African Republic	SSA
27	#F564E3	835.5899329	2016	Central African Republic	Central African Republic	SSA
27	#F564E3	882.3773803	2017	Central African Republic	Central African Republic	SSA
27	#F564E3	924.1299643	2018	Central African Republic	Central African Republic	SSA
27	#F564E3	930.6433366	2019	Central African Republic	Central African Republic	SSA
27	#F564E3	900.8032793	2020	Central African Republic	Central African Republic	SSA
27	#F564E3	900.4155606	2021	Central African Republic	Central African Republic	SSA
27	#F564E3	869.11237	2022	Central African Republic	Central African Republic	SSA
29	#00BFC4	9302.786094	1990	Chile	Chile	LAC
29	#00BFC4	9876.861493	1991	Chile	Chile	LAC
29	#00BFC4	10895.25699	1992	Chile	Chile	LAC
29	#00BFC4	11503.52562	1993	Chile	Chile	LAC
29	#00BFC4	11786.4719	1994	Chile	Chile	LAC
29	#00BFC4	12708.47824	1995	Chile	Chile	LAC
29	#00BFC4	13461.31832	1996	Chile	Chile	LAC
29	#00BFC4	14285.47084	1997	Chile	Chile	LAC
29	#00BFC4	14800.68814	1998	Chile	Chile	LAC
29	#00BFC4	14505.38661	1999	Chile	Chile	LAC
29	#00BFC4	14965.909	2000	Chile	Chile	LAC
29	#00BFC4	15298.65217	2001	Chile	Chile	LAC
29	#00BFC4	15542.03015	2002	Chile	Chile	LAC
29	#00BFC4	15918.80923	2003	Chile	Chile	LAC
29	#00BFC4	16392.18254	2004	Chile	Chile	LAC
29	#00BFC4	17046.35547	2005	Chile	Chile	LAC
29	#00BFC4	17211.43564	2006	Chile	Chile	LAC
29	#00BFC4	18080.78929	2007	Chile	Chile	LAC
29	#00BFC4	19131.06769	2008	Chile	Chile	LAC
29	#00BFC4	18917.49378	2009	Chile	Chile	LAC
29	#00BFC4	19825.32272	2010	Chile	Chile	LAC
29	#00BFC4	20340.00784	2011	Chile	Chile	LAC
29	#00BFC4	22185.81902	2012	Chile	Chile	LAC
29	#00BFC4	22956.33749	2013	Chile	Chile	LAC
29	#00BFC4	23148.29938	2014	Chile	Chile	LAC
29	#00BFC4	23886.42804	2015	Chile	Chile	LAC
29	#00BFC4	23933.09899	2016	Chile	Chile	LAC
29	#00BFC4	23592.6732	2017	Chile	Chile	LAC
29	#00BFC4	24051.74655	2018	Chile	Chile	LAC
29	#00BFC4	23892.70513	2019	Chile	Chile	LAC
29	#00BFC4	21509.35879	2020	Chile	Chile	LAC
29	#00BFC4	23852.84341	2021	Chile	Chile	LAC
29	#00BFC4	24430.99593	2022	Chile	Chile	LAC
30	#B79F00	1425.257315	1990	China	China	EAP
30	#B79F00	1533.782148	1991	China	China	EAP
30	#B79F00	1729.802757	1992	China	China	EAP
30	#B79F00	1945.10019	1993	China	China	EAP
30	#B79F00	2178.377089	1994	China	China	EAP
30	#B79F00	2361.387409	1995	China	China	EAP
30	#B79F00	2571.202181	1996	China	China	EAP
30	#B79F00	2786.750799	1997	China	China	EAP
30	#B79F00	2964.656868	1998	China	China	EAP
30	#B79F00	3171.528369	1999	China	China	EAP
30	#B79F00	3416.481283	2000	China	China	EAP
30	#B79F00	3666.403293	2001	China	China	EAP
30	#B79F00	3988.393541	2002	China	China	EAP
30	#B79F00	4376.641403	2003	China	China	EAP
30	#B79F00	4805.650617	2004	China	China	EAP
30	#B79F00	5299.359222	2005	China	China	EAP
30	#B79F00	5969.087855	2006	China	China	EAP
30	#B79F00	6810.158179	2007	China	China	EAP
30	#B79F00	7457.823582	2008	China	China	EAP
30	#B79F00	8056.028397	2009	China	China	EAP
30	#B79F00	8846.375168	2010	China	China	EAP
30	#B79F00	9589.871626	2011	China	China	EAP
30	#B79F00	10346.76811	2012	China	China	EAP
30	#B79F00	11012.3724	2013	China	China	EAP
30	#B79F00	11866.35342	2014	China	China	EAP
30	#B79F00	12552.18456	2015	China	China	EAP
30	#B79F00	13332.38578	2016	China	China	EAP
30	#B79F00	14224.86876	2017	China	China	EAP
30	#B79F00	15067.74311	2018	China	China	EAP
30	#B79F00	15933.62146	2019	China	China	EAP
30	#B79F00	16167.83072	2020	China	China	EAP
30	#B79F00	17499.16075	2021	China	China	EAP
30	#B79F00	18024.88747	2022	China	China	EAP
31	#00BFC4	8054.813305	1990	Colombia	Colombia	LAC
31	#00BFC4	8094.480599	1991	Colombia	Colombia	LAC
31	#00BFC4	8290.867446	1992	Colombia	Colombia	LAC
31	#00BFC4	8643.444566	1993	Colombia	Colombia	LAC
31	#00BFC4	9058.024654	1994	Colombia	Colombia	LAC
31	#00BFC4	9359.493056	1995	Colombia	Colombia	LAC
31	#00BFC4	9341.902594	1996	Colombia	Colombia	LAC
31	#00BFC4	9485.167725	1997	Colombia	Colombia	LAC
31	#00BFC4	9421.122491	1998	Colombia	Colombia	LAC
31	#00BFC4	8887.309223	1999	Colombia	Colombia	LAC
31	#00BFC4	8951.095656	2000	Colombia	Colombia	LAC
31	#00BFC4	8935.03927	2001	Colombia	Colombia	LAC
31	#00BFC4	9000.437442	2002	Colombia	Colombia	LAC
31	#00BFC4	9150.525656	2003	Colombia	Colombia	LAC
31	#00BFC4	9493.243988	2004	Colombia	Colombia	LAC
31	#00BFC4	9905.979478	2005	Colombia	Colombia	LAC
31	#00BFC4	10423.06308	2006	Colombia	Colombia	LAC
31	#00BFC4	10938.93351	2007	Colombia	Colombia	LAC
31	#00BFC4	11113.6822	2008	Colombia	Colombia	LAC
31	#00BFC4	11169.2851	2009	Colombia	Colombia	LAC
31	#00BFC4	11472.10244	2010	Colombia	Colombia	LAC
31	#00BFC4	12027.97526	2011	Colombia	Colombia	LAC
31	#00BFC4	12421.56175	2012	Colombia	Colombia	LAC
31	#00BFC4	12981.46723	2013	Colombia	Colombia	LAC
31	#00BFC4	13531.03522	2014	Colombia	Colombia	LAC
31	#00BFC4	14032.54315	2015	Colombia	Colombia	LAC
31	#00BFC4	14202.42229	2016	Colombia	Colombia	LAC
31	#00BFC4	14089.49252	2017	Colombia	Colombia	LAC
31	#00BFC4	14064.30242	2018	Colombia	Colombia	LAC
31	#00BFC4	14293.69558	2019	Colombia	Colombia	LAC
31	#00BFC4	13219.78107	2020	Colombia	Colombia	LAC
31	#00BFC4	14402.64416	2021	Colombia	Colombia	LAC
31	#00BFC4	15013.92724	2022	Colombia	Colombia	LAC
33	#F564E3	4320.851334	1990	Congo	Congo	SSA
33	#F564E3	4352.372496	1991	Congo	Congo	SSA
33	#F564E3	4455.562336	1992	Congo	Congo	SSA
33	#F564E3	4077.458565	1993	Congo	Congo	SSA
33	#F564E3	3849.832269	1994	Congo	Congo	SSA
33	#F564E3	3129.988983	1995	Congo	Congo	SSA
33	#F564E3	3159.914076	1996	Congo	Congo	SSA
33	#F564E3	3470.752858	1997	Congo	Congo	SSA
33	#F564E3	3822.195546	1998	Congo	Congo	SSA
33	#F564E3	3200.889389	1999	Congo	Congo	SSA
33	#F564E3	2970.375681	2000	Congo	Congo	SSA
33	#F564E3	3195.031651	2001	Congo	Congo	SSA
33	#F564E3	3269.927531	2002	Congo	Congo	SSA
33	#F564E3	3175.255182	2003	Congo	Congo	SSA
33	#F564E3	3019.128267	2004	Congo	Congo	SSA
33	#F564E3	3387.866765	2005	Congo	Congo	SSA
33	#F564E3	3947.843277	2006	Congo	Congo	SSA
33	#F564E3	3559.497543	2007	Congo	Congo	SSA
33	#F564E3	3725.990047	2008	Congo	Congo	SSA
33	#F564E3	4323.090428	2009	Congo	Congo	SSA
33	#F564E3	4464.773481	2010	Congo	Congo	SSA
33	#F564E3	4290.964875	2011	Congo	Congo	SSA
33	#F564E3	4835.445078	2012	Congo	Congo	SSA
33	#F564E3	4861.756348	2013	Congo	Congo	SSA
33	#F564E3	5275.769808	2014	Congo	Congo	SSA
33	#F564E3	4871.462082	2015	Congo	Congo	SSA
33	#F564E3	4133.78651	2016	Congo	Congo	SSA
33	#F564E3	3501.636816	2017	Congo	Congo	SSA
33	#F564E3	3474.033423	2018	Congo	Congo	SSA
33	#F564E3	3230.177098	2019	Congo	Congo	SSA
33	#F564E3	2947.117055	2020	Congo	Congo	SSA
33	#F564E3	3038.124886	2021	Congo	Congo	SSA
33	#F564E3	2902.808037	2022	Congo	Congo	SSA
34	#F564E3	1633.639887	1990	Congo (Democratic Republic of the)	Congo (Democratic Republic of the)	SSA
34	#F564E3	1448.403465	1991	Congo (Democratic Republic of the)	Congo (Democratic Republic of the)	SSA
34	#F564E3	1253.664528	1992	Congo (Democratic Republic of the)	Congo (Democratic Republic of the)	SSA
34	#F564E3	1080.65848	1993	Congo (Democratic Republic of the)	Congo (Democratic Republic of the)	SSA
34	#F564E3	928.2228098	1994	Congo (Democratic Republic of the)	Congo (Democratic Republic of the)	SSA
34	#F564E3	877.4273298	1995	Congo (Democratic Republic of the)	Congo (Democratic Republic of the)	SSA
34	#F564E3	922.3916858	1996	Congo (Democratic Republic of the)	Congo (Democratic Republic of the)	SSA
34	#F564E3	852.4033573	1997	Congo (Democratic Republic of the)	Congo (Democratic Republic of the)	SSA
34	#F564E3	823.6099221	1998	Congo (Democratic Republic of the)	Congo (Democratic Republic of the)	SSA
34	#F564E3	739.5545061	1999	Congo (Democratic Republic of the)	Congo (Democratic Republic of the)	SSA
34	#F564E3	719.0529603	2000	Congo (Democratic Republic of the)	Congo (Democratic Republic of the)	SSA
34	#F564E3	662.0357196	2001	Congo (Democratic Republic of the)	Congo (Democratic Republic of the)	SSA
34	#F564E3	672.7434858	2002	Congo (Democratic Republic of the)	Congo (Democratic Republic of the)	SSA
34	#F564E3	694.872022	2003	Congo (Democratic Republic of the)	Congo (Democratic Republic of the)	SSA
34	#F564E3	716.4190545	2004	Congo (Democratic Republic of the)	Congo (Democratic Republic of the)	SSA
34	#F564E3	727.5172759	2005	Congo (Democratic Republic of the)	Congo (Democratic Republic of the)	SSA
34	#F564E3	749.8035581	2006	Congo (Democratic Republic of the)	Congo (Democratic Republic of the)	SSA
34	#F564E3	765.9446061	2007	Congo (Democratic Republic of the)	Congo (Democratic Republic of the)	SSA
34	#F564E3	766.6702174	2008	Congo (Democratic Republic of the)	Congo (Democratic Republic of the)	SSA
34	#F564E3	782.8943254	2009	Congo (Democratic Republic of the)	Congo (Democratic Republic of the)	SSA
34	#F564E3	809.7331854	2010	Congo (Democratic Republic of the)	Congo (Democratic Republic of the)	SSA
34	#F564E3	826.8531901	2011	Congo (Democratic Republic of the)	Congo (Democratic Republic of the)	SSA
34	#F564E3	848.942355	2012	Congo (Democratic Republic of the)	Congo (Democratic Republic of the)	SSA
34	#F564E3	853.07681	2013	Congo (Democratic Republic of the)	Congo (Democratic Republic of the)	SSA
34	#F564E3	906.9124994	2014	Congo (Democratic Republic of the)	Congo (Democratic Republic of the)	SSA
34	#F564E3	953.8092882	2015	Congo (Democratic Republic of the)	Congo (Democratic Republic of the)	SSA
34	#F564E3	1005.01751	2016	Congo (Democratic Republic of the)	Congo (Democratic Republic of the)	SSA
34	#F564E3	994.636615	2017	Congo (Democratic Republic of the)	Congo (Democratic Republic of the)	SSA
34	#F564E3	1006.872209	2018	Congo (Democratic Republic of the)	Congo (Democratic Republic of the)	SSA
34	#F564E3	998.122451	2019	Congo (Democratic Republic of the)	Congo (Democratic Republic of the)	SSA
34	#F564E3	1016.936704	2020	Congo (Democratic Republic of the)	Congo (Democratic Republic of the)	SSA
34	#F564E3	1023.863411	2021	Congo (Democratic Republic of the)	Congo (Democratic Republic of the)	SSA
34	#F564E3	1080.138308	2022	Congo (Democratic Republic of the)	Congo (Democratic Republic of the)	SSA
35	#00BFC4	9381.0255	1990	Costa Rica	Costa Rica	LAC
35	#00BFC4	9537.263146	1991	Costa Rica	Costa Rica	LAC
35	#00BFC4	10179.63677	1992	Costa Rica	Costa Rica	LAC
35	#00BFC4	10650.85026	1993	Costa Rica	Costa Rica	LAC
35	#00BFC4	11003.08651	1994	Costa Rica	Costa Rica	LAC
35	#00BFC4	11144.96184	1995	Costa Rica	Costa Rica	LAC
35	#00BFC4	11087.58534	1996	Costa Rica	Costa Rica	LAC
35	#00BFC4	11424.99402	1997	Costa Rica	Costa Rica	LAC
35	#00BFC4	11853.95147	1998	Costa Rica	Costa Rica	LAC
35	#00BFC4	11895.06534	1999	Costa Rica	Costa Rica	LAC
35	#00BFC4	12000.36025	2000	Costa Rica	Costa Rica	LAC
35	#00BFC4	12190.95763	2001	Costa Rica	Costa Rica	LAC
35	#00BFC4	12399.23685	2002	Costa Rica	Costa Rica	LAC
35	#00BFC4	12731.34148	2003	Costa Rica	Costa Rica	LAC
35	#00BFC4	13150.87934	2004	Costa Rica	Costa Rica	LAC
35	#00BFC4	13543.77642	2005	Costa Rica	Costa Rica	LAC
35	#00BFC4	14454.02198	2006	Costa Rica	Costa Rica	LAC
35	#00BFC4	15479.90009	2007	Costa Rica	Costa Rica	LAC
35	#00BFC4	16094.49154	2008	Costa Rica	Costa Rica	LAC
35	#00BFC4	15528.73779	2009	Costa Rica	Costa Rica	LAC
35	#00BFC4	16160.57354	2010	Costa Rica	Costa Rica	LAC
35	#00BFC4	16639.75824	2011	Costa Rica	Costa Rica	LAC
35	#00BFC4	17279.65217	2012	Costa Rica	Costa Rica	LAC
35	#00BFC4	17417.48018	2013	Costa Rica	Costa Rica	LAC
35	#00BFC4	17749.45381	2014	Costa Rica	Costa Rica	LAC
35	#00BFC4	18160.93969	2015	Costa Rica	Costa Rica	LAC
35	#00BFC4	18735.0019	2016	Costa Rica	Costa Rica	LAC
35	#00BFC4	19114.77105	2017	Costa Rica	Costa Rica	LAC
35	#00BFC4	19411.1913	2018	Costa Rica	Costa Rica	LAC
35	#00BFC4	19584.57771	2019	Costa Rica	Costa Rica	LAC
35	#00BFC4	18631.60779	2020	Costa Rica	Costa Rica	LAC
35	#00BFC4	19913.07739	2021	Costa Rica	Costa Rica	LAC
35	#00BFC4	20248.38031	2022	Costa Rica	Costa Rica	LAC
36	#F564E3	2861.19546	1990	Côte d'Ivoire	Côte d'Ivoire	SSA
36	#F564E3	2722.826283	1991	Côte d'Ivoire	Côte d'Ivoire	SSA
36	#F564E3	2654.233463	1992	Côte d'Ivoire	Côte d'Ivoire	SSA
36	#F564E3	2588.694654	1993	Côte d'Ivoire	Côte d'Ivoire	SSA
36	#F564E3	2599.924258	1994	Côte d'Ivoire	Côte d'Ivoire	SSA
36	#F564E3	2698.968844	1995	Côte d'Ivoire	Côte d'Ivoire	SSA
36	#F564E3	2738.937062	1996	Côte d'Ivoire	Côte d'Ivoire	SSA
36	#F564E3	2894.091253	1997	Côte d'Ivoire	Côte d'Ivoire	SSA
36	#F564E3	2946.790144	1998	Côte d'Ivoire	Côte d'Ivoire	SSA
36	#F564E3	2847.48535	1999	Côte d'Ivoire	Côte d'Ivoire	SSA
36	#F564E3	2777.411129	2000	Côte d'Ivoire	Côte d'Ivoire	SSA
36	#F564E3	2721.813638	2001	Côte d'Ivoire	Côte d'Ivoire	SSA
36	#F564E3	2613.705314	2002	Côte d'Ivoire	Côte d'Ivoire	SSA
36	#F564E3	2537.635992	2003	Côte d'Ivoire	Côte d'Ivoire	SSA
36	#F564E3	2519.287947	2004	Côte d'Ivoire	Côte d'Ivoire	SSA
36	#F564E3	2505.537046	2005	Côte d'Ivoire	Côte d'Ivoire	SSA
36	#F564E3	2486.21921	2006	Côte d'Ivoire	Côte d'Ivoire	SSA
36	#F564E3	2476.523601	2007	Côte d'Ivoire	Côte d'Ivoire	SSA
36	#F564E3	2492.569279	2008	Côte d'Ivoire	Côte d'Ivoire	SSA
36	#F564E3	2562.097626	2009	Côte d'Ivoire	Côte d'Ivoire	SSA
36	#F564E3	2670.426555	2010	Côte d'Ivoire	Côte d'Ivoire	SSA
36	#F564E3	2483.812121	2011	Côte d'Ivoire	Côte d'Ivoire	SSA
36	#F564E3	2654.962055	2012	Côte d'Ivoire	Côte d'Ivoire	SSA
36	#F564E3	2841.451299	2013	Côte d'Ivoire	Côte d'Ivoire	SSA
36	#F564E3	4155.854098	2014	Côte d'Ivoire	Côte d'Ivoire	SSA
36	#F564E3	4325.225334	2015	Côte d'Ivoire	Côte d'Ivoire	SSA
36	#F564E3	4515.507616	2016	Côte d'Ivoire	Côte d'Ivoire	SSA
36	#F564E3	4694.303658	2017	Côte d'Ivoire	Côte d'Ivoire	SSA
36	#F564E3	4806.422905	2018	Côte d'Ivoire	Côte d'Ivoire	SSA
36	#F564E3	4990.608151	2019	Côte d'Ivoire	Côte d'Ivoire	SSA
36	#F564E3	4938.491925	2020	Côte d'Ivoire	Côte d'Ivoire	SSA
36	#F564E3	5156.435765	2021	Côte d'Ivoire	Côte d'Ivoire	SSA
36	#F564E3	5376.396062	2022	Côte d'Ivoire	Côte d'Ivoire	SSA
37	#00BFC4	5254.767284	1990	Cuba	Cuba	LAC
37	#00BFC4	4667.303907	1991	Cuba	Cuba	LAC
37	#00BFC4	4116.573864	1992	Cuba	Cuba	LAC
37	#00BFC4	3483.09519	1993	Cuba	Cuba	LAC
37	#00BFC4	3491.729852	1994	Cuba	Cuba	LAC
37	#00BFC4	3541.308523	1995	Cuba	Cuba	LAC
37	#00BFC4	3816.200957	1996	Cuba	Cuba	LAC
37	#00BFC4	3912.348403	1997	Cuba	Cuba	LAC
37	#00BFC4	3912.233281	1998	Cuba	Cuba	LAC
37	#00BFC4	4137.826531	1999	Cuba	Cuba	LAC
37	#00BFC4	4358.602934	2000	Cuba	Cuba	LAC
37	#00BFC4	4504.573989	2001	Cuba	Cuba	LAC
37	#00BFC4	4559.6451	2002	Cuba	Cuba	LAC
37	#00BFC4	4717.900087	2003	Cuba	Cuba	LAC
37	#00BFC4	4971.458978	2004	Cuba	Cuba	LAC
37	#00BFC4	5530.208371	2005	Cuba	Cuba	LAC
37	#00BFC4	6209.164128	2006	Cuba	Cuba	LAC
37	#00BFC4	6623.135993	2007	Cuba	Cuba	LAC
37	#00BFC4	6884.921853	2008	Cuba	Cuba	LAC
37	#00BFC4	6916.018671	2009	Cuba	Cuba	LAC
37	#00BFC4	7107.366451	2010	Cuba	Cuba	LAC
37	#00BFC4	7352.238416	2011	Cuba	Cuba	LAC
37	#00BFC4	7580.792638	2012	Cuba	Cuba	LAC
37	#00BFC4	7793.665262	2013	Cuba	Cuba	LAC
37	#00BFC4	7859.156394	2014	Cuba	Cuba	LAC
37	#00BFC4	8204.135286	2015	Cuba	Cuba	LAC
37	#00BFC4	8234.636499	2016	Cuba	Cuba	LAC
37	#00BFC4	8388.369	2017	Cuba	Cuba	LAC
37	#00BFC4	8576.525427	2018	Cuba	Cuba	LAC
37	#00BFC4	8568.631766	2019	Cuba	Cuba	LAC
37	#00BFC4	7641.311661	2020	Cuba	Cuba	LAC
37	#00BFC4	7767.608571	2021	Cuba	Cuba	LAC
37	#00BFC4	7953.448426	2022	Cuba	Cuba	LAC
40	#00BFC4	5945.853794	1990	Dominican Republic	Dominican Republic	LAC
40	#00BFC4	5909.462105	1991	Dominican Republic	Dominican Republic	LAC
40	#00BFC4	6435.250532	1992	Dominican Republic	Dominican Republic	LAC
40	#00BFC4	6662.256843	1993	Dominican Republic	Dominican Republic	LAC
40	#00BFC4	6749.281125	1994	Dominican Republic	Dominican Republic	LAC
40	#00BFC4	7001.230525	1995	Dominican Republic	Dominican Republic	LAC
40	#00BFC4	7340.967283	1996	Dominican Republic	Dominican Republic	LAC
40	#00BFC4	7854.665257	1997	Dominican Republic	Dominican Republic	LAC
40	#00BFC4	8228.843672	1998	Dominican Republic	Dominican Republic	LAC
40	#00BFC4	8560.607799	1999	Dominican Republic	Dominican Republic	LAC
40	#00BFC4	8841.374814	2000	Dominican Republic	Dominican Republic	LAC
40	#00BFC4	8922.636231	2001	Dominican Republic	Dominican Republic	LAC
40	#00BFC4	9195.327189	2002	Dominican Republic	Dominican Republic	LAC
40	#00BFC4	8724.476247	2003	Dominican Republic	Dominican Republic	LAC
40	#00BFC4	8668.309144	2004	Dominican Republic	Dominican Republic	LAC
40	#00BFC4	9671.668674	2005	Dominican Republic	Dominican Republic	LAC
40	#00BFC4	10473.72723	2006	Dominican Republic	Dominican Republic	LAC
40	#00BFC4	11102.55452	2007	Dominican Republic	Dominican Republic	LAC
40	#00BFC4	11481.17006	2008	Dominican Republic	Dominican Republic	LAC
40	#00BFC4	11435.12522	2009	Dominican Republic	Dominican Republic	LAC
40	#00BFC4	12229.39414	2010	Dominican Republic	Dominican Republic	LAC
40	#00BFC4	12418.22533	2011	Dominican Republic	Dominican Republic	LAC
40	#00BFC4	12583.49887	2012	Dominican Republic	Dominican Republic	LAC
40	#00BFC4	12930.68766	2013	Dominican Republic	Dominican Republic	LAC
40	#00BFC4	13660.57907	2014	Dominican Republic	Dominican Republic	LAC
40	#00BFC4	14522.41993	2015	Dominican Republic	Dominican Republic	LAC
40	#00BFC4	15274.83444	2016	Dominican Republic	Dominican Republic	LAC
40	#00BFC4	15740.87931	2017	Dominican Republic	Dominican Republic	LAC
40	#00BFC4	16736.19058	2018	Dominican Republic	Dominican Republic	LAC
40	#00BFC4	17341.01196	2019	Dominican Republic	Dominican Republic	LAC
40	#00BFC4	15993.16697	2020	Dominican Republic	Dominican Republic	LAC
40	#00BFC4	17784.08631	2021	Dominican Republic	Dominican Republic	LAC
40	#00BFC4	18653.26836	2022	Dominican Republic	Dominican Republic	LAC
41	#00BFC4	7482.469619	1990	Ecuador	Ecuador	LAC
41	#00BFC4	7742.107316	1991	Ecuador	Ecuador	LAC
41	#00BFC4	7847.554358	1992	Ecuador	Ecuador	LAC
41	#00BFC4	7930.413238	1993	Ecuador	Ecuador	LAC
41	#00BFC4	8142.906835	1994	Ecuador	Ecuador	LAC
41	#00BFC4	8201.14736	1995	Ecuador	Ecuador	LAC
41	#00BFC4	8166.640353	1996	Ecuador	Ecuador	LAC
41	#00BFC4	8401.045523	1997	Ecuador	Ecuador	LAC
41	#00BFC4	8488.663934	1998	Ecuador	Ecuador	LAC
41	#00BFC4	7761.917078	1999	Ecuador	Ecuador	LAC
41	#00BFC4	7695.853471	2000	Ecuador	Ecuador	LAC
41	#00BFC4	8009.910819	2001	Ecuador	Ecuador	LAC
41	#00BFC4	8236.865838	2002	Ecuador	Ecuador	LAC
41	#00BFC4	8292.838173	2003	Ecuador	Ecuador	LAC
41	#00BFC4	8787.608591	2004	Ecuador	Ecuador	LAC
41	#00BFC4	9144.90894	2005	Ecuador	Ecuador	LAC
41	#00BFC4	9419.404194	2006	Ecuador	Ecuador	LAC
41	#00BFC4	9444.179325	2007	Ecuador	Ecuador	LAC
41	#00BFC4	10034.13063	2008	Ecuador	Ecuador	LAC
41	#00BFC4	9965.533264	2009	Ecuador	Ecuador	LAC
41	#00BFC4	10209.0123	2010	Ecuador	Ecuador	LAC
41	#00BFC4	10818.62504	2011	Ecuador	Ecuador	LAC
41	#00BFC4	11248.72366	2012	Ecuador	Ecuador	LAC
41	#00BFC4	11622.48997	2013	Ecuador	Ecuador	LAC
41	#00BFC4	11882.95575	2014	Ecuador	Ecuador	LAC
41	#00BFC4	11697.38828	2015	Ecuador	Ecuador	LAC
41	#00BFC4	11370.2936	2016	Ecuador	Ecuador	LAC
41	#00BFC4	11406.45276	2017	Ecuador	Ecuador	LAC
41	#00BFC4	11287.69388	2018	Ecuador	Ecuador	LAC
41	#00BFC4	11053.23762	2019	Ecuador	Ecuador	LAC
41	#00BFC4	10079.83696	2020	Ecuador	Ecuador	LAC
41	#00BFC4	10496.98153	2021	Ecuador	Ecuador	LAC
41	#00BFC4	10693.23484	2022	Ecuador	Ecuador	LAC
42	#F8766D	6131.438951	1990	Egypt	Egypt	AS
42	#F8766D	6252.494422	1991	Egypt	Egypt	AS
42	#F8766D	6374.101778	1992	Egypt	Egypt	AS
42	#F8766D	6407.29682	1993	Egypt	Egypt	AS
42	#F8766D	6509.645046	1994	Egypt	Egypt	AS
42	#F8766D	6672.971727	1995	Egypt	Egypt	AS
42	#F8766D	6863.449114	1996	Egypt	Egypt	AS
42	#F8766D	7085.944612	1997	Egypt	Egypt	AS
42	#F8766D	7346.256061	1998	Egypt	Egypt	AS
42	#F8766D	7595.306914	1999	Egypt	Egypt	AS
42	#F8766D	7906.167983	2000	Egypt	Egypt	AS
42	#F8766D	8071.54527	2001	Egypt	Egypt	AS
42	#F8766D	8012.491734	2002	Egypt	Egypt	AS
42	#F8766D	8077.192731	2003	Egypt	Egypt	AS
42	#F8766D	8227.825296	2004	Egypt	Egypt	AS
42	#F8766D	8425.170258	2005	Egypt	Egypt	AS
42	#F8766D	8898.632739	2006	Egypt	Egypt	AS
42	#F8766D	9382.936738	2007	Egypt	Egypt	AS
42	#F8766D	9851.848451	2008	Egypt	Egypt	AS
42	#F8766D	10036.67864	2009	Egypt	Egypt	AS
42	#F8766D	10130.44689	2010	Egypt	Egypt	AS
42	#F8766D	10017.38493	2011	Egypt	Egypt	AS
42	#F8766D	10036.41388	2012	Egypt	Egypt	AS
42	#F8766D	9993.03	2013	Egypt	Egypt	AS
42	#F8766D	10067.84669	2014	Egypt	Egypt	AS
42	#F8766D	10348.88739	2015	Egypt	Egypt	AS
42	#F8766D	10617.98032	2016	Egypt	Egypt	AS
42	#F8766D	10792.75844	2017	Egypt	Egypt	AS
42	#F8766D	11092.49979	2018	Egypt	Egypt	AS
42	#F8766D	11376.21416	2019	Egypt	Egypt	AS
42	#F8766D	11637.16114	2020	Egypt	Egypt	AS
42	#F8766D	11826.91033	2021	Egypt	Egypt	AS
42	#F8766D	12360.8163	2022	Egypt	Egypt	AS
43	#00BFC4	5047.765852	1990	El Salvador	El Salvador	LAC
43	#00BFC4	5058.032711	1991	El Salvador	El Salvador	LAC
43	#00BFC4	5360.780075	1992	El Salvador	El Salvador	LAC
43	#00BFC4	5591.500446	1993	El Salvador	El Salvador	LAC
43	#00BFC4	5816.686235	1994	El Salvador	El Salvador	LAC
43	#00BFC4	6065.118403	1995	El Salvador	El Salvador	LAC
43	#00BFC4	6049.94575	1996	El Salvador	El Salvador	LAC
43	#00BFC4	6145.504905	1997	El Salvador	El Salvador	LAC
43	#00BFC4	6269.585716	1998	El Salvador	El Salvador	LAC
43	#00BFC4	6291.962566	1999	El Salvador	El Salvador	LAC
43	#00BFC4	6354.106152	2000	El Salvador	El Salvador	LAC
43	#00BFC4	6376.278975	2001	El Salvador	El Salvador	LAC
43	#00BFC4	6423.783483	2002	El Salvador	El Salvador	LAC
43	#00BFC4	6462.380181	2003	El Salvador	El Salvador	LAC
43	#00BFC4	6503.160265	2004	El Salvador	El Salvador	LAC
43	#00BFC4	6674.018118	2005	El Salvador	El Salvador	LAC
43	#00BFC4	7016.274852	2006	El Salvador	El Salvador	LAC
43	#00BFC4	7141.117956	2007	El Salvador	El Salvador	LAC
43	#00BFC4	7311.621508	2008	El Salvador	El Salvador	LAC
43	#00BFC4	7058.044685	2009	El Salvador	El Salvador	LAC
43	#00BFC4	7200.449289	2010	El Salvador	El Salvador	LAC
43	#00BFC4	7439.631163	2011	El Salvador	El Salvador	LAC
43	#00BFC4	7537.686573	2012	El Salvador	El Salvador	LAC
43	#00BFC4	7642.278773	2013	El Salvador	El Salvador	LAC
43	#00BFC4	7738.035586	2014	El Salvador	El Salvador	LAC
43	#00BFC4	7882.909097	2015	El Salvador	El Salvador	LAC
43	#00BFC4	8011.424602	2016	El Salvador	El Salvador	LAC
43	#00BFC4	8139.187189	2017	El Salvador	El Salvador	LAC
43	#00BFC4	8319.116771	2018	El Salvador	El Salvador	LAC
43	#00BFC4	8575.426578	2019	El Salvador	El Salvador	LAC
43	#00BFC4	7876.916512	2020	El Salvador	El Salvador	LAC
43	#00BFC4	8718.945387	2021	El Salvador	El Salvador	LAC
43	#00BFC4	8886.173528	2022	El Salvador	El Salvador	LAC
46	#F564E3	5175.991722	1990	Eswatini (Kingdom of)	Eswatini (Kingdom of)	SSA
46	#F564E3	5094.409068	1991	Eswatini (Kingdom of)	Eswatini (Kingdom of)	SSA
46	#F564E3	5078.874892	1992	Eswatini (Kingdom of)	Eswatini (Kingdom of)	SSA
46	#F564E3	4944.725873	1993	Eswatini (Kingdom of)	Eswatini (Kingdom of)	SSA
46	#F564E3	4833.899673	1994	Eswatini (Kingdom of)	Eswatini (Kingdom of)	SSA
46	#F564E3	5369.727576	1995	Eswatini (Kingdom of)	Eswatini (Kingdom of)	SSA
46	#F564E3	5622.868849	1996	Eswatini (Kingdom of)	Eswatini (Kingdom of)	SSA
46	#F564E3	5698.025271	1997	Eswatini (Kingdom of)	Eswatini (Kingdom of)	SSA
46	#F564E3	5531.503407	1998	Eswatini (Kingdom of)	Eswatini (Kingdom of)	SSA
46	#F564E3	5713.621351	1999	Eswatini (Kingdom of)	Eswatini (Kingdom of)	SSA
46	#F564E3	5572.211204	2000	Eswatini (Kingdom of)	Eswatini (Kingdom of)	SSA
46	#F564E3	5845.046142	2001	Eswatini (Kingdom of)	Eswatini (Kingdom of)	SSA
46	#F564E3	5662.490275	2002	Eswatini (Kingdom of)	Eswatini (Kingdom of)	SSA
46	#F564E3	5705.252473	2003	Eswatini (Kingdom of)	Eswatini (Kingdom of)	SSA
46	#F564E3	6001.424052	2004	Eswatini (Kingdom of)	Eswatini (Kingdom of)	SSA
46	#F564E3	6698.02301	2005	Eswatini (Kingdom of)	Eswatini (Kingdom of)	SSA
46	#F564E3	6691.213422	2006	Eswatini (Kingdom of)	Eswatini (Kingdom of)	SSA
46	#F564E3	7001.116571	2007	Eswatini (Kingdom of)	Eswatini (Kingdom of)	SSA
46	#F564E3	6924.959311	2008	Eswatini (Kingdom of)	Eswatini (Kingdom of)	SSA
46	#F564E3	6861.930591	2009	Eswatini (Kingdom of)	Eswatini (Kingdom of)	SSA
46	#F564E3	6872.288421	2010	Eswatini (Kingdom of)	Eswatini (Kingdom of)	SSA
46	#F564E3	6923.968151	2011	Eswatini (Kingdom of)	Eswatini (Kingdom of)	SSA
46	#F564E3	7215.886902	2012	Eswatini (Kingdom of)	Eswatini (Kingdom of)	SSA
46	#F564E3	7623.226801	2013	Eswatini (Kingdom of)	Eswatini (Kingdom of)	SSA
46	#F564E3	7642.682718	2014	Eswatini (Kingdom of)	Eswatini (Kingdom of)	SSA
46	#F564E3	7780.983869	2015	Eswatini (Kingdom of)	Eswatini (Kingdom of)	SSA
46	#F564E3	7676.1595	2016	Eswatini (Kingdom of)	Eswatini (Kingdom of)	SSA
46	#F564E3	7663.394342	2017	Eswatini (Kingdom of)	Eswatini (Kingdom of)	SSA
46	#F564E3	7744.309049	2018	Eswatini (Kingdom of)	Eswatini (Kingdom of)	SSA
46	#F564E3	7668.51484	2019	Eswatini (Kingdom of)	Eswatini (Kingdom of)	SSA
46	#F564E3	7438.342596	2020	Eswatini (Kingdom of)	Eswatini (Kingdom of)	SSA
46	#F564E3	8139.39063	2021	Eswatini (Kingdom of)	Eswatini (Kingdom of)	SSA
46	#F564E3	8391.855111	2022	Eswatini (Kingdom of)	Eswatini (Kingdom of)	SSA
48	#B79F00	7780.496138	1990	Fiji	Fiji	EAP
48	#B79F00	7583.644738	1991	Fiji	Fiji	EAP
48	#B79F00	7827.262346	1992	Fiji	Fiji	EAP
48	#B79F00	7934.856877	1993	Fiji	Fiji	EAP
48	#B79F00	8201.826161	1994	Fiji	Fiji	EAP
48	#B79F00	8485.322965	1995	Fiji	Fiji	EAP
48	#B79F00	8915.734328	1996	Fiji	Fiji	EAP
48	#B79F00	8581.776308	1997	Fiji	Fiji	EAP
48	#B79F00	8461.538917	1998	Fiji	Fiji	EAP
48	#B79F00	9124.075545	1999	Fiji	Fiji	EAP
48	#B79F00	9405.877372	2000	Fiji	Fiji	EAP
48	#B79F00	9299.200375	2001	Fiji	Fiji	EAP
48	#B79F00	9622.009513	2002	Fiji	Fiji	EAP
48	#B79F00	9553.74564	2003	Fiji	Fiji	EAP
48	#B79F00	9969.340301	2004	Fiji	Fiji	EAP
48	#B79F00	9774.009275	2005	Fiji	Fiji	EAP
48	#B79F00	9714.812723	2006	Fiji	Fiji	EAP
48	#B79F00	9626.00247	2007	Fiji	Fiji	EAP
48	#B79F00	9684.419303	2008	Fiji	Fiji	EAP
48	#B79F00	9701.509166	2009	Fiji	Fiji	EAP
48	#B79F00	9679.915841	2010	Fiji	Fiji	EAP
48	#B79F00	9910.91611	2011	Fiji	Fiji	EAP
48	#B79F00	9956.767954	2012	Fiji	Fiji	EAP
48	#B79F00	10588.31325	2013	Fiji	Fiji	EAP
48	#B79F00	10850.94789	2014	Fiji	Fiji	EAP
48	#B79F00	11166.09207	2015	Fiji	Fiji	EAP
48	#B79F00	11499.36263	2016	Fiji	Fiji	EAP
48	#B79F00	11808.64714	2017	Fiji	Fiji	EAP
48	#B79F00	12417.47909	2018	Fiji	Fiji	EAP
48	#B79F00	12117.82642	2019	Fiji	Fiji	EAP
48	#B79F00	10249.00145	2020	Fiji	Fiji	EAP
48	#B79F00	9727.721631	2021	Fiji	Fiji	EAP
48	#B79F00	11233.65882	2022	Fiji	Fiji	EAP
49	#F564E3	16224.83635	1990	Gabon	Gabon	SSA
49	#F564E3	16802.65958	1991	Gabon	Gabon	SSA
49	#F564E3	15496.14728	1992	Gabon	Gabon	SSA
49	#F564E3	15518.9761	1993	Gabon	Gabon	SSA
49	#F564E3	16030.64865	1994	Gabon	Gabon	SSA
49	#F564E3	16195.38787	1995	Gabon	Gabon	SSA
49	#F564E3	16320.5367	1996	Gabon	Gabon	SSA
49	#F564E3	16707.22217	1997	Gabon	Gabon	SSA
49	#F564E3	17509.15059	1998	Gabon	Gabon	SSA
49	#F564E3	15224.66488	1999	Gabon	Gabon	SSA
49	#F564E3	13494.88066	2000	Gabon	Gabon	SSA
49	#F564E3	14215.05962	2001	Gabon	Gabon	SSA
49	#F564E3	14318.46781	2002	Gabon	Gabon	SSA
49	#F564E3	14010.53894	2003	Gabon	Gabon	SSA
49	#F564E3	12885.06501	2004	Gabon	Gabon	SSA
49	#F564E3	13508.50926	2005	Gabon	Gabon	SSA
49	#F564E3	12073.4812	2006	Gabon	Gabon	SSA
49	#F564E3	12126.01727	2007	Gabon	Gabon	SSA
49	#F564E3	11148.18129	2008	Gabon	Gabon	SSA
49	#F564E3	11685.39239	2009	Gabon	Gabon	SSA
49	#F564E3	11492.06266	2010	Gabon	Gabon	SSA
49	#F564E3	11386.68385	2011	Gabon	Gabon	SSA
49	#F564E3	12396.71705	2012	Gabon	Gabon	SSA
49	#F564E3	12857.19263	2013	Gabon	Gabon	SSA
49	#F564E3	14042.83491	2014	Gabon	Gabon	SSA
49	#F564E3	13603.21748	2015	Gabon	Gabon	SSA
49	#F564E3	13638.44458	2016	Gabon	Gabon	SSA
49	#F564E3	13562.90365	2017	Gabon	Gabon	SSA
49	#F564E3	12916.59667	2018	Gabon	Gabon	SSA
49	#F564E3	12653.01115	2019	Gabon	Gabon	SSA
49	#F564E3	13023.09172	2020	Gabon	Gabon	SSA
49	#F564E3	9746.300931	2021	Gabon	Gabon	SSA
49	#F564E3	11194.21884	2022	Gabon	Gabon	SSA
50	#F564E3	2039.632056	1990	Gambia	Gambia	SSA
50	#F564E3	2026.658179	1991	Gambia	Gambia	SSA
50	#F564E3	2018.092951	1992	Gambia	Gambia	SSA
50	#F564E3	1983.417545	1993	Gambia	Gambia	SSA
50	#F564E3	1926.385989	1994	Gambia	Gambia	SSA
50	#F564E3	1895.534335	1995	Gambia	Gambia	SSA
50	#F564E3	1920.135859	1996	Gambia	Gambia	SSA
50	#F564E3	1852.477592	1997	Gambia	Gambia	SSA
50	#F564E3	1863.633755	1998	Gambia	Gambia	SSA
50	#F564E3	1923.100469	1999	Gambia	Gambia	SSA
50	#F564E3	1976.287843	2000	Gambia	Gambia	SSA
50	#F564E3	2016.996725	2001	Gambia	Gambia	SSA
50	#F564E3	1945.441517	2002	Gambia	Gambia	SSA
50	#F564E3	1955.493267	2003	Gambia	Gambia	SSA
50	#F564E3	2129.530433	2004	Gambia	Gambia	SSA
50	#F564E3	2018.049516	2005	Gambia	Gambia	SSA
50	#F564E3	1941.113035	2006	Gambia	Gambia	SSA
50	#F564E3	1945.65203	2007	Gambia	Gambia	SSA
50	#F564E3	2013.658583	2008	Gambia	Gambia	SSA
50	#F564E3	2075.716046	2009	Gambia	Gambia	SSA
50	#F564E3	2132.033879	2010	Gambia	Gambia	SSA
50	#F564E3	1891.346904	2011	Gambia	Gambia	SSA
50	#F564E3	1933.804073	2012	Gambia	Gambia	SSA
50	#F564E3	1927.935276	2013	Gambia	Gambia	SSA
50	#F564E3	1842.014137	2014	Gambia	Gambia	SSA
50	#F564E3	1859.853316	2015	Gambia	Gambia	SSA
50	#F564E3	1852.719763	2016	Gambia	Gambia	SSA
50	#F564E3	1890.802825	2017	Gambia	Gambia	SSA
50	#F564E3	1977.09018	2018	Gambia	Gambia	SSA
50	#F564E3	2049.419807	2019	Gambia	Gambia	SSA
50	#F564E3	2013.668573	2020	Gambia	Gambia	SSA
50	#F564E3	2022.240716	2021	Gambia	Gambia	SSA
50	#F564E3	2089.626826	2022	Gambia	Gambia	SSA
52	#F564E3	2263.132657	1990	Ghana	Ghana	SSA
52	#F564E3	2325.438691	1991	Ghana	Ghana	SSA
52	#F564E3	2360.348952	1992	Ghana	Ghana	SSA
52	#F564E3	2406.689212	1993	Ghana	Ghana	SSA
52	#F564E3	2423.57955	1994	Ghana	Ghana	SSA
52	#F564E3	2464.499391	1995	Ghana	Ghana	SSA
52	#F564E3	2520.793347	1996	Ghana	Ghana	SSA
52	#F564E3	2565.622219	1997	Ghana	Ghana	SSA
52	#F564E3	2619.581078	1998	Ghana	Ghana	SSA
52	#F564E3	2667.123059	1999	Ghana	Ghana	SSA
52	#F564E3	2687.349308	2000	Ghana	Ghana	SSA
52	#F564E3	2761.404199	2001	Ghana	Ghana	SSA
52	#F564E3	2813.442443	2002	Ghana	Ghana	SSA
52	#F564E3	2879.308879	2003	Ghana	Ghana	SSA
52	#F564E3	2951.438148	2004	Ghana	Ghana	SSA
52	#F564E3	3083.588156	2005	Ghana	Ghana	SSA
52	#F564E3	3158.876773	2006	Ghana	Ghana	SSA
52	#F564E3	3212.674142	2007	Ghana	Ghana	SSA
52	#F564E3	3423.2786	2008	Ghana	Ghana	SSA
52	#F564E3	3501.737818	2009	Ghana	Ghana	SSA
52	#F564E3	3640.64144	2010	Ghana	Ghana	SSA
52	#F564E3	3992.131826	2011	Ghana	Ghana	SSA
52	#F564E3	4165.29783	2012	Ghana	Ghana	SSA
52	#F564E3	4469.515961	2013	Ghana	Ghana	SSA
52	#F564E3	4380.781895	2014	Ghana	Ghana	SSA
52	#F564E3	4473.410114	2015	Ghana	Ghana	SSA
52	#F564E3	4473.717598	2016	Ghana	Ghana	SSA
52	#F564E3	4686.813574	2017	Ghana	Ghana	SSA
52	#F564E3	4890.68719	2018	Ghana	Ghana	SSA
52	#F564E3	5121.491225	2019	Ghana	Ghana	SSA
52	#F564E3	5304.641625	2020	Ghana	Ghana	SSA
52	#F564E3	5278.769982	2021	Ghana	Ghana	SSA
52	#F564E3	5380.271535	2022	Ghana	Ghana	SSA
54	#00BFC4	5418.050785	1990	Guatemala	Guatemala	LAC
54	#00BFC4	5550.41194	1991	Guatemala	Guatemala	LAC
54	#00BFC4	5654.353468	1992	Guatemala	Guatemala	LAC
54	#00BFC4	5746.259446	1993	Guatemala	Guatemala	LAC
54	#00BFC4	5832.852874	1994	Guatemala	Guatemala	LAC
54	#00BFC4	5967.304	1995	Guatemala	Guatemala	LAC
54	#00BFC4	5974.438778	1996	Guatemala	Guatemala	LAC
54	#00BFC4	6096.621971	1997	Guatemala	Guatemala	LAC
54	#00BFC4	6277.393885	1998	Guatemala	Guatemala	LAC
54	#00BFC4	6354.988104	1999	Guatemala	Guatemala	LAC
54	#00BFC4	6429.049836	2000	Guatemala	Guatemala	LAC
54	#00BFC4	6466.892675	2001	Guatemala	Guatemala	LAC
54	#00BFC4	6489.613841	2002	Guatemala	Guatemala	LAC
54	#00BFC4	6518.677236	2003	Guatemala	Guatemala	LAC
54	#00BFC4	6565.080562	2004	Guatemala	Guatemala	LAC
54	#00BFC4	6637.011274	2005	Guatemala	Guatemala	LAC
54	#00BFC4	6819.804883	2006	Guatemala	Guatemala	LAC
54	#00BFC4	7094.530055	2007	Guatemala	Guatemala	LAC
54	#00BFC4	7251.735236	2008	Guatemala	Guatemala	LAC
54	#00BFC4	7124.618243	2009	Guatemala	Guatemala	LAC
54	#00BFC4	7154.321512	2010	Guatemala	Guatemala	LAC
54	#00BFC4	7297.904709	2011	Guatemala	Guatemala	LAC
54	#00BFC4	7437.345084	2012	Guatemala	Guatemala	LAC
54	#00BFC4	7557.659524	2013	Guatemala	Guatemala	LAC
54	#00BFC4	7734.784922	2014	Guatemala	Guatemala	LAC
54	#00BFC4	7932.539066	2015	Guatemala	Guatemala	LAC
54	#00BFC4	8028.819158	2016	Guatemala	Guatemala	LAC
54	#00BFC4	8147.871684	2017	Guatemala	Guatemala	LAC
54	#00BFC4	8296.051267	2018	Guatemala	Guatemala	LAC
54	#00BFC4	8514.176034	2019	Guatemala	Guatemala	LAC
54	#00BFC4	8240.391368	2020	Guatemala	Guatemala	LAC
54	#00BFC4	8716.445741	2021	Guatemala	Guatemala	LAC
54	#00BFC4	8996.415822	2022	Guatemala	Guatemala	LAC
55	#F564E3	1403.309843	1990	Guinea	Guinea	SSA
55	#F564E3	1382.658952	1991	Guinea	Guinea	SSA
55	#F564E3	1400.370763	1992	Guinea	Guinea	SSA
55	#F564E3	1452.52753	1993	Guinea	Guinea	SSA
55	#F564E3	1471.369422	1994	Guinea	Guinea	SSA
55	#F564E3	1497.405394	1995	Guinea	Guinea	SSA
55	#F564E3	1528.806135	1996	Guinea	Guinea	SSA
55	#F564E3	1565.061837	1997	Guinea	Guinea	SSA
55	#F564E3	1599.506574	1998	Guinea	Guinea	SSA
55	#F564E3	1652.150345	1999	Guinea	Guinea	SSA
55	#F564E3	1664.039457	2000	Guinea	Guinea	SSA
55	#F564E3	1692.285811	2001	Guinea	Guinea	SSA
55	#F564E3	1788.521678	2002	Guinea	Guinea	SSA
55	#F564E3	1809.837326	2003	Guinea	Guinea	SSA
55	#F564E3	1805.090781	2004	Guinea	Guinea	SSA
55	#F564E3	1820.935239	2005	Guinea	Guinea	SSA
55	#F564E3	1756.771201	2006	Guinea	Guinea	SSA
55	#F564E3	1833.682381	2007	Guinea	Guinea	SSA
55	#F564E3	1858.594538	2008	Guinea	Guinea	SSA
55	#F564E3	1774.329626	2009	Guinea	Guinea	SSA
55	#F564E3	1836.011571	2010	Guinea	Guinea	SSA
55	#F564E3	1875.766088	2011	Guinea	Guinea	SSA
55	#F564E3	1944.646071	2012	Guinea	Guinea	SSA
55	#F564E3	1904.024544	2013	Guinea	Guinea	SSA
55	#F564E3	1960.618874	2014	Guinea	Guinea	SSA
55	#F564E3	2018.605594	2015	Guinea	Guinea	SSA
55	#F564E3	2177.559702	2016	Guinea	Guinea	SSA
55	#F564E3	2371.891013	2017	Guinea	Guinea	SSA
55	#F564E3	2383.453497	2018	Guinea	Guinea	SSA
55	#F564E3	2436.389436	2019	Guinea	Guinea	SSA
55	#F564E3	2364.84135	2020	Guinea	Guinea	SSA
55	#F564E3	2258.271562	2021	Guinea	Guinea	SSA
55	#F564E3	2404.165832	2022	Guinea	Guinea	SSA
57	#00BFC4	2038.707505	1990	Guyana	Guyana	LAC
57	#00BFC4	1822.275961	1991	Guyana	Guyana	LAC
57	#00BFC4	2257.479401	1992	Guyana	Guyana	LAC
57	#00BFC4	2759.99501	1993	Guyana	Guyana	LAC
57	#00BFC4	3170.398688	1994	Guyana	Guyana	LAC
57	#00BFC4	3373.274226	1995	Guyana	Guyana	LAC
57	#00BFC4	3901.162654	1996	Guyana	Guyana	LAC
57	#00BFC4	4027.250501	1997	Guyana	Guyana	LAC
57	#00BFC4	4037.289443	1998	Guyana	Guyana	LAC
57	#00BFC4	4057.640019	1999	Guyana	Guyana	LAC
57	#00BFC4	4083.913284	2000	Guyana	Guyana	LAC
57	#00BFC4	4476.458067	2001	Guyana	Guyana	LAC
57	#00BFC4	4885.347596	2002	Guyana	Guyana	LAC
57	#00BFC4	5347.6666	2003	Guyana	Guyana	LAC
57	#00BFC4	6104.870163	2004	Guyana	Guyana	LAC
57	#00BFC4	6606.539365	2005	Guyana	Guyana	LAC
57	#00BFC4	7508.170442	2006	Guyana	Guyana	LAC
57	#00BFC4	8147.497118	2007	Guyana	Guyana	LAC
57	#00BFC4	8426.125111	2008	Guyana	Guyana	LAC
57	#00BFC4	8758.286926	2009	Guyana	Guyana	LAC
57	#00BFC4	9289.958781	2010	Guyana	Guyana	LAC
57	#00BFC4	9730.868035	2011	Guyana	Guyana	LAC
57	#00BFC4	10280.66909	2012	Guyana	Guyana	LAC
57	#00BFC4	10510.01835	2013	Guyana	Guyana	LAC
57	#00BFC4	11242.74405	2014	Guyana	Guyana	LAC
57	#00BFC4	11167.45448	2015	Guyana	Guyana	LAC
57	#00BFC4	11916.9269	2016	Guyana	Guyana	LAC
57	#00BFC4	12164.14729	2017	Guyana	Guyana	LAC
57	#00BFC4	12470.78618	2018	Guyana	Guyana	LAC
57	#00BFC4	13328.10241	2019	Guyana	Guyana	LAC
57	#00BFC4	19160.30167	2020	Guyana	Guyana	LAC
57	#00BFC4	22793.3016	2021	Guyana	Guyana	LAC
57	#00BFC4	35782.90961	2022	Guyana	Guyana	LAC
58	#00BFC4	3598.510892	1990	Haiti	Haiti	LAC
58	#00BFC4	3594.783218	1991	Haiti	Haiti	LAC
58	#00BFC4	3337.484514	1992	Haiti	Haiti	LAC
58	#00BFC4	3095.193846	1993	Haiti	Haiti	LAC
58	#00BFC4	2682.380641	1994	Haiti	Haiti	LAC
58	#00BFC4	2900.999095	1995	Haiti	Haiti	LAC
58	#00BFC4	2970.323838	1996	Haiti	Haiti	LAC
58	#00BFC4	2992.215871	1997	Haiti	Haiti	LAC
58	#00BFC4	2999.33834	1998	Haiti	Haiti	LAC
58	#00BFC4	3021.694631	1999	Haiti	Haiti	LAC
58	#00BFC4	2986.177335	2000	Haiti	Haiti	LAC
58	#00BFC4	2922.572697	2001	Haiti	Haiti	LAC
58	#00BFC4	2900.00335	2002	Haiti	Haiti	LAC
58	#00BFC4	2948.171376	2003	Haiti	Haiti	LAC
58	#00BFC4	2863.047666	2004	Haiti	Haiti	LAC
58	#00BFC4	2893.704832	2005	Haiti	Haiti	LAC
58	#00BFC4	2913.192735	2006	Haiti	Haiti	LAC
58	#00BFC4	2998.281305	2007	Haiti	Haiti	LAC
58	#00BFC4	3029.257921	2008	Haiti	Haiti	LAC
58	#00BFC4	3158.425873	2009	Haiti	Haiti	LAC
58	#00BFC4	2948.218267	2010	Haiti	Haiti	LAC
58	#00BFC4	3066.756293	2011	Haiti	Haiti	LAC
58	#00BFC4	3038.420049	2012	Haiti	Haiti	LAC
58	#00BFC4	3117.048528	2013	Haiti	Haiti	LAC
58	#00BFC4	3163.846359	2014	Haiti	Haiti	LAC
58	#00BFC4	3160.945212	2015	Haiti	Haiti	LAC
58	#00BFC4	3175.787928	2016	Haiti	Haiti	LAC
58	#00BFC4	3212.446745	2017	Haiti	Haiti	LAC
58	#00BFC4	3218.846393	2018	Haiti	Haiti	LAC
58	#00BFC4	3122.553358	2019	Haiti	Haiti	LAC
58	#00BFC4	2975.463771	2020	Haiti	Haiti	LAC
58	#00BFC4	2883.605279	2021	Haiti	Haiti	LAC
58	#00BFC4	2801.712516	2022	Haiti	Haiti	LAC
59	#00BFC4	3696.388877	1990	Honduras	Honduras	LAC
59	#00BFC4	3450.916948	1991	Honduras	Honduras	LAC
59	#00BFC4	3535.322234	1992	Honduras	Honduras	LAC
59	#00BFC4	3738.299973	1993	Honduras	Honduras	LAC
59	#00BFC4	3634.314924	1994	Honduras	Honduras	LAC
59	#00BFC4	3744.727633	1995	Honduras	Honduras	LAC
59	#00BFC4	3714.130975	1996	Honduras	Honduras	LAC
59	#00BFC4	3829.133362	1997	Honduras	Honduras	LAC
59	#00BFC4	3878.443925	1998	Honduras	Honduras	LAC
59	#00BFC4	3777.661664	1999	Honduras	Honduras	LAC
59	#00BFC4	3921.567496	2000	Honduras	Honduras	LAC
59	#00BFC4	3911.380055	2001	Honduras	Honduras	LAC
59	#00BFC4	3937.678927	2002	Honduras	Honduras	LAC
59	#00BFC4	3988.483585	2003	Honduras	Honduras	LAC
59	#00BFC4	4107.875786	2004	Honduras	Honduras	LAC
59	#00BFC4	4273.268558	2005	Honduras	Honduras	LAC
59	#00BFC4	4441.443742	2006	Honduras	Honduras	LAC
59	#00BFC4	4684.993844	2007	Honduras	Honduras	LAC
59	#00BFC4	4794.636624	2008	Honduras	Honduras	LAC
59	#00BFC4	4616.401304	2009	Honduras	Honduras	LAC
59	#00BFC4	4574.168511	2010	Honduras	Honduras	LAC
59	#00BFC4	4620.063584	2011	Honduras	Honduras	LAC
59	#00BFC4	4647.680169	2012	Honduras	Honduras	LAC
59	#00BFC4	4691.298655	2013	Honduras	Honduras	LAC
59	#00BFC4	4693.282337	2014	Honduras	Honduras	LAC
59	#00BFC4	4830.831048	2015	Honduras	Honduras	LAC
59	#00BFC4	4919.994616	2016	Honduras	Honduras	LAC
59	#00BFC4	5114.505779	2017	Honduras	Honduras	LAC
59	#00BFC4	5138.869173	2018	Honduras	Honduras	LAC
59	#00BFC4	5188.036351	2019	Honduras	Honduras	LAC
59	#00BFC4	4682.741182	2020	Honduras	Honduras	LAC
59	#00BFC4	5089.140793	2021	Honduras	Honduras	LAC
59	#00BFC4	5271.604988	2022	Honduras	Honduras	LAC
60	#619CFF	1795.941836	1990	India	India	SA
60	#619CFF	1773.797716	1991	India	India	SA
60	#619CFF	1832.898784	1992	India	India	SA
60	#619CFF	1882.700959	1993	India	India	SA
60	#619CFF	1970.353279	1994	India	India	SA
60	#619CFF	2081.525728	1995	India	India	SA
60	#619CFF	2198.363959	1996	India	India	SA
60	#619CFF	2245.879528	1997	India	India	SA
60	#619CFF	2340.371029	1998	India	India	SA
60	#619CFF	2503.444446	1999	India	India	SA
60	#619CFF	2545.183936	2000	India	India	SA
60	#619CFF	2625.90017	2001	India	India	SA
60	#619CFF	2682.473037	2002	India	India	SA
60	#619CFF	2841.684302	2003	India	India	SA
60	#619CFF	3016.521814	2004	India	India	SA
60	#619CFF	3203.00131	2005	India	India	SA
60	#619CFF	3406.81064	2006	India	India	SA
60	#619CFF	3627.060167	2007	India	India	SA
60	#619CFF	3679.706235	2008	India	India	SA
60	#619CFF	3913.922525	2009	India	India	SA
60	#619CFF	4167.862731	2010	India	India	SA
60	#619CFF	4335.660812	2011	India	India	SA
60	#619CFF	4498.075088	2012	India	India	SA
60	#619CFF	4720.380805	2013	India	India	SA
60	#619CFF	5011.618094	2014	India	India	SA
60	#619CFF	5349.57709	2015	India	India	SA
60	#619CFF	5672.446778	2016	India	India	SA
60	#619CFF	6045.97043	2017	India	India	SA
60	#619CFF	6367.366654	2018	India	India	SA
60	#619CFF	6554.320413	2019	India	India	SA
60	#619CFF	6089.656533	2020	India	India	SA
60	#619CFF	6542.449788	2021	India	India	SA
60	#619CFF	6950.526798	2022	India	India	SA
61	#B79F00	4184.535574	1990	Indonesia	Indonesia	EAP
61	#B79F00	4488.487289	1991	Indonesia	Indonesia	EAP
61	#B79F00	4727.331292	1992	Indonesia	Indonesia	EAP
61	#B79F00	5019.323652	1993	Indonesia	Indonesia	EAP
61	#B79F00	5371.530656	1994	Indonesia	Indonesia	EAP
61	#B79F00	5703.679635	1995	Indonesia	Indonesia	EAP
61	#B79F00	6067.146458	1996	Indonesia	Indonesia	EAP
61	#B79F00	6235.593763	1997	Indonesia	Indonesia	EAP
61	#B79F00	5183.858696	1998	Indonesia	Indonesia	EAP
61	#B79F00	5059.942717	1999	Indonesia	Indonesia	EAP
61	#B79F00	5251.356382	2000	Indonesia	Indonesia	EAP
61	#B79F00	5534.488717	2001	Indonesia	Indonesia	EAP
61	#B79F00	5747.042726	2002	Indonesia	Indonesia	EAP
61	#B79F00	5889.538047	2003	Indonesia	Indonesia	EAP
61	#B79F00	6060.293095	2004	Indonesia	Indonesia	EAP
61	#B79F00	6306.644162	2005	Indonesia	Indonesia	EAP
61	#B79F00	6609.486423	2006	Indonesia	Indonesia	EAP
61	#B79F00	6947.973808	2007	Indonesia	Indonesia	EAP
61	#B79F00	7312.883437	2008	Indonesia	Indonesia	EAP
61	#B79F00	7558.922199	2009	Indonesia	Indonesia	EAP
61	#B79F00	7986.456491	2010	Indonesia	Indonesia	EAP
61	#B79F00	8362.939836	2011	Indonesia	Indonesia	EAP
61	#B79F00	8757.030128	2012	Indonesia	Indonesia	EAP
61	#B79F00	9117.764283	2013	Indonesia	Indonesia	EAP
61	#B79F00	9432.087593	2014	Indonesia	Indonesia	EAP
61	#B79F00	9788.555711	2015	Indonesia	Indonesia	EAP
61	#B79F00	10185.95963	2016	Indonesia	Indonesia	EAP
61	#B79F00	10595.2164	2017	Indonesia	Indonesia	EAP
61	#B79F00	11055.20306	2018	Indonesia	Indonesia	EAP
61	#B79F00	11497.97066	2019	Indonesia	Indonesia	EAP
61	#B79F00	11205.54674	2020	Indonesia	Indonesia	EAP
61	#B79F00	11531.41412	2021	Indonesia	Indonesia	EAP
61	#B79F00	12045.56544	2022	Indonesia	Indonesia	EAP
62	#619CFF	9438.505018	1990	Iran (Islamic Republic of)	Iran (Islamic Republic of)	SA
62	#619CFF	10257.45404	1991	Iran (Islamic Republic of)	Iran (Islamic Republic of)	SA
62	#619CFF	10336.76699	1992	Iran (Islamic Republic of)	Iran (Islamic Republic of)	SA
62	#619CFF	10117.23334	1993	Iran (Islamic Republic of)	Iran (Islamic Republic of)	SA
62	#619CFF	9857.982956	1994	Iran (Islamic Republic of)	Iran (Islamic Republic of)	SA
62	#619CFF	9957.626077	1995	Iran (Islamic Republic of)	Iran (Islamic Republic of)	SA
62	#619CFF	10456.98135	1996	Iran (Islamic Republic of)	Iran (Islamic Republic of)	SA
62	#619CFF	10473.2327	1997	Iran (Islamic Republic of)	Iran (Islamic Republic of)	SA
62	#619CFF	10541.10453	1998	Iran (Islamic Republic of)	Iran (Islamic Republic of)	SA
62	#619CFF	10615.17191	1999	Iran (Islamic Republic of)	Iran (Islamic Republic of)	SA
62	#619CFF	11046.11524	2000	Iran (Islamic Republic of)	Iran (Islamic Republic of)	SA
62	#619CFF	11125.95555	2001	Iran (Islamic Republic of)	Iran (Islamic Republic of)	SA
62	#619CFF	11915.81494	2002	Iran (Islamic Republic of)	Iran (Islamic Republic of)	SA
62	#619CFF	12812.0733	2003	Iran (Islamic Republic of)	Iran (Islamic Republic of)	SA
62	#619CFF	13103.38996	2004	Iran (Islamic Republic of)	Iran (Islamic Republic of)	SA
62	#619CFF	13300.54931	2005	Iran (Islamic Republic of)	Iran (Islamic Republic of)	SA
62	#619CFF	13787.76879	2006	Iran (Islamic Republic of)	Iran (Islamic Republic of)	SA
62	#619CFF	14739.2133	2007	Iran (Islamic Republic of)	Iran (Islamic Republic of)	SA
62	#619CFF	14583.96808	2008	Iran (Islamic Republic of)	Iran (Islamic Republic of)	SA
62	#619CFF	14468.93896	2009	Iran (Islamic Republic of)	Iran (Islamic Republic of)	SA
62	#619CFF	15102.61749	2010	Iran (Islamic Republic of)	Iran (Islamic Republic of)	SA
62	#619CFF	15316.2112	2011	Iran (Islamic Republic of)	Iran (Islamic Republic of)	SA
62	#619CFF	14650.90765	2012	Iran (Islamic Republic of)	Iran (Islamic Republic of)	SA
62	#619CFF	14217.48742	2013	Iran (Islamic Republic of)	Iran (Islamic Republic of)	SA
62	#619CFF	14620.21042	2014	Iran (Islamic Republic of)	Iran (Islamic Republic of)	SA
62	#619CFF	14020.65926	2015	Iran (Islamic Republic of)	Iran (Islamic Republic of)	SA
62	#619CFF	14986.03292	2016	Iran (Islamic Republic of)	Iran (Islamic Republic of)	SA
62	#619CFF	15181.86028	2017	Iran (Islamic Republic of)	Iran (Islamic Republic of)	SA
62	#619CFF	14698.79043	2018	Iran (Islamic Republic of)	Iran (Islamic Republic of)	SA
62	#619CFF	14203.02399	2019	Iran (Islamic Republic of)	Iran (Islamic Republic of)	SA
62	#619CFF	13925.43865	2020	Iran (Islamic Republic of)	Iran (Islamic Republic of)	SA
62	#619CFF	14477.66149	2021	Iran (Islamic Republic of)	Iran (Islamic Republic of)	SA
62	#619CFF	14770.32307	2022	Iran (Islamic Republic of)	Iran (Islamic Republic of)	SA
63	#F8766D	7153.107833	1990	Iraq	Iraq	AS
63	#F8766D	2399.427379	1991	Iraq	Iraq	AS
63	#F8766D	2973.008714	1992	Iraq	Iraq	AS
63	#F8766D	4209.081276	1993	Iraq	Iraq	AS
63	#F8766D	3823.556966	1994	Iraq	Iraq	AS
63	#F8766D	3023.975591	1995	Iraq	Iraq	AS
63	#F8766D	4386.107247	1996	Iraq	Iraq	AS
63	#F8766D	5152.167573	1997	Iraq	Iraq	AS
63	#F8766D	6754.537031	1998	Iraq	Iraq	AS
63	#F8766D	7654.717627	1999	Iraq	Iraq	AS
63	#F8766D	7605.960499	2000	Iraq	Iraq	AS
63	#F8766D	7531.255315	2001	Iraq	Iraq	AS
63	#F8766D	6707.992261	2002	Iraq	Iraq	AS
63	#F8766D	4451.372093	2003	Iraq	Iraq	AS
63	#F8766D	6670.300199	2004	Iraq	Iraq	AS
63	#F8766D	6704.469036	2005	Iraq	Iraq	AS
63	#F8766D	7003.770245	2006	Iraq	Iraq	AS
63	#F8766D	7222.775242	2007	Iraq	Iraq	AS
63	#F8766D	8177.345931	2008	Iraq	Iraq	AS
63	#F8766D	8112.242749	2009	Iraq	Iraq	AS
63	#F8766D	8256.523015	2010	Iraq	Iraq	AS
63	#F8766D	8466.484633	2011	Iraq	Iraq	AS
63	#F8766D	9285.29449	2012	Iraq	Iraq	AS
63	#F8766D	9441.922692	2013	Iraq	Iraq	AS
63	#F8766D	9123.515435	2014	Iraq	Iraq	AS
63	#F8766D	9309.567144	2015	Iraq	Iraq	AS
63	#F8766D	10333.63631	2016	Iraq	Iraq	AS
63	#F8766D	9900.07984	2017	Iraq	Iraq	AS
63	#F8766D	9902.057281	2018	Iraq	Iraq	AS
63	#F8766D	10236.62335	2019	Iraq	Iraq	AS
63	#F8766D	8749.302168	2020	Iraq	Iraq	AS
63	#F8766D	8684.231347	2021	Iraq	Iraq	AS
63	#F8766D	9091.865377	2022	Iraq	Iraq	AS
64	#00BFC4	9071.383773	1990	Jamaica	Jamaica	LAC
64	#00BFC4	9087.130726	1991	Jamaica	Jamaica	LAC
64	#00BFC4	9270.018404	1992	Jamaica	Jamaica	LAC
64	#00BFC4	9397.061321	1993	Jamaica	Jamaica	LAC
64	#00BFC4	9489.681144	1994	Jamaica	Jamaica	LAC
64	#00BFC4	9641.175177	1995	Jamaica	Jamaica	LAC
64	#00BFC4	9573.767346	1996	Jamaica	Jamaica	LAC
64	#00BFC4	9325.819123	1997	Jamaica	Jamaica	LAC
64	#00BFC4	9123.232058	1998	Jamaica	Jamaica	LAC
64	#00BFC4	9124.672288	1999	Jamaica	Jamaica	LAC
64	#00BFC4	9111.326968	2000	Jamaica	Jamaica	LAC
64	#00BFC4	9147.500452	2001	Jamaica	Jamaica	LAC
64	#00BFC4	9156.400456	2002	Jamaica	Jamaica	LAC
64	#00BFC4	9458.0598	2003	Jamaica	Jamaica	LAC
64	#00BFC4	9548.909555	2004	Jamaica	Jamaica	LAC
64	#00BFC4	9599.872338	2005	Jamaica	Jamaica	LAC
64	#00BFC4	9843.111936	2006	Jamaica	Jamaica	LAC
64	#00BFC4	9949.918542	2007	Jamaica	Jamaica	LAC
64	#00BFC4	9959.391136	2008	Jamaica	Jamaica	LAC
64	#00BFC4	9353.498042	2009	Jamaica	Jamaica	LAC
64	#00BFC4	9343.559806	2010	Jamaica	Jamaica	LAC
64	#00BFC4	9482.988574	2011	Jamaica	Jamaica	LAC
64	#00BFC4	9583.951931	2012	Jamaica	Jamaica	LAC
64	#00BFC4	9497.8066	2013	Jamaica	Jamaica	LAC
64	#00BFC4	9542.928229	2014	Jamaica	Jamaica	LAC
64	#00BFC4	9501.729291	2015	Jamaica	Jamaica	LAC
64	#00BFC4	9490.387771	2016	Jamaica	Jamaica	LAC
64	#00BFC4	9700.661114	2017	Jamaica	Jamaica	LAC
64	#00BFC4	9775.620071	2018	Jamaica	Jamaica	LAC
64	#00BFC4	9957.949582	2019	Jamaica	Jamaica	LAC
64	#00BFC4	8908.337097	2020	Jamaica	Jamaica	LAC
64	#00BFC4	9328.313974	2021	Jamaica	Jamaica	LAC
64	#00BFC4	9694.522766	2022	Jamaica	Jamaica	LAC
65	#F8766D	7329.316799	1990	Jordan	Jordan	AS
65	#F8766D	7165.494217	1991	Jordan	Jordan	AS
65	#F8766D	7987.826065	1992	Jordan	Jordan	AS
65	#F8766D	8027.151124	1993	Jordan	Jordan	AS
65	#F8766D	8059.733787	1994	Jordan	Jordan	AS
65	#F8766D	8296.402983	1995	Jordan	Jordan	AS
65	#F8766D	8209.607765	1996	Jordan	Jordan	AS
65	#F8766D	8372.43336	1997	Jordan	Jordan	AS
65	#F8766D	8497.18537	1998	Jordan	Jordan	AS
65	#F8766D	8592.309756	1999	Jordan	Jordan	AS
65	#F8766D	8887.857615	2000	Jordan	Jordan	AS
65	#F8766D	9217.719513	2001	Jordan	Jordan	AS
65	#F8766D	9449.941899	2002	Jordan	Jordan	AS
65	#F8766D	9669.724447	2003	Jordan	Jordan	AS
65	#F8766D	10352.06707	2004	Jordan	Jordan	AS
65	#F8766D	10935.93222	2005	Jordan	Jordan	AS
65	#F8766D	11084.74263	2006	Jordan	Jordan	AS
65	#F8766D	11361.68263	2007	Jordan	Jordan	AS
65	#F8766D	11794.46595	2008	Jordan	Jordan	AS
65	#F8766D	12083.23619	2009	Jordan	Jordan	AS
65	#F8766D	11817.51988	2010	Jordan	Jordan	AS
65	#F8766D	11823.29508	2011	Jordan	Jordan	AS
65	#F8766D	11899.59814	2012	Jordan	Jordan	AS
65	#F8766D	11472.07719	2013	Jordan	Jordan	AS
65	#F8766D	10525.04491	2014	Jordan	Jordan	AS
65	#F8766D	9838.658701	2015	Jordan	Jordan	AS
65	#F8766D	9595.578453	2016	Jordan	Jordan	AS
65	#F8766D	9581.241038	2017	Jordan	Jordan	AS
65	#F8766D	9541.198859	2018	Jordan	Jordan	AS
65	#F8766D	9556.638624	2019	Jordan	Jordan	AS
65	#F8766D	9182.779177	2020	Jordan	Jordan	AS
65	#F8766D	9179.676654	2021	Jordan	Jordan	AS
65	#F8766D	9294.801499	2022	Jordan	Jordan	AS
66	#00BA38	13967.87015	1990	Kazakhstan	Kazakhstan	ECA
66	#00BA38	12344.57542	1991	Kazakhstan	Kazakhstan	ECA
66	#00BA38	11653.92983	1992	Kazakhstan	Kazakhstan	ECA
66	#00BA38	10591.41835	1993	Kazakhstan	Kazakhstan	ECA
66	#00BA38	9366.238725	1994	Kazakhstan	Kazakhstan	ECA
66	#00BA38	8763.226512	1995	Kazakhstan	Kazakhstan	ECA
66	#00BA38	8916.285685	1996	Kazakhstan	Kazakhstan	ECA
66	#00BA38	9183.221889	1997	Kazakhstan	Kazakhstan	ECA
66	#00BA38	9171.225356	1998	Kazakhstan	Kazakhstan	ECA
66	#00BA38	9349.748318	1999	Kazakhstan	Kazakhstan	ECA
66	#00BA38	9993.544494	2000	Kazakhstan	Kazakhstan	ECA
66	#00BA38	11521.95903	2001	Kazakhstan	Kazakhstan	ECA
66	#00BA38	12765.0785	2002	Kazakhstan	Kazakhstan	ECA
66	#00BA38	13734.71075	2003	Kazakhstan	Kazakhstan	ECA
66	#00BA38	14758.68163	2004	Kazakhstan	Kazakhstan	ECA
66	#00BA38	15396.17221	2005	Kazakhstan	Kazakhstan	ECA
66	#00BA38	16317.19092	2006	Kazakhstan	Kazakhstan	ECA
66	#00BA38	17274.6335	2007	Kazakhstan	Kazakhstan	ECA
66	#00BA38	16779.20776	2008	Kazakhstan	Kazakhstan	ECA
66	#00BA38	17769.16532	2009	Kazakhstan	Kazakhstan	ECA
66	#00BA38	17976.27447	2010	Kazakhstan	Kazakhstan	ECA
66	#00BA38	18264.09656	2011	Kazakhstan	Kazakhstan	ECA
66	#00BA38	19217.17935	2012	Kazakhstan	Kazakhstan	ECA
66	#00BA38	21068.97379	2013	Kazakhstan	Kazakhstan	ECA
66	#00BA38	21752.92385	2014	Kazakhstan	Kazakhstan	ECA
66	#00BA38	23136.8885	2015	Kazakhstan	Kazakhstan	ECA
66	#00BA38	22005.08356	2016	Kazakhstan	Kazakhstan	ECA
66	#00BA38	22157.8711	2017	Kazakhstan	Kazakhstan	ECA
66	#00BA38	22171.8375	2018	Kazakhstan	Kazakhstan	ECA
66	#00BA38	22786.55302	2019	Kazakhstan	Kazakhstan	ECA
66	#00BA38	23303.72556	2020	Kazakhstan	Kazakhstan	ECA
66	#00BA38	22601.71819	2021	Kazakhstan	Kazakhstan	ECA
66	#00BA38	22586.79889	2022	Kazakhstan	Kazakhstan	ECA
67	#F564E3	3530.979505	1990	Kenya	Kenya	SSA
67	#F564E3	3453.770636	1991	Kenya	Kenya	SSA
67	#F564E3	3329.577545	1992	Kenya	Kenya	SSA
67	#F564E3	3177.904655	1993	Kenya	Kenya	SSA
67	#F564E3	3198.70541	1994	Kenya	Kenya	SSA
67	#F564E3	3297.633835	1995	Kenya	Kenya	SSA
67	#F564E3	3396.215997	1996	Kenya	Kenya	SSA
67	#F564E3	3338.965038	1997	Kenya	Kenya	SSA
67	#F564E3	3369.564787	1998	Kenya	Kenya	SSA
67	#F564E3	3338.90853	1999	Kenya	Kenya	SSA
67	#F564E3	3272.439595	2000	Kenya	Kenya	SSA
67	#F564E3	3292.064469	2001	Kenya	Kenya	SSA
67	#F564E3	3217.051331	2002	Kenya	Kenya	SSA
67	#F564E3	3209.079725	2003	Kenya	Kenya	SSA
67	#F564E3	3280.830248	2004	Kenya	Kenya	SSA
67	#F564E3	3398.430145	2005	Kenya	Kenya	SSA
67	#F564E3	3504.41026	2006	Kenya	Kenya	SSA
67	#F564E3	3629.116604	2007	Kenya	Kenya	SSA
67	#F564E3	3542.692558	2008	Kenya	Kenya	SSA
67	#F564E3	3098.179269	2009	Kenya	Kenya	SSA
67	#F564E3	3286.193143	2010	Kenya	Kenya	SSA
67	#F564E3	3445.493005	2011	Kenya	Kenya	SSA
67	#F564E3	3480.592969	2012	Kenya	Kenya	SSA
67	#F564E3	3500.859	2013	Kenya	Kenya	SSA
67	#F564E3	3608.409049	2014	Kenya	Kenya	SSA
67	#F564E3	3755.285552	2015	Kenya	Kenya	SSA
67	#F564E3	4187.572651	2016	Kenya	Kenya	SSA
67	#F564E3	4230.839663	2017	Kenya	Kenya	SSA
67	#F564E3	4397.47925	2018	Kenya	Kenya	SSA
67	#F564E3	4527.724842	2019	Kenya	Kenya	SSA
67	#F564E3	4419.657606	2020	Kenya	Kenya	SSA
67	#F564E3	4665.799107	2021	Kenya	Kenya	SSA
67	#F564E3	4807.716317	2022	Kenya	Kenya	SSA
69	#F8766D	54641.72695	1990	Kuwait	Kuwait	AS
69	#F8766D	42617.60836	1991	Kuwait	Kuwait	AS
69	#F8766D	54511.7619	1992	Kuwait	Kuwait	AS
69	#F8766D	64998.8981	1993	Kuwait	Kuwait	AS
69	#F8766D	68814.29026	1994	Kuwait	Kuwait	AS
69	#F8766D	73630.7009	1995	Kuwait	Kuwait	AS
69	#F8766D	72486.5308	1996	Kuwait	Kuwait	AS
69	#F8766D	74455.68487	1997	Kuwait	Kuwait	AS
69	#F8766D	75912.36778	1998	Kuwait	Kuwait	AS
69	#F8766D	68924.13258	1999	Kuwait	Kuwait	AS
69	#F8766D	70491.08881	2000	Kuwait	Kuwait	AS
69	#F8766D	66464.81335	2001	Kuwait	Kuwait	AS
69	#F8766D	63524.52338	2002	Kuwait	Kuwait	AS
69	#F8766D	71439.33871	2003	Kuwait	Kuwait	AS
69	#F8766D	79223.75136	2004	Kuwait	Kuwait	AS
69	#F8766D	84910.56842	2005	Kuwait	Kuwait	AS
69	#F8766D	87907.40121	2006	Kuwait	Kuwait	AS
69	#F8766D	86171.94906	2007	Kuwait	Kuwait	AS
69	#F8766D	80851.05972	2008	Kuwait	Kuwait	AS
69	#F8766D	70744.83853	2009	Kuwait	Kuwait	AS
69	#F8766D	66599.17177	2010	Kuwait	Kuwait	AS
69	#F8766D	67372.20057	2011	Kuwait	Kuwait	AS
69	#F8766D	66283.74874	2012	Kuwait	Kuwait	AS
69	#F8766D	63895.33145	2013	Kuwait	Kuwait	AS
69	#F8766D	62999.7144	2014	Kuwait	Kuwait	AS
69	#F8766D	60058.00621	2015	Kuwait	Kuwait	AS
69	#F8766D	59516.53996	2016	Kuwait	Kuwait	AS
69	#F8766D	57787.43078	2017	Kuwait	Kuwait	AS
69	#F8766D	56197.66491	2018	Kuwait	Kuwait	AS
69	#F8766D	54606.28912	2019	Kuwait	Kuwait	AS
69	#F8766D	50504.71761	2020	Kuwait	Kuwait	AS
69	#F8766D	52672.16933	2021	Kuwait	Kuwait	AS
69	#F8766D	56729.18152	2022	Kuwait	Kuwait	AS
70	#00BA38	5158.771317	1990	Kyrgyzstan	Kyrgyzstan	ECA
70	#00BA38	4678.506292	1991	Kyrgyzstan	Kyrgyzstan	ECA
70	#00BA38	3991.41314	1992	Kyrgyzstan	Kyrgyzstan	ECA
70	#00BA38	3361.234013	1993	Kyrgyzstan	Kyrgyzstan	ECA
70	#00BA38	2628.271232	1994	Kyrgyzstan	Kyrgyzstan	ECA
70	#00BA38	2453.120945	1995	Kyrgyzstan	Kyrgyzstan	ECA
70	#00BA38	2603.298478	1996	Kyrgyzstan	Kyrgyzstan	ECA
70	#00BA38	2776.016503	1997	Kyrgyzstan	Kyrgyzstan	ECA
70	#00BA38	2766.706583	1998	Kyrgyzstan	Kyrgyzstan	ECA
70	#00BA38	2782.348363	1999	Kyrgyzstan	Kyrgyzstan	ECA
70	#00BA38	2888.322386	2000	Kyrgyzstan	Kyrgyzstan	ECA
70	#00BA38	3086.618842	2001	Kyrgyzstan	Kyrgyzstan	ECA
70	#00BA38	3069.604945	2002	Kyrgyzstan	Kyrgyzstan	ECA
70	#00BA38	3262.038416	2003	Kyrgyzstan	Kyrgyzstan	ECA
70	#00BA38	3396.482032	2004	Kyrgyzstan	Kyrgyzstan	ECA
70	#00BA38	3394.227671	2005	Kyrgyzstan	Kyrgyzstan	ECA
70	#00BA38	3533.266593	2006	Kyrgyzstan	Kyrgyzstan	ECA
70	#00BA38	3813.744666	2007	Kyrgyzstan	Kyrgyzstan	ECA
70	#00BA38	3978.47981	2008	Kyrgyzstan	Kyrgyzstan	ECA
70	#00BA38	4053.88964	2009	Kyrgyzstan	Kyrgyzstan	ECA
70	#00BA38	3889.734936	2010	Kyrgyzstan	Kyrgyzstan	ECA
70	#00BA38	3867.145395	2011	Kyrgyzstan	Kyrgyzstan	ECA
70	#00BA38	4160.447227	2012	Kyrgyzstan	Kyrgyzstan	ECA
70	#00BA38	4379.803244	2013	Kyrgyzstan	Kyrgyzstan	ECA
70	#00BA38	4540.283615	2014	Kyrgyzstan	Kyrgyzstan	ECA
70	#00BA38	4632.765992	2015	Kyrgyzstan	Kyrgyzstan	ECA
70	#00BA38	4659.189545	2016	Kyrgyzstan	Kyrgyzstan	ECA
70	#00BA38	4803.232306	2017	Kyrgyzstan	Kyrgyzstan	ECA
70	#00BA38	4980.634914	2018	Kyrgyzstan	Kyrgyzstan	ECA
70	#00BA38	4756.633268	2019	Kyrgyzstan	Kyrgyzstan	ECA
70	#00BA38	4566.176937	2020	Kyrgyzstan	Kyrgyzstan	ECA
70	#00BA38	4542.389407	2021	Kyrgyzstan	Kyrgyzstan	ECA
70	#00BA38	4781.692046	2022	Kyrgyzstan	Kyrgyzstan	ECA
71	#B79F00	1918.79479	1990	Lao People's Democratic Republic	Lao People's Democratic Republic	EAP
71	#B79F00	1945.861004	1991	Lao People's Democratic Republic	Lao People's Democratic Republic	EAP
71	#B79F00	1998.259549	1992	Lao People's Democratic Republic	Lao People's Democratic Republic	EAP
71	#B79F00	2059.548231	1993	Lao People's Democratic Republic	Lao People's Democratic Republic	EAP
71	#B79F00	2159.833942	1994	Lao People's Democratic Republic	Lao People's Democratic Republic	EAP
71	#B79F00	2259.491181	1995	Lao People's Democratic Republic	Lao People's Democratic Republic	EAP
71	#B79F00	2358.571103	1996	Lao People's Democratic Republic	Lao People's Democratic Republic	EAP
71	#B79F00	2418.488679	1997	Lao People's Democratic Republic	Lao People's Democratic Republic	EAP
71	#B79F00	2457.219282	1998	Lao People's Democratic Republic	Lao People's Democratic Republic	EAP
71	#B79F00	2625.378884	1999	Lao People's Democratic Republic	Lao People's Democratic Republic	EAP
71	#B79F00	2661.489139	2000	Lao People's Democratic Republic	Lao People's Democratic Republic	EAP
71	#B79F00	2774.992803	2001	Lao People's Democratic Republic	Lao People's Democratic Republic	EAP
71	#B79F00	2927.219155	2002	Lao People's Democratic Republic	Lao People's Democratic Republic	EAP
71	#B79F00	3001.765236	2003	Lao People's Democratic Republic	Lao People's Democratic Republic	EAP
71	#B79F00	3218.955845	2004	Lao People's Democratic Republic	Lao People's Democratic Republic	EAP
71	#B79F00	3446.874078	2005	Lao People's Democratic Republic	Lao People's Democratic Republic	EAP
71	#B79F00	3254.61344	2006	Lao People's Democratic Republic	Lao People's Democratic Republic	EAP
71	#B79F00	3868.847048	2007	Lao People's Democratic Republic	Lao People's Democratic Republic	EAP
71	#B79F00	4054.782974	2008	Lao People's Democratic Republic	Lao People's Democratic Republic	EAP
71	#B79F00	4377.107329	2009	Lao People's Democratic Republic	Lao People's Democratic Republic	EAP
71	#B79F00	4494.575332	2010	Lao People's Democratic Republic	Lao People's Democratic Republic	EAP
71	#B79F00	4763.415317	2011	Lao People's Democratic Republic	Lao People's Democratic Republic	EAP
71	#B79F00	5110.435742	2012	Lao People's Democratic Republic	Lao People's Democratic Republic	EAP
71	#B79F00	5477.818458	2013	Lao People's Democratic Republic	Lao People's Democratic Republic	EAP
71	#B79F00	5874.394518	2014	Lao People's Democratic Republic	Lao People's Democratic Republic	EAP
71	#B79F00	6210.046541	2015	Lao People's Democratic Republic	Lao People's Democratic Republic	EAP
71	#B79F00	6556.077227	2016	Lao People's Democratic Republic	Lao People's Democratic Republic	EAP
71	#B79F00	6830.667101	2017	Lao People's Democratic Republic	Lao People's Democratic Republic	EAP
71	#B79F00	7219.498952	2018	Lao People's Democratic Republic	Lao People's Democratic Republic	EAP
71	#B79F00	7386.419301	2019	Lao People's Democratic Republic	Lao People's Democratic Republic	EAP
71	#B79F00	7503.995874	2020	Lao People's Democratic Republic	Lao People's Democratic Republic	EAP
71	#B79F00	7646.722985	2021	Lao People's Democratic Republic	Lao People's Democratic Republic	EAP
71	#B79F00	7744.837346	2022	Lao People's Democratic Republic	Lao People's Democratic Republic	EAP
73	#F564E3	2264.706006	1990	Lesotho	Lesotho	SSA
73	#F564E3	2179.802838	1991	Lesotho	Lesotho	SSA
73	#F564E3	2180.439172	1992	Lesotho	Lesotho	SSA
73	#F564E3	2194.667326	1993	Lesotho	Lesotho	SSA
73	#F564E3	2173.281703	1994	Lesotho	Lesotho	SSA
73	#F564E3	2186.02873	1995	Lesotho	Lesotho	SSA
73	#F564E3	2268.667591	1996	Lesotho	Lesotho	SSA
73	#F564E3	2386.097872	1997	Lesotho	Lesotho	SSA
73	#F564E3	2763.4791	1998	Lesotho	Lesotho	SSA
73	#F564E3	2781.430159	1999	Lesotho	Lesotho	SSA
73	#F564E3	2724.177209	2000	Lesotho	Lesotho	SSA
73	#F564E3	2694.181263	2001	Lesotho	Lesotho	SSA
73	#F564E3	2724.225264	2002	Lesotho	Lesotho	SSA
73	#F564E3	2827.857441	2003	Lesotho	Lesotho	SSA
73	#F564E3	2810.747334	2004	Lesotho	Lesotho	SSA
73	#F564E3	2695.302296	2005	Lesotho	Lesotho	SSA
73	#F564E3	2703.858516	2006	Lesotho	Lesotho	SSA
73	#F564E3	2980.869148	2007	Lesotho	Lesotho	SSA
73	#F564E3	3062.253677	2008	Lesotho	Lesotho	SSA
73	#F564E3	2888.062565	2009	Lesotho	Lesotho	SSA
73	#F564E3	2963.310944	2010	Lesotho	Lesotho	SSA
73	#F564E3	2887.770335	2011	Lesotho	Lesotho	SSA
73	#F564E3	2945.453336	2012	Lesotho	Lesotho	SSA
73	#F564E3	2931.933532	2013	Lesotho	Lesotho	SSA
73	#F564E3	2878.349892	2014	Lesotho	Lesotho	SSA
73	#F564E3	2959.839091	2015	Lesotho	Lesotho	SSA
73	#F564E3	3064.062291	2016	Lesotho	Lesotho	SSA
73	#F564E3	2920.962145	2017	Lesotho	Lesotho	SSA
73	#F564E3	2821.925719	2018	Lesotho	Lesotho	SSA
73	#F564E3	2824.238412	2019	Lesotho	Lesotho	SSA
73	#F564E3	2741.093409	2020	Lesotho	Lesotho	SSA
73	#F564E3	2721.557356	2021	Lesotho	Lesotho	SSA
73	#F564E3	2708.731464	2022	Lesotho	Lesotho	SSA
75	#F8766D	26943.62201	1990	Libya	Libya	AS
75	#F8766D	30405.51736	1991	Libya	Libya	AS
75	#F8766D	28898.14989	1992	Libya	Libya	AS
75	#F8766D	27207.9712	1993	Libya	Libya	AS
75	#F8766D	27153.59291	1994	Libya	Libya	AS
75	#F8766D	26021.79719	1995	Libya	Libya	AS
75	#F8766D	26093.69593	1996	Libya	Libya	AS
75	#F8766D	27015.01693	1997	Libya	Libya	AS
75	#F8766D	25693.51408	1998	Libya	Libya	AS
75	#F8766D	25415.30802	1999	Libya	Libya	AS
75	#F8766D	25462.67182	2000	Libya	Libya	AS
75	#F8766D	25051.8943	2001	Libya	Libya	AS
75	#F8766D	24723.40468	2002	Libya	Libya	AS
75	#F8766D	27941.2857	2003	Libya	Libya	AS
75	#F8766D	28160.84227	2004	Libya	Libya	AS
75	#F8766D	30849.58809	2005	Libya	Libya	AS
75	#F8766D	32863.8322	2006	Libya	Libya	AS
75	#F8766D	34056.78863	2007	Libya	Libya	AS
75	#F8766D	33146.14337	2008	Libya	Libya	AS
75	#F8766D	31068.06663	2009	Libya	Libya	AS
75	#F8766D	31983.02202	2010	Libya	Libya	AS
75	#F8766D	16349.90777	2011	Libya	Libya	AS
75	#F8766D	31359.89939	2012	Libya	Libya	AS
75	#F8766D	25008.4857	2013	Libya	Libya	AS
75	#F8766D	19611.72473	2014	Libya	Libya	AS
75	#F8766D	19444.29036	2015	Libya	Libya	AS
75	#F8766D	18731.70808	2016	Libya	Libya	AS
75	#F8766D	24675.15426	2017	Libya	Libya	AS
75	#F8766D	26045.32236	2018	Libya	Libya	AS
75	#F8766D	22994.23912	2019	Libya	Libya	AS
75	#F8766D	15903.29971	2020	Libya	Libya	AS
75	#F8766D	20227.77591	2021	Libya	Libya	AS
75	#F8766D	19751.56758	2022	Libya	Libya	AS
77	#F564E3	915.0086761	1990	Malawi	Malawi	SSA
77	#F564E3	965.3507886	1991	Malawi	Malawi	SSA
77	#F564E3	869.4606571	1992	Malawi	Malawi	SSA
77	#F564E3	940.5414888	1993	Malawi	Malawi	SSA
77	#F564E3	854.680072	1994	Malawi	Malawi	SSA
77	#F564E3	999.5306665	1995	Malawi	Malawi	SSA
77	#F564E3	1052.094036	1996	Malawi	Malawi	SSA
77	#F564E3	1070.995723	1997	Malawi	Malawi	SSA
77	#F564E3	1089.927698	1998	Malawi	Malawi	SSA
77	#F564E3	1098.370963	1999	Malawi	Malawi	SSA
77	#F564E3	1090.304104	2000	Malawi	Malawi	SSA
77	#F564E3	1011.785708	2001	Malawi	Malawi	SSA
77	#F564E3	1004.041368	2002	Malawi	Malawi	SSA
77	#F564E3	1034.683819	2003	Malawi	Malawi	SSA
77	#F564E3	1062.348894	2004	Malawi	Malawi	SSA
77	#F564E3	1067.461465	2005	Malawi	Malawi	SSA
77	#F564E3	1086.734921	2006	Malawi	Malawi	SSA
77	#F564E3	1157.775027	2007	Malawi	Malawi	SSA
77	#F564E3	1210.877997	2008	Malawi	Malawi	SSA
77	#F564E3	1274.154689	2009	Malawi	Malawi	SSA
77	#F564E3	1322.92992	2010	Malawi	Malawi	SSA
77	#F564E3	1348.988245	2011	Malawi	Malawi	SSA
77	#F564E3	1336.228324	2012	Malawi	Malawi	SSA
77	#F564E3	1369.538709	2013	Malawi	Malawi	SSA
77	#F564E3	1406.793918	2014	Malawi	Malawi	SSA
77	#F564E3	1406.827724	2015	Malawi	Malawi	SSA
77	#F564E3	1403.335355	2016	Malawi	Malawi	SSA
77	#F564E3	1420.654739	2017	Malawi	Malawi	SSA
77	#F564E3	1443.747419	2018	Malawi	Malawi	SSA
77	#F564E3	1482.104454	2019	Malawi	Malawi	SSA
77	#F564E3	1454.661811	2020	Malawi	Malawi	SSA
77	#F564E3	1456.158176	2021	Malawi	Malawi	SSA
77	#F564E3	1432.472806	2022	Malawi	Malawi	SSA
78	#B79F00	10209.35456	1990	Malaysia	Malaysia	EAP
78	#B79F00	10766.66043	1991	Malaysia	Malaysia	EAP
78	#B79F00	11404.81276	1992	Malaysia	Malaysia	EAP
78	#B79F00	12217.88443	1993	Malaysia	Malaysia	EAP
78	#B79F00	12995.37815	1994	Malaysia	Malaysia	EAP
78	#B79F00	13862.95753	1995	Malaysia	Malaysia	EAP
78	#B79F00	14854.03536	1996	Malaysia	Malaysia	EAP
78	#B79F00	15397.48971	1997	Malaysia	Malaysia	EAP
78	#B79F00	13872.98364	1998	Malaysia	Malaysia	EAP
78	#B79F00	14100.85328	1999	Malaysia	Malaysia	EAP
78	#B79F00	14747.65195	2000	Malaysia	Malaysia	EAP
78	#B79F00	14692.03684	2001	Malaysia	Malaysia	EAP
78	#B79F00	15142.33417	2002	Malaysia	Malaysia	EAP
78	#B79F00	15838.66638	2003	Malaysia	Malaysia	EAP
78	#B79F00	16512.29032	2004	Malaysia	Malaysia	EAP
78	#B79F00	17166.00666	2005	Malaysia	Malaysia	EAP
78	#B79F00	17986.87031	2006	Malaysia	Malaysia	EAP
78	#B79F00	18861.51362	2007	Malaysia	Malaysia	EAP
78	#B79F00	19155.9859	2008	Malaysia	Malaysia	EAP
78	#B79F00	18734.68225	2009	Malaysia	Malaysia	EAP
78	#B79F00	19501.46237	2010	Malaysia	Malaysia	EAP
78	#B79F00	20382.69084	2011	Malaysia	Malaysia	EAP
78	#B79F00	20862.54955	2012	Malaysia	Malaysia	EAP
78	#B79F00	21605.79184	2013	Malaysia	Malaysia	EAP
78	#B79F00	22568.72905	2014	Malaysia	Malaysia	EAP
78	#B79F00	23494.47158	2015	Malaysia	Malaysia	EAP
78	#B79F00	24178.17869	2016	Malaysia	Malaysia	EAP
78	#B79F00	25204.5409	2017	Malaysia	Malaysia	EAP
78	#B79F00	26002.09116	2018	Malaysia	Malaysia	EAP
78	#B79F00	26950.91546	2019	Malaysia	Malaysia	EAP
78	#B79F00	25314.33845	2020	Malaysia	Malaysia	EAP
78	#B79F00	25619.19829	2021	Malaysia	Malaysia	EAP
78	#B79F00	27295.41224	2022	Malaysia	Malaysia	EAP
80	#F564E3	1330.966126	1990	Mali	Mali	SSA
80	#F564E3	1465.712189	1991	Mali	Mali	SSA
80	#F564E3	1387.941777	1992	Mali	Mali	SSA
80	#F564E3	1407.147937	1993	Mali	Mali	SSA
80	#F564E3	1413.235637	1994	Mali	Mali	SSA
80	#F564E3	1386.833868	1995	Mali	Mali	SSA
80	#F564E3	1453.054575	1996	Mali	Mali	SSA
80	#F564E3	1486.838605	1997	Mali	Mali	SSA
80	#F564E3	1562.322879	1998	Mali	Mali	SSA
80	#F564E3	1615.144307	1999	Mali	Mali	SSA
80	#F564E3	1572.586564	2000	Mali	Mali	SSA
80	#F564E3	1694.504955	2001	Mali	Mali	SSA
80	#F564E3	1670.312065	2002	Mali	Mali	SSA
80	#F564E3	1815.665222	2003	Mali	Mali	SSA
80	#F564E3	1785.697685	2004	Mali	Mali	SSA
80	#F564E3	1841.853247	2005	Mali	Mali	SSA
80	#F564E3	1854.398432	2006	Mali	Mali	SSA
80	#F564E3	1858.566469	2007	Mali	Mali	SSA
80	#F564E3	1893.502775	2008	Mali	Mali	SSA
80	#F564E3	1888.819716	2009	Mali	Mali	SSA
80	#F564E3	1937.948872	2010	Mali	Mali	SSA
80	#F564E3	1941.54647	2011	Mali	Mali	SSA
80	#F564E3	1865.392513	2012	Mali	Mali	SSA
80	#F564E3	1865.700614	2013	Mali	Mali	SSA
80	#F564E3	1948.201167	2014	Mali	Mali	SSA
80	#F564E3	2013.092995	2015	Mali	Mali	SSA
80	#F564E3	2053.328244	2016	Mali	Mali	SSA
80	#F564E3	2083.633911	2017	Mali	Mali	SSA
80	#F564E3	2122.26722	2018	Mali	Mali	SSA
80	#F564E3	2131.324826	2019	Mali	Mali	SSA
80	#F564E3	2030.440841	2020	Mali	Mali	SSA
80	#F564E3	2020.453152	2021	Mali	Mali	SSA
80	#F564E3	2043.672433	2022	Mali	Mali	SSA
82	#F564E3	4448.710057	1990	Mauritania	Mauritania	SSA
82	#F564E3	4442.628326	1991	Mauritania	Mauritania	SSA
82	#F564E3	4363.648173	1992	Mauritania	Mauritania	SSA
82	#F564E3	4410.507929	1993	Mauritania	Mauritania	SSA
82	#F564E3	4123.036439	1994	Mauritania	Mauritania	SSA
82	#F564E3	4405.201048	1995	Mauritania	Mauritania	SSA
82	#F564E3	4756.648393	1996	Mauritania	Mauritania	SSA
82	#F564E3	4451.063771	1997	Mauritania	Mauritania	SSA
82	#F564E3	4475.891099	1998	Mauritania	Mauritania	SSA
82	#F564E3	4524.648298	1999	Mauritania	Mauritania	SSA
82	#F564E3	4200.996191	2000	Mauritania	Mauritania	SSA
82	#F564E3	3975.02927	2001	Mauritania	Mauritania	SSA
82	#F564E3	4120.646237	2002	Mauritania	Mauritania	SSA
82	#F564E3	4304.51714	2003	Mauritania	Mauritania	SSA
82	#F564E3	4408.611626	2004	Mauritania	Mauritania	SSA
82	#F564E3	4660.940673	2005	Mauritania	Mauritania	SSA
82	#F564E3	5182.303963	2006	Mauritania	Mauritania	SSA
82	#F564E3	4988.408276	2007	Mauritania	Mauritania	SSA
82	#F564E3	4895.678584	2008	Mauritania	Mauritania	SSA
82	#F564E3	4841.638357	2009	Mauritania	Mauritania	SSA
82	#F564E3	4711.317396	2010	Mauritania	Mauritania	SSA
82	#F564E3	4692.380081	2011	Mauritania	Mauritania	SSA
82	#F564E3	4725.941909	2012	Mauritania	Mauritania	SSA
82	#F564E3	4792.800933	2013	Mauritania	Mauritania	SSA
82	#F564E3	4830.59729	2014	Mauritania	Mauritania	SSA
82	#F564E3	5010.955073	2015	Mauritania	Mauritania	SSA
82	#F564E3	4986.597394	2016	Mauritania	Mauritania	SSA
82	#F564E3	5184.308037	2017	Mauritania	Mauritania	SSA
82	#F564E3	5338.855639	2018	Mauritania	Mauritania	SSA
82	#F564E3	5432.671932	2019	Mauritania	Mauritania	SSA
82	#F564E3	5237.615912	2020	Mauritania	Mauritania	SSA
82	#F564E3	5210.342944	2021	Mauritania	Mauritania	SSA
82	#F564E3	5343.564069	2022	Mauritania	Mauritania	SSA
83	#F564E3	8174.476757	1990	Mauritius	Mauritius	SSA
83	#F564E3	8487.315781	1991	Mauritius	Mauritius	SSA
83	#F564E3	8909.856498	1992	Mauritius	Mauritius	SSA
83	#F564E3	9216.954344	1993	Mauritius	Mauritius	SSA
83	#F564E3	9415.180476	1994	Mauritius	Mauritius	SSA
83	#F564E3	9741.958532	1995	Mauritius	Mauritius	SSA
83	#F564E3	10081.35696	1996	Mauritius	Mauritius	SSA
83	#F564E3	10622.44025	1997	Mauritius	Mauritius	SSA
83	#F564E3	11143.29173	1998	Mauritius	Mauritius	SSA
83	#F564E3	11344.12607	1999	Mauritius	Mauritius	SSA
83	#F564E3	12147.79935	2000	Mauritius	Mauritius	SSA
83	#F564E3	12582.88275	2001	Mauritius	Mauritius	SSA
83	#F564E3	12699.47416	2002	Mauritius	Mauritius	SSA
83	#F564E3	13212.43611	2003	Mauritius	Mauritius	SSA
83	#F564E3	13761.0278	2004	Mauritius	Mauritius	SSA
83	#F564E3	13913.91416	2005	Mauritius	Mauritius	SSA
83	#F564E3	14674.57191	2006	Mauritius	Mauritius	SSA
83	#F564E3	15790.74561	2007	Mauritius	Mauritius	SSA
83	#F564E3	16373.20792	2008	Mauritius	Mauritius	SSA
83	#F564E3	16546.92266	2009	Mauritius	Mauritius	SSA
83	#F564E3	17522.67512	2010	Mauritius	Mauritius	SSA
83	#F564E3	18039.02721	2011	Mauritius	Mauritius	SSA
83	#F564E3	18629.23552	2012	Mauritius	Mauritius	SSA
83	#F564E3	19353.48581	2013	Mauritius	Mauritius	SSA
83	#F564E3	19939.28659	2014	Mauritius	Mauritius	SSA
83	#F564E3	20682.69268	2015	Mauritius	Mauritius	SSA
83	#F564E3	21204.2628	2016	Mauritius	Mauritius	SSA
83	#F564E3	22380.7368	2017	Mauritius	Mauritius	SSA
83	#F564E3	23333.6374	2018	Mauritius	Mauritius	SSA
83	#F564E3	24213.21981	2019	Mauritius	Mauritius	SSA
83	#F564E3	20596.60433	2020	Mauritius	Mauritius	SSA
83	#F564E3	21199.46345	2021	Mauritius	Mauritius	SSA
83	#F564E3	23251.62071	2022	Mauritius	Mauritius	SSA
84	#00BFC4	14735.41298	1990	Mexico	Mexico	LAC
84	#00BFC4	15114.65832	1991	Mexico	Mexico	LAC
84	#00BFC4	15356.6141	1992	Mexico	Mexico	LAC
84	#00BFC4	15574.05843	1993	Mexico	Mexico	LAC
84	#00BFC4	16021.08213	1994	Mexico	Mexico	LAC
84	#00BFC4	14534.79383	1995	Mexico	Mexico	LAC
84	#00BFC4	15302.01171	1996	Mexico	Mexico	LAC
84	#00BFC4	16204.28467	1997	Mexico	Mexico	LAC
84	#00BFC4	16755.68444	1998	Mexico	Mexico	LAC
84	#00BFC4	16998.5177	1999	Mexico	Mexico	LAC
84	#00BFC4	17562.61123	2000	Mexico	Mexico	LAC
84	#00BFC4	17273.12543	2001	Mexico	Mexico	LAC
84	#00BFC4	17028.0568	2002	Mexico	Mexico	LAC
84	#00BFC4	17014.12706	2003	Mexico	Mexico	LAC
84	#00BFC4	17467.55788	2004	Mexico	Mexico	LAC
84	#00BFC4	17507.35638	2005	Mexico	Mexico	LAC
84	#00BFC4	18146.75435	2006	Mexico	Mexico	LAC
84	#00BFC4	18290.88996	2007	Mexico	Mexico	LAC
84	#00BFC4	18319.66117	2008	Mexico	Mexico	LAC
84	#00BFC4	17090.62063	2009	Mexico	Mexico	LAC
84	#00BFC4	17819.56652	2010	Mexico	Mexico	LAC
84	#00BFC4	18134.34709	2011	Mexico	Mexico	LAC
84	#00BFC4	18472.18891	2012	Mexico	Mexico	LAC
84	#00BFC4	18297.60348	2013	Mexico	Mexico	LAC
84	#00BFC4	18671.64772	2014	Mexico	Mexico	LAC
84	#00BFC4	19044.73057	2015	Mexico	Mexico	LAC
84	#00BFC4	19305.80753	2016	Mexico	Mexico	LAC
84	#00BFC4	19512.28817	2017	Mexico	Mexico	LAC
84	#00BFC4	19726.18934	2018	Mexico	Mexico	LAC
84	#00BFC4	19471.08158	2019	Mexico	Mexico	LAC
84	#00BFC4	17721.21226	2020	Mexico	Mexico	LAC
84	#00BFC4	18582.11081	2021	Mexico	Mexico	LAC
84	#00BFC4	19138.00726	2022	Mexico	Mexico	LAC
86	#00BA38	14067.23025	1990	Moldova (Republic of)	Moldova (Republic of)	ECA
86	#00BA38	11579.7015	1991	Moldova (Republic of)	Moldova (Republic of)	ECA
86	#00BA38	8134.997648	1992	Moldova (Republic of)	Moldova (Republic of)	ECA
86	#00BA38	8062.764081	1993	Moldova (Republic of)	Moldova (Republic of)	ECA
86	#00BA38	5591.631758	1994	Moldova (Republic of)	Moldova (Republic of)	ECA
86	#00BA38	5569.29	1995	Moldova (Republic of)	Moldova (Republic of)	ECA
86	#00BA38	5462.932438	1996	Moldova (Republic of)	Moldova (Republic of)	ECA
86	#00BA38	5568.207085	1997	Moldova (Republic of)	Moldova (Republic of)	ECA
86	#00BA38	5135.334622	1998	Moldova (Republic of)	Moldova (Republic of)	ECA
86	#00BA38	5020.586462	1999	Moldova (Republic of)	Moldova (Republic of)	ECA
86	#00BA38	5234.577163	2000	Moldova (Republic of)	Moldova (Republic of)	ECA
86	#00BA38	5695.230344	2001	Moldova (Republic of)	Moldova (Republic of)	ECA
86	#00BA38	6284.207721	2002	Moldova (Republic of)	Moldova (Republic of)	ECA
86	#00BA38	6821.161266	2003	Moldova (Republic of)	Moldova (Republic of)	ECA
86	#00BA38	7459.796973	2004	Moldova (Republic of)	Moldova (Republic of)	ECA
86	#00BA38	8016.722202	2005	Moldova (Republic of)	Moldova (Republic of)	ECA
86	#00BA38	8302.752908	2006	Moldova (Republic of)	Moldova (Republic of)	ECA
86	#00BA38	8404.980127	2007	Moldova (Republic of)	Moldova (Republic of)	ECA
86	#00BA38	9097.218074	2008	Moldova (Republic of)	Moldova (Republic of)	ECA
86	#00BA38	8271.048497	2009	Moldova (Republic of)	Moldova (Republic of)	ECA
86	#00BA38	9022.111316	2010	Moldova (Republic of)	Moldova (Republic of)	ECA
86	#00BA38	9527.407817	2011	Moldova (Republic of)	Moldova (Republic of)	ECA
86	#00BA38	9694.757944	2012	Moldova (Republic of)	Moldova (Republic of)	ECA
86	#00BA38	10580.40618	2013	Moldova (Republic of)	Moldova (Republic of)	ECA
86	#00BA38	11053.90484	2014	Moldova (Republic of)	Moldova (Republic of)	ECA
86	#00BA38	10807.27897	2015	Moldova (Republic of)	Moldova (Republic of)	ECA
86	#00BA38	11438.70712	2016	Moldova (Republic of)	Moldova (Republic of)	ECA
86	#00BA38	12133.42925	2017	Moldova (Republic of)	Moldova (Republic of)	ECA
86	#00BA38	12720.15346	2018	Moldova (Republic of)	Moldova (Republic of)	ECA
86	#00BA38	13450.20058	2019	Moldova (Republic of)	Moldova (Republic of)	ECA
86	#00BA38	12262.79264	2020	Moldova (Republic of)	Moldova (Republic of)	ECA
86	#00BA38	13872.06309	2021	Moldova (Republic of)	Moldova (Republic of)	ECA
86	#00BA38	12963.61829	2022	Moldova (Republic of)	Moldova (Republic of)	ECA
87	#B79F00	4551.658099	1990	Mongolia	Mongolia	EAP
87	#B79F00	4357.159185	1991	Mongolia	Mongolia	EAP
87	#B79F00	3964.611052	1992	Mongolia	Mongolia	EAP
87	#B79F00	3641.462652	1993	Mongolia	Mongolia	EAP
87	#B79F00	3789.919078	1994	Mongolia	Mongolia	EAP
87	#B79F00	4086.943169	1995	Mongolia	Mongolia	EAP
87	#B79F00	4127.745414	1996	Mongolia	Mongolia	EAP
87	#B79F00	4243.431048	1997	Mongolia	Mongolia	EAP
87	#B79F00	4392.191472	1998	Mongolia	Mongolia	EAP
87	#B79F00	4464.577078	1999	Mongolia	Mongolia	EAP
87	#B79F00	4469.021128	2000	Mongolia	Mongolia	EAP
87	#B79F00	4518.701182	2001	Mongolia	Mongolia	EAP
87	#B79F00	4737.96457	2002	Mongolia	Mongolia	EAP
87	#B79F00	4988.770144	2003	Mongolia	Mongolia	EAP
87	#B79F00	5658.09353	2004	Mongolia	Mongolia	EAP
87	#B79F00	5818.412056	2005	Mongolia	Mongolia	EAP
87	#B79F00	6311.692741	2006	Mongolia	Mongolia	EAP
87	#B79F00	6819.79528	2007	Mongolia	Mongolia	EAP
87	#B79F00	7288.647051	2008	Mongolia	Mongolia	EAP
87	#B79F00	7020.253481	2009	Mongolia	Mongolia	EAP
87	#B79F00	7001.737024	2010	Mongolia	Mongolia	EAP
87	#B79F00	8058.269315	2011	Mongolia	Mongolia	EAP
87	#B79F00	8926.807936	2012	Mongolia	Mongolia	EAP
87	#B79F00	10031.4993	2013	Mongolia	Mongolia	EAP
87	#B79F00	10320.11966	2014	Mongolia	Mongolia	EAP
87	#B79F00	10356.12894	2015	Mongolia	Mongolia	EAP
87	#B79F00	10266.59836	2016	Mongolia	Mongolia	EAP
87	#B79F00	9829.690086	2017	Mongolia	Mongolia	EAP
87	#B79F00	10981.62535	2018	Mongolia	Mongolia	EAP
87	#B79F00	11073.97333	2019	Mongolia	Mongolia	EAP
87	#B79F00	10575.03908	2020	Mongolia	Mongolia	EAP
87	#B79F00	9747.023192	2021	Mongolia	Mongolia	EAP
87	#B79F00	10350.86141	2022	Mongolia	Mongolia	EAP
89	#F8766D	3999.676758	1990	Morocco	Morocco	AS
89	#F8766D	4205.175293	1991	Morocco	Morocco	AS
89	#F8766D	4063.695801	1992	Morocco	Morocco	AS
89	#F8766D	3945.784424	1993	Morocco	Morocco	AS
89	#F8766D	4321.581543	1994	Morocco	Morocco	AS
89	#F8766D	4007.58252	1995	Morocco	Morocco	AS
89	#F8766D	4472.651855	1996	Morocco	Morocco	AS
89	#F8766D	4333.90918	1997	Morocco	Morocco	AS
89	#F8766D	4610.281738	1998	Morocco	Morocco	AS
89	#F8766D	4626.713379	1999	Morocco	Morocco	AS
89	#F8766D	4677.170898	2000	Morocco	Morocco	AS
89	#F8766D	4978.098633	2001	Morocco	Morocco	AS
89	#F8766D	5113.145996	2002	Morocco	Morocco	AS
89	#F8766D	5371.904785	2003	Morocco	Morocco	AS
89	#F8766D	5567.89502	2004	Morocco	Morocco	AS
89	#F8766D	5699.209473	2005	Morocco	Morocco	AS
89	#F8766D	6054.887695	2006	Morocco	Morocco	AS
89	#F8766D	6193.030762	2007	Morocco	Morocco	AS
89	#F8766D	6469.0625	2008	Morocco	Morocco	AS
89	#F8766D	6544.930176	2009	Morocco	Morocco	AS
89	#F8766D	6684.600586	2010	Morocco	Morocco	AS
89	#F8766D	6937.933594	2011	Morocco	Morocco	AS
89	#F8766D	7029.493652	2012	Morocco	Morocco	AS
89	#F8766D	7266.277832	2013	Morocco	Morocco	AS
89	#F8766D	7315.503418	2014	Morocco	Morocco	AS
89	#F8766D	7568.45166	2015	Morocco	Morocco	AS
89	#F8766D	7525.547852	2016	Morocco	Morocco	AS
89	#F8766D	7799.584473	2017	Morocco	Morocco	AS
89	#F8766D	7950.918457	2018	Morocco	Morocco	AS
89	#F8766D	8093.258789	2019	Morocco	Morocco	AS
89	#F8766D	7473.866211	2020	Morocco	Morocco	AS
89	#F8766D	7947.897949	2021	Morocco	Morocco	AS
89	#F8766D	7954.522461	2022	Morocco	Morocco	AS
90	#F564E3	443.6287718	1990	Mozambique	Mozambique	SSA
90	#F564E3	460.4362423	1991	Mozambique	Mozambique	SSA
90	#F564E3	415.6825682	1992	Mozambique	Mozambique	SSA
90	#F564E3	448.7568989	1993	Mozambique	Mozambique	SSA
90	#F564E3	455.0614818	1994	Mozambique	Mozambique	SSA
90	#F564E3	450.0676175	1995	Mozambique	Mozambique	SSA
90	#F564E3	491.6361237	1996	Mozambique	Mozambique	SSA
90	#F564E3	535.3138931	1997	Mozambique	Mozambique	SSA
90	#F564E3	570.7682118	1998	Mozambique	Mozambique	SSA
90	#F564E3	624.7418202	1999	Mozambique	Mozambique	SSA
90	#F564E3	608.6782352	2000	Mozambique	Mozambique	SSA
90	#F564E3	660.4795327	2001	Mozambique	Mozambique	SSA
90	#F564E3	657.7826961	2002	Mozambique	Mozambique	SSA
90	#F564E3	743.7658677	2003	Mozambique	Mozambique	SSA
90	#F564E3	784.9239942	2004	Mozambique	Mozambique	SSA
90	#F564E3	798.6799631	2005	Mozambique	Mozambique	SSA
90	#F564E3	828.8803	2006	Mozambique	Mozambique	SSA
90	#F564E3	881.3190632	2007	Mozambique	Mozambique	SSA
90	#F564E3	926.0131114	2008	Mozambique	Mozambique	SSA
90	#F564E3	988.1886934	2009	Mozambique	Mozambique	SSA
90	#F564E3	1014.95404	2010	Mozambique	Mozambique	SSA
90	#F564E3	1075.173192	2011	Mozambique	Mozambique	SSA
90	#F564E3	1133.868038	2012	Mozambique	Mozambique	SSA
90	#F564E3	1177.571146	2013	Mozambique	Mozambique	SSA
90	#F564E3	1216.700511	2014	Mozambique	Mozambique	SSA
90	#F564E3	1249.574201	2015	Mozambique	Mozambique	SSA
90	#F564E3	1256.537367	2016	Mozambique	Mozambique	SSA
90	#F564E3	1250.070805	2017	Mozambique	Mozambique	SSA
90	#F564E3	1269.429225	2018	Mozambique	Mozambique	SSA
90	#F564E3	1265.071119	2019	Mozambique	Mozambique	SSA
90	#F564E3	1212.078122	2020	Mozambique	Mozambique	SSA
90	#F564E3	1203.247321	2021	Mozambique	Mozambique	SSA
90	#F564E3	1219.241361	2022	Mozambique	Mozambique	SSA
91	#B79F00	552.4215807	1990	Myanmar	Myanmar	EAP
91	#B79F00	568.8031638	1991	Myanmar	Myanmar	EAP
91	#B79F00	604.735266	1992	Myanmar	Myanmar	EAP
91	#B79F00	637.2056598	1993	Myanmar	Myanmar	EAP
91	#B79F00	674.2402521	1994	Myanmar	Myanmar	EAP
91	#B79F00	710.5219103	1995	Myanmar	Myanmar	EAP
91	#B79F00	744.3328739	1996	Myanmar	Myanmar	EAP
91	#B79F00	759.7736504	1997	Myanmar	Myanmar	EAP
91	#B79F00	800.2251056	1998	Myanmar	Myanmar	EAP
91	#B79F00	889.0781902	1999	Myanmar	Myanmar	EAP
91	#B79F00	989.0004727	2000	Myanmar	Myanmar	EAP
91	#B79F00	1093.333572	2001	Myanmar	Myanmar	EAP
91	#B79F00	1222.974918	2002	Myanmar	Myanmar	EAP
91	#B79F00	1377.301481	2003	Myanmar	Myanmar	EAP
91	#B79F00	1550.477855	2004	Myanmar	Myanmar	EAP
91	#B79F00	1742.60921	2005	Myanmar	Myanmar	EAP
91	#B79F00	1945.627088	2006	Myanmar	Myanmar	EAP
91	#B79F00	2145.143129	2007	Myanmar	Myanmar	EAP
91	#B79F00	2354.622248	2008	Myanmar	Myanmar	EAP
91	#B79F00	2581.673005	2009	Myanmar	Myanmar	EAP
91	#B79F00	2760.973638	2010	Myanmar	Myanmar	EAP
91	#B79F00	2915.311297	2011	Myanmar	Myanmar	EAP
91	#B79F00	3068.385287	2012	Myanmar	Myanmar	EAP
91	#B79F00	3286.716192	2013	Myanmar	Myanmar	EAP
91	#B79F00	3508.911008	2014	Myanmar	Myanmar	EAP
91	#B79F00	3585.873718	2015	Myanmar	Myanmar	EAP
91	#B79F00	3977.693477	2016	Myanmar	Myanmar	EAP
91	#B79F00	4195.512493	2017	Myanmar	Myanmar	EAP
91	#B79F00	4422.231843	2018	Myanmar	Myanmar	EAP
91	#B79F00	4668.94162	2019	Myanmar	Myanmar	EAP
91	#B79F00	4813.516405	2020	Myanmar	Myanmar	EAP
91	#B79F00	3923.009853	2021	Myanmar	Myanmar	EAP
91	#B79F00	4037.705141	2022	Myanmar	Myanmar	EAP
92	#F564E3	6331.557309	1990	Namibia	Namibia	SSA
92	#F564E3	6727.326775	1991	Namibia	Namibia	SSA
92	#F564E3	6825.340105	1992	Namibia	Namibia	SSA
92	#F564E3	6487.800409	1993	Namibia	Namibia	SSA
92	#F564E3	6387.712482	1994	Namibia	Namibia	SSA
92	#F564E3	6578.587336	1995	Namibia	Namibia	SSA
92	#F564E3	6476.253615	1996	Namibia	Namibia	SSA
92	#F564E3	6555.396255	1997	Namibia	Namibia	SSA
92	#F564E3	6647.116329	1998	Namibia	Namibia	SSA
92	#F564E3	6540.349379	1999	Namibia	Namibia	SSA
92	#F564E3	6753.356049	2000	Namibia	Namibia	SSA
92	#F564E3	6643.826043	2001	Namibia	Namibia	SSA
92	#F564E3	6954.73357	2002	Namibia	Namibia	SSA
92	#F564E3	7361.228673	2003	Namibia	Namibia	SSA
92	#F564E3	7909.795643	2004	Namibia	Namibia	SSA
92	#F564E3	7806.446782	2005	Namibia	Namibia	SSA
92	#F564E3	8315.340937	2006	Namibia	Namibia	SSA
92	#F564E3	8479.210365	2007	Namibia	Namibia	SSA
92	#F564E3	8592.203371	2008	Namibia	Namibia	SSA
92	#F564E3	8473.739736	2009	Namibia	Namibia	SSA
92	#F564E3	8669.277709	2010	Namibia	Namibia	SSA
92	#F564E3	9068.238438	2011	Namibia	Namibia	SSA
92	#F564E3	9385.523298	2012	Namibia	Namibia	SSA
92	#F564E3	10110.37765	2013	Namibia	Namibia	SSA
92	#F564E3	10508.82142	2014	Namibia	Namibia	SSA
92	#F564E3	10810.32087	2015	Namibia	Namibia	SSA
92	#F564E3	10423.84319	2016	Namibia	Namibia	SSA
92	#F564E3	10147.9947	2017	Namibia	Namibia	SSA
92	#F564E3	9876.164543	2018	Namibia	Namibia	SSA
92	#F564E3	9758.482157	2019	Namibia	Namibia	SSA
92	#F564E3	9013.510659	2020	Namibia	Namibia	SSA
92	#F564E3	8991.686884	2021	Namibia	Namibia	SSA
92	#F564E3	9200.026599	2022	Namibia	Namibia	SSA
94	#619CFF	1515.347144	1990	Nepal	Nepal	SA
94	#619CFF	1569.31315	1991	Nepal	Nepal	SA
94	#619CFF	1589.199428	1992	Nepal	Nepal	SA
94	#619CFF	1607.544356	1993	Nepal	Nepal	SA
94	#619CFF	1698.480308	1994	Nepal	Nepal	SA
94	#619CFF	1721.511896	1995	Nepal	Nepal	SA
94	#619CFF	1762.032821	1996	Nepal	Nepal	SA
94	#619CFF	1821.694612	1997	Nepal	Nepal	SA
94	#619CFF	1845.558911	1998	Nepal	Nepal	SA
94	#619CFF	1915.053502	1999	Nepal	Nepal	SA
94	#619CFF	2003.086757	2000	Nepal	Nepal	SA
94	#619CFF	2091.739132	2001	Nepal	Nepal	SA
94	#619CFF	2052.604656	2002	Nepal	Nepal	SA
94	#619CFF	2104.371785	2003	Nepal	Nepal	SA
94	#619CFF	2171.980392	2004	Nepal	Nepal	SA
94	#619CFF	2236.377591	2005	Nepal	Nepal	SA
94	#619CFF	2301.730086	2006	Nepal	Nepal	SA
94	#619CFF	2368.750921	2007	Nepal	Nepal	SA
94	#619CFF	2496.179426	2008	Nepal	Nepal	SA
94	#619CFF	2600.640342	2009	Nepal	Nepal	SA
94	#619CFF	2702.041832	2010	Nepal	Nepal	SA
94	#619CFF	2776.65818	2011	Nepal	Nepal	SA
94	#619CFF	2905.619623	2012	Nepal	Nepal	SA
94	#619CFF	3001.327391	2013	Nepal	Nepal	SA
94	#619CFF	3197.193444	2014	Nepal	Nepal	SA
94	#619CFF	3304.135201	2015	Nepal	Nepal	SA
94	#619CFF	3284.577604	2016	Nepal	Nepal	SA
94	#619CFF	3530.738117	2017	Nepal	Nepal	SA
94	#619CFF	3743.375267	2018	Nepal	Nepal	SA
94	#619CFF	3963.226102	2019	Nepal	Nepal	SA
94	#619CFF	3805.213582	2020	Nepal	Nepal	SA
94	#619CFF	3874.43281	2021	Nepal	Nepal	SA
94	#619CFF	4025.554685	2022	Nepal	Nepal	SA
95	#00BFC4	2981.449734	1990	Nicaragua	Nicaragua	LAC
95	#00BFC4	2910.3501	1991	Nicaragua	Nicaragua	LAC
95	#00BFC4	2912.180083	1992	Nicaragua	Nicaragua	LAC
95	#00BFC4	2786.183763	1993	Nicaragua	Nicaragua	LAC
95	#00BFC4	2784.307192	1994	Nicaragua	Nicaragua	LAC
95	#00BFC4	3009.725649	1995	Nicaragua	Nicaragua	LAC
95	#00BFC4	3203.272874	1996	Nicaragua	Nicaragua	LAC
95	#00BFC4	3333.838063	1997	Nicaragua	Nicaragua	LAC
95	#00BFC4	3483.113331	1998	Nicaragua	Nicaragua	LAC
95	#00BFC4	3674.588988	1999	Nicaragua	Nicaragua	LAC
95	#00BFC4	3778.170721	2000	Nicaragua	Nicaragua	LAC
95	#00BFC4	3815.24565	2001	Nicaragua	Nicaragua	LAC
95	#00BFC4	3820.782762	2002	Nicaragua	Nicaragua	LAC
95	#00BFC4	3881.867351	2003	Nicaragua	Nicaragua	LAC
95	#00BFC4	4060.672527	2004	Nicaragua	Nicaragua	LAC
95	#00BFC4	4224.756102	2005	Nicaragua	Nicaragua	LAC
95	#00BFC4	4308.028977	2006	Nicaragua	Nicaragua	LAC
95	#00BFC4	4489.320739	2007	Nicaragua	Nicaragua	LAC
95	#00BFC4	4579.176234	2008	Nicaragua	Nicaragua	LAC
95	#00BFC4	4340.564414	2009	Nicaragua	Nicaragua	LAC
95	#00BFC4	4477.400845	2010	Nicaragua	Nicaragua	LAC
95	#00BFC4	4693.057332	2011	Nicaragua	Nicaragua	LAC
95	#00BFC4	4862.996315	2012	Nicaragua	Nicaragua	LAC
95	#00BFC4	4982.09697	2013	Nicaragua	Nicaragua	LAC
95	#00BFC4	5202.107144	2014	Nicaragua	Nicaragua	LAC
95	#00BFC4	5360.281421	2015	Nicaragua	Nicaragua	LAC
95	#00BFC4	5461.911633	2016	Nicaragua	Nicaragua	LAC
95	#00BFC4	5609.992732	2017	Nicaragua	Nicaragua	LAC
95	#00BFC4	5363.935114	2018	Nicaragua	Nicaragua	LAC
95	#00BFC4	5212.721307	2019	Nicaragua	Nicaragua	LAC
95	#00BFC4	4878.610383	2020	Nicaragua	Nicaragua	LAC
95	#00BFC4	5342.753986	2021	Nicaragua	Nicaragua	LAC
95	#00BFC4	5426.50618	2022	Nicaragua	Nicaragua	LAC
96	#F564E3	1085.825979	1990	Niger	Niger	SSA
96	#F564E3	1048.36369	1991	Niger	Niger	SSA
96	#F564E3	1036.395354	1992	Niger	Niger	SSA
96	#F564E3	1007.985321	1993	Niger	Niger	SSA
96	#F564E3	991.4271307	1994	Niger	Niger	SSA
96	#F564E3	986.2339502	1995	Niger	Niger	SSA
96	#F564E3	967.6557278	1996	Niger	Niger	SSA
96	#F564E3	951.9675714	1997	Niger	Niger	SSA
96	#F564E3	1025.110369	1998	Niger	Niger	SSA
96	#F564E3	991.7716725	1999	Niger	Niger	SSA
96	#F564E3	948.8671662	2000	Niger	Niger	SSA
96	#F564E3	987.5496635	2001	Niger	Niger	SSA
96	#F564E3	1004.902007	2002	Niger	Niger	SSA
96	#F564E3	988.2759925	2003	Niger	Niger	SSA
96	#F564E3	969.9927014	2004	Niger	Niger	SSA
96	#F564E3	1004.83543	2005	Niger	Niger	SSA
96	#F564E3	1025.868333	2006	Niger	Niger	SSA
96	#F564E3	1016.803825	2007	Niger	Niger	SSA
96	#F564E3	1051.670267	2008	Niger	Niger	SSA
96	#F564E3	1033.809164	2009	Niger	Niger	SSA
96	#F564E3	1081.26196	2010	Niger	Niger	SSA
96	#F564E3	1074.545896	2011	Niger	Niger	SSA
96	#F564E3	1112.334309	2012	Niger	Niger	SSA
96	#F564E3	1133.497043	2013	Niger	Niger	SSA
96	#F564E3	1169.998765	2014	Niger	Niger	SSA
96	#F564E3	1180.183785	2015	Niger	Niger	SSA
96	#F564E3	1181.386186	2016	Niger	Niger	SSA
96	#F564E3	1198.881615	2017	Niger	Niger	SSA
96	#F564E3	1249.608465	2018	Niger	Niger	SSA
96	#F564E3	1271.732938	2019	Niger	Niger	SSA
96	#F564E3	1268.704238	2020	Niger	Niger	SSA
96	#F564E3	1208.85424	2021	Niger	Niger	SSA
96	#F564E3	1283.309235	2022	Niger	Niger	SSA
100	#619CFF	2982.54961	1990	Pakistan	Pakistan	SA
100	#619CFF	3030.800622	1991	Pakistan	Pakistan	SA
100	#619CFF	3177.853976	1992	Pakistan	Pakistan	SA
100	#619CFF	3141.995514	1993	Pakistan	Pakistan	SA
100	#619CFF	3160.124325	1994	Pakistan	Pakistan	SA
100	#619CFF	3223.902127	1995	Pakistan	Pakistan	SA
100	#619CFF	3272.778564	1996	Pakistan	Pakistan	SA
100	#619CFF	3196.014702	1997	Pakistan	Pakistan	SA
100	#619CFF	3170.443087	1998	Pakistan	Pakistan	SA
100	#619CFF	3227.96665	1999	Pakistan	Pakistan	SA
100	#619CFF	3280.205862	2000	Pakistan	Pakistan	SA
100	#619CFF	3284.97989	2001	Pakistan	Pakistan	SA
100	#619CFF	3277.086276	2002	Pakistan	Pakistan	SA
100	#619CFF	3410.53681	2003	Pakistan	Pakistan	SA
100	#619CFF	3601.613979	2004	Pakistan	Pakistan	SA
100	#619CFF	3757.416611	2005	Pakistan	Pakistan	SA
100	#619CFF	3899.861	2006	Pakistan	Pakistan	SA
100	#619CFF	3985.296649	2007	Pakistan	Pakistan	SA
100	#619CFF	3969.787618	2008	Pakistan	Pakistan	SA
100	#619CFF	3979.032064	2009	Pakistan	Pakistan	SA
100	#619CFF	3983.657534	2010	Pakistan	Pakistan	SA
100	#619CFF	4025.258794	2011	Pakistan	Pakistan	SA
100	#619CFF	4091.672342	2012	Pakistan	Pakistan	SA
100	#619CFF	4200.63565	2013	Pakistan	Pakistan	SA
100	#619CFF	4333.812503	2014	Pakistan	Pakistan	SA
100	#619CFF	4476.538823	2015	Pakistan	Pakistan	SA
100	#619CFF	4666.19965	2016	Pakistan	Pakistan	SA
100	#619CFF	4819.412354	2017	Pakistan	Pakistan	SA
100	#619CFF	5035.434341	2018	Pakistan	Pakistan	SA
100	#619CFF	5067.070251	2019	Pakistan	Pakistan	SA
100	#619CFF	4912.291411	2020	Pakistan	Pakistan	SA
100	#619CFF	5164.940484	2021	Pakistan	Pakistan	SA
100	#619CFF	5374.270423	2022	Pakistan	Pakistan	SA
103	#00BFC4	10525.95704	1990	Panama	Panama	LAC
103	#00BFC4	10967.51617	1991	Panama	Panama	LAC
103	#00BFC4	11785.22423	1992	Panama	Panama	LAC
103	#00BFC4	12444.37608	1993	Panama	Panama	LAC
103	#00BFC4	12690.88655	1994	Panama	Panama	LAC
103	#00BFC4	12415.76977	1995	Panama	Panama	LAC
103	#00BFC4	12628.99689	1996	Panama	Panama	LAC
103	#00BFC4	13032.66694	1997	Panama	Panama	LAC
103	#00BFC4	13674.55231	1998	Panama	Panama	LAC
103	#00BFC4	13755.2053	1999	Panama	Panama	LAC
103	#00BFC4	14071.01154	2000	Panama	Panama	LAC
103	#00BFC4	13803.85255	2001	Panama	Panama	LAC
103	#00BFC4	14305.13727	2002	Panama	Panama	LAC
103	#00BFC4	14180.01693	2003	Panama	Panama	LAC
103	#00BFC4	14721.94291	2004	Panama	Panama	LAC
103	#00BFC4	15424.21998	2005	Panama	Panama	LAC
103	#00BFC4	16476.39994	2006	Panama	Panama	LAC
103	#00BFC4	18520.12994	2007	Panama	Panama	LAC
103	#00BFC4	19932.22964	2008	Panama	Panama	LAC
103	#00BFC4	19930.69452	2009	Panama	Panama	LAC
103	#00BFC4	20207.53611	2010	Panama	Panama	LAC
103	#00BFC4	22676.84179	2011	Panama	Panama	LAC
103	#00BFC4	24467.53259	2012	Panama	Panama	LAC
103	#00BFC4	25825.07861	2013	Panama	Panama	LAC
103	#00BFC4	26014.83885	2014	Panama	Panama	LAC
103	#00BFC4	27033.221	2015	Panama	Panama	LAC
103	#00BFC4	28332.68145	2016	Panama	Panama	LAC
103	#00BFC4	29766.99491	2017	Panama	Panama	LAC
103	#00BFC4	30084.15093	2018	Panama	Panama	LAC
103	#00BFC4	30609.73608	2019	Panama	Panama	LAC
103	#00BFC4	25727.89914	2020	Panama	Panama	LAC
103	#00BFC4	29285.65116	2021	Panama	Panama	LAC
103	#00BFC4	32029.36025	2022	Panama	Panama	LAC
104	#B79F00	2432.642116	1990	Papua New Guinea	Papua New Guinea	EAP
104	#B79F00	2595.40594	1991	Papua New Guinea	Papua New Guinea	EAP
104	#B79F00	2868.873494	1992	Papua New Guinea	Papua New Guinea	EAP
104	#B79F00	3373.802103	1993	Papua New Guinea	Papua New Guinea	EAP
104	#B79F00	4011.942721	1994	Papua New Guinea	Papua New Guinea	EAP
104	#B79F00	3681.325126	1995	Papua New Guinea	Papua New Guinea	EAP
104	#B79F00	3739.979955	1996	Papua New Guinea	Papua New Guinea	EAP
104	#B79F00	3384.436561	1997	Papua New Guinea	Papua New Guinea	EAP
104	#B79F00	3419.456006	1998	Papua New Guinea	Papua New Guinea	EAP
104	#B79F00	3374.725387	1999	Papua New Guinea	Papua New Guinea	EAP
104	#B79F00	3181.884573	2000	Papua New Guinea	Papua New Guinea	EAP
104	#B79F00	3077.381037	2001	Papua New Guinea	Papua New Guinea	EAP
104	#B79F00	3049.21796	2002	Papua New Guinea	Papua New Guinea	EAP
104	#B79F00	3088.766015	2003	Papua New Guinea	Papua New Guinea	EAP
104	#B79F00	2780.717291	2004	Papua New Guinea	Papua New Guinea	EAP
104	#B79F00	2780.001175	2005	Papua New Guinea	Papua New Guinea	EAP
104	#B79F00	2646.334164	2006	Papua New Guinea	Papua New Guinea	EAP
104	#B79F00	2836.630999	2007	Papua New Guinea	Papua New Guinea	EAP
104	#B79F00	2802.38702	2008	Papua New Guinea	Papua New Guinea	EAP
104	#B79F00	2846.423815	2009	Papua New Guinea	Papua New Guinea	EAP
104	#B79F00	3037.600086	2010	Papua New Guinea	Papua New Guinea	EAP
104	#B79F00	2918.15232	2011	Papua New Guinea	Papua New Guinea	EAP
104	#B79F00	3113.664658	2012	Papua New Guinea	Papua New Guinea	EAP
104	#B79F00	3049.499632	2013	Papua New Guinea	Papua New Guinea	EAP
104	#B79F00	3606.46094	2014	Papua New Guinea	Papua New Guinea	EAP
104	#B79F00	3743.719204	2015	Papua New Guinea	Papua New Guinea	EAP
104	#B79F00	3880.977074	2016	Papua New Guinea	Papua New Guinea	EAP
104	#B79F00	3888.804352	2017	Papua New Guinea	Papua New Guinea	EAP
104	#B79F00	3766.070285	2018	Papua New Guinea	Papua New Guinea	EAP
104	#B79F00	3781.402618	2019	Papua New Guinea	Papua New Guinea	EAP
104	#B79F00	3700.943029	2020	Papua New Guinea	Papua New Guinea	EAP
104	#B79F00	3616.030578	2021	Papua New Guinea	Papua New Guinea	EAP
104	#B79F00	3710.326885	2022	Papua New Guinea	Papua New Guinea	EAP
105	#00BFC4	8543.997289	1990	Paraguay	Paraguay	LAC
105	#00BFC4	8457.030817	1991	Paraguay	Paraguay	LAC
105	#00BFC4	8293.900308	1992	Paraguay	Paraguay	LAC
105	#00BFC4	8433.452815	1993	Paraguay	Paraguay	LAC
105	#00BFC4	8497.619443	1994	Paraguay	Paraguay	LAC
105	#00BFC4	8673.989901	1995	Paraguay	Paraguay	LAC
105	#00BFC4	9128.401774	1996	Paraguay	Paraguay	LAC
105	#00BFC4	8996.955745	1997	Paraguay	Paraguay	LAC
105	#00BFC4	8796.934016	1998	Paraguay	Paraguay	LAC
105	#00BFC4	8479.1611	1999	Paraguay	Paraguay	LAC
105	#00BFC4	7770.279171	2000	Paraguay	Paraguay	LAC
105	#00BFC4	7678.403129	2001	Paraguay	Paraguay	LAC
105	#00BFC4	7743.154975	2002	Paraguay	Paraguay	LAC
105	#00BFC4	7347.283062	2003	Paraguay	Paraguay	LAC
105	#00BFC4	7737.795073	2004	Paraguay	Paraguay	LAC
105	#00BFC4	7901.043039	2005	Paraguay	Paraguay	LAC
105	#00BFC4	8511.721184	2006	Paraguay	Paraguay	LAC
105	#00BFC4	9310.21453	2007	Paraguay	Paraguay	LAC
105	#00BFC4	9906.061551	2008	Paraguay	Paraguay	LAC
105	#00BFC4	9728.88221	2009	Paraguay	Paraguay	LAC
105	#00BFC4	10686.0445	2010	Paraguay	Paraguay	LAC
105	#00BFC4	11115.68235	2011	Paraguay	Paraguay	LAC
105	#00BFC4	10883.87969	2012	Paraguay	Paraguay	LAC
105	#00BFC4	11642.91524	2013	Paraguay	Paraguay	LAC
105	#00BFC4	12129.66413	2014	Paraguay	Paraguay	LAC
105	#00BFC4	12316.53351	2015	Paraguay	Paraguay	LAC
105	#00BFC4	12683.04196	2016	Paraguay	Paraguay	LAC
105	#00BFC4	13143.46065	2017	Paraguay	Paraguay	LAC
105	#00BFC4	13368.50378	2018	Paraguay	Paraguay	LAC
105	#00BFC4	13196.09334	2019	Paraguay	Paraguay	LAC
105	#00BFC4	12869.9431	2020	Paraguay	Paraguay	LAC
105	#00BFC4	13201.59678	2021	Paraguay	Paraguay	LAC
105	#00BFC4	13161.07522	2022	Paraguay	Paraguay	LAC
106	#00BFC4	4934.983851	1990	Peru	Peru	LAC
106	#00BFC4	5123.446734	1991	Peru	Peru	LAC
106	#00BFC4	4972.636475	1992	Peru	Peru	LAC
106	#00BFC4	5110.309806	1993	Peru	Peru	LAC
106	#00BFC4	5598.380839	1994	Peru	Peru	LAC
106	#00BFC4	5876.337978	1995	Peru	Peru	LAC
106	#00BFC4	6004.283028	1996	Peru	Peru	LAC
106	#00BFC4	6295.889543	1997	Peru	Peru	LAC
106	#00BFC4	6221.847349	1998	Peru	Peru	LAC
106	#00BFC4	6209.678426	1999	Peru	Peru	LAC
106	#00BFC4	6251.81907	2000	Peru	Peru	LAC
106	#00BFC4	6242.799134	2001	Peru	Peru	LAC
106	#00BFC4	6473.99404	2002	Peru	Peru	LAC
106	#00BFC4	6612.102344	2003	Peru	Peru	LAC
106	#00BFC4	6747.885231	2004	Peru	Peru	LAC
106	#00BFC4	7023.716574	2005	Peru	Peru	LAC
106	#00BFC4	7312.780793	2006	Peru	Peru	LAC
106	#00BFC4	7896.022022	2007	Peru	Peru	LAC
106	#00BFC4	8648.378446	2008	Peru	Peru	LAC
106	#00BFC4	8740.619483	2009	Peru	Peru	LAC
106	#00BFC4	9252.910859	2010	Peru	Peru	LAC
106	#00BFC4	9725.961837	2011	Peru	Peru	LAC
106	#00BFC4	10363.60107	2012	Peru	Peru	LAC
106	#00BFC4	11014.6226	2013	Peru	Peru	LAC
106	#00BFC4	11240.62105	2014	Peru	Peru	LAC
106	#00BFC4	11613.83997	2015	Peru	Peru	LAC
106	#00BFC4	11820.51879	2016	Peru	Peru	LAC
106	#00BFC4	11870.28055	2017	Peru	Peru	LAC
106	#00BFC4	12069.98025	2018	Peru	Peru	LAC
106	#00BFC4	12279.26893	2019	Peru	Peru	LAC
106	#00BFC4	10894.36185	2020	Peru	Peru	LAC
106	#00BFC4	11509.57787	2021	Peru	Peru	LAC
106	#00BFC4	11916.35952	2022	Peru	Peru	LAC
107	#B79F00	4162.196674	1990	Philippines	Philippines	EAP
107	#B79F00	4093.484916	1991	Philippines	Philippines	EAP
107	#B79F00	4073.206529	1992	Philippines	Philippines	EAP
107	#B79F00	4086.322568	1993	Philippines	Philippines	EAP
107	#B79F00	4211.247913	1994	Philippines	Philippines	EAP
107	#B79F00	4313.552086	1995	Philippines	Philippines	EAP
107	#B79F00	4486.757809	1996	Philippines	Philippines	EAP
107	#B79F00	4671.185665	1997	Philippines	Philippines	EAP
107	#B79F00	4943.990385	1998	Philippines	Philippines	EAP
107	#B79F00	4972.013116	1999	Philippines	Philippines	EAP
107	#B79F00	4897.683239	2000	Philippines	Philippines	EAP
107	#B79F00	4942.16668	2001	Philippines	Philippines	EAP
107	#B79F00	5016.931175	2002	Philippines	Philippines	EAP
107	#B79F00	5160.855541	2003	Philippines	Philippines	EAP
107	#B79F00	5380.62924	2004	Philippines	Philippines	EAP
107	#B79F00	5560.592813	2005	Philippines	Philippines	EAP
107	#B79F00	5718.779741	2006	Philippines	Philippines	EAP
107	#B79F00	5965.676009	2007	Philippines	Philippines	EAP
107	#B79F00	6126.235999	2008	Philippines	Philippines	EAP
107	#B79F00	6232.078914	2009	Philippines	Philippines	EAP
107	#B79F00	6554.04118	2010	Philippines	Philippines	EAP
107	#B79F00	6644.133824	2011	Philippines	Philippines	EAP
107	#B79F00	6996.393692	2012	Philippines	Philippines	EAP
107	#B79F00	7396.815799	2013	Philippines	Philippines	EAP
107	#B79F00	7726.848631	2014	Philippines	Philippines	EAP
107	#B79F00	8070.972365	2015	Philippines	Philippines	EAP
107	#B79F00	8465.243346	2016	Philippines	Philippines	EAP
107	#B79F00	8884.509422	2017	Philippines	Philippines	EAP
107	#B79F00	9248.17856	2018	Philippines	Philippines	EAP
107	#B79F00	9589.807294	2019	Philippines	Philippines	EAP
107	#B79F00	8355.100965	2020	Philippines	Philippines	EAP
107	#B79F00	8369.319556	2021	Philippines	Philippines	EAP
107	#B79F00	9058.840558	2022	Philippines	Philippines	EAP
108	#F8766D	64498.10583	1990	Qatar	Qatar	AS
108	#F8766D	61310.36565	1991	Qatar	Qatar	AS
108	#F8766D	66118.0704	1992	Qatar	Qatar	AS
108	#F8766D	63262.09601	1993	Qatar	Qatar	AS
108	#F8766D	62283.31523	1994	Qatar	Qatar	AS
108	#F8766D	61988.61217	1995	Qatar	Qatar	AS
108	#F8766D	60714.5116	1996	Qatar	Qatar	AS
108	#F8766D	76041.00114	1997	Qatar	Qatar	AS
108	#F8766D	79965.7025	1998	Qatar	Qatar	AS
108	#F8766D	78861.74791	1999	Qatar	Qatar	AS
108	#F8766D	80031.43108	2000	Qatar	Qatar	AS
108	#F8766D	77504.0133	2001	Qatar	Qatar	AS
108	#F8766D	78557.99057	2002	Qatar	Qatar	AS
108	#F8766D	79964.8911	2003	Qatar	Qatar	AS
108	#F8766D	86783.93427	2004	Qatar	Qatar	AS
108	#F8766D	80197.34454	2005	Qatar	Qatar	AS
108	#F8766D	91831.65351	2006	Qatar	Qatar	AS
108	#F8766D	89343.86275	2007	Qatar	Qatar	AS
108	#F8766D	89146.57575	2008	Qatar	Qatar	AS
108	#F8766D	85942.9953	2009	Qatar	Qatar	AS
108	#F8766D	93527.4535	2010	Qatar	Qatar	AS
108	#F8766D	103120.1263	2011	Qatar	Qatar	AS
108	#F8766D	103823.1803	2012	Qatar	Qatar	AS
108	#F8766D	103999.4295	2013	Qatar	Qatar	AS
108	#F8766D	101443.0384	2014	Qatar	Qatar	AS
108	#F8766D	99811.29432	2015	Qatar	Qatar	AS
108	#F8766D	97153.05774	2016	Qatar	Qatar	AS
108	#F8766D	91937.56355	2017	Qatar	Qatar	AS
108	#F8766D	89570.60341	2018	Qatar	Qatar	AS
108	#F8766D	88646.63743	2019	Qatar	Qatar	AS
108	#F8766D	87384.9076	2020	Qatar	Qatar	AS
108	#F8766D	91760.27693	2021	Qatar	Qatar	AS
108	#F8766D	95944.37754	2022	Qatar	Qatar	AS
111	#00BFC4	10161.15395	1990	Saint Lucia	Saint Lucia	LAC
111	#00BFC4	10032.70704	1991	Saint Lucia	Saint Lucia	LAC
111	#00BFC4	10716.15416	1992	Saint Lucia	Saint Lucia	LAC
111	#00BFC4	10469.26832	1993	Saint Lucia	Saint Lucia	LAC
111	#00BFC4	10550.92238	1994	Saint Lucia	Saint Lucia	LAC
111	#00BFC4	10469.43177	1995	Saint Lucia	Saint Lucia	LAC
111	#00BFC4	11090.10405	1996	Saint Lucia	Saint Lucia	LAC
111	#00BFC4	10916.89527	1997	Saint Lucia	Saint Lucia	LAC
111	#00BFC4	11559.68774	1998	Saint Lucia	Saint Lucia	LAC
111	#00BFC4	11905.5544	1999	Saint Lucia	Saint Lucia	LAC
111	#00BFC4	11797.39912	2000	Saint Lucia	Saint Lucia	LAC
111	#00BFC4	11242.19582	2001	Saint Lucia	Saint Lucia	LAC
111	#00BFC4	11379.94071	2002	Saint Lucia	Saint Lucia	LAC
111	#00BFC4	11611.40784	2003	Saint Lucia	Saint Lucia	LAC
111	#00BFC4	12160.13293	2004	Saint Lucia	Saint Lucia	LAC
111	#00BFC4	12039.46138	2005	Saint Lucia	Saint Lucia	LAC
111	#00BFC4	13045.13457	2006	Saint Lucia	Saint Lucia	LAC
111	#00BFC4	13103.71542	2007	Saint Lucia	Saint Lucia	LAC
111	#00BFC4	13641.33117	2008	Saint Lucia	Saint Lucia	LAC
111	#00BFC4	13658.22102	2009	Saint Lucia	Saint Lucia	LAC
111	#00BFC4	13710.48903	2010	Saint Lucia	Saint Lucia	LAC
111	#00BFC4	14441.95417	2011	Saint Lucia	Saint Lucia	LAC
111	#00BFC4	14194.91563	2012	Saint Lucia	Saint Lucia	LAC
111	#00BFC4	13886.74772	2013	Saint Lucia	Saint Lucia	LAC
111	#00BFC4	13457.0693	2014	Saint Lucia	Saint Lucia	LAC
111	#00BFC4	13070.20846	2015	Saint Lucia	Saint Lucia	LAC
111	#00BFC4	13802.64924	2016	Saint Lucia	Saint Lucia	LAC
111	#00BFC4	14341.36474	2017	Saint Lucia	Saint Lucia	LAC
111	#00BFC4	14685.86278	2018	Saint Lucia	Saint Lucia	LAC
111	#00BFC4	14481.81019	2019	Saint Lucia	Saint Lucia	LAC
111	#00BFC4	12019.96879	2020	Saint Lucia	Saint Lucia	LAC
111	#00BFC4	12820.87708	2021	Saint Lucia	Saint Lucia	LAC
111	#00BFC4	14778.3463	2022	Saint Lucia	Saint Lucia	LAC
114	#F564E3	2370.941188	1990	Sao Tome and Principe	Sao Tome and Principe	SSA
114	#F564E3	2290.53508	1991	Sao Tome and Principe	Sao Tome and Principe	SSA
114	#F564E3	2259.475358	1992	Sao Tome and Principe	Sao Tome and Principe	SSA
114	#F564E3	2227.246552	1993	Sao Tome and Principe	Sao Tome and Principe	SSA
114	#F564E3	2245.456274	1994	Sao Tome and Principe	Sao Tome and Principe	SSA
114	#F564E3	2221.77101	1995	Sao Tome and Principe	Sao Tome and Principe	SSA
114	#F564E3	2257.606215	1996	Sao Tome and Principe	Sao Tome and Principe	SSA
114	#F564E3	2227.341685	1997	Sao Tome and Principe	Sao Tome and Principe	SSA
114	#F564E3	2216.386205	1998	Sao Tome and Principe	Sao Tome and Principe	SSA
114	#F564E3	2298.303456	1999	Sao Tome and Principe	Sao Tome and Principe	SSA
114	#F564E3	2311.972472	2000	Sao Tome and Principe	Sao Tome and Principe	SSA
114	#F564E3	2450.921644	2001	Sao Tome and Principe	Sao Tome and Principe	SSA
114	#F564E3	2445.589826	2002	Sao Tome and Principe	Sao Tome and Principe	SSA
114	#F564E3	2590.056094	2003	Sao Tome and Principe	Sao Tome and Principe	SSA
114	#F564E3	2613.451058	2004	Sao Tome and Principe	Sao Tome and Principe	SSA
114	#F564E3	2747.296088	2005	Sao Tome and Principe	Sao Tome and Principe	SSA
114	#F564E3	3061.547183	2006	Sao Tome and Principe	Sao Tome and Principe	SSA
114	#F564E3	3108.997278	2007	Sao Tome and Principe	Sao Tome and Principe	SSA
114	#F564E3	3184.154138	2008	Sao Tome and Principe	Sao Tome and Principe	SSA
114	#F564E3	3182.302446	2009	Sao Tome and Principe	Sao Tome and Principe	SSA
114	#F564E3	3334.900648	2010	Sao Tome and Principe	Sao Tome and Principe	SSA
114	#F564E3	3410.029221	2011	Sao Tome and Principe	Sao Tome and Principe	SSA
114	#F564E3	3369.1542	2012	Sao Tome and Principe	Sao Tome and Principe	SSA
114	#F564E3	3557.944689	2013	Sao Tome and Principe	Sao Tome and Principe	SSA
114	#F564E3	3748.060518	2014	Sao Tome and Principe	Sao Tome and Principe	SSA
114	#F564E3	3750.310598	2015	Sao Tome and Principe	Sao Tome and Principe	SSA
114	#F564E3	3862.713364	2016	Sao Tome and Principe	Sao Tome and Principe	SSA
114	#F564E3	3923.370711	2017	Sao Tome and Principe	Sao Tome and Principe	SSA
114	#F564E3	3988.35083	2018	Sao Tome and Principe	Sao Tome and Principe	SSA
114	#F564E3	3999.636164	2019	Sao Tome and Principe	Sao Tome and Principe	SSA
114	#F564E3	4100.934419	2020	Sao Tome and Principe	Sao Tome and Principe	SSA
114	#F564E3	4093.797072	2021	Sao Tome and Principe	Sao Tome and Principe	SSA
114	#F564E3	4054.106945	2022	Sao Tome and Principe	Sao Tome and Principe	SSA
115	#F8766D	43800.34381	1990	Saudi Arabia	Saudi Arabia	AS
115	#F8766D	47543.4521	1991	Saudi Arabia	Saudi Arabia	AS
115	#F8766D	47251.24759	1992	Saudi Arabia	Saudi Arabia	AS
115	#F8766D	45504.93087	1993	Saudi Arabia	Saudi Arabia	AS
115	#F8766D	43849.13444	1994	Saudi Arabia	Saudi Arabia	AS
115	#F8766D	43142.31937	1995	Saudi Arabia	Saudi Arabia	AS
115	#F8766D	42449.99359	1996	Saudi Arabia	Saudi Arabia	AS
115	#F8766D	41758.50868	1997	Saudi Arabia	Saudi Arabia	AS
115	#F8766D	42231.59459	1998	Saudi Arabia	Saudi Arabia	AS
115	#F8766D	39771.54266	1999	Saudi Arabia	Saudi Arabia	AS
115	#F8766D	40619.64523	2000	Saudi Arabia	Saudi Arabia	AS
115	#F8766D	39272.89931	2001	Saudi Arabia	Saudi Arabia	AS
115	#F8766D	37209.65292	2002	Saudi Arabia	Saudi Arabia	AS
115	#F8766D	40346.59133	2003	Saudi Arabia	Saudi Arabia	AS
115	#F8766D	42733.66399	2004	Saudi Arabia	Saudi Arabia	AS
115	#F8766D	43848.15469	2005	Saudi Arabia	Saudi Arabia	AS
115	#F8766D	43423.37962	2006	Saudi Arabia	Saudi Arabia	AS
115	#F8766D	42749.3107	2007	Saudi Arabia	Saudi Arabia	AS
115	#F8766D	43889.08207	2008	Saudi Arabia	Saudi Arabia	AS
115	#F8766D	41361.43966	2009	Saudi Arabia	Saudi Arabia	AS
115	#F8766D	41867.96969	2010	Saudi Arabia	Saudi Arabia	AS
115	#F8766D	45449.22593	2011	Saudi Arabia	Saudi Arabia	AS
115	#F8766D	46898.50007	2012	Saudi Arabia	Saudi Arabia	AS
115	#F8766D	47356.91601	2013	Saudi Arabia	Saudi Arabia	AS
115	#F8766D	48399.96609	2014	Saudi Arabia	Saudi Arabia	AS
115	#F8766D	49700.97006	2015	Saudi Arabia	Saudi Arabia	AS
115	#F8766D	49717.08825	2016	Saudi Arabia	Saudi Arabia	AS
115	#F8766D	48263.33999	2017	Saudi Arabia	Saudi Arabia	AS
115	#F8766D	48208.37902	2018	Saudi Arabia	Saudi Arabia	AS
115	#F8766D	47528.62848	2019	Saudi Arabia	Saudi Arabia	AS
115	#F8766D	45563.29665	2020	Saudi Arabia	Saudi Arabia	AS
115	#F8766D	47441.15392	2021	Saudi Arabia	Saudi Arabia	AS
115	#F8766D	50620.43706	2022	Saudi Arabia	Saudi Arabia	AS
116	#F564E3	2412.13208	1990	Senegal	Senegal	SSA
116	#F564E3	2405.442152	1991	Senegal	Senegal	SSA
116	#F564E3	2391.680607	1992	Senegal	Senegal	SSA
116	#F564E3	2338.461338	1993	Senegal	Senegal	SSA
116	#F564E3	2277.084954	1994	Senegal	Senegal	SSA
116	#F564E3	2346.804589	1995	Senegal	Senegal	SSA
116	#F564E3	2365.931491	1996	Senegal	Senegal	SSA
116	#F564E3	2379.005825	1997	Senegal	Senegal	SSA
116	#F564E3	2470.22911	1998	Senegal	Senegal	SSA
116	#F564E3	2550.588935	1999	Senegal	Senegal	SSA
116	#F564E3	2586.824432	2000	Senegal	Senegal	SSA
116	#F564E3	2641.152684	2001	Senegal	Senegal	SSA
116	#F564E3	2574.260476	2002	Senegal	Senegal	SSA
116	#F564E3	2661.151311	2003	Senegal	Senegal	SSA
116	#F564E3	2721.399676	2004	Senegal	Senegal	SSA
116	#F564E3	2769.206386	2005	Senegal	Senegal	SSA
116	#F564E3	2768.068086	2006	Senegal	Senegal	SSA
116	#F564E3	2772.674612	2007	Senegal	Senegal	SSA
116	#F564E3	2807.368906	2008	Senegal	Senegal	SSA
116	#F564E3	2786.912258	2009	Senegal	Senegal	SSA
116	#F564E3	2807.689781	2010	Senegal	Senegal	SSA
116	#F564E3	2751.561579	2011	Senegal	Senegal	SSA
116	#F564E3	2782.299944	2012	Senegal	Senegal	SSA
116	#F564E3	2771.665049	2013	Senegal	Senegal	SSA
116	#F564E3	2856.49341	2014	Senegal	Senegal	SSA
116	#F564E3	2936.043782	2015	Senegal	Senegal	SSA
116	#F564E3	3036.699901	2016	Senegal	Senegal	SSA
116	#F564E3	3168.07815	2017	Senegal	Senegal	SSA
116	#F564E3	3282.577337	2018	Senegal	Senegal	SSA
116	#F564E3	3342.119769	2019	Senegal	Senegal	SSA
116	#F564E3	3303.052428	2020	Senegal	Senegal	SSA
116	#F564E3	3421.108367	2021	Senegal	Senegal	SSA
116	#F564E3	3463.806076	2022	Senegal	Senegal	SSA
119	#F564E3	1763.808912	1990	Sierra Leone	Sierra Leone	SSA
119	#F564E3	1657.205334	1991	Sierra Leone	Sierra Leone	SSA
119	#F564E3	1470.476903	1992	Sierra Leone	Sierra Leone	SSA
119	#F564E3	1560.348198	1993	Sierra Leone	Sierra Leone	SSA
119	#F564E3	1493.206886	1994	Sierra Leone	Sierra Leone	SSA
119	#F564E3	1439.197156	1995	Sierra Leone	Sierra Leone	SSA
119	#F564E3	1105.923229	1996	Sierra Leone	Sierra Leone	SSA
119	#F564E3	912.5966085	1997	Sierra Leone	Sierra Leone	SSA
119	#F564E3	866.7408228	1998	Sierra Leone	Sierra Leone	SSA
119	#F564E3	804.9557108	1999	Sierra Leone	Sierra Leone	SSA
119	#F564E3	820.2979131	2000	Sierra Leone	Sierra Leone	SSA
119	#F564E3	914.093078	2001	Sierra Leone	Sierra Leone	SSA
119	#F564E3	1093.554547	2002	Sierra Leone	Sierra Leone	SSA
119	#F564E3	1152.993149	2003	Sierra Leone	Sierra Leone	SSA
119	#F564E3	1185.100947	2004	Sierra Leone	Sierra Leone	SSA
119	#F564E3	1204.859096	2005	Sierra Leone	Sierra Leone	SSA
119	#F564E3	1069.933389	2006	Sierra Leone	Sierra Leone	SSA
119	#F564E3	1392.997455	2007	Sierra Leone	Sierra Leone	SSA
119	#F564E3	1480.482213	2008	Sierra Leone	Sierra Leone	SSA
119	#F564E3	1489.591672	2009	Sierra Leone	Sierra Leone	SSA
119	#F564E3	1418.260172	2010	Sierra Leone	Sierra Leone	SSA
119	#F564E3	1502.65915	2011	Sierra Leone	Sierra Leone	SSA
119	#F564E3	1460.16204	2012	Sierra Leone	Sierra Leone	SSA
119	#F564E3	1906.549776	2013	Sierra Leone	Sierra Leone	SSA
119	#F564E3	1915.15085	2014	Sierra Leone	Sierra Leone	SSA
119	#F564E3	1508.704403	2015	Sierra Leone	Sierra Leone	SSA
119	#F564E3	1561.705504	2016	Sierra Leone	Sierra Leone	SSA
119	#F564E3	1568.076087	2017	Sierra Leone	Sierra Leone	SSA
119	#F564E3	1596.015997	2018	Sierra Leone	Sierra Leone	SSA
119	#F564E3	1634.793784	2019	Sierra Leone	Sierra Leone	SSA
119	#F564E3	1553.556442	2020	Sierra Leone	Sierra Leone	SSA
119	#F564E3	1592.366646	2021	Sierra Leone	Sierra Leone	SSA
119	#F564E3	1612.666542	2022	Sierra Leone	Sierra Leone	SSA
120	#B79F00	38458.13117	1990	Singapore	Singapore	EAP
120	#B79F00	39533.66	1991	Singapore	Singapore	EAP
120	#B79F00	41403.02564	1992	Singapore	Singapore	EAP
120	#B79F00	43713.64289	1993	Singapore	Singapore	EAP
120	#B79F00	48167.33664	1994	Singapore	Singapore	EAP
120	#B79F00	50398.97515	1995	Singapore	Singapore	EAP
120	#B79F00	51809.93925	1996	Singapore	Singapore	EAP
120	#B79F00	55967.49739	1997	Singapore	Singapore	EAP
120	#B79F00	52990.24165	1998	Singapore	Singapore	EAP
120	#B79F00	54424.06896	1999	Singapore	Singapore	EAP
120	#B79F00	57066.75373	2000	Singapore	Singapore	EAP
120	#B79F00	55496.7652	2001	Singapore	Singapore	EAP
120	#B79F00	56146.6032	2002	Singapore	Singapore	EAP
120	#B79F00	57608.96629	2003	Singapore	Singapore	EAP
120	#B79F00	60433.088	2004	Singapore	Singapore	EAP
120	#B79F00	64037.04519	2005	Singapore	Singapore	EAP
120	#B79F00	69705.84921	2006	Singapore	Singapore	EAP
120	#B79F00	73177.02654	2007	Singapore	Singapore	EAP
120	#B79F00	71072.46957	2008	Singapore	Singapore	EAP
120	#B79F00	67635.46185	2009	Singapore	Singapore	EAP
120	#B79F00	78557.98724	2010	Singapore	Singapore	EAP
120	#B79F00	79637.15965	2011	Singapore	Singapore	EAP
120	#B79F00	80774.76379	2012	Singapore	Singapore	EAP
120	#B79F00	82348.59009	2013	Singapore	Singapore	EAP
120	#B79F00	85866.02029	2014	Singapore	Singapore	EAP
120	#B79F00	84156.7815	2015	Singapore	Singapore	EAP
120	#B79F00	86851.85179	2016	Singapore	Singapore	EAP
120	#B79F00	88700.77414	2017	Singapore	Singapore	EAP
120	#B79F00	86623.97404	2018	Singapore	Singapore	EAP
120	#B79F00	86455.56452	2019	Singapore	Singapore	EAP
120	#B79F00	81430.60411	2020	Singapore	Singapore	EAP
120	#B79F00	88518.78332	2021	Singapore	Singapore	EAP
120	#B79F00	88761.14559	2022	Singapore	Singapore	EAP
123	#F564E3	10089.58306	1990	South Africa	South Africa	SSA
123	#F564E3	9820.946922	1991	South Africa	South Africa	SSA
123	#F564E3	9442.636784	1992	South Africa	South Africa	SSA
123	#F564E3	9399.529866	1993	South Africa	South Africa	SSA
123	#F564E3	9556.131371	1994	South Africa	South Africa	SSA
123	#F564E3	9680.697666	1995	South Africa	South Africa	SSA
123	#F564E3	9922.534064	1996	South Africa	South Africa	SSA
123	#F564E3	10040.72755	1997	South Africa	South Africa	SSA
123	#F564E3	9949.670575	1998	South Africa	South Africa	SSA
123	#F564E3	10073.19719	1999	South Africa	South Africa	SSA
123	#F564E3	10396.38655	2000	South Africa	South Africa	SSA
123	#F564E3	10512.77681	2001	South Africa	South Africa	SSA
123	#F564E3	10859.54095	2002	South Africa	South Africa	SSA
123	#F564E3	11052.83535	2003	South Africa	South Africa	SSA
123	#F564E3	11525.06911	2004	South Africa	South Africa	SSA
123	#F564E3	12013.98607	2005	South Africa	South Africa	SSA
123	#F564E3	12565.24633	2006	South Africa	South Africa	SSA
123	#F564E3	12936.52553	2007	South Africa	South Africa	SSA
123	#F564E3	13221.50092	2008	South Africa	South Africa	SSA
123	#F564E3	12967.5913	2009	South Africa	South Africa	SSA
123	#F564E3	13208.48997	2010	South Africa	South Africa	SSA
123	#F564E3	13401.03031	2011	South Africa	South Africa	SSA
123	#F564E3	13522.30267	2012	South Africa	South Africa	SSA
123	#F564E3	13684.71642	2013	South Africa	South Africa	SSA
123	#F564E3	13654.43033	2014	South Africa	South Africa	SSA
123	#F564E3	13574.60131	2015	South Africa	South Africa	SSA
123	#F564E3	13493.83332	2016	South Africa	South Africa	SSA
123	#F564E3	13563.67115	2017	South Africa	South Africa	SSA
123	#F564E3	13601.13158	2018	South Africa	South Africa	SSA
123	#F564E3	13506.04814	2019	South Africa	South Africa	SSA
123	#F564E3	12598.35718	2020	South Africa	South Africa	SSA
123	#F564E3	13047.6365	2021	South Africa	South Africa	SSA
123	#F564E3	13185.56419	2022	South Africa	South Africa	SSA
125	#619CFF	4013.652282	1990	Sri Lanka	Sri Lanka	SA
125	#619CFF	4142.882796	1991	Sri Lanka	Sri Lanka	SA
125	#619CFF	4298.35861	1992	Sri Lanka	Sri Lanka	SA
125	#619CFF	4553.142977	1993	Sri Lanka	Sri Lanka	SA
125	#619CFF	4730.869603	1994	Sri Lanka	Sri Lanka	SA
125	#619CFF	4915.829317	1995	Sri Lanka	Sri Lanka	SA
125	#619CFF	5056.504694	1996	Sri Lanka	Sri Lanka	SA
125	#619CFF	5356.131484	1997	Sri Lanka	Sri Lanka	SA
125	#619CFF	5549.195575	1998	Sri Lanka	Sri Lanka	SA
125	#619CFF	5741.119139	1999	Sri Lanka	Sri Lanka	SA
125	#619CFF	6046.577677	2000	Sri Lanka	Sri Lanka	SA
125	#619CFF	5912.322267	2001	Sri Lanka	Sri Lanka	SA
125	#619CFF	6101.385601	2002	Sri Lanka	Sri Lanka	SA
125	#619CFF	6435.019765	2003	Sri Lanka	Sri Lanka	SA
125	#619CFF	6716.569854	2004	Sri Lanka	Sri Lanka	SA
125	#619CFF	7055.031277	2005	Sri Lanka	Sri Lanka	SA
125	#619CFF	7510.937945	2006	Sri Lanka	Sri Lanka	SA
125	#619CFF	7960.618598	2007	Sri Lanka	Sri Lanka	SA
125	#619CFF	8252.560246	2008	Sri Lanka	Sri Lanka	SA
125	#619CFF	8552.668757	2009	Sri Lanka	Sri Lanka	SA
125	#619CFF	9258.837982	2010	Sri Lanka	Sri Lanka	SA
125	#619CFF	9954.07618	2011	Sri Lanka	Sri Lanka	SA
125	#619CFF	10698.47014	2012	Sri Lanka	Sri Lanka	SA
125	#619CFF	10936.43671	2013	Sri Lanka	Sri Lanka	SA
125	#619CFF	11429.94269	2014	Sri Lanka	Sri Lanka	SA
125	#619CFF	11919.44133	2015	Sri Lanka	Sri Lanka	SA
125	#619CFF	12452.13576	2016	Sri Lanka	Sri Lanka	SA
125	#619CFF	13212.33305	2017	Sri Lanka	Sri Lanka	SA
125	#619CFF	13405.80369	2018	Sri Lanka	Sri Lanka	SA
125	#619CFF	13262.95822	2019	Sri Lanka	Sri Lanka	SA
125	#619CFF	12589.80645	2020	Sri Lanka	Sri Lanka	SA
125	#619CFF	12958.82226	2021	Sri Lanka	Sri Lanka	SA
125	#619CFF	11899.49847	2022	Sri Lanka	Sri Lanka	SA
126	#F8766D	2521.390381	1990	Sudan	Sudan	AS
126	#F8766D	2459.860352	1991	Sudan	Sudan	AS
126	#F8766D	2662.749512	1992	Sudan	Sudan	AS
126	#F8766D	2824.555176	1993	Sudan	Sudan	AS
126	#F8766D	2852.896973	1994	Sudan	Sudan	AS
126	#F8766D	2969.043945	1995	Sudan	Sudan	AS
126	#F8766D	3178.595459	1996	Sudan	Sudan	AS
126	#F8766D	3700.599609	1997	Sudan	Sudan	AS
126	#F8766D	3758.767578	1998	Sudan	Sudan	AS
126	#F8766D	3742.456055	1999	Sudan	Sudan	AS
126	#F8766D	3845.069092	2000	Sudan	Sudan	AS
126	#F8766D	4009.306641	2001	Sudan	Sudan	AS
126	#F8766D	4106.773926	2002	Sudan	Sudan	AS
126	#F8766D	4263.20752	2003	Sudan	Sudan	AS
126	#F8766D	4334.572754	2004	Sudan	Sudan	AS
126	#F8766D	4466.466309	2005	Sudan	Sudan	AS
126	#F8766D	4576.374023	2006	Sudan	Sudan	AS
126	#F8766D	4712.490723	2007	Sudan	Sudan	AS
126	#F8766D	4690.844727	2008	Sudan	Sudan	AS
126	#F8766D	4560.047852	2009	Sudan	Sudan	AS
126	#F8766D	4341.393066	2010	Sudan	Sudan	AS
126	#F8766D	4666.238281	2011	Sudan	Sudan	AS
126	#F8766D	4478.064453	2012	Sudan	Sudan	AS
126	#F8766D	4402.897461	2013	Sudan	Sudan	AS
126	#F8766D	4698.743164	2014	Sudan	Sudan	AS
126	#F8766D	4623.754883	2015	Sudan	Sudan	AS
126	#F8766D	4642.733887	2016	Sudan	Sudan	AS
126	#F8766D	4429.395996	2017	Sudan	Sudan	AS
126	#F8766D	4117.220703	2018	Sudan	Sudan	AS
126	#F8766D	3939.3396	2019	Sudan	Sudan	AS
126	#F8766D	3658.472412	2020	Sudan	Sudan	AS
126	#F8766D	3554.029785	2021	Sudan	Sudan	AS
126	#F8766D	3514.765869	2022	Sudan	Sudan	AS
128	#F8766D	4211.144863	1990	Syrian Arab Republic	Syrian Arab Republic	AS
128	#F8766D	4401.058436	1991	Syrian Arab Republic	Syrian Arab Republic	AS
128	#F8766D	4873.146259	1992	Syrian Arab Republic	Syrian Arab Republic	AS
128	#F8766D	4994.444403	1993	Syrian Arab Republic	Syrian Arab Republic	AS
128	#F8766D	5424.152825	1994	Syrian Arab Republic	Syrian Arab Republic	AS
128	#F8766D	5649.00802	1995	Syrian Arab Republic	Syrian Arab Republic	AS
128	#F8766D	5908.22523	1996	Syrian Arab Republic	Syrian Arab Republic	AS
128	#F8766D	6179.203264	1997	Syrian Arab Republic	Syrian Arab Republic	AS
128	#F8766D	6293.197774	1998	Syrian Arab Republic	Syrian Arab Republic	AS
128	#F8766D	5931.483261	1999	Syrian Arab Republic	Syrian Arab Republic	AS
128	#F8766D	5740.938887	2000	Syrian Arab Republic	Syrian Arab Republic	AS
128	#F8766D	5840.716773	2001	Syrian Arab Republic	Syrian Arab Republic	AS
128	#F8766D	6136.165828	2002	Syrian Arab Republic	Syrian Arab Republic	AS
128	#F8766D	6043.694783	2003	Syrian Arab Republic	Syrian Arab Republic	AS
128	#F8766D	6318.206013	2004	Syrian Arab Republic	Syrian Arab Republic	AS
128	#F8766D	6477.299227	2005	Syrian Arab Republic	Syrian Arab Republic	AS
128	#F8766D	6622.080759	2006	Syrian Arab Republic	Syrian Arab Republic	AS
128	#F8766D	6640.38373	2007	Syrian Arab Republic	Syrian Arab Republic	AS
128	#F8766D	6661.570172	2008	Syrian Arab Republic	Syrian Arab Republic	AS
128	#F8766D	6960.327713	2009	Syrian Arab Republic	Syrian Arab Republic	AS
128	#F8766D	7005.285201	2010	Syrian Arab Republic	Syrian Arab Republic	AS
128	#F8766D	12322.05175	2011	Syrian Arab Republic	Syrian Arab Republic	AS
128	#F8766D	7826.959601	2012	Syrian Arab Republic	Syrian Arab Republic	AS
128	#F8766D	4925.961492	2013	Syrian Arab Republic	Syrian Arab Republic	AS
128	#F8766D	4209.080181	2014	Syrian Arab Republic	Syrian Arab Republic	AS
128	#F8766D	4482.214278	2015	Syrian Arab Republic	Syrian Arab Republic	AS
128	#F8766D	4472.880813	2016	Syrian Arab Republic	Syrian Arab Republic	AS
128	#F8766D	4525.173977	2017	Syrian Arab Republic	Syrian Arab Republic	AS
128	#F8766D	4501.60186	2018	Syrian Arab Republic	Syrian Arab Republic	AS
128	#F8766D	4173.953395	2019	Syrian Arab Republic	Syrian Arab Republic	AS
128	#F8766D	3942.080383	2020	Syrian Arab Republic	Syrian Arab Republic	AS
128	#F8766D	3711.22231	2021	Syrian Arab Republic	Syrian Arab Republic	AS
128	#F8766D	3594.10679	2022	Syrian Arab Republic	Syrian Arab Republic	AS
129	#00BA38	4337.052097	1990	Tajikistan	Tajikistan	ECA
129	#00BA38	3969.314868	1991	Tajikistan	Tajikistan	ECA
129	#00BA38	2752.381411	1992	Tajikistan	Tajikistan	ECA
129	#00BA38	2246.896892	1993	Tajikistan	Tajikistan	ECA
129	#00BA38	1401.85848	1994	Tajikistan	Tajikistan	ECA
129	#00BA38	1435.460897	1995	Tajikistan	Tajikistan	ECA
129	#00BA38	1137.415456	1996	Tajikistan	Tajikistan	ECA
129	#00BA38	1190.154636	1997	Tajikistan	Tajikistan	ECA
129	#00BA38	1251.681891	1998	Tajikistan	Tajikistan	ECA
129	#00BA38	1290.919001	1999	Tajikistan	Tajikistan	ECA
129	#00BA38	1354.625741	2000	Tajikistan	Tajikistan	ECA
129	#00BA38	1456.764739	2001	Tajikistan	Tajikistan	ECA
129	#00BA38	1599.570825	2002	Tajikistan	Tajikistan	ECA
129	#00BA38	1724.863173	2003	Tajikistan	Tajikistan	ECA
129	#00BA38	1897.757666	2004	Tajikistan	Tajikistan	ECA
129	#00BA38	2234.366901	2005	Tajikistan	Tajikistan	ECA
129	#00BA38	2447.186199	2006	Tajikistan	Tajikistan	ECA
129	#00BA38	2576.286903	2007	Tajikistan	Tajikistan	ECA
129	#00BA38	2734.256748	2008	Tajikistan	Tajikistan	ECA
129	#00BA38	2684.231158	2009	Tajikistan	Tajikistan	ECA
129	#00BA38	2838.116675	2010	Tajikistan	Tajikistan	ECA
129	#00BA38	3009.226441	2011	Tajikistan	Tajikistan	ECA
129	#00BA38	3162.279029	2012	Tajikistan	Tajikistan	ECA
129	#00BA38	3349.324547	2013	Tajikistan	Tajikistan	ECA
129	#00BA38	3405.499606	2014	Tajikistan	Tajikistan	ECA
129	#00BA38	3438.978667	2015	Tajikistan	Tajikistan	ECA
129	#00BA38	3548.428111	2016	Tajikistan	Tajikistan	ECA
129	#00BA38	3709.165033	2017	Tajikistan	Tajikistan	ECA
129	#00BA38	3912.067195	2018	Tajikistan	Tajikistan	ECA
129	#00BA38	4110.545244	2019	Tajikistan	Tajikistan	ECA
129	#00BA38	4205.474828	2020	Tajikistan	Tajikistan	ECA
129	#00BA38	4543.671622	2021	Tajikistan	Tajikistan	ECA
129	#00BA38	4807.213923	2022	Tajikistan	Tajikistan	ECA
130	#F564E3	1291.370117	1990	Tanzania (United Republic of)	Tanzania (United Republic of)	SSA
130	#F564E3	1290.115356	1991	Tanzania (United Republic of)	Tanzania (United Republic of)	SSA
130	#F564E3	1263.125488	1992	Tanzania (United Republic of)	Tanzania (United Republic of)	SSA
130	#F564E3	1241.88269	1993	Tanzania (United Republic of)	Tanzania (United Republic of)	SSA
130	#F564E3	1217.434326	1994	Tanzania (United Republic of)	Tanzania (United Republic of)	SSA
130	#F564E3	1229.447266	1995	Tanzania (United Republic of)	Tanzania (United Republic of)	SSA
130	#F564E3	1275.772095	1996	Tanzania (United Republic of)	Tanzania (United Republic of)	SSA
130	#F564E3	1287.885986	1997	Tanzania (United Republic of)	Tanzania (United Republic of)	SSA
130	#F564E3	1308.61145	1998	Tanzania (United Republic of)	Tanzania (United Republic of)	SSA
130	#F564E3	1331.025879	1999	Tanzania (United Republic of)	Tanzania (United Republic of)	SSA
130	#F564E3	1357.884277	2000	Tanzania (United Republic of)	Tanzania (United Republic of)	SSA
130	#F564E3	1381.583618	2001	Tanzania (United Republic of)	Tanzania (United Republic of)	SSA
130	#F564E3	1466.36438	2002	Tanzania (United Republic of)	Tanzania (United Republic of)	SSA
130	#F564E3	1515.097412	2003	Tanzania (United Republic of)	Tanzania (United Republic of)	SSA
130	#F564E3	1584.674561	2004	Tanzania (United Republic of)	Tanzania (United Republic of)	SSA
130	#F564E3	1647.080444	2005	Tanzania (United Republic of)	Tanzania (United Republic of)	SSA
130	#F564E3	1736.137695	2006	Tanzania (United Republic of)	Tanzania (United Republic of)	SSA
130	#F564E3	1781.280762	2007	Tanzania (United Republic of)	Tanzania (United Republic of)	SSA
130	#F564E3	1835.036621	2008	Tanzania (United Republic of)	Tanzania (United Republic of)	SSA
130	#F564E3	1886.388672	2009	Tanzania (United Republic of)	Tanzania (United Republic of)	SSA
130	#F564E3	1937.365234	2010	Tanzania (United Republic of)	Tanzania (United Republic of)	SSA
130	#F564E3	2026.583618	2011	Tanzania (United Republic of)	Tanzania (United Republic of)	SSA
130	#F564E3	2066.580566	2012	Tanzania (United Republic of)	Tanzania (United Republic of)	SSA
130	#F564E3	2138.683105	2013	Tanzania (United Republic of)	Tanzania (United Republic of)	SSA
130	#F564E3	2222.77417	2014	Tanzania (United Republic of)	Tanzania (United Republic of)	SSA
130	#F564E3	2270.724365	2015	Tanzania (United Republic of)	Tanzania (United Republic of)	SSA
130	#F564E3	2333.903076	2016	Tanzania (United Republic of)	Tanzania (United Republic of)	SSA
130	#F564E3	2414.46582	2017	Tanzania (United Republic of)	Tanzania (United Republic of)	SSA
130	#F564E3	2483.64502	2018	Tanzania (United Republic of)	Tanzania (United Republic of)	SSA
130	#F564E3	2537.389893	2019	Tanzania (United Republic of)	Tanzania (United Republic of)	SSA
130	#F564E3	2502.293945	2020	Tanzania (United Republic of)	Tanzania (United Republic of)	SSA
130	#F564E3	2538.313232	2021	Tanzania (United Republic of)	Tanzania (United Republic of)	SSA
130	#F564E3	2578.156006	2022	Tanzania (United Republic of)	Tanzania (United Republic of)	SSA
131	#B79F00	7074.217175	1990	Thailand	Thailand	EAP
131	#B79F00	7544.220603	1991	Thailand	Thailand	EAP
131	#B79F00	8093.436837	1992	Thailand	Thailand	EAP
131	#B79F00	8682.172192	1993	Thailand	Thailand	EAP
131	#B79F00	9233.462764	1994	Thailand	Thailand	EAP
131	#B79F00	9831.295053	1995	Thailand	Thailand	EAP
131	#B79F00	10190.13714	1996	Thailand	Thailand	EAP
131	#B79F00	9736.829228	1997	Thailand	Thailand	EAP
131	#B79F00	8800.848424	1998	Thailand	Thailand	EAP
131	#B79F00	9177.64281	1999	Thailand	Thailand	EAP
131	#B79F00	9598.83384	2000	Thailand	Thailand	EAP
131	#B79F00	9755.657711	2001	Thailand	Thailand	EAP
131	#B79F00	10187.28002	2002	Thailand	Thailand	EAP
131	#B79F00	10762.06416	2003	Thailand	Thailand	EAP
131	#B79F00	11314.89889	2004	Thailand	Thailand	EAP
131	#B79F00	11680.31214	2005	Thailand	Thailand	EAP
131	#B79F00	12266.11056	2006	Thailand	Thailand	EAP
131	#B79F00	12876.54602	2007	Thailand	Thailand	EAP
131	#B79F00	12968.39818	2008	Thailand	Thailand	EAP
131	#B79F00	12805.583	2009	Thailand	Thailand	EAP
131	#B79F00	13578.51999	2010	Thailand	Thailand	EAP
131	#B79F00	13856.81038	2011	Thailand	Thailand	EAP
131	#B79F00	14436.66785	2012	Thailand	Thailand	EAP
131	#B79F00	14455.3447	2013	Thailand	Thailand	EAP
131	#B79F00	14711.23796	2014	Thailand	Thailand	EAP
131	#B79F00	15098.151	2015	Thailand	Thailand	EAP
131	#B79F00	15623.25685	2016	Thailand	Thailand	EAP
131	#B79F00	16246.12349	2017	Thailand	Thailand	EAP
131	#B79F00	16813.17615	2018	Thailand	Thailand	EAP
131	#B79F00	17334.87989	2019	Thailand	Thailand	EAP
131	#B79F00	16443.82559	2020	Thailand	Thailand	EAP
131	#B79F00	16481.48412	2021	Thailand	Thailand	EAP
131	#B79F00	16886.51113	2022	Thailand	Thailand	EAP
133	#F564E3	1713.751025	1990	Togo	Togo	SSA
133	#F564E3	1653.616492	1991	Togo	Togo	SSA
133	#F564E3	1546.364263	1992	Togo	Togo	SSA
133	#F564E3	1319.98356	1993	Togo	Togo	SSA
133	#F564E3	1478.528438	1994	Togo	Togo	SSA
133	#F564E3	1544.86079	1995	Togo	Togo	SSA
133	#F564E3	1635.241436	1996	Togo	Togo	SSA
133	#F564E3	1812.561517	1997	Togo	Togo	SSA
133	#F564E3	1722.703034	1998	Togo	Togo	SSA
133	#F564E3	1702.564894	1999	Togo	Togo	SSA
133	#F564E3	1646.427804	2000	Togo	Togo	SSA
133	#F564E3	1615.615511	2001	Togo	Togo	SSA
133	#F564E3	1642.96737	2002	Togo	Togo	SSA
133	#F564E3	1710.238452	2003	Togo	Togo	SSA
133	#F564E3	1644.671577	2004	Togo	Togo	SSA
133	#F564E3	1528.608921	2005	Togo	Togo	SSA
133	#F564E3	1525.607981	2006	Togo	Togo	SSA
133	#F564E3	1469.123388	2007	Togo	Togo	SSA
133	#F564E3	1493.277388	2008	Togo	Togo	SSA
133	#F564E3	1531.333662	2009	Togo	Togo	SSA
133	#F564E3	1580.534172	2010	Togo	Togo	SSA
133	#F564E3	1715.965753	2011	Togo	Togo	SSA
133	#F564E3	1710.257782	2012	Togo	Togo	SSA
133	#F564E3	1774.503385	2013	Togo	Togo	SSA
133	#F564E3	1838.093976	2014	Togo	Togo	SSA
133	#F564E3	1928.141479	2015	Togo	Togo	SSA
133	#F564E3	1951.901266	2016	Togo	Togo	SSA
133	#F564E3	1974.239051	2017	Togo	Togo	SSA
133	#F564E3	2029.602831	2018	Togo	Togo	SSA
133	#F564E3	2079.602948	2019	Togo	Togo	SSA
133	#F564E3	2068.418544	2020	Togo	Togo	SSA
133	#F564E3	2141.919708	2021	Togo	Togo	SSA
133	#F564E3	2214.233649	2022	Togo	Togo	SSA
134	#B79F00	4363.895971	1990	Tonga	Tonga	EAP
134	#B79F00	4594.757527	1991	Tonga	Tonga	EAP
134	#B79F00	4566.105508	1992	Tonga	Tonga	EAP
134	#B79F00	4708.78122	1993	Tonga	Tonga	EAP
134	#B79F00	5114.01067	1994	Tonga	Tonga	EAP
134	#B79F00	5111.271349	1995	Tonga	Tonga	EAP
134	#B79F00	5129.571125	1996	Tonga	Tonga	EAP
134	#B79F00	5078.225163	1997	Tonga	Tonga	EAP
134	#B79F00	5249.06785	1998	Tonga	Tonga	EAP
134	#B79F00	5291.193452	1999	Tonga	Tonga	EAP
134	#B79F00	5352.917987	2000	Tonga	Tonga	EAP
134	#B79F00	5351.403624	2001	Tonga	Tonga	EAP
134	#B79F00	5642.368292	2002	Tonga	Tonga	EAP
134	#B79F00	5533.988483	2003	Tonga	Tonga	EAP
134	#B79F00	5428.14194	2004	Tonga	Tonga	EAP
134	#B79F00	5308.903016	2005	Tonga	Tonga	EAP
134	#B79F00	5269.252361	2006	Tonga	Tonga	EAP
134	#B79F00	5105.514743	2007	Tonga	Tonga	EAP
134	#B79F00	5339.534117	2008	Tonga	Tonga	EAP
134	#B79F00	5124.093332	2009	Tonga	Tonga	EAP
134	#B79F00	5159.695995	2010	Tonga	Tonga	EAP
134	#B79F00	5480.870154	2011	Tonga	Tonga	EAP
134	#B79F00	5534.043271	2012	Tonga	Tonga	EAP
134	#B79F00	5547.627599	2013	Tonga	Tonga	EAP
134	#B79F00	5588.843212	2014	Tonga	Tonga	EAP
134	#B79F00	5699.218003	2015	Tonga	Tonga	EAP
134	#B79F00	6069.102025	2016	Tonga	Tonga	EAP
134	#B79F00	6505.298686	2017	Tonga	Tonga	EAP
134	#B79F00	6659.339716	2018	Tonga	Tonga	EAP
134	#B79F00	6866.449473	2019	Tonga	Tonga	EAP
134	#B79F00	6892.373648	2020	Tonga	Tonga	EAP
134	#B79F00	6471.289699	2021	Tonga	Tonga	EAP
134	#B79F00	6360.178905	2022	Tonga	Tonga	EAP
135	#00BFC4	10700.27231	1990	Trinidad and Tobago	Trinidad and Tobago	LAC
135	#00BFC4	10842.94442	1991	Trinidad and Tobago	Trinidad and Tobago	LAC
135	#00BFC4	10598.42007	1992	Trinidad and Tobago	Trinidad and Tobago	LAC
135	#00BFC4	10466.06893	1993	Trinidad and Tobago	Trinidad and Tobago	LAC
135	#00BFC4	10626.56707	1994	Trinidad and Tobago	Trinidad and Tobago	LAC
135	#00BFC4	10951.3054	1995	Trinidad and Tobago	Trinidad and Tobago	LAC
135	#00BFC4	11689.18188	1996	Trinidad and Tobago	Trinidad and Tobago	LAC
135	#00BFC4	12836.26822	1997	Trinidad and Tobago	Trinidad and Tobago	LAC
135	#00BFC4	14022.6755	1998	Trinidad and Tobago	Trinidad and Tobago	LAC
135	#00BFC4	15062.2152	1999	Trinidad and Tobago	Trinidad and Tobago	LAC
135	#00BFC4	15730.56333	2000	Trinidad and Tobago	Trinidad and Tobago	LAC
135	#00BFC4	16592.8881	2001	Trinidad and Tobago	Trinidad and Tobago	LAC
135	#00BFC4	17959.2544	2002	Trinidad and Tobago	Trinidad and Tobago	LAC
135	#00BFC4	20287.33462	2003	Trinidad and Tobago	Trinidad and Tobago	LAC
135	#00BFC4	22475.10452	2004	Trinidad and Tobago	Trinidad and Tobago	LAC
135	#00BFC4	23305.48901	2005	Trinidad and Tobago	Trinidad and Tobago	LAC
135	#00BFC4	26209.22862	2006	Trinidad and Tobago	Trinidad and Tobago	LAC
135	#00BFC4	26428.22851	2007	Trinidad and Tobago	Trinidad and Tobago	LAC
135	#00BFC4	26524.97174	2008	Trinidad and Tobago	Trinidad and Tobago	LAC
135	#00BFC4	26531.55303	2009	Trinidad and Tobago	Trinidad and Tobago	LAC
135	#00BFC4	27360.75088	2010	Trinidad and Tobago	Trinidad and Tobago	LAC
135	#00BFC4	25323.37558	2011	Trinidad and Tobago	Trinidad and Tobago	LAC
135	#00BFC4	26089.87988	2012	Trinidad and Tobago	Trinidad and Tobago	LAC
135	#00BFC4	27832.87674	2013	Trinidad and Tobago	Trinidad and Tobago	LAC
135	#00BFC4	28411.35964	2014	Trinidad and Tobago	Trinidad and Tobago	LAC
135	#00BFC4	29366.24676	2015	Trinidad and Tobago	Trinidad and Tobago	LAC
135	#00BFC4	27306.70436	2016	Trinidad and Tobago	Trinidad and Tobago	LAC
135	#00BFC4	26267.8115	2017	Trinidad and Tobago	Trinidad and Tobago	LAC
135	#00BFC4	24783.02991	2018	Trinidad and Tobago	Trinidad and Tobago	LAC
135	#00BFC4	24662.08966	2019	Trinidad and Tobago	Trinidad and Tobago	LAC
135	#00BFC4	23539.74895	2020	Trinidad and Tobago	Trinidad and Tobago	LAC
135	#00BFC4	22006.33443	2021	Trinidad and Tobago	Trinidad and Tobago	LAC
135	#00BFC4	22473.03876	2022	Trinidad and Tobago	Trinidad and Tobago	LAC
136	#F8766D	5520.324892	1990	Tunisia	Tunisia	AS
136	#F8766D	5575.189467	1991	Tunisia	Tunisia	AS
136	#F8766D	5868.244069	1992	Tunisia	Tunisia	AS
136	#F8766D	5809.242633	1993	Tunisia	Tunisia	AS
136	#F8766D	5914.364503	1994	Tunisia	Tunisia	AS
136	#F8766D	5996.86581	1995	Tunisia	Tunisia	AS
136	#F8766D	6303.363696	1996	Tunisia	Tunisia	AS
136	#F8766D	6609.508655	1997	Tunisia	Tunisia	AS
136	#F8766D	6862.890554	1998	Tunisia	Tunisia	AS
136	#F8766D	7199.617531	1999	Tunisia	Tunisia	AS
136	#F8766D	7430.758085	2000	Tunisia	Tunisia	AS
136	#F8766D	7627.760463	2001	Tunisia	Tunisia	AS
136	#F8766D	7651.933763	2002	Tunisia	Tunisia	AS
136	#F8766D	7957.097835	2003	Tunisia	Tunisia	AS
136	#F8766D	8362.64361	2004	Tunisia	Tunisia	AS
136	#F8766D	8494.2453	2005	Tunisia	Tunisia	AS
136	#F8766D	8901.310253	2006	Tunisia	Tunisia	AS
136	#F8766D	9369.191678	2007	Tunisia	Tunisia	AS
136	#F8766D	9651.087023	2008	Tunisia	Tunisia	AS
136	#F8766D	9896.456958	2009	Tunisia	Tunisia	AS
136	#F8766D	10003.15367	2010	Tunisia	Tunisia	AS
136	#F8766D	9687.96419	2011	Tunisia	Tunisia	AS
136	#F8766D	10017.60743	2012	Tunisia	Tunisia	AS
136	#F8766D	10116.92469	2013	Tunisia	Tunisia	AS
136	#F8766D	10401.04833	2014	Tunisia	Tunisia	AS
136	#F8766D	10472.85544	2015	Tunisia	Tunisia	AS
136	#F8766D	10517.63605	2016	Tunisia	Tunisia	AS
136	#F8766D	10618.9667	2017	Tunisia	Tunisia	AS
136	#F8766D	10775.33378	2018	Tunisia	Tunisia	AS
136	#F8766D	10821.4147	2019	Tunisia	Tunisia	AS
136	#F8766D	9709.943153	2020	Tunisia	Tunisia	AS
136	#F8766D	10122.96434	2021	Tunisia	Tunisia	AS
136	#F8766D	10296.6496	2022	Tunisia	Tunisia	AS
137	#00BA38	12909.7283	1990	Türkiye	Türkiye	ECA
137	#00BA38	12747.81481	1991	Türkiye	Türkiye	ECA
137	#00BA38	13309.27221	1992	Türkiye	Türkiye	ECA
137	#00BA38	14108.25104	1993	Türkiye	Türkiye	ECA
137	#00BA38	13070.59363	1994	Türkiye	Türkiye	ECA
137	#00BA38	13869.62032	1995	Türkiye	Türkiye	ECA
137	#00BA38	14627.3185	1996	Türkiye	Türkiye	ECA
137	#00BA38	15558.32548	1997	Türkiye	Türkiye	ECA
137	#00BA38	15874.96705	1998	Türkiye	Türkiye	ECA
137	#00BA38	14901.99002	1999	Türkiye	Türkiye	ECA
137	#00BA38	15619.34637	2000	Türkiye	Türkiye	ECA
137	#00BA38	14227.8394	2001	Türkiye	Türkiye	ECA
137	#00BA38	14903.61525	2002	Türkiye	Türkiye	ECA
137	#00BA38	15489.01398	2003	Türkiye	Türkiye	ECA
137	#00BA38	16788.3171	2004	Türkiye	Türkiye	ECA
137	#00BA38	17991.48236	2005	Türkiye	Türkiye	ECA
137	#00BA38	18989.61742	2006	Türkiye	Türkiye	ECA
137	#00BA38	19634.08542	2007	Türkiye	Türkiye	ECA
137	#00BA38	19518.37045	2008	Türkiye	Türkiye	ECA
137	#00BA38	18317.23351	2009	Türkiye	Türkiye	ECA
137	#00BA38	19681.24937	2010	Türkiye	Türkiye	ECA
137	#00BA38	21574.87464	2011	Türkiye	Türkiye	ECA
137	#00BA38	22298.17065	2012	Türkiye	Türkiye	ECA
137	#00BA38	23743.99735	2013	Türkiye	Türkiye	ECA
137	#00BA38	24492.91067	2014	Türkiye	Türkiye	ECA
137	#00BA38	25415.68648	2015	Türkiye	Türkiye	ECA
137	#00BA38	25785.75968	2016	Türkiye	Türkiye	ECA
137	#00BA38	27238.35049	2017	Türkiye	Türkiye	ECA
137	#00BA38	28001.26992	2018	Türkiye	Türkiye	ECA
137	#00BA38	27950.46628	2019	Türkiye	Türkiye	ECA
137	#00BA38	28380.88549	2020	Türkiye	Türkiye	ECA
137	#00BA38	31310.01246	2021	Türkiye	Türkiye	ECA
137	#00BA38	32833.53512	2022	Türkiye	Türkiye	ECA
139	#B79F00	3115.564477	1990	Tuvalu	Tuvalu	EAP
139	#B79F00	3168.059814	1991	Tuvalu	Tuvalu	EAP
139	#B79F00	3232.120579	1992	Tuvalu	Tuvalu	EAP
139	#B79F00	3341.27662	1993	Tuvalu	Tuvalu	EAP
139	#B79F00	3655.677594	1994	Tuvalu	Tuvalu	EAP
139	#B79F00	3447.579277	1995	Tuvalu	Tuvalu	EAP
139	#B79F00	3247.677093	1996	Tuvalu	Tuvalu	EAP
139	#B79F00	3517.644005	1997	Tuvalu	Tuvalu	EAP
139	#B79F00	4077.402203	1998	Tuvalu	Tuvalu	EAP
139	#B79F00	4000.975986	1999	Tuvalu	Tuvalu	EAP
139	#B79F00	3981.648168	2000	Tuvalu	Tuvalu	EAP
139	#B79F00	4637.536178	2001	Tuvalu	Tuvalu	EAP
139	#B79F00	5556.744316	2002	Tuvalu	Tuvalu	EAP
139	#B79F00	4060.953905	2003	Tuvalu	Tuvalu	EAP
139	#B79F00	4344.621446	2004	Tuvalu	Tuvalu	EAP
139	#B79F00	4147.534919	2005	Tuvalu	Tuvalu	EAP
139	#B79F00	4119.990901	2006	Tuvalu	Tuvalu	EAP
139	#B79F00	4133.248188	2007	Tuvalu	Tuvalu	EAP
139	#B79F00	4412.114365	2008	Tuvalu	Tuvalu	EAP
139	#B79F00	4081.322832	2009	Tuvalu	Tuvalu	EAP
139	#B79F00	3995.52098	2010	Tuvalu	Tuvalu	EAP
139	#B79F00	3911.166675	2011	Tuvalu	Tuvalu	EAP
139	#B79F00	4331.282664	2012	Tuvalu	Tuvalu	EAP
139	#B79F00	4604.495532	2013	Tuvalu	Tuvalu	EAP
139	#B79F00	4422.749766	2014	Tuvalu	Tuvalu	EAP
139	#B79F00	5427.232599	2015	Tuvalu	Tuvalu	EAP
139	#B79F00	6071.616859	2016	Tuvalu	Tuvalu	EAP
139	#B79F00	5871.636181	2017	Tuvalu	Tuvalu	EAP
139	#B79F00	6855.472508	2018	Tuvalu	Tuvalu	EAP
139	#B79F00	6054.228334	2019	Tuvalu	Tuvalu	EAP
139	#B79F00	6283.670058	2020	Tuvalu	Tuvalu	EAP
139	#B79F00	4767.988644	2021	Tuvalu	Tuvalu	EAP
139	#B79F00	4754.453732	2022	Tuvalu	Tuvalu	EAP
140	#F564E3	885.1965355	1990	Uganda	Uganda	SSA
140	#F564E3	905.1977962	1991	Uganda	Uganda	SSA
140	#F564E3	893.5719568	1992	Uganda	Uganda	SSA
140	#F564E3	948.585039	1993	Uganda	Uganda	SSA
140	#F564E3	975.7395584	1994	Uganda	Uganda	SSA
140	#F564E3	1064.024067	1995	Uganda	Uganda	SSA
140	#F564E3	1132.975772	1996	Uganda	Uganda	SSA
140	#F564E3	1162.645001	1997	Uganda	Uganda	SSA
140	#F564E3	1185.715234	1998	Uganda	Uganda	SSA
140	#F564E3	1239.083341	1999	Uganda	Uganda	SSA
140	#F564E3	1220.293668	2000	Uganda	Uganda	SSA
140	#F564E3	1228.919076	2001	Uganda	Uganda	SSA
140	#F564E3	1307.932424	2002	Uganda	Uganda	SSA
140	#F564E3	1351.108502	2003	Uganda	Uganda	SSA
140	#F564E3	1392.235363	2004	Uganda	Uganda	SSA
140	#F564E3	1434.700097	2005	Uganda	Uganda	SSA
140	#F564E3	1550.61975	2006	Uganda	Uganda	SSA
140	#F564E3	1641.292868	2007	Uganda	Uganda	SSA
140	#F564E3	1734.918933	2008	Uganda	Uganda	SSA
140	#F564E3	1802.728005	2009	Uganda	Uganda	SSA
140	#F564E3	1848.499074	2010	Uganda	Uganda	SSA
140	#F564E3	1966.576165	2011	Uganda	Uganda	SSA
140	#F564E3	1972.374658	2012	Uganda	Uganda	SSA
140	#F564E3	1983.414609	2013	Uganda	Uganda	SSA
140	#F564E3	2020.236503	2014	Uganda	Uganda	SSA
140	#F564E3	2068.871821	2015	Uganda	Uganda	SSA
140	#F564E3	2099.456378	2016	Uganda	Uganda	SSA
140	#F564E3	2078.314933	2017	Uganda	Uganda	SSA
140	#F564E3	2124.422436	2018	Uganda	Uganda	SSA
140	#F564E3	2190.260893	2019	Uganda	Uganda	SSA
140	#F564E3	2201.801545	2020	Uganda	Uganda	SSA
140	#F564E3	2207.360004	2021	Uganda	Uganda	SSA
140	#F564E3	2240.585404	2022	Uganda	Uganda	SSA
141	#00BA38	16807.19409	1990	Ukraine	Ukraine	ECA
141	#00BA38	15250.33008	1991	Ukraine	Ukraine	ECA
141	#00BA38	13428.01367	1992	Ukraine	Ukraine	ECA
141	#00BA38	11302.57813	1993	Ukraine	Ukraine	ECA
141	#00BA38	8865.405273	1994	Ukraine	Ukraine	ECA
141	#00BA38	7831.555664	1995	Ukraine	Ukraine	ECA
141	#00BA38	7106.45166	1996	Ukraine	Ukraine	ECA
141	#00BA38	6954.604492	1997	Ukraine	Ukraine	ECA
141	#00BA38	6837.216309	1998	Ukraine	Ukraine	ECA
141	#00BA38	6842.411133	1999	Ukraine	Ukraine	ECA
141	#00BA38	7100.424805	2000	Ukraine	Ukraine	ECA
141	#00BA38	7902.808594	2001	Ukraine	Ukraine	ECA
141	#00BA38	8408.250977	2002	Ukraine	Ukraine	ECA
141	#00BA38	9293.322266	2003	Ukraine	Ukraine	ECA
141	#00BA38	10487.58984	2004	Ukraine	Ukraine	ECA
141	#00BA38	10857.58496	2005	Ukraine	Ukraine	ECA
141	#00BA38	11674.10059	2006	Ukraine	Ukraine	ECA
141	#00BA38	12768.99414	2007	Ukraine	Ukraine	ECA
141	#00BA38	13015.5957	2008	Ukraine	Ukraine	ECA
141	#00BA38	11099.3252	2009	Ukraine	Ukraine	ECA
141	#00BA38	11795.40137	2010	Ukraine	Ukraine	ECA
141	#00BA38	12320.1709	2011	Ukraine	Ukraine	ECA
141	#00BA38	12839.41016	2012	Ukraine	Ukraine	ECA
141	#00BA38	12824.77344	2013	Ukraine	Ukraine	ECA
141	#00BA38	12237.29199	2014	Ukraine	Ukraine	ECA
141	#00BA38	11671.55273	2015	Ukraine	Ukraine	ECA
141	#00BA38	11649.48145	2016	Ukraine	Ukraine	ECA
141	#00BA38	12032.75488	2017	Ukraine	Ukraine	ECA
141	#00BA38	12455.66992	2018	Ukraine	Ukraine	ECA
141	#00BA38	12964.43652	2019	Ukraine	Ukraine	ECA
141	#00BA38	12699.31055	2020	Ukraine	Ukraine	ECA
141	#00BA38	12566.9043	2021	Ukraine	Ukraine	ECA
141	#00BA38	11416.2168	2022	Ukraine	Ukraine	ECA
142	#F8766D	97331.0236	1990	United Arab Emirates	United Arab Emirates	AS
142	#F8766D	91672.60196	1991	United Arab Emirates	United Arab Emirates	AS
142	#F8766D	89126.91514	1992	United Arab Emirates	United Arab Emirates	AS
142	#F8766D	89285.19434	1993	United Arab Emirates	United Arab Emirates	AS
142	#F8766D	94149.48241	1994	United Arab Emirates	United Arab Emirates	AS
142	#F8766D	99256.39533	1995	United Arab Emirates	United Arab Emirates	AS
142	#F8766D	98908.50028	1996	United Arab Emirates	United Arab Emirates	AS
142	#F8766D	99484.41674	1997	United Arab Emirates	United Arab Emirates	AS
142	#F8766D	95018.03515	1998	United Arab Emirates	United Arab Emirates	AS
142	#F8766D	93200.29755	1999	United Arab Emirates	United Arab Emirates	AS
142	#F8766D	98871.50425	2000	United Arab Emirates	United Arab Emirates	AS
142	#F8766D	97738.30717	2001	United Arab Emirates	United Arab Emirates	AS
142	#F8766D	91452.14791	2002	United Arab Emirates	United Arab Emirates	AS
142	#F8766D	93965.92346	2003	United Arab Emirates	United Arab Emirates	AS
142	#F8766D	98831.89033	2004	United Arab Emirates	United Arab Emirates	AS
142	#F8766D	97835.45715	2005	United Arab Emirates	United Arab Emirates	AS
142	#F8766D	94550.08624	2006	United Arab Emirates	United Arab Emirates	AS
142	#F8766D	82420.64223	2007	United Arab Emirates	United Arab Emirates	AS
142	#F8766D	69933.53169	2008	United Arab Emirates	United Arab Emirates	AS
142	#F8766D	57728.34951	2009	United Arab Emirates	United Arab Emirates	AS
142	#F8766D	54658.849	2010	United Arab Emirates	United Arab Emirates	AS
142	#F8766D	57850.56544	2011	United Arab Emirates	United Arab Emirates	AS
142	#F8766D	60013.46328	2012	United Arab Emirates	United Arab Emirates	AS
142	#F8766D	62449.02496	2013	United Arab Emirates	United Arab Emirates	AS
142	#F8766D	64464.60289	2014	United Arab Emirates	United Arab Emirates	AS
142	#F8766D	68400.74174	2015	United Arab Emirates	United Arab Emirates	AS
142	#F8766D	71631.75268	2016	United Arab Emirates	United Arab Emirates	AS
142	#F8766D	71688.62777	2017	United Arab Emirates	United Arab Emirates	AS
142	#F8766D	71793.00248	2018	United Arab Emirates	United Arab Emirates	AS
142	#F8766D	72131.13487	2019	United Arab Emirates	United Arab Emirates	AS
142	#F8766D	67353.43791	2020	United Arab Emirates	United Arab Emirates	AS
142	#F8766D	69550.4956	2021	United Arab Emirates	United Arab Emirates	AS
142	#F8766D	74103.71494	2022	United Arab Emirates	United Arab Emirates	AS
143	#00BFC4	10742.34299	1990	Uruguay	Uruguay	LAC
143	#00BFC4	11187.93462	1991	Uruguay	Uruguay	LAC
143	#00BFC4	12063.69411	1992	Uruguay	Uruguay	LAC
143	#00BFC4	12331.46378	1993	Uruguay	Uruguay	LAC
143	#00BFC4	13122.38405	1994	Uruguay	Uruguay	LAC
143	#00BFC4	12891.76112	1995	Uruguay	Uruguay	LAC
143	#00BFC4	13558.58329	1996	Uruguay	Uruguay	LAC
143	#00BFC4	14726.01123	1997	Uruguay	Uruguay	LAC
143	#00BFC4	15303.23661	1998	Uruguay	Uruguay	LAC
143	#00BFC4	15088.18472	1999	Uruguay	Uruguay	LAC
143	#00BFC4	14723.67466	2000	Uruguay	Uruguay	LAC
143	#00BFC4	14115.35218	2001	Uruguay	Uruguay	LAC
143	#00BFC4	13112.05779	2002	Uruguay	Uruguay	LAC
143	#00BFC4	12630.57373	2003	Uruguay	Uruguay	LAC
143	#00BFC4	13218.25949	2004	Uruguay	Uruguay	LAC
143	#00BFC4	14395.73108	2005	Uruguay	Uruguay	LAC
143	#00BFC4	15060.47652	2006	Uruguay	Uruguay	LAC
143	#00BFC4	16017.98583	2007	Uruguay	Uruguay	LAC
143	#00BFC4	17007.5096	2008	Uruguay	Uruguay	LAC
143	#00BFC4	17637.01313	2009	Uruguay	Uruguay	LAC
143	#00BFC4	18877.61386	2010	Uruguay	Uruguay	LAC
143	#00BFC4	19861.98068	2011	Uruguay	Uruguay	LAC
143	#00BFC4	19717.38754	2012	Uruguay	Uruguay	LAC
143	#00BFC4	21008.59086	2013	Uruguay	Uruguay	LAC
143	#00BFC4	21382.89388	2014	Uruguay	Uruguay	LAC
143	#00BFC4	21803.51914	2015	Uruguay	Uruguay	LAC
143	#00BFC4	21976.02231	2016	Uruguay	Uruguay	LAC
143	#00BFC4	22105.24664	2017	Uruguay	Uruguay	LAC
143	#00BFC4	22066.33322	2018	Uruguay	Uruguay	LAC
143	#00BFC4	22393.3673	2019	Uruguay	Uruguay	LAC
143	#00BFC4	20860.82885	2020	Uruguay	Uruguay	LAC
143	#00BFC4	20850.71255	2021	Uruguay	Uruguay	LAC
143	#00BFC4	22206.99029	2022	Uruguay	Uruguay	LAC
146	#00BFC4	16424.921	1990	Venezuela (Bolivarian Republic of)	Venezuela (Bolivarian Republic of)	LAC
146	#00BFC4	17598.874	1991	Venezuela (Bolivarian Republic of)	Venezuela (Bolivarian Republic of)	LAC
146	#00BFC4	18236.231	1992	Venezuela (Bolivarian Republic of)	Venezuela (Bolivarian Republic of)	LAC
146	#00BFC4	17875.426	1993	Venezuela (Bolivarian Republic of)	Venezuela (Bolivarian Republic of)	LAC
146	#00BFC4	17071.747	1994	Venezuela (Bolivarian Republic of)	Venezuela (Bolivarian Republic of)	LAC
146	#00BFC4	17364.625	1995	Venezuela (Bolivarian Republic of)	Venezuela (Bolivarian Republic of)	LAC
146	#00BFC4	16965.327	1996	Venezuela (Bolivarian Republic of)	Venezuela (Bolivarian Republic of)	LAC
146	#00BFC4	17681.779	1997	Venezuela (Bolivarian Republic of)	Venezuela (Bolivarian Republic of)	LAC
146	#00BFC4	17386.052	1998	Venezuela (Bolivarian Republic of)	Venezuela (Bolivarian Republic of)	LAC
146	#00BFC4	16027.475	1999	Venezuela (Bolivarian Republic of)	Venezuela (Bolivarian Republic of)	LAC
146	#00BFC4	16072.354	2000	Venezuela (Bolivarian Republic of)	Venezuela (Bolivarian Republic of)	LAC
146	#00BFC4	16344.033	2001	Venezuela (Bolivarian Republic of)	Venezuela (Bolivarian Republic of)	LAC
146	#00BFC4	14654.861	2002	Venezuela (Bolivarian Republic of)	Venezuela (Bolivarian Republic of)	LAC
146	#00BFC4	13302.039	2003	Venezuela (Bolivarian Republic of)	Venezuela (Bolivarian Republic of)	LAC
146	#00BFC4	15486.2	2004	Venezuela (Bolivarian Republic of)	Venezuela (Bolivarian Republic of)	LAC
146	#00BFC4	16817.907	2005	Venezuela (Bolivarian Republic of)	Venezuela (Bolivarian Republic of)	LAC
146	#00BFC4	18193.888	2006	Venezuela (Bolivarian Republic of)	Venezuela (Bolivarian Republic of)	LAC
146	#00BFC4	19485.748	2007	Venezuela (Bolivarian Republic of)	Venezuela (Bolivarian Republic of)	LAC
146	#00BFC4	20206.023	2008	Venezuela (Bolivarian Republic of)	Venezuela (Bolivarian Republic of)	LAC
146	#00BFC4	19268.582	2009	Venezuela (Bolivarian Republic of)	Venezuela (Bolivarian Republic of)	LAC
146	#00BFC4	18703.222	2010	Venezuela (Bolivarian Republic of)	Venezuela (Bolivarian Republic of)	LAC
146	#00BFC4	19201.845	2011	Venezuela (Bolivarian Republic of)	Venezuela (Bolivarian Republic of)	LAC
146	#00BFC4	19991.093	2012	Venezuela (Bolivarian Republic of)	Venezuela (Bolivarian Republic of)	LAC
146	#00BFC4	19973.37	2013	Venezuela (Bolivarian Republic of)	Venezuela (Bolivarian Republic of)	LAC
146	#00BFC4	18928.6	2014	Venezuela (Bolivarian Republic of)	Venezuela (Bolivarian Republic of)	LAC
146	#00BFC4	17511.156	2015	Venezuela (Bolivarian Republic of)	Venezuela (Bolivarian Republic of)	LAC
146	#00BFC4	14482.92	2016	Venezuela (Bolivarian Republic of)	Venezuela (Bolivarian Republic of)	LAC
146	#00BFC4	12322.101	2017	Venezuela (Bolivarian Republic of)	Venezuela (Bolivarian Republic of)	LAC
146	#00BFC4	10427.235	2018	Venezuela (Bolivarian Republic of)	Venezuela (Bolivarian Republic of)	LAC
146	#00BFC4	7836.525	2019	Venezuela (Bolivarian Republic of)	Venezuela (Bolivarian Republic of)	LAC
146	#00BFC4	5459.72	2020	Venezuela (Bolivarian Republic of)	Venezuela (Bolivarian Republic of)	LAC
146	#00BFC4	5587.197	2021	Venezuela (Bolivarian Republic of)	Venezuela (Bolivarian Republic of)	LAC
146	#00BFC4	6184.136	2022	Venezuela (Bolivarian Republic of)	Venezuela (Bolivarian Republic of)	LAC
147	#B79F00	1970.993078	1990	Viet Nam	Viet Nam	EAP
147	#B79F00	2066.965496	1991	Viet Nam	Viet Nam	EAP
147	#B79F00	2244.106015	1992	Viet Nam	Viet Nam	EAP
147	#B79F00	2368.245113	1993	Viet Nam	Viet Nam	EAP
147	#B79F00	2564.172484	1994	Viet Nam	Viet Nam	EAP
147	#B79F00	2829.904985	1995	Viet Nam	Viet Nam	EAP
147	#B79F00	3024.853031	1996	Viet Nam	Viet Nam	EAP
147	#B79F00	3202.98998	1997	Viet Nam	Viet Nam	EAP
147	#B79F00	3320.441232	1998	Viet Nam	Viet Nam	EAP
147	#B79F00	3447.760276	1999	Viet Nam	Viet Nam	EAP
147	#B79F00	3653.8733	2000	Viet Nam	Viet Nam	EAP
147	#B79F00	3843.591239	2001	Viet Nam	Viet Nam	EAP
147	#B79F00	4034.296364	2002	Viet Nam	Viet Nam	EAP
147	#B79F00	4270.592684	2003	Viet Nam	Viet Nam	EAP
147	#B79F00	4533.314831	2004	Viet Nam	Viet Nam	EAP
147	#B79F00	4825.982915	2005	Viet Nam	Viet Nam	EAP
147	#B79F00	5096.826145	2006	Viet Nam	Viet Nam	EAP
147	#B79F00	5375.060609	2007	Viet Nam	Viet Nam	EAP
147	#B79F00	5612.320986	2008	Viet Nam	Viet Nam	EAP
147	#B79F00	5781.518375	2009	Viet Nam	Viet Nam	EAP
147	#B79F00	6143.898308	2010	Viet Nam	Viet Nam	EAP
147	#B79F00	6483.865279	2011	Viet Nam	Viet Nam	EAP
147	#B79F00	6737.568623	2012	Viet Nam	Viet Nam	EAP
147	#B79F00	7020.053368	2013	Viet Nam	Viet Nam	EAP
147	#B79F00	7361.555222	2014	Viet Nam	Viet Nam	EAP
147	#B79F00	7697.652174	2015	Viet Nam	Viet Nam	EAP
147	#B79F00	8084.754808	2016	Viet Nam	Viet Nam	EAP
147	#B79F00	8503.90597	2017	Viet Nam	Viet Nam	EAP
147	#B79F00	9141.841879	2018	Viet Nam	Viet Nam	EAP
147	#B79F00	9733.786723	2019	Viet Nam	Viet Nam	EAP
147	#B79F00	10005.17461	2020	Viet Nam	Viet Nam	EAP
147	#B79F00	10084.94372	2021	Viet Nam	Viet Nam	EAP
147	#B79F00	10813.98273	2022	Viet Nam	Viet Nam	EAP
148	#F8766D	2390.861687	1990	Yemen	Yemen	AS
148	#F8766D	2278.853573	1991	Yemen	Yemen	AS
148	#F8766D	2288.669529	1992	Yemen	Yemen	AS
148	#F8766D	2309.043653	1993	Yemen	Yemen	AS
148	#F8766D	2275.655882	1994	Yemen	Yemen	AS
148	#F8766D	2492.917305	1995	Yemen	Yemen	AS
148	#F8766D	2778.053943	1996	Yemen	Yemen	AS
148	#F8766D	2866.336779	1997	Yemen	Yemen	AS
148	#F8766D	3022.688391	1998	Yemen	Yemen	AS
148	#F8766D	2954.53351	1999	Yemen	Yemen	AS
148	#F8766D	3116.124283	2000	Yemen	Yemen	AS
148	#F8766D	3244.274524	2001	Yemen	Yemen	AS
148	#F8766D	3298.796431	2002	Yemen	Yemen	AS
148	#F8766D	3363.702378	2003	Yemen	Yemen	AS
148	#F8766D	3386.742663	2004	Yemen	Yemen	AS
148	#F8766D	3464.868977	2005	Yemen	Yemen	AS
148	#F8766D	3633.88596	2006	Yemen	Yemen	AS
148	#F8766D	3652.859418	2007	Yemen	Yemen	AS
148	#F8766D	3650.162913	2008	Yemen	Yemen	AS
148	#F8766D	3677.941694	2009	Yemen	Yemen	AS
148	#F8766D	3651.689508	2010	Yemen	Yemen	AS
148	#F8766D	2954.204664	2011	Yemen	Yemen	AS
148	#F8766D	2942.518478	2012	Yemen	Yemen	AS
148	#F8766D	2994.007003	2013	Yemen	Yemen	AS
148	#F8766D	2582.869899	2014	Yemen	Yemen	AS
148	#F8766D	1659.403107	2015	Yemen	Yemen	AS
148	#F8766D	1386.769295	2016	Yemen	Yemen	AS
148	#F8766D	1207.062488	2017	Yemen	Yemen	AS
148	#F8766D	1170.253731	2018	Yemen	Yemen	AS
148	#F8766D	1165.09074	2019	Yemen	Yemen	AS
148	#F8766D	1152.015672	2020	Yemen	Yemen	AS
148	#F8766D	1112.162989	2021	Yemen	Yemen	AS
148	#F8766D	1105.763435	2022	Yemen	Yemen	AS
149	#F564E3	2107.377323	1990	Zambia	Zambia	SSA
149	#F564E3	1952.58334	1991	Zambia	Zambia	SSA
149	#F564E3	1903.504771	1992	Zambia	Zambia	SSA
149	#F564E3	2031.306647	1993	Zambia	Zambia	SSA
149	#F564E3	1837.600116	1994	Zambia	Zambia	SSA
149	#F564E3	1847.272074	1995	Zambia	Zambia	SSA
149	#F564E3	1926.997628	1996	Zambia	Zambia	SSA
149	#F564E3	1947.768259	1997	Zambia	Zambia	SSA
149	#F564E3	1881.348762	1998	Zambia	Zambia	SSA
149	#F564E3	1948.215386	1999	Zambia	Zambia	SSA
149	#F564E3	1978.821232	2000	Zambia	Zambia	SSA
149	#F564E3	2029.014079	2001	Zambia	Zambia	SSA
149	#F564E3	2066.032149	2002	Zambia	Zambia	SSA
149	#F564E3	2157.199829	2003	Zambia	Zambia	SSA
149	#F564E3	2156.252472	2004	Zambia	Zambia	SSA
149	#F564E3	2208.88053	2005	Zambia	Zambia	SSA
149	#F564E3	2263.175765	2006	Zambia	Zambia	SSA
149	#F564E3	2319.465537	2007	Zambia	Zambia	SSA
149	#F564E3	2498.22856	2008	Zambia	Zambia	SSA
149	#F564E3	2778.297758	2009	Zambia	Zambia	SSA
149	#F564E3	2833.253144	2010	Zambia	Zambia	SSA
149	#F564E3	2824.172498	2011	Zambia	Zambia	SSA
149	#F564E3	3270.385114	2012	Zambia	Zambia	SSA
149	#F564E3	3320.860732	2013	Zambia	Zambia	SSA
149	#F564E3	3192.959658	2014	Zambia	Zambia	SSA
149	#F564E3	3326.211349	2015	Zambia	Zambia	SSA
149	#F564E3	3159.451506	2016	Zambia	Zambia	SSA
149	#F564E3	3244.979459	2017	Zambia	Zambia	SSA
149	#F564E3	3325.308024	2018	Zambia	Zambia	SSA
149	#F564E3	3270.200936	2019	Zambia	Zambia	SSA
149	#F564E3	3046.055722	2020	Zambia	Zambia	SSA
149	#F564E3	3098.623658	2021	Zambia	Zambia	SSA
149	#F564E3	3157.35862	2022	Zambia	Zambia	SSA
150	#F564E3	1594.410211	1990	Zimbabwe	Zimbabwe	SSA
150	#F564E3	1639.409722	1991	Zimbabwe	Zimbabwe	SSA
150	#F564E3	1474.269816	1992	Zimbabwe	Zimbabwe	SSA
150	#F564E3	1488.866446	1993	Zimbabwe	Zimbabwe	SSA
150	#F564E3	1557.751403	1994	Zimbabwe	Zimbabwe	SSA
150	#F564E3	1531.688765	1995	Zimbabwe	Zimbabwe	SSA
150	#F564E3	1679.138625	1996	Zimbabwe	Zimbabwe	SSA
150	#F564E3	1654.38789	1997	Zimbabwe	Zimbabwe	SSA
150	#F564E3	1608.662564	1998	Zimbabwe	Zimbabwe	SSA
150	#F564E3	1561.673459	1999	Zimbabwe	Zimbabwe	SSA
150	#F564E3	1427.806736	2000	Zimbabwe	Zimbabwe	SSA
150	#F564E3	1458.711321	2001	Zimbabwe	Zimbabwe	SSA
150	#F564E3	1369.481884	2002	Zimbabwe	Zimbabwe	SSA
150	#F564E3	1249.238173	2003	Zimbabwe	Zimbabwe	SSA
150	#F564E3	1189.307195	2004	Zimbabwe	Zimbabwe	SSA
150	#F564E3	1132.816185	2005	Zimbabwe	Zimbabwe	SSA
150	#F564E3	1083.6235	2006	Zimbabwe	Zimbabwe	SSA
150	#F564E3	1052.458654	2007	Zimbabwe	Zimbabwe	SSA
150	#F564E3	895.9491394	2008	Zimbabwe	Zimbabwe	SSA
150	#F564E3	1366.798452	2009	Zimbabwe	Zimbabwe	SSA
150	#F564E3	1659.43149	2010	Zimbabwe	Zimbabwe	SSA
150	#F564E3	1825.68095	2011	Zimbabwe	Zimbabwe	SSA
150	#F564E3	2078.953775	2012	Zimbabwe	Zimbabwe	SSA
150	#F564E3	2124.83535	2013	Zimbabwe	Zimbabwe	SSA
150	#F564E3	2076.032583	2014	Zimbabwe	Zimbabwe	SSA
150	#F564E3	2040.150247	2015	Zimbabwe	Zimbabwe	SSA
150	#F564E3	2005.717549	2016	Zimbabwe	Zimbabwe	SSA
150	#F564E3	2067.753455	2017	Zimbabwe	Zimbabwe	SSA
150	#F564E3	2336.519143	2018	Zimbabwe	Zimbabwe	SSA
150	#F564E3	2156.431862	2019	Zimbabwe	Zimbabwe	SSA
150	#F564E3	1935.505995	2020	Zimbabwe	Zimbabwe	SSA
150	#F564E3	2051.668129	2021	Zimbabwe	Zimbabwe	SSA
150	#F564E3	2078.918063	2022	Zimbabwe	Zimbabwe	SSA
8	#00BA38	2923.538298	1995	Azerbaijan	Azerbaijan	ECA
8	#00BA38	2934.137741	1996	Azerbaijan	Azerbaijan	ECA
8	#00BA38	3086.558038	1997	Azerbaijan	Azerbaijan	ECA
8	#00BA38	3396.101783	1998	Azerbaijan	Azerbaijan	ECA
8	#00BA38	3754.972664	1999	Azerbaijan	Azerbaijan	ECA
8	#00BA38	3893.550199	2000	Azerbaijan	Azerbaijan	ECA
8	#00BA38	4199.720351	2001	Azerbaijan	Azerbaijan	ECA
8	#00BA38	4566.538056	2002	Azerbaijan	Azerbaijan	ECA
8	#00BA38	5003.813821	2003	Azerbaijan	Azerbaijan	ECA
8	#00BA38	5312.645342	2004	Azerbaijan	Azerbaijan	ECA
8	#00BA38	6251.171806	2005	Azerbaijan	Azerbaijan	ECA
8	#00BA38	8249.356333	2006	Azerbaijan	Azerbaijan	ECA
8	#00BA38	9876.347158	2007	Azerbaijan	Azerbaijan	ECA
8	#00BA38	11339.80921	2008	Azerbaijan	Azerbaijan	ECA
8	#00BA38	12625.62044	2009	Azerbaijan	Azerbaijan	ECA
8	#00BA38	13284.94553	2010	Azerbaijan	Azerbaijan	ECA
8	#00BA38	13002.31301	2011	Azerbaijan	Azerbaijan	ECA
8	#00BA38	13272.62095	2012	Azerbaijan	Azerbaijan	ECA
8	#00BA38	13956.4303	2013	Azerbaijan	Azerbaijan	ECA
8	#00BA38	14466.53294	2014	Azerbaijan	Azerbaijan	ECA
8	#00BA38	14398.44846	2015	Azerbaijan	Azerbaijan	ECA
8	#00BA38	13388.75218	2016	Azerbaijan	Azerbaijan	ECA
8	#00BA38	13587.53119	2017	Azerbaijan	Azerbaijan	ECA
8	#00BA38	13533.53249	2018	Azerbaijan	Azerbaijan	ECA
8	#00BA38	13897.39335	2019	Azerbaijan	Azerbaijan	ECA
8	#00BA38	13683.77025	2020	Azerbaijan	Azerbaijan	ECA
8	#00BA38	14408.1067	2021	Azerbaijan	Azerbaijan	ECA
8	#00BA38	15018.05443	2022	Azerbaijan	Azerbaijan	ECA
13	#00BA38	5784.510234	1995	Belarus	Belarus	ECA
13	#00BA38	5976.669455	1996	Belarus	Belarus	ECA
13	#00BA38	6669.021893	1997	Belarus	Belarus	ECA
13	#00BA38	7260.979924	1998	Belarus	Belarus	ECA
13	#00BA38	7576.539267	1999	Belarus	Belarus	ECA
13	#00BA38	8026.399109	2000	Belarus	Belarus	ECA
13	#00BA38	8451.600971	2001	Belarus	Belarus	ECA
13	#00BA38	8943.528547	2002	Belarus	Belarus	ECA
13	#00BA38	9665.064997	2003	Belarus	Belarus	ECA
13	#00BA38	10827.63384	2004	Belarus	Belarus	ECA
13	#00BA38	11950.98438	2005	Belarus	Belarus	ECA
13	#00BA38	13174.19784	2006	Belarus	Belarus	ECA
13	#00BA38	14299.7935	2007	Belarus	Belarus	ECA
13	#00BA38	15749.94108	2008	Belarus	Belarus	ECA
13	#00BA38	15705.63009	2009	Belarus	Belarus	ECA
13	#00BA38	16988.21859	2010	Belarus	Belarus	ECA
13	#00BA38	18070.50266	2011	Belarus	Belarus	ECA
13	#00BA38	18187.99412	2012	Belarus	Belarus	ECA
13	#00BA38	18137.47165	2013	Belarus	Belarus	ECA
13	#00BA38	18535.92459	2014	Belarus	Belarus	ECA
13	#00BA38	17569.76024	2015	Belarus	Belarus	ECA
13	#00BA38	17048.62688	2016	Belarus	Belarus	ECA
13	#00BA38	17666.59397	2017	Belarus	Belarus	ECA
13	#00BA38	18287.08994	2018	Belarus	Belarus	ECA
13	#00BA38	18714.05989	2019	Belarus	Belarus	ECA
13	#00BA38	18404.59728	2020	Belarus	Belarus	ECA
13	#00BA38	19104.25276	2021	Belarus	Belarus	ECA
13	#00BA38	18425.01061	2022	Belarus	Belarus	ECA
38	#F8766D	1966.632339	1995	Djibouti	Djibouti	AS
38	#F8766D	1816.954748	1996	Djibouti	Djibouti	AS
38	#F8766D	1834.175621	1997	Djibouti	Djibouti	AS
38	#F8766D	1759.406405	1998	Djibouti	Djibouti	AS
38	#F8766D	1797.061389	1999	Djibouti	Djibouti	AS
38	#F8766D	1770.234158	2000	Djibouti	Djibouti	AS
38	#F8766D	1741.210842	2001	Djibouti	Djibouti	AS
38	#F8766D	1756.648947	2002	Djibouti	Djibouti	AS
38	#F8766D	1877.264688	2003	Djibouti	Djibouti	AS
38	#F8766D	1939.485189	2004	Djibouti	Djibouti	AS
38	#F8766D	1973.299836	2005	Djibouti	Djibouti	AS
38	#F8766D	2180.614439	2006	Djibouti	Djibouti	AS
38	#F8766D	2240.266379	2007	Djibouti	Djibouti	AS
38	#F8766D	2304.032393	2008	Djibouti	Djibouti	AS
38	#F8766D	2570.013354	2009	Djibouti	Djibouti	AS
38	#F8766D	2813.874781	2010	Djibouti	Djibouti	AS
38	#F8766D	3113.456227	2011	Djibouti	Djibouti	AS
38	#F8766D	3456.500428	2012	Djibouti	Djibouti	AS
38	#F8766D	3614.268254	2013	Djibouti	Djibouti	AS
38	#F8766D	3813.295486	2014	Djibouti	Djibouti	AS
38	#F8766D	4028.333563	2015	Djibouti	Djibouti	AS
38	#F8766D	4159.500519	2016	Djibouti	Djibouti	AS
38	#F8766D	4247.571564	2017	Djibouti	Djibouti	AS
38	#F8766D	4365.224444	2018	Djibouti	Djibouti	AS
38	#F8766D	4622.513134	2019	Djibouti	Djibouti	AS
38	#F8766D	4606.076485	2020	Djibouti	Djibouti	AS
38	#F8766D	4798.002265	2021	Djibouti	Djibouti	AS
38	#F8766D	4874.51828	2022	Djibouti	Djibouti	AS
79	#619CFF	9809.157585	1995	Maldives	Maldives	SA
79	#619CFF	10756.89603	1996	Maldives	Maldives	SA
79	#619CFF	11505.08356	1997	Maldives	Maldives	SA
79	#619CFF	11839.40851	1998	Maldives	Maldives	SA
79	#619CFF	12519.03231	1999	Maldives	Maldives	SA
79	#619CFF	13052.91883	2000	Maldives	Maldives	SA
79	#619CFF	12280.06378	2001	Maldives	Maldives	SA
79	#619CFF	13142.89429	2002	Maldives	Maldives	SA
79	#619CFF	14543.14634	2003	Maldives	Maldives	SA
79	#619CFF	15287.20714	2004	Maldives	Maldives	SA
79	#619CFF	13382.37702	2005	Maldives	Maldives	SA
79	#619CFF	16391.40757	2006	Maldives	Maldives	SA
79	#619CFF	14162.42816	2007	Maldives	Maldives	SA
79	#619CFF	15423.8191	2008	Maldives	Maldives	SA
79	#619CFF	14050.92438	2009	Maldives	Maldives	SA
79	#619CFF	14363.23615	2010	Maldives	Maldives	SA
79	#619CFF	15300.31364	2011	Maldives	Maldives	SA
79	#619CFF	15355.44089	2012	Maldives	Maldives	SA
79	#619CFF	15648.36655	2013	Maldives	Maldives	SA
79	#619CFF	16410.16419	2014	Maldives	Maldives	SA
79	#619CFF	16414.93039	2015	Maldives	Maldives	SA
79	#619CFF	16911.45422	2016	Maldives	Maldives	SA
79	#619CFF	17474.64201	2017	Maldives	Maldives	SA
79	#619CFF	18055.72465	2018	Maldives	Maldives	SA
79	#619CFF	18679.92536	2019	Maldives	Maldives	SA
79	#619CFF	12331.54632	2020	Maldives	Maldives	SA
79	#619CFF	16857.60546	2021	Maldives	Maldives	SA
79	#619CFF	18846.79219	2022	Maldives	Maldives	SA
98	#00BA38	8966.709822	1995	North Macedonia	North Macedonia	ECA
98	#00BA38	9007.265586	1996	North Macedonia	North Macedonia	ECA
98	#00BA38	9108.074085	1997	North Macedonia	North Macedonia	ECA
98	#00BA38	9367.385141	1998	North Macedonia	North Macedonia	ECA
98	#00BA38	9687.88331	1999	North Macedonia	North Macedonia	ECA
98	#00BA38	10065.56521	2000	North Macedonia	North Macedonia	ECA
98	#00BA38	9823.249062	2001	North Macedonia	North Macedonia	ECA
98	#00BA38	10002.87629	2002	North Macedonia	North Macedonia	ECA
98	#00BA38	10184.38418	2003	North Macedonia	North Macedonia	ECA
98	#00BA38	10692.70481	2004	North Macedonia	North Macedonia	ECA
98	#00BA38	11047.00576	2005	North Macedonia	North Macedonia	ECA
98	#00BA38	11754.29558	2006	North Macedonia	North Macedonia	ECA
98	#00BA38	11959.60139	2007	North Macedonia	North Macedonia	ECA
98	#00BA38	13054.4737	2008	North Macedonia	North Macedonia	ECA
98	#00BA38	13046.29411	2009	North Macedonia	North Macedonia	ECA
98	#00BA38	13364.56532	2010	North Macedonia	North Macedonia	ECA
98	#00BA38	13606.40965	2011	North Macedonia	North Macedonia	ECA
98	#00BA38	13472.16222	2012	North Macedonia	North Macedonia	ECA
98	#00BA38	13813.87749	2013	North Macedonia	North Macedonia	ECA
98	#00BA38	14359.50716	2014	North Macedonia	North Macedonia	ECA
98	#00BA38	14686.77221	2015	North Macedonia	North Macedonia	ECA
98	#00BA38	14934.70964	2016	North Macedonia	North Macedonia	ECA
98	#00BA38	15084.6548	2017	North Macedonia	North Macedonia	ECA
98	#00BA38	15457.22794	2018	North Macedonia	North Macedonia	ECA
98	#00BA38	15981.28082	2019	North Macedonia	North Macedonia	ECA
98	#00BA38	15174.49372	2020	North Macedonia	North Macedonia	ECA
98	#00BA38	15961.20117	2021	North Macedonia	North Macedonia	ECA
98	#00BA38	16395.75173	2022	North Macedonia	North Macedonia	ECA
109	#F564E3	768.9260202	1995	Rwanda	Rwanda	SSA
109	#F564E3	725.6764399	1996	Rwanda	Rwanda	SSA
109	#F564E3	724.0771646	1997	Rwanda	Rwanda	SSA
109	#F564E3	763.0930585	1998	Rwanda	Rwanda	SSA
109	#F564E3	789.2675029	1999	Rwanda	Rwanda	SSA
109	#F564E3	842.8199317	2000	Rwanda	Rwanda	SSA
109	#F564E3	898.240539	2001	Rwanda	Rwanda	SSA
109	#F564E3	1000.495575	2002	Rwanda	Rwanda	SSA
109	#F564E3	994.9886857	2003	Rwanda	Rwanda	SSA
109	#F564E3	1041.9022	2004	Rwanda	Rwanda	SSA
109	#F564E3	1115.20756	2005	Rwanda	Rwanda	SSA
109	#F564E3	1186.117771	2006	Rwanda	Rwanda	SSA
109	#F564E3	1248.492232	2007	Rwanda	Rwanda	SSA
109	#F564E3	1347.69975	2008	Rwanda	Rwanda	SSA
109	#F564E3	1395.347402	2009	Rwanda	Rwanda	SSA
109	#F564E3	1456.563812	2010	Rwanda	Rwanda	SSA
109	#F564E3	1532.53559	2011	Rwanda	Rwanda	SSA
109	#F564E3	1616.440083	2012	Rwanda	Rwanda	SSA
109	#F564E3	1647.251746	2013	Rwanda	Rwanda	SSA
109	#F564E3	1697.05078	2014	Rwanda	Rwanda	SSA
109	#F564E3	1810.583718	2015	Rwanda	Rwanda	SSA
109	#F564E3	1856.519828	2016	Rwanda	Rwanda	SSA
109	#F564E3	1874.026933	2017	Rwanda	Rwanda	SSA
109	#F564E3	1976.647017	2018	Rwanda	Rwanda	SSA
109	#F564E3	2117.985372	2019	Rwanda	Rwanda	SSA
109	#F564E3	2019.536807	2020	Rwanda	Rwanda	SSA
109	#F564E3	2192.841147	2021	Rwanda	Rwanda	SSA
109	#F564E3	2316.809277	2022	Rwanda	Rwanda	SSA
113	#B79F00	3572.764424	1995	Samoa	Samoa	EAP
113	#B79F00	3956.530239	1996	Samoa	Samoa	EAP
113	#B79F00	3945.31669	1997	Samoa	Samoa	EAP
113	#B79F00	4010.239512	1998	Samoa	Samoa	EAP
113	#B79F00	4087.430972	1999	Samoa	Samoa	EAP
113	#B79F00	4325.414266	2000	Samoa	Samoa	EAP
113	#B79F00	4658.362201	2001	Samoa	Samoa	EAP
113	#B79F00	4426.16604	2002	Samoa	Samoa	EAP
113	#B79F00	4641.213942	2003	Samoa	Samoa	EAP
113	#B79F00	4852.951202	2004	Samoa	Samoa	EAP
113	#B79F00	5043.468356	2005	Samoa	Samoa	EAP
113	#B79F00	5078.497674	2006	Samoa	Samoa	EAP
113	#B79F00	5419.485266	2007	Samoa	Samoa	EAP
113	#B79F00	5418.65165	2008	Samoa	Samoa	EAP
113	#B79F00	5414.48863	2009	Samoa	Samoa	EAP
113	#B79F00	5429.020327	2010	Samoa	Samoa	EAP
113	#B79F00	5437.000996	2011	Samoa	Samoa	EAP
113	#B79F00	5267.582347	2012	Samoa	Samoa	EAP
113	#B79F00	5228.617973	2013	Samoa	Samoa	EAP
113	#B79F00	5443.033448	2014	Samoa	Samoa	EAP
113	#B79F00	5699.753688	2015	Samoa	Samoa	EAP
113	#B79F00	6077.659633	2016	Samoa	Samoa	EAP
113	#B79F00	6056.211253	2017	Samoa	Samoa	EAP
113	#B79F00	5934.300328	2018	Samoa	Samoa	EAP
113	#B79F00	6090.185431	2019	Samoa	Samoa	EAP
113	#B79F00	5847.074718	2020	Samoa	Samoa	EAP
113	#B79F00	5437.882716	2021	Samoa	Samoa	EAP
113	#B79F00	4970.232074	2022	Samoa	Samoa	EAP
117	#00BA38	7852.203883	1995	Serbia	Serbia	ECA
117	#00BA38	8308.540717	1996	Serbia	Serbia	ECA
117	#00BA38	8876.612405	1997	Serbia	Serbia	ECA
117	#00BA38	9203.299869	1998	Serbia	Serbia	ECA
117	#00BA38	8367.898299	1999	Serbia	Serbia	ECA
117	#00BA38	8902.230736	2000	Serbia	Serbia	ECA
117	#00BA38	9535.460643	2001	Serbia	Serbia	ECA
117	#00BA38	10109.13455	2002	Serbia	Serbia	ECA
117	#00BA38	10554.13357	2003	Serbia	Serbia	ECA
117	#00BA38	11509.97947	2004	Serbia	Serbia	ECA
117	#00BA38	12010.71081	2005	Serbia	Serbia	ECA
117	#00BA38	12579.2554	2006	Serbia	Serbia	ECA
117	#00BA38	13407.83845	2007	Serbia	Serbia	ECA
117	#00BA38	14282.07374	2008	Serbia	Serbia	ECA
117	#00BA38	14133.72708	2009	Serbia	Serbia	ECA
117	#00BA38	14206.5076	2010	Serbia	Serbia	ECA
117	#00BA38	14352.87088	2011	Serbia	Serbia	ECA
117	#00BA38	14413.87411	2012	Serbia	Serbia	ECA
117	#00BA38	14799.26953	2013	Serbia	Serbia	ECA
117	#00BA38	14643.74382	2014	Serbia	Serbia	ECA
117	#00BA38	14856.20197	2015	Serbia	Serbia	ECA
117	#00BA38	15290.44796	2016	Serbia	Serbia	ECA
117	#00BA38	15536.1237	2017	Serbia	Serbia	ECA
117	#00BA38	16562.93571	2018	Serbia	Serbia	ECA
117	#00BA38	17311.52991	2019	Serbia	Serbia	ECA
117	#00BA38	17696.1643	2020	Serbia	Serbia	ECA
117	#00BA38	19042.57961	2021	Serbia	Serbia	ECA
117	#00BA38	19494.00891	2022	Serbia	Serbia	ECA
4	#F564E3	3735.262419	1999	Angola	Angola	SSA
4	#F564E3	3912.938567	2000	Angola	Angola	SSA
4	#F564E3	3950.498475	2001	Angola	Angola	SSA
4	#F564E3	4658.73107	2002	Angola	Angola	SSA
4	#F564E3	4682.129125	2003	Angola	Angola	SSA
4	#F564E3	4926.365188	2004	Angola	Angola	SSA
4	#F564E3	5385.175682	2005	Angola	Angola	SSA
4	#F564E3	5666.71833	2006	Angola	Angola	SSA
4	#F564E3	6355.22531	2007	Angola	Angola	SSA
4	#F564E3	6489.314406	2008	Angola	Angola	SSA
4	#F564E3	7000.983424	2009	Angola	Angola	SSA
4	#F564E3	6909.368945	2010	Angola	Angola	SSA
4	#F564E3	6872.533242	2011	Angola	Angola	SSA
4	#F564E3	7256.369381	2012	Angola	Angola	SSA
4	#F564E3	7437.535052	2013	Angola	Angola	SSA
4	#F564E3	7651.196992	2014	Angola	Angola	SSA
4	#F564E3	7585.829435	2015	Angola	Angola	SSA
4	#F564E3	7111.865908	2016	Angola	Angola	SSA
4	#F564E3	6772.546424	2017	Angola	Angola	SSA
4	#F564E3	6310.063799	2018	Angola	Angola	SSA
4	#F564E3	5918.032996	2019	Angola	Angola	SSA
4	#F564E3	5487.669515	2020	Angola	Angola	SSA
4	#F564E3	5332.94813	2021	Angola	Angola	SSA
4	#F564E3	5327.788251	2022	Angola	Angola	SSA
22	#F564E3	1283.448144	1999	Burkina Faso	Burkina Faso	SSA
22	#F564E3	1266.382218	2000	Burkina Faso	Burkina Faso	SSA
22	#F564E3	1306.606484	2001	Burkina Faso	Burkina Faso	SSA
22	#F564E3	1315.082118	2002	Burkina Faso	Burkina Faso	SSA
22	#F564E3	1371.6966	2003	Burkina Faso	Burkina Faso	SSA
22	#F564E3	1393.002741	2004	Burkina Faso	Burkina Faso	SSA
22	#F564E3	1463.960229	2005	Burkina Faso	Burkina Faso	SSA
22	#F564E3	1518.496295	2006	Burkina Faso	Burkina Faso	SSA
22	#F564E3	1533.560574	2007	Burkina Faso	Burkina Faso	SSA
22	#F564E3	1574.069374	2008	Burkina Faso	Burkina Faso	SSA
22	#F564E3	1561.114558	2009	Burkina Faso	Burkina Faso	SSA
22	#F564E3	1614.946134	2010	Burkina Faso	Burkina Faso	SSA
22	#F564E3	1651.861191	2011	Burkina Faso	Burkina Faso	SSA
22	#F564E3	1732.087808	2012	Burkina Faso	Burkina Faso	SSA
22	#F564E3	1776.231708	2013	Burkina Faso	Burkina Faso	SSA
22	#F564E3	1768.627863	2014	Burkina Faso	Burkina Faso	SSA
22	#F564E3	1779.574616	2015	Burkina Faso	Burkina Faso	SSA
22	#F564E3	1831.351442	2016	Burkina Faso	Burkina Faso	SSA
22	#F564E3	1903.88864	2017	Burkina Faso	Burkina Faso	SSA
22	#F564E3	1986.416408	2018	Burkina Faso	Burkina Faso	SSA
22	#F564E3	1993.479007	2019	Burkina Faso	Burkina Faso	SSA
22	#F564E3	1978.05252	2020	Burkina Faso	Burkina Faso	SSA
22	#F564E3	2059.353254	2021	Burkina Faso	Burkina Faso	SSA
22	#F564E3	2036.997179	2022	Burkina Faso	Burkina Faso	SSA
74	#F564E3	1187.014421	1999	Liberia	Liberia	SSA
74	#F564E3	1571.038532	2000	Liberia	Liberia	SSA
74	#F564E3	1570.050324	2001	Liberia	Liberia	SSA
74	#F564E3	1587.106628	2002	Liberia	Liberia	SSA
74	#F564E3	1099.840448	2003	Liberia	Liberia	SSA
74	#F564E3	1115.181346	2004	Liberia	Liberia	SSA
74	#F564E3	1122.36208	2005	Liberia	Liberia	SSA
74	#F564E3	1146.288116	2006	Liberia	Liberia	SSA
74	#F564E3	1194.294494	2007	Liberia	Liberia	SSA
74	#F564E3	1228.52019	2008	Liberia	Liberia	SSA
74	#F564E3	1253.49521	2009	Liberia	Liberia	SSA
74	#F564E3	1291.946192	2010	Liberia	Liberia	SSA
74	#F564E3	1344.003258	2011	Liberia	Liberia	SSA
74	#F564E3	1400.982046	2012	Liberia	Liberia	SSA
74	#F564E3	1489.818888	2013	Liberia	Liberia	SSA
74	#F564E3	1469.699655	2014	Liberia	Liberia	SSA
74	#F564E3	1439.820222	2015	Liberia	Liberia	SSA
74	#F564E3	1389.189585	2016	Liberia	Liberia	SSA
74	#F564E3	1396.432351	2017	Liberia	Liberia	SSA
74	#F564E3	1385.797753	2018	Liberia	Liberia	SSA
74	#F564E3	1325.606239	2019	Liberia	Liberia	SSA
74	#F564E3	1260.211402	2020	Liberia	Liberia	SSA
74	#F564E3	1296.093176	2021	Liberia	Liberia	SSA
74	#F564E3	1330.419917	2022	Liberia	Liberia	SSA
76	#F564E3	1514.43536	1999	Madagascar	Madagascar	SSA
76	#F564E3	1539.726532	2000	Madagascar	Madagascar	SSA
76	#F564E3	1586.596491	2001	Madagascar	Madagascar	SSA
76	#F564E3	1349.739504	2002	Madagascar	Madagascar	SSA
76	#F564E3	1439.523757	2003	Madagascar	Madagascar	SSA
76	#F564E3	1476.594045	2004	Madagascar	Madagascar	SSA
76	#F564E3	1492.356821	2005	Madagascar	Madagascar	SSA
76	#F564E3	1524.076225	2006	Madagascar	Madagascar	SSA
76	#F564E3	1585.972956	2007	Madagascar	Madagascar	SSA
76	#F564E3	1644.941953	2008	Madagascar	Madagascar	SSA
76	#F564E3	1525.698531	2009	Madagascar	Madagascar	SSA
76	#F564E3	1486.927503	2010	Madagascar	Madagascar	SSA
76	#F564E3	1467.542637	2011	Madagascar	Madagascar	SSA
76	#F564E3	1449.11078	2012	Madagascar	Madagascar	SSA
76	#F564E3	1439.94405	2013	Madagascar	Madagascar	SSA
76	#F564E3	1460.250114	2014	Madagascar	Madagascar	SSA
76	#F564E3	1450.16889	2015	Madagascar	Madagascar	SSA
76	#F564E3	1464.426745	2016	Madagascar	Madagascar	SSA
76	#F564E3	1499.246896	2017	Madagascar	Madagascar	SSA
76	#F564E3	1503.650057	2018	Madagascar	Madagascar	SSA
76	#F564E3	1530.056557	2019	Madagascar	Madagascar	SSA
76	#F564E3	1393.178078	2020	Madagascar	Madagascar	SSA
76	#F564E3	1454.431899	2021	Madagascar	Madagascar	SSA
76	#F564E3	1463.547925	2022	Madagascar	Madagascar	SSA
121	#B79F00	2443.413614	1999	Solomon Islands	Solomon Islands	EAP
121	#B79F00	2103.825243	2000	Solomon Islands	Solomon Islands	EAP
121	#B79F00	1911.12837	2001	Solomon Islands	Solomon Islands	EAP
121	#B79F00	1773.15293	2002	Solomon Islands	Solomon Islands	EAP
121	#B79F00	1872.431531	2003	Solomon Islands	Solomon Islands	EAP
121	#B79F00	1998.349012	2004	Solomon Islands	Solomon Islands	EAP
121	#B79F00	2094.655717	2005	Solomon Islands	Solomon Islands	EAP
121	#B79F00	2069.829178	2006	Solomon Islands	Solomon Islands	EAP
121	#B79F00	2027.570313	2007	Solomon Islands	Solomon Islands	EAP
121	#B79F00	2053.755146	2008	Solomon Islands	Solomon Islands	EAP
121	#B79F00	2076.939985	2009	Solomon Islands	Solomon Islands	EAP
121	#B79F00	2276.741886	2010	Solomon Islands	Solomon Islands	EAP
121	#B79F00	2343.806202	2011	Solomon Islands	Solomon Islands	EAP
121	#B79F00	2404.824221	2012	Solomon Islands	Solomon Islands	EAP
121	#B79F00	2599.796505	2013	Solomon Islands	Solomon Islands	EAP
121	#B79F00	2528.033302	2014	Solomon Islands	Solomon Islands	EAP
121	#B79F00	2487.587551	2015	Solomon Islands	Solomon Islands	EAP
121	#B79F00	2529.422667	2016	Solomon Islands	Solomon Islands	EAP
121	#B79F00	2572.233205	2017	Solomon Islands	Solomon Islands	EAP
121	#B79F00	2597.548307	2018	Solomon Islands	Solomon Islands	EAP
121	#B79F00	2588.386655	2019	Solomon Islands	Solomon Islands	EAP
121	#B79F00	2527.856572	2020	Solomon Islands	Solomon Islands	EAP
121	#B79F00	2424.547216	2021	Solomon Islands	Solomon Islands	EAP
121	#B79F00	2273.311097	2022	Solomon Islands	Solomon Islands	EAP
18	#00BA38	7445.600593	2000	Bosnia and Herzegovina	Bosnia and Herzegovina	ECA
18	#00BA38	7521.305885	2001	Bosnia and Herzegovina	Bosnia and Herzegovina	ECA
18	#00BA38	7801.875608	2002	Bosnia and Herzegovina	Bosnia and Herzegovina	ECA
18	#00BA38	8051.751771	2003	Bosnia and Herzegovina	Bosnia and Herzegovina	ECA
18	#00BA38	8550.370513	2004	Bosnia and Herzegovina	Bosnia and Herzegovina	ECA
18	#00BA38	8935.395199	2005	Bosnia and Herzegovina	Bosnia and Herzegovina	ECA
18	#00BA38	9417.138189	2006	Bosnia and Herzegovina	Bosnia and Herzegovina	ECA
18	#00BA38	10091.54081	2007	Bosnia and Herzegovina	Bosnia and Herzegovina	ECA
18	#00BA38	10888.69015	2008	Bosnia and Herzegovina	Bosnia and Herzegovina	ECA
18	#00BA38	10757.99383	2009	Bosnia and Herzegovina	Bosnia and Herzegovina	ECA
18	#00BA38	10809.66481	2010	Bosnia and Herzegovina	Bosnia and Herzegovina	ECA
18	#00BA38	11021.62027	2011	Bosnia and Herzegovina	Bosnia and Herzegovina	ECA
18	#00BA38	11132.69242	2012	Bosnia and Herzegovina	Bosnia and Herzegovina	ECA
18	#00BA38	11633.91842	2013	Bosnia and Herzegovina	Bosnia and Herzegovina	ECA
18	#00BA38	11864.1027	2014	Bosnia and Herzegovina	Bosnia and Herzegovina	ECA
18	#00BA38	12524.05824	2015	Bosnia and Herzegovina	Bosnia and Herzegovina	ECA
18	#00BA38	13021.26346	2016	Bosnia and Herzegovina	Bosnia and Herzegovina	ECA
18	#00BA38	13469.7218	2017	Bosnia and Herzegovina	Bosnia and Herzegovina	ECA
18	#00BA38	14185.63942	2018	Bosnia and Herzegovina	Bosnia and Herzegovina	ECA
18	#00BA38	14828.72897	2019	Bosnia and Herzegovina	Bosnia and Herzegovina	ECA
18	#00BA38	14505.45237	2020	Bosnia and Herzegovina	Bosnia and Herzegovina	ECA
18	#00BA38	15651.40053	2021	Bosnia and Herzegovina	Bosnia and Herzegovina	ECA
18	#00BA38	16571.41275	2022	Bosnia and Herzegovina	Bosnia and Herzegovina	ECA
24	#F564E3	4388.312922	2000	Cabo Verde	Cabo Verde	SSA
24	#F564E3	4652.537405	2001	Cabo Verde	Cabo Verde	SSA
24	#F564E3	4759.867716	2002	Cabo Verde	Cabo Verde	SSA
24	#F564E3	4941.143209	2003	Cabo Verde	Cabo Verde	SSA
24	#F564E3	5074.355104	2004	Cabo Verde	Cabo Verde	SSA
24	#F564E3	5255.407629	2005	Cabo Verde	Cabo Verde	SSA
24	#F564E3	5682.845562	2006	Cabo Verde	Cabo Verde	SSA
24	#F564E3	6229.020004	2007	Cabo Verde	Cabo Verde	SSA
24	#F564E3	6561.835465	2008	Cabo Verde	Cabo Verde	SSA
24	#F564E3	6399.245718	2009	Cabo Verde	Cabo Verde	SSA
24	#F564E3	6337.389066	2010	Cabo Verde	Cabo Verde	SSA
24	#F564E3	6539.28539	2011	Cabo Verde	Cabo Verde	SSA
24	#F564E3	6510.948703	2012	Cabo Verde	Cabo Verde	SSA
24	#F564E3	6523.980609	2013	Cabo Verde	Cabo Verde	SSA
24	#F564E3	6404.701347	2014	Cabo Verde	Cabo Verde	SSA
24	#F564E3	6468.557217	2015	Cabo Verde	Cabo Verde	SSA
24	#F564E3	6676.544036	2016	Cabo Verde	Cabo Verde	SSA
24	#F564E3	6912.81087	2017	Cabo Verde	Cabo Verde	SSA
24	#F564E3	7156.505873	2018	Cabo Verde	Cabo Verde	SSA
24	#F564E3	7646.222457	2019	Cabo Verde	Cabo Verde	SSA
24	#F564E3	6095.131454	2020	Cabo Verde	Cabo Verde	SSA
24	#F564E3	6499.392743	2021	Cabo Verde	Cabo Verde	SSA
24	#F564E3	7601.085433	2022	Cabo Verde	Cabo Verde	SSA
28	#F564E3	892.7627008	2000	Chad	Chad	SSA
28	#F564E3	963.1731045	2001	Chad	Chad	SSA
28	#F564E3	988.6876959	2002	Chad	Chad	SSA
28	#F564E3	897.7478147	2003	Chad	Chad	SSA
28	#F564E3	1303.128404	2004	Chad	Chad	SSA
28	#F564E3	1378.763277	2005	Chad	Chad	SSA
28	#F564E3	1225.349354	2006	Chad	Chad	SSA
28	#F564E3	1359.111739	2007	Chad	Chad	SSA
28	#F564E3	1312.525135	2008	Chad	Chad	SSA
28	#F564E3	1514.11897	2009	Chad	Chad	SSA
28	#F564E3	1677.488582	2010	Chad	Chad	SSA
28	#F564E3	1634.122312	2011	Chad	Chad	SSA
28	#F564E3	1720.438497	2012	Chad	Chad	SSA
28	#F564E3	1714.003951	2013	Chad	Chad	SSA
28	#F564E3	1773.821635	2014	Chad	Chad	SSA
28	#F564E3	1800.047359	2015	Chad	Chad	SSA
28	#F564E3	1652.873309	2016	Chad	Chad	SSA
28	#F564E3	1559.084518	2017	Chad	Chad	SSA
28	#F564E3	1540.542282	2018	Chad	Chad	SSA
28	#F564E3	1538.014243	2019	Chad	Chad	SSA
28	#F564E3	1469.992398	2020	Chad	Chad	SSA
28	#F564E3	1404.785882	2021	Chad	Chad	SSA
28	#F564E3	1388.897502	2022	Chad	Chad	SSA
32	#F564E3	2864.976133	2000	Comoros	Comoros	SSA
32	#F564E3	2875.627979	2001	Comoros	Comoros	SSA
32	#F564E3	2872.4931	2002	Comoros	Comoros	SSA
32	#F564E3	2873.915775	2003	Comoros	Comoros	SSA
32	#F564E3	2870.818359	2004	Comoros	Comoros	SSA
32	#F564E3	2897.334374	2005	Comoros	Comoros	SSA
32	#F564E3	2916.571595	2006	Comoros	Comoros	SSA
32	#F564E3	2893.121547	2007	Comoros	Comoros	SSA
32	#F564E3	2936.375921	2008	Comoros	Comoros	SSA
32	#F564E3	2971.68615	2009	Comoros	Comoros	SSA
32	#F564E3	3021.772787	2010	Comoros	Comoros	SSA
32	#F564E3	3081.512974	2011	Comoros	Comoros	SSA
32	#F564E3	3109.118404	2012	Comoros	Comoros	SSA
32	#F564E3	3184.874178	2013	Comoros	Comoros	SSA
32	#F564E3	3194.549309	2014	Comoros	Comoros	SSA
32	#F564E3	3167.055797	2015	Comoros	Comoros	SSA
32	#F564E3	3202.930052	2016	Comoros	Comoros	SSA
32	#F564E3	3255.316793	2017	Comoros	Comoros	SSA
32	#F564E3	3312.495367	2018	Comoros	Comoros	SSA
32	#F564E3	3306.297177	2019	Comoros	Comoros	SSA
32	#F564E3	3237.28643	2020	Comoros	Comoros	SSA
32	#F564E3	3243.685399	2021	Comoros	Comoros	SSA
32	#F564E3	3260.555466	2022	Comoros	Comoros	SSA
39	#00BFC4	9283.587576	2000	Dominica	Dominica	LAC
39	#00BFC4	9769.144346	2001	Dominica	Dominica	LAC
39	#00BFC4	9375.044356	2002	Dominica	Dominica	LAC
39	#00BFC4	10000.28207	2003	Dominica	Dominica	LAC
39	#00BFC4	10150.57175	2004	Dominica	Dominica	LAC
39	#00BFC4	10328.09245	2005	Dominica	Dominica	LAC
39	#00BFC4	11280.91377	2006	Dominica	Dominica	LAC
39	#00BFC4	11890.88725	2007	Dominica	Dominica	LAC
39	#00BFC4	12823.67074	2008	Dominica	Dominica	LAC
39	#00BFC4	12832.38285	2009	Dominica	Dominica	LAC
39	#00BFC4	13041.66426	2010	Dominica	Dominica	LAC
39	#00BFC4	12988.40671	2011	Dominica	Dominica	LAC
39	#00BFC4	12841.02167	2012	Dominica	Dominica	LAC
39	#00BFC4	12738.65751	2013	Dominica	Dominica	LAC
39	#00BFC4	13214.62843	2014	Dominica	Dominica	LAC
39	#00BFC4	12480.87866	2015	Dominica	Dominica	LAC
39	#00BFC4	12943.1197	2016	Dominica	Dominica	LAC
39	#00BFC4	11551.68561	2017	Dominica	Dominica	LAC
39	#00BFC4	12707.15399	2018	Dominica	Dominica	LAC
39	#00BFC4	13154.17454	2019	Dominica	Dominica	LAC
39	#00BFC4	11279.75412	2020	Dominica	Dominica	LAC
39	#00BFC4	11821.72973	2021	Dominica	Dominica	LAC
39	#00BFC4	12467.85548	2022	Dominica	Dominica	LAC
44	#F564E3	9186.112394	2000	Equatorial Guinea	Equatorial Guinea	SSA
44	#F564E3	10712.97844	2001	Equatorial Guinea	Equatorial Guinea	SSA
44	#F564E3	13279.34611	2002	Equatorial Guinea	Equatorial Guinea	SSA
44	#F564E3	12552.09161	2003	Equatorial Guinea	Equatorial Guinea	SSA
44	#F564E3	13922.27655	2004	Equatorial Guinea	Equatorial Guinea	SSA
44	#F564E3	16681.15697	2005	Equatorial Guinea	Equatorial Guinea	SSA
44	#F564E3	21137.02246	2006	Equatorial Guinea	Equatorial Guinea	SSA
44	#F564E3	23730.36524	2007	Equatorial Guinea	Equatorial Guinea	SSA
44	#F564E3	23182.57038	2008	Equatorial Guinea	Equatorial Guinea	SSA
44	#F564E3	23244.84747	2009	Equatorial Guinea	Equatorial Guinea	SSA
44	#F564E3	17020.66992	2010	Equatorial Guinea	Equatorial Guinea	SSA
44	#F564E3	17559.69006	2011	Equatorial Guinea	Equatorial Guinea	SSA
44	#F564E3	18840.51277	2012	Equatorial Guinea	Equatorial Guinea	SSA
44	#F564E3	18288.04449	2013	Equatorial Guinea	Equatorial Guinea	SSA
44	#F564E3	17939.97231	2014	Equatorial Guinea	Equatorial Guinea	SSA
44	#F564E3	18499.93953	2015	Equatorial Guinea	Equatorial Guinea	SSA
44	#F564E3	16871.93686	2016	Equatorial Guinea	Equatorial Guinea	SSA
44	#F564E3	14444.6162	2017	Equatorial Guinea	Equatorial Guinea	SSA
44	#F564E3	13235.19423	2018	Equatorial Guinea	Equatorial Guinea	SSA
44	#F564E3	11833.25181	2019	Equatorial Guinea	Equatorial Guinea	SSA
44	#F564E3	11457.17495	2020	Equatorial Guinea	Equatorial Guinea	SSA
44	#F564E3	10785.21824	2021	Equatorial Guinea	Equatorial Guinea	SSA
44	#F564E3	10662.65921	2022	Equatorial Guinea	Equatorial Guinea	SSA
47	#F564E3	716.8392405	2000	Ethiopia	Ethiopia	SSA
47	#F564E3	753.1816363	2001	Ethiopia	Ethiopia	SSA
47	#F564E3	743.2334114	2002	Ethiopia	Ethiopia	SSA
47	#F564E3	706.3389883	2003	Ethiopia	Ethiopia	SSA
47	#F564E3	778.9306581	2004	Ethiopia	Ethiopia	SSA
47	#F564E3	850.7820903	2005	Ethiopia	Ethiopia	SSA
47	#F564E3	915.6800015	2006	Ethiopia	Ethiopia	SSA
47	#F564E3	993.4973712	2007	Ethiopia	Ethiopia	SSA
47	#F564E3	1069.598727	2008	Ethiopia	Ethiopia	SSA
47	#F564E3	1129.002301	2009	Ethiopia	Ethiopia	SSA
47	#F564E3	1234.251626	2010	Ethiopia	Ethiopia	SSA
47	#F564E3	1333.214772	2011	Ethiopia	Ethiopia	SSA
47	#F564E3	1408.061934	2012	Ethiopia	Ethiopia	SSA
47	#F564E3	1514.788044	2013	Ethiopia	Ethiopia	SSA
47	#F564E3	1624.755382	2014	Ethiopia	Ethiopia	SSA
47	#F564E3	1743.65054	2015	Ethiopia	Ethiopia	SSA
47	#F564E3	1858.299485	2016	Ethiopia	Ethiopia	SSA
47	#F564E3	1976.163092	2017	Ethiopia	Ethiopia	SSA
47	#F564E3	2058.324276	2018	Ethiopia	Ethiopia	SSA
47	#F564E3	2168.379787	2019	Ethiopia	Ethiopia	SSA
47	#F564E3	2240.351134	2020	Ethiopia	Ethiopia	SSA
47	#F564E3	2307.076754	2021	Ethiopia	Ethiopia	SSA
47	#F564E3	2368.758391	2022	Ethiopia	Ethiopia	SSA
51	#00BA38	4956.864887	2000	Georgia	Georgia	ECA
51	#00BA38	5200.732696	2001	Georgia	Georgia	ECA
51	#00BA38	5596.452661	2002	Georgia	Georgia	ECA
51	#00BA38	6270.083587	2003	Georgia	Georgia	ECA
51	#00BA38	6751.491447	2004	Georgia	Georgia	ECA
51	#00BA38	7423.628632	2005	Georgia	Georgia	ECA
51	#00BA38	8243.603651	2006	Georgia	Georgia	ECA
51	#00BA38	9174.358677	2007	Georgia	Georgia	ECA
51	#00BA38	9297.166066	2008	Georgia	Georgia	ECA
51	#00BA38	9037.946485	2009	Georgia	Georgia	ECA
51	#00BA38	9581.980186	2010	Georgia	Georgia	ECA
51	#00BA38	10268.19764	2011	Georgia	Georgia	ECA
51	#00BA38	11196.55969	2012	Georgia	Georgia	ECA
51	#00BA38	11544.51495	2013	Georgia	Georgia	ECA
51	#00BA38	12111.97028	2014	Georgia	Georgia	ECA
51	#00BA38	12334.6582	2015	Georgia	Georgia	ECA
51	#00BA38	12382.40144	2016	Georgia	Georgia	ECA
51	#00BA38	12924.2182	2017	Georgia	Georgia	ECA
51	#00BA38	13697.40109	2018	Georgia	Georgia	ECA
51	#00BA38	14314.32324	2019	Georgia	Georgia	ECA
51	#00BA38	13298.32184	2020	Georgia	Georgia	ECA
51	#00BA38	14489.377	2021	Georgia	Georgia	ECA
51	#00BA38	15952.02452	2022	Georgia	Georgia	ECA
68	#B79F00	2029.65093	2000	Kiribati	Kiribati	EAP
68	#B79F00	3195.447724	2001	Kiribati	Kiribati	EAP
68	#B79F00	2989.490138	2002	Kiribati	Kiribati	EAP
68	#B79F00	2783.42947	2003	Kiribati	Kiribati	EAP
68	#B79F00	2673.620058	2004	Kiribati	Kiribati	EAP
68	#B79F00	2672.507286	2005	Kiribati	Kiribati	EAP
68	#B79F00	2589.620362	2006	Kiribati	Kiribati	EAP
68	#B79F00	2658.344301	2007	Kiribati	Kiribati	EAP
68	#B79F00	2595.156691	2008	Kiribati	Kiribati	EAP
68	#B79F00	2405.713817	2009	Kiribati	Kiribati	EAP
68	#B79F00	2485.526551	2010	Kiribati	Kiribati	EAP
68	#B79F00	2369.929023	2011	Kiribati	Kiribati	EAP
68	#B79F00	2671.60158	2012	Kiribati	Kiribati	EAP
68	#B79F00	2979.966304	2013	Kiribati	Kiribati	EAP
68	#B79F00	3377.866765	2014	Kiribati	Kiribati	EAP
68	#B79F00	4075.20882	2015	Kiribati	Kiribati	EAP
68	#B79F00	3522.375789	2016	Kiribati	Kiribati	EAP
68	#B79F00	3758.989852	2017	Kiribati	Kiribati	EAP
68	#B79F00	3794.703425	2018	Kiribati	Kiribati	EAP
68	#B79F00	4124.780937	2019	Kiribati	Kiribati	EAP
68	#B79F00	3585.215506	2020	Kiribati	Kiribati	EAP
68	#B79F00	3449.467912	2021	Kiribati	Kiribati	EAP
68	#B79F00	3440.416745	2022	Kiribati	Kiribati	EAP
85	#B79F00	3750.631395	2000	Micronesia (Federated States of)	Micronesia (Federated States of)	EAP
85	#B79F00	3823.74931	2001	Micronesia (Federated States of)	Micronesia (Federated States of)	EAP
85	#B79F00	3843.154617	2002	Micronesia (Federated States of)	Micronesia (Federated States of)	EAP
85	#B79F00	3910.102371	2003	Micronesia (Federated States of)	Micronesia (Federated States of)	EAP
85	#B79F00	3802.14578	2004	Micronesia (Federated States of)	Micronesia (Federated States of)	EAP
85	#B79F00	3897.196543	2005	Micronesia (Federated States of)	Micronesia (Federated States of)	EAP
85	#B79F00	3916.596748	2006	Micronesia (Federated States of)	Micronesia (Federated States of)	EAP
85	#B79F00	3871.67343	2007	Micronesia (Federated States of)	Micronesia (Federated States of)	EAP
85	#B79F00	3807.204778	2008	Micronesia (Federated States of)	Micronesia (Federated States of)	EAP
85	#B79F00	3878.65049	2009	Micronesia (Federated States of)	Micronesia (Federated States of)	EAP
85	#B79F00	3976.606667	2010	Micronesia (Federated States of)	Micronesia (Federated States of)	EAP
85	#B79F00	4092.031496	2011	Micronesia (Federated States of)	Micronesia (Federated States of)	EAP
85	#B79F00	4002.840399	2012	Micronesia (Federated States of)	Micronesia (Federated States of)	EAP
85	#B79F00	3842.161925	2013	Micronesia (Federated States of)	Micronesia (Federated States of)	EAP
85	#B79F00	3739.282317	2014	Micronesia (Federated States of)	Micronesia (Federated States of)	EAP
85	#B79F00	3896.453746	2015	Micronesia (Federated States of)	Micronesia (Federated States of)	EAP
85	#B79F00	3914.969406	2016	Micronesia (Federated States of)	Micronesia (Federated States of)	EAP
85	#B79F00	4001.592683	2017	Micronesia (Federated States of)	Micronesia (Federated States of)	EAP
85	#B79F00	3992.023443	2018	Micronesia (Federated States of)	Micronesia (Federated States of)	EAP
85	#B79F00	4022.603414	2019	Micronesia (Federated States of)	Micronesia (Federated States of)	EAP
85	#B79F00	3925.961979	2020	Micronesia (Federated States of)	Micronesia (Federated States of)	EAP
85	#B79F00	3766.358646	2021	Micronesia (Federated States of)	Micronesia (Federated States of)	EAP
85	#B79F00	3709.154916	2022	Micronesia (Federated States of)	Micronesia (Federated States of)	EAP
99	#F8766D	36239.05971	2000	Oman	Oman	AS
99	#F8766D	37401.32524	2001	Oman	Oman	AS
99	#F8766D	36398.36463	2002	Oman	Oman	AS
99	#F8766D	35532.40743	2003	Oman	Oman	AS
99	#F8766D	35640.24301	2004	Oman	Oman	AS
99	#F8766D	35381.62849	2005	Oman	Oman	AS
99	#F8766D	36924.56256	2006	Oman	Oman	AS
99	#F8766D	37811.85273	2007	Oman	Oman	AS
99	#F8766D	38907.71674	2008	Oman	Oman	AS
99	#F8766D	40284.53949	2009	Oman	Oman	AS
99	#F8766D	38022.88364	2010	Oman	Oman	AS
99	#F8766D	35349.15082	2011	Oman	Oman	AS
99	#F8766D	34918.32772	2012	Oman	Oman	AS
99	#F8766D	34742.82415	2013	Oman	Oman	AS
99	#F8766D	33148.75979	2014	Oman	Oman	AS
99	#F8766D	34167.92764	2015	Oman	Oman	AS
99	#F8766D	34309.81837	2016	Oman	Oman	AS
99	#F8766D	32877.80269	2017	Oman	Oman	AS
99	#F8766D	32259.16576	2018	Oman	Oman	AS
99	#F8766D	31512.60032	2019	Oman	Oman	AS
99	#F8766D	30926.19077	2020	Oman	Oman	AS
99	#F8766D	31995.18658	2021	Oman	Oman	AS
99	#F8766D	32967.43827	2022	Oman	Oman	AS
101	#B79F00	13503.50576	2000	Palau	Palau	EAP
101	#B79F00	13731.0045	2001	Palau	Palau	EAP
101	#B79F00	14252.35855	2002	Palau	Palau	EAP
101	#B79F00	14539.32242	2003	Palau	Palau	EAP
101	#B79F00	14845.96992	2004	Palau	Palau	EAP
101	#B79F00	18133.2838	2005	Palau	Palau	EAP
101	#B79F00	18193.95521	2006	Palau	Palau	EAP
101	#B79F00	18944.5014	2007	Palau	Palau	EAP
101	#B79F00	17901.36423	2008	Palau	Palau	EAP
101	#B79F00	16823.35867	2009	Palau	Palau	EAP
101	#B79F00	15920.93435	2010	Palau	Palau	EAP
101	#B79F00	16991.97065	2011	Palau	Palau	EAP
101	#B79F00	17816.07359	2012	Palau	Palau	EAP
101	#B79F00	16805.41821	2013	Palau	Palau	EAP
101	#B79F00	17469.42316	2014	Palau	Palau	EAP
101	#B79F00	19142.9701	2015	Palau	Palau	EAP
101	#B79F00	18862.28819	2016	Palau	Palau	EAP
101	#B79F00	18722.22551	2017	Palau	Palau	EAP
101	#B79F00	18438.32628	2018	Palau	Palau	EAP
101	#B79F00	18828.43223	2019	Palau	Palau	EAP
101	#B79F00	18208.81858	2020	Palau	Palau	EAP
101	#B79F00	19739.0929	2021	Palau	Palau	EAP
101	#B79F00	19343.81199	2022	Palau	Palau	EAP
112	#00BFC4	8207.074082	2000	Saint Vincent and the Grenadines	Saint Vincent and the Grenadines	LAC
112	#00BFC4	8451.688899	2001	Saint Vincent and the Grenadines	Saint Vincent and the Grenadines	LAC
112	#00BFC4	8920.091061	2002	Saint Vincent and the Grenadines	Saint Vincent and the Grenadines	LAC
112	#00BFC4	9417.306377	2003	Saint Vincent and the Grenadines	Saint Vincent and the Grenadines	LAC
112	#00BFC4	9789.935644	2004	Saint Vincent and the Grenadines	Saint Vincent and the Grenadines	LAC
112	#00BFC4	10115.56596	2005	Saint Vincent and the Grenadines	Saint Vincent and the Grenadines	LAC
112	#00BFC4	11017.66156	2006	Saint Vincent and the Grenadines	Saint Vincent and the Grenadines	LAC
112	#00BFC4	11563.96413	2007	Saint Vincent and the Grenadines	Saint Vincent and the Grenadines	LAC
112	#00BFC4	11655.84597	2008	Saint Vincent and the Grenadines	Saint Vincent and the Grenadines	LAC
112	#00BFC4	11707.0404	2009	Saint Vincent and the Grenadines	Saint Vincent and the Grenadines	LAC
112	#00BFC4	11252.48407	2010	Saint Vincent and the Grenadines	Saint Vincent and the Grenadines	LAC
112	#00BFC4	11233.74083	2011	Saint Vincent and the Grenadines	Saint Vincent and the Grenadines	LAC
112	#00BFC4	11589.05941	2012	Saint Vincent and the Grenadines	Saint Vincent and the Grenadines	LAC
112	#00BFC4	12012.40736	2013	Saint Vincent and the Grenadines	Saint Vincent and the Grenadines	LAC
112	#00BFC4	11880.80367	2014	Saint Vincent and the Grenadines	Saint Vincent and the Grenadines	LAC
112	#00BFC4	12360.91255	2015	Saint Vincent and the Grenadines	Saint Vincent and the Grenadines	LAC
112	#00BFC4	12876.96151	2016	Saint Vincent and the Grenadines	Saint Vincent and the Grenadines	LAC
112	#00BFC4	13521.3035	2017	Saint Vincent and the Grenadines	Saint Vincent and the Grenadines	LAC
112	#00BFC4	14205.47551	2018	Saint Vincent and the Grenadines	Saint Vincent and the Grenadines	LAC
112	#00BFC4	13895.50757	2019	Saint Vincent and the Grenadines	Saint Vincent and the Grenadines	LAC
112	#00BFC4	13231.62828	2020	Saint Vincent and the Grenadines	Saint Vincent and the Grenadines	LAC
112	#00BFC4	13336.86524	2021	Saint Vincent and the Grenadines	Saint Vincent and the Grenadines	LAC
112	#00BFC4	14049.14799	2022	Saint Vincent and the Grenadines	Saint Vincent and the Grenadines	LAC
118	#F564E3	19883.10516	2000	Seychelles	Seychelles	SSA
118	#F564E3	19831.68429	2001	Seychelles	Seychelles	SSA
118	#F564E3	18167.81992	2002	Seychelles	Seychelles	SSA
118	#F564E3	17859.59472	2003	Seychelles	Seychelles	SSA
118	#F564E3	18703.87658	2004	Seychelles	Seychelles	SSA
118	#F564E3	20281.82772	2005	Seychelles	Seychelles	SSA
118	#F564E3	21704.56166	2006	Seychelles	Seychelles	SSA
118	#F564E3	21885.34113	2007	Seychelles	Seychelles	SSA
118	#F564E3	20545.23614	2008	Seychelles	Seychelles	SSA
118	#F564E3	20262.97975	2009	Seychelles	Seychelles	SSA
118	#F564E3	20727.50745	2010	Seychelles	Seychelles	SSA
118	#F564E3	22954.41282	2011	Seychelles	Seychelles	SSA
118	#F564E3	23664.58187	2012	Seychelles	Seychelles	SSA
118	#F564E3	23380.76524	2013	Seychelles	Seychelles	SSA
118	#F564E3	23704.55617	2014	Seychelles	Seychelles	SSA
118	#F564E3	23976.59286	2015	Seychelles	Seychelles	SSA
118	#F564E3	24524.52094	2016	Seychelles	Seychelles	SSA
118	#F564E3	24898.72581	2017	Seychelles	Seychelles	SSA
118	#F564E3	25957.1879	2018	Seychelles	Seychelles	SSA
118	#F564E3	27323.04524	2019	Seychelles	Seychelles	SSA
118	#F564E3	25127.25315	2020	Seychelles	Seychelles	SSA
118	#F564E3	25875.66819	2021	Seychelles	Seychelles	SSA
118	#F564E3	28385.74806	2022	Seychelles	Seychelles	SSA
132	#B79F00	3070.412969	2000	Timor-Leste	Timor-Leste	EAP
132	#B79F00	3396.622496	2001	Timor-Leste	Timor-Leste	EAP
132	#B79F00	3724.107593	2002	Timor-Leste	Timor-Leste	EAP
132	#B79F00	3081.92822	2003	Timor-Leste	Timor-Leste	EAP
132	#B79F00	3356.492675	2004	Timor-Leste	Timor-Leste	EAP
132	#B79F00	3970.611448	2005	Timor-Leste	Timor-Leste	EAP
132	#B79F00	5488.991144	2006	Timor-Leste	Timor-Leste	EAP
132	#B79F00	7254.900405	2007	Timor-Leste	Timor-Leste	EAP
132	#B79F00	10492.29575	2008	Timor-Leste	Timor-Leste	EAP
132	#B79F00	8144.603172	2009	Timor-Leste	Timor-Leste	EAP
132	#B79F00	9654.634882	2010	Timor-Leste	Timor-Leste	EAP
132	#B79F00	11557.47945	2011	Timor-Leste	Timor-Leste	EAP
132	#B79F00	9974.861904	2012	Timor-Leste	Timor-Leste	EAP
132	#B79F00	8721.102382	2013	Timor-Leste	Timor-Leste	EAP
132	#B79F00	7009.334388	2014	Timor-Leste	Timor-Leste	EAP
132	#B79F00	5649.422691	2015	Timor-Leste	Timor-Leste	EAP
132	#B79F00	4457.12059	2016	Timor-Leste	Timor-Leste	EAP
132	#B79F00	4461.620827	2017	Timor-Leste	Timor-Leste	EAP
132	#B79F00	4375.930781	2018	Timor-Leste	Timor-Leste	EAP
132	#B79F00	5016.217124	2019	Timor-Leste	Timor-Leste	EAP
132	#B79F00	5269.538723	2020	Timor-Leste	Timor-Leste	EAP
132	#B79F00	2004.954106	2021	Timor-Leste	Timor-Leste	EAP
132	#B79F00	1629.160441	2022	Timor-Leste	Timor-Leste	EAP
144	#00BA38	2594.415779	2000	Uzbekistan	Uzbekistan	ECA
144	#00BA38	2702.103712	2001	Uzbekistan	Uzbekistan	ECA
144	#00BA38	2787.764698	2002	Uzbekistan	Uzbekistan	ECA
144	#00BA38	2879.147182	2003	Uzbekistan	Uzbekistan	ECA
144	#00BA38	3077.753807	2004	Uzbekistan	Uzbekistan	ECA
144	#00BA38	3257.919389	2005	Uzbekistan	Uzbekistan	ECA
144	#00BA38	3425.159255	2006	Uzbekistan	Uzbekistan	ECA
144	#00BA38	3989.457262	2007	Uzbekistan	Uzbekistan	ECA
144	#00BA38	4178.220699	2008	Uzbekistan	Uzbekistan	ECA
144	#00BA38	4488.920332	2009	Uzbekistan	Uzbekistan	ECA
144	#00BA38	4994.237541	2010	Uzbekistan	Uzbekistan	ECA
144	#00BA38	5318.804996	2011	Uzbekistan	Uzbekistan	ECA
144	#00BA38	5636.214937	2012	Uzbekistan	Uzbekistan	ECA
144	#00BA38	6002.772638	2013	Uzbekistan	Uzbekistan	ECA
144	#00BA38	6272.908545	2014	Uzbekistan	Uzbekistan	ECA
144	#00BA38	6489.981584	2015	Uzbekistan	Uzbekistan	ECA
144	#00BA38	6727.065684	2016	Uzbekistan	Uzbekistan	ECA
144	#00BA38	6974.358065	2017	Uzbekistan	Uzbekistan	ECA
144	#00BA38	7297.810033	2018	Uzbekistan	Uzbekistan	ECA
144	#00BA38	7487.419553	2019	Uzbekistan	Uzbekistan	ECA
144	#00BA38	7366.023334	2020	Uzbekistan	Uzbekistan	ECA
144	#00BA38	7783.785717	2021	Uzbekistan	Uzbekistan	ECA
144	#00BA38	8055.910265	2022	Uzbekistan	Uzbekistan	ECA
53	#00BFC4	10024.02538	2002	Grenada	Grenada	LAC
53	#00BFC4	10953.42042	2003	Grenada	Grenada	LAC
53	#00BFC4	10529.17824	2004	Grenada	Grenada	LAC
53	#00BFC4	12752.43239	2005	Grenada	Grenada	LAC
53	#00BFC4	12154.07449	2006	Grenada	Grenada	LAC
53	#00BFC4	12641.81584	2007	Grenada	Grenada	LAC
53	#00BFC4	12709.23517	2008	Grenada	Grenada	LAC
53	#00BFC4	11409.52028	2009	Grenada	Grenada	LAC
53	#00BFC4	11646.19387	2010	Grenada	Grenada	LAC
53	#00BFC4	11779.53493	2011	Grenada	Grenada	LAC
53	#00BFC4	11518.91645	2012	Grenada	Grenada	LAC
53	#00BFC4	11779.34819	2013	Grenada	Grenada	LAC
53	#00BFC4	11857.46391	2014	Grenada	Grenada	LAC
53	#00BFC4	12176.96054	2015	Grenada	Grenada	LAC
53	#00BFC4	12789.16357	2016	Grenada	Grenada	LAC
53	#00BFC4	13263.27453	2017	Grenada	Grenada	LAC
53	#00BFC4	13726.26394	2018	Grenada	Grenada	LAC
53	#00BFC4	13640.36663	2019	Grenada	Grenada	LAC
53	#00BFC4	12403.05465	2020	Grenada	Grenada	LAC
53	#00BFC4	12933.4338	2021	Grenada	Grenada	LAC
53	#00BFC4	13593.24958	2022	Grenada	Grenada	LAC
88	#00BA38	13610.72254	2003	Montenegro	Montenegro	ECA
88	#00BA38	14120.51718	2004	Montenegro	Montenegro	ECA
88	#00BA38	14135.22145	2005	Montenegro	Montenegro	ECA
88	#00BA38	15440.48002	2006	Montenegro	Montenegro	ECA
88	#00BA38	16410.73511	2007	Montenegro	Montenegro	ECA
88	#00BA38	17615.52257	2008	Montenegro	Montenegro	ECA
88	#00BA38	16356.39873	2009	Montenegro	Montenegro	ECA
88	#00BA38	16626.07912	2010	Montenegro	Montenegro	ECA
88	#00BA38	17401.97134	2011	Montenegro	Montenegro	ECA
88	#00BA38	17055.89751	2012	Montenegro	Montenegro	ECA
88	#00BA38	17697.43086	2013	Montenegro	Montenegro	ECA
88	#00BA38	17886.09542	2014	Montenegro	Montenegro	ECA
88	#00BA38	18645.98263	2015	Montenegro	Montenegro	ECA
88	#00BA38	18946.67029	2016	Montenegro	Montenegro	ECA
88	#00BA38	20086.53401	2017	Montenegro	Montenegro	ECA
88	#00BA38	20923.54288	2018	Montenegro	Montenegro	ECA
88	#00BA38	21767.12591	2019	Montenegro	Montenegro	ECA
88	#00BA38	18548.47848	2020	Montenegro	Montenegro	ECA
88	#00BA38	21142.48906	2021	Montenegro	Montenegro	ECA
88	#00BA38	22513.26314	2022	Montenegro	Montenegro	ECA
97	#F564E3	3266.151737	2003	Nigeria	Nigeria	SSA
97	#F564E3	3492.818111	2004	Nigeria	Nigeria	SSA
97	#F564E3	3589.479025	2005	Nigeria	Nigeria	SSA
97	#F564E3	3960.198129	2006	Nigeria	Nigeria	SSA
97	#F564E3	3998.797528	2007	Nigeria	Nigeria	SSA
97	#F564E3	4168.108158	2008	Nigeria	Nigeria	SSA
97	#F564E3	4364.407204	2009	Nigeria	Nigeria	SSA
97	#F564E3	4565.006426	2010	Nigeria	Nigeria	SSA
97	#F564E3	4682.3148	2011	Nigeria	Nigeria	SSA
97	#F564E3	4767.064512	2012	Nigeria	Nigeria	SSA
97	#F564E3	4959.534838	2013	Nigeria	Nigeria	SSA
97	#F564E3	5223.10365	2014	Nigeria	Nigeria	SSA
97	#F564E3	5273.015343	2015	Nigeria	Nigeria	SSA
97	#F564E3	5086.455609	2016	Nigeria	Nigeria	SSA
97	#F564E3	4963.405182	2017	Nigeria	Nigeria	SSA
97	#F564E3	4866.492114	2018	Nigeria	Nigeria	SSA
97	#F564E3	4914.227713	2019	Nigeria	Nigeria	SSA
97	#F564E3	4684.512077	2020	Nigeria	Nigeria	SSA
97	#F564E3	4716.009665	2021	Nigeria	Nigeria	SSA
97	#F564E3	4754.836408	2022	Nigeria	Nigeria	SSA
102	#F8766D	4706.169255	2004	Palestine, State of	Palestine, State of	AS
102	#F8766D	5185.337632	2005	Palestine, State of	Palestine, State of	AS
102	#F8766D	5045.582007	2006	Palestine, State of	Palestine, State of	AS
102	#F8766D	5164.69818	2007	Palestine, State of	Palestine, State of	AS
102	#F8766D	5397.439051	2008	Palestine, State of	Palestine, State of	AS
102	#F8766D	5583.260203	2009	Palestine, State of	Palestine, State of	AS
102	#F8766D	5735.492491	2010	Palestine, State of	Palestine, State of	AS
102	#F8766D	6183.913701	2011	Palestine, State of	Palestine, State of	AS
102	#F8766D	6438.215213	2012	Palestine, State of	Palestine, State of	AS
102	#F8766D	6653.213036	2013	Palestine, State of	Palestine, State of	AS
102	#F8766D	6611.061292	2014	Palestine, State of	Palestine, State of	AS
102	#F8766D	6807.370011	2015	Palestine, State of	Palestine, State of	AS
102	#F8766D	7258.742133	2016	Palestine, State of	Palestine, State of	AS
102	#F8766D	7246.81197	2017	Palestine, State of	Palestine, State of	AS
102	#F8766D	7389.351884	2018	Palestine, State of	Palestine, State of	AS
102	#F8766D	7355.601356	2019	Palestine, State of	Palestine, State of	AS
102	#F8766D	6270.338146	2020	Palestine, State of	Palestine, State of	AS
102	#F8766D	6778.574396	2021	Palestine, State of	Palestine, State of	AS
102	#F8766D	6936.258684	2022	Palestine, State of	Palestine, State of	AS
127	#00BFC4	12802.88559	2004	Suriname	Suriname	LAC
127	#00BFC4	13360.08651	2005	Suriname	Suriname	LAC
127	#00BFC4	13937.07972	2006	Suriname	Suriname	LAC
127	#00BFC4	14821.29312	2007	Suriname	Suriname	LAC
127	#00BFC4	15310.32334	2008	Suriname	Suriname	LAC
127	#00BFC4	15524.97318	2009	Suriname	Suriname	LAC
127	#00BFC4	15729.28874	2010	Suriname	Suriname	LAC
127	#00BFC4	15862.39943	2011	Suriname	Suriname	LAC
127	#00BFC4	16475.17669	2012	Suriname	Suriname	LAC
127	#00BFC4	17015.44982	2013	Suriname	Suriname	LAC
127	#00BFC4	17099.18824	2014	Suriname	Suriname	LAC
127	#00BFC4	17701.38311	2015	Suriname	Suriname	LAC
127	#00BFC4	16743.14539	2016	Suriname	Suriname	LAC
127	#00BFC4	15805.43905	2017	Suriname	Suriname	LAC
127	#00BFC4	16668.53506	2018	Suriname	Suriname	LAC
127	#00BFC4	15742.5635	2019	Suriname	Suriname	LAC
127	#00BFC4	12858.11237	2020	Suriname	Suriname	LAC
127	#00BFC4	12181.55782	2021	Suriname	Suriname	LAC
127	#00BFC4	12309.99659	2022	Suriname	Suriname	LAC
45	#F564E3	1584.907629	2005	Eritrea	Eritrea	SSA
45	#F564E3	1545.359311	2006	Eritrea	Eritrea	SSA
45	#F564E3	1545.372179	2007	Eritrea	Eritrea	SSA
45	#F564E3	1208.345029	2008	Eritrea	Eritrea	SSA
45	#F564E3	1320.929136	2009	Eritrea	Eritrea	SSA
45	#F564E3	1429.313291	2010	Eritrea	Eritrea	SSA
45	#F564E3	1764.953463	2011	Eritrea	Eritrea	SSA
45	#F564E3	1773.347615	2012	Eritrea	Eritrea	SSA
45	#F564E3	1566.83711	2013	Eritrea	Eritrea	SSA
45	#F564E3	2034.826231	2014	Eritrea	Eritrea	SSA
45	#F564E3	1607.19877	2015	Eritrea	Eritrea	SSA
45	#F564E3	1713.021639	2016	Eritrea	Eritrea	SSA
45	#F564E3	1527.10688	2017	Eritrea	Eritrea	SSA
45	#F564E3	1701.8534	2018	Eritrea	Eritrea	SSA
45	#F564E3	1740.14217	2019	Eritrea	Eritrea	SSA
45	#F564E3	1795.295094	2020	Eritrea	Eritrea	SSA
45	#F564E3	1854.318504	2021	Eritrea	Eritrea	SSA
45	#F564E3	1957.046464	2022	Eritrea	Eritrea	SSA
56	#F564E3	1602.89303	2005	Guinea-Bissau	Guinea-Bissau	SSA
56	#F564E3	1616.613914	2006	Guinea-Bissau	Guinea-Bissau	SSA
56	#F564E3	1634.348722	2007	Guinea-Bissau	Guinea-Bissau	SSA
56	#F564E3	1625.483493	2008	Guinea-Bissau	Guinea-Bissau	SSA
56	#F564E3	1644.447024	2009	Guinea-Bissau	Guinea-Bissau	SSA
56	#F564E3	1689.464873	2010	Guinea-Bissau	Guinea-Bissau	SSA
56	#F564E3	1797.476454	2011	Guinea-Bissau	Guinea-Bissau	SSA
56	#F564E3	1718.587412	2012	Guinea-Bissau	Guinea-Bissau	SSA
56	#F564E3	1685.666477	2013	Guinea-Bissau	Guinea-Bissau	SSA
56	#F564E3	1750.568353	2014	Guinea-Bissau	Guinea-Bissau	SSA
56	#F564E3	1794.241241	2015	Guinea-Bissau	Guinea-Bissau	SSA
56	#F564E3	1861.915692	2016	Guinea-Bissau	Guinea-Bissau	SSA
56	#F564E3	1876.130372	2017	Guinea-Bissau	Guinea-Bissau	SSA
56	#F564E3	1782.560021	2018	Guinea-Bissau	Guinea-Bissau	SSA
56	#F564E3	1930.554865	2019	Guinea-Bissau	Guinea-Bissau	SSA
56	#F564E3	1835.123646	2020	Guinea-Bissau	Guinea-Bissau	SSA
56	#F564E3	1855.808396	2021	Guinea-Bissau	Guinea-Bissau	SSA
56	#F564E3	1879.853611	2022	Guinea-Bissau	Guinea-Bissau	SSA
72	#F8766D	14222.71443	2005	Lebanon	Lebanon	AS
72	#F8766D	14436.27302	2006	Lebanon	Lebanon	AS
72	#F8766D	15826.68335	2007	Lebanon	Lebanon	AS
72	#F8766D	16740.08979	2008	Lebanon	Lebanon	AS
72	#F8766D	17848.17053	2009	Lebanon	Lebanon	AS
72	#F8766D	18970.02529	2010	Lebanon	Lebanon	AS
72	#F8766D	19093.08957	2011	Lebanon	Lebanon	AS
72	#F8766D	19100.59983	2012	Lebanon	Lebanon	AS
72	#F8766D	18082.85798	2013	Lebanon	Lebanon	AS
72	#F8766D	16648.64456	2014	Lebanon	Lebanon	AS
72	#F8766D	16418.39303	2015	Lebanon	Lebanon	AS
72	#F8766D	16929.97434	2016	Lebanon	Lebanon	AS
72	#F8766D	17737.81215	2017	Lebanon	Lebanon	AS
72	#F8766D	17542.91948	2018	Lebanon	Lebanon	AS
72	#F8766D	16724.40905	2019	Lebanon	Lebanon	AS
72	#F8766D	13310.52871	2020	Lebanon	Lebanon	AS
72	#F8766D	12145.93186	2021	Lebanon	Lebanon	AS
72	#F8766D	12313.42257	2022	Lebanon	Lebanon	AS
93	#B79F00	3801.733786	2005	Nauru	Nauru	EAP
93	#B79F00	2276.6077	2006	Nauru	Nauru	EAP
93	#B79F00	2914.201227	2007	Nauru	Nauru	EAP
93	#B79F00	5386.144953	2008	Nauru	Nauru	EAP
93	#B79F00	4355.605704	2009	Nauru	Nauru	EAP
93	#B79F00	5007.766219	2010	Nauru	Nauru	EAP
93	#B79F00	5437.048851	2011	Nauru	Nauru	EAP
93	#B79F00	6065.24969	2012	Nauru	Nauru	EAP
93	#B79F00	6448.486196	2013	Nauru	Nauru	EAP
93	#B79F00	8254.957447	2014	Nauru	Nauru	EAP
93	#B79F00	11447.65684	2015	Nauru	Nauru	EAP
93	#B79F00	12630.97881	2016	Nauru	Nauru	EAP
93	#B79F00	13078.16076	2017	Nauru	Nauru	EAP
93	#B79F00	11797.65611	2018	Nauru	Nauru	EAP
93	#B79F00	12943.70846	2019	Nauru	Nauru	EAP
93	#B79F00	13877.80367	2020	Nauru	Nauru	EAP
93	#B79F00	14776.9579	2021	Nauru	Nauru	EAP
93	#B79F00	14938.55659	2022	Nauru	Nauru	EAP
110	#00BFC4	21733.44757	2005	Saint Kitts and Nevis	Saint Kitts and Nevis	LAC
110	#00BFC4	22778.56418	2006	Saint Kitts and Nevis	Saint Kitts and Nevis	LAC
110	#00BFC4	23012.43189	2007	Saint Kitts and Nevis	Saint Kitts and Nevis	LAC
110	#00BFC4	24402.38069	2008	Saint Kitts and Nevis	Saint Kitts and Nevis	LAC
110	#00BFC4	23490.05043	2009	Saint Kitts and Nevis	Saint Kitts and Nevis	LAC
110	#00BFC4	23555.68933	2010	Saint Kitts and Nevis	Saint Kitts and Nevis	LAC
110	#00BFC4	23895.95869	2011	Saint Kitts and Nevis	Saint Kitts and Nevis	LAC
110	#00BFC4	23871.34187	2012	Saint Kitts and Nevis	Saint Kitts and Nevis	LAC
110	#00BFC4	25310.14911	2013	Saint Kitts and Nevis	Saint Kitts and Nevis	LAC
110	#00BFC4	27104.51568	2014	Saint Kitts and Nevis	Saint Kitts and Nevis	LAC
110	#00BFC4	27281.73974	2015	Saint Kitts and Nevis	Saint Kitts and Nevis	LAC
110	#00BFC4	28360.95418	2016	Saint Kitts and Nevis	Saint Kitts and Nevis	LAC
110	#00BFC4	27979.47497	2017	Saint Kitts and Nevis	Saint Kitts and Nevis	LAC
110	#00BFC4	28652.85559	2018	Saint Kitts and Nevis	Saint Kitts and Nevis	LAC
110	#00BFC4	29909.86839	2019	Saint Kitts and Nevis	Saint Kitts and Nevis	LAC
110	#00BFC4	26342.47788	2020	Saint Kitts and Nevis	Saint Kitts and Nevis	LAC
110	#00BFC4	26121.23865	2021	Saint Kitts and Nevis	Saint Kitts and Nevis	LAC
110	#00BFC4	28441.68074	2022	Saint Kitts and Nevis	Saint Kitts and Nevis	LAC
138	#00BA38	7156.476653	2005	Turkmenistan	Turkmenistan	ECA
138	#00BA38	7903.822677	2006	Turkmenistan	Turkmenistan	ECA
138	#00BA38	8950.01635	2007	Turkmenistan	Turkmenistan	ECA
138	#00BA38	9858.403113	2008	Turkmenistan	Turkmenistan	ECA
138	#00BA38	10207.98015	2009	Turkmenistan	Turkmenistan	ECA
138	#00BA38	11395.29871	2010	Turkmenistan	Turkmenistan	ECA
138	#00BA38	12460.04827	2011	Turkmenistan	Turkmenistan	ECA
138	#00BA38	13016.29701	2012	Turkmenistan	Turkmenistan	ECA
138	#00BA38	12841.96301	2013	Turkmenistan	Turkmenistan	ECA
138	#00BA38	13050.1436	2014	Turkmenistan	Turkmenistan	ECA
138	#00BA38	13657.41688	2015	Turkmenistan	Turkmenistan	ECA
138	#00BA38	13746.04083	2016	Turkmenistan	Turkmenistan	ECA
138	#00BA38	13134.79558	2017	Turkmenistan	Turkmenistan	ECA
138	#00BA38	13337.27072	2018	Turkmenistan	Turkmenistan	ECA
138	#00BA38	13019.58106	2019	Turkmenistan	Turkmenistan	ECA
138	#00BA38	12449.00499	2020	Turkmenistan	Turkmenistan	ECA
138	#00BA38	12836.3618	2021	Turkmenistan	Turkmenistan	ECA
138	#00BA38	12859.87406	2022	Turkmenistan	Turkmenistan	ECA
145	#B79F00	2546.969337	2005	Vanuatu	Vanuatu	EAP
145	#B79F00	2754.610362	2006	Vanuatu	Vanuatu	EAP
145	#B79F00	2759.394677	2007	Vanuatu	Vanuatu	EAP
145	#B79F00	2976.710546	2008	Vanuatu	Vanuatu	EAP
145	#B79F00	2894.300484	2009	Vanuatu	Vanuatu	EAP
145	#B79F00	2878.323649	2010	Vanuatu	Vanuatu	EAP
145	#B79F00	2920.408926	2011	Vanuatu	Vanuatu	EAP
145	#B79F00	2784.811332	2012	Vanuatu	Vanuatu	EAP
145	#B79F00	2895.708754	2013	Vanuatu	Vanuatu	EAP
145	#B79F00	2963.380601	2014	Vanuatu	Vanuatu	EAP
145	#B79F00	2911.965423	2015	Vanuatu	Vanuatu	EAP
145	#B79F00	2991.338385	2016	Vanuatu	Vanuatu	EAP
145	#B79F00	3039.204494	2017	Vanuatu	Vanuatu	EAP
145	#B79F00	3148.620596	2018	Vanuatu	Vanuatu	EAP
145	#B79F00	3578.563323	2019	Vanuatu	Vanuatu	EAP
145	#B79F00	3204.948613	2020	Vanuatu	Vanuatu	EAP
145	#B79F00	3236.883003	2021	Vanuatu	Vanuatu	EAP
145	#B79F00	3243.980494	2022	Vanuatu	Vanuatu	EAP
5	#00BFC4	22369.73769	2007	Antigua and Barbuda	Antigua and Barbuda	LAC
5	#00BFC4	22102.01363	2008	Antigua and Barbuda	Antigua and Barbuda	LAC
5	#00BFC4	19225.41262	2009	Antigua and Barbuda	Antigua and Barbuda	LAC
5	#00BFC4	17736.69548	2010	Antigua and Barbuda	Antigua and Barbuda	LAC
5	#00BFC4	17054.12146	2011	Antigua and Barbuda	Antigua and Barbuda	LAC
5	#00BFC4	17301.81341	2012	Antigua and Barbuda	Antigua and Barbuda	LAC
5	#00BFC4	17327.14472	2013	Antigua and Barbuda	Antigua and Barbuda	LAC
5	#00BFC4	17791.96348	2014	Antigua and Barbuda	Antigua and Barbuda	LAC
5	#00BFC4	18428.04484	2015	Antigua and Barbuda	Antigua and Barbuda	LAC
5	#00BFC4	19265.33457	2016	Antigua and Barbuda	Antigua and Barbuda	LAC
5	#00BFC4	19701.74462	2017	Antigua and Barbuda	Antigua and Barbuda	LAC
5	#00BFC4	20907.67572	2018	Antigua and Barbuda	Antigua and Barbuda	LAC
5	#00BFC4	21761.67633	2019	Antigua and Barbuda	Antigua and Barbuda	LAC
5	#00BFC4	17222.93616	2020	Antigua and Barbuda	Antigua and Barbuda	LAC
5	#00BFC4	17420.06637	2021	Antigua and Barbuda	Antigua and Barbuda	LAC
5	#00BFC4	18783.96536	2022	Antigua and Barbuda	Antigua and Barbuda	LAC
16	#619CFF	7499.169622	2010	Bhutan	Bhutan	SA
16	#619CFF	7949.288281	2011	Bhutan	Bhutan	SA
16	#619CFF	8128.851491	2012	Bhutan	Bhutan	SA
16	#619CFF	8300.058461	2013	Bhutan	Bhutan	SA
16	#619CFF	8686.721414	2014	Bhutan	Bhutan	SA
16	#619CFF	9176.675949	2015	Bhutan	Bhutan	SA
16	#619CFF	9679.048504	2016	Bhutan	Bhutan	SA
16	#619CFF	10032.63633	2017	Bhutan	Bhutan	SA
16	#619CFF	10225.3916	2018	Bhutan	Bhutan	SA
16	#619CFF	10730.47215	2019	Bhutan	Bhutan	SA
16	#619CFF	9896.599579	2020	Bhutan	Bhutan	SA
16	#619CFF	10240.74671	2021	Bhutan	Bhutan	SA
16	#619CFF	10624.87388	2022	Bhutan	Bhutan	SA
124	#F564E3	1237.603735	2010	South Sudan	South Sudan	SSA
124	#F564E3	1241.950033	2011	South Sudan	South Sudan	SSA
124	#F564E3	674.3062032	2012	South Sudan	South Sudan	SSA
124	#F564E3	678.3304913	2013	South Sudan	South Sudan	SSA
124	#F564E3	669.5579426	2014	South Sudan	South Sudan	SSA
124	#F564E3	684.1764524	2015	South Sudan	South Sudan	SSA
124	#F564E3	641.126871	2016	South Sudan	South Sudan	SSA
124	#F564E3	667.0849947	2017	South Sudan	South Sudan	SSA
124	#F564E3	665.5147193	2018	South Sudan	South Sudan	SSA
124	#F564E3	784.4743975	2019	South Sudan	South Sudan	SSA
124	#F564E3	748.1979273	2020	South Sudan	South Sudan	SSA
124	#F564E3	707.324608	2021	South Sudan	South Sudan	SSA
124	#F564E3	690.6607575	2022	South Sudan	South Sudan	SSA
81	#B79F00	4498.096006	2011	Marshall Islands	Marshall Islands	EAP
81	#B79F00	4352.383418	2012	Marshall Islands	Marshall Islands	EAP
81	#B79F00	4716.605108	2013	Marshall Islands	Marshall Islands	EAP
81	#B79F00	4884.450016	2014	Marshall Islands	Marshall Islands	EAP
81	#B79F00	5510.881667	2015	Marshall Islands	Marshall Islands	EAP
81	#B79F00	5607.254104	2016	Marshall Islands	Marshall Islands	EAP
81	#B79F00	5802.934693	2017	Marshall Islands	Marshall Islands	EAP
81	#B79F00	6129.741349	2018	Marshall Islands	Marshall Islands	EAP
81	#B79F00	6861.458554	2019	Marshall Islands	Marshall Islands	EAP
81	#B79F00	6870.234746	2020	Marshall Islands	Marshall Islands	EAP
81	#B79F00	6676.669316	2021	Marshall Islands	Marshall Islands	EAP
81	#B79F00	6855.234566	2022	Marshall Islands	Marshall Islands	EAP
122	#F8766D	1072.201461	2022	Somalia	Somalia	AS
