group	colour	x	y	tooltip	showSelected1
4	#00C094	1960	51.6086829268293	United Arab Emirates	Middle East & North Africa
4	#00C094	1961	52.6601463414634	United Arab Emirates	Middle East & North Africa
4	#00C094	1962	53.7608292682927	United Arab Emirates	Middle East & North Africa
4	#00C094	1963	54.9011951219512	United Arab Emirates	Middle East & North Africa
4	#00C094	1964	56.066243902439	United Arab Emirates	Middle East & North Africa
4	#00C094	1965	57.2364146341463	United Arab Emirates	Middle East & North Africa
4	#00C094	1966	58.3916585365854	United Arab Emirates	Middle East & North Africa
4	#00C094	1967	59.5129268292683	United Arab Emirates	Middle East & North Africa
4	#00C094	1968	60.5826829268293	United Arab Emirates	Middle East & North Africa
4	#00C094	1969	61.5878780487805	United Arab Emirates	Middle East & North Africa
4	#00C094	1970	62.5194878048781	United Arab Emirates	Middle East & North Africa
4	#00C094	1971	63.373	United Arab Emirates	Middle East & North Africa
4	#00C094	1972	64.1599512195122	United Arab Emirates	Middle East & North Africa
4	#00C094	1973	64.8883170731707	United Arab Emirates	Middle East & North Africa
4	#00C094	1974	65.5626341463415	United Arab Emirates	Middle East & North Africa
4	#00C094	1975	66.1853902439024	United Arab Emirates	Middle East & North Africa
4	#00C094	1960	51.7798048780488	Bahrain	Middle East & North Africa
4	#00C094	1961	53.2025853658537	Bahrain	Middle East & North Africa
4	#00C094	1962	54.6219756097561	Bahrain	Middle East & North Africa
4	#00C094	1963	56.0134390243903	Bahrain	Middle East & North Africa
4	#00C094	1964	57.3574146341464	Bahrain	Middle East & North Africa
4	#00C094	1965	58.6348048780488	Bahrain	Middle East & North Africa
4	#00C094	1966	59.833512195122	Bahrain	Middle East & North Africa
4	#00C094	1967	60.9560243902439	Bahrain	Middle East & North Africa
4	#00C094	1968	62.0038536585366	Bahrain	Middle East & North Africa
4	#00C094	1969	62.9744634146342	Bahrain	Middle East & North Africa
4	#00C094	1970	63.8683902439025	Bahrain	Middle East & North Africa
4	#00C094	1971	64.6892195121951	Bahrain	Middle East & North Africa
4	#00C094	1972	65.4454878048781	Bahrain	Middle East & North Africa
4	#00C094	1973	66.1482682926829	Bahrain	Middle East & North Africa
4	#00C094	1974	66.8015609756098	Bahrain	Middle East & North Africa
4	#00C094	1975	67.4118780487805	Bahrain	Middle East & North Africa
4	#00C094	1960	38.536	Djibouti	Middle East & North Africa
4	#00C094	1961	39.0096829268293	Djibouti	Middle East & North Africa
4	#00C094	1962	39.4818292682927	Djibouti	Middle East & North Africa
4	#00C094	1963	39.9549024390244	Djibouti	Middle East & North Africa
4	#00C094	1964	40.4289268292683	Djibouti	Middle East & North Africa
4	#00C094	1965	40.9033658536585	Djibouti	Middle East & North Africa
4	#00C094	1966	41.3787804878049	Djibouti	Middle East & North Africa
4	#00C094	1967	41.8531707317073	Djibouti	Middle East & North Africa
4	#00C094	1968	42.3250975609756	Djibouti	Middle East & North Africa
4	#00C094	1969	42.7925609756098	Djibouti	Middle East & North Africa
4	#00C094	1970	43.2540731707317	Djibouti	Middle East & North Africa
4	#00C094	1971	43.7041463414634	Djibouti	Middle East & North Africa
4	#00C094	1972	44.1437804878049	Djibouti	Middle East & North Africa
4	#00C094	1973	44.5749756097561	Djibouti	Middle East & North Africa
4	#00C094	1974	45.0016829268293	Djibouti	Middle East & North Africa
4	#00C094	1975	45.4339268292683	Djibouti	Middle East & North Africa
4	#00C094	1960	46.9853902439025	Algeria	Middle East & North Africa
4	#00C094	1961	47.5183658536585	Algeria	Middle East & North Africa
4	#00C094	1962	48.0688536585366	Algeria	Middle East & North Africa
4	#00C094	1963	48.6398292682927	Algeria	Middle East & North Africa
4	#00C094	1964	49.2308048780488	Algeria	Middle East & North Africa
4	#00C094	1965	49.8382926829268	Algeria	Middle East & North Africa
4	#00C094	1966	50.4543414634146	Algeria	Middle East & North Africa
4	#00C094	1967	51.0729268292683	Algeria	Middle East & North Africa
4	#00C094	1968	51.6895853658537	Algeria	Middle East & North Africa
4	#00C094	1969	52.3027804878049	Algeria	Middle East & North Africa
4	#00C094	1970	52.9180243902439	Algeria	Middle East & North Africa
4	#00C094	1971	53.5412926829268	Algeria	Middle East & North Africa
4	#00C094	1972	54.1790731707317	Algeria	Middle East & North Africa
4	#00C094	1973	54.8353170731707	Algeria	Middle East & North Africa
4	#00C094	1974	55.509512195122	Algeria	Middle East & North Africa
4	#00C094	1975	56.1955609756098	Algeria	Middle East & North Africa
4	#00C094	1960	45.9335609756098	Egypt, Arab Rep.	Middle East & North Africa
4	#00C094	1961	46.3473658536585	Egypt, Arab Rep.	Middle East & North Africa
4	#00C094	1962	46.7697073170732	Egypt, Arab Rep.	Middle East & North Africa
4	#00C094	1963	47.2011219512195	Egypt, Arab Rep.	Middle East & North Africa
4	#00C094	1964	47.6440731707317	Egypt, Arab Rep.	Middle East & North Africa
4	#00C094	1965	48.0955609756098	Egypt, Arab Rep.	Middle East & North Africa
4	#00C094	1966	48.5550975609756	Egypt, Arab Rep.	Middle East & North Africa
4	#00C094	1967	49.0196341463415	Egypt, Arab Rep.	Middle East & North Africa
4	#00C094	1968	49.4891463414634	Egypt, Arab Rep.	Middle East & North Africa
4	#00C094	1969	49.9655853658537	Egypt, Arab Rep.	Middle East & North Africa
4	#00C094	1970	50.4523902439025	Egypt, Arab Rep.	Middle East & North Africa
4	#00C094	1971	50.954512195122	Egypt, Arab Rep.	Middle East & North Africa
4	#00C094	1972	51.4764146341463	Egypt, Arab Rep.	Middle East & North Africa
4	#00C094	1973	52.0190975609756	Egypt, Arab Rep.	Middle East & North Africa
4	#00C094	1974	52.5810975609756	Egypt, Arab Rep.	Middle East & North Africa
4	#00C094	1975	53.1604634146342	Egypt, Arab Rep.	Middle East & North Africa
4	#00C094	1961	72.0065853658537	Israel	Middle East & North Africa
4	#00C094	1962	72.1121951219512	Israel	Middle East & North Africa
4	#00C094	1966	72.2856097560976	Israel	Middle East & North Africa
4	#00C094	1967	71.509756097561	Israel	Middle East & North Africa
4	#00C094	1968	71.0565853658537	Israel	Middle East & North Africa
4	#00C094	1969	70.9704878048781	Israel	Middle East & North Africa
4	#00C094	1970	71.2134146341463	Israel	Middle East & North Africa
4	#00C094	1971	71.7190243902439	Israel	Middle East & North Africa
4	#00C094	1972	71.0780487804878	Israel	Middle East & North Africa
4	#00C094	1973	71.6934146341464	Israel	Middle East & North Africa
4	#00C094	1974	71.6617073170732	Israel	Middle East & North Africa
4	#00C094	1975	72.0451219512195	Israel	Middle East & North Africa
4	#00C094	1960	48.8539268292683	Iraq	Middle East & North Africa
4	#00C094	1961	49.9329268292683	Iraq	Middle East & North Africa
4	#00C094	1962	50.976756097561	Iraq	Middle East & North Africa
4	#00C094	1963	51.9839024390244	Iraq	Middle East & North Africa
4	#00C094	1964	52.9499024390244	Iraq	Middle East & North Africa
4	#00C094	1965	53.8707804878049	Iraq	Middle East & North Africa
4	#00C094	1966	54.7395853658537	Iraq	Middle East & North Africa
4	#00C094	1967	55.5559268292683	Iraq	Middle East & North Africa
4	#00C094	1968	56.3164390243902	Iraq	Middle East & North Africa
4	#00C094	1969	57.0212195121951	Iraq	Middle East & North Africa
4	#00C094	1970	57.6951219512195	Iraq	Middle East & North Africa
4	#00C094	1971	58.3721951219512	Iraq	Middle East & North Africa
4	#00C094	1972	59.0554390243902	Iraq	Middle East & North Africa
4	#00C094	1973	59.7204634146342	Iraq	Middle East & North Africa
4	#00C094	1974	60.3228780487805	Iraq	Middle East & North Africa
4	#00C094	1975	60.7249512195122	Iraq	Middle East & North Africa
4	#00C094	1960	44.5774390243903	Iran, Islamic Rep.	Middle East & North Africa
4	#00C094	1961	45.3408048780488	Iran, Islamic Rep.	Middle East & North Africa
4	#00C094	1962	46.0850731707317	Iran, Islamic Rep.	Middle East & North Africa
4	#00C094	1963	46.8112682926829	Iran, Islamic Rep.	Middle East & North Africa
4	#00C094	1964	47.5189756097561	Iran, Islamic Rep.	Middle East & North Africa
4	#00C094	1965	48.2023414634146	Iran, Islamic Rep.	Middle East & North Africa
4	#00C094	1966	48.8555609756098	Iran, Islamic Rep.	Middle East & North Africa
4	#00C094	1967	49.4762195121951	Iran, Islamic Rep.	Middle East & North Africa
4	#00C094	1968	50.0688292682927	Iran, Islamic Rep.	Middle East & North Africa
4	#00C094	1969	50.6419024390244	Iran, Islamic Rep.	Middle East & North Africa
4	#00C094	1970	51.2456829268293	Iran, Islamic Rep.	Middle East & North Africa
4	#00C094	1971	51.9446585365854	Iran, Islamic Rep.	Middle East & North Africa
4	#00C094	1972	52.7490487804878	Iran, Islamic Rep.	Middle East & North Africa
4	#00C094	1973	53.6267073170732	Iran, Islamic Rep.	Middle East & North Africa
4	#00C094	1974	54.5114146341463	Iran, Islamic Rep.	Middle East & North Africa
4	#00C094	1975	55.2263658536585	Iran, Islamic Rep.	Middle East & North Africa
4	#00C094	1960	53.8540487804878	Jordan	Middle East & North Africa
4	#00C094	1961	54.5577804878049	Jordan	Middle East & North Africa
4	#00C094	1962	55.2555609756098	Jordan	Middle East & North Africa
4	#00C094	1963	55.9529024390244	Jordan	Middle East & North Africa
4	#00C094	1964	56.6522682926829	Jordan	Middle East & North Africa
4	#00C094	1965	57.3571707317073	Jordan	Middle East & North Africa
4	#00C094	1966	58.0680975609756	Jordan	Middle East & North Africa
4	#00C094	1967	58.7840731707317	Jordan	Middle East & North Africa
4	#00C094	1968	59.5006097560976	Jordan	Middle East & North Africa
4	#00C094	1969	60.2162195121951	Jordan	Middle East & North Africa
4	#00C094	1970	60.9279024390244	Jordan	Middle East & North Africa
4	#00C094	1971	61.6336585365854	Jordan	Middle East & North Africa
4	#00C094	1972	62.33	Jordan	Middle East & North Africa
4	#00C094	1973	63.0123902439024	Jordan	Middle East & North Africa
4	#00C094	1974	63.6753902439024	Jordan	Middle East & North Africa
4	#00C094	1975	64.3139512195122	Jordan	Middle East & North Africa
4	#00C094	1960	61.4006829268293	Kuwait	Middle East & North Africa
4	#00C094	1961	62.0518292682927	Kuwait	Middle East & North Africa
4	#00C094	1962	62.6799756097561	Kuwait	Middle East & North Africa
4	#00C094	1963	63.2836097560976	Kuwait	Middle East & North Africa
4	#00C094	1964	63.863243902439	Kuwait	Middle East & North Africa
4	#00C094	1965	64.4188780487805	Kuwait	Middle East & North Africa
4	#00C094	1966	64.949	Kuwait	Middle East & North Africa
4	#00C094	1967	65.4546341463415	Kuwait	Middle East & North Africa
4	#00C094	1968	65.9358048780488	Kuwait	Middle East & North Africa
4	#00C094	1969	66.3945365853659	Kuwait	Middle East & North Africa
4	#00C094	1970	66.8323658536585	Kuwait	Middle East & North Africa
4	#00C094	1971	67.2523170731707	Kuwait	Middle East & North Africa
4	#00C094	1972	67.6563902439025	Kuwait	Middle East & North Africa
4	#00C094	1973	68.0461219512195	Kuwait	Middle East & North Africa
4	#00C094	1974	68.423512195122	Kuwait	Middle East & North Africa
4	#00C094	1975	68.7905609756098	Kuwait	Middle East & North Africa
4	#00C094	1960	60.9993414634146	Lebanon	Middle East & North Africa
4	#00C094	1961	61.4943658536585	Lebanon	Middle East & North Africa
4	#00C094	1962	61.9509512195122	Lebanon	Middle East & North Africa
4	#00C094	1963	62.3720487804878	Lebanon	Middle East & North Africa
4	#00C094	1964	62.7621707317073	Lebanon	Middle East & North Africa
4	#00C094	1965	63.1288048780488	Lebanon	Middle East & North Africa
4	#00C094	1966	63.4799268292683	Lebanon	Middle East & North Africa
4	#00C094	1967	63.8185365853659	Lebanon	Middle East & North Africa
4	#00C094	1968	64.1480975609756	Lebanon	Middle East & North Africa
4	#00C094	1969	64.4680975609756	Lebanon	Middle East & North Africa
4	#00C094	1970	64.7725365853659	Lebanon	Middle East & North Africa
4	#00C094	1971	65.0518536585366	Lebanon	Middle East & North Africa
4	#00C094	1972	65.2990731707317	Lebanon	Middle East & North Africa
4	#00C094	1973	65.5111951219512	Lebanon	Middle East & North Africa
4	#00C094	1974	65.690756097561	Lebanon	Middle East & North Africa
4	#00C094	1975	65.8452926829268	Lebanon	Middle East & North Africa
4	#00C094	1960	46.6787317073171	Libya	Middle East & North Africa
4	#00C094	1961	47.1752195121951	Libya	Middle East & North Africa
4	#00C094	1962	47.6686829268293	Libya	Middle East & North Africa
4	#00C094	1963	48.1600975609756	Libya	Middle East & North Africa
4	#00C094	1964	48.6494634146341	Libya	Middle East & North Africa
4	#00C094	1965	49.1322682926829	Libya	Middle East & North Africa
4	#00C094	1966	49.6000243902439	Libya	Middle East & North Africa
4	#00C094	1967	50.055756097561	Libya	Middle East & North Africa
4	#00C094	1968	50.5074634146342	Libya	Middle East & North Africa
4	#00C094	1969	50.9696829268293	Libya	Middle East & North Africa
4	#00C094	1970	51.4664390243903	Libya	Middle East & North Africa
4	#00C094	1971	52.024756097561	Libya	Middle East & North Africa
4	#00C094	1972	52.6626097560976	Libya	Middle East & North Africa
4	#00C094	1973	53.3880243902439	Libya	Middle East & North Africa
4	#00C094	1974	54.2004878048781	Libya	Middle East & North Africa
4	#00C094	1975	55.093	Libya	Middle East & North Africa
4	#00C094	1960	46.6150731707317	Morocco	Middle East & North Africa
4	#00C094	1961	47.1090975609756	Morocco	Middle East & North Africa
4	#00C094	1962	47.5995853658537	Morocco	Middle East & North Africa
4	#00C094	1963	48.087512195122	Morocco	Middle East & North Africa
4	#00C094	1964	48.5739024390244	Morocco	Middle East & North Africa
4	#00C094	1965	49.0587317073171	Morocco	Middle East & North Africa
4	#00C094	1966	49.5425365853659	Morocco	Middle East & North Africa
4	#00C094	1967	50.0278048780488	Morocco	Middle East & North Africa
4	#00C094	1968	50.5155853658537	Morocco	Middle East & North Africa
4	#00C094	1969	51.0078536585366	Morocco	Middle East & North Africa
4	#00C094	1970	51.5046341463415	Morocco	Middle East & North Africa
4	#00C094	1971	52.0029268292683	Morocco	Middle East & North Africa
4	#00C094	1972	52.5041951219512	Morocco	Middle East & North Africa
4	#00C094	1973	53.0134634146342	Morocco	Middle East & North Africa
4	#00C094	1974	53.538243902439	Morocco	Middle East & North Africa
4	#00C094	1975	54.0935609756098	Morocco	Middle East & North Africa
4	#00C094	1960	67.6017804878049	Malta	Middle East & North Africa
4	#00C094	1961	67.9027073170732	Malta	Middle East & North Africa
4	#00C094	1962	68.2047804878049	Malta	Middle East & North Africa
4	#00C094	1963	68.5049024390244	Malta	Middle East & North Africa
4	#00C094	1964	68.7999756097561	Malta	Middle East & North Africa
4	#00C094	1965	69.0864634146342	Malta	Middle East & North Africa
4	#00C094	1966	69.3663658536586	Malta	Middle East & North Africa
4	#00C094	1967	69.6402195121951	Malta	Middle East & North Africa
4	#00C094	1968	69.9115853658537	Malta	Middle East & North Africa
4	#00C094	1969	70.1789512195122	Malta	Middle East & North Africa
4	#00C094	1970	70.4433170731707	Malta	Middle East & North Africa
4	#00C094	1971	70.7047073170732	Malta	Middle East & North Africa
4	#00C094	1972	70.9626097560976	Malta	Middle East & North Africa
4	#00C094	1973	71.218512195122	Malta	Middle East & North Africa
4	#00C094	1974	71.4709268292683	Malta	Middle East & North Africa
4	#00C094	1975	71.7208536585366	Malta	Middle East & North Africa
4	#00C094	1960	42.2736097560976	Oman	Middle East & North Africa
4	#00C094	1961	42.9303414634146	Oman	Middle East & North Africa
4	#00C094	1962	43.6146097560976	Oman	Middle East & North Africa
4	#00C094	1963	44.3289024390244	Oman	Middle East & North Africa
4	#00C094	1964	45.076756097561	Oman	Middle East & North Africa
4	#00C094	1965	45.8641707317073	Oman	Middle East & North Africa
4	#00C094	1966	46.6986585365854	Oman	Middle East & North Africa
4	#00C094	1967	47.580243902439	Oman	Middle East & North Africa
4	#00C094	1968	48.5074146341464	Oman	Middle East & North Africa
4	#00C094	1969	49.4746829268293	Oman	Middle East & North Africa
4	#00C094	1970	50.473512195122	Oman	Middle East & North Africa
4	#00C094	1971	51.4934146341463	Oman	Middle East & North Africa
4	#00C094	1972	52.5243414634146	Oman	Middle East & North Africa
4	#00C094	1973	53.5567804878049	Oman	Middle East & North Africa
4	#00C094	1974	54.585243902439	Oman	Middle East & North Africa
4	#00C094	1975	55.6087073170732	Oman	Middle East & North Africa
4	#00C094	1960	59.7569024390244	Qatar	Middle East & North Africa
4	#00C094	1961	60.4215365853659	Qatar	Middle East & North Africa
4	#00C094	1962	61.0786585365854	Qatar	Middle East & North Africa
4	#00C094	1963	61.7257804878049	Qatar	Middle East & North Africa
4	#00C094	1964	62.3633902439024	Qatar	Middle East & North Africa
4	#00C094	1965	62.9949756097561	Qatar	Middle East & North Africa
4	#00C094	1966	63.6235609756098	Qatar	Middle East & North Africa
4	#00C094	1967	64.2536341463415	Qatar	Middle East & North Africa
4	#00C094	1968	64.8857317073171	Qatar	Middle East & North Africa
4	#00C094	1969	65.5183414634146	Qatar	Middle East & North Africa
4	#00C094	1970	66.1484390243902	Qatar	Middle East & North Africa
4	#00C094	1971	66.7710487804878	Qatar	Middle East & North Africa
4	#00C094	1972	67.3811219512195	Qatar	Middle East & North Africa
4	#00C094	1973	67.9721707317073	Qatar	Middle East & North Africa
4	#00C094	1974	68.5381707317073	Qatar	Middle East & North Africa
4	#00C094	1975	69.0741463414634	Qatar	Middle East & North Africa
4	#00C094	1960	44.8748780487805	Saudi Arabia	Middle East & North Africa
4	#00C094	1961	45.4835365853659	Saudi Arabia	Middle East & North Africa
4	#00C094	1962	46.1121707317073	Saudi Arabia	Middle East & North Africa
4	#00C094	1963	46.766756097561	Saudi Arabia	Middle East & North Africa
4	#00C094	1964	47.4528292682927	Saudi Arabia	Middle East & North Africa
4	#00C094	1965	48.1773658536585	Saudi Arabia	Middle East & North Africa
4	#00C094	1966	48.9463658536585	Saudi Arabia	Middle East & North Africa
4	#00C094	1967	49.7578536585366	Saudi Arabia	Middle East & North Africa
4	#00C094	1968	50.6109024390244	Saudi Arabia	Middle East & North Africa
4	#00C094	1969	51.5030487804878	Saudi Arabia	Middle East & North Africa
4	#00C094	1970	52.4329268292683	Saudi Arabia	Middle East & North Africa
4	#00C094	1971	53.4006829268293	Saudi Arabia	Middle East & North Africa
4	#00C094	1972	54.3988292682927	Saudi Arabia	Middle East & North Africa
4	#00C094	1973	55.4173902439024	Saudi Arabia	Middle East & North Africa
4	#00C094	1974	56.4452682926829	Saudi Arabia	Middle East & North Africa
4	#00C094	1975	57.4718292682927	Saudi Arabia	Middle East & North Africa
4	#00C094	1960	52.7317317073171	Syrian Arab Republic	Middle East & North Africa
4	#00C094	1961	53.4194878048781	Syrian Arab Republic	Middle East & North Africa
4	#00C094	1962	54.1151951219512	Syrian Arab Republic	Middle East & North Africa
4	#00C094	1963	54.8193414634146	Syrian Arab Republic	Middle East & North Africa
4	#00C094	1964	55.5324390243903	Syrian Arab Republic	Middle East & North Africa
4	#00C094	1965	56.2569756097561	Syrian Arab Republic	Middle East & North Africa
4	#00C094	1966	56.9949756097561	Syrian Arab Republic	Middle East & North Africa
4	#00C094	1967	57.7449756097561	Syrian Arab Republic	Middle East & North Africa
4	#00C094	1968	58.502512195122	Syrian Arab Republic	Middle East & North Africa
4	#00C094	1969	59.2610487804878	Syrian Arab Republic	Middle East & North Africa
4	#00C094	1970	60.0121219512195	Syrian Arab Republic	Middle East & North Africa
4	#00C094	1971	60.7451463414634	Syrian Arab Republic	Middle East & North Africa
4	#00C094	1972	61.4536585365854	Syrian Arab Republic	Middle East & North Africa
4	#00C094	1973	62.1331219512195	Syrian Arab Republic	Middle East & North Africa
4	#00C094	1974	62.7805609756098	Syrian Arab Republic	Middle East & North Africa
4	#00C094	1975	63.396487804878	Syrian Arab Republic	Middle East & North Africa
4	#00C094	1960	48.3358048780488	Tunisia	Middle East & North Africa
4	#00C094	1961	48.8238048780488	Tunisia	Middle East & North Africa
4	#00C094	1962	49.3058048780488	Tunisia	Middle East & North Africa
4	#00C094	1963	49.7838048780488	Tunisia	Middle East & North Africa
4	#00C094	1964	50.2658048780488	Tunisia	Middle East & North Africa
4	#00C094	1965	50.7588536585366	Tunisia	Middle East & North Africa
4	#00C094	1966	51.273	Tunisia	Middle East & North Africa
4	#00C094	1967	51.8182682926829	Tunisia	Middle East & North Africa
4	#00C094	1968	52.4015853658537	Tunisia	Middle East & North Africa
4	#00C094	1969	53.0273658536585	Tunisia	Middle East & North Africa
4	#00C094	1970	53.7004146341463	Tunisia	Middle East & North Africa
4	#00C094	1971	54.4230243902439	Tunisia	Middle East & North Africa
4	#00C094	1972	55.1885609756098	Tunisia	Middle East & North Africa
4	#00C094	1973	55.988	Tunisia	Middle East & North Africa
4	#00C094	1974	56.8168536585366	Tunisia	Middle East & North Africa
4	#00C094	1975	57.6712195121951	Tunisia	Middle East & North Africa
4	#00C094	1960	37.7865609756098	Yemen, Rep.	Middle East & North Africa
4	#00C094	1961	38.0583658536585	Yemen, Rep.	Middle East & North Africa
4	#00C094	1962	38.3271707317073	Yemen, Rep.	Middle East & North Africa
4	#00C094	1963	38.5944634146341	Yemen, Rep.	Middle East & North Africa
4	#00C094	1964	38.860756097561	Yemen, Rep.	Middle East & North Africa
4	#00C094	1965	39.1160487804878	Yemen, Rep.	Middle East & North Africa
4	#00C094	1966	39.3488292682927	Yemen, Rep.	Middle East & North Africa
4	#00C094	1967	39.5601219512195	Yemen, Rep.	Middle East & North Africa
4	#00C094	1968	39.7649024390244	Yemen, Rep.	Middle East & North Africa
4	#00C094	1969	39.9831951219512	Yemen, Rep.	Middle East & North Africa
4	#00C094	1970	40.2549756097561	Yemen, Rep.	Middle East & North Africa
4	#00C094	1971	40.6207317073171	Yemen, Rep.	Middle East & North Africa
4	#00C094	1972	41.1089756097561	Yemen, Rep.	Middle East & North Africa
4	#00C094	1973	41.7361951219512	Yemen, Rep.	Middle East & North Africa
4	#00C094	1974	42.5039024390244	Yemen, Rep.	Middle East & North Africa
4	#00C094	1975	43.4045853658537	Yemen, Rep.	Middle East & North Africa
6	#A58AFF	1960	31.1320975609756	Afghanistan	South Asia
6	#A58AFF	1961	31.4752926829268	Afghanistan	South Asia
6	#A58AFF	1962	31.8320243902439	Afghanistan	South Asia
6	#A58AFF	1963	32.2042682926829	Afghanistan	South Asia
6	#A58AFF	1964	32.5910487804878	Afghanistan	South Asia
6	#A58AFF	1965	32.9898780487805	Afghanistan	South Asia
6	#A58AFF	1966	33.3967317073171	Afghanistan	South Asia
6	#A58AFF	1967	33.8091463414634	Afghanistan	South Asia
6	#A58AFF	1968	34.2230731707317	Afghanistan	South Asia
6	#A58AFF	1969	34.637512195122	Afghanistan	South Asia
6	#A58AFF	1970	35.0559756097561	Afghanistan	South Asia
6	#A58AFF	1971	35.4814146341463	Afghanistan	South Asia
6	#A58AFF	1972	35.9168780487805	Afghanistan	South Asia
6	#A58AFF	1973	36.3613170731707	Afghanistan	South Asia
6	#A58AFF	1974	36.8107317073171	Afghanistan	South Asia
6	#A58AFF	1975	37.2571219512195	Afghanistan	South Asia
6	#A58AFF	1960	47.7585365853659	Bangladesh	South Asia
6	#A58AFF	1961	48.2351219512195	Bangladesh	South Asia
6	#A58AFF	1962	48.8019024390244	Bangladesh	South Asia
6	#A58AFF	1963	49.4155365853659	Bangladesh	South Asia
6	#A58AFF	1964	49.9818536585366	Bangladesh	South Asia
6	#A58AFF	1965	50.2293902439024	Bangladesh	South Asia
6	#A58AFF	1966	49.832243902439	Bangladesh	South Asia
6	#A58AFF	1967	48.6670487804878	Bangladesh	South Asia
6	#A58AFF	1968	46.7816097560976	Bangladesh	South Asia
6	#A58AFF	1969	44.3662926829268	Bangladesh	South Asia
6	#A58AFF	1970	41.8859512195122	Bangladesh	South Asia
6	#A58AFF	1971	39.9328780487805	Bangladesh	South Asia
6	#A58AFF	1972	38.9699024390244	Bangladesh	South Asia
6	#A58AFF	1973	39.2523658536585	Bangladesh	South Asia
6	#A58AFF	1974	40.787756097561	Bangladesh	South Asia
6	#A58AFF	1975	43.3347804878049	Bangladesh	South Asia
6	#A58AFF	1960	37.0762682926829	Bhutan	South Asia
6	#A58AFF	1961	37.314487804878	Bhutan	South Asia
6	#A58AFF	1962	37.5782195121951	Bhutan	South Asia
6	#A58AFF	1963	37.8669512195122	Bhutan	South Asia
6	#A58AFF	1964	38.1816829268293	Bhutan	South Asia
6	#A58AFF	1965	38.5209268292683	Bhutan	South Asia
6	#A58AFF	1966	38.8856585365854	Bhutan	South Asia
6	#A58AFF	1967	39.2753658536585	Bhutan	South Asia
6	#A58AFF	1968	39.6885609756098	Bhutan	South Asia
6	#A58AFF	1969	40.1257317073171	Bhutan	South Asia
6	#A58AFF	1970	40.5863658536585	Bhutan	South Asia
6	#A58AFF	1971	41.072	Bhutan	South Asia
6	#A58AFF	1972	41.5821219512195	Bhutan	South Asia
6	#A58AFF	1973	42.115756097561	Bhutan	South Asia
6	#A58AFF	1974	42.6708780487805	Bhutan	South Asia
6	#A58AFF	1975	43.2459756097561	Bhutan	South Asia
6	#A58AFF	1960	42.4455853658537	India	South Asia
6	#A58AFF	1961	43.0957073170732	India	South Asia
6	#A58AFF	1962	43.757756097561	India	South Asia
6	#A58AFF	1963	44.428756097561	India	South Asia
6	#A58AFF	1964	45.1082195121951	India	South Asia
6	#A58AFF	1965	45.7901707317073	India	South Asia
6	#A58AFF	1966	46.4716341463415	India	South Asia
6	#A58AFF	1967	47.1486097560976	India	South Asia
6	#A58AFF	1968	47.8195365853659	India	South Asia
6	#A58AFF	1969	48.4839268292683	India	South Asia
6	#A58AFF	1970	49.1476341463415	India	South Asia
6	#A58AFF	1971	49.8200975609756	India	South Asia
6	#A58AFF	1972	50.5047317073171	India	South Asia
6	#A58AFF	1973	51.1985609756098	India	South Asia
6	#A58AFF	1974	51.8961463414634	India	South Asia
6	#A58AFF	1975	52.5806097560976	India	South Asia
6	#A58AFF	1960	57.8603414634146	Sri Lanka	South Asia
6	#A58AFF	1961	58.2009756097561	Sri Lanka	South Asia
6	#A58AFF	1962	58.5498292682927	Sri Lanka	South Asia
6	#A58AFF	1963	58.9289268292683	Sri Lanka	South Asia
6	#A58AFF	1964	59.350243902439	Sri Lanka	South Asia
6	#A58AFF	1965	59.8230975609756	Sri Lanka	South Asia
6	#A58AFF	1966	60.3497804878049	Sri Lanka	South Asia
6	#A58AFF	1967	60.9135365853659	Sri Lanka	South Asia
6	#A58AFF	1968	61.5010975609756	Sri Lanka	South Asia
6	#A58AFF	1969	62.1028536585366	Sri Lanka	South Asia
6	#A58AFF	1970	62.7087804878049	Sri Lanka	South Asia
6	#A58AFF	1971	63.3099512195122	Sri Lanka	South Asia
6	#A58AFF	1972	63.898487804878	Sri Lanka	South Asia
6	#A58AFF	1973	64.4704146341464	Sri Lanka	South Asia
6	#A58AFF	1974	65.0226829268293	Sri Lanka	South Asia
6	#A58AFF	1975	65.5611463414634	Sri Lanka	South Asia
6	#A58AFF	1960	37.4779512195122	Maldives	South Asia
6	#A58AFF	1961	37.9720731707317	Maldives	South Asia
6	#A58AFF	1962	38.5128780487805	Maldives	South Asia
6	#A58AFF	1963	39.109243902439	Maldives	South Asia
6	#A58AFF	1964	39.7611463414634	Maldives	South Asia
6	#A58AFF	1965	40.462	Maldives	South Asia
6	#A58AFF	1966	41.1993414634146	Maldives	South Asia
6	#A58AFF	1967	41.9546585365854	Maldives	South Asia
6	#A58AFF	1968	42.712512195122	Maldives	South Asia
6	#A58AFF	1969	43.4659024390244	Maldives	South Asia
6	#A58AFF	1970	44.2064146341463	Maldives	South Asia
6	#A58AFF	1971	44.9276097560976	Maldives	South Asia
6	#A58AFF	1972	45.6390243902439	Maldives	South Asia
6	#A58AFF	1973	46.3516585365854	Maldives	South Asia
6	#A58AFF	1974	47.0744390243903	Maldives	South Asia
6	#A58AFF	1975	47.8337804878049	Maldives	South Asia
6	#A58AFF	1960	38.4940487804878	Nepal	South Asia
6	#A58AFF	1961	38.8414634146341	Nepal	South Asia
6	#A58AFF	1962	39.2014146341463	Nepal	South Asia
6	#A58AFF	1963	39.5749268292683	Nepal	South Asia
6	#A58AFF	1964	39.9640487804878	Nepal	South Asia
6	#A58AFF	1965	40.3703902439024	Nepal	South Asia
6	#A58AFF	1966	40.7950731707317	Nepal	South Asia
6	#A58AFF	1967	41.2376097560976	Nepal	South Asia
6	#A58AFF	1968	41.697512195122	Nepal	South Asia
6	#A58AFF	1969	42.1737317073171	Nepal	South Asia
6	#A58AFF	1970	42.6666341463415	Nepal	South Asia
6	#A58AFF	1971	43.1750975609756	Nepal	South Asia
6	#A58AFF	1972	43.6979512195122	Nepal	South Asia
6	#A58AFF	1973	44.2330975609756	Nepal	South Asia
6	#A58AFF	1974	44.778487804878	Nepal	South Asia
6	#A58AFF	1975	45.3301219512195	Nepal	South Asia
6	#A58AFF	1960	46.642756097561	Pakistan	South Asia
6	#A58AFF	1961	47.3273658536585	Pakistan	South Asia
6	#A58AFF	1962	48.004	Pakistan	South Asia
6	#A58AFF	1963	48.6746585365854	Pakistan	South Asia
6	#A58AFF	1964	49.3373658536585	Pakistan	South Asia
6	#A58AFF	1965	49.9961219512195	Pakistan	South Asia
6	#A58AFF	1966	50.6504634146342	Pakistan	South Asia
6	#A58AFF	1967	51.3013658536585	Pakistan	South Asia
6	#A58AFF	1968	51.9462926829268	Pakistan	South Asia
6	#A58AFF	1969	52.5806829268293	Pakistan	South Asia
6	#A58AFF	1970	53.2014634146341	Pakistan	South Asia
6	#A58AFF	1971	53.8020487804878	Pakistan	South Asia
6	#A58AFF	1972	54.3793658536585	Pakistan	South Asia
6	#A58AFF	1973	54.9284146341464	Pakistan	South Asia
6	#A58AFF	1974	55.4466829268293	Pakistan	South Asia
6	#A58AFF	1975	55.9317073170732	Pakistan	South Asia
2	#C49A00	1960	62.2543658536585	Albania	Europe & Central Asia
2	#C49A00	1961	63.2734634146342	Albania	Europe & Central Asia
2	#C49A00	1962	64.1623414634146	Albania	Europe & Central Asia
2	#C49A00	1963	64.8870975609756	Albania	Europe & Central Asia
2	#C49A00	1964	65.4376829268293	Albania	Europe & Central Asia
2	#C49A00	1965	65.8294390243903	Albania	Europe & Central Asia
2	#C49A00	1966	66.1000731707317	Albania	Europe & Central Asia
2	#C49A00	1967	66.3118048780488	Albania	Europe & Central Asia
2	#C49A00	1968	66.5164390243903	Albania	Europe & Central Asia
2	#C49A00	1969	66.7384634146342	Albania	Europe & Central Asia
2	#C49A00	1970	66.9894390243903	Albania	Europe & Central Asia
2	#C49A00	1971	67.265512195122	Albania	Europe & Central Asia
2	#C49A00	1972	67.5444634146342	Albania	Europe & Central Asia
2	#C49A00	1973	67.813512195122	Albania	Europe & Central Asia
2	#C49A00	1974	68.0722682926829	Albania	Europe & Central Asia
2	#C49A00	1975	68.3258292682927	Albania	Europe & Central Asia
2	#C49A00	1960	65.8539512195122	Armenia	Europe & Central Asia
2	#C49A00	1961	66.2754634146342	Armenia	Europe & Central Asia
2	#C49A00	1962	66.701487804878	Armenia	Europe & Central Asia
2	#C49A00	1963	67.1300243902439	Armenia	Europe & Central Asia
2	#C49A00	1964	67.5580975609756	Armenia	Europe & Central Asia
2	#C49A00	1965	67.9847317073171	Armenia	Europe & Central Asia
2	#C49A00	1966	68.4093902439025	Armenia	Europe & Central Asia
2	#C49A00	1967	68.8266341463415	Armenia	Europe & Central Asia
2	#C49A00	1968	69.2264146341464	Armenia	Europe & Central Asia
2	#C49A00	1969	69.5987073170732	Armenia	Europe & Central Asia
2	#C49A00	1970	69.9244390243903	Armenia	Europe & Central Asia
2	#C49A00	1971	70.1830487804878	Armenia	Europe & Central Asia
2	#C49A00	1972	70.367512195122	Armenia	Europe & Central Asia
2	#C49A00	1973	70.4793170731707	Armenia	Europe & Central Asia
2	#C49A00	1974	70.5239756097561	Armenia	Europe & Central Asia
2	#C49A00	1975	70.527512195122	Armenia	Europe & Central Asia
2	#C49A00	1960	68.5856097560976	Austria	Europe & Central Asia
2	#C49A00	1961	69.5773170731707	Austria	Europe & Central Asia
2	#C49A00	1962	69.309512195122	Austria	Europe & Central Asia
2	#C49A00	1963	69.4436585365854	Austria	Europe & Central Asia
2	#C49A00	1964	69.9219512195122	Austria	Europe & Central Asia
2	#C49A00	1965	69.7221951219512	Austria	Europe & Central Asia
2	#C49A00	1966	70.0458536585366	Austria	Europe & Central Asia
2	#C49A00	1967	69.9178048780488	Austria	Europe & Central Asia
2	#C49A00	1968	70.0575609756098	Austria	Europe & Central Asia
2	#C49A00	1969	69.8331707317073	Austria	Europe & Central Asia
2	#C49A00	1970	69.8907317073171	Austria	Europe & Central Asia
2	#C49A00	1971	70.0692682926829	Austria	Europe & Central Asia
2	#C49A00	1972	70.4136585365854	Austria	Europe & Central Asia
2	#C49A00	1973	70.9792682926829	Austria	Europe & Central Asia
2	#C49A00	1974	70.9624390243903	Austria	Europe & Central Asia
2	#C49A00	1975	71.0841463414634	Austria	Europe & Central Asia
2	#C49A00	1960	60.836243902439	Azerbaijan	Europe & Central Asia
2	#C49A00	1961	61.2391707317073	Azerbaijan	Europe & Central Asia
2	#C49A00	1962	61.6445853658537	Azerbaijan	Europe & Central Asia
2	#C49A00	1963	62.052	Azerbaijan	Europe & Central Asia
2	#C49A00	1964	62.4574146341463	Azerbaijan	Europe & Central Asia
2	#C49A00	1965	62.8618292682927	Azerbaijan	Europe & Central Asia
2	#C49A00	1966	63.2672682926829	Azerbaijan	Europe & Central Asia
2	#C49A00	1967	63.6687317073171	Azerbaijan	Europe & Central Asia
2	#C49A00	1968	64.0567073170732	Azerbaijan	Europe & Central Asia
2	#C49A00	1969	64.4186829268293	Azerbaijan	Europe & Central Asia
2	#C49A00	1970	64.7346097560976	Azerbaijan	Europe & Central Asia
2	#C49A00	1971	64.9814390243903	Azerbaijan	Europe & Central Asia
2	#C49A00	1972	65.1481219512195	Azerbaijan	Europe & Central Asia
2	#C49A00	1973	65.2341707317073	Azerbaijan	Europe & Central Asia
2	#C49A00	1974	65.2435853658537	Azerbaijan	Europe & Central Asia
2	#C49A00	1975	65.1874390243903	Azerbaijan	Europe & Central Asia
2	#C49A00	1960	60.2073658536586	Bosnia and Herzegovina	Europe & Central Asia
2	#C49A00	1961	60.8818536585366	Bosnia and Herzegovina	Europe & Central Asia
2	#C49A00	1962	61.5188292682927	Bosnia and Herzegovina	Europe & Central Asia
2	#C49A00	1963	62.1247804878049	Bosnia and Herzegovina	Europe & Central Asia
2	#C49A00	1964	62.705756097561	Bosnia and Herzegovina	Europe & Central Asia
2	#C49A00	1965	63.2692926829268	Bosnia and Herzegovina	Europe & Central Asia
2	#C49A00	1966	63.8224634146342	Bosnia and Herzegovina	Europe & Central Asia
2	#C49A00	1967	64.3673414634146	Bosnia and Herzegovina	Europe & Central Asia
2	#C49A00	1968	64.9074146341463	Bosnia and Herzegovina	Europe & Central Asia
2	#C49A00	1969	65.4456829268293	Bosnia and Herzegovina	Europe & Central Asia
2	#C49A00	1970	65.9866097560976	Bosnia and Herzegovina	Europe & Central Asia
2	#C49A00	1971	66.5321219512195	Bosnia and Herzegovina	Europe & Central Asia
2	#C49A00	1972	67.0786585365854	Bosnia and Herzegovina	Europe & Central Asia
2	#C49A00	1973	67.6176341463415	Bosnia and Herzegovina	Europe & Central Asia
2	#C49A00	1974	68.1404634146342	Bosnia and Herzegovina	Europe & Central Asia
2	#C49A00	1975	68.6315853658537	Bosnia and Herzegovina	Europe & Central Asia
2	#C49A00	1960	69.7019512195122	Belgium	Europe & Central Asia
2	#C49A00	1961	70.5209756097561	Belgium	Europe & Central Asia
2	#C49A00	1962	70.219512195122	Belgium	Europe & Central Asia
2	#C49A00	1963	70.0514634146342	Belgium	Europe & Central Asia
2	#C49A00	1964	70.7551219512195	Belgium	Europe & Central Asia
2	#C49A00	1965	70.6253658536586	Belgium	Europe & Central Asia
2	#C49A00	1966	70.7063414634146	Belgium	Europe & Central Asia
2	#C49A00	1967	71.0129268292683	Belgium	Europe & Central Asia
2	#C49A00	1968	70.6931707317073	Belgium	Europe & Central Asia
2	#C49A00	1969	70.7648780487805	Belgium	Europe & Central Asia
2	#C49A00	1970	70.9719512195122	Belgium	Europe & Central Asia
2	#C49A00	1971	71.0604878048781	Belgium	Europe & Central Asia
2	#C49A00	1972	71.4051219512195	Belgium	Europe & Central Asia
2	#C49A00	1973	71.6353658536586	Belgium	Europe & Central Asia
2	#C49A00	1974	71.9858536585366	Belgium	Europe & Central Asia
2	#C49A00	1975	71.9712195121951	Belgium	Europe & Central Asia
2	#C49A00	1960	69.2475609756098	Bulgaria	Europe & Central Asia
2	#C49A00	1961	70.1956097560976	Bulgaria	Europe & Central Asia
2	#C49A00	1962	69.4919512195122	Bulgaria	Europe & Central Asia
2	#C49A00	1963	70.3092682926829	Bulgaria	Europe & Central Asia
2	#C49A00	1964	71.1212195121951	Bulgaria	Europe & Central Asia
2	#C49A00	1965	71.2939024390244	Bulgaria	Europe & Central Asia
2	#C49A00	1966	71.2234146341464	Bulgaria	Europe & Central Asia
2	#C49A00	1967	70.4139024390244	Bulgaria	Europe & Central Asia
2	#C49A00	1968	71.2251219512195	Bulgaria	Europe & Central Asia
2	#C49A00	1969	70.43	Bulgaria	Europe & Central Asia
2	#C49A00	1970	71.2563414634146	Bulgaria	Europe & Central Asia
2	#C49A00	1971	70.8736585365854	Bulgaria	Europe & Central Asia
2	#C49A00	1972	70.899512195122	Bulgaria	Europe & Central Asia
2	#C49A00	1973	71.3421951219512	Bulgaria	Europe & Central Asia
2	#C49A00	1974	71.2080487804878	Bulgaria	Europe & Central Asia
2	#C49A00	1975	71.049756097561	Bulgaria	Europe & Central Asia
2	#C49A00	1960	68.2738780487805	Belarus	Europe & Central Asia
2	#C49A00	1961	68.5559268292683	Belarus	Europe & Central Asia
2	#C49A00	1962	68.8120487804878	Belarus	Europe & Central Asia
2	#C49A00	1963	69.0442195121951	Belarus	Europe & Central Asia
2	#C49A00	1964	69.2564390243903	Belarus	Europe & Central Asia
2	#C49A00	1965	69.4581951219512	Belarus	Europe & Central Asia
2	#C49A00	1966	69.6619756097561	Belarus	Europe & Central Asia
2	#C49A00	1967	69.873756097561	Belarus	Europe & Central Asia
2	#C49A00	1968	70.0934634146341	Belarus	Europe & Central Asia
2	#C49A00	1969	70.3150487804878	Belarus	Europe & Central Asia
2	#C49A00	1970	70.5228780487805	Belarus	Europe & Central Asia
2	#C49A00	1971	70.6958048780488	Belarus	Europe & Central Asia
2	#C49A00	1972	70.8183170731707	Belarus	Europe & Central Asia
2	#C49A00	1973	70.8809268292683	Belarus	Europe & Central Asia
2	#C49A00	1974	70.8837317073171	Belarus	Europe & Central Asia
2	#C49A00	1975	70.8328780487805	Belarus	Europe & Central Asia
2	#C49A00	1960	71.3134146341463	Switzerland	Europe & Central Asia
2	#C49A00	1961	71.6448780487805	Switzerland	Europe & Central Asia
2	#C49A00	1962	71.1960975609756	Switzerland	Europe & Central Asia
2	#C49A00	1963	71.1875609756098	Switzerland	Europe & Central Asia
2	#C49A00	1964	72.0778048780488	Switzerland	Europe & Central Asia
2	#C49A00	1965	72.2017073170732	Switzerland	Europe & Central Asia
2	#C49A00	1966	72.3356097560976	Switzerland	Europe & Central Asia
2	#C49A00	1967	72.6365853658537	Switzerland	Europe & Central Asia
2	#C49A00	1968	72.590243902439	Switzerland	Europe & Central Asia
2	#C49A00	1969	72.6126829268293	Switzerland	Europe & Central Asia
2	#C49A00	1970	73.020243902439	Switzerland	Europe & Central Asia
2	#C49A00	1971	73.1307317073171	Switzerland	Europe & Central Asia
2	#C49A00	1972	73.6443902439025	Switzerland	Europe & Central Asia
2	#C49A00	1973	73.9409756097561	Switzerland	Europe & Central Asia
2	#C49A00	1974	74.2870731707317	Switzerland	Europe & Central Asia
2	#C49A00	1975	74.6656097560976	Switzerland	Europe & Central Asia
2	#C49A00	1960	69.5906097560976	Cyprus	Europe & Central Asia
2	#C49A00	1961	69.9255365853659	Cyprus	Europe & Central Asia
2	#C49A00	1962	70.2499756097561	Cyprus	Europe & Central Asia
2	#C49A00	1963	70.5644390243903	Cyprus	Europe & Central Asia
2	#C49A00	1964	70.8693902439024	Cyprus	Europe & Central Asia
2	#C49A00	1965	71.1653414634146	Cyprus	Europe & Central Asia
2	#C49A00	1966	71.4527804878049	Cyprus	Europe & Central Asia
2	#C49A00	1967	71.732243902439	Cyprus	Europe & Central Asia
2	#C49A00	1968	72.0042195121951	Cyprus	Europe & Central Asia
2	#C49A00	1969	72.2686829268293	Cyprus	Europe & Central Asia
2	#C49A00	1970	72.5266585365854	Cyprus	Europe & Central Asia
2	#C49A00	1971	72.7776341463415	Cyprus	Europe & Central Asia
2	#C49A00	1972	73.0211219512195	Cyprus	Europe & Central Asia
2	#C49A00	1973	73.2575853658537	Cyprus	Europe & Central Asia
2	#C49A00	1974	73.4875609756098	Cyprus	Europe & Central Asia
2	#C49A00	1975	73.7115365853659	Cyprus	Europe & Central Asia
2	#C49A00	1960	70.3487804878049	Czech Republic	Europe & Central Asia
2	#C49A00	1961	70.5126829268293	Czech Republic	Europe & Central Asia
2	#C49A00	1962	69.7868292682927	Czech Republic	Europe & Central Asia
2	#C49A00	1963	70.3043902439025	Czech Republic	Europe & Central Asia
2	#C49A00	1964	70.459512195122	Czech Republic	Europe & Central Asia
2	#C49A00	1965	70.1631707317073	Czech Republic	Europe & Central Asia
2	#C49A00	1966	70.3848780487805	Czech Republic	Europe & Central Asia
2	#C49A00	1967	70.2641463414634	Czech Republic	Europe & Central Asia
2	#C49A00	1968	69.8407317073171	Czech Republic	Europe & Central Asia
2	#C49A00	1969	69.3670731707317	Czech Republic	Europe & Central Asia
2	#C49A00	1970	69.440243902439	Czech Republic	Europe & Central Asia
2	#C49A00	1971	69.6770731707317	Czech Republic	Europe & Central Asia
2	#C49A00	1972	70.1765853658537	Czech Republic	Europe & Central Asia
2	#C49A00	1973	70.0226829268293	Czech Republic	Europe & Central Asia
2	#C49A00	1974	70.0865853658537	Czech Republic	Europe & Central Asia
2	#C49A00	1975	70.4146341463415	Czech Republic	Europe & Central Asia
2	#C49A00	1960	69.6202926829268	Germany	Europe & Central Asia
2	#C49A00	1961	69.8263902439025	Germany	Europe & Central Asia
2	#C49A00	1962	70.0100975609756	Germany	Europe & Central Asia
2	#C49A00	1963	70.1719512195122	Germany	Europe & Central Asia
2	#C49A00	1964	70.3119512195122	Germany	Europe & Central Asia
2	#C49A00	1965	70.4261463414634	Germany	Europe & Central Asia
2	#C49A00	1966	70.5085609756098	Germany	Europe & Central Asia
2	#C49A00	1967	70.5621463414634	Germany	Europe & Central Asia
2	#C49A00	1968	70.5928780487805	Germany	Europe & Central Asia
2	#C49A00	1969	70.6126585365854	Germany	Europe & Central Asia
2	#C49A00	1970	70.6409024390244	Germany	Europe & Central Asia
2	#C49A00	1971	70.6964634146342	Germany	Europe & Central Asia
2	#C49A00	1972	70.7942682926829	Germany	Europe & Central Asia
2	#C49A00	1973	70.9418048780488	Germany	Europe & Central Asia
2	#C49A00	1974	71.1411219512195	Germany	Europe & Central Asia
2	#C49A00	1975	71.3867804878049	Germany	Europe & Central Asia
2	#C49A00	1960	72.1765853658537	Denmark	Europe & Central Asia
2	#C49A00	1961	72.4382926829268	Denmark	Europe & Central Asia
2	#C49A00	1962	72.319756097561	Denmark	Europe & Central Asia
2	#C49A00	1963	72.4004878048781	Denmark	Europe & Central Asia
2	#C49A00	1964	72.4851219512195	Denmark	Europe & Central Asia
2	#C49A00	1965	72.3707317073171	Denmark	Europe & Central Asia
2	#C49A00	1966	72.4441463414634	Denmark	Europe & Central Asia
2	#C49A00	1967	72.9221951219512	Denmark	Europe & Central Asia
2	#C49A00	1968	73.1214634146342	Denmark	Europe & Central Asia
2	#C49A00	1969	73.2209756097561	Denmark	Europe & Central Asia
2	#C49A00	1970	73.3434146341463	Denmark	Europe & Central Asia
2	#C49A00	1971	73.4146341463415	Denmark	Europe & Central Asia
2	#C49A00	1972	73.4390243902439	Denmark	Europe & Central Asia
2	#C49A00	1973	73.6821951219512	Denmark	Europe & Central Asia
2	#C49A00	1974	73.8082926829268	Denmark	Europe & Central Asia
2	#C49A00	1975	74.0751219512195	Denmark	Europe & Central Asia
2	#C49A00	1960	68.5777317073171	Estonia	Europe & Central Asia
2	#C49A00	1961	68.8391951219512	Estonia	Europe & Central Asia
2	#C49A00	1962	69.0655365853658	Estonia	Europe & Central Asia
2	#C49A00	1963	69.2643658536585	Estonia	Europe & Central Asia
2	#C49A00	1964	69.4392195121951	Estonia	Europe & Central Asia
2	#C49A00	1965	69.5965121951219	Estonia	Europe & Central Asia
2	#C49A00	1966	69.7390975609756	Estonia	Europe & Central Asia
2	#C49A00	1967	69.8632682926829	Estonia	Europe & Central Asia
2	#C49A00	1968	69.9672926829268	Estonia	Europe & Central Asia
2	#C49A00	1969	70.0480975609756	Estonia	Europe & Central Asia
2	#C49A00	1970	70.0985609756098	Estonia	Europe & Central Asia
2	#C49A00	1971	70.1076341463415	Estonia	Europe & Central Asia
2	#C49A00	1972	70.0723902439024	Estonia	Europe & Central Asia
2	#C49A00	1973	69.9939268292683	Estonia	Europe & Central Asia
2	#C49A00	1974	69.8793170731707	Estonia	Europe & Central Asia
2	#C49A00	1975	69.7346341463415	Estonia	Europe & Central Asia
2	#C49A00	1960	69.1092682926829	Spain	Europe & Central Asia
2	#C49A00	1961	69.4804878048781	Spain	Europe & Central Asia
2	#C49A00	1962	69.5190243902439	Spain	Europe & Central Asia
2	#C49A00	1963	69.6812195121951	Spain	Europe & Central Asia
2	#C49A00	1964	70.399756097561	Spain	Europe & Central Asia
2	#C49A00	1965	70.8092682926829	Spain	Europe & Central Asia
2	#C49A00	1966	71.0551219512195	Spain	Europe & Central Asia
2	#C49A00	1967	71.2529268292683	Spain	Europe & Central Asia
2	#C49A00	1968	71.5378048780488	Spain	Europe & Central Asia
2	#C49A00	1969	71.0575609756098	Spain	Europe & Central Asia
2	#C49A00	1970	72.0273170731707	Spain	Europe & Central Asia
2	#C49A00	1971	71.630243902439	Spain	Europe & Central Asia
2	#C49A00	1972	72.8180487804878	Spain	Europe & Central Asia
2	#C49A00	1973	72.6107317073171	Spain	Europe & Central Asia
2	#C49A00	1974	72.969756097561	Spain	Europe & Central Asia
2	#C49A00	1975	73.3187804878049	Spain	Europe & Central Asia
2	#C49A00	1960	68.819756097561	Finland	Europe & Central Asia
2	#C49A00	1961	68.8441463414634	Finland	Europe & Central Asia
2	#C49A00	1962	68.5778048780488	Finland	Europe & Central Asia
2	#C49A00	1963	69.0126829268293	Finland	Europe & Central Asia
2	#C49A00	1964	69.2209756097561	Finland	Europe & Central Asia
2	#C49A00	1965	68.9778048780488	Finland	Europe & Central Asia
2	#C49A00	1966	69.4770731707317	Finland	Europe & Central Asia
2	#C49A00	1967	69.6665853658537	Finland	Europe & Central Asia
2	#C49A00	1968	69.6163414634146	Finland	Europe & Central Asia
2	#C49A00	1969	69.5034146341464	Finland	Europe & Central Asia
2	#C49A00	1970	70.179512195122	Finland	Europe & Central Asia
2	#C49A00	1971	70.0175609756098	Finland	Europe & Central Asia
2	#C49A00	1972	70.7073170731707	Finland	Europe & Central Asia
2	#C49A00	1973	71.2236585365854	Finland	Europe & Central Asia
2	#C49A00	1974	71.1348780487805	Finland	Europe & Central Asia
2	#C49A00	1975	71.6736585365854	Finland	Europe & Central Asia
2	#C49A00	1960	69.8682926829268	France	Europe & Central Asia
2	#C49A00	1961	70.1170731707317	France	Europe & Central Asia
2	#C49A00	1962	70.3146341463415	France	Europe & Central Asia
2	#C49A00	1963	70.5146341463415	France	Europe & Central Asia
2	#C49A00	1964	70.6634146341463	France	Europe & Central Asia
2	#C49A00	1965	70.8121951219512	France	Europe & Central Asia
2	#C49A00	1966	70.9609756097561	France	Europe & Central Asia
2	#C49A00	1967	71.1609756097561	France	Europe & Central Asia
2	#C49A00	1968	71.309756097561	France	Europe & Central Asia
2	#C49A00	1969	71.4585365853659	France	Europe & Central Asia
2	#C49A00	1970	71.6585365853659	France	Europe & Central Asia
2	#C49A00	1971	71.9073170731707	France	Europe & Central Asia
2	#C49A00	1972	72.1073170731707	France	Europe & Central Asia
2	#C49A00	1973	72.3560975609756	France	Europe & Central Asia
2	#C49A00	1974	72.6048780487805	France	Europe & Central Asia
2	#C49A00	1975	72.8536585365854	France	Europe & Central Asia
2	#C49A00	1960	71.1268292682927	United Kingdom	Europe & Central Asia
2	#C49A00	1961	70.8780487804878	United Kingdom	Europe & Central Asia
2	#C49A00	1962	70.9268292682927	United Kingdom	Europe & Central Asia
2	#C49A00	1963	70.8268292682927	United Kingdom	Europe & Central Asia
2	#C49A00	1964	71.6243902439024	United Kingdom	Europe & Central Asia
2	#C49A00	1965	71.6243902439024	United Kingdom	Europe & Central Asia
2	#C49A00	1966	71.5731707317073	United Kingdom	Europe & Central Asia
2	#C49A00	1967	72.1243902439024	United Kingdom	Europe & Central Asia
2	#C49A00	1968	71.7243902439025	United Kingdom	Europe & Central Asia
2	#C49A00	1969	71.7219512195122	United Kingdom	Europe & Central Asia
2	#C49A00	1970	71.9731707317073	United Kingdom	Europe & Central Asia
2	#C49A00	1971	72.2731707317073	United Kingdom	Europe & Central Asia
2	#C49A00	1972	72.1243902439024	United Kingdom	Europe & Central Asia
2	#C49A00	1973	72.3243902439024	United Kingdom	Europe & Central Asia
2	#C49A00	1974	72.5243902439024	United Kingdom	Europe & Central Asia
2	#C49A00	1975	72.7243902439024	United Kingdom	Europe & Central Asia
2	#C49A00	1960	63.4277073170732	Georgia	Europe & Central Asia
2	#C49A00	1961	63.8277073170732	Georgia	Europe & Central Asia
2	#C49A00	1962	64.2297073170732	Georgia	Europe & Central Asia
2	#C49A00	1963	64.6337073170732	Georgia	Europe & Central Asia
2	#C49A00	1964	65.0357073170732	Georgia	Europe & Central Asia
2	#C49A00	1965	65.4297073170732	Georgia	Europe & Central Asia
2	#C49A00	1966	65.8107073170732	Georgia	Europe & Central Asia
2	#C49A00	1967	66.1737073170732	Georgia	Europe & Central Asia
2	#C49A00	1968	66.5167073170732	Georgia	Europe & Central Asia
2	#C49A00	1969	66.8397073170732	Georgia	Europe & Central Asia
2	#C49A00	1970	67.1497073170732	Georgia	Europe & Central Asia
2	#C49A00	1971	67.4566829268293	Georgia	Europe & Central Asia
2	#C49A00	1972	67.7671707317073	Georgia	Europe & Central Asia
2	#C49A00	1973	68.0801463414634	Georgia	Europe & Central Asia
2	#C49A00	1974	68.3911219512195	Georgia	Europe & Central Asia
2	#C49A00	1975	68.6816097560976	Georgia	Europe & Central Asia
2	#C49A00	1960	68.7255609756098	Greece	Europe & Central Asia
2	#C49A00	1961	69.050756097561	Greece	Europe & Central Asia
2	#C49A00	1962	69.3679024390244	Greece	Europe & Central Asia
2	#C49A00	1963	69.6779756097561	Greece	Europe & Central Asia
2	#C49A00	1964	69.9830243902439	Greece	Europe & Central Asia
2	#C49A00	1965	70.2825609756098	Greece	Europe & Central Asia
2	#C49A00	1966	70.5771463414634	Greece	Europe & Central Asia
2	#C49A00	1967	70.8652926829268	Greece	Europe & Central Asia
2	#C49A00	1968	71.146512195122	Greece	Europe & Central Asia
2	#C49A00	1969	71.422756097561	Greece	Europe & Central Asia
2	#C49A00	1970	71.694	Greece	Europe & Central Asia
2	#C49A00	1971	71.9611463414634	Greece	Europe & Central Asia
2	#C49A00	1972	72.2271463414634	Greece	Europe & Central Asia
2	#C49A00	1973	72.4914634146341	Greece	Europe & Central Asia
2	#C49A00	1974	72.7565609756098	Greece	Europe & Central Asia
2	#C49A00	1975	73.0244634146342	Greece	Europe & Central Asia
2	#C49A00	1960	65.9691219512195	Croatia	Europe & Central Asia
2	#C49A00	1961	66.4139512195122	Croatia	Europe & Central Asia
2	#C49A00	1962	66.8070487804878	Croatia	Europe & Central Asia
2	#C49A00	1963	67.1524146341463	Croatia	Europe & Central Asia
2	#C49A00	1964	67.4566097560976	Croatia	Europe & Central Asia
2	#C49A00	1965	67.7277073170732	Croatia	Europe & Central Asia
2	#C49A00	1966	67.9763170731707	Croatia	Europe & Central Asia
2	#C49A00	1967	68.21	Croatia	Europe & Central Asia
2	#C49A00	1968	68.4373658536585	Croatia	Europe & Central Asia
2	#C49A00	1969	68.6644634146342	Croatia	Europe & Central Asia
2	#C49A00	1970	68.8978536585366	Croatia	Europe & Central Asia
2	#C49A00	1971	69.1415853658537	Croatia	Europe & Central Asia
2	#C49A00	1972	69.3906341463415	Croatia	Europe & Central Asia
2	#C49A00	1973	69.6368780487805	Croatia	Europe & Central Asia
2	#C49A00	1974	69.8752195121951	Croatia	Europe & Central Asia
2	#C49A00	1975	70.0019512195122	Croatia	Europe & Central Asia
2	#C49A00	1960	68.0031707317073	Hungary	Europe & Central Asia
2	#C49A00	1961	68.9360975609756	Hungary	Europe & Central Asia
2	#C49A00	1962	67.8658536585366	Hungary	Europe & Central Asia
2	#C49A00	1963	68.8741463414634	Hungary	Europe & Central Asia
2	#C49A00	1964	69.3809756097561	Hungary	Europe & Central Asia
2	#C49A00	1965	69.0712195121951	Hungary	Europe & Central Asia
2	#C49A00	1966	69.8224390243902	Hungary	Europe & Central Asia
2	#C49A00	1967	69.4070731707317	Hungary	Europe & Central Asia
2	#C49A00	1968	69.230243902439	Hungary	Europe & Central Asia
2	#C49A00	1969	69.3146341463415	Hungary	Europe & Central Asia
2	#C49A00	1970	69.1646341463415	Hungary	Europe & Central Asia
2	#C49A00	1971	69.0524390243903	Hungary	Europe & Central Asia
2	#C49A00	1972	69.6646341463415	Hungary	Europe & Central Asia
2	#C49A00	1973	69.5180487804878	Hungary	Europe & Central Asia
2	#C49A00	1974	69.2480487804878	Hungary	Europe & Central Asia
2	#C49A00	1975	69.29	Hungary	Europe & Central Asia
2	#C49A00	1960	69.691756097561	Ireland	Europe & Central Asia
2	#C49A00	1961	69.9041219512195	Ireland	Europe & Central Asia
2	#C49A00	1962	70.0879756097561	Ireland	Europe & Central Asia
2	#C49A00	1963	70.2498048780488	Ireland	Europe & Central Asia
2	#C49A00	1964	70.3945853658537	Ireland	Europe & Central Asia
2	#C49A00	1965	70.5252926829268	Ireland	Europe & Central Asia
2	#C49A00	1966	70.6414146341464	Ireland	Europe & Central Asia
2	#C49A00	1967	70.743512195122	Ireland	Europe & Central Asia
2	#C49A00	1968	70.8330731707317	Ireland	Europe & Central Asia
2	#C49A00	1969	70.9151219512195	Ireland	Europe & Central Asia
2	#C49A00	1970	70.9962195121951	Ireland	Europe & Central Asia
2	#C49A00	1971	71.0813658536585	Ireland	Europe & Central Asia
2	#C49A00	1972	71.1745853658537	Ireland	Europe & Central Asia
2	#C49A00	1973	71.2808780487805	Ireland	Europe & Central Asia
2	#C49A00	1974	71.4032926829268	Ireland	Europe & Central Asia
2	#C49A00	1975	71.5462926829268	Ireland	Europe & Central Asia
2	#C49A00	1960	73.4267073170732	Iceland	Europe & Central Asia
2	#C49A00	1961	73.5034146341464	Iceland	Europe & Central Asia
2	#C49A00	1962	73.7219512195122	Iceland	Europe & Central Asia
2	#C49A00	1963	73.0429268292683	Iceland	Europe & Central Asia
2	#C49A00	1964	73.5417073170732	Iceland	Europe & Central Asia
2	#C49A00	1965	73.8687804878049	Iceland	Europe & Central Asia
2	#C49A00	1966	73.3004878048781	Iceland	Europe & Central Asia
2	#C49A00	1967	73.7831707317073	Iceland	Europe & Central Asia
2	#C49A00	1968	74.0058536585366	Iceland	Europe & Central Asia
2	#C49A00	1969	73.7763414634147	Iceland	Europe & Central Asia
2	#C49A00	1970	73.9339024390244	Iceland	Europe & Central Asia
2	#C49A00	1971	73.5704878048781	Iceland	Europe & Central Asia
2	#C49A00	1972	74.4558536585366	Iceland	Europe & Central Asia
2	#C49A00	1973	74.4509756097561	Iceland	Europe & Central Asia
2	#C49A00	1974	74.5117073170732	Iceland	Europe & Central Asia
2	#C49A00	1975	75.5787804878049	Iceland	Europe & Central Asia
2	#C49A00	1960	69.1239024390244	Italy	Europe & Central Asia
2	#C49A00	1961	69.760243902439	Italy	Europe & Central Asia
2	#C49A00	1962	69.149756097561	Italy	Europe & Central Asia
2	#C49A00	1963	69.2480487804878	Italy	Europe & Central Asia
2	#C49A00	1964	70.3117073170732	Italy	Europe & Central Asia
2	#C49A00	1965	70.1717073170732	Italy	Europe & Central Asia
2	#C49A00	1966	70.9260975609756	Italy	Europe & Central Asia
2	#C49A00	1967	70.9565853658537	Italy	Europe & Central Asia
2	#C49A00	1968	70.78	Italy	Europe & Central Asia
2	#C49A00	1969	70.8119512195122	Italy	Europe & Central Asia
2	#C49A00	1970	71.5587804878049	Italy	Europe & Central Asia
2	#C49A00	1971	71.8068292682927	Italy	Europe & Central Asia
2	#C49A00	1972	72.0753658536586	Italy	Europe & Central Asia
2	#C49A00	1973	72.0263414634146	Italy	Europe & Central Asia
2	#C49A00	1974	72.7343902439025	Italy	Europe & Central Asia
2	#C49A00	1975	72.6473170731708	Italy	Europe & Central Asia
2	#C49A00	1960	70.6397804878049	Channel Islands	Europe & Central Asia
2	#C49A00	1961	70.7344146341463	Channel Islands	Europe & Central Asia
2	#C49A00	1962	70.8300975609756	Channel Islands	Europe & Central Asia
2	#C49A00	1963	70.9333170731707	Channel Islands	Europe & Central Asia
2	#C49A00	1964	71.0475853658537	Channel Islands	Europe & Central Asia
2	#C49A00	1965	71.1719268292683	Channel Islands	Europe & Central Asia
2	#C49A00	1966	71.2993414634146	Channel Islands	Europe & Central Asia
2	#C49A00	1967	71.4218536585366	Channel Islands	Europe & Central Asia
2	#C49A00	1968	71.5359756097561	Channel Islands	Europe & Central Asia
2	#C49A00	1969	71.6407073170732	Channel Islands	Europe & Central Asia
2	#C49A00	1970	71.7390487804878	Channel Islands	Europe & Central Asia
2	#C49A00	1971	71.836	Channel Islands	Europe & Central Asia
2	#C49A00	1972	71.9380487804878	Channel Islands	Europe & Central Asia
2	#C49A00	1973	72.0501707317073	Channel Islands	Europe & Central Asia
2	#C49A00	1974	72.1773658536585	Channel Islands	Europe & Central Asia
2	#C49A00	1975	72.3246097560976	Channel Islands	Europe & Central Asia
2	#C49A00	1960	56.1123414634146	Kyrgyz Republic	Europe & Central Asia
2	#C49A00	1961	56.5483414634146	Kyrgyz Republic	Europe & Central Asia
2	#C49A00	1962	56.9863414634146	Kyrgyz Republic	Europe & Central Asia
2	#C49A00	1963	57.4263414634146	Kyrgyz Republic	Europe & Central Asia
2	#C49A00	1964	57.8653414634146	Kyrgyz Republic	Europe & Central Asia
2	#C49A00	1965	58.2973414634146	Kyrgyz Republic	Europe & Central Asia
2	#C49A00	1966	58.7193414634146	Kyrgyz Republic	Europe & Central Asia
2	#C49A00	1967	59.1263414634146	Kyrgyz Republic	Europe & Central Asia
2	#C49A00	1968	59.5143414634146	Kyrgyz Republic	Europe & Central Asia
2	#C49A00	1969	59.8813414634146	Kyrgyz Republic	Europe & Central Asia
2	#C49A00	1970	60.2213414634146	Kyrgyz Republic	Europe & Central Asia
2	#C49A00	1971	60.5303414634146	Kyrgyz Republic	Europe & Central Asia
2	#C49A00	1972	60.8103414634146	Kyrgyz Republic	Europe & Central Asia
2	#C49A00	1973	61.0663414634146	Kyrgyz Republic	Europe & Central Asia
2	#C49A00	1974	61.3053414634146	Kyrgyz Republic	Europe & Central Asia
2	#C49A00	1975	61.5363170731707	Kyrgyz Republic	Europe & Central Asia
2	#C49A00	1960	58.3035609756098	Kazakhstan	Europe & Central Asia
2	#C49A00	1961	58.7155609756098	Kazakhstan	Europe & Central Asia
2	#C49A00	1962	59.1315609756098	Kazakhstan	Europe & Central Asia
2	#C49A00	1963	59.5495609756098	Kazakhstan	Europe & Central Asia
2	#C49A00	1964	59.9655609756098	Kazakhstan	Europe & Central Asia
2	#C49A00	1965	60.3775609756098	Kazakhstan	Europe & Central Asia
2	#C49A00	1966	60.7795609756098	Kazakhstan	Europe & Central Asia
2	#C49A00	1967	61.1655609756098	Kazakhstan	Europe & Central Asia
2	#C49A00	1968	61.5335609756098	Kazakhstan	Europe & Central Asia
2	#C49A00	1969	61.8795609756098	Kazakhstan	Europe & Central Asia
2	#C49A00	1970	62.1975609756098	Kazakhstan	Europe & Central Asia
2	#C49A00	1971	62.4845609756098	Kazakhstan	Europe & Central Asia
2	#C49A00	1972	62.7415609756098	Kazakhstan	Europe & Central Asia
2	#C49A00	1973	62.9765609756098	Kazakhstan	Europe & Central Asia
2	#C49A00	1974	63.1935609756098	Kazakhstan	Europe & Central Asia
2	#C49A00	1975	63.4055365853659	Kazakhstan	Europe & Central Asia
2	#C49A00	1960	69.8473170731707	Lithuania	Europe & Central Asia
2	#C49A00	1961	70.1026829268293	Lithuania	Europe & Central Asia
2	#C49A00	1962	69.0953658536585	Lithuania	Europe & Central Asia
2	#C49A00	1963	70.2043902439024	Lithuania	Europe & Central Asia
2	#C49A00	1964	71.5090243902439	Lithuania	Europe & Central Asia
2	#C49A00	1965	71.3251219512195	Lithuania	Europe & Central Asia
2	#C49A00	1966	71.520243902439	Lithuania	Europe & Central Asia
2	#C49A00	1967	71.6039024390244	Lithuania	Europe & Central Asia
2	#C49A00	1968	71.3136585365854	Lithuania	Europe & Central Asia
2	#C49A00	1969	70.9285365853659	Lithuania	Europe & Central Asia
2	#C49A00	1970	70.8043902439024	Lithuania	Europe & Central Asia
2	#C49A00	1971	71.7353658536586	Lithuania	Europe & Central Asia
2	#C49A00	1972	71.0246341463415	Lithuania	Europe & Central Asia
2	#C49A00	1973	71.3321951219512	Lithuania	Europe & Central Asia
2	#C49A00	1974	71.2441463414634	Lithuania	Europe & Central Asia
2	#C49A00	1975	70.8673170731707	Lithuania	Europe & Central Asia
2	#C49A00	1960	68.3215609756098	Luxembourg	Europe & Central Asia
2	#C49A00	1962	68.8736585365854	Luxembourg	Europe & Central Asia
2	#C49A00	1964	69.2879756097561	Luxembourg	Europe & Central Asia
2	#C49A00	1965	69.4386341463415	Luxembourg	Europe & Central Asia
2	#C49A00	1966	69.5537073170732	Luxembourg	Europe & Central Asia
2	#C49A00	1967	69.6441463414634	Luxembourg	Europe & Central Asia
2	#C49A00	1968	69.7204390243902	Luxembourg	Europe & Central Asia
2	#C49A00	1969	69.7930731707317	Luxembourg	Europe & Central Asia
2	#C49A00	1970	69.8755609756098	Luxembourg	Europe & Central Asia
2	#C49A00	1971	69.9779024390244	Luxembourg	Europe & Central Asia
2	#C49A00	1972	70.1051463414634	Luxembourg	Europe & Central Asia
2	#C49A00	1973	70.2614146341463	Luxembourg	Europe & Central Asia
2	#C49A00	1974	70.4477804878049	Luxembourg	Europe & Central Asia
2	#C49A00	1975	70.6633902439025	Luxembourg	Europe & Central Asia
2	#C49A00	1960	69.7868292682927	Latvia	Europe & Central Asia
2	#C49A00	1961	70.0324390243903	Latvia	Europe & Central Asia
2	#C49A00	1962	69.430487804878	Latvia	Europe & Central Asia
2	#C49A00	1963	69.8290243902439	Latvia	Europe & Central Asia
2	#C49A00	1964	71.0280487804878	Latvia	Europe & Central Asia
2	#C49A00	1965	70.7265853658537	Latvia	Europe & Central Asia
2	#C49A00	1966	70.7073170731707	Latvia	Europe & Central Asia
2	#C49A00	1967	70.3939024390244	Latvia	Europe & Central Asia
2	#C49A00	1968	70.0429268292683	Latvia	Europe & Central Asia
2	#C49A00	1969	69.7968292682927	Latvia	Europe & Central Asia
2	#C49A00	1970	69.8353658536586	Latvia	Europe & Central Asia
2	#C49A00	1971	70.1646341463415	Latvia	Europe & Central Asia
2	#C49A00	1972	69.8787804878049	Latvia	Europe & Central Asia
2	#C49A00	1973	69.8134146341464	Latvia	Europe & Central Asia
2	#C49A00	1974	69.7409756097561	Latvia	Europe & Central Asia
2	#C49A00	1975	68.9253658536585	Latvia	Europe & Central Asia
2	#C49A00	1960	61.8030243902439	Moldova	Europe & Central Asia
2	#C49A00	1961	62.1663414634146	Moldova	Europe & Central Asia
2	#C49A00	1962	62.534756097561	Moldova	Europe & Central Asia
2	#C49A00	1963	62.9067073170732	Moldova	Europe & Central Asia
2	#C49A00	1964	63.2756341463415	Moldova	Europe & Central Asia
2	#C49A00	1965	63.6314390243903	Moldova	Europe & Central Asia
2	#C49A00	1966	63.9605853658537	Moldova	Europe & Central Asia
2	#C49A00	1967	64.2495365853659	Moldova	Europe & Central Asia
2	#C49A00	1968	64.4922926829268	Moldova	Europe & Central Asia
2	#C49A00	1969	64.6848536585366	Moldova	Europe & Central Asia
2	#C49A00	1970	64.8251951219512	Moldova	Europe & Central Asia
2	#C49A00	1971	64.9178536585366	Moldova	Europe & Central Asia
2	#C49A00	1972	64.9733658536585	Moldova	Europe & Central Asia
2	#C49A00	1973	65.0038048780488	Moldova	Europe & Central Asia
2	#C49A00	1974	65.0157317073171	Moldova	Europe & Central Asia
2	#C49A00	1975	65.0076829268293	Moldova	Europe & Central Asia
2	#C49A00	1960	62.4055365853659	Montenegro	Europe & Central Asia
2	#C49A00	1961	62.8882682926829	Montenegro	Europe & Central Asia
2	#C49A00	1962	63.4125853658537	Montenegro	Europe & Central Asia
2	#C49A00	1963	63.984	Montenegro	Europe & Central Asia
2	#C49A00	1964	64.6034878048781	Montenegro	Europe & Central Asia
2	#C49A00	1965	65.2685609756098	Montenegro	Europe & Central Asia
2	#C49A00	1966	65.9736341463415	Montenegro	Europe & Central Asia
2	#C49A00	1967	66.7021951219512	Montenegro	Europe & Central Asia
2	#C49A00	1968	67.4377317073171	Montenegro	Europe & Central Asia
2	#C49A00	1969	68.1667804878049	Montenegro	Europe & Central Asia
2	#C49A00	1970	68.8773902439024	Montenegro	Europe & Central Asia
2	#C49A00	1971	69.5611463414634	Montenegro	Europe & Central Asia
2	#C49A00	1972	70.2130975609756	Montenegro	Europe & Central Asia
2	#C49A00	1973	70.8292926829268	Montenegro	Europe & Central Asia
2	#C49A00	1974	71.3997804878049	Montenegro	Europe & Central Asia
2	#C49A00	1975	71.9150731707317	Montenegro	Europe & Central Asia
2	#C49A00	1960	60.7211951219512	Macedonia, FYR	Europe & Central Asia
2	#C49A00	1961	61.3476341463415	Macedonia, FYR	Europe & Central Asia
2	#C49A00	1962	61.9580731707317	Macedonia, FYR	Europe & Central Asia
2	#C49A00	1963	62.5559512195122	Macedonia, FYR	Europe & Central Asia
2	#C49A00	1964	63.144243902439	Macedonia, FYR	Europe & Central Asia
2	#C49A00	1965	63.7218292682927	Macedonia, FYR	Europe & Central Asia
2	#C49A00	1966	64.2841463414634	Macedonia, FYR	Europe & Central Asia
2	#C49A00	1967	64.8276829268293	Macedonia, FYR	Europe & Central Asia
2	#C49A00	1968	65.3479512195122	Macedonia, FYR	Europe & Central Asia
2	#C49A00	1969	65.847	Macedonia, FYR	Europe & Central Asia
2	#C49A00	1970	66.3329268292683	Macedonia, FYR	Europe & Central Asia
2	#C49A00	1971	66.8173170731707	Macedonia, FYR	Europe & Central Asia
2	#C49A00	1972	67.3048048780488	Macedonia, FYR	Europe & Central Asia
2	#C49A00	1973	67.7919756097561	Macedonia, FYR	Europe & Central Asia
2	#C49A00	1974	68.2669024390244	Macedonia, FYR	Europe & Central Asia
2	#C49A00	1975	68.7046097560976	Macedonia, FYR	Europe & Central Asia
2	#C49A00	1960	73.3926829268293	Netherlands	Europe & Central Asia
2	#C49A00	1961	73.6526829268293	Netherlands	Europe & Central Asia
2	#C49A00	1962	73.3239024390244	Netherlands	Europe & Central Asia
2	#C49A00	1963	73.3370731707317	Netherlands	Europe & Central Asia
2	#C49A00	1964	73.7041463414634	Netherlands	Europe & Central Asia
2	#C49A00	1965	73.5687804878049	Netherlands	Europe & Central Asia
2	#C49A00	1966	73.5129268292683	Netherlands	Europe & Central Asia
2	#C49A00	1967	73.8041463414634	Netherlands	Europe & Central Asia
2	#C49A00	1968	73.6126829268293	Netherlands	Europe & Central Asia
2	#C49A00	1969	73.539512195122	Netherlands	Europe & Central Asia
2	#C49A00	1970	73.5856097560976	Netherlands	Europe & Central Asia
2	#C49A00	1971	73.809512195122	Netherlands	Europe & Central Asia
2	#C49A00	1972	73.7270731707317	Netherlands	Europe & Central Asia
2	#C49A00	1973	74.1439024390244	Netherlands	Europe & Central Asia
2	#C49A00	1974	74.5368292682927	Netherlands	Europe & Central Asia
2	#C49A00	1975	74.4987804878049	Netherlands	Europe & Central Asia
2	#C49A00	1960	73.549756097561	Norway	Europe & Central Asia
2	#C49A00	1961	73.5504878048781	Norway	Europe & Central Asia
2	#C49A00	1962	73.4480487804878	Norway	Europe & Central Asia
2	#C49A00	1963	73.0775609756098	Norway	Europe & Central Asia
2	#C49A00	1964	73.5958536585366	Norway	Europe & Central Asia
2	#C49A00	1965	73.7231707317073	Norway	Europe & Central Asia
2	#C49A00	1966	73.9953658536585	Norway	Europe & Central Asia
2	#C49A00	1967	74.0665853658537	Norway	Europe & Central Asia
2	#C49A00	1968	73.9419512195122	Norway	Europe & Central Asia
2	#C49A00	1969	73.6634146341463	Norway	Europe & Central Asia
2	#C49A00	1970	74.0880487804878	Norway	Europe & Central Asia
2	#C49A00	1971	74.1792682926829	Norway	Europe & Central Asia
2	#C49A00	1972	74.3446341463415	Norway	Europe & Central Asia
2	#C49A00	1973	74.4421951219512	Norway	Europe & Central Asia
2	#C49A00	1974	74.7536585365854	Norway	Europe & Central Asia
2	#C49A00	1975	74.8175609756098	Norway	Europe & Central Asia
2	#C49A00	1960	67.6804878048781	Poland	Europe & Central Asia
2	#C49A00	1961	67.7780487804878	Poland	Europe & Central Asia
2	#C49A00	1962	67.4268292682927	Poland	Europe & Central Asia
2	#C49A00	1963	68.3756097560976	Poland	Europe & Central Asia
2	#C49A00	1964	68.6292682926829	Poland	Europe & Central Asia
2	#C49A00	1965	69.4292682926829	Poland	Europe & Central Asia
2	#C49A00	1966	69.8268292682927	Poland	Europe & Central Asia
2	#C49A00	1967	69.4243902439024	Poland	Europe & Central Asia
2	#C49A00	1968	70.219512195122	Poland	Europe & Central Asia
2	#C49A00	1969	69.719512195122	Poland	Europe & Central Asia
2	#C49A00	1970	69.8682926829268	Poland	Europe & Central Asia
2	#C49A00	1971	69.6121951219512	Poland	Europe & Central Asia
2	#C49A00	1972	70.6658536585366	Poland	Europe & Central Asia
2	#C49A00	1973	70.6634146341463	Poland	Europe & Central Asia
2	#C49A00	1974	71.1170731707317	Poland	Europe & Central Asia
2	#C49A00	1975	70.5609756097561	Poland	Europe & Central Asia
2	#C49A00	1960	63.0365853658537	Portugal	Europe & Central Asia
2	#C49A00	1961	63.4655609756098	Portugal	Europe & Central Asia
2	#C49A00	1962	63.8908780487805	Portugal	Europe & Central Asia
2	#C49A00	1963	64.3105609756098	Portugal	Europe & Central Asia
2	#C49A00	1964	64.7231951219512	Portugal	Europe & Central Asia
2	#C49A00	1965	65.1288536585366	Portugal	Europe & Central Asia
2	#C49A00	1966	65.5266829268293	Portugal	Europe & Central Asia
2	#C49A00	1967	65.9187804878049	Portugal	Europe & Central Asia
2	#C49A00	1968	66.3066341463415	Portugal	Europe & Central Asia
2	#C49A00	1969	66.6917317073171	Portugal	Europe & Central Asia
2	#C49A00	1970	67.0731707317073	Portugal	Europe & Central Asia
2	#C49A00	1971	66.7707317073171	Portugal	Europe & Central Asia
2	#C49A00	1972	68.3243902439024	Portugal	Europe & Central Asia
2	#C49A00	1973	67.5243902439024	Portugal	Europe & Central Asia
2	#C49A00	1974	68.019512195122	Portugal	Europe & Central Asia
2	#C49A00	1975	68.309756097561	Portugal	Europe & Central Asia
2	#C49A00	1960	65.7178780487805	Romania	Europe & Central Asia
2	#C49A00	1961	66.2206341463415	Romania	Europe & Central Asia
2	#C49A00	1962	66.6350487804878	Romania	Europe & Central Asia
2	#C49A00	1963	66.9541219512195	Romania	Europe & Central Asia
2	#C49A00	1964	67.1839024390244	Romania	Europe & Central Asia
2	#C49A00	1965	67.3455609756098	Romania	Europe & Central Asia
2	#C49A00	1966	67.4728048780488	Romania	Europe & Central Asia
2	#C49A00	1967	67.6018048780488	Romania	Europe & Central Asia
2	#C49A00	1968	67.7581707317073	Romania	Europe & Central Asia
2	#C49A00	1969	67.9524390243903	Romania	Europe & Central Asia
2	#C49A00	1970	68.1825853658537	Romania	Europe & Central Asia
2	#C49A00	1971	68.5041463414634	Romania	Europe & Central Asia
2	#C49A00	1972	68.470243902439	Romania	Europe & Central Asia
2	#C49A00	1973	69.0056097560976	Romania	Europe & Central Asia
2	#C49A00	1974	69.499756097561	Romania	Europe & Central Asia
2	#C49A00	1975	69.6139024390244	Romania	Europe & Central Asia
2	#C49A00	1960	67.4099268292683	Russian Federation	Europe & Central Asia
2	#C49A00	1961	67.8127073170732	Russian Federation	Europe & Central Asia
2	#C49A00	1962	68.141512195122	Russian Federation	Europe & Central Asia
2	#C49A00	1963	68.3854634146342	Russian Federation	Europe & Central Asia
2	#C49A00	1964	68.5416097560976	Russian Federation	Europe & Central Asia
2	#C49A00	1965	68.6180243902439	Russian Federation	Europe & Central Asia
2	#C49A00	1966	68.6316585365854	Russian Federation	Europe & Central Asia
2	#C49A00	1967	68.6064634146342	Russian Federation	Europe & Central Asia
2	#C49A00	1968	68.5628780487805	Russian Federation	Europe & Central Asia
2	#C49A00	1969	68.5098536585366	Russian Federation	Europe & Central Asia
2	#C49A00	1970	68.1336585365854	Russian Federation	Europe & Central Asia
2	#C49A00	1971	68.3765853658537	Russian Federation	Europe & Central Asia
2	#C49A00	1972	68.3085365853659	Russian Federation	Europe & Central Asia
2	#C49A00	1973	68.2946341463415	Russian Federation	Europe & Central Asia
2	#C49A00	1974	68.320243902439	Russian Federation	Europe & Central Asia
2	#C49A00	1975	67.7239024390244	Russian Federation	Europe & Central Asia
2	#C49A00	1960	73.0056097560976	Sweden	Europe & Central Asia
2	#C49A00	1961	73.4743902439024	Sweden	Europe & Central Asia
2	#C49A00	1962	73.3504878048781	Sweden	Europe & Central Asia
2	#C49A00	1963	73.5553658536585	Sweden	Europe & Central Asia
2	#C49A00	1964	73.7331707317073	Sweden	Europe & Central Asia
2	#C49A00	1965	73.8617073170732	Sweden	Europe & Central Asia
2	#C49A00	1966	74.0785365853659	Sweden	Europe & Central Asia
2	#C49A00	1967	74.1224390243903	Sweden	Europe & Central Asia
2	#C49A00	1968	73.9729268292683	Sweden	Europe & Central Asia
2	#C49A00	1969	74.0848780487805	Sweden	Europe & Central Asia
2	#C49A00	1970	74.6492682926829	Sweden	Europe & Central Asia
2	#C49A00	1971	74.6239024390244	Sweden	Europe & Central Asia
2	#C49A00	1972	74.7180487804878	Sweden	Europe & Central Asia
2	#C49A00	1973	74.8673170731707	Sweden	Europe & Central Asia
2	#C49A00	1974	74.9804878048781	Sweden	Europe & Central Asia
2	#C49A00	1975	74.9846341463415	Sweden	Europe & Central Asia
2	#C49A00	1960	68.9780487804878	Slovenia	Europe & Central Asia
2	#C49A00	1961	68.9780487804878	Slovenia	Europe & Central Asia
2	#C49A00	1962	68.9780487804878	Slovenia	Europe & Central Asia
2	#C49A00	1963	68.6219512195122	Slovenia	Europe & Central Asia
2	#C49A00	1964	68.6634146341463	Slovenia	Europe & Central Asia
2	#C49A00	1965	68.3658536585366	Slovenia	Europe & Central Asia
2	#C49A00	1966	69.0121951219512	Slovenia	Europe & Central Asia
2	#C49A00	1967	69.3658536585366	Slovenia	Europe & Central Asia
2	#C49A00	1968	68.9170731707317	Slovenia	Europe & Central Asia
2	#C49A00	1969	68.3609756097561	Slovenia	Europe & Central Asia
2	#C49A00	1970	68.609756097561	Slovenia	Europe & Central Asia
2	#C49A00	1971	68.8341463414634	Slovenia	Europe & Central Asia
2	#C49A00	1972	69.0585365853659	Slovenia	Europe & Central Asia
2	#C49A00	1973	69.4048780487805	Slovenia	Europe & Central Asia
2	#C49A00	1974	70.1609756097561	Slovenia	Europe & Central Asia
2	#C49A00	1975	70.3585365853659	Slovenia	Europe & Central Asia
2	#C49A00	1960	69.9837073170732	Slovak Republic	Europe & Central Asia
2	#C49A00	1961	70.2945609756098	Slovak Republic	Europe & Central Asia
2	#C49A00	1962	70.5011951219512	Slovak Republic	Europe & Central Asia
2	#C49A00	1963	70.6125853658537	Slovak Republic	Europe & Central Asia
2	#C49A00	1964	70.6432926829268	Slovak Republic	Europe & Central Asia
2	#C49A00	1965	70.6113170731707	Slovak Republic	Europe & Central Asia
2	#C49A00	1966	70.5327073170732	Slovak Republic	Europe & Central Asia
2	#C49A00	1967	70.4280243902439	Slovak Republic	Europe & Central Asia
2	#C49A00	1968	70.3173414634147	Slovak Republic	Europe & Central Asia
2	#C49A00	1969	70.2172195121951	Slovak Republic	Europe & Central Asia
2	#C49A00	1970	70.144243902439	Slovak Republic	Europe & Central Asia
2	#C49A00	1971	70.1084390243903	Slovak Republic	Europe & Central Asia
2	#C49A00	1972	70.1053658536585	Slovak Republic	Europe & Central Asia
2	#C49A00	1973	70.1289756097561	Slovak Republic	Europe & Central Asia
2	#C49A00	1974	70.1782926829268	Slovak Republic	Europe & Central Asia
2	#C49A00	1975	70.2462926829269	Slovak Republic	Europe & Central Asia
2	#C49A00	1960	56.1694146341463	Tajikistan	Europe & Central Asia
2	#C49A00	1961	56.5784878048781	Tajikistan	Europe & Central Asia
2	#C49A00	1962	56.9900487804878	Tajikistan	Europe & Central Asia
2	#C49A00	1963	57.4041219512195	Tajikistan	Europe & Central Asia
2	#C49A00	1964	57.8167073170732	Tajikistan	Europe & Central Asia
2	#C49A00	1965	58.2242926829268	Tajikistan	Europe & Central Asia
2	#C49A00	1966	58.6234146341463	Tajikistan	Europe & Central Asia
2	#C49A00	1967	59.0080487804878	Tajikistan	Europe & Central Asia
2	#C49A00	1968	59.3757073170732	Tajikistan	Europe & Central Asia
2	#C49A00	1969	59.7223902439024	Tajikistan	Europe & Central Asia
2	#C49A00	1970	60.0440975609756	Tajikistan	Europe & Central Asia
2	#C49A00	1971	60.3388536585366	Tajikistan	Europe & Central Asia
2	#C49A00	1972	60.6091463414634	Tajikistan	Europe & Central Asia
2	#C49A00	1973	60.8569268292683	Tajikistan	Europe & Central Asia
2	#C49A00	1974	61.0851951219512	Tajikistan	Europe & Central Asia
2	#C49A00	1975	61.2963170731707	Tajikistan	Europe & Central Asia
2	#C49A00	1960	54.4438048780488	Turkmenistan	Europe & Central Asia
2	#C49A00	1961	54.8558048780488	Turkmenistan	Europe & Central Asia
2	#C49A00	1962	55.2718048780488	Turkmenistan	Europe & Central Asia
2	#C49A00	1963	55.6898048780488	Turkmenistan	Europe & Central Asia
2	#C49A00	1964	56.1058048780488	Turkmenistan	Europe & Central Asia
2	#C49A00	1965	56.5178048780488	Turkmenistan	Europe & Central Asia
2	#C49A00	1966	56.9198048780488	Turkmenistan	Europe & Central Asia
2	#C49A00	1967	57.3058048780488	Turkmenistan	Europe & Central Asia
2	#C49A00	1968	57.6738048780488	Turkmenistan	Europe & Central Asia
2	#C49A00	1969	58.0198048780488	Turkmenistan	Europe & Central Asia
2	#C49A00	1970	58.3378048780488	Turkmenistan	Europe & Central Asia
2	#C49A00	1971	58.6248048780488	Turkmenistan	Europe & Central Asia
2	#C49A00	1972	58.8838048780488	Turkmenistan	Europe & Central Asia
2	#C49A00	1973	59.1188048780488	Turkmenistan	Europe & Central Asia
2	#C49A00	1974	59.3378048780488	Turkmenistan	Europe & Central Asia
2	#C49A00	1975	59.5508048780488	Turkmenistan	Europe & Central Asia
2	#C49A00	1960	48.2708536585366	Turkey	Europe & Central Asia
2	#C49A00	1961	48.3524390243903	Turkey	Europe & Central Asia
2	#C49A00	1962	48.4239756097561	Turkey	Europe & Central Asia
2	#C49A00	1963	48.4900243902439	Turkey	Europe & Central Asia
2	#C49A00	1964	48.5616341463415	Turkey	Europe & Central Asia
2	#C49A00	1965	48.6563170731707	Turkey	Europe & Central Asia
2	#C49A00	1966	48.7920975609756	Turkey	Europe & Central Asia
2	#C49A00	1967	48.9849024390244	Turkey	Europe & Central Asia
2	#C49A00	1968	49.245243902439	Turkey	Europe & Central Asia
2	#C49A00	1969	49.5811219512195	Turkey	Europe & Central Asia
2	#C49A00	1970	49.9940731707317	Turkey	Europe & Central Asia
2	#C49A00	1971	50.4820975609756	Turkey	Europe & Central Asia
2	#C49A00	1972	51.0307317073171	Turkey	Europe & Central Asia
2	#C49A00	1973	51.6254634146342	Turkey	Europe & Central Asia
2	#C49A00	1974	52.2582926829268	Turkey	Europe & Central Asia
2	#C49A00	1975	52.9227073170732	Turkey	Europe & Central Asia
2	#C49A00	1960	69.8958048780488	Ukraine	Europe & Central Asia
2	#C49A00	1961	70.2282195121951	Ukraine	Europe & Central Asia
2	#C49A00	1962	70.4919512195122	Ukraine	Europe & Central Asia
2	#C49A00	1963	70.6855609756098	Ukraine	Europe & Central Asia
2	#C49A00	1964	70.8110975609756	Ukraine	Europe & Central Asia
2	#C49A00	1965	70.8651219512195	Ukraine	Europe & Central Asia
2	#C49A00	1966	70.8441219512195	Ukraine	Europe & Central Asia
2	#C49A00	1967	70.7536829268293	Ukraine	Europe & Central Asia
2	#C49A00	1968	70.6054146341464	Ukraine	Europe & Central Asia
2	#C49A00	1969	70.4114634146342	Ukraine	Europe & Central Asia
2	#C49A00	1970	70.1869512195122	Ukraine	Europe & Central Asia
2	#C49A00	1971	69.945	Ukraine	Europe & Central Asia
2	#C49A00	1972	69.6997317073171	Ukraine	Europe & Central Asia
2	#C49A00	1973	69.4647073170732	Ukraine	Europe & Central Asia
2	#C49A00	1974	69.2560243902439	Ukraine	Europe & Central Asia
2	#C49A00	1975	69.082756097561	Ukraine	Europe & Central Asia
2	#C49A00	1960	58.8901463414634	Uzbekistan	Europe & Central Asia
2	#C49A00	1961	59.3021463414634	Uzbekistan	Europe & Central Asia
2	#C49A00	1962	59.7176585365854	Uzbekistan	Europe & Central Asia
2	#C49A00	1963	60.1351707317073	Uzbekistan	Europe & Central Asia
2	#C49A00	1964	60.5511707317073	Uzbekistan	Europe & Central Asia
2	#C49A00	1965	60.9621951219512	Uzbekistan	Europe & Central Asia
2	#C49A00	1966	61.3627317073171	Uzbekistan	Europe & Central Asia
2	#C49A00	1967	61.748243902439	Uzbekistan	Europe & Central Asia
2	#C49A00	1968	62.1147804878049	Uzbekistan	Europe & Central Asia
2	#C49A00	1969	62.4598048780488	Uzbekistan	Europe & Central Asia
2	#C49A00	1970	62.7768292682927	Uzbekistan	Europe & Central Asia
2	#C49A00	1971	63.0628536585366	Uzbekistan	Europe & Central Asia
2	#C49A00	1972	63.3208780487805	Uzbekistan	Europe & Central Asia
2	#C49A00	1973	63.5549024390244	Uzbekistan	Europe & Central Asia
2	#C49A00	1974	63.7724390243902	Uzbekistan	Europe & Central Asia
2	#C49A00	1975	63.9844390243903	Uzbekistan	Europe & Central Asia
7	#FB61D7	1960	32.9853414634146	Angola	Sub-Saharan Africa
7	#FB61D7	1961	33.3862195121951	Angola	Sub-Saharan Africa
7	#FB61D7	1962	33.7870975609756	Angola	Sub-Saharan Africa
7	#FB61D7	1963	34.1879512195122	Angola	Sub-Saharan Africa
7	#FB61D7	1964	34.5883170731707	Angola	Sub-Saharan Africa
7	#FB61D7	1965	34.9891707317073	Angola	Sub-Saharan Africa
7	#FB61D7	1966	35.391512195122	Angola	Sub-Saharan Africa
7	#FB61D7	1967	35.7958536585366	Angola	Sub-Saharan Africa
7	#FB61D7	1968	36.2011951219512	Angola	Sub-Saharan Africa
7	#FB61D7	1969	36.6060487804878	Angola	Sub-Saharan Africa
7	#FB61D7	1970	37.0114146341463	Angola	Sub-Saharan Africa
7	#FB61D7	1971	37.4192926829268	Angola	Sub-Saharan Africa
7	#FB61D7	1972	37.8262195121951	Angola	Sub-Saharan Africa
7	#FB61D7	1973	38.2276585365854	Angola	Sub-Saharan Africa
7	#FB61D7	1974	38.6156585365854	Angola	Sub-Saharan Africa
7	#FB61D7	1975	38.979243902439	Angola	Sub-Saharan Africa
7	#FB61D7	1960	35.8631463414634	Burkina Faso	Sub-Saharan Africa
7	#FB61D7	1961	36.3746097560976	Burkina Faso	Sub-Saharan Africa
7	#FB61D7	1962	36.8775609756098	Burkina Faso	Sub-Saharan Africa
7	#FB61D7	1963	37.3750243902439	Burkina Faso	Sub-Saharan Africa
7	#FB61D7	1964	37.8664878048781	Burkina Faso	Sub-Saharan Africa
7	#FB61D7	1965	38.3574390243902	Burkina Faso	Sub-Saharan Africa
7	#FB61D7	1966	38.8508780487805	Burkina Faso	Sub-Saharan Africa
7	#FB61D7	1967	39.3498292682927	Burkina Faso	Sub-Saharan Africa
7	#FB61D7	1968	39.856756097561	Burkina Faso	Sub-Saharan Africa
7	#FB61D7	1969	40.3736829268293	Burkina Faso	Sub-Saharan Africa
7	#FB61D7	1970	40.9011219512195	Burkina Faso	Sub-Saharan Africa
7	#FB61D7	1971	41.4385609756098	Burkina Faso	Sub-Saharan Africa
7	#FB61D7	1972	41.9839756097561	Burkina Faso	Sub-Saharan Africa
7	#FB61D7	1973	42.5334146341463	Burkina Faso	Sub-Saharan Africa
7	#FB61D7	1974	43.0833658536585	Burkina Faso	Sub-Saharan Africa
7	#FB61D7	1975	43.6348048780488	Burkina Faso	Sub-Saharan Africa
7	#FB61D7	1960	41.2365365853659	Burundi	Sub-Saharan Africa
7	#FB61D7	1961	41.5484634146341	Burundi	Sub-Saharan Africa
7	#FB61D7	1962	41.8668780487805	Burundi	Sub-Saharan Africa
7	#FB61D7	1963	42.1882926829268	Burundi	Sub-Saharan Africa
7	#FB61D7	1964	42.5067073170732	Burundi	Sub-Saharan Africa
7	#FB61D7	1965	42.8061463414634	Burundi	Sub-Saharan Africa
7	#FB61D7	1966	43.0675853658537	Burundi	Sub-Saharan Africa
7	#FB61D7	1967	43.283512195122	Burundi	Sub-Saharan Africa
7	#FB61D7	1968	43.4539756097561	Burundi	Sub-Saharan Africa
7	#FB61D7	1969	43.5884390243902	Burundi	Sub-Saharan Africa
7	#FB61D7	1970	43.7059268292683	Burundi	Sub-Saharan Africa
7	#FB61D7	1971	43.8344390243903	Burundi	Sub-Saharan Africa
7	#FB61D7	1972	43.9979756097561	Burundi	Sub-Saharan Africa
7	#FB61D7	1973	44.2140243902439	Burundi	Sub-Saharan Africa
7	#FB61D7	1974	44.4880487804878	Burundi	Sub-Saharan Africa
7	#FB61D7	1975	44.822	Burundi	Sub-Saharan Africa
7	#FB61D7	1960	35.5763414634146	Benin	Sub-Saharan Africa
7	#FB61D7	1961	35.8840487804878	Benin	Sub-Saharan Africa
7	#FB61D7	1962	36.179243902439	Benin	Sub-Saharan Africa
7	#FB61D7	1963	36.4723414634146	Benin	Sub-Saharan Africa
7	#FB61D7	1964	36.7753170731707	Benin	Sub-Saharan Africa
7	#FB61D7	1965	37.1129756097561	Benin	Sub-Saharan Africa
7	#FB61D7	1966	37.5101219512195	Benin	Sub-Saharan Africa
7	#FB61D7	1967	37.9781707317073	Benin	Sub-Saharan Africa
7	#FB61D7	1968	38.5196585365854	Benin	Sub-Saharan Africa
7	#FB61D7	1969	39.1287317073171	Benin	Sub-Saharan Africa
7	#FB61D7	1970	39.7900975609756	Benin	Sub-Saharan Africa
7	#FB61D7	1971	40.4805609756098	Benin	Sub-Saharan Africa
7	#FB61D7	1972	41.1709024390244	Benin	Sub-Saharan Africa
7	#FB61D7	1973	41.8348780487805	Benin	Sub-Saharan Africa
7	#FB61D7	1974	42.4575853658537	Benin	Sub-Saharan Africa
7	#FB61D7	1975	43.0276097560976	Benin	Sub-Saharan Africa
7	#FB61D7	1960	50.537243902439	Botswana	Sub-Saharan Africa
7	#FB61D7	1961	50.8976341463415	Botswana	Sub-Saharan Africa
7	#FB61D7	1962	51.2455365853659	Botswana	Sub-Saharan Africa
7	#FB61D7	1963	51.5844146341463	Botswana	Sub-Saharan Africa
7	#FB61D7	1964	51.921756097561	Botswana	Sub-Saharan Africa
7	#FB61D7	1965	52.2675365853659	Botswana	Sub-Saharan Africa
7	#FB61D7	1966	52.6327073170732	Botswana	Sub-Saharan Africa
7	#FB61D7	1967	53.026243902439	Botswana	Sub-Saharan Africa
7	#FB61D7	1968	53.4566341463415	Botswana	Sub-Saharan Africa
7	#FB61D7	1969	53.9278780487805	Botswana	Sub-Saharan Africa
7	#FB61D7	1970	54.4444634146342	Botswana	Sub-Saharan Africa
7	#FB61D7	1971	55.0094146341463	Botswana	Sub-Saharan Africa
7	#FB61D7	1972	55.6137317073171	Botswana	Sub-Saharan Africa
7	#FB61D7	1973	56.246	Botswana	Sub-Saharan Africa
7	#FB61D7	1974	56.8957317073171	Botswana	Sub-Saharan Africa
7	#FB61D7	1975	57.5469756097561	Botswana	Sub-Saharan Africa
7	#FB61D7	1960	41.0180487804878	Congo, Dem. Rep.	Sub-Saharan Africa
7	#FB61D7	1961	41.2335365853659	Congo, Dem. Rep.	Sub-Saharan Africa
7	#FB61D7	1962	41.451512195122	Congo, Dem. Rep.	Sub-Saharan Africa
7	#FB61D7	1963	41.678	Congo, Dem. Rep.	Sub-Saharan Africa
7	#FB61D7	1964	41.918	Congo, Dem. Rep.	Sub-Saharan Africa
7	#FB61D7	1965	42.1804878048781	Congo, Dem. Rep.	Sub-Saharan Africa
7	#FB61D7	1966	42.4744878048781	Congo, Dem. Rep.	Sub-Saharan Africa
7	#FB61D7	1967	42.7969756097561	Congo, Dem. Rep.	Sub-Saharan Africa
7	#FB61D7	1968	43.1419512195122	Congo, Dem. Rep.	Sub-Saharan Africa
7	#FB61D7	1969	43.4999268292683	Congo, Dem. Rep.	Sub-Saharan Africa
7	#FB61D7	1970	43.8569024390244	Congo, Dem. Rep.	Sub-Saharan Africa
7	#FB61D7	1971	44.1933902439024	Congo, Dem. Rep.	Sub-Saharan Africa
7	#FB61D7	1972	44.4953902439024	Congo, Dem. Rep.	Sub-Saharan Africa
7	#FB61D7	1973	44.7539024390244	Congo, Dem. Rep.	Sub-Saharan Africa
7	#FB61D7	1974	44.9674390243902	Congo, Dem. Rep.	Sub-Saharan Africa
7	#FB61D7	1975	45.1399756097561	Congo, Dem. Rep.	Sub-Saharan Africa
7	#FB61D7	1960	36.4826341463415	Central African Republic	Sub-Saharan Africa
7	#FB61D7	1961	36.8957073170732	Central African Republic	Sub-Saharan Africa
7	#FB61D7	1962	37.3187804878049	Central African Republic	Sub-Saharan Africa
7	#FB61D7	1963	37.7603414634146	Central African Republic	Sub-Saharan Africa
7	#FB61D7	1964	38.2253658536585	Central African Republic	Sub-Saharan Africa
7	#FB61D7	1965	38.7263658536585	Central African Republic	Sub-Saharan Africa
7	#FB61D7	1966	39.273756097561	Central African Republic	Sub-Saharan Africa
7	#FB61D7	1967	39.8715609756098	Central African Republic	Sub-Saharan Africa
7	#FB61D7	1968	40.5182682926829	Central African Republic	Sub-Saharan Africa
7	#FB61D7	1969	41.2093902439024	Central African Republic	Sub-Saharan Africa
7	#FB61D7	1970	41.9419268292683	Central African Republic	Sub-Saharan Africa
7	#FB61D7	1971	42.7114634146342	Central African Republic	Sub-Saharan Africa
7	#FB61D7	1972	43.503	Central African Republic	Sub-Saharan Africa
7	#FB61D7	1973	44.2975609756098	Central African Republic	Sub-Saharan Africa
7	#FB61D7	1974	45.0796585365854	Central African Republic	Sub-Saharan Africa
7	#FB61D7	1975	45.832756097561	Central African Republic	Sub-Saharan Africa
7	#FB61D7	1960	48.5835609756098	Congo, Rep.	Sub-Saharan Africa
7	#FB61D7	1961	49.229512195122	Congo, Rep.	Sub-Saharan Africa
7	#FB61D7	1962	49.8399756097561	Congo, Rep.	Sub-Saharan Africa
7	#FB61D7	1963	50.4104390243902	Congo, Rep.	Sub-Saharan Africa
7	#FB61D7	1964	50.9404390243903	Congo, Rep.	Sub-Saharan Africa
7	#FB61D7	1965	51.429512195122	Congo, Rep.	Sub-Saharan Africa
7	#FB61D7	1966	51.8817317073171	Congo, Rep.	Sub-Saharan Africa
7	#FB61D7	1967	52.3031463414634	Congo, Rep.	Sub-Saharan Africa
7	#FB61D7	1968	52.7002682926829	Congo, Rep.	Sub-Saharan Africa
7	#FB61D7	1969	53.0775853658537	Congo, Rep.	Sub-Saharan Africa
7	#FB61D7	1970	53.4365853658537	Congo, Rep.	Sub-Saharan Africa
7	#FB61D7	1971	53.7786829268293	Congo, Rep.	Sub-Saharan Africa
7	#FB61D7	1972	54.1023414634146	Congo, Rep.	Sub-Saharan Africa
7	#FB61D7	1973	54.409	Congo, Rep.	Sub-Saharan Africa
7	#FB61D7	1974	54.7000975609756	Congo, Rep.	Sub-Saharan Africa
7	#FB61D7	1975	54.9791707317073	Congo, Rep.	Sub-Saharan Africa
7	#FB61D7	1960	40.4241951219512	Cote d'Ivoire	Sub-Saharan Africa
7	#FB61D7	1961	40.5932926829268	Cote d'Ivoire	Sub-Saharan Africa
7	#FB61D7	1962	40.7545365853659	Cote d'Ivoire	Sub-Saharan Africa
7	#FB61D7	1963	40.9189268292683	Cote d'Ivoire	Sub-Saharan Africa
7	#FB61D7	1964	41.1034146341463	Cote d'Ivoire	Sub-Saharan Africa
7	#FB61D7	1965	41.3368292682927	Cote d'Ivoire	Sub-Saharan Africa
7	#FB61D7	1966	41.6504878048781	Cote d'Ivoire	Sub-Saharan Africa
7	#FB61D7	1967	42.062243902439	Cote d'Ivoire	Sub-Saharan Africa
7	#FB61D7	1968	42.5785365853659	Cote d'Ivoire	Sub-Saharan Africa
7	#FB61D7	1969	43.1974146341463	Cote d'Ivoire	Sub-Saharan Africa
7	#FB61D7	1970	43.9085365853659	Cote d'Ivoire	Sub-Saharan Africa
7	#FB61D7	1971	44.6926097560976	Cote d'Ivoire	Sub-Saharan Africa
7	#FB61D7	1972	45.5173902439024	Cote d'Ivoire	Sub-Saharan Africa
7	#FB61D7	1973	46.3500487804878	Cote d'Ivoire	Sub-Saharan Africa
7	#FB61D7	1974	47.1681219512195	Cote d'Ivoire	Sub-Saharan Africa
7	#FB61D7	1975	47.9595609756098	Cote d'Ivoire	Sub-Saharan Africa
7	#FB61D7	1960	41.523756097561	Cameroon	Sub-Saharan Africa
7	#FB61D7	1961	41.9653414634146	Cameroon	Sub-Saharan Africa
7	#FB61D7	1962	42.4059512195122	Cameroon	Sub-Saharan Africa
7	#FB61D7	1963	42.8435609756098	Cameroon	Sub-Saharan Africa
7	#FB61D7	1964	43.2786585365854	Cameroon	Sub-Saharan Africa
7	#FB61D7	1965	43.7151707317073	Cameroon	Sub-Saharan Africa
7	#FB61D7	1966	44.158512195122	Cameroon	Sub-Saharan Africa
7	#FB61D7	1967	44.6136341463415	Cameroon	Sub-Saharan Africa
7	#FB61D7	1968	45.0845609756098	Cameroon	Sub-Saharan Africa
7	#FB61D7	1969	45.5717804878049	Cameroon	Sub-Saharan Africa
7	#FB61D7	1970	46.0763902439024	Cameroon	Sub-Saharan Africa
7	#FB61D7	1971	46.599	Cameroon	Sub-Saharan Africa
7	#FB61D7	1972	47.1336829268293	Cameroon	Sub-Saharan Africa
7	#FB61D7	1973	47.6740487804878	Cameroon	Sub-Saharan Africa
7	#FB61D7	1974	48.2146097560976	Cameroon	Sub-Saharan Africa
7	#FB61D7	1975	48.7498780487805	Cameroon	Sub-Saharan Africa
7	#FB61D7	1960	48.672	Cape Verde	Sub-Saharan Africa
7	#FB61D7	1961	48.9037804878049	Cape Verde	Sub-Saharan Africa
7	#FB61D7	1962	49.1239512195122	Cape Verde	Sub-Saharan Africa
7	#FB61D7	1963	49.3410243902439	Cape Verde	Sub-Saharan Africa
7	#FB61D7	1964	49.5701707317073	Cape Verde	Sub-Saharan Africa
7	#FB61D7	1965	49.8411463414634	Cape Verde	Sub-Saharan Africa
7	#FB61D7	1966	50.1907804878049	Cape Verde	Sub-Saharan Africa
7	#FB61D7	1967	50.6387317073171	Cape Verde	Sub-Saharan Africa
7	#FB61D7	1968	51.1940243902439	Cape Verde	Sub-Saharan Africa
7	#FB61D7	1969	51.8530487804878	Cape Verde	Sub-Saharan Africa
7	#FB61D7	1970	52.5990243902439	Cape Verde	Sub-Saharan Africa
7	#FB61D7	1971	53.4050975609756	Cape Verde	Sub-Saharan Africa
7	#FB61D7	1972	54.2333902439024	Cape Verde	Sub-Saharan Africa
7	#FB61D7	1973	55.0495365853659	Cape Verde	Sub-Saharan Africa
7	#FB61D7	1974	55.8353414634146	Cape Verde	Sub-Saharan Africa
7	#FB61D7	1975	56.578243902439	Cape Verde	Sub-Saharan Africa
7	#FB61D7	1960	39.1062682926829	Eritrea	Sub-Saharan Africa
7	#FB61D7	1961	39.5283658536585	Eritrea	Sub-Saharan Africa
7	#FB61D7	1962	39.9479756097561	Eritrea	Sub-Saharan Africa
7	#FB61D7	1963	40.3640975609756	Eritrea	Sub-Saharan Africa
7	#FB61D7	1964	40.777243902439	Eritrea	Sub-Saharan Africa
7	#FB61D7	1965	41.1929024390244	Eritrea	Sub-Saharan Africa
7	#FB61D7	1966	41.6175609756098	Eritrea	Sub-Saharan Africa
7	#FB61D7	1967	42.050243902439	Eritrea	Sub-Saharan Africa
7	#FB61D7	1968	42.4864634146342	Eritrea	Sub-Saharan Africa
7	#FB61D7	1969	42.9141951219512	Eritrea	Sub-Saharan Africa
7	#FB61D7	1970	43.317	Eritrea	Sub-Saharan Africa
7	#FB61D7	1971	43.6743658536585	Eritrea	Sub-Saharan Africa
7	#FB61D7	1972	43.9723170731707	Eritrea	Sub-Saharan Africa
7	#FB61D7	1973	44.2003414634146	Eritrea	Sub-Saharan Africa
7	#FB61D7	1974	44.3559024390244	Eritrea	Sub-Saharan Africa
7	#FB61D7	1975	44.4299512195122	Eritrea	Sub-Saharan Africa
7	#FB61D7	1960	38.4057073170732	Ethiopia	Sub-Saharan Africa
7	#FB61D7	1961	39.0686341463415	Ethiopia	Sub-Saharan Africa
7	#FB61D7	1962	39.6971463414634	Ethiopia	Sub-Saharan Africa
7	#FB61D7	1963	40.2757804878049	Ethiopia	Sub-Saharan Africa
7	#FB61D7	1964	40.7955365853659	Ethiopia	Sub-Saharan Africa
7	#FB61D7	1965	41.2524390243902	Ethiopia	Sub-Saharan Africa
7	#FB61D7	1966	41.6514634146342	Ethiopia	Sub-Saharan Africa
7	#FB61D7	1967	42.0075609756098	Ethiopia	Sub-Saharan Africa
7	#FB61D7	1968	42.3342195121951	Ethiopia	Sub-Saharan Africa
7	#FB61D7	1969	42.6379024390244	Ethiopia	Sub-Saharan Africa
7	#FB61D7	1970	42.9285853658537	Ethiopia	Sub-Saharan Africa
7	#FB61D7	1971	43.2147317073171	Ethiopia	Sub-Saharan Africa
7	#FB61D7	1972	43.4958536585366	Ethiopia	Sub-Saharan Africa
7	#FB61D7	1973	43.7659268292683	Ethiopia	Sub-Saharan Africa
7	#FB61D7	1974	44.0164634146342	Ethiopia	Sub-Saharan Africa
7	#FB61D7	1975	44.217	Ethiopia	Sub-Saharan Africa
7	#FB61D7	1960	39.5681707317073	Gabon	Sub-Saharan Africa
7	#FB61D7	1961	39.9256341463415	Gabon	Sub-Saharan Africa
7	#FB61D7	1962	40.3700975609756	Gabon	Sub-Saharan Africa
7	#FB61D7	1963	40.9200731707317	Gabon	Sub-Saharan Africa
7	#FB61D7	1964	41.5785365853659	Gabon	Sub-Saharan Africa
7	#FB61D7	1965	42.335512195122	Gabon	Sub-Saharan Africa
7	#FB61D7	1966	43.1694878048781	Gabon	Sub-Saharan Africa
7	#FB61D7	1967	44.0414634146342	Gabon	Sub-Saharan Africa
7	#FB61D7	1968	44.9199268292683	Gabon	Sub-Saharan Africa
7	#FB61D7	1969	45.7884146341463	Gabon	Sub-Saharan Africa
7	#FB61D7	1970	46.6358780487805	Gabon	Sub-Saharan Africa
7	#FB61D7	1971	47.4603658536585	Gabon	Sub-Saharan Africa
7	#FB61D7	1972	48.2733658536585	Gabon	Sub-Saharan Africa
7	#FB61D7	1973	49.0828780487805	Gabon	Sub-Saharan Africa
7	#FB61D7	1974	49.8903902439024	Gabon	Sub-Saharan Africa
7	#FB61D7	1975	50.6999024390244	Gabon	Sub-Saharan Africa
7	#FB61D7	1960	45.9767073170732	Ghana	Sub-Saharan Africa
7	#FB61D7	1961	46.3184390243902	Ghana	Sub-Saharan Africa
7	#FB61D7	1962	46.6138048780488	Ghana	Sub-Saharan Africa
7	#FB61D7	1963	46.8717804878049	Ghana	Sub-Saharan Africa
7	#FB61D7	1964	47.1062682926829	Ghana	Sub-Saharan Africa
7	#FB61D7	1965	47.3360243902439	Ghana	Sub-Saharan Africa
7	#FB61D7	1966	47.5802195121951	Ghana	Sub-Saharan Africa
7	#FB61D7	1967	47.852243902439	Ghana	Sub-Saharan Africa
7	#FB61D7	1968	48.161512195122	Ghana	Sub-Saharan Africa
7	#FB61D7	1969	48.5126585365854	Ghana	Sub-Saharan Africa
7	#FB61D7	1970	48.9089512195122	Ghana	Sub-Saharan Africa
7	#FB61D7	1971	49.3447317073171	Ghana	Sub-Saharan Africa
7	#FB61D7	1972	49.8064146341463	Ghana	Sub-Saharan Africa
7	#FB61D7	1973	50.277756097561	Ghana	Sub-Saharan Africa
7	#FB61D7	1974	50.7479024390244	Ghana	Sub-Saharan Africa
7	#FB61D7	1975	51.2058536585366	Ghana	Sub-Saharan Africa
7	#FB61D7	1960	33.5446341463415	Gambia, The	Sub-Saharan Africa
7	#FB61D7	1961	33.7785609756098	Gambia, The	Sub-Saharan Africa
7	#FB61D7	1962	34.0109756097561	Gambia, The	Sub-Saharan Africa
7	#FB61D7	1963	34.2559024390244	Gambia, The	Sub-Saharan Africa
7	#FB61D7	1964	34.5303414634146	Gambia, The	Sub-Saharan Africa
7	#FB61D7	1965	34.8688048780488	Gambia, The	Sub-Saharan Africa
7	#FB61D7	1966	35.3063170731707	Gambia, The	Sub-Saharan Africa
7	#FB61D7	1967	35.8623658536585	Gambia, The	Sub-Saharan Africa
7	#FB61D7	1968	36.5429756097561	Gambia, The	Sub-Saharan Africa
7	#FB61D7	1969	37.3421463414634	Gambia, The	Sub-Saharan Africa
7	#FB61D7	1970	38.2423658536585	Gambia, The	Sub-Saharan Africa
7	#FB61D7	1971	39.2116097560976	Gambia, The	Sub-Saharan Africa
7	#FB61D7	1972	40.2113902439024	Gambia, The	Sub-Saharan Africa
7	#FB61D7	1973	41.2051707317073	Gambia, The	Sub-Saharan Africa
7	#FB61D7	1974	42.1739512195122	Gambia, The	Sub-Saharan Africa
7	#FB61D7	1975	43.1097317073171	Gambia, The	Sub-Saharan Africa
7	#FB61D7	1960	32.3641219512195	Guinea	Sub-Saharan Africa
7	#FB61D7	1961	32.4533170731707	Guinea	Sub-Saharan Africa
7	#FB61D7	1962	32.5340975609756	Guinea	Sub-Saharan Africa
7	#FB61D7	1963	32.6103902439024	Guinea	Sub-Saharan Africa
7	#FB61D7	1964	32.6901707317073	Guinea	Sub-Saharan Africa
7	#FB61D7	1965	32.7882682926829	Guinea	Sub-Saharan Africa
7	#FB61D7	1966	32.9195365853659	Guinea	Sub-Saharan Africa
7	#FB61D7	1967	33.0958780487805	Guinea	Sub-Saharan Africa
7	#FB61D7	1968	33.3252682926829	Guinea	Sub-Saharan Africa
7	#FB61D7	1969	33.612243902439	Guinea	Sub-Saharan Africa
7	#FB61D7	1970	33.9579268292683	Guinea	Sub-Saharan Africa
7	#FB61D7	1971	34.358512195122	Guinea	Sub-Saharan Africa
7	#FB61D7	1972	34.8026585365854	Guinea	Sub-Saharan Africa
7	#FB61D7	1973	35.2765609756098	Guinea	Sub-Saharan Africa
7	#FB61D7	1974	35.7712682926829	Guinea	Sub-Saharan Africa
7	#FB61D7	1975	36.2787317073171	Guinea	Sub-Saharan Africa
7	#FB61D7	1960	36.7330487804878	Equatorial Guinea	Sub-Saharan Africa
7	#FB61D7	1961	37.0324878048781	Equatorial Guinea	Sub-Saharan Africa
7	#FB61D7	1962	37.3319268292683	Equatorial Guinea	Sub-Saharan Africa
7	#FB61D7	1963	37.6313414634146	Equatorial Guinea	Sub-Saharan Africa
7	#FB61D7	1964	37.9312682926829	Equatorial Guinea	Sub-Saharan Africa
7	#FB61D7	1965	38.2311707317073	Equatorial Guinea	Sub-Saharan Africa
7	#FB61D7	1966	38.5315853658537	Equatorial Guinea	Sub-Saharan Africa
7	#FB61D7	1967	38.833	Equatorial Guinea	Sub-Saharan Africa
7	#FB61D7	1968	39.1364390243902	Equatorial Guinea	Sub-Saharan Africa
7	#FB61D7	1969	39.4398780487805	Equatorial Guinea	Sub-Saharan Africa
7	#FB61D7	1970	39.7438536585366	Equatorial Guinea	Sub-Saharan Africa
7	#FB61D7	1971	40.0468536585366	Equatorial Guinea	Sub-Saharan Africa
7	#FB61D7	1972	40.3473658536585	Equatorial Guinea	Sub-Saharan Africa
7	#FB61D7	1973	40.6473902439024	Equatorial Guinea	Sub-Saharan Africa
7	#FB61D7	1974	40.9469024390244	Equatorial Guinea	Sub-Saharan Africa
7	#FB61D7	1975	41.2463658536585	Equatorial Guinea	Sub-Saharan Africa
7	#FB61D7	1960	34.5066829268293	Guinea-Bissau	Sub-Saharan Africa
7	#FB61D7	1961	34.7786341463415	Guinea-Bissau	Sub-Saharan Africa
7	#FB61D7	1962	35.0500731707317	Guinea-Bissau	Sub-Saharan Africa
7	#FB61D7	1963	35.3200243902439	Guinea-Bissau	Sub-Saharan Africa
7	#FB61D7	1964	35.5899756097561	Guinea-Bissau	Sub-Saharan Africa
7	#FB61D7	1965	35.8594146341463	Guinea-Bissau	Sub-Saharan Africa
7	#FB61D7	1966	36.1298780487805	Guinea-Bissau	Sub-Saharan Africa
7	#FB61D7	1967	36.4003414634146	Guinea-Bissau	Sub-Saharan Africa
7	#FB61D7	1968	36.6718292682927	Guinea-Bissau	Sub-Saharan Africa
7	#FB61D7	1969	36.9428048780488	Guinea-Bissau	Sub-Saharan Africa
7	#FB61D7	1970	37.2088048780488	Guinea-Bissau	Sub-Saharan Africa
7	#FB61D7	1971	37.4623170731707	Guinea-Bissau	Sub-Saharan Africa
7	#FB61D7	1972	37.7023170731707	Guinea-Bissau	Sub-Saharan Africa
7	#FB61D7	1973	37.9318048780488	Guinea-Bissau	Sub-Saharan Africa
7	#FB61D7	1974	38.1568048780488	Guinea-Bissau	Sub-Saharan Africa
7	#FB61D7	1975	38.3902926829268	Guinea-Bissau	Sub-Saharan Africa
7	#FB61D7	1960	46.3624146341463	Kenya	Sub-Saharan Africa
7	#FB61D7	1961	47.013	Kenya	Sub-Saharan Africa
7	#FB61D7	1962	47.652243902439	Kenya	Sub-Saharan Africa
7	#FB61D7	1963	48.269756097561	Kenya	Sub-Saharan Africa
7	#FB61D7	1964	48.8605853658537	Kenya	Sub-Saharan Africa
7	#FB61D7	1965	49.428756097561	Kenya	Sub-Saharan Africa
7	#FB61D7	1966	49.9816829268293	Kenya	Sub-Saharan Africa
7	#FB61D7	1967	50.533243902439	Kenya	Sub-Saharan Africa
7	#FB61D7	1968	51.0918536585366	Kenya	Sub-Saharan Africa
7	#FB61D7	1969	51.6609756097561	Kenya	Sub-Saharan Africa
7	#FB61D7	1970	52.2365853658537	Kenya	Sub-Saharan Africa
7	#FB61D7	1971	52.814243902439	Kenya	Sub-Saharan Africa
7	#FB61D7	1972	53.3859512195122	Kenya	Sub-Saharan Africa
7	#FB61D7	1973	53.945756097561	Kenya	Sub-Saharan Africa
7	#FB61D7	1974	54.4921463414634	Kenya	Sub-Saharan Africa
7	#FB61D7	1975	55.0311219512195	Kenya	Sub-Saharan Africa
7	#FB61D7	1960	43.4419512195122	Comoros	Sub-Saharan Africa
7	#FB61D7	1961	43.8381463414634	Comoros	Sub-Saharan Africa
7	#FB61D7	1962	44.2339756097561	Comoros	Sub-Saharan Africa
7	#FB61D7	1963	44.6288780487805	Comoros	Sub-Saharan Africa
7	#FB61D7	1964	45.0247073170732	Comoros	Sub-Saharan Africa
7	#FB61D7	1965	45.4262926829268	Comoros	Sub-Saharan Africa
7	#FB61D7	1966	45.8439024390244	Comoros	Sub-Saharan Africa
7	#FB61D7	1967	46.2819512195122	Comoros	Sub-Saharan Africa
7	#FB61D7	1968	46.7409756097561	Comoros	Sub-Saharan Africa
7	#FB61D7	1969	47.2185365853659	Comoros	Sub-Saharan Africa
7	#FB61D7	1970	47.7073170731707	Comoros	Sub-Saharan Africa
7	#FB61D7	1971	48.1960975609756	Comoros	Sub-Saharan Africa
7	#FB61D7	1972	48.6736585365854	Comoros	Sub-Saharan Africa
7	#FB61D7	1973	49.1326829268293	Comoros	Sub-Saharan Africa
7	#FB61D7	1974	49.5707317073171	Comoros	Sub-Saharan Africa
7	#FB61D7	1975	49.9868292682927	Comoros	Sub-Saharan Africa
7	#FB61D7	1960	37.6482682926829	Liberia	Sub-Saharan Africa
7	#FB61D7	1961	38.0174634146342	Liberia	Sub-Saharan Africa
7	#FB61D7	1962	38.3846585365854	Liberia	Sub-Saharan Africa
7	#FB61D7	1963	38.7503414634146	Liberia	Sub-Saharan Africa
7	#FB61D7	1964	39.114512195122	Liberia	Sub-Saharan Africa
7	#FB61D7	1965	39.4781951219512	Liberia	Sub-Saharan Africa
7	#FB61D7	1966	39.8434390243903	Liberia	Sub-Saharan Africa
7	#FB61D7	1967	40.2097317073171	Liberia	Sub-Saharan Africa
7	#FB61D7	1968	40.5765853658537	Liberia	Sub-Saharan Africa
7	#FB61D7	1969	40.9434878048781	Liberia	Sub-Saharan Africa
7	#FB61D7	1970	41.3114146341463	Liberia	Sub-Saharan Africa
7	#FB61D7	1971	41.6853414634146	Liberia	Sub-Saharan Africa
7	#FB61D7	1972	42.0617317073171	Liberia	Sub-Saharan Africa
7	#FB61D7	1973	42.4340487804878	Liberia	Sub-Saharan Africa
7	#FB61D7	1974	42.7902682926829	Liberia	Sub-Saharan Africa
7	#FB61D7	1975	43.1158780487805	Liberia	Sub-Saharan Africa
7	#FB61D7	1960	46.5009512195122	Lesotho	Sub-Saharan Africa
7	#FB61D7	1961	46.9849756097561	Lesotho	Sub-Saharan Africa
7	#FB61D7	1962	47.3924878048781	Lesotho	Sub-Saharan Africa
7	#FB61D7	1963	47.7164878048781	Lesotho	Sub-Saharan Africa
7	#FB61D7	1964	47.9614878048781	Lesotho	Sub-Saharan Africa
7	#FB61D7	1965	48.1404878048781	Lesotho	Sub-Saharan Africa
7	#FB61D7	1966	48.273	Lesotho	Sub-Saharan Africa
7	#FB61D7	1967	48.3900731707317	Lesotho	Sub-Saharan Africa
7	#FB61D7	1968	48.5211707317073	Lesotho	Sub-Saharan Africa
7	#FB61D7	1969	48.6848048780488	Lesotho	Sub-Saharan Africa
7	#FB61D7	1970	48.8984634146342	Lesotho	Sub-Saharan Africa
7	#FB61D7	1971	49.1701219512195	Lesotho	Sub-Saharan Africa
7	#FB61D7	1972	49.4942682926829	Lesotho	Sub-Saharan Africa
7	#FB61D7	1973	49.8653902439024	Lesotho	Sub-Saharan Africa
7	#FB61D7	1974	50.2839512195122	Lesotho	Sub-Saharan Africa
7	#FB61D7	1975	50.7529756097561	Lesotho	Sub-Saharan Africa
7	#FB61D7	1960	39.8808780487805	Madagascar	Sub-Saharan Africa
7	#FB61D7	1961	40.2799756097561	Madagascar	Sub-Saharan Africa
7	#FB61D7	1962	40.6787073170732	Madagascar	Sub-Saharan Africa
7	#FB61D7	1963	41.0800243902439	Madagascar	Sub-Saharan Africa
7	#FB61D7	1964	41.4828780487805	Madagascar	Sub-Saharan Africa
7	#FB61D7	1965	41.8886585365854	Madagascar	Sub-Saharan Africa
7	#FB61D7	1966	42.2947317073171	Madagascar	Sub-Saharan Africa
7	#FB61D7	1967	42.6995609756098	Madagascar	Sub-Saharan Africa
7	#FB61D7	1968	43.1021219512195	Madagascar	Sub-Saharan Africa
7	#FB61D7	1969	43.5024390243902	Madagascar	Sub-Saharan Africa
7	#FB61D7	1970	43.8996097560976	Madagascar	Sub-Saharan Africa
7	#FB61D7	1971	44.2952682926829	Madagascar	Sub-Saharan Africa
7	#FB61D7	1972	44.6895609756098	Madagascar	Sub-Saharan Africa
7	#FB61D7	1973	45.0855853658537	Madagascar	Sub-Saharan Africa
7	#FB61D7	1974	45.4849024390244	Madagascar	Sub-Saharan Africa
7	#FB61D7	1975	45.8969756097561	Madagascar	Sub-Saharan Africa
7	#FB61D7	1960	30.3108048780488	Mali	Sub-Saharan Africa
7	#FB61D7	1961	30.4661463414634	Mali	Sub-Saharan Africa
7	#FB61D7	1962	30.6864634146342	Mali	Sub-Saharan Africa
7	#FB61D7	1963	30.982756097561	Mali	Sub-Saharan Africa
7	#FB61D7	1964	31.3545609756098	Mali	Sub-Saharan Africa
7	#FB61D7	1965	31.7974146341463	Mali	Sub-Saharan Africa
7	#FB61D7	1966	32.2978048780488	Mali	Sub-Saharan Africa
7	#FB61D7	1967	32.8352682926829	Mali	Sub-Saharan Africa
7	#FB61D7	1968	33.3882682926829	Mali	Sub-Saharan Africa
7	#FB61D7	1969	33.9453170731707	Mali	Sub-Saharan Africa
7	#FB61D7	1970	34.4959512195122	Mali	Sub-Saharan Africa
7	#FB61D7	1971	35.0361219512195	Mali	Sub-Saharan Africa
7	#FB61D7	1972	35.5683414634146	Mali	Sub-Saharan Africa
7	#FB61D7	1973	36.0956341463415	Mali	Sub-Saharan Africa
7	#FB61D7	1974	36.6154390243902	Mali	Sub-Saharan Africa
7	#FB61D7	1975	37.1268048780488	Mali	Sub-Saharan Africa
7	#FB61D7	1960	42.2319024390244	Mauritania	Sub-Saharan Africa
7	#FB61D7	1961	42.6059024390244	Mauritania	Sub-Saharan Africa
7	#FB61D7	1962	42.9639024390244	Mauritania	Sub-Saharan Africa
7	#FB61D7	1963	43.3129268292683	Mauritania	Sub-Saharan Africa
7	#FB61D7	1964	43.6629268292683	Mauritania	Sub-Saharan Africa
7	#FB61D7	1965	44.0384390243902	Mauritania	Sub-Saharan Africa
7	#FB61D7	1966	44.4654390243903	Mauritania	Sub-Saharan Africa
7	#FB61D7	1967	44.9609268292683	Mauritania	Sub-Saharan Africa
7	#FB61D7	1968	45.5293902439024	Mauritania	Sub-Saharan Africa
7	#FB61D7	1969	46.1673414634146	Mauritania	Sub-Saharan Africa
7	#FB61D7	1970	46.8583170731707	Mauritania	Sub-Saharan Africa
7	#FB61D7	1971	47.5782926829268	Mauritania	Sub-Saharan Africa
7	#FB61D7	1972	48.2968048780488	Mauritania	Sub-Saharan Africa
7	#FB61D7	1973	48.9883658536585	Mauritania	Sub-Saharan Africa
7	#FB61D7	1974	49.6409756097561	Mauritania	Sub-Saharan Africa
7	#FB61D7	1975	50.2526341463415	Mauritania	Sub-Saharan Africa
7	#FB61D7	1960	58.7538780487805	Mauritius	Sub-Saharan Africa
7	#FB61D7	1961	59.7629268292683	Mauritius	Sub-Saharan Africa
7	#FB61D7	1962	60.6444146341463	Mauritius	Sub-Saharan Africa
7	#FB61D7	1963	61.3761707317073	Mauritius	Sub-Saharan Africa
7	#FB61D7	1964	61.9525365853659	Mauritius	Sub-Saharan Africa
7	#FB61D7	1965	62.3724634146342	Mauritius	Sub-Saharan Africa
7	#FB61D7	1966	62.6484878048781	Mauritius	Sub-Saharan Africa
7	#FB61D7	1967	62.8201951219512	Mauritius	Sub-Saharan Africa
7	#FB61D7	1968	62.9336097560976	Mauritius	Sub-Saharan Africa
7	#FB61D7	1969	63.0216585365854	Mauritius	Sub-Saharan Africa
7	#FB61D7	1970	63.119	Mauritius	Sub-Saharan Africa
7	#FB61D7	1971	63.2572195121951	Mauritius	Sub-Saharan Africa
7	#FB61D7	1972	63.448243902439	Mauritius	Sub-Saharan Africa
7	#FB61D7	1973	63.6997317073171	Mauritius	Sub-Saharan Africa
7	#FB61D7	1974	64.0200731707317	Mauritius	Sub-Saharan Africa
7	#FB61D7	1975	64.4150487804878	Mauritius	Sub-Saharan Africa
7	#FB61D7	1960	37.7736341463415	Malawi	Sub-Saharan Africa
7	#FB61D7	1961	37.9981463414634	Malawi	Sub-Saharan Africa
7	#FB61D7	1962	38.2131707317073	Malawi	Sub-Saharan Africa
7	#FB61D7	1963	38.4202195121951	Malawi	Sub-Saharan Africa
7	#FB61D7	1964	38.6242926829268	Malawi	Sub-Saharan Africa
7	#FB61D7	1965	38.8409024390244	Malawi	Sub-Saharan Africa
7	#FB61D7	1966	39.0900487804878	Malawi	Sub-Saharan Africa
7	#FB61D7	1967	39.3847073170732	Malawi	Sub-Saharan Africa
7	#FB61D7	1968	39.7298780487805	Malawi	Sub-Saharan Africa
7	#FB61D7	1969	40.1225609756098	Malawi	Sub-Saharan Africa
7	#FB61D7	1970	40.5492195121951	Malawi	Sub-Saharan Africa
7	#FB61D7	1971	40.9903902439024	Malawi	Sub-Saharan Africa
7	#FB61D7	1972	41.4235365853659	Malawi	Sub-Saharan Africa
7	#FB61D7	1973	41.8341707317073	Malawi	Sub-Saharan Africa
7	#FB61D7	1974	42.2147804878049	Malawi	Sub-Saharan Africa
7	#FB61D7	1975	42.5688292682927	Malawi	Sub-Saharan Africa
7	#FB61D7	1960	35.0037073170732	Mozambique	Sub-Saharan Africa
7	#FB61D7	1961	35.466756097561	Mozambique	Sub-Saharan Africa
7	#FB61D7	1962	35.9122682926829	Mozambique	Sub-Saharan Africa
7	#FB61D7	1963	36.3387804878049	Mozambique	Sub-Saharan Africa
7	#FB61D7	1964	36.748756097561	Mozambique	Sub-Saharan Africa
7	#FB61D7	1965	37.1482195121951	Mozambique	Sub-Saharan Africa
7	#FB61D7	1966	37.5436829268293	Mozambique	Sub-Saharan Africa
7	#FB61D7	1967	37.9436829268293	Mozambique	Sub-Saharan Africa
7	#FB61D7	1968	38.3536829268293	Mozambique	Sub-Saharan Africa
7	#FB61D7	1969	38.7757317073171	Mozambique	Sub-Saharan Africa
7	#FB61D7	1970	39.2158292682927	Mozambique	Sub-Saharan Africa
7	#FB61D7	1971	39.6799756097561	Mozambique	Sub-Saharan Africa
7	#FB61D7	1972	40.1611463414634	Mozambique	Sub-Saharan Africa
7	#FB61D7	1973	40.6478780487805	Mozambique	Sub-Saharan Africa
7	#FB61D7	1974	41.1261463414634	Mozambique	Sub-Saharan Africa
7	#FB61D7	1975	41.575	Mozambique	Sub-Saharan Africa
7	#FB61D7	1960	46.8803902439024	Namibia	Sub-Saharan Africa
7	#FB61D7	1961	47.4991951219512	Namibia	Sub-Saharan Africa
7	#FB61D7	1962	48.1010975609756	Namibia	Sub-Saharan Africa
7	#FB61D7	1963	48.6860731707317	Namibia	Sub-Saharan Africa
7	#FB61D7	1964	49.2571463414634	Namibia	Sub-Saharan Africa
7	#FB61D7	1965	49.8152682926829	Namibia	Sub-Saharan Africa
7	#FB61D7	1966	50.3649268292683	Namibia	Sub-Saharan Africa
7	#FB61D7	1967	50.9090243902439	Namibia	Sub-Saharan Africa
7	#FB61D7	1968	51.4495609756098	Namibia	Sub-Saharan Africa
7	#FB61D7	1969	51.9894878048781	Namibia	Sub-Saharan Africa
7	#FB61D7	1970	52.5273170731707	Namibia	Sub-Saharan Africa
7	#FB61D7	1971	53.0635609756098	Namibia	Sub-Saharan Africa
7	#FB61D7	1972	53.596243902439	Namibia	Sub-Saharan Africa
7	#FB61D7	1973	54.1233902439024	Namibia	Sub-Saharan Africa
7	#FB61D7	1974	54.646	Namibia	Sub-Saharan Africa
7	#FB61D7	1975	55.1675609756098	Namibia	Sub-Saharan Africa
7	#FB61D7	1960	37.897243902439	Niger	Sub-Saharan Africa
7	#FB61D7	1961	37.9237073170732	Niger	Sub-Saharan Africa
7	#FB61D7	1962	37.9491707317073	Niger	Sub-Saharan Africa
7	#FB61D7	1963	37.9746341463415	Niger	Sub-Saharan Africa
7	#FB61D7	1964	38.0026097560976	Niger	Sub-Saharan Africa
7	#FB61D7	1965	38.0335853658537	Niger	Sub-Saharan Africa
7	#FB61D7	1966	38.0695609756098	Niger	Sub-Saharan Africa
7	#FB61D7	1967	38.1120487804878	Niger	Sub-Saharan Africa
7	#FB61D7	1968	38.1610487804878	Niger	Sub-Saharan Africa
7	#FB61D7	1969	38.2185365853659	Niger	Sub-Saharan Africa
7	#FB61D7	1970	38.2870487804878	Niger	Sub-Saharan Africa
7	#FB61D7	1971	38.3670487804878	Niger	Sub-Saharan Africa
7	#FB61D7	1972	38.4605365853659	Niger	Sub-Saharan Africa
7	#FB61D7	1973	38.5650243902439	Niger	Sub-Saharan Africa
7	#FB61D7	1974	38.6809756097561	Niger	Sub-Saharan Africa
7	#FB61D7	1975	38.8074146341464	Niger	Sub-Saharan Africa
7	#FB61D7	1960	38.4964878048781	Nigeria	Sub-Saharan Africa
7	#FB61D7	1961	38.8726097560976	Nigeria	Sub-Saharan Africa
7	#FB61D7	1962	39.2456829268293	Nigeria	Sub-Saharan Africa
7	#FB61D7	1963	39.616243902439	Nigeria	Sub-Saharan Africa
7	#FB61D7	1964	39.9862926829268	Nigeria	Sub-Saharan Africa
7	#FB61D7	1965	40.3594390243902	Nigeria	Sub-Saharan Africa
7	#FB61D7	1966	40.7417804878049	Nigeria	Sub-Saharan Africa
7	#FB61D7	1967	41.1363658536585	Nigeria	Sub-Saharan Africa
7	#FB61D7	1968	41.5412195121951	Nigeria	Sub-Saharan Africa
7	#FB61D7	1969	41.9537804878049	Nigeria	Sub-Saharan Africa
7	#FB61D7	1970	42.3694634146342	Nigeria	Sub-Saharan Africa
7	#FB61D7	1971	42.7811219512195	Nigeria	Sub-Saharan Africa
7	#FB61D7	1972	43.1811707317073	Nigeria	Sub-Saharan Africa
7	#FB61D7	1973	43.5619756097561	Nigeria	Sub-Saharan Africa
7	#FB61D7	1974	43.918512195122	Nigeria	Sub-Saharan Africa
7	#FB61D7	1975	44.2473170731707	Nigeria	Sub-Saharan Africa
7	#FB61D7	1960	42.2249024390244	Rwanda	Sub-Saharan Africa
7	#FB61D7	1961	42.5193658536585	Rwanda	Sub-Saharan Africa
7	#FB61D7	1962	42.8038048780488	Rwanda	Sub-Saharan Africa
7	#FB61D7	1963	43.075243902439	Rwanda	Sub-Saharan Africa
7	#FB61D7	1964	43.3286585365854	Rwanda	Sub-Saharan Africa
7	#FB61D7	1965	43.5580731707317	Rwanda	Sub-Saharan Africa
7	#FB61D7	1966	43.7564634146341	Rwanda	Sub-Saharan Africa
7	#FB61D7	1967	43.9233658536585	Rwanda	Sub-Saharan Africa
7	#FB61D7	1968	44.0632926829268	Rwanda	Sub-Saharan Africa
7	#FB61D7	1969	44.182756097561	Rwanda	Sub-Saharan Africa
7	#FB61D7	1970	44.2832926829268	Rwanda	Sub-Saharan Africa
7	#FB61D7	1971	44.3679024390244	Rwanda	Sub-Saharan Africa
7	#FB61D7	1972	44.4476341463415	Rwanda	Sub-Saharan Africa
7	#FB61D7	1973	44.5419268292683	Rwanda	Sub-Saharan Africa
7	#FB61D7	1974	44.6718048780488	Rwanda	Sub-Saharan Africa
7	#FB61D7	1975	44.8971951219512	Rwanda	Sub-Saharan Africa
7	#FB61D7	1960	41.5859268292683	Sudan	Sub-Saharan Africa
7	#FB61D7	1961	41.8539024390244	Sudan	Sub-Saharan Africa
7	#FB61D7	1962	42.1479024390244	Sudan	Sub-Saharan Africa
7	#FB61D7	1963	42.4689024390244	Sudan	Sub-Saharan Africa
7	#FB61D7	1964	42.8159268292683	Sudan	Sub-Saharan Africa
7	#FB61D7	1965	43.1844634146342	Sudan	Sub-Saharan Africa
7	#FB61D7	1966	43.5700243902439	Sudan	Sub-Saharan Africa
7	#FB61D7	1967	43.9640731707317	Sudan	Sub-Saharan Africa
7	#FB61D7	1968	44.3611463414634	Sudan	Sub-Saharan Africa
7	#FB61D7	1969	44.7582195121951	Sudan	Sub-Saharan Africa
7	#FB61D7	1970	45.1552926829268	Sudan	Sub-Saharan Africa
7	#FB61D7	1971	45.5543902439024	Sudan	Sub-Saharan Africa
7	#FB61D7	1972	45.9584878048781	Sudan	Sub-Saharan Africa
7	#FB61D7	1973	46.3695853658537	Sudan	Sub-Saharan Africa
7	#FB61D7	1974	46.7866829268293	Sudan	Sub-Saharan Africa
7	#FB61D7	1975	47.2092682926829	Sudan	Sub-Saharan Africa
7	#FB61D7	1960	31.4612195121951	Sierra Leone	Sub-Saharan Africa
7	#FB61D7	1961	31.7149512195122	Sierra Leone	Sub-Saharan Africa
7	#FB61D7	1962	31.9848292682927	Sierra Leone	Sub-Saharan Africa
7	#FB61D7	1963	32.2758292682927	Sierra Leone	Sub-Saharan Africa
7	#FB61D7	1964	32.5924146341463	Sierra Leone	Sub-Saharan Africa
7	#FB61D7	1965	32.938	Sierra Leone	Sub-Saharan Africa
7	#FB61D7	1966	33.3124878048781	Sierra Leone	Sub-Saharan Africa
7	#FB61D7	1967	33.7167804878049	Sierra Leone	Sub-Saharan Africa
7	#FB61D7	1968	34.1538536585366	Sierra Leone	Sub-Saharan Africa
7	#FB61D7	1969	34.6286585365854	Sierra Leone	Sub-Saharan Africa
7	#FB61D7	1970	35.1521951219512	Sierra Leone	Sub-Saharan Africa
7	#FB61D7	1971	35.7394878048781	Sierra Leone	Sub-Saharan Africa
7	#FB61D7	1972	36.3916097560976	Sierra Leone	Sub-Saharan Africa
7	#FB61D7	1973	37.1046829268293	Sierra Leone	Sub-Saharan Africa
7	#FB61D7	1974	37.8687804878049	Sierra Leone	Sub-Saharan Africa
7	#FB61D7	1975	38.6890487804878	Sierra Leone	Sub-Saharan Africa
7	#FB61D7	1960	38.933	Senegal	Sub-Saharan Africa
7	#FB61D7	1961	39.0632682926829	Senegal	Sub-Saharan Africa
7	#FB61D7	1962	39.1810487804878	Senegal	Sub-Saharan Africa
7	#FB61D7	1963	39.2948292682927	Senegal	Sub-Saharan Africa
7	#FB61D7	1964	39.4161219512195	Senegal	Sub-Saharan Africa
7	#FB61D7	1965	39.5534146341464	Senegal	Sub-Saharan Africa
7	#FB61D7	1966	39.7147317073171	Senegal	Sub-Saharan Africa
7	#FB61D7	1967	39.9055365853659	Senegal	Sub-Saharan Africa
7	#FB61D7	1968	40.1353658536585	Senegal	Sub-Saharan Africa
7	#FB61D7	1969	40.4121951219512	Senegal	Sub-Saharan Africa
7	#FB61D7	1970	40.7495365853659	Senegal	Sub-Saharan Africa
7	#FB61D7	1971	41.1554146341463	Senegal	Sub-Saharan Africa
7	#FB61D7	1972	41.6312926829268	Senegal	Sub-Saharan Africa
7	#FB61D7	1973	42.1732195121951	Senegal	Sub-Saharan Africa
7	#FB61D7	1974	42.7781463414634	Senegal	Sub-Saharan Africa
7	#FB61D7	1975	43.4430731707317	Senegal	Sub-Saharan Africa
7	#FB61D7	1960	35.9853414634146	Somalia	Sub-Saharan Africa
7	#FB61D7	1961	36.3862195121951	Somalia	Sub-Saharan Africa
7	#FB61D7	1962	36.7866097560976	Somalia	Sub-Saharan Africa
7	#FB61D7	1963	37.187512195122	Somalia	Sub-Saharan Africa
7	#FB61D7	1964	37.5879024390244	Somalia	Sub-Saharan Africa
7	#FB61D7	1965	37.9908048780488	Somalia	Sub-Saharan Africa
7	#FB61D7	1966	38.4017073170732	Somalia	Sub-Saharan Africa
7	#FB61D7	1967	38.8196097560976	Somalia	Sub-Saharan Africa
7	#FB61D7	1968	39.240512195122	Somalia	Sub-Saharan Africa
7	#FB61D7	1969	39.6594146341464	Somalia	Sub-Saharan Africa
7	#FB61D7	1970	40.0603170731707	Somalia	Sub-Saharan Africa
7	#FB61D7	1971	40.4272195121951	Somalia	Sub-Saharan Africa
7	#FB61D7	1972	40.7501463414634	Somalia	Sub-Saharan Africa
7	#FB61D7	1973	41.0290731707317	Somalia	Sub-Saharan Africa
7	#FB61D7	1974	41.2695121951219	Somalia	Sub-Saharan Africa
7	#FB61D7	1975	41.4879512195122	Somalia	Sub-Saharan Africa
7	#FB61D7	1960	50.4869756097561	Sao Tome and Principe	Sub-Saharan Africa
7	#FB61D7	1961	51.075756097561	Sao Tome and Principe	Sub-Saharan Africa
7	#FB61D7	1962	51.6565853658537	Sao Tome and Principe	Sub-Saharan Africa
7	#FB61D7	1963	52.2224390243903	Sao Tome and Principe	Sub-Saharan Africa
7	#FB61D7	1964	52.7668536585366	Sao Tome and Principe	Sub-Saharan Africa
7	#FB61D7	1965	53.2827804878049	Sao Tome and Principe	Sub-Saharan Africa
7	#FB61D7	1966	53.7661463414634	Sao Tome and Principe	Sub-Saharan Africa
7	#FB61D7	1967	54.2194390243903	Sao Tome and Principe	Sub-Saharan Africa
7	#FB61D7	1968	54.6491951219512	Sao Tome and Principe	Sub-Saharan Africa
7	#FB61D7	1969	55.0609756097561	Sao Tome and Principe	Sub-Saharan Africa
7	#FB61D7	1970	55.4714634146342	Sao Tome and Principe	Sub-Saharan Africa
7	#FB61D7	1971	55.8963658536585	Sao Tome and Principe	Sub-Saharan Africa
7	#FB61D7	1972	56.3463170731707	Sao Tome and Principe	Sub-Saharan Africa
7	#FB61D7	1973	56.8208048780488	Sao Tome and Principe	Sub-Saharan Africa
7	#FB61D7	1974	57.3118048780488	Sao Tome and Principe	Sub-Saharan Africa
7	#FB61D7	1975	57.8001219512195	Sao Tome and Principe	Sub-Saharan Africa
7	#FB61D7	1960	44.2387804878049	Swaziland	Sub-Saharan Africa
7	#FB61D7	1961	44.5348780487805	Swaziland	Sub-Saharan Africa
7	#FB61D7	1962	44.8194634146342	Swaziland	Sub-Saharan Africa
7	#FB61D7	1963	45.1005609756098	Swaziland	Sub-Saharan Africa
7	#FB61D7	1964	45.3886585365854	Swaziland	Sub-Saharan Africa
7	#FB61D7	1965	45.701243902439	Swaziland	Sub-Saharan Africa
7	#FB61D7	1966	46.0528048780488	Swaziland	Sub-Saharan Africa
7	#FB61D7	1967	46.4528048780488	Swaziland	Sub-Saharan Africa
7	#FB61D7	1968	46.9052682926829	Swaziland	Sub-Saharan Africa
7	#FB61D7	1969	47.4107073170732	Swaziland	Sub-Saharan Africa
7	#FB61D7	1970	47.9616341463415	Swaziland	Sub-Saharan Africa
7	#FB61D7	1971	48.5470975609756	Swaziland	Sub-Saharan Africa
7	#FB61D7	1972	49.1506341463415	Swaziland	Sub-Saharan Africa
7	#FB61D7	1973	49.7592195121951	Swaziland	Sub-Saharan Africa
7	#FB61D7	1974	50.3673902439024	Swaziland	Sub-Saharan Africa
7	#FB61D7	1975	50.9770731707317	Swaziland	Sub-Saharan Africa
7	#FB61D7	1960	40.2428292682927	Chad	Sub-Saharan Africa
7	#FB61D7	1961	40.6212682926829	Chad	Sub-Saharan Africa
7	#FB61D7	1962	41.0037073170732	Chad	Sub-Saharan Africa
7	#FB61D7	1963	41.3896341463415	Chad	Sub-Saharan Africa
7	#FB61D7	1964	41.7775853658537	Chad	Sub-Saharan Africa
7	#FB61D7	1965	42.162	Chad	Sub-Saharan Africa
7	#FB61D7	1966	42.5374146341463	Chad	Sub-Saharan Africa
7	#FB61D7	1967	42.9022926829268	Chad	Sub-Saharan Africa
7	#FB61D7	1968	43.2546585365854	Chad	Sub-Saharan Africa
7	#FB61D7	1969	43.5964878048781	Chad	Sub-Saharan Africa
7	#FB61D7	1970	43.9302926829268	Chad	Sub-Saharan Africa
7	#FB61D7	1971	44.2620731707317	Chad	Sub-Saharan Africa
7	#FB61D7	1972	44.5968292682927	Chad	Sub-Saharan Africa
7	#FB61D7	1973	44.9415853658537	Chad	Sub-Saharan Africa
7	#FB61D7	1974	45.2998780487805	Chad	Sub-Saharan Africa
7	#FB61D7	1975	45.678756097561	Chad	Sub-Saharan Africa
7	#FB61D7	1960	39.5561219512195	Togo	Sub-Saharan Africa
7	#FB61D7	1961	40.1329268292683	Togo	Sub-Saharan Africa
7	#FB61D7	1962	40.7076829268293	Togo	Sub-Saharan Africa
7	#FB61D7	1963	41.2794146341463	Togo	Sub-Saharan Africa
7	#FB61D7	1964	41.8480975609756	Togo	Sub-Saharan Africa
7	#FB61D7	1965	42.4177804878049	Togo	Sub-Saharan Africa
7	#FB61D7	1966	42.9909756097561	Togo	Sub-Saharan Africa
7	#FB61D7	1967	43.5687073170732	Togo	Sub-Saharan Africa
7	#FB61D7	1968	44.1484634146342	Togo	Sub-Saharan Africa
7	#FB61D7	1969	44.725756097561	Togo	Sub-Saharan Africa
7	#FB61D7	1970	45.2925609756098	Togo	Sub-Saharan Africa
7	#FB61D7	1971	45.8383658536585	Togo	Sub-Saharan Africa
7	#FB61D7	1972	46.3570975609756	Togo	Sub-Saharan Africa
7	#FB61D7	1973	46.8437804878049	Togo	Sub-Saharan Africa
7	#FB61D7	1974	47.2973902439024	Togo	Sub-Saharan Africa
7	#FB61D7	1975	47.7214146341463	Togo	Sub-Saharan Africa
7	#FB61D7	1960	43.6538780487805	Tanzania	Sub-Saharan Africa
7	#FB61D7	1961	43.9072926829268	Tanzania	Sub-Saharan Africa
7	#FB61D7	1962	44.162243902439	Tanzania	Sub-Saharan Africa
7	#FB61D7	1963	44.4237073170732	Tanzania	Sub-Saharan Africa
7	#FB61D7	1964	44.6977073170732	Tanzania	Sub-Saharan Africa
7	#FB61D7	1965	44.9887317073171	Tanzania	Sub-Saharan Africa
7	#FB61D7	1966	45.2972926829268	Tanzania	Sub-Saharan Africa
7	#FB61D7	1967	45.6208536585366	Tanzania	Sub-Saharan Africa
7	#FB61D7	1968	45.9594146341463	Tanzania	Sub-Saharan Africa
7	#FB61D7	1969	46.3114634146342	Tanzania	Sub-Saharan Africa
7	#FB61D7	1970	46.684	Tanzania	Sub-Saharan Africa
7	#FB61D7	1971	47.082	Tanzania	Sub-Saharan Africa
7	#FB61D7	1972	47.5044634146342	Tanzania	Sub-Saharan Africa
7	#FB61D7	1973	47.9453902439024	Tanzania	Sub-Saharan Africa
7	#FB61D7	1974	48.3938048780488	Tanzania	Sub-Saharan Africa
7	#FB61D7	1975	48.835243902439	Tanzania	Sub-Saharan Africa
7	#FB61D7	1960	43.9785609756098	Uganda	Sub-Saharan Africa
7	#FB61D7	1961	44.5325365853659	Uganda	Sub-Saharan Africa
7	#FB61D7	1962	45.0845609756098	Uganda	Sub-Saharan Africa
7	#FB61D7	1963	45.6336585365854	Uganda	Sub-Saharan Africa
7	#FB61D7	1964	46.1803170731707	Uganda	Sub-Saharan Africa
7	#FB61D7	1965	46.7390243902439	Uganda	Sub-Saharan Africa
7	#FB61D7	1966	47.329756097561	Uganda	Sub-Saharan Africa
7	#FB61D7	1967	47.9569756097561	Uganda	Sub-Saharan Africa
7	#FB61D7	1968	48.6076585365854	Uganda	Sub-Saharan Africa
7	#FB61D7	1969	49.2582926829268	Uganda	Sub-Saharan Africa
7	#FB61D7	1970	49.8633902439024	Uganda	Sub-Saharan Africa
7	#FB61D7	1971	50.3689756097561	Uganda	Sub-Saharan Africa
7	#FB61D7	1972	50.7375609756098	Uganda	Sub-Saharan Africa
7	#FB61D7	1973	50.9521463414634	Uganda	Sub-Saharan Africa
7	#FB61D7	1974	51.0112195121951	Uganda	Sub-Saharan Africa
7	#FB61D7	1975	50.9377804878049	Uganda	Sub-Saharan Africa
7	#FB61D7	1960	49.0362926829268	South Africa	Sub-Saharan Africa
7	#FB61D7	1961	49.4298048780488	South Africa	Sub-Saharan Africa
7	#FB61D7	1962	49.8132926829268	South Africa	Sub-Saharan Africa
7	#FB61D7	1963	50.195756097561	South Africa	Sub-Saharan Africa
7	#FB61D7	1964	50.581756097561	South Africa	Sub-Saharan Africa
7	#FB61D7	1965	50.9718292682927	South Africa	Sub-Saharan Africa
7	#FB61D7	1966	51.3630243902439	South Africa	Sub-Saharan Africa
7	#FB61D7	1967	51.7494146341463	South Africa	Sub-Saharan Africa
7	#FB61D7	1968	52.126	South Africa	Sub-Saharan Africa
7	#FB61D7	1969	52.4932682926829	South Africa	Sub-Saharan Africa
7	#FB61D7	1970	52.8506829268293	South Africa	Sub-Saharan Africa
7	#FB61D7	1971	53.1966585365854	South Africa	Sub-Saharan Africa
7	#FB61D7	1972	53.5346341463415	South Africa	Sub-Saharan Africa
7	#FB61D7	1973	53.8720487804878	South Africa	Sub-Saharan Africa
7	#FB61D7	1974	54.2159024390244	South Africa	Sub-Saharan Africa
7	#FB61D7	1975	54.5791951219512	South Africa	Sub-Saharan Africa
7	#FB61D7	1960	45.1098048780488	Zambia	Sub-Saharan Africa
7	#FB61D7	1961	45.487512195122	Zambia	Sub-Saharan Africa
7	#FB61D7	1962	45.8531707317073	Zambia	Sub-Saharan Africa
7	#FB61D7	1963	46.208243902439	Zambia	Sub-Saharan Africa
7	#FB61D7	1964	46.5571951219512	Zambia	Sub-Saharan Africa
7	#FB61D7	1965	46.9105365853659	Zambia	Sub-Saharan Africa
7	#FB61D7	1966	47.282756097561	Zambia	Sub-Saharan Africa
7	#FB61D7	1967	47.6809268292683	Zambia	Sub-Saharan Africa
7	#FB61D7	1968	48.1055365853659	Zambia	Sub-Saharan Africa
7	#FB61D7	1969	48.5531463414634	Zambia	Sub-Saharan Africa
7	#FB61D7	1970	49.0147317073171	Zambia	Sub-Saharan Africa
7	#FB61D7	1971	49.4778292682927	Zambia	Sub-Saharan Africa
7	#FB61D7	1972	49.9254146341464	Zambia	Sub-Saharan Africa
7	#FB61D7	1973	50.3410243902439	Zambia	Sub-Saharan Africa
7	#FB61D7	1974	50.7141707317073	Zambia	Sub-Saharan Africa
7	#FB61D7	1975	51.0413658536585	Zambia	Sub-Saharan Africa
7	#FB61D7	1960	51.5424634146342	Zimbabwe	Sub-Saharan Africa
7	#FB61D7	1961	51.9149512195122	Zimbabwe	Sub-Saharan Africa
7	#FB61D7	1962	52.2779024390244	Zimbabwe	Sub-Saharan Africa
7	#FB61D7	1963	52.6293170731707	Zimbabwe	Sub-Saharan Africa
7	#FB61D7	1964	52.9716585365854	Zimbabwe	Sub-Saharan Africa
7	#FB61D7	1965	53.3039512195122	Zimbabwe	Sub-Saharan Africa
7	#FB61D7	1966	53.6277073170732	Zimbabwe	Sub-Saharan Africa
7	#FB61D7	1967	53.9454390243903	Zimbabwe	Sub-Saharan Africa
7	#FB61D7	1968	54.2611707317073	Zimbabwe	Sub-Saharan Africa
7	#FB61D7	1969	54.5789024390244	Zimbabwe	Sub-Saharan Africa
7	#FB61D7	1970	54.9026585365854	Zimbabwe	Sub-Saharan Africa
7	#FB61D7	1971	55.2354146341463	Zimbabwe	Sub-Saharan Africa
7	#FB61D7	1972	55.5791951219512	Zimbabwe	Sub-Saharan Africa
7	#FB61D7	1973	55.9379756097561	Zimbabwe	Sub-Saharan Africa
7	#FB61D7	1974	56.3142682926829	Zimbabwe	Sub-Saharan Africa
7	#FB61D7	1975	56.7170243902439	Zimbabwe	Sub-Saharan Africa
3	#53B400	1960	65.1751463414634	Argentina	Latin America & Caribbean
3	#53B400	1961	65.2966341463415	Argentina	Latin America & Caribbean
3	#53B400	1962	65.389243902439	Argentina	Latin America & Caribbean
3	#53B400	1963	65.4655365853659	Argentina	Latin America & Caribbean
3	#53B400	1964	65.5390731707317	Argentina	Latin America & Caribbean
3	#53B400	1965	65.6258780487805	Argentina	Latin America & Caribbean
3	#53B400	1966	65.7409512195122	Argentina	Latin America & Caribbean
3	#53B400	1967	65.888243902439	Argentina	Latin America & Caribbean
3	#53B400	1968	66.0722195121951	Argentina	Latin America & Caribbean
3	#53B400	1969	66.2933170731707	Argentina	Latin America & Caribbean
3	#53B400	1970	66.548512195122	Argentina	Latin America & Caribbean
3	#53B400	1971	66.8302926829268	Argentina	Latin America & Caribbean
3	#53B400	1972	67.1246097560976	Argentina	Latin America & Caribbean
3	#53B400	1973	67.4204390243903	Argentina	Latin America & Caribbean
3	#53B400	1974	67.7132682926829	Argentina	Latin America & Caribbean
3	#53B400	1975	68.0030731707317	Argentina	Latin America & Caribbean
3	#53B400	1960	65.5693658536586	Aruba	Latin America & Caribbean
3	#53B400	1961	65.9880243902439	Aruba	Latin America & Caribbean
3	#53B400	1962	66.3655365853659	Aruba	Latin America & Caribbean
3	#53B400	1963	66.7139756097561	Aruba	Latin America & Caribbean
3	#53B400	1964	67.0442926829268	Aruba	Latin America & Caribbean
3	#53B400	1965	67.369756097561	Aruba	Latin America & Caribbean
3	#53B400	1966	67.699	Aruba	Latin America & Caribbean
3	#53B400	1967	68.0346829268293	Aruba	Latin America & Caribbean
3	#53B400	1968	68.3771463414634	Aruba	Latin America & Caribbean
3	#53B400	1969	68.7284146341464	Aruba	Latin America & Caribbean
3	#53B400	1970	69.0861463414634	Aruba	Latin America & Caribbean
3	#53B400	1971	69.4460975609756	Aruba	Latin America & Caribbean
3	#53B400	1972	69.7986585365854	Aruba	Latin America & Caribbean
3	#53B400	1973	70.1396585365854	Aruba	Latin America & Caribbean
3	#53B400	1974	70.4652926829268	Aruba	Latin America & Caribbean
3	#53B400	1975	70.7778048780488	Aruba	Latin America & Caribbean
3	#53B400	1960	64.4752682926829	Barbados	Latin America & Caribbean
3	#53B400	1961	65.0817804878049	Barbados	Latin America & Caribbean
3	#53B400	1962	65.6108048780488	Barbados	Latin America & Caribbean
3	#53B400	1963	66.0707804878049	Barbados	Latin America & Caribbean
3	#53B400	1964	66.4747073170732	Barbados	Latin America & Caribbean
3	#53B400	1965	66.8380243902439	Barbados	Latin America & Caribbean
3	#53B400	1966	67.174243902439	Barbados	Latin America & Caribbean
3	#53B400	1967	67.4968780487805	Barbados	Latin America & Caribbean
3	#53B400	1968	67.8174634146341	Barbados	Latin America & Caribbean
3	#53B400	1969	68.145	Barbados	Latin America & Caribbean
3	#53B400	1970	68.487512195122	Barbados	Latin America & Caribbean
3	#53B400	1971	68.848512195122	Barbados	Latin America & Caribbean
3	#53B400	1972	69.22	Barbados	Latin America & Caribbean
3	#53B400	1973	69.5960243902439	Barbados	Latin America & Caribbean
3	#53B400	1974	69.9716097560976	Barbados	Latin America & Caribbean
3	#53B400	1975	70.3433170731707	Barbados	Latin America & Caribbean
3	#53B400	1960	42.6520487804878	Bolivia	Latin America & Caribbean
3	#53B400	1961	42.9612926829268	Bolivia	Latin America & Caribbean
3	#53B400	1962	43.2725365853659	Bolivia	Latin America & Caribbean
3	#53B400	1963	43.5867804878049	Bolivia	Latin America & Caribbean
3	#53B400	1964	43.903512195122	Bolivia	Latin America & Caribbean
3	#53B400	1965	44.2182195121951	Bolivia	Latin America & Caribbean
3	#53B400	1966	44.5239024390244	Bolivia	Latin America & Caribbean
3	#53B400	1967	44.8220487804878	Bolivia	Latin America & Caribbean
3	#53B400	1968	45.1181707317073	Bolivia	Latin America & Caribbean
3	#53B400	1969	45.4228048780488	Bolivia	Latin America & Caribbean
3	#53B400	1970	45.7510243902439	Bolivia	Latin America & Caribbean
3	#53B400	1971	46.1218780487805	Bolivia	Latin America & Caribbean
3	#53B400	1972	46.5489024390244	Bolivia	Latin America & Caribbean
3	#53B400	1973	47.0406341463415	Bolivia	Latin America & Caribbean
3	#53B400	1974	47.6000731707317	Bolivia	Latin America & Caribbean
3	#53B400	1975	48.2261707317073	Bolivia	Latin America & Caribbean
3	#53B400	1960	54.4922195121951	Brazil	Latin America & Caribbean
3	#53B400	1961	54.9587317073171	Brazil	Latin America & Caribbean
3	#53B400	1962	55.411756097561	Brazil	Latin America & Caribbean
3	#53B400	1963	55.848243902439	Brazil	Latin America & Caribbean
3	#53B400	1964	56.2676341463415	Brazil	Latin America & Caribbean
3	#53B400	1965	56.6708292682927	Brazil	Latin America & Caribbean
3	#53B400	1966	57.059243902439	Brazil	Latin America & Caribbean
3	#53B400	1967	57.4393658536585	Brazil	Latin America & Caribbean
3	#53B400	1968	57.8137317073171	Brazil	Latin America & Caribbean
3	#53B400	1969	58.1863902439024	Brazil	Latin America & Caribbean
3	#53B400	1970	58.561	Brazil	Latin America & Caribbean
3	#53B400	1971	58.9388048780488	Brazil	Latin America & Caribbean
3	#53B400	1972	59.3203902439024	Brazil	Latin America & Caribbean
3	#53B400	1973	59.7048048780488	Brazil	Latin America & Caribbean
3	#53B400	1974	60.0944390243902	Brazil	Latin America & Caribbean
3	#53B400	1975	60.488512195122	Brazil	Latin America & Caribbean
3	#53B400	1960	63.2249268292683	Bahamas, The	Latin America & Caribbean
3	#53B400	1961	63.5934878048781	Bahamas, The	Latin America & Caribbean
3	#53B400	1962	63.9529512195122	Bahamas, The	Latin America & Caribbean
3	#53B400	1963	64.3053170731707	Bahamas, The	Latin America & Caribbean
3	#53B400	1964	64.6497073170732	Bahamas, The	Latin America & Caribbean
3	#53B400	1965	64.9793170731707	Bahamas, The	Latin America & Caribbean
3	#53B400	1966	65.2869512195122	Bahamas, The	Latin America & Caribbean
3	#53B400	1967	65.5636585365854	Bahamas, The	Latin America & Caribbean
3	#53B400	1968	65.8051219512195	Bahamas, The	Latin America & Caribbean
3	#53B400	1969	66.0115853658537	Bahamas, The	Latin America & Caribbean
3	#53B400	1970	66.1829024390244	Bahamas, The	Latin America & Caribbean
3	#53B400	1971	66.3227073170732	Bahamas, The	Latin America & Caribbean
3	#53B400	1972	66.4389756097561	Bahamas, The	Latin America & Caribbean
3	#53B400	1973	66.5426585365854	Bahamas, The	Latin America & Caribbean
3	#53B400	1974	66.6439512195122	Bahamas, The	Latin America & Caribbean
3	#53B400	1975	66.7560487804878	Bahamas, The	Latin America & Caribbean
3	#53B400	1960	60.8958536585366	Belize	Latin America & Caribbean
3	#53B400	1961	61.3918048780488	Belize	Latin America & Caribbean
3	#53B400	1962	61.8984878048781	Belize	Latin America & Caribbean
3	#53B400	1963	62.4154390243903	Belize	Latin America & Caribbean
3	#53B400	1964	62.9436097560976	Belize	Latin America & Caribbean
3	#53B400	1965	63.4774146341463	Belize	Latin America & Caribbean
3	#53B400	1966	64.0121707317073	Belize	Latin America & Caribbean
3	#53B400	1967	64.5417317073171	Belize	Latin America & Caribbean
3	#53B400	1968	65.0579756097561	Belize	Latin America & Caribbean
3	#53B400	1969	65.5598780487805	Belize	Latin America & Caribbean
3	#53B400	1970	66.0439512195122	Belize	Latin America & Caribbean
3	#53B400	1971	66.512756097561	Belize	Latin America & Caribbean
3	#53B400	1972	66.9684390243903	Belize	Latin America & Caribbean
3	#53B400	1973	67.4126097560976	Belize	Latin America & Caribbean
3	#53B400	1974	67.8458048780488	Belize	Latin America & Caribbean
3	#53B400	1975	68.2665609756098	Belize	Latin America & Caribbean
3	#53B400	1960	57.0162926829268	Chile	Latin America & Caribbean
3	#53B400	1961	57.4063414634146	Chile	Latin America & Caribbean
3	#53B400	1962	57.8295609756098	Chile	Latin America & Caribbean
3	#53B400	1963	58.2884146341463	Chile	Latin America & Caribbean
3	#53B400	1964	58.7809512195122	Chile	Latin America & Caribbean
3	#53B400	1965	59.3026829268293	Chile	Latin America & Caribbean
3	#53B400	1966	59.8456097560976	Chile	Latin America & Caribbean
3	#53B400	1967	60.4031951219512	Chile	Latin America & Caribbean
3	#53B400	1968	60.9709512195122	Chile	Latin America & Caribbean
3	#53B400	1969	61.5472926829268	Chile	Latin America & Caribbean
3	#53B400	1970	62.1367073170732	Chile	Latin America & Caribbean
3	#53B400	1971	62.7466097560976	Chile	Latin America & Caribbean
3	#53B400	1972	63.3829756097561	Chile	Latin America & Caribbean
3	#53B400	1973	64.0492682926829	Chile	Latin America & Caribbean
3	#53B400	1974	64.743	Chile	Latin America & Caribbean
3	#53B400	1975	65.4621463414634	Chile	Latin America & Caribbean
3	#53B400	1960	56.7129268292683	Colombia	Latin America & Caribbean
3	#53B400	1961	57.2438780487805	Colombia	Latin America & Caribbean
3	#53B400	1962	57.7348536585366	Colombia	Latin America & Caribbean
3	#53B400	1963	58.1958292682927	Colombia	Latin America & Caribbean
3	#53B400	1964	58.633756097561	Colombia	Latin America & Caribbean
3	#53B400	1965	59.0520487804878	Colombia	Latin America & Caribbean
3	#53B400	1966	59.4480731707317	Colombia	Latin America & Caribbean
3	#53B400	1967	59.8197804878049	Colombia	Latin America & Caribbean
3	#53B400	1968	60.1686585365854	Colombia	Latin America & Caribbean
3	#53B400	1969	60.5027317073171	Colombia	Latin America & Caribbean
3	#53B400	1970	60.8316829268293	Colombia	Latin America & Caribbean
3	#53B400	1971	61.164243902439	Colombia	Latin America & Caribbean
3	#53B400	1972	61.5095609756098	Colombia	Latin America & Caribbean
3	#53B400	1973	61.8756341463415	Colombia	Latin America & Caribbean
3	#53B400	1974	62.2693902439024	Colombia	Latin America & Caribbean
3	#53B400	1975	62.7040243902439	Colombia	Latin America & Caribbean
3	#53B400	1960	61.6029512195122	Costa Rica	Latin America & Caribbean
3	#53B400	1961	62.1742926829268	Costa Rica	Latin America & Caribbean
3	#53B400	1962	62.7389512195122	Costa Rica	Latin America & Caribbean
3	#53B400	1963	63.2929024390244	Costa Rica	Latin America & Caribbean
3	#53B400	1964	63.8366585365854	Costa Rica	Latin America & Caribbean
3	#53B400	1965	64.3662195121951	Costa Rica	Latin America & Caribbean
3	#53B400	1966	64.8801463414634	Costa Rica	Latin America & Caribbean
3	#53B400	1967	65.3809512195122	Costa Rica	Latin America & Caribbean
3	#53B400	1968	65.872243902439	Costa Rica	Latin America & Caribbean
3	#53B400	1969	66.3585609756098	Costa Rica	Latin America & Caribbean
3	#53B400	1970	66.8489756097561	Costa Rica	Latin America & Caribbean
3	#53B400	1971	67.3510243902439	Costa Rica	Latin America & Caribbean
3	#53B400	1972	67.8722195121951	Costa Rica	Latin America & Caribbean
3	#53B400	1973	68.4140975609756	Costa Rica	Latin America & Caribbean
3	#53B400	1974	68.9766585365854	Costa Rica	Latin America & Caribbean
3	#53B400	1975	69.5594146341464	Costa Rica	Latin America & Caribbean
3	#53B400	1960	63.6626585365854	Cuba	Latin America & Caribbean
3	#53B400	1961	64.2764390243903	Cuba	Latin America & Caribbean
3	#53B400	1962	64.9006829268293	Cuba	Latin America & Caribbean
3	#53B400	1963	65.5359024390244	Cuba	Latin America & Caribbean
3	#53B400	1964	66.1755853658537	Cuba	Latin America & Caribbean
3	#53B400	1965	66.8127317073171	Cuba	Latin America & Caribbean
3	#53B400	1966	67.4373658536585	Cuba	Latin America & Caribbean
3	#53B400	1967	68.0409756097561	Cuba	Latin America & Caribbean
3	#53B400	1968	68.6170487804878	Cuba	Latin America & Caribbean
3	#53B400	1969	69.1616097560976	Cuba	Latin America & Caribbean
3	#53B400	1970	69.6756341463415	Cuba	Latin America & Caribbean
3	#53B400	1971	70.1656341463415	Cuba	Latin America & Caribbean
3	#53B400	1972	70.6360975609756	Cuba	Latin America & Caribbean
3	#53B400	1973	71.0925365853659	Cuba	Latin America & Caribbean
3	#53B400	1974	71.5319756097561	Cuba	Latin America & Caribbean
3	#53B400	1975	71.9519268292683	Cuba	Latin America & Caribbean
3	#53B400	1960	51.790756097561	Dominican Republic	Latin America & Caribbean
3	#53B400	1961	52.5177317073171	Dominican Republic	Latin America & Caribbean
3	#53B400	1962	53.232243902439	Dominican Republic	Latin America & Caribbean
3	#53B400	1963	53.9332682926829	Dominican Republic	Latin America & Caribbean
3	#53B400	1964	54.6213170731707	Dominican Republic	Latin America & Caribbean
3	#53B400	1965	55.2943414634146	Dominican Republic	Latin America & Caribbean
3	#53B400	1966	55.9543170731707	Dominican Republic	Latin America & Caribbean
3	#53B400	1967	56.5992195121951	Dominican Republic	Latin America & Caribbean
3	#53B400	1968	57.2300487804878	Dominican Republic	Latin America & Caribbean
3	#53B400	1969	57.8433170731707	Dominican Republic	Latin America & Caribbean
3	#53B400	1970	58.4365853658537	Dominican Republic	Latin America & Caribbean
3	#53B400	1971	59.0063902439024	Dominican Republic	Latin America & Caribbean
3	#53B400	1972	59.5522682926829	Dominican Republic	Latin America & Caribbean
3	#53B400	1973	60.0717804878049	Dominican Republic	Latin America & Caribbean
3	#53B400	1974	60.5663902439024	Dominican Republic	Latin America & Caribbean
3	#53B400	1975	61.0320975609756	Dominican Republic	Latin America & Caribbean
3	#53B400	1960	53.1200487804878	Ecuador	Latin America & Caribbean
3	#53B400	1961	53.7563658536585	Ecuador	Latin America & Caribbean
3	#53B400	1962	54.3500975609756	Ecuador	Latin America & Caribbean
3	#53B400	1963	54.891756097561	Ecuador	Latin America & Caribbean
3	#53B400	1964	55.3798292682927	Ecuador	Latin America & Caribbean
3	#53B400	1965	55.8198292682927	Ecuador	Latin America & Caribbean
3	#53B400	1966	56.2207804878049	Ecuador	Latin America & Caribbean
3	#53B400	1967	56.6017073170732	Ecuador	Latin America & Caribbean
3	#53B400	1968	56.9821219512195	Ecuador	Latin America & Caribbean
3	#53B400	1969	57.3705365853659	Ecuador	Latin America & Caribbean
3	#53B400	1970	57.7759268292683	Ecuador	Latin America & Caribbean
3	#53B400	1971	58.1997804878049	Ecuador	Latin America & Caribbean
3	#53B400	1972	58.6400731707317	Ecuador	Latin America & Caribbean
3	#53B400	1973	59.0947804878049	Ecuador	Latin America & Caribbean
3	#53B400	1974	59.5683902439024	Ecuador	Latin America & Caribbean
3	#53B400	1975	60.0643658536585	Ecuador	Latin America & Caribbean
3	#53B400	1960	63.1079268292683	Grenada	Latin America & Caribbean
3	#53B400	1961	63.2096341463415	Grenada	Latin America & Caribbean
3	#53B400	1962	63.3108292682927	Grenada	Latin America & Caribbean
3	#53B400	1963	63.4125365853659	Grenada	Latin America & Caribbean
3	#53B400	1964	63.5132195121951	Grenada	Latin America & Caribbean
3	#53B400	1965	63.6144146341464	Grenada	Latin America & Caribbean
3	#53B400	1966	63.7150975609756	Grenada	Latin America & Caribbean
3	#53B400	1967	63.8157804878049	Grenada	Latin America & Caribbean
3	#53B400	1968	63.9164390243903	Grenada	Latin America & Caribbean
3	#53B400	1969	64.0171219512195	Grenada	Latin America & Caribbean
3	#53B400	1970	64.1178048780488	Grenada	Latin America & Caribbean
3	#53B400	1971	64.218	Grenada	Latin America & Caribbean
3	#53B400	1972	64.3186829268293	Grenada	Latin America & Caribbean
3	#53B400	1973	64.4183902439025	Grenada	Latin America & Caribbean
3	#53B400	1974	64.5185853658537	Grenada	Latin America & Caribbean
3	#53B400	1975	64.6137804878049	Grenada	Latin America & Caribbean
3	#53B400	1960	45.7452926829268	Guatemala	Latin America & Caribbean
3	#53B400	1961	46.2756585365854	Guatemala	Latin America & Caribbean
3	#53B400	1962	46.8214634146342	Guatemala	Latin America & Caribbean
3	#53B400	1963	47.3812195121951	Guatemala	Latin America & Caribbean
3	#53B400	1964	47.9553902439024	Guatemala	Latin America & Caribbean
3	#53B400	1965	48.5534878048781	Guatemala	Latin America & Caribbean
3	#53B400	1966	49.1869512195122	Guatemala	Latin America & Caribbean
3	#53B400	1967	49.8602682926829	Guatemala	Latin America & Caribbean
3	#53B400	1968	50.5709512195122	Guatemala	Latin America & Caribbean
3	#53B400	1969	51.3064878048781	Guatemala	Latin America & Caribbean
3	#53B400	1970	52.0479024390244	Guatemala	Latin America & Caribbean
3	#53B400	1971	52.7732195121951	Guatemala	Latin America & Caribbean
3	#53B400	1972	53.460487804878	Guatemala	Latin America & Caribbean
3	#53B400	1973	54.0957317073171	Guatemala	Latin America & Caribbean
3	#53B400	1974	54.6724390243903	Guatemala	Latin America & Caribbean
3	#53B400	1975	55.1896097560976	Guatemala	Latin America & Caribbean
3	#53B400	1960	52.7795853658537	Guyana	Latin America & Caribbean
3	#53B400	1961	53.1506585365854	Guyana	Latin America & Caribbean
3	#53B400	1962	53.4889512195122	Guyana	Latin America & Caribbean
3	#53B400	1963	53.7988780487805	Guyana	Latin America & Caribbean
3	#53B400	1964	54.0868536585366	Guyana	Latin America & Caribbean
3	#53B400	1965	54.3697073170732	Guyana	Latin America & Caribbean
3	#53B400	1966	54.6652195121951	Guyana	Latin America & Caribbean
3	#53B400	1967	54.9852682926829	Guyana	Latin America & Caribbean
3	#53B400	1968	55.337243902439	Guyana	Latin America & Caribbean
3	#53B400	1969	55.7216097560976	Guyana	Latin America & Caribbean
3	#53B400	1970	56.1304878048781	Guyana	Latin America & Caribbean
3	#53B400	1971	56.5515365853659	Guyana	Latin America & Caribbean
3	#53B400	1972	56.9659512195122	Guyana	Latin America & Caribbean
3	#53B400	1973	57.3602926829268	Guyana	Latin America & Caribbean
3	#53B400	1974	57.7275609756098	Guyana	Latin America & Caribbean
3	#53B400	1975	58.0670487804878	Guyana	Latin America & Caribbean
3	#53B400	1960	46.2103170731707	Honduras	Latin America & Caribbean
3	#53B400	1961	46.9036341463415	Honduras	Latin America & Caribbean
3	#53B400	1962	47.5879756097561	Honduras	Latin America & Caribbean
3	#53B400	1963	48.2558780487805	Honduras	Latin America & Caribbean
3	#53B400	1964	48.9017804878049	Honduras	Latin America & Caribbean
3	#53B400	1965	49.5231951219512	Honduras	Latin America & Caribbean
3	#53B400	1966	50.1205853658537	Honduras	Latin America & Caribbean
3	#53B400	1967	50.7029512195122	Honduras	Latin America & Caribbean
3	#53B400	1968	51.2782926829268	Honduras	Latin America & Caribbean
3	#53B400	1969	51.8550975609756	Honduras	Latin America & Caribbean
3	#53B400	1970	52.4399024390244	Honduras	Latin America & Caribbean
3	#53B400	1971	53.0417317073171	Honduras	Latin America & Caribbean
3	#53B400	1972	53.6640975609756	Honduras	Latin America & Caribbean
3	#53B400	1973	54.3095365853659	Honduras	Latin America & Caribbean
3	#53B400	1974	54.9800487804878	Honduras	Latin America & Caribbean
3	#53B400	1975	55.6771219512195	Honduras	Latin America & Caribbean
3	#53B400	1960	42.0826829268293	Haiti	Latin America & Caribbean
3	#53B400	1961	42.6555609756098	Haiti	Latin America & Caribbean
3	#53B400	1962	43.2229512195122	Haiti	Latin America & Caribbean
3	#53B400	1963	43.7843414634146	Haiti	Latin America & Caribbean
3	#53B400	1964	44.3347804878049	Haiti	Latin America & Caribbean
3	#53B400	1965	44.867756097561	Haiti	Latin America & Caribbean
3	#53B400	1966	45.3738536585366	Haiti	Latin America & Caribbean
3	#53B400	1967	45.8480487804878	Haiti	Latin America & Caribbean
3	#53B400	1968	46.2898536585366	Haiti	Latin America & Caribbean
3	#53B400	1969	46.6991951219512	Haiti	Latin America & Caribbean
3	#53B400	1970	47.0819756097561	Haiti	Latin America & Caribbean
3	#53B400	1971	47.4440731707317	Haiti	Latin America & Caribbean
3	#53B400	1972	47.7953902439024	Haiti	Latin America & Caribbean
3	#53B400	1973	48.1459268292683	Haiti	Latin America & Caribbean
3	#53B400	1974	48.5021951219512	Haiti	Latin America & Caribbean
3	#53B400	1975	48.8693414634146	Haiti	Latin America & Caribbean
3	#53B400	1960	64.1918292682927	Jamaica	Latin America & Caribbean
3	#53B400	1961	64.7592195121951	Jamaica	Latin America & Caribbean
3	#53B400	1962	65.2797804878049	Jamaica	Latin America & Caribbean
3	#53B400	1963	65.754	Jamaica	Latin America & Caribbean
3	#53B400	1964	66.1878536585366	Jamaica	Latin America & Caribbean
3	#53B400	1965	66.5848292682927	Jamaica	Latin America & Caribbean
3	#53B400	1966	66.9498292682927	Jamaica	Latin America & Caribbean
3	#53B400	1967	67.2888536585366	Jamaica	Latin America & Caribbean
3	#53B400	1968	67.6063414634147	Jamaica	Latin America & Caribbean
3	#53B400	1969	67.906756097561	Jamaica	Latin America & Caribbean
3	#53B400	1970	68.1910487804878	Jamaica	Latin America & Caribbean
3	#53B400	1971	68.4577073170732	Jamaica	Latin America & Caribbean
3	#53B400	1972	68.7057317073171	Jamaica	Latin America & Caribbean
3	#53B400	1973	68.9351463414634	Jamaica	Latin America & Caribbean
3	#53B400	1974	69.1494634146341	Jamaica	Latin America & Caribbean
3	#53B400	1975	69.3587317073171	Jamaica	Latin America & Caribbean
3	#53B400	1960	57.6486829268293	St. Lucia	Latin America & Caribbean
3	#53B400	1961	58.179512195122	St. Lucia	Latin America & Caribbean
3	#53B400	1962	58.7473902439024	St. Lucia	Latin America & Caribbean
3	#53B400	1963	59.3482682926829	St. Lucia	Latin America & Caribbean
3	#53B400	1964	59.9751707317073	St. Lucia	Latin America & Caribbean
3	#53B400	1965	60.616	St. Lucia	Latin America & Caribbean
3	#53B400	1966	61.2557317073171	St. Lucia	Latin America & Caribbean
3	#53B400	1967	61.8823170731707	St. Lucia	Latin America & Caribbean
3	#53B400	1968	62.485243902439	St. Lucia	Latin America & Caribbean
3	#53B400	1969	63.060512195122	St. Lucia	Latin America & Caribbean
3	#53B400	1970	63.6061463414634	St. Lucia	Latin America & Caribbean
3	#53B400	1971	64.127243902439	St. Lucia	Latin America & Caribbean
3	#53B400	1972	64.6343658536585	St. Lucia	Latin America & Caribbean
3	#53B400	1973	65.1370243902439	St. Lucia	Latin America & Caribbean
3	#53B400	1974	65.641243902439	St. Lucia	Latin America & Caribbean
3	#53B400	1975	66.1578780487805	St. Lucia	Latin America & Caribbean
3	#53B400	1960	57.0351219512195	Mexico	Latin America & Caribbean
3	#53B400	1961	57.6296829268293	Mexico	Latin America & Caribbean
3	#53B400	1962	58.1572926829268	Mexico	Latin America & Caribbean
3	#53B400	1963	58.6219512195122	Mexico	Latin America & Caribbean
3	#53B400	1964	59.0366097560976	Mexico	Latin America & Caribbean
3	#53B400	1965	59.4147317073171	Mexico	Latin America & Caribbean
3	#53B400	1966	59.7742195121951	Mexico	Latin America & Caribbean
3	#53B400	1967	60.130512195122	Mexico	Latin America & Caribbean
3	#53B400	1968	60.5005365853659	Mexico	Latin America & Caribbean
3	#53B400	1969	60.8957804878049	Mexico	Latin America & Caribbean
3	#53B400	1970	61.3266585365854	Mexico	Latin America & Caribbean
3	#53B400	1971	61.7976341463415	Mexico	Latin America & Caribbean
3	#53B400	1972	62.301243902439	Mexico	Latin America & Caribbean
3	#53B400	1973	62.8285853658537	Mexico	Latin America & Caribbean
3	#53B400	1974	63.373756097561	Mexico	Latin America & Caribbean
3	#53B400	1975	63.9288536585366	Mexico	Latin America & Caribbean
3	#53B400	1960	46.9109512195122	Nicaragua	Latin America & Caribbean
3	#53B400	1961	47.5733658536585	Nicaragua	Latin America & Caribbean
3	#53B400	1962	48.236243902439	Nicaragua	Latin America & Caribbean
3	#53B400	1963	48.8980975609756	Nicaragua	Latin America & Caribbean
3	#53B400	1964	49.5589512195122	Nicaragua	Latin America & Caribbean
3	#53B400	1965	50.2228536585366	Nicaragua	Latin America & Caribbean
3	#53B400	1966	50.8933414634146	Nicaragua	Latin America & Caribbean
3	#53B400	1967	51.5699024390244	Nicaragua	Latin America & Caribbean
3	#53B400	1968	52.2509512195122	Nicaragua	Latin America & Caribbean
3	#53B400	1969	52.9299024390244	Nicaragua	Latin America & Caribbean
3	#53B400	1970	53.5980487804878	Nicaragua	Latin America & Caribbean
3	#53B400	1971	54.2446585365854	Nicaragua	Latin America & Caribbean
3	#53B400	1972	54.8616097560976	Nicaragua	Latin America & Caribbean
3	#53B400	1973	55.4423414634146	Nicaragua	Latin America & Caribbean
3	#53B400	1974	55.9833902439024	Nicaragua	Latin America & Caribbean
3	#53B400	1975	56.4802926829268	Nicaragua	Latin America & Caribbean
3	#53B400	1960	60.7899756097561	Panama	Latin America & Caribbean
3	#53B400	1961	61.2834878048781	Panama	Latin America & Caribbean
3	#53B400	1962	61.7543902439024	Panama	Latin America & Caribbean
3	#53B400	1963	62.2111951219512	Panama	Latin America & Caribbean
3	#53B400	1964	62.6613902439024	Panama	Latin America & Caribbean
3	#53B400	1965	63.1089512195122	Panama	Latin America & Caribbean
3	#53B400	1966	63.5538292682927	Panama	Latin America & Caribbean
3	#53B400	1967	63.994	Panama	Latin America & Caribbean
3	#53B400	1968	64.4284390243903	Panama	Latin America & Caribbean
3	#53B400	1969	64.8606585365854	Panama	Latin America & Caribbean
3	#53B400	1970	65.2996097560976	Panama	Latin America & Caribbean
3	#53B400	1971	65.7527804878049	Panama	Latin America & Caribbean
3	#53B400	1972	66.2227073170732	Panama	Latin America & Caribbean
3	#53B400	1973	66.7094390243903	Panama	Latin America & Caribbean
3	#53B400	1974	67.2090243902439	Panama	Latin America & Caribbean
3	#53B400	1975	67.7130487804878	Panama	Latin America & Caribbean
3	#53B400	1960	47.643243902439	Peru	Latin America & Caribbean
3	#53B400	1961	48.186756097561	Peru	Latin America & Caribbean
3	#53B400	1962	48.7038780487805	Peru	Latin America & Caribbean
3	#53B400	1963	49.1940975609756	Peru	Latin America & Caribbean
3	#53B400	1964	49.6659024390244	Peru	Latin America & Caribbean
3	#53B400	1965	50.141243902439	Peru	Latin America & Caribbean
3	#53B400	1966	50.6550243902439	Peru	Latin America & Caribbean
3	#53B400	1967	51.2297073170732	Peru	Latin America & Caribbean
3	#53B400	1968	51.8782195121951	Peru	Latin America & Caribbean
3	#53B400	1969	52.5965365853659	Peru	Latin America & Caribbean
3	#53B400	1970	53.3681951219512	Peru	Latin America & Caribbean
3	#53B400	1971	54.1637073170732	Peru	Latin America & Caribbean
3	#53B400	1972	54.9481463414634	Peru	Latin America & Caribbean
3	#53B400	1973	55.6955365853659	Peru	Latin America & Caribbean
3	#53B400	1974	56.3939512195122	Peru	Latin America & Caribbean
3	#53B400	1975	57.0433658536585	Peru	Latin America & Caribbean
3	#53B400	1960	68.9309024390244	Puerto Rico	Latin America & Caribbean
3	#53B400	1961	69.1459512195122	Puerto Rico	Latin America & Caribbean
3	#53B400	1962	69.3397317073171	Puerto Rico	Latin America & Caribbean
3	#53B400	1963	69.5408292682927	Puerto Rico	Latin America & Caribbean
3	#53B400	1964	69.7711951219512	Puerto Rico	Latin America & Caribbean
3	#53B400	1965	70.0392195121951	Puerto Rico	Latin America & Caribbean
3	#53B400	1966	70.3451951219512	Puerto Rico	Latin America & Caribbean
3	#53B400	1967	70.668	Puerto Rico	Latin America & Caribbean
3	#53B400	1968	70.9915365853659	Puerto Rico	Latin America & Caribbean
3	#53B400	1969	71.3113414634146	Puerto Rico	Latin America & Caribbean
3	#53B400	1970	71.6235853658537	Puerto Rico	Latin America & Caribbean
3	#53B400	1971	71.9269512195122	Puerto Rico	Latin America & Caribbean
3	#53B400	1972	72.2211707317073	Puerto Rico	Latin America & Caribbean
3	#53B400	1973	72.5028780487805	Puerto Rico	Latin America & Caribbean
3	#53B400	1974	72.7680731707317	Puerto Rico	Latin America & Caribbean
3	#53B400	1975	73.0092682926829	Puerto Rico	Latin America & Caribbean
3	#53B400	1960	63.6422195121951	Paraguay	Latin America & Caribbean
3	#53B400	1961	63.8663414634146	Paraguay	Latin America & Caribbean
3	#53B400	1962	64.0785365853659	Paraguay	Latin America & Caribbean
3	#53B400	1963	64.2727804878049	Paraguay	Latin America & Caribbean
3	#53B400	1964	64.4470487804878	Paraguay	Latin America & Caribbean
3	#53B400	1965	64.6032682926829	Paraguay	Latin America & Caribbean
3	#53B400	1966	64.7502926829268	Paraguay	Latin America & Caribbean
3	#53B400	1967	64.8986097560976	Paraguay	Latin America & Caribbean
3	#53B400	1968	65.0556585365854	Paraguay	Latin America & Caribbean
3	#53B400	1969	65.2214634146342	Paraguay	Latin America & Caribbean
3	#53B400	1970	65.3941219512195	Paraguay	Latin America & Caribbean
3	#53B400	1971	65.5677317073171	Paraguay	Latin America & Caribbean
3	#53B400	1972	65.7349024390244	Paraguay	Latin America & Caribbean
3	#53B400	1973	65.8907317073171	Paraguay	Latin America & Caribbean
3	#53B400	1974	66.0327804878049	Paraguay	Latin America & Caribbean
3	#53B400	1975	66.162512195122	Paraguay	Latin America & Caribbean
3	#53B400	1960	59.6706341463415	Suriname	Latin America & Caribbean
3	#53B400	1961	60.038	Suriname	Latin America & Caribbean
3	#53B400	1962	60.3999512195122	Suriname	Latin America & Caribbean
3	#53B400	1963	60.7619512195122	Suriname	Latin America & Caribbean
3	#53B400	1964	61.1274878048781	Suriname	Latin America & Caribbean
3	#53B400	1965	61.4989512195122	Suriname	Latin America & Caribbean
3	#53B400	1966	61.8726829268293	Suriname	Latin America & Caribbean
3	#53B400	1967	62.2420975609756	Suriname	Latin America & Caribbean
3	#53B400	1968	62.6007073170732	Suriname	Latin America & Caribbean
3	#53B400	1969	62.9465365853659	Suriname	Latin America & Caribbean
3	#53B400	1970	63.2722682926829	Suriname	Latin America & Caribbean
3	#53B400	1971	63.5756341463415	Suriname	Latin America & Caribbean
3	#53B400	1972	63.8558292682927	Suriname	Latin America & Caribbean
3	#53B400	1973	64.1153902439025	Suriname	Latin America & Caribbean
3	#53B400	1974	64.3588048780488	Suriname	Latin America & Caribbean
3	#53B400	1975	64.5963414634146	Suriname	Latin America & Caribbean
3	#53B400	1960	51.2914878048781	El Salvador	Latin America & Caribbean
3	#53B400	1961	52.0206585365854	El Salvador	Latin America & Caribbean
3	#53B400	1962	52.7113170731707	El Salvador	Latin America & Caribbean
3	#53B400	1963	53.3589512195122	El Salvador	Latin America & Caribbean
3	#53B400	1964	53.959	El Salvador	Latin America & Caribbean
3	#53B400	1965	54.5099756097561	El Salvador	Latin America & Caribbean
3	#53B400	1966	55.0123170731707	El Salvador	Latin America & Caribbean
3	#53B400	1967	55.4679756097561	El Salvador	Latin America & Caribbean
3	#53B400	1968	55.8788780487805	El Salvador	Latin America & Caribbean
3	#53B400	1969	56.2429756097561	El Salvador	Latin America & Caribbean
3	#53B400	1970	56.5555853658537	El Salvador	Latin America & Caribbean
3	#53B400	1971	56.8096341463415	El Salvador	Latin America & Caribbean
3	#53B400	1972	57.0045365853659	El Salvador	Latin America & Caribbean
3	#53B400	1973	57.1433658536585	El Salvador	Latin America & Caribbean
3	#53B400	1974	57.2321219512195	El Salvador	Latin America & Caribbean
3	#53B400	1975	57.2617317073171	El Salvador	Latin America & Caribbean
3	#53B400	1960	63.2135365853659	Trinidad and Tobago	Latin America & Caribbean
3	#53B400	1961	63.7634146341464	Trinidad and Tobago	Latin America & Caribbean
3	#53B400	1962	64.2196829268293	Trinidad and Tobago	Latin America & Caribbean
3	#53B400	1963	64.5683902439025	Trinidad and Tobago	Latin America & Caribbean
3	#53B400	1964	64.8120487804878	Trinidad and Tobago	Latin America & Caribbean
3	#53B400	1965	64.9621219512195	Trinidad and Tobago	Latin America & Caribbean
3	#53B400	1966	65.0429756097561	Trinidad and Tobago	Latin America & Caribbean
3	#53B400	1967	65.0904878048781	Trinidad and Tobago	Latin America & Caribbean
3	#53B400	1968	65.137512195122	Trinidad and Tobago	Latin America & Caribbean
3	#53B400	1969	65.2029756097561	Trinidad and Tobago	Latin America & Caribbean
3	#53B400	1970	65.3004146341464	Trinidad and Tobago	Latin America & Caribbean
3	#53B400	1971	65.4343902439024	Trinidad and Tobago	Latin America & Caribbean
3	#53B400	1972	65.5954878048781	Trinidad and Tobago	Latin America & Caribbean
3	#53B400	1973	65.7741463414634	Trinidad and Tobago	Latin America & Caribbean
3	#53B400	1974	65.9692926829268	Trinidad and Tobago	Latin America & Caribbean
3	#53B400	1975	66.1781951219512	Trinidad and Tobago	Latin America & Caribbean
3	#53B400	1960	67.811	Uruguay	Latin America & Caribbean
3	#53B400	1961	68.0239756097561	Uruguay	Latin America & Caribbean
3	#53B400	1962	68.2059024390244	Uruguay	Latin America & Caribbean
3	#53B400	1963	68.347756097561	Uruguay	Latin America & Caribbean
3	#53B400	1964	68.449	Uruguay	Latin America & Caribbean
3	#53B400	1965	68.5111951219512	Uruguay	Latin America & Caribbean
3	#53B400	1966	68.5403170731707	Uruguay	Latin America & Caribbean
3	#53B400	1967	68.5494146341463	Uruguay	Latin America & Caribbean
3	#53B400	1968	68.5540243902439	Uruguay	Latin America & Caribbean
3	#53B400	1969	68.5641463414634	Uruguay	Latin America & Caribbean
3	#53B400	1970	68.5887317073171	Uruguay	Latin America & Caribbean
3	#53B400	1971	68.6342682926829	Uruguay	Latin America & Caribbean
3	#53B400	1972	68.7037073170732	Uruguay	Latin America & Caribbean
3	#53B400	1973	68.7970487804878	Uruguay	Latin America & Caribbean
3	#53B400	1974	68.9193170731707	Uruguay	Latin America & Caribbean
3	#53B400	1975	69.0725609756098	Uruguay	Latin America & Caribbean
3	#53B400	1960	54.0289268292683	St. Vincent and the Grenadines	Latin America & Caribbean
3	#53B400	1961	54.8780975609756	St. Vincent and the Grenadines	Latin America & Caribbean
3	#53B400	1962	55.7307317073171	St. Vincent and the Grenadines	Latin America & Caribbean
3	#53B400	1963	56.5523170731707	St. Vincent and the Grenadines	Latin America & Caribbean
3	#53B400	1964	57.3159024390244	St. Vincent and the Grenadines	Latin America & Caribbean
3	#53B400	1965	57.9989512195122	St. Vincent and the Grenadines	Latin America & Caribbean
3	#53B400	1966	58.5920243902439	St. Vincent and the Grenadines	Latin America & Caribbean
3	#53B400	1967	59.1135853658537	St. Vincent and the Grenadines	Latin America & Caribbean
3	#53B400	1968	59.5846829268293	St. Vincent and the Grenadines	Latin America & Caribbean
3	#53B400	1969	60.0182926829268	St. Vincent and the Grenadines	Latin America & Caribbean
3	#53B400	1970	60.4384878048781	St. Vincent and the Grenadines	Latin America & Caribbean
3	#53B400	1971	60.8723170731707	St. Vincent and the Grenadines	Latin America & Caribbean
3	#53B400	1972	61.3367804878049	St. Vincent and the Grenadines	Latin America & Caribbean
3	#53B400	1973	61.8438048780488	St. Vincent and the Grenadines	Latin America & Caribbean
3	#53B400	1974	62.3928536585366	St. Vincent and the Grenadines	Latin America & Caribbean
3	#53B400	1975	62.975243902439	St. Vincent and the Grenadines	Latin America & Caribbean
3	#53B400	1960	58.5186829268293	Venezuela, RB	Latin America & Caribbean
3	#53B400	1961	59.0864390243903	Venezuela, RB	Latin America & Caribbean
3	#53B400	1962	59.6514634146342	Venezuela, RB	Latin America & Caribbean
3	#53B400	1963	60.211243902439	Venezuela, RB	Latin America & Caribbean
3	#53B400	1964	60.7652926829268	Venezuela, RB	Latin America & Caribbean
3	#53B400	1965	61.3086585365854	Venezuela, RB	Latin America & Caribbean
3	#53B400	1966	61.8398780487805	Venezuela, RB	Latin America & Caribbean
3	#53B400	1967	62.356512195122	Venezuela, RB	Latin America & Caribbean
3	#53B400	1968	62.8601463414634	Venezuela, RB	Latin America & Caribbean
3	#53B400	1969	63.3513414634146	Venezuela, RB	Latin America & Caribbean
3	#53B400	1970	63.8346585365854	Venezuela, RB	Latin America & Caribbean
3	#53B400	1971	64.3171463414634	Venezuela, RB	Latin America & Caribbean
3	#53B400	1972	64.8018048780488	Venezuela, RB	Latin America & Caribbean
3	#53B400	1973	65.2896341463415	Venezuela, RB	Latin America & Caribbean
3	#53B400	1974	65.7766341463415	Venezuela, RB	Latin America & Caribbean
3	#53B400	1975	66.2543170731707	Venezuela, RB	Latin America & Caribbean
3	#53B400	1960	63.7302195121951	Virgin Islands (U.S.)	Latin America & Caribbean
3	#53B400	1961	64.1015609756098	Virgin Islands (U.S.)	Latin America & Caribbean
3	#53B400	1962	64.4625609756098	Virgin Islands (U.S.)	Latin America & Caribbean
3	#53B400	1963	64.828756097561	Virgin Islands (U.S.)	Latin America & Caribbean
3	#53B400	1964	65.2101219512195	Virgin Islands (U.S.)	Latin America & Caribbean
3	#53B400	1965	65.6116097560976	Virgin Islands (U.S.)	Latin America & Caribbean
3	#53B400	1966	66.0325853658537	Virgin Islands (U.S.)	Latin America & Caribbean
3	#53B400	1967	66.4624634146342	Virgin Islands (U.S.)	Latin America & Caribbean
3	#53B400	1968	66.8927073170732	Virgin Islands (U.S.)	Latin America & Caribbean
3	#53B400	1969	67.3208048780488	Virgin Islands (U.S.)	Latin America & Caribbean
3	#53B400	1970	67.7448292682927	Virgin Islands (U.S.)	Latin America & Caribbean
3	#53B400	1971	68.1648780487805	Virgin Islands (U.S.)	Latin America & Caribbean
3	#53B400	1972	68.5805609756098	Virgin Islands (U.S.)	Latin America & Caribbean
3	#53B400	1973	68.9904878048781	Virgin Islands (U.S.)	Latin America & Caribbean
3	#53B400	1974	69.3911707317073	Virgin Islands (U.S.)	Latin America & Caribbean
3	#53B400	1975	69.7781707317073	Virgin Islands (U.S.)	Latin America & Caribbean
1	#F8766D	1960	70.8170731708781	Australia	East Asia & Pacific
1	#F8766D	1961	70.9731707317073	Australia	East Asia & Pacific
1	#F8766D	1962	70.9424390243903	Australia	East Asia & Pacific
1	#F8766D	1963	70.9117073170732	Australia	East Asia & Pacific
1	#F8766D	1964	70.8809756097561	Australia	East Asia & Pacific
1	#F8766D	1965	70.850243902439	Australia	East Asia & Pacific
1	#F8766D	1966	70.819512195122	Australia	East Asia & Pacific
1	#F8766D	1967	70.8692682926829	Australia	East Asia & Pacific
1	#F8766D	1968	70.9190243902439	Australia	East Asia & Pacific
1	#F8766D	1969	70.9687804878049	Australia	East Asia & Pacific
1	#F8766D	1970	71.0185365853659	Australia	East Asia & Pacific
1	#F8766D	1971	71.0682926829268	Australia	East Asia & Pacific
1	#F8766D	1972	71.4575609756098	Australia	East Asia & Pacific
1	#F8766D	1973	71.8468292682927	Australia	East Asia & Pacific
1	#F8766D	1974	72.2360975609756	Australia	East Asia & Pacific
1	#F8766D	1975	72.6253658536586	Australia	East Asia & Pacific
1	#F8766D	1960	62.3364634146342	Brunei Darussalam	East Asia & Pacific
1	#F8766D	1961	62.8772682926829	Brunei Darussalam	East Asia & Pacific
1	#F8766D	1962	63.4029756097561	Brunei Darussalam	East Asia & Pacific
1	#F8766D	1963	63.9135853658537	Brunei Darussalam	East Asia & Pacific
1	#F8766D	1964	64.4106097560976	Brunei Darussalam	East Asia & Pacific
1	#F8766D	1965	64.8935853658537	Brunei Darussalam	East Asia & Pacific
1	#F8766D	1966	65.362	Brunei Darussalam	East Asia & Pacific
1	#F8766D	1967	65.8169024390244	Brunei Darussalam	East Asia & Pacific
1	#F8766D	1968	66.2588048780488	Brunei Darussalam	East Asia & Pacific
1	#F8766D	1969	66.6882195121951	Brunei Darussalam	East Asia & Pacific
1	#F8766D	1970	67.1051463414634	Brunei Darussalam	East Asia & Pacific
1	#F8766D	1971	67.5096097560976	Brunei Darussalam	East Asia & Pacific
1	#F8766D	1972	67.9030975609756	Brunei Darussalam	East Asia & Pacific
1	#F8766D	1973	68.2850731707317	Brunei Darussalam	East Asia & Pacific
1	#F8766D	1974	68.6580731707317	Brunei Darussalam	East Asia & Pacific
1	#F8766D	1975	69.0215853658537	Brunei Darussalam	East Asia & Pacific
1	#F8766D	1960	43.4578780487805	China	East Asia & Pacific
1	#F8766D	1961	43.7722926829268	China	East Asia & Pacific
1	#F8766D	1962	44.7041951219512	China	East Asia & Pacific
1	#F8766D	1963	46.323512195122	China	East Asia & Pacific
1	#F8766D	1964	48.5743902439025	China	East Asia & Pacific
1	#F8766D	1965	51.2869268292683	China	East Asia & Pacific
1	#F8766D	1966	54.2011219512195	China	East Asia & Pacific
1	#F8766D	1967	57.0098780487805	China	East Asia & Pacific
1	#F8766D	1968	59.4668536585366	China	East Asia & Pacific
1	#F8766D	1969	61.4486585365854	China	East Asia & Pacific
1	#F8766D	1970	62.902243902439	China	East Asia & Pacific
1	#F8766D	1971	63.8667317073171	China	East Asia & Pacific
1	#F8766D	1972	64.5144390243902	China	East Asia & Pacific
1	#F8766D	1973	64.9957804878049	China	East Asia & Pacific
1	#F8766D	1974	65.3712682926829	China	East Asia & Pacific
1	#F8766D	1975	65.6915609756098	China	East Asia & Pacific
1	#F8766D	1960	55.9504146341463	Fiji	East Asia & Pacific
1	#F8766D	1961	56.3856341463415	Fiji	East Asia & Pacific
1	#F8766D	1962	56.8113658536585	Fiji	East Asia & Pacific
1	#F8766D	1963	57.2270975609756	Fiji	East Asia & Pacific
1	#F8766D	1964	57.6333170731707	Fiji	East Asia & Pacific
1	#F8766D	1965	58.0315365853659	Fiji	East Asia & Pacific
1	#F8766D	1966	58.4217317073171	Fiji	East Asia & Pacific
1	#F8766D	1967	58.8039024390244	Fiji	East Asia & Pacific
1	#F8766D	1968	59.1775365853659	Fiji	East Asia & Pacific
1	#F8766D	1969	59.5436585365854	Fiji	East Asia & Pacific
1	#F8766D	1970	59.900756097561	Fiji	East Asia & Pacific
1	#F8766D	1971	60.2468536585366	Fiji	East Asia & Pacific
1	#F8766D	1972	60.5824634146342	Fiji	East Asia & Pacific
1	#F8766D	1973	60.9075609756098	Fiji	East Asia & Pacific
1	#F8766D	1974	61.2226341463415	Fiji	East Asia & Pacific
1	#F8766D	1975	61.5300975609756	Fiji	East Asia & Pacific
1	#F8766D	1960	57.5865853658537	Micronesia, Fed. Sts.	East Asia & Pacific
1	#F8766D	1961	57.9855853658537	Micronesia, Fed. Sts.	East Asia & Pacific
1	#F8766D	1962	58.3835853658537	Micronesia, Fed. Sts.	East Asia & Pacific
1	#F8766D	1963	58.7815853658537	Micronesia, Fed. Sts.	East Asia & Pacific
1	#F8766D	1964	59.1795853658537	Micronesia, Fed. Sts.	East Asia & Pacific
1	#F8766D	1965	59.5785853658537	Micronesia, Fed. Sts.	East Asia & Pacific
1	#F8766D	1966	59.9815853658537	Micronesia, Fed. Sts.	East Asia & Pacific
1	#F8766D	1967	60.3875853658537	Micronesia, Fed. Sts.	East Asia & Pacific
1	#F8766D	1968	60.7975853658537	Micronesia, Fed. Sts.	East Asia & Pacific
1	#F8766D	1969	61.2115853658537	Micronesia, Fed. Sts.	East Asia & Pacific
1	#F8766D	1970	61.6335853658537	Micronesia, Fed. Sts.	East Asia & Pacific
1	#F8766D	1971	62.0705853658537	Micronesia, Fed. Sts.	East Asia & Pacific
1	#F8766D	1972	62.5205853658537	Micronesia, Fed. Sts.	East Asia & Pacific
1	#F8766D	1973	62.9755853658537	Micronesia, Fed. Sts.	East Asia & Pacific
1	#F8766D	1974	63.4265853658537	Micronesia, Fed. Sts.	East Asia & Pacific
1	#F8766D	1975	63.8545853658537	Micronesia, Fed. Sts.	East Asia & Pacific
1	#F8766D	1960	61.2263414634146	Guam	East Asia & Pacific
1	#F8766D	1961	61.7252926829268	Guam	East Asia & Pacific
1	#F8766D	1962	62.2191951219512	Guam	East Asia & Pacific
1	#F8766D	1963	62.707	Guam	East Asia & Pacific
1	#F8766D	1964	63.186243902439	Guam	East Asia & Pacific
1	#F8766D	1965	63.6574146341463	Guam	East Asia & Pacific
1	#F8766D	1966	64.1190243902439	Guam	East Asia & Pacific
1	#F8766D	1967	64.5715853658537	Guam	East Asia & Pacific
1	#F8766D	1968	65.0141463414634	Guam	East Asia & Pacific
1	#F8766D	1969	65.4467073170732	Guam	East Asia & Pacific
1	#F8766D	1970	65.8673170731708	Guam	East Asia & Pacific
1	#F8766D	1971	66.2754878048781	Guam	East Asia & Pacific
1	#F8766D	1972	66.6707317073171	Guam	East Asia & Pacific
1	#F8766D	1973	67.0530487804878	Guam	East Asia & Pacific
1	#F8766D	1974	67.4224390243903	Guam	East Asia & Pacific
1	#F8766D	1975	67.7789024390244	Guam	East Asia & Pacific
1	#F8766D	1960	66.9997073170732	Hong Kong SAR, China	East Asia & Pacific
1	#F8766D	1961	67.5793658536585	Hong Kong SAR, China	East Asia & Pacific
1	#F8766D	1962	68.1300975609756	Hong Kong SAR, China	East Asia & Pacific
1	#F8766D	1963	68.6434390243903	Hong Kong SAR, China	East Asia & Pacific
1	#F8766D	1964	69.1183658536585	Hong Kong SAR, China	East Asia & Pacific
1	#F8766D	1965	69.5553902439024	Hong Kong SAR, China	East Asia & Pacific
1	#F8766D	1966	69.9614878048781	Hong Kong SAR, China	East Asia & Pacific
1	#F8766D	1967	70.3466097560976	Hong Kong SAR, China	East Asia & Pacific
1	#F8766D	1968	70.720243902439	Hong Kong SAR, China	East Asia & Pacific
1	#F8766D	1969	71.0878536585366	Hong Kong SAR, China	East Asia & Pacific
1	#F8766D	1970	71.4524390243903	Hong Kong SAR, China	East Asia & Pacific
1	#F8766D	1971	71.4585365853659	Hong Kong SAR, China	East Asia & Pacific
1	#F8766D	1972	71.4560975609756	Hong Kong SAR, China	East Asia & Pacific
1	#F8766D	1973	72.109756097561	Hong Kong SAR, China	East Asia & Pacific
1	#F8766D	1974	72.6121951219512	Hong Kong SAR, China	East Asia & Pacific
1	#F8766D	1975	73.3682926829268	Hong Kong SAR, China	East Asia & Pacific
1	#F8766D	1960	45.0732682926829	Indonesia	East Asia & Pacific
1	#F8766D	1961	45.8273658536585	Indonesia	East Asia & Pacific
1	#F8766D	1962	46.5567073170732	Indonesia	East Asia & Pacific
1	#F8766D	1963	47.261756097561	Indonesia	East Asia & Pacific
1	#F8766D	1964	47.9435365853659	Indonesia	East Asia & Pacific
1	#F8766D	1965	48.6076585365854	Indonesia	East Asia & Pacific
1	#F8766D	1966	49.258243902439	Indonesia	East Asia & Pacific
1	#F8766D	1967	49.9034390243903	Indonesia	East Asia & Pacific
1	#F8766D	1968	50.5468536585366	Indonesia	East Asia & Pacific
1	#F8766D	1969	51.1890243902439	Indonesia	East Asia & Pacific
1	#F8766D	1970	51.8299756097561	Indonesia	East Asia & Pacific
1	#F8766D	1971	52.4671463414634	Indonesia	East Asia & Pacific
1	#F8766D	1972	53.0944390243903	Indonesia	East Asia & Pacific
1	#F8766D	1973	53.7088048780488	Indonesia	East Asia & Pacific
1	#F8766D	1974	54.3071707317073	Indonesia	East Asia & Pacific
1	#F8766D	1975	54.8905365853659	Indonesia	East Asia & Pacific
1	#F8766D	1960	67.6660975609756	Japan	East Asia & Pacific
1	#F8766D	1961	68.31	Japan	East Asia & Pacific
1	#F8766D	1962	68.5948780487805	Japan	East Asia & Pacific
1	#F8766D	1963	69.6580487804878	Japan	East Asia & Pacific
1	#F8766D	1964	70.1324390243903	Japan	East Asia & Pacific
1	#F8766D	1965	70.2019512195122	Japan	East Asia & Pacific
1	#F8766D	1966	70.9865853658537	Japan	East Asia & Pacific
1	#F8766D	1967	71.2765853658537	Japan	East Asia & Pacific
1	#F8766D	1968	71.6112195121951	Japan	East Asia & Pacific
1	#F8766D	1969	71.8387804878049	Japan	East Asia & Pacific
1	#F8766D	1970	71.950243902439	Japan	East Asia & Pacific
1	#F8766D	1971	72.8829268292683	Japan	East Asia & Pacific
1	#F8766D	1972	73.5065853658537	Japan	East Asia & Pacific
1	#F8766D	1973	73.7575609756097	Japan	East Asia & Pacific
1	#F8766D	1974	74.3939024390244	Japan	East Asia & Pacific
1	#F8766D	1975	75.0573170731707	Japan	East Asia & Pacific
1	#F8766D	1960	42.4041463414634	Cambodia	East Asia & Pacific
1	#F8766D	1961	42.8949024390244	Cambodia	East Asia & Pacific
1	#F8766D	1962	43.4316829268293	Cambodia	East Asia & Pacific
1	#F8766D	1963	43.990512195122	Cambodia	East Asia & Pacific
1	#F8766D	1964	44.5283902439024	Cambodia	East Asia & Pacific
1	#F8766D	1965	44.9758536585366	Cambodia	East Asia & Pacific
1	#F8766D	1966	45.2554146341463	Cambodia	East Asia & Pacific
1	#F8766D	1967	45.3065853658537	Cambodia	East Asia & Pacific
1	#F8766D	1968	45.0818536585366	Cambodia	East Asia & Pacific
1	#F8766D	1969	44.5562195121951	Cambodia	East Asia & Pacific
1	#F8766D	1970	43.6327073170732	Cambodia	East Asia & Pacific
1	#F8766D	1971	42.2078536585366	Cambodia	East Asia & Pacific
1	#F8766D	1972	40.3466097560976	Cambodia	East Asia & Pacific
1	#F8766D	1973	38.2119268292683	Cambodia	East Asia & Pacific
1	#F8766D	1974	36.0111951219512	Cambodia	East Asia & Pacific
1	#F8766D	1975	34.1257317073171	Cambodia	East Asia & Pacific
1	#F8766D	1960	55.2211707317073	Korea, Dem. Rep.	East Asia & Pacific
1	#F8766D	1961	55.7175853658537	Korea, Dem. Rep.	East Asia & Pacific
1	#F8766D	1962	56.2178048780488	Korea, Dem. Rep.	East Asia & Pacific
1	#F8766D	1963	56.739243902439	Korea, Dem. Rep.	East Asia & Pacific
1	#F8766D	1964	57.2963658536585	Korea, Dem. Rep.	East Asia & Pacific
1	#F8766D	1965	57.9020731707317	Korea, Dem. Rep.	East Asia & Pacific
1	#F8766D	1966	58.5648048780488	Korea, Dem. Rep.	East Asia & Pacific
1	#F8766D	1967	59.2750487804878	Korea, Dem. Rep.	East Asia & Pacific
1	#F8766D	1968	60.0199024390244	Korea, Dem. Rep.	East Asia & Pacific
1	#F8766D	1969	60.7909512195122	Korea, Dem. Rep.	East Asia & Pacific
1	#F8766D	1970	61.5753414634146	Korea, Dem. Rep.	East Asia & Pacific
1	#F8766D	1971	62.3602195121951	Korea, Dem. Rep.	East Asia & Pacific
1	#F8766D	1972	63.1322195121951	Korea, Dem. Rep.	East Asia & Pacific
1	#F8766D	1973	63.8760243902439	Korea, Dem. Rep.	East Asia & Pacific
1	#F8766D	1974	64.5797317073171	Korea, Dem. Rep.	East Asia & Pacific
1	#F8766D	1975	65.2314390243902	Korea, Dem. Rep.	East Asia & Pacific
1	#F8766D	1960	52.9987317073171	Korea, Rep.	East Asia & Pacific
1	#F8766D	1961	53.7346829268293	Korea, Rep.	East Asia & Pacific
1	#F8766D	1962	54.4830731707317	Korea, Rep.	East Asia & Pacific
1	#F8766D	1963	55.2453902439024	Korea, Rep.	East Asia & Pacific
1	#F8766D	1964	56.0216341463415	Korea, Rep.	East Asia & Pacific
1	#F8766D	1965	56.821756097561	Korea, Rep.	East Asia & Pacific
1	#F8766D	1966	57.6582195121951	Korea, Rep.	East Asia & Pacific
1	#F8766D	1967	58.5300243902439	Korea, Rep.	East Asia & Pacific
1	#F8766D	1968	59.4276829268293	Korea, Rep.	East Asia & Pacific
1	#F8766D	1969	60.3317317073171	Korea, Rep.	East Asia & Pacific
1	#F8766D	1970	61.2072682926829	Korea, Rep.	East Asia & Pacific
1	#F8766D	1971	62.4436585365854	Korea, Rep.	East Asia & Pacific
1	#F8766D	1972	62.8365853658537	Korea, Rep.	East Asia & Pacific
1	#F8766D	1973	63.229512195122	Korea, Rep.	East Asia & Pacific
1	#F8766D	1974	63.5926829268293	Korea, Rep.	East Asia & Pacific
1	#F8766D	1975	63.9558536585366	Korea, Rep.	East Asia & Pacific
1	#F8766D	1960	43.9777317073171	Lao PDR	East Asia & Pacific
1	#F8766D	1961	44.1842926829268	Lao PDR	East Asia & Pacific
1	#F8766D	1962	44.3913658536585	Lao PDR	East Asia & Pacific
1	#F8766D	1963	44.5979512195122	Lao PDR	East Asia & Pacific
1	#F8766D	1964	44.8050487804878	Lao PDR	East Asia & Pacific
1	#F8766D	1965	45.0111463414634	Lao PDR	East Asia & Pacific
1	#F8766D	1966	45.2157317073171	Lao PDR	East Asia & Pacific
1	#F8766D	1967	45.4183170731707	Lao PDR	East Asia & Pacific
1	#F8766D	1968	45.6203902439024	Lao PDR	East Asia & Pacific
1	#F8766D	1969	45.8244634146342	Lao PDR	East Asia & Pacific
1	#F8766D	1970	46.0325365853659	Lao PDR	East Asia & Pacific
1	#F8766D	1971	46.2486585365854	Lao PDR	East Asia & Pacific
1	#F8766D	1972	46.4748292682927	Lao PDR	East Asia & Pacific
1	#F8766D	1973	46.7140731707317	Lao PDR	East Asia & Pacific
1	#F8766D	1974	46.9683170731707	Lao PDR	East Asia & Pacific
1	#F8766D	1975	47.2365365853659	Lao PDR	East Asia & Pacific
1	#F8766D	1960	42.7107804878049	Myanmar	East Asia & Pacific
1	#F8766D	1961	43.3217317073171	Myanmar	East Asia & Pacific
1	#F8766D	1962	43.9551707317073	Myanmar	East Asia & Pacific
1	#F8766D	1963	44.6325609756098	Myanmar	East Asia & Pacific
1	#F8766D	1964	45.3634390243902	Myanmar	East Asia & Pacific
1	#F8766D	1965	46.1428292682927	Myanmar	East Asia & Pacific
1	#F8766D	1966	46.9522682926829	Myanmar	East Asia & Pacific
1	#F8766D	1967	47.7588048780488	Myanmar	East Asia & Pacific
1	#F8766D	1968	48.5374146341463	Myanmar	East Asia & Pacific
1	#F8766D	1969	49.2781219512195	Myanmar	East Asia & Pacific
1	#F8766D	1970	49.9803902439024	Myanmar	East Asia & Pacific
1	#F8766D	1971	50.6556829268293	Myanmar	East Asia & Pacific
1	#F8766D	1972	51.3139268292683	Myanmar	East Asia & Pacific
1	#F8766D	1973	51.9601219512195	Myanmar	East Asia & Pacific
1	#F8766D	1974	52.585243902439	Myanmar	East Asia & Pacific
1	#F8766D	1975	53.1732682926829	Myanmar	East Asia & Pacific
1	#F8766D	1960	48.6804390243902	Mongolia	East Asia & Pacific
1	#F8766D	1961	49.6091463414634	Mongolia	East Asia & Pacific
1	#F8766D	1962	50.508243902439	Mongolia	East Asia & Pacific
1	#F8766D	1963	51.352512195122	Mongolia	East Asia & Pacific
1	#F8766D	1964	52.1263170731707	Mongolia	East Asia & Pacific
1	#F8766D	1965	52.8291463414634	Mongolia	East Asia & Pacific
1	#F8766D	1966	53.4740975609756	Mongolia	East Asia & Pacific
1	#F8766D	1967	54.0829024390244	Mongolia	East Asia & Pacific
1	#F8766D	1968	54.668756097561	Mongolia	East Asia & Pacific
1	#F8766D	1969	55.2267073170732	Mongolia	East Asia & Pacific
1	#F8766D	1970	55.7422682926829	Mongolia	East Asia & Pacific
1	#F8766D	1971	56.1934390243903	Mongolia	East Asia & Pacific
1	#F8766D	1972	56.5631707317073	Mongolia	East Asia & Pacific
1	#F8766D	1973	56.8453902439024	Mongolia	East Asia & Pacific
1	#F8766D	1974	57.0445853658537	Mongolia	East Asia & Pacific
1	#F8766D	1975	57.1662926829268	Mongolia	East Asia & Pacific
1	#F8766D	1960	65.0418292682927	Macao SAR, China	East Asia & Pacific
1	#F8766D	1961	65.5554390243903	Macao SAR, China	East Asia & Pacific
1	#F8766D	1962	66.0570731707317	Macao SAR, China	East Asia & Pacific
1	#F8766D	1963	66.5467317073171	Macao SAR, China	East Asia & Pacific
1	#F8766D	1964	67.0239268292683	Macao SAR, China	East Asia & Pacific
1	#F8766D	1965	67.4896585365854	Macao SAR, China	East Asia & Pacific
1	#F8766D	1966	67.9424390243903	Macao SAR, China	East Asia & Pacific
1	#F8766D	1967	68.3837804878049	Macao SAR, China	East Asia & Pacific
1	#F8766D	1968	68.8141219512195	Macao SAR, China	East Asia & Pacific
1	#F8766D	1969	69.2330243902439	Macao SAR, China	East Asia & Pacific
1	#F8766D	1970	69.6424390243902	Macao SAR, China	East Asia & Pacific
1	#F8766D	1971	70.0413902439025	Macao SAR, China	East Asia & Pacific
1	#F8766D	1972	70.4308780487805	Macao SAR, China	East Asia & Pacific
1	#F8766D	1973	70.8113902439025	Macao SAR, China	East Asia & Pacific
1	#F8766D	1974	71.1824146341463	Macao SAR, China	East Asia & Pacific
1	#F8766D	1975	71.5459756097561	Macao SAR, China	East Asia & Pacific
1	#F8766D	1960	59.4188292682927	Malaysia	East Asia & Pacific
1	#F8766D	1961	59.916756097561	Malaysia	East Asia & Pacific
1	#F8766D	1962	60.4054878048781	Malaysia	East Asia & Pacific
1	#F8766D	1963	60.8855609756098	Malaysia	East Asia & Pacific
1	#F8766D	1964	61.3559756097561	Malaysia	East Asia & Pacific
1	#F8766D	1965	61.8162926829268	Malaysia	East Asia & Pacific
1	#F8766D	1966	62.2650487804878	Malaysia	East Asia & Pacific
1	#F8766D	1967	62.7017804878049	Malaysia	East Asia & Pacific
1	#F8766D	1968	63.1270487804878	Malaysia	East Asia & Pacific
1	#F8766D	1969	63.5398536585366	Malaysia	East Asia & Pacific
1	#F8766D	1970	63.9407073170732	Malaysia	East Asia & Pacific
1	#F8766D	1971	64.3306341463415	Malaysia	East Asia & Pacific
1	#F8766D	1972	64.7090975609756	Malaysia	East Asia & Pacific
1	#F8766D	1973	65.0780731707317	Malaysia	East Asia & Pacific
1	#F8766D	1974	65.4375853658537	Malaysia	East Asia & Pacific
1	#F8766D	1975	65.7871219512195	Malaysia	East Asia & Pacific
1	#F8766D	1960	58.6390243902439	New Caledonia	East Asia & Pacific
1	#F8766D	1961	59.0390243902439	New Caledonia	East Asia & Pacific
1	#F8766D	1962	59.4390243902439	New Caledonia	East Asia & Pacific
1	#F8766D	1963	59.8878048780488	New Caledonia	East Asia & Pacific
1	#F8766D	1964	60.3365853658537	New Caledonia	East Asia & Pacific
1	#F8766D	1965	60.7853658536585	New Caledonia	East Asia & Pacific
1	#F8766D	1966	61.2341463414634	New Caledonia	East Asia & Pacific
1	#F8766D	1967	61.6829268292683	New Caledonia	East Asia & Pacific
1	#F8766D	1968	62.1317073170732	New Caledonia	East Asia & Pacific
1	#F8766D	1969	62.5804878048781	New Caledonia	East Asia & Pacific
1	#F8766D	1970	63.0292682926829	New Caledonia	East Asia & Pacific
1	#F8766D	1971	63.4780487804878	New Caledonia	East Asia & Pacific
1	#F8766D	1972	63.9268292682927	New Caledonia	East Asia & Pacific
1	#F8766D	1973	64.3756097560976	New Caledonia	East Asia & Pacific
1	#F8766D	1974	64.8243902439024	New Caledonia	East Asia & Pacific
1	#F8766D	1975	65.2731707317073	New Caledonia	East Asia & Pacific
1	#F8766D	1960	71.2365853658537	New Zealand	East Asia & Pacific
1	#F8766D	1961	70.9853658536586	New Zealand	East Asia & Pacific
1	#F8766D	1962	71.2317073170732	New Zealand	East Asia & Pacific
1	#F8766D	1963	71.280487804878	New Zealand	East Asia & Pacific
1	#F8766D	1964	71.3292682926829	New Zealand	East Asia & Pacific
1	#F8766D	1965	71.2268292682927	New Zealand	East Asia & Pacific
1	#F8766D	1966	71.1243902439025	New Zealand	East Asia & Pacific
1	#F8766D	1967	71.4731707317073	New Zealand	East Asia & Pacific
1	#F8766D	1968	71.1243902439025	New Zealand	East Asia & Pacific
1	#F8766D	1969	71.4731707317073	New Zealand	East Asia & Pacific
1	#F8766D	1970	71.2731707317073	New Zealand	East Asia & Pacific
1	#F8766D	1971	71.7731707317073	New Zealand	East Asia & Pacific
1	#F8766D	1972	71.8292682926829	New Zealand	East Asia & Pacific
1	#F8766D	1973	71.6682926829268	New Zealand	East Asia & Pacific
1	#F8766D	1974	71.9243902439024	New Zealand	East Asia & Pacific
1	#F8766D	1975	72.219512195122	New Zealand	East Asia & Pacific
1	#F8766D	1960	56.3299024390244	French Polynesia	East Asia & Pacific
1	#F8766D	1961	56.7528780487805	French Polynesia	East Asia & Pacific
1	#F8766D	1962	57.1358292682927	French Polynesia	East Asia & Pacific
1	#F8766D	1963	57.5097073170732	French Polynesia	East Asia & Pacific
1	#F8766D	1964	57.8945365853659	French Polynesia	East Asia & Pacific
1	#F8766D	1965	58.2984146341463	French Polynesia	East Asia & Pacific
1	#F8766D	1966	58.7184634146342	French Polynesia	East Asia & Pacific
1	#F8766D	1967	59.1347804878049	French Polynesia	East Asia & Pacific
1	#F8766D	1968	59.5324146341463	French Polynesia	East Asia & Pacific
1	#F8766D	1969	59.9102926829268	French Polynesia	East Asia & Pacific
1	#F8766D	1970	60.2612926829268	French Polynesia	East Asia & Pacific
1	#F8766D	1971	60.5771951219512	French Polynesia	East Asia & Pacific
1	#F8766D	1972	60.8628292682927	French Polynesia	East Asia & Pacific
1	#F8766D	1973	61.1305853658537	French Polynesia	East Asia & Pacific
1	#F8766D	1974	61.3984146341463	French Polynesia	East Asia & Pacific
1	#F8766D	1975	61.7008536585366	French Polynesia	East Asia & Pacific
1	#F8766D	1960	38.462243902439	Papua New Guinea	East Asia & Pacific
1	#F8766D	1961	39.059512195122	Papua New Guinea	East Asia & Pacific
1	#F8766D	1962	39.7173902439024	Papua New Guinea	East Asia & Pacific
1	#F8766D	1963	40.4378780487805	Papua New Guinea	East Asia & Pacific
1	#F8766D	1964	41.216487804878	Papua New Guinea	East Asia & Pacific
1	#F8766D	1965	42.0371951219512	Papua New Guinea	East Asia & Pacific
1	#F8766D	1966	42.8795609756098	Papua New Guinea	East Asia & Pacific
1	#F8766D	1967	43.717487804878	Papua New Guinea	East Asia & Pacific
1	#F8766D	1968	44.5309024390244	Papua New Guinea	East Asia & Pacific
1	#F8766D	1969	45.3082195121951	Papua New Guinea	East Asia & Pacific
1	#F8766D	1970	46.0409268292683	Papua New Guinea	East Asia & Pacific
1	#F8766D	1971	46.7274634146342	Papua New Guinea	East Asia & Pacific
1	#F8766D	1972	47.3813170731707	Papua New Guinea	East Asia & Pacific
1	#F8766D	1973	48.0148292682927	Papua New Guinea	East Asia & Pacific
1	#F8766D	1974	48.6373658536585	Papua New Guinea	East Asia & Pacific
1	#F8766D	1975	49.270512195122	Papua New Guinea	East Asia & Pacific
1	#F8766D	1960	57.81	Philippines	East Asia & Pacific
1	#F8766D	1961	58.1193658536585	Philippines	East Asia & Pacific
1	#F8766D	1962	58.4254634146342	Philippines	East Asia & Pacific
1	#F8766D	1963	58.7292195121951	Philippines	East Asia & Pacific
1	#F8766D	1964	59.0301707317073	Philippines	East Asia & Pacific
1	#F8766D	1965	59.3278292682927	Philippines	East Asia & Pacific
1	#F8766D	1966	59.6217804878049	Philippines	East Asia & Pacific
1	#F8766D	1967	59.9100975609756	Philippines	East Asia & Pacific
1	#F8766D	1968	60.1933902439024	Philippines	East Asia & Pacific
1	#F8766D	1969	60.4707073170732	Philippines	East Asia & Pacific
1	#F8766D	1970	60.7420731707317	Philippines	East Asia & Pacific
1	#F8766D	1971	61.0070243902439	Philippines	East Asia & Pacific
1	#F8766D	1972	61.2660243902439	Philippines	East Asia & Pacific
1	#F8766D	1973	61.5205609756098	Philippines	East Asia & Pacific
1	#F8766D	1974	61.7701219512195	Philippines	East Asia & Pacific
1	#F8766D	1975	62.015243902439	Philippines	East Asia & Pacific
1	#F8766D	1960	49.3817073170732	Solomon Islands	East Asia & Pacific
1	#F8766D	1961	49.8817073170732	Solomon Islands	East Asia & Pacific
1	#F8766D	1962	50.3817073170732	Solomon Islands	East Asia & Pacific
1	#F8766D	1963	50.8817073170732	Solomon Islands	East Asia & Pacific
1	#F8766D	1964	51.3817073170732	Solomon Islands	East Asia & Pacific
1	#F8766D	1965	51.8817073170732	Solomon Islands	East Asia & Pacific
1	#F8766D	1966	52.3817073170732	Solomon Islands	East Asia & Pacific
1	#F8766D	1967	52.8817073170732	Solomon Islands	East Asia & Pacific
1	#F8766D	1968	53.3817073170732	Solomon Islands	East Asia & Pacific
1	#F8766D	1969	53.8817073170732	Solomon Islands	East Asia & Pacific
1	#F8766D	1970	54.3877073170732	Solomon Islands	East Asia & Pacific
1	#F8766D	1971	54.9066829268293	Solomon Islands	East Asia & Pacific
1	#F8766D	1972	55.4386341463415	Solomon Islands	East Asia & Pacific
1	#F8766D	1973	55.9770975609756	Solomon Islands	East Asia & Pacific
1	#F8766D	1974	56.5105609756098	Solomon Islands	East Asia & Pacific
1	#F8766D	1975	57.0305365853659	Solomon Islands	East Asia & Pacific
1	#F8766D	1960	65.6598292682927	Singapore	East Asia & Pacific
1	#F8766D	1961	66.0871951219512	Singapore	East Asia & Pacific
1	#F8766D	1962	66.432243902439	Singapore	East Asia & Pacific
1	#F8766D	1963	66.7008048780488	Singapore	East Asia & Pacific
1	#F8766D	1964	66.9102195121951	Singapore	East Asia & Pacific
1	#F8766D	1965	67.0858048780488	Singapore	East Asia & Pacific
1	#F8766D	1966	67.2559512195122	Singapore	East Asia & Pacific
1	#F8766D	1967	67.4457317073171	Singapore	East Asia & Pacific
1	#F8766D	1968	67.6737317073171	Singapore	East Asia & Pacific
1	#F8766D	1969	67.9510731707317	Singapore	East Asia & Pacific
1	#F8766D	1970	68.2814146341463	Singapore	East Asia & Pacific
1	#F8766D	1971	68.66	Singapore	East Asia & Pacific
1	#F8766D	1972	69.0659756097561	Singapore	East Asia & Pacific
1	#F8766D	1973	69.4784634146342	Singapore	East Asia & Pacific
1	#F8766D	1974	69.8854634146341	Singapore	East Asia & Pacific
1	#F8766D	1975	70.2714146341463	Singapore	East Asia & Pacific
1	#F8766D	1960	55.2991951219512	Thailand	East Asia & Pacific
1	#F8766D	1961	55.8388292682927	Thailand	East Asia & Pacific
1	#F8766D	1962	56.3500243902439	Thailand	East Asia & Pacific
1	#F8766D	1963	56.8322926829268	Thailand	East Asia & Pacific
1	#F8766D	1964	57.2891951219512	Thailand	East Asia & Pacific
1	#F8766D	1965	57.7241463414634	Thailand	East Asia & Pacific
1	#F8766D	1966	58.1445365853659	Thailand	East Asia & Pacific
1	#F8766D	1967	58.5582682926829	Thailand	East Asia & Pacific
1	#F8766D	1968	58.975243902439	Thailand	East Asia & Pacific
1	#F8766D	1969	59.4010243902439	Thailand	East Asia & Pacific
1	#F8766D	1970	59.8366585365854	Thailand	East Asia & Pacific
1	#F8766D	1971	60.2802926829268	Thailand	East Asia & Pacific
1	#F8766D	1972	60.7300731707317	Thailand	East Asia & Pacific
1	#F8766D	1973	61.1890243902439	Thailand	East Asia & Pacific
1	#F8766D	1974	61.6651951219512	Thailand	East Asia & Pacific
1	#F8766D	1975	62.1719756097561	Thailand	East Asia & Pacific
1	#F8766D	1960	33.7271219512195	Timor-Leste	East Asia & Pacific
1	#F8766D	1961	34.2275609756098	Timor-Leste	East Asia & Pacific
1	#F8766D	1962	34.7290487804878	Timor-Leste	East Asia & Pacific
1	#F8766D	1963	35.2315365853659	Timor-Leste	East Asia & Pacific
1	#F8766D	1964	35.7334878048781	Timor-Leste	East Asia & Pacific
1	#F8766D	1965	36.2729024390244	Timor-Leste	East Asia & Pacific
1	#F8766D	1966	36.8947804878049	Timor-Leste	East Asia & Pacific
1	#F8766D	1967	37.5966097560976	Timor-Leste	East Asia & Pacific
1	#F8766D	1968	38.3358780487805	Timor-Leste	East Asia & Pacific
1	#F8766D	1969	39.041512195122	Timor-Leste	East Asia & Pacific
1	#F8766D	1970	39.5288780487805	Timor-Leste	East Asia & Pacific
1	#F8766D	1971	39.575243902439	Timor-Leste	East Asia & Pacific
1	#F8766D	1972	39.0880975609756	Timor-Leste	East Asia & Pacific
1	#F8766D	1973	38.082512195122	Timor-Leste	East Asia & Pacific
1	#F8766D	1974	36.6681463414634	Timor-Leste	East Asia & Pacific
1	#F8766D	1975	35.1138536585366	Timor-Leste	East Asia & Pacific
1	#F8766D	1960	61.3645365853659	Tonga	East Asia & Pacific
1	#F8766D	1961	61.7327073170732	Tonga	East Asia & Pacific
1	#F8766D	1962	62.0972926829268	Tonga	East Asia & Pacific
1	#F8766D	1963	62.458756097561	Tonga	East Asia & Pacific
1	#F8766D	1964	62.8151463414634	Tonga	East Asia & Pacific
1	#F8766D	1965	63.1679756097561	Tonga	East Asia & Pacific
1	#F8766D	1966	63.5183170731707	Tonga	East Asia & Pacific
1	#F8766D	1967	63.867243902439	Tonga	East Asia & Pacific
1	#F8766D	1968	64.2122682926829	Tonga	East Asia & Pacific
1	#F8766D	1969	64.5529024390244	Tonga	East Asia & Pacific
1	#F8766D	1970	64.8850975609756	Tonga	East Asia & Pacific
1	#F8766D	1971	65.2048048780488	Tonga	East Asia & Pacific
1	#F8766D	1972	65.5079756097561	Tonga	East Asia & Pacific
1	#F8766D	1973	65.7950487804878	Tonga	East Asia & Pacific
1	#F8766D	1974	66.0660243902439	Tonga	East Asia & Pacific
1	#F8766D	1975	66.3233902439025	Tonga	East Asia & Pacific
1	#F8766D	1960	44.1620975609756	Vietnam	East Asia & Pacific
1	#F8766D	1961	44.6906341463415	Vietnam	East Asia & Pacific
1	#F8766D	1962	45.2356829268293	Vietnam	East Asia & Pacific
1	#F8766D	1963	45.789243902439	Vietnam	East Asia & Pacific
1	#F8766D	1964	46.3357804878049	Vietnam	East Asia & Pacific
1	#F8766D	1965	46.8308048780488	Vietnam	East Asia & Pacific
1	#F8766D	1966	47.2208048780488	Vietnam	East Asia & Pacific
1	#F8766D	1967	47.483756097561	Vietnam	East Asia & Pacific
1	#F8766D	1968	47.6256829268293	Vietnam	East Asia & Pacific
1	#F8766D	1969	47.6755853658537	Vietnam	East Asia & Pacific
1	#F8766D	1970	47.6914634146342	Vietnam	East Asia & Pacific
1	#F8766D	1971	47.7492682926829	Vietnam	East Asia & Pacific
1	#F8766D	1972	47.9240487804878	Vietnam	East Asia & Pacific
1	#F8766D	1973	48.2728780487805	Vietnam	East Asia & Pacific
1	#F8766D	1974	48.8243902439024	Vietnam	East Asia & Pacific
1	#F8766D	1975	49.5998048780488	Vietnam	East Asia & Pacific
1	#F8766D	1960	46.4874878048781	Vanuatu	East Asia & Pacific
1	#F8766D	1961	47.0880975609756	Vanuatu	East Asia & Pacific
1	#F8766D	1962	47.6881951219512	Vanuatu	East Asia & Pacific
1	#F8766D	1963	48.2872926829268	Vanuatu	East Asia & Pacific
1	#F8766D	1964	48.8868292682927	Vanuatu	East Asia & Pacific
1	#F8766D	1965	49.4847804878049	Vanuatu	East Asia & Pacific
1	#F8766D	1966	50.0831219512195	Vanuatu	East Asia & Pacific
1	#F8766D	1967	50.6818292682927	Vanuatu	East Asia & Pacific
1	#F8766D	1968	51.2809268292683	Vanuatu	East Asia & Pacific
1	#F8766D	1969	51.8799024390244	Vanuatu	East Asia & Pacific
1	#F8766D	1970	52.4798048780488	Vanuatu	East Asia & Pacific
1	#F8766D	1971	53.0796341463415	Vanuatu	East Asia & Pacific
1	#F8766D	1972	53.6794390243902	Vanuatu	East Asia & Pacific
1	#F8766D	1973	54.2792682926829	Vanuatu	East Asia & Pacific
1	#F8766D	1974	54.8786097560976	Vanuatu	East Asia & Pacific
1	#F8766D	1975	55.4799756097561	Vanuatu	East Asia & Pacific
1	#F8766D	1960	49.969512195122	Samoa	East Asia & Pacific
1	#F8766D	1961	50.469512195122	Samoa	East Asia & Pacific
1	#F8766D	1962	50.969512195122	Samoa	East Asia & Pacific
1	#F8766D	1963	51.469512195122	Samoa	East Asia & Pacific
1	#F8766D	1964	51.969512195122	Samoa	East Asia & Pacific
1	#F8766D	1965	52.469512195122	Samoa	East Asia & Pacific
1	#F8766D	1966	52.969512195122	Samoa	East Asia & Pacific
1	#F8766D	1967	53.469512195122	Samoa	East Asia & Pacific
1	#F8766D	1968	53.969512195122	Samoa	East Asia & Pacific
1	#F8766D	1969	54.469512195122	Samoa	East Asia & Pacific
1	#F8766D	1970	54.969512195122	Samoa	East Asia & Pacific
1	#F8766D	1971	55.469512195122	Samoa	East Asia & Pacific
1	#F8766D	1972	55.969512195122	Samoa	East Asia & Pacific
1	#F8766D	1973	56.469512195122	Samoa	East Asia & Pacific
1	#F8766D	1974	56.969512195122	Samoa	East Asia & Pacific
1	#F8766D	1975	57.469512195122	Samoa	East Asia & Pacific
5	#00B6EB	1960	71.1331707317073	Canada	North America
5	#00B6EB	1961	71.3460975609756	Canada	North America
5	#00B6EB	1962	71.3670731707317	Canada	North America
5	#00B6EB	1963	71.3807317073171	Canada	North America
5	#00B6EB	1964	71.7763414634146	Canada	North America
5	#00B6EB	1965	71.8721951219512	Canada	North America
5	#00B6EB	1966	72.0043902439024	Canada	North America
5	#00B6EB	1967	72.2078048780488	Canada	North America
5	#00B6EB	1968	72.3534146341463	Canada	North America
5	#00B6EB	1969	72.5014634146341	Canada	North America
5	#00B6EB	1970	72.7004878048781	Canada	North America
5	#00B6EB	1971	73.0292682926829	Canada	North America
5	#00B6EB	1972	72.9339024390244	Canada	North America
5	#00B6EB	1973	73.1626829268293	Canada	North America
5	#00B6EB	1974	73.2375609756098	Canada	North America
5	#00B6EB	1975	73.5217073170732	Canada	North America
5	#00B6EB	1960	69.7707317073171	United States	North America
5	#00B6EB	1961	70.2707317073171	United States	North America
5	#00B6EB	1962	70.119512195122	United States	North America
5	#00B6EB	1963	69.9170731707317	United States	North America
5	#00B6EB	1964	70.1658536585366	United States	North America
5	#00B6EB	1965	70.2146341463415	United States	North America
5	#00B6EB	1966	70.2121951219512	United States	North America
5	#00B6EB	1967	70.5609756097561	United States	North America
5	#00B6EB	1968	69.9512195121951	United States	North America
5	#00B6EB	1969	70.5073170731708	United States	North America
5	#00B6EB	1970	70.8073170731707	United States	North America
5	#00B6EB	1971	71.1073170731707	United States	North America
5	#00B6EB	1972	71.1560975609756	United States	North America
5	#00B6EB	1973	71.3560975609756	United States	North America
5	#00B6EB	1974	71.9560975609756	United States	North America
5	#00B6EB	1975	72.6048780487805	United States	North America
