ID,No.,iso3,country,Former ID,Origin (type),Origin (specif.),SES,Sample comp.,Sample char.,Lowest age,Highest age,Mean age,Age deviation,N (ind.),Sample rating,Test (type),Test (meas.),Test (calc.),Test (part),Domain,Procedure,Year (meas.),Year (std.),Time deviation,Country of std.,Testing rating,Recalc.?,Special calc.?,Test-conv.?,Raw-score (uncor.),Raw-score (cor.),IQ (uncor.),Test time adjust.,Country cor.,Add. cor.,Below threshold?,Method rating,IQ (cor.),IQ (L&V),IQ(L&V)-IQ(cor.),|IQ(L&V)-IQ(cor.)|,Full rating,QN-Factor,Short,Full,Found?,DB,L&V
AGO7765,7765.0,AGO,Angola,1.1.1,6.0,,2.0,control,5.0,15.0,32.0,23.63,7.729999999999999,19.0,0.2,WIS,WAIS-III,WAIS-III,Digit Span (f+b); Matrices,2.0,1.0,2013.0,2006.0,7.0,3.0,0.3333333333333333,0.0,1.0,0.0,23.240000000000002,23.240000000000002,77.5,-1.2000000000000028,-1.2,0.0,0.0,1.0,75.1,76.5,1.4000000000000057,1.4000000000000057,0.5111111111111111,9.71111111111111,Peixoto & Kalei (2013),"Peixoto, B., & Kalei, I. (2013). Neurocognitive sequelae of cerebral malaria in adults: A pilot study in Benguela Central Hospital, Angola. Asian Pacific Journal of Tropical Biomedicine, 3, 532-535.",Y,Malaria group excluded,"Peixoto & Kalei (2013) report Wechsler subtest data for 22 young adults with cerebral malaria and 19 healthy controls. Both samples obtained a score of 10.7 on the digit span test giving an IQ of 73 on the British WAIS III 1995 standardisation. On the matrix reasoning test the sample with cerebral malaria obtained a score of 10.3 giving an IQ of 77 on the British 1995 standardisation and the controls obtained a score of 12.4 giving an IQ of 83 on the British 1995 standardisation. The two results on matrix reasoning are averaged to give an IQ of 80, and this is averaged with the digit span IQ of 73 to give an IQ of 76.5. "
ARG2485,2485.0,ARG,Argentina,2.1.4,6.0,,2.0,normal,3.0,,,13.0,18.7,1740.0,0.3,RPM,SPM,SPM,full,1.0,1.0,1997.0,1979.0,18.0,1.0,0.8333333333333334,1.0,0.0,0.0,45.34,45.34,104.37502031120002,-3.7800000000000153,0.0,0.0,0.0,1.0,100.5950203112,102.0,1.4049796887999975,1.4049796887999975,0.7111111111111111,1237.3333333333335,De Kohan (1997),"De Kohan, N.C. (1997). Logros en educaciob  primaria y su relacion con inteligencia general y con los procesos de pensamiento en la resolucion de problemas. Revista Latinoamericana de Psicolgia, 29, 65-79.",Y,,De Kohan (1997) reports an SPM score of 45.34 for 13 year olds which translates to a British IQ of 103. 
ARG2424,2424.0,ARG,Argentina,2.1.1,3.0,,2.0,normal,3.0,13.0,14.0,13.5,18.2,880.0,0.3,RPM,SPM,SPM,full,1.0,1.0,1964.0,1979.0,15.0,1.0,0.8333333333333334,1.0,0.0,0.0,38.78,38.78,86.3673339064,3.150000000000005,0.0,0.0,0.0,1.0,89.51733390640001,95.0,5.482666093599988,5.482666093599988,0.7111111111111111,625.7777777777778,Flynn & Rossi-Casé (2012),"Flynn, J. R., & Rossi-Casé, L. (2012). IQ gains in Argentina betwen 1964 and 1988.   Intelligence, 40, 145-150.",Y,1998 group reduced from six to three age-groups (normtable available only untill age 15.5),"Flynn & Rossi-Casé (2012) give SPM data for 13-14 year olds (assumed to lie between 13.0 and 14.11 years and therefore with a mean of 14.0 years) for the city of  La Plata tested in 1964 and in 1998. The 1964 sample obtained a score of 38 equivalent to the 14th percentile (IQ =84) on the 1979 British standardization, needing a 3 IQ point Flynn effect (15 years) addition to raise it to 87.  They also give SPM data for 17-24 year olds for the city of  La Plata tested in 1964 and in 1998. The 1964 sample obtained a score of 38.9 equivalent to the 5th percentile (IQ =75.3) on the 1992 British standardization, needing a 5.6 IQ point Flynn effect (28 years) addition to raise it to 81.  The two IQs for 1964 have been averaged to 84. The 1998 sample of 13/14 year olds obtained a score of 47.7 equivalent to the 60th percentile (IQ =104) on the 1979 British standardization, needing a 4 IQ point Flynn effect (21 years) reduction to 100.  The 1998 sample 17-24 year olds obtained a score of 50 equivalent to the 28th percentile (IQ =91) on the 1992 British standardization, needing a 1 IQ point Flynn effect (6 years) reduction to 90. The two IQs for 1998 have been averaged to 95. There has therefore been an increase of 11 IQ points in the IQ in Argentina from 1964 to 1992, according to these results, representing 2.5 IQ points a decade. "
ARG2436,2436.0,ARG,Argentina,2.1.1,3.0,,2.0,normal,3.0,13.0,18.0,15.5,16.2,1390.0,0.3,RPM,SPM,SPM,full,1.0,1.0,1998.0,1979.0,19.0,1.0,0.8333333333333334,1.0,0.0,0.0,48.1,48.1,103.6900582,-3.990000000000016,0.0,0.0,0.0,1.0,99.70005819999997,95.0,-4.700058199999972,4.700058199999972,0.7111111111111111,988.4444444444445,Flynn & Rossi-Casé (2012),"Flynn, J. R., & Rossi-Casé, L. (2012). IQ gains in Argentina betwen 1964 and 1988.   Intelligence, 40, 145-150.",Y,1998 group reduced from six to three age-groups (normtable available only untill age 15.5),"Flynn & Rossi-Casé (2012) give SPM data for 13-14 year olds (assumed to lie between 13.0 and 14.11 years and therefore with a mean of 14.0 years) for the city of  La Plata tested in 1964 and in 1998. The 1964 sample obtained a score of 38 equivalent to the 14th percentile (IQ =84) on the 1979 British standardization, needing a 3 IQ point Flynn effect (15 years) addition to raise it to 87.  They also give SPM data for 17-24 year olds for the city of  La Plata tested in 1964 and in 1998. The 1964 sample obtained a score of 38.9 equivalent to the 5th percentile (IQ =75.3) on the 1992 British standardization, needing a 5.6 IQ point Flynn effect (28 years) addition to raise it to 81.  The two IQs for 1964 have been averaged to 84. The 1998 sample of 13/14 year olds obtained a score of 47.7 equivalent to the 60th percentile (IQ =104) on the 1979 British standardization, needing a 4 IQ point Flynn effect (21 years) reduction to 100.  The 1998 sample 17-24 year olds obtained a score of 50 equivalent to the 28th percentile (IQ =91) on the 1992 British standardization, needing a 1 IQ point Flynn effect (6 years) reduction to 90. The two IQs for 1998 have been averaged to 95. There has therefore been an increase of 11 IQ points in the IQ in Argentina from 1964 to 1992, according to these results, representing 2.5 IQ points a decade. "
ARG8081,8081.0,ARG,Argentina,2.1.6,3.0,Buenos Aires,2.0,normal,1.0,5.0,10.0,7.5,24.2,420.0,0.2,RPM,CPM,CPM,full,1.0,1.0,1996.0,2007.0,11.0,1.0,0.8333333333333334,1.0,1.0,0.0,24.666666666666668,24.666666666666668,102.21186666666667,2.3100000000000094,0.0,0.0,0.0,1.0,104.52186666666668,98.0,-6.521866666666682,6.521866666666682,0.6777777777777777,284.66666666666663,"Raven, Raven & Court (2006)","Raven, J. C., Raven, J., & Court, J. H. (2006). Manual für Raven's Progressive Matrices and Vocabulary Scales. Frankfurt: Harcourt Test Service.",Y,,
ARG8078,8078.0,ARG,Argentina,2.1.5,6.0,,2.0,,3.0,7.0,15.0,12.0,19.7,1680.0,0.1,RPM,SPM,SPM,full,1.0,1.0,1948.0,1979.0,31.0,1.0,0.6666666666666666,1.0,0.0,0.0,30.94,30.94,79.7112581448,6.510000000000005,0.0,0.0,0.0,1.0,86.2212581448,93.0,6.778741855199996,6.778741855199996,0.5888888888888889,989.3333333333334,Rimoldi (1948),"Rimoldi, H. J. (1948). A note on Raven's Progressive Matrices Test. Educational and Psychological Measurement, 8, 347-352.",Y,,
AUS5624,5624.0,AUS,Australia,4.1.3,2.0,Queensland,2.0,,1.0,5.5,10.5,8.0,30.700000000000003,640.0,0.0,RPM,CPM,CPM,full,1.0,1.0,1980.0,2007.0,27.0,1.0,0.6666666666666666,1.0,1.0,0.0,23.166666666666668,23.166666666666668,92.32766666666664,5.670000000000023,0.0,0.0,0.0,1.0,97.99766666666667,98.0,0.002333333333325527,0.002333333333325527,0.5555555555555555,355.5555555555555,"Raven, Raven & Court (2006)","Raven, J. C., Raven, J., & Court, J. H. (2006). Manual für Raven's Progressive Matrices and Vocabulary Scales. Frankfurt: Harcourt Test Service.",Y,,
AUS3074,3074.0,AUS,Australia,4.1.5,1.0,national,2.0,mid-level managers,5.0,,,34.51,4.190000000000005,252.0,0.2,RPM,APM,APM,full,1.0,1.0,2017.0,1992.0,25.0,1.0,0.6666666666666666,1.0,0.0,0.0,22.54,22.54,101.7527310472,-3.3600000000000136,0.0,0.0,0.0,1.0,98.39273104719999,,,,0.6222222222222222,156.8,Birney et al. (2017),"Birney, D. P., Beckmann, J. F., Beckmann, N., & Double, K. S. (2017). Beyond the intellect: Complexity and learning trajectories in Raven's Progressive Matrices depend on self-regulatory processes and conative dispositions. Intelligence, 61, 63-77. doi:10.1016/j.intell.2017.01.005",Y,,
AUS4314,4314.0,AUS,Australia,4.1.4,2.0,Victoria,2.0,normal,1.0,6.0,12.0,8.5,30.200000000000003,615.0,0.2,RPM,CPM,CPM,full,1.0,1.0,2005.0,2007.0,2.0,1.0,1.0,1.0,1.0,0.0,24.975000000000005,24.975000000000005,93.17782868361667,0.4200000000000017,0.0,0.0,0.0,1.0,93.59782868361667,93.0,-0.5978286836166689,0.5978286836166689,0.7333333333333334,451.00000000000006,Cotton et al. (2005),"Cotton, S. C., Kiely, P. M., Crewther, D. P., Thomson, B., Laycock, R., & Crewther, S. G. (2005). A normative and reliability study for the Raven’s Coloured Progressive Matrices for primary school aged children from Victoria, Australia. Personality and Individual Differences, 39, 647-659.",Y,,
AUS3651,3651.0,AUS,Australia,4.1.1,6.0,,2.0,normal,1.0,16.0,17.0,16.5,22.200000000000003,666.6666666666667,0.2,RPM,SPM,APM,full,1.0,1.0,1986.0,1992.0,6.0,1.0,1.0,1.0,1.0,1.0,49.0,18.147491384415726,104.57279095645207,1.2600000000000051,0.0,0.0,0.0,0.6666666666666666,105.83279095645207,100.0,-5.832790956452072,5.832790956452072,0.6222222222222222,414.8148148148149,"Raven, Raven & Court (1999)","Raven, J. C., Raven, J., & Court, J. H. (1999). Raven's Progressive Matrices und Vocabulary Scales. Magdeburg: Swets Test Service.",Y,,
AUS4319,4319.0,AUS,Australia,4.1.1,6.0,,2.0,normal,1.0,8.0,15.5,12.0,26.700000000000003,3333.3333333333335,0.2,RPM,SPM,SPM,full,1.0,1.0,1986.0,1979.0,7.0,1.0,1.0,1.0,1.0,0.0,41.8,41.8,101.75304733333331,-1.470000000000006,0.0,0.0,0.0,1.0,100.28304733333331,100.0,-0.28304733333331455,0.28304733333331455,0.7333333333333334,2444.444444444445,"Raven, Raven & Court (1999)","Raven, J. C., Raven, J., & Court, J. H. (1999). Raven's Progressive Matrices und Vocabulary Scales. Magdeburg: Swets Test Service.",Y,,
AUS5488,5488.0,AUS,Australia,4.1.6,3.0,Adelaide,2.0,normal,3.0,16.0,68.0,34.47,4.230000000000004,455.0,0.4,RPM,APM,APM,full,1.0,1.0,2016.0,1992.0,24.0,1.0,0.6666666666666666,1.0,0.0,0.0,21.34,21.34,99.6874868392,-3.3600000000000136,0.0,0.0,0.0,1.0,96.32748683919999,100.0,3.6725131608000083,3.6725131608000083,0.6888888888888888,313.4444444444444,Waschl et al. (2016),"Waschl, N. A., Nettelbeck, T., Jackson, S. A., & Burns, N. R. (2016). Dimensionality of the Raven's Advanced Progressive Matrices: Sex differences and visuospatial ability. Personality and Individual Differences, 100, 157-166. doi: 10.1016/j.paid.2015.12.008",Y,,
AUT6231,6231.0,AUT,Austria,,6.0,,2.0,normal,3.0,11.0,15.0,12.95,31.05,81.0,0.2,RPM,SPM,SPM,full,1.0,2.0,1991.0,1979.0,12.0,1.0,0.8333333333333334,1.0,0.0,0.0,37.47,44.07,101.39204902289998,-2.5200000000000102,0.0,0.0,0.0,0.6666666666666666,98.87204902289997,,,,0.5666666666666668,45.900000000000006,"Neubauer, Bauer & Huller (1992)","Neubauer, A. C., Bauer, Ch., & Huller, G. (1992). Intelligence, attention, motivation and speed-accuracy trade-off in the Hick Paradigm. Personality and Individual Differences, 13, 1325-1332.",Y,,
AUT2215,2215.0,AUT,Austria,5.1.2,2.0,Styria,2.0,pre-school,3.0,5.0,6.0,5.5,38.5,51.0,0.0,RPM,CPM,CPM,full,1.0,1.0,2008.0,2007.0,1.0,1.0,1.0,1.0,1.0,0.0,24.325,24.325,119.44210385625,-0.21000000000000085,0.0,0.0,0.0,1.0,119.23210385625,,,,0.6666666666666666,34.0,"Rindermann, Stiegmaier & Meisenberg (2014)","Rindermann, H., Stiegmaier, E.-M., & Meisenberg, G. (2014a). Cognitive ability of preschool, primary and secondary school children in Costa Rica. Journal of Biosocial Science, 46, 1-30.",Y,,"Rindermann et al. (2014) reported a study of the intelligence of three samples in Costa Rica compared with matched samples in Austria. The samples were aged 5-6 years tested with the CPM, and 9-11 and 15-16 years tested with a variety of tests. Costa Rican IQs were 95, 89 and 78 for the three groups and averaged 87 relative to an Austrian IQ of 99, and therefore gave a Costa Rica IQ of 86 relative to a British  IQ of 100. "
AUT4153,4153.0,AUT,Austria,5.1.2,2.0,Styria,2.0,normal,3.0,9.0,11.0,10.0,34.0,71.0,0.2,RPM,SPM,SPM,full,1.0,1.0,2008.0,1979.0,29.0,1.0,0.6666666666666666,1.0,1.0,0.0,33.88,33.88,94.66819756750336,-6.090000000000025,0.0,0.0,0.0,1.0,88.57819756750334,,,,0.6222222222222222,44.17777777777778,"Rindermann, Stiegmaier & Meisenberg (2014)","Rindermann, H., Stiegmaier, E.-M., & Meisenberg, G. (2014a). Cognitive ability of preschool, primary and secondary school children in Costa Rica. Journal of Biosocial Science, 46, 1-30.",Y,,"Rindermann et al. (2014) reported a study of the intelligence of three samples in Costa Rica compared with matched samples in Austria. The samples were aged 5-6 years tested with the CPM, and 9-11 and 15-16 years tested with a variety of tests. Costa Rican IQs were 95, 89 and 78 for the three groups and averaged 87 relative to an Austrian IQ of 99, and therefore gave a Costa Rica IQ of 86 relative to a British  IQ of 100. "
BHS6343,6343.0,BHS,"Bahamas, The",6.1.2,1.0,,2.0,normal,5.0,15.0,17.0,16.0,16.0,694.0,0.3,OLSAT,OLSAT,OLSAT,full,2.0,1.0,1988.0,1979.0,9.0,2.0,0.6666666666666666,0.0,0.0,0.0,,,102.85,-3.0599999999999987,-2.5,-10.0,0.0,0.0,87.28999999999999,91.0,3.710000000000008,3.710000000000008,0.3222222222222222,223.6222222222222,Johnson (1988),"Johnson, P. (1988). Effective secondary schooling: factors affecting academic achievement in the Commonwealth of The Bahamas. Ph.D. thesis, University of Toronto.",Y,," A study of the IQ in the Bahamas has also been reported by Johnson (1988) of 694 adolescents in grades 10-12 in secondary schools aged approximately 15-17, and given the Otis-Lennon School Ability Test. The average IQ was 95 based on test norms of 1979, requiring a 2 point Flynn effect reduction for 8 years of norm inflation to give an IQ of 93.  A further reduction of 2 points are needed to converted  to a British  IQ, giving an IQ of 91. The sample is probably selective for high IQ. "
BHS4254,4254.0,BHS,"Bahamas, The",,6.0,,2.0,normal,3.0,6.0,16.0,10.0,22.0,29.0,0.2,WIS,WISC-III,WISC-III,"Picture Completion, Arithmetic, Vocabulary",2.0,1.0,1999.0,1989.0,10.0,3.0,0.16666666666666666,1.0,0.0,0.0,7.666666666666667,7.666666666666667,88.35,-6.000000000000014,-1.2,0.0,0.0,1.0,81.14999999999998,72.0,-9.149999999999977,9.149999999999977,0.45555555555555555,13.21111111111111,Tynes-Jones (2005),"Tynes-Jones, J. (2005). Applying the Bio-Ecological model of intelligence to the Wechsler Scales in The Bahamas. College of the Bahamas Research Journal, 13, 68-80. ",Y,,
BHR9522,9522.0,BHR,Bahrain,7.1.1,1.0,,2.0,normal,3.0,6.0,16.0,11.0,21.299999999999997,1018.0,0.2,WIS,WISC-III,WISC-III,full,2.0,1.0,2015.0,1989.0,26.0,2.0,0.3333333333333333,0.0,1.0,0.0,110.81,110.81,95.09909626719057,-5.780000000000008,-2.5,0.0,0.0,1.0,86.81909626719056,85.5,-1.3190962671905595,1.3190962671905595,0.5111111111111111,520.311111111111,Bakhiet & Lynn (2015e),"Bakhiet, S. F. A., & Lynn, R.  (2015e). Sex differences on the Wechsler Intelligence Scale for Children-III in Bahrain and the United States. Psychological Reports, 117, 794-8.",Y,,"The Wechsler Intelligence Scale for Children-111 (WISC-111) was translated into Arabic and standardized in Bahrain in 2000 by Khalifa and Almotawaa (2002) and the results summarized by Bakhiet & Lynn  (2015). The Arabic standardization required some changes to the verbal subtests but the non-verbal (performance) subtests were unchanged. The Performance IQ was 90.8. The American test was standardised in 1989, so a 3.3 IQ point (11 years) Flynn effect reduction and a further 2 IQ point reduction are required to equate to a British IQ, to bring the Bahrain IQ to 85.5."
BGD1844,1844.0,BGD,Bangladesh,8.1.1,4.0,Matlab,2.0,mothers,5.0,,,27.3,0.6000000000000014,3964.0,0.2,RPM,CPM,CPM,full,1.0,1.0,2004.3333333333333,2007.0,2.6666666666667425,1.0,1.0,0.0,0.0,0.0,,,75.00176411290323,0.6300000000000026,0.0,0.0,0.0,0.3333333333333333,75.63176411290323,75.0,-0.6317641129032268,0.6317641129032268,0.5111111111111111,2026.0444444444443,Hamadani et al. (2011),"Hamadani, J. D., Tofail, F., Nermell. B., Gardner, R., Shiraji, S., Bottai, M., Arifeen, S. E., Huda, S. N., & Vahter, M. (2011). Critical windows of exposure for arsenic-associated impairment of cognitive function in pre-school girls and boys:a population-based cohort study. International Journal of Epidemiology, 40, 1593-1604.",Y,mean female age from CIA,"Hamadani et al. (2011) report a study about arsenic toxicity in a rural sample. A sample of 5 year olds obtained a WPPSI IQ of 75 for the total sample, and 77 for those with the lowest arsenic load. Their mothers are given an SPM IQ of 75 but there is no explanation of how this was calculated. "
BGD3896,3896.0,BGD,Bangladesh,8.1.1,4.0,Matlab,2.0,normal,5.0,,,5.0,21.7,4111.0,0.2,WIS,WPPSI-III,WPPSI-III,full,2.0,1.0,2004.3333333333333,2002.0,2.3333333333332575,2.0,0.6666666666666666,0.0,0.0,0.0,,,75.1,-0.6800000000000033,-2.5,0.0,0.0,0.3333333333333333,71.91999999999999,75.0,3.0800000000000125,3.0800000000000125,0.39999999999999997,1644.3999999999999,Hamadani et al. (2011),"Hamadani, J. D., Tofail, F., Nermell. B., Gardner, R., Shiraji, S., Bottai, M., Arifeen, S. E., Huda, S. N., & Vahter, M. (2011). Critical windows of exposure for arsenic-associated impairment of cognitive function in pre-school girls and boys:a population-based cohort study. International Journal of Epidemiology, 40, 1593-1604.",Y,,"Hamadani et al. (2011) report a study about arsenic toxicity in a rural sample. A sample of 5 year olds obtained a WPPSI IQ of 75 for the total sample, and 77 for those with the lowest arsenic load. Their mothers are given an SPM IQ of 75 but there is no explanation of how this was calculated. "
BGD7140,7140.0,BGD,Bangladesh,8.1.2,4.0,Dhaka,2.0,literate,5.0,,,67.2,40.5,246.0,0.0,MSE,MMSE,MMSE,full,2.0,1.0,1995.5,1990.0,5.5,2.0,0.6666666666666666,0.0,0.0,0.0,25.1,25.1,90.5,-2.039999999999999,-2.5,2.5,0.0,0.6666666666666666,88.46000000000001,82.6,-5.860000000000014,5.860000000000014,0.4444444444444444,109.33333333333333,Lynn (2007a),"Lynn, R. (2007a). A study of the IQ in Bangladesh. Mankind Quarterly, 48, 117-122.",Y,"country correction already done in source, therefore +2.5 additional correction",The authors of the study state that 38.5 per cent of the population in Bangladesh are literate and 61.5 per cent are illiterate.
BGD7433,7433.0,BGD,Bangladesh,8.1.2,4.0,Dhaka,2.0,illiterate,5.0,,,66.4,39.7,426.0,0.0,MSE,MMSE,BAMSE,full,2.0,1.0,1995.5,1990.0,5.5,2.0,0.6666666666666666,0.0,0.0,0.0,,,77.7,-2.039999999999999,-2.5,2.5,0.0,0.0,75.66,82.6,6.939999999999998,6.939999999999998,0.2222222222222222,94.66666666666666,Lynn (2007a),"Lynn, R. (2007a). A study of the IQ in Bangladesh. Mankind Quarterly, 48, 117-122.",Y,"country correction already done in source, therefore +2.5 additional correction",The authors of the study state that 38.5 per cent of the population in Bangladesh are literate and 61.5 per cent are illiterate.
BGD9287,9287.0,BGD,Bangladesh,8.1.3,6.0,,2.0,normal,3.0,5.75,6.25,6.1,20.6,296.0,0.2,WIS,WPPSI-III,WPPSI-III,full,2.0,1.0,2004.5,2002.0,2.5,2.0,0.6666666666666666,0.0,0.0,0.0,,,75.9,-1.0200000000000067,-2.5,0.0,0.0,0.3333333333333333,72.38,76.0,3.6200000000000045,3.6200000000000045,0.39999999999999997,118.39999999999999,Wasserman et al. (2007),"Wasserman, G. A., Liu, X., Parvez, F., Ahsan, F., Factor-Litvak, P., Kline, J., van Geen, A., Slavkovich, V., LoIacono, N. J., Levy, D., Cheng, Zh., & Graziano, J. H. (2007). Water arsenic exposure and intellectual function in 6-year-old children in Araihazar, Bangladesh. Environmnetal Health Perspectives, 115, 285-296.",Y,,Wasserman (2014) report WPPSI-III data for a sample of 296 6 year old children in school in a rural area described as “not particularly poor”. They report a full-scale IQ of 75.9.
BRB1174,1174.0,BRB,Barbados,9.1.1,1.0,,2.0,control,5.0,12.0,18.5,15.4,23.200000000000003,58.0,0.0,WIS,WISC-R,WISC-R,full,2.0,1.0,1987.0,1974.0,13.0,2.0,0.5,0.0,1.0,0.0,,,95.50166666666667,-4.419999999999998,-2.5,0.0,0.0,0.3333333333333333,88.58166666666666,89.5,0.9183333333333366,0.9183333333333366,0.27777777777777773,16.111111111111107,Galler et al. (1987),"Galler, J. R., Ramsey, F. C., Forde, V., & Archer, E. (1987). Long-term effects of early kwashiorkor compared with marasmus. II. Intellectual performance. Journal of Pediatric Astroenterology & Nutrition, 6, 847-854.",Y,Non-healthy samples were excluded. No data about share of population with Marasmus or Kwashiorkor were given. Using only control sample could lead to overestimation.,Galler et al. (1987) report results a WISC-R IQ of 95.5 healthy 11-18 year olds. Deduct 4 for a 13 year the Flynn effect and 2 to equate to a British IQ gives this sample an IQ of 89.5. A comparable sample with kwashiorkor and marasmus obtained a significantly lower IQ. 
BRB6124,6124.0,BRB,Barbados,9.1.2,1.0,,2.0,control,5.0,36.0,40.0,38.13,0.46999999999999886,59.0,0.2,WIS,WASI,WASI,full,2.0,1.0,2014.0,1999.0,15.0,2.0,0.5,0.0,0.0,0.0,,,99.03,-2.3800000000000097,-2.5,0.0,0.0,0.3333333333333333,94.14999999999999,94.0,-0.14999999999999147,0.14999999999999147,0.3444444444444444,20.32222222222222,Waber et al. (2014),"Waber, D. P., Bryce, C. P., Fitzmaurice, G. M., Zichlin, M. L., McGaughy, J., Girard, J. M., & Galler, J. R. (2014). Neuropsychological outcomes at midlife following moderate to severe malnutrition in infancy. Neuropsychology, 28, 530-540.",Y,,"Waber et al. (2014) report a WASI IQ of 99 for 59 adults obtained in 2006. Deduct 3 for the Flynn effect and 2 to convert to the British IQ gives an IQ of 94.  The study also reports WASI IQ of 77 adults who were malnutrished in infancy who obtained WASI IQ of 8, adjusted down to 78. "
BLR4679,4679.0,BLR,Belarus,,1.0,,2.0,breastfed,1.0,,,6.5,33.5,6912.0,0.0,WIS,WASI,WASI,full,2.0,1.0,2003.5,1999.0,4.5,2.0,0.6666666666666666,0.0,0.0,0.0,,,101.9,-1.7000000000000028,-2.5,0.0,0.0,0.3333333333333333,97.7,100.0,2.299999999999997,2.299999999999997,0.3333333333333333,2304.0,Kramer et al. (2008),"Kramer, M. S., Aboud, F., Mironova, E., Vanilovich, I., Platt, R. W., Matush, L., ... & Shapiro, S. (2008). Breastfeeding and Child Cognitive Development. New Evidence From a Large Randomized Trial. Archives of general psychiatry, 65, 578-584.",Y,,
BLR3775,3775.0,BLR,Belarus,,1.0,,2.0,exclusive breastfed,1.0,,,6.5,33.5,6912.0,0.0,WIS,WASI,WASI,full,2.0,1.0,2003.5,1999.0,4.5,2.0,0.6666666666666666,0.0,0.0,0.0,,,109.7,-1.7000000000000028,-2.5,0.0,0.0,0.3333333333333333,105.5,100.0,-5.5,5.5,0.3333333333333333,2304.0,Kramer et al. (2008),"Kramer, M. S., Aboud, F., Mironova, E., Vanilovich, I., Platt, R. W., Matush, L., ... & Shapiro, S. (2008). Breastfeeding and Child Cognitive Development. New Evidence From a Large Randomized Trial. Archives of general psychiatry, 65, 578-584.",Y,,
BEL2726,2726.0,BEL,Belgium,,6.0,,2.0,twins,1.0,,,,41.4,104.0,0.2,WIS,WISC-R,WISC-R,full,2.0,1.0,1997.0,1974.0,23.0,2.0,0.3333333333333333,0.0,0.0,0.0,,,106.95423076923076,-7.819999999999997,-2.5,0.0,0.0,0.3333333333333333,96.63423076923077,,,,0.2888888888888889,30.044444444444448,Charlemaine & Pons (1998),"Gestel, S. F., Thiery, E., Deram, C., Beeckmans, K., & Derom, R. (1997). Intelligence in Twins: Effect of Chorion Type. Center for Human Genetics, Herestraat 49 O&N6, B-3000 Leuven, Belgium. From: Charlemaine, Ch., & Pons, C. J. (1998). What Monozygotic Twins Tell Us About Genetic Determinism. Race, Gender & Class, 5, 12-40.",Y,,
BEL5263,5263.0,BEL,Belgium,10.1.3,1.0,,2.0,twins,5.0,9.5,13.0,11.25,30.15,761.0,0.2,WIS,WISC-R,WISC-R,full,2.0,1.0,1998.0,1983.0,15.0,3.0,0.5,1.0,1.0,0.0,112.12,112.12,109.0,-9.000000000000021,-1.2,0.0,0.0,1.0,98.79999999999997,,,,0.5666666666666667,431.23333333333335,van der Sluis et al. (2008),"van der Sluis, S., Derom, C., Thiery, E., Bartels, M., Polderman, T. J. C., Verhulst, F. C., Jacobs, N., … Posthuma, D. (2008). Sex differences on the WISC-R in Belgium and The Netherlands. Intelligence, 36, 48-67.",Y,,
BEN3861,3861.0,BEN,Benin,,1.0,,2.0,normal,3.0,6.0,18.0,12.0,6.199999999999999,4054.0,0.4,RPM,SPM+,SPM+,full,1.0,1.0,2017.5,2007.0,10.5,1.0,0.8333333333333334,1.0,1.0,0.0,19.589999999999996,19.589999999999996,70.56899155794768,-0.21000000000000085,0.0,0.0,0.0,1.0,70.35899155794769,,,,0.7444444444444445,3017.9777777777776,Bakhiet et al. (2019),"Bakhiet, S. F. A., Becker, D., Mohamed, H. F. A., Abdoulaye, H. A., Ahmed, S. A. E. S., & Lynn, R. (2019). Intelligence in the West African State of Benin. Mankind Quarterly, 60(1), 75–92. https://doi.org/10.46469/mq.2019.60.1.6",Y,,
BMU2475,2475.0,BMU,Bermuda,11.1.1,1.0,,2.0,control,1.0,2.0,4.0,3.75,39.65,200.0,0.0,SBIS,SBIS,SBIS,full,2.0,1.0,1988.0,1972.0,16.0,2.0,0.5,0.0,0.0,0.0,,,103.1,-5.439999999999998,-2.5,0.0,0.0,0.3333333333333333,95.16,91.17,-3.989999999999995,3.989999999999995,0.27777777777777773,55.55555555555555,Scarr & McCartney (1988),"Scarr, S., & McCartney, K. (1988). Far from home: An experimental evaluation of the Mother-Child Home Program in Bermuda. Child Development, 59, 531-543. ",Y,no reestimation possible for mothers (missing norms),"Scarr & McCartney (1988) reported an IQ of 99.5 for 4 years olds. This   requires a Flynn effect deduction of 2 IQ points, and a further reduction of 2 IQ points to converted  to a British  IQ to give an IQ of 95.5. This study also reported an IQ of 91 for adults on the vocabulary scale of the WAIS. This requires a Flynn effect deduction of 2 IQ points to converted  to a British  IQ to give an IQ of 89."
BMU2904,2904.0,BMU,Bermuda,11.1.4,1.0,,2.0,pure pass,1.0,4.0,4.0,4.0,39.4,163.0,0.0,SBIS,SBIS,SBIS,full,2.0,1.0,1985.0,1972.0,13.0,2.0,0.5,0.0,0.0,0.0,,,102.5,-4.419999999999998,-2.5,0.0,0.0,0.3333333333333333,95.58,94.0,-1.5799999999999983,1.5799999999999983,0.27777777777777773,45.27777777777777,Scarr et al. (1994),"Scarr, S., McCartney, K., Miller, S., Hauenstein, E., & Ricciuti, A. (1994). Evaluation of an islandwide screening, assessment and treatment program. Early Development and Parenting, 3, 199-210.",Y,,"Scarr et al. (1994) report an IQ of 100 for 4 years olds. This requires a Flynn effect (12 years) reduction of 4 IQ points, and a further reduction of 2 IQ points to converted  to a British  IQ to give an IQ of 94."
BMU3524,3524.0,BMU,Bermuda,11.1.4,1.0,,2.0,questionable-pass,1.0,2.0,4.0,3.0,40.4,163.0,0.0,SBIS,SBIS,SBIS,full,2.0,1.0,1985.0,1972.0,13.0,2.0,0.5,0.0,0.0,0.0,,,100.15,-4.419999999999998,-2.5,0.0,0.0,0.3333333333333333,93.23,94.0,0.769999999999996,0.769999999999996,0.27777777777777773,45.27777777777777,Scarr et al. (1994),"Scarr, S., McCartney, K., Miller, S., Hauenstein, E., & Ricciuti, A. (1994). Evaluation of an islandwide screening, assessment and treatment program. Early Development and Parenting, 3, 199-210.",Y,,"Scarr et al. (1994) report an IQ of 100 for 4 years olds. This requires a Flynn effect (12 years) reduction of 4 IQ points, and a further reduction of 2 IQ points to converted  to a British  IQ to give an IQ of 94."
BMU6957,6957.0,BMU,Bermuda,11.1.2,6.0,,2.0,,3.0,7.5,10.5,9.0,34.4,89.0,0.0,WIS,WISC-R,WISC-R,full,2.0,1.0,1976.0,1974.0,2.0,2.0,0.6666666666666666,0.0,0.0,0.0,,,89.0,-0.6799999999999997,-2.5,0.0,0.0,0.3333333333333333,85.82,89.0,3.180000000000007,3.180000000000007,0.3333333333333333,29.666666666666664,"Sandoval, Zimmerman & Woo-Sam (1983)","Sandoval, J., Zimmerman, I. L., & Woo-Sam, J. M. (1983). Cultural differences on WISC-R verbal items. Journal of School Psychology, 21, 49-55.",Y,,"A comparison sample consisting of randomly selected Bermudian children, 42 aged 7- % and 47 aged lo- %, with IQs averaging 89, also were utilized (Astwood, 1976). No socioeconomic information was available on the Bermuda sample. Correlation to study-sample-data was reported >.88. Therefore, 89 was also used for study-sample."
BOL4654,4654.0,BOL,Bolivia,,4.0,Tiquipaya,2.0,normal,1.0,5.5,12.0,8.55,15.75,94.0,0.3,SBIS,SBIS,SBIS,selective,2.0,1.0,1970.0,1972.0,2.0,2.0,0.3333333333333333,0.0,1.0,0.0,,,69.77,0.6799999999999997,-2.5,0.0,0.0,0.3333333333333333,67.94999999999999,,,,0.3222222222222222,30.288888888888884,Bautista et al. (1982),"Bautista, A., Barker, P. A., Dunn, J. T., Sanchez, M., & Kaiser, D. K. (1982). The effects of oral iodized oil on intelligence, thyroid status, and somatic growth in school-age children from an area of endemic goiter. The American Journal of Clinical Nutrition, 35, 127-134.",Y,Controls only,
BOL1444,1444.0,BOL,Bolivia,12.1.1,3.0,La Paz,2.0,normal,5.0,7.9,14.3,11.100000000000001,13.2,41.0,0.3,WIS,WISC-IV,WISC-IV,Processing speed,2.0,1.0,2006.0,2003.0,3.0,2.0,0.3333333333333333,0.0,0.0,0.0,,,94.9,-1.0200000000000102,-2.5,0.0,0.0,0.3333333333333333,91.38,95.0,3.6200000000000045,3.6200000000000045,0.3222222222222222,13.21111111111111,Virues-Ortega et al. (2011),"Virués-Ortega, J., Bucks, R., Kirkham, F. J., Baldeweg, T., Baya-Botti, A., & Hogan, A. A. on behalf of Bolivian Children Living at Altitude project (BoCLA 06) (2011). Changing patterns of neuropsychological functioning in children living at high altitude above and below 4000 m: a report from the Bolivian Children Living at Altitude (BoCLA) study. Developmental Science, 14, 1185-1193.",Y,,"Virues-Ortega et al. (2011) report a WISC IV Processing speed IQ of 95 for children in La Paz and another location showing no differences between those at higher and lower altitudes. The data were collected in 2006 and do not need Flynn effect correction. The sample consisted of 62 % Native American, 37% European and 1 % African and is approximately representative of the population. "
BOL1632,1632.0,BOL,Bolivia,12.1.1,3.0,El Alto,2.0,normal,5.0,8.4,14.9,11.65,12.65,21.0,0.3,WIS,WISC-IV,WISC-IV,Processing speed,2.0,1.0,2006.0,2003.0,3.0,2.0,0.3333333333333333,0.0,0.0,0.0,,,95.55000000000001,-1.0200000000000102,-2.5,0.0,0.0,0.3333333333333333,92.03,95.0,2.969999999999999,2.969999999999999,0.3222222222222222,6.766666666666666,Virues-Ortega et al. (2011),"Virués-Ortega, J., Bucks, R., Kirkham, F. J., Baldeweg, T., Baya-Botti, A., & Hogan, A. A. on behalf of Bolivian Children Living at Altitude project (BoCLA 06) (2011). Changing patterns of neuropsychological functioning in children living at high altitude above and below 4000 m: a report from the Bolivian Children Living at Altitude (BoCLA) study. Developmental Science, 14, 1185-1193.",Y,,"Virues-Ortega et al. (2011) report a WISC IV Processing speed IQ of 95 for children in La Paz and another location showing no differences between those at higher and lower altitudes. The data were collected in 2006 and do not need Flynn effect correction. The sample consisted of 62 % Native American, 37% European and 1 % African and is approximately representative of the population. "
BIH1725,1725.0,BIH,Bosnia and Herzegovina,13.1.1,2.0,Sarajevo Canton,2.0,normal,1.0,15.0,18.0,16.5,25.6,239.0,0.2,RPM,SPM,APM,full,1.0,1.0,2005.5,1992.0,13.5,1.0,0.8333333333333334,1.0,0.0,1.0,47.15,13.808833498749998,96.02230928024423,-2.940000000000012,0.0,0.0,0.0,0.6666666666666666,93.08230928024422,94.0,0.9176907197557824,0.9176907197557824,0.5666666666666668,135.43333333333337,Djapo & Lynn (2010),"Djapo, N., & Lynn, R. (2010). Gender differences in means and variability on the Progressive Matrices in Bosnia-Herzegovina. Mankind Quarterly, 50, 221-224.",Y,,
BIH6364,6364.0,BIH,Bosnia and Herzegovina,13.1.1,2.0,Sarajevo Canton,2.0,normal,1.0,12.0,12.0,12.5,29.6,266.0,0.2,RPM,SPM,SPM,full,1.0,1.0,2005.5,1979.0,26.5,1.0,0.6666666666666666,1.0,0.0,0.0,39.42,39.42,94.4349428752,-5.670000000000023,0.0,0.0,0.0,1.0,88.76494287519998,94.0,5.235057124800022,5.235057124800022,0.6222222222222222,165.51111111111112,Djapo & Lynn (2010),"Djapo, N., & Lynn, R. (2010). Gender differences in means and variability on the Progressive Matrices in Bosnia-Herzegovina. Mankind Quarterly, 50, 221-224.",Y,,
BWA2323,2323.0,BWA,Botswana,14.1.2,5.0,South Africa,2.0,high school,1.0,17.0,20.0,18.5,6.0,140.0,0.2,RPM,SPM,APM,full,1.0,1.0,1995.0,1992.0,3.0,1.0,1.0,1.0,0.0,1.0,39.0,7.591530000000013,76.69157116051498,-0.6300000000000026,0.0,0.0,0.0,0.6666666666666666,76.06157116051497,72.0,-4.061571160514973,4.061571160514973,0.6222222222222222,87.11111111111111,Maqsud (1997),"Maqsud, M. (1997). Effects of metacognitive skills and nonverbal ability on academic achievement of high school pupils. Educational Psychology, 17, 387-397.",Y,Also reported in Lynn (2010),"Approximately 50 percent of blacks were in school at this time, according to the 1996 census (Statistics South Africa, 1996). Hence those not in school would have had an IQ 5.7 points lower than the 75 of those in school obtained in the study = 69.3. The IQ for the total population can therefore be estimated as the average of those in school (75) and those not in school (69.3) = 72. Lynn, R. (2010). Intelligence of the Batswana. Mankind Quarterly, 51, 93-96.  "
BRA4066,4066.0,BRA,Brazil,15.1.7,3.0,São Paulo,2.0,normal,1.0,4.0,11.0,8.35,23.65,779.0,0.2,RPM,CPM,CPM,full,1.0,1.0,2004.0,2007.0,3.0,1.0,1.0,1.0,1.0,0.0,21.40142857142857,21.40142857142857,83.69857550165713,0.6300000000000026,0.0,0.0,0.0,1.0,84.32857550165713,78.0,-6.328575501657127,6.328575501657127,0.7333333333333334,571.2666666666668,Bandeira et al. (2004),"Bandeira, D. R., Alves, I. C. B., Giacomel, A. E., & Lorenzatto, L. (2004). Matrizes Progressivas Coloridas de Raven – Escala especial: Notmas para Porto Allegre, RS. Psicologia em Estudio, 9, 479-486.",Y,,
BRA3233,3233.0,BRA,Brazil,15.1.4,3.0,Belo Horizonte,2.0,normal,3.0,7.0,8.0,7.5,24.5,169.0,0.2,RPM,CPM,CPM,full,1.0,1.0,2007.0,2007.0,0.0,1.0,1.0,1.0,1.0,0.0,21.639999999999997,21.639999999999997,84.46291368000001,0.0,0.0,0.0,0.0,1.0,84.46291368000001,89.0,4.537086319999986,4.537086319999986,0.7333333333333334,123.93333333333334,Colom & Flores-Mendoza (2007),"Colom, R., & Flores-Mendoza, C. (2007). Intelligence predicts scholastic achievement irrespective of SES factors: evidence from Brazil. Intelligence, 35, 243-251.",Y,,
BRA3543,3543.0,BRA,Brazil,15.1.4,3.0,Belo Horizonte,2.0,normal,3.0,7.0,11.1,8.8,23.2,372.0,0.2,RPM,CPM,CPM,full,1.0,1.0,2007.0,2007.0,0.0,1.0,1.0,1.0,1.0,0.0,26.46,26.46,92.1610265,0.0,0.0,0.0,0.0,1.0,92.1610265,89.0,-3.1610265000000055,3.1610265000000055,0.7333333333333334,272.8,Colom & Flores-Mendoza (2007),"Colom, R., & Flores-Mendoza, C. (2007). Intelligence predicts scholastic achievement irrespective of SES factors: evidence from Brazil. Intelligence, 35, 243-251.",Y,,
BRA6909,6909.0,BRA,Brazil,15.1.4,3.0,Belo Horizonte,2.0,normal,3.0,11.0,14.0,11.8,20.2,100.0,0.2,RPM,SPM,SPM,full,1.0,1.0,2007.0,1979.0,28.0,1.0,0.6666666666666666,1.0,1.0,0.0,42.5,42.5,103.02299506,-5.880000000000024,0.0,0.0,0.0,1.0,97.14299505999998,89.0,-8.142995059999976,8.142995059999976,0.6222222222222222,62.22222222222222,Colom & Flores-Mendoza (2007),"Colom, R., & Flores-Mendoza, C. (2007). Intelligence predicts scholastic achievement irrespective of SES factors: evidence from Brazil. Intelligence, 35, 243-251.",Y,,
BRA9335,9335.0,BRA,Brazil,15.1.5,3.0,São Paulo; Salvador,2.0,healthy,5.0,7.0,8.0,7.5,24.5,355.0,0.0,RPM,CPM,CPM,full,1.0,1.0,2014.0,2007.0,7.0,1.0,1.0,1.0,0.0,0.0,20.67,20.67,85.8825497498,-0.21000000000000085,0.0,0.0,0.0,1.0,85.6725497498,80.0,-5.672549749799998,5.672549749799998,0.6666666666666666,236.66666666666666,de Abreu et al. (2014),"de Abreu, P. M. J. E., Nikaedo, C., Abreu, N., Tourinho, C. J.,1, Miranda, M. C., Bueno, O. F. A., & Martin, R. (2014). Working memory screening, school context, and socioeconomic status: An analysis of the effectiveness of the working memory rating scale in Brazil. Journal of Attention Disorders, 18, 346-356.",Y,,"Abreu et al. (2014) report a CPM score of 20.7 for a sample of 7 year olds giving an IQ of 80 on the British 2007 standardisation. The sample consisted of 44 %  Causasian, 11.8 %  Afro-Brazilian and 43% mixed race making it rpresentaive of the population. "
BRA2002,2002.0,BRA,Brazil,15.1.1,2.0,São Paulo,2.0,black,1.0,9.0,10.0,10.0,22.0,223.0,0.0,RPM,SPM,SPM,full,1.0,1.0,2000.0,1979.0,21.0,1.0,0.6666666666666666,1.0,0.0,0.0,15.8,15.8,70.7982152,-4.410000000000018,0.0,0.0,0.0,1.0,66.38821519999999,86.0,19.61178480000001,19.61178480000001,0.5555555555555555,123.88888888888887,Fernandez (2001),"Fernandez, M. (2001). A study of the intelligence of children in Brazil. Mankind Quarterly, 42, 17-21.",Y,,
BRA2511,2511.0,BRA,Brazil,15.1.1,2.0,São Paulo,2.0,asian,1.0,9.0,10.0,10.0,22.0,186.0,0.0,RPM,SPM,SPM,full,1.0,1.0,2000.0,1979.0,21.0,1.0,0.6666666666666666,1.0,0.0,0.0,38.5,38.5,101.47100000000002,-4.410000000000018,0.0,0.0,0.0,1.0,97.061,86.0,-11.061000000000007,11.061000000000007,0.5555555555555555,103.33333333333331,Fernandez (2001),"Fernandez, M. (2001). A study of the intelligence of children in Brazil. Mankind Quarterly, 42, 17-21.",Y,,
BRA8353,8353.0,BRA,Brazil,15.1.1,2.0,São Paulo,2.0,brown,1.0,9.0,10.0,10.0,22.0,718.0,0.0,RPM,SPM,SPM,full,1.0,1.0,2000.0,1979.0,21.0,1.0,0.6666666666666666,1.0,0.0,0.0,25.2,25.2,82.17450880000001,-4.410000000000018,0.0,0.0,0.0,1.0,77.76450879999999,86.0,8.235491200000013,8.235491200000013,0.5555555555555555,398.8888888888888,Fernandez (2001),"Fernandez, M. (2001). A study of the intelligence of children in Brazil. Mankind Quarterly, 42, 17-21.",Y,,
BRA9745,9745.0,BRA,Brazil,15.1.1,2.0,São Paulo,2.0,white,1.0,9.0,10.0,10.0,22.0,735.0,0.0,RPM,SPM,SPM,full,1.0,1.0,2000.0,1979.0,21.0,1.0,0.6666666666666666,1.0,0.0,0.0,35.5,35.5,95.81690000000002,-4.410000000000018,0.0,0.0,0.0,1.0,91.40690000000001,86.0,-5.406900000000007,5.406900000000007,0.5555555555555555,408.33333333333326,Fernandez (2001),"Fernandez, M. (2001). A study of the intelligence of children in Brazil. Mankind Quarterly, 42, 17-21.",Y,,
BRA2126,2126.0,BRA,Brazil,15.1.8,4.0,,2.0,normal,3.0,7.0,8.0,7.44,24.56,59.0,0.2,RPM,CPM,CPM,full,1.0,1.0,2007.0,2007.0,0.0,1.0,1.0,1.0,0.0,0.0,12.92,12.92,65.3778336448,0.0,0.0,0.0,0.0,1.0,65.3778336448,70.0,4.622166355199994,4.622166355199994,0.7333333333333334,43.26666666666667,Flores-Mendoza & Nascimento (2007),"Flores-Mendoza, C. E., & Nascimento, E. (2007). Condição cognitiva de crianças de zona rural. Estudos de Psicologia I Campinas, 24, 13-22.",Y,,Flores-Mendoza & Nascimento (2007) report a CPM score of 13.8 for rural and 23 for urban children giving an average of 18 and an IQ of 70 on the British 2007 norms; CIA: Urbanization: 85.7%
BRA4813,4813.0,BRA,Brazil,15.1.8,3.0,,2.0,normal,3.0,6.0,11.0,7.51,24.490000000000002,143.0,0.2,RPM,CPM,CPM,full,1.0,1.0,2007.0,2007.0,0.0,1.0,1.0,1.0,0.0,0.0,22.95,22.95,91.35883692499999,0.0,0.0,0.0,0.0,1.0,91.35883692499999,70.0,-21.35883692499999,21.35883692499999,0.7333333333333334,104.86666666666667,Flores-Mendoza & Nascimento (2007),"Flores-Mendoza, C. E., & Nascimento, E. (2007). Condição cognitiva de crianças de zona rural. Estudos de Psicologia I Campinas, 24, 13-22.",Y,,Flores-Mendoza & Nascimento (2007) report a CPM score of 13.8 for rural and 23 for urban children giving an average of 18 and an IQ of 70 on the British 2007 norms; CIA: Urbanization: 85.7%
BRA3185,3185.0,BRA,Brazil,15.1.9,3.0,Belo Horizonte,2.0,normal,3.0,9.0,15.0,11.56,20.439999999999998,215.0,0.2,RPM,CPM,CPM,full,1.0,1.0,2010.0,2007.0,3.0,1.0,1.0,1.0,0.0,0.0,31.57,31.57,95.21252198250005,-0.21000000000000085,0.0,0.0,0.0,1.0,95.00252198250004,95.0,-0.002521982500041986,0.002521982500041986,0.7333333333333334,157.66666666666669,Flores-Mendoza et al. (2010),"Flores-Mendoza, C., Jardim, G. L., Abad, F. J., & Rodrigues, L. A. (2010). Informação geral e atual e sua relação com a inteligência e a personalidade em crianças escolares. Estudos de Psicologia I Campinas, 27, 161-168.",Y,,"Flores-Mendoza et al. (2010) give a CPM score of 31.6 for school students in the city of Perdoes, giving an IQ of 95 on the 2007 British standardisation."
BRA1537,1537.0,BRA,Brazil,15.1.2,2.0,"Universidade Federal de Minas Gerais, Minas Gerais",2.0,normal,1.0,13.0,15.0,13.7,18.3,160.0,0.3,RPM,SPM,SPM,full,1.0,1.0,2008.0,1979.0,29.0,1.0,0.6666666666666666,1.0,0.0,0.0,40.4,40.4,89.2291648,-6.090000000000025,0.0,0.0,0.0,1.0,83.13916479999997,83.0,-0.13916479999997478,0.13916479999997478,0.6555555555555556,104.88888888888889,Flores-Mendoza et al. (2013),"Flores-Mendoza, C., Widaman, K., Mansur-Alves, M., Bacelar, T. D., & Saldanha, R. (2013). Psychoticism and disruptive behavior can be also good predictors of school achievement. Spanish Journal of Psychology, 16, 1-13.",Y,,"Flores-Mendoza et al. (2013) report SPM data for a sample of 374 school children in Minas Gerais aged 10.5 tested in 2006, with a score of 35.3 equivalent to the 35th percentile of British 1979 norms and a British IQ of 94.3. Deduct 6.7 for a 27 year Flynn effect gives the sample a British IQ of 87.6. This study also reports SPM data for a sample of 160 school children in Minas Gerais aged 13.7 tested in 2008, with a score of 40.4 equivalent to the 24th percentile of British 1979 norms and a British IQ of 89.5. Deduct 6.9  for a 29 year Flynn effect gives the sample a British IQ of 82.6. "
BRA2643,2643.0,BRA,Brazil,15.1.2,3.0,"Universidade Federal de Minas Gerais, Minas Gerais",2.0,normal,1.0,8.0,12.0,10.5,21.5,374.0,0.2,RPM,SPM,SPM,full,1.0,1.0,2006.0,1979.0,27.0,1.0,0.6666666666666666,1.0,0.0,0.0,35.3,35.3,93.4081382,-5.670000000000023,0.0,0.0,0.0,1.0,87.73813819999998,83.0,-4.73813819999998,4.73813819999998,0.6222222222222222,232.7111111111111,Flores-Mendoza et al. (2013),"Flores-Mendoza, C., Widaman, K., Mansur-Alves, M., Bacelar, T. D., & Saldanha, R. (2013). Psychoticism and disruptive behavior can be also good predictors of school achievement. Spanish Journal of Psychology, 16, 1-13.",Y,,"Flores-Mendoza et al. (2013) report SPM data for a sample of 374 school children in Minas Gerais aged 10.5 tested in 2006, with a score of 35.3 equivalent to the 35th percentile of British 1979 norms and a British IQ of 94.3. Deduct 6.7 for a 27 year Flynn effect gives the sample a British IQ of 87.6. This study also reports SPM data for a sample of 160 school children in Minas Gerais aged 13.7 tested in 2008, with a score of 40.4 equivalent to the 24th percentile of British 1979 norms and a British IQ of 89.5. Deduct 6.9  for a 29 year Flynn effect gives the sample a British IQ of 82.6. "
BRA1430,1430.0,BRA,Brazil,15.1.13,3.0,Americaninhas,2.0,healthy,3.0,,,8.08,23.92,55.0,0.0,RPM,CPM,CPM,full,1.0,1.0,2008.0,2007.0,1.0,1.0,1.0,1.0,0.0,0.0,26.028363636363636,26.028363636363636,95.61652069434174,-0.21000000000000085,0.0,0.0,0.0,1.0,95.40652069434174,83.0,-12.406520694341737,12.406520694341737,0.6666666666666666,36.666666666666664,Jardim-Botelho et al. (2008),"Jardim-Botelho, A., Raff, S., Rodrigues, R. A., Hoffman, H. J., Diemert, D. J., Correˆa-Oliveira, R., Bethony, J. M., & Gazzinelli, M. F. (2008). Hookworm, Ascaris lumbricoides infection and polyparasitism associated with poor cognitive performance in Brazilian schoolchildren. Tropical Medicine and International Health, 13, 994-1004.",Y,,"Jardim-Botelho et al  (2008) report a study of children average age 8 from a town in Minas Gerais. Those without intestinal hookworm (N=54) obtained a CPM score of 27.5 equivalent to a British IQ of 83 on the 2007 British standardisation, and those with intestinal hookworm (N=142) obtained a CPM score of 16.3, equivalent to a British IQ of 63 on the 2007 British standardisation.  "
BRA7075,7075.0,BRA,Brazil,15.1.10,3.0,,2.0,public schools,3.0,4.75,8.5,6.55,25.45,174.0,0.0,RPM,CPM,CPM,full,1.0,1.0,2008.0,2007.0,1.0,1.0,1.0,1.0,1.0,0.0,16.75,16.75,85.25317154999999,-0.21000000000000085,0.0,0.0,0.0,1.0,85.04317154999998,88.0,2.9568284500000175,2.9568284500000175,0.6666666666666666,116.0,Malloy-Diniz et al. (2008),"Malloy-Diniz, L. F., Cardoso-Martins, C., Nassif, E. P., Levy, A. M., Leite, W. B., & Fuentes, D. (2008). Planning abilities of children aged 4 years and 9 months to 8 ½ years: Effects of age, fluid intelligence and school typeon performance in the Tower of London test. Dementia & Neuropsychologia, 2, 26-30.",Y,,Malloy-Diniz et al. (2008) report data from public schools and private schools in “a major Brazilian city” for the CPM and also the Tower of London test. CPM scores corresponded to an IQ of 88 on the 2007 British standardisation sample. 
BRA7840,7840.0,BRA,Brazil,15.1.10,3.0,,2.0,private schools,3.0,4.75,8.5,6.525,25.475,197.0,0.0,RPM,CPM,CPM,full,1.0,1.0,2008.0,2007.0,1.0,1.0,1.0,1.0,1.0,0.0,20.625,20.625,96.3987631,-0.21000000000000085,0.0,0.0,0.0,1.0,96.18876309999999,88.0,-8.188763099999989,8.188763099999989,0.6666666666666666,131.33333333333331,Malloy-Diniz et al. (2008),"Malloy-Diniz, L. F., Cardoso-Martins, C., Nassif, E. P., Levy, A. M., Leite, W. B., & Fuentes, D. (2008). Planning abilities of children aged 4 years and 9 months to 8 ½ years: Effects of age, fluid intelligence and school typeon performance in the Tower of London test. Dementia & Neuropsychologia, 2, 26-30.",Y,,Malloy-Diniz et al. (2008) report data from public schools and private schools in “a major Brazilian city” for the CPM and also the Tower of London test. CPM scores corresponded to an IQ of 88 on the 2007 British standardisation sample. 
BRA4770,4770.0,BRA,Brazil,15.1.6,3.0,São Paulo,2.0,,1.0,5.0,11.5,8.25,23.75,1417.0,0.0,RPM,CPM,CPM,full,1.0,1.0,1988.0,2007.0,19.0,1.0,0.8333333333333334,1.0,1.0,0.0,18.857142857142858,18.857142857142858,78.34750714285713,3.990000000000016,0.0,0.0,0.0,1.0,82.33750714285713,84.0,1.6624928571428654,1.6624928571428654,0.6111111111111112,865.9444444444446,"Raven, Raven & Court (2006)","Raven, J. C., Raven, J., & Court, J. H. (2006). Manual für Raven's Progressive Matrices and Vocabulary Scales. Frankfurt: Harcourt Test Service.",Y,11.5y age group excluded (no norms available),
BRA2545,2545.0,BRA,Brazil,15.1.16,3.0,São Paulo,2.0,,3.0,7.0,10.0,8.0,24.0,239.0,0.0,RPM,CPM,CPM,full,1.0,2.0,2008.0,2007.0,1.0,1.0,1.0,1.0,0.0,0.0,22.35,22.35,84.17572913750001,-0.21000000000000085,0.0,0.0,0.0,1.0,83.9657291375,,,,0.6666666666666666,159.33333333333331,Sisto et al. (2008),"Sisto, F. F., Bartholomeu, D., Rueda, F. J. M., dos Santos, A. A. A., & Noronha, A. P. P. (2008). Relações entre os Testes de Bender e Matrizes Progressivas Coloridas de Raven na Avaliação da Inteligência. Interação em Psicologia, 12, 11-19.",Y,,
BRA9771,9771.0,BRA,Brazil,15.1.15,2.0,Brasilia,2.0,normal,3.0,7.0,14.0,10.5,21.5,83.0,0.2,SON-R,SON-R,SON-R,full,1.0,1.0,2004.0,1998.0,6.0,4.0,0.6666666666666666,0.0,0.0,0.0,,,95.76666666666667,-2.1599999999999966,0.4,0.0,0.0,0.3333333333333333,94.00666666666667,90.0,-4.006666666666675,4.006666666666675,0.39999999999999997,33.199999999999996,Tellegen & Laros (2004),"Tellegen, P. J., & Laros, J. A. (2004).  Cultural bias in the SON-R test: Comparative study of Brazilian and Dutch children. Psicologia: Teoria e Pesquisa Mai-Ago, 20, 103-111.",Y,,"Excluded because of non-representativeness; Tellegen & Laros (2004) have reported a study of 83 Brazilian children, mean age 10 years, compared with 51 Dutch children in the Netherlands. Two tets were administered giving a Dutch advantage of 5.6 and 14.2 IQ points, averaged to10, and giving the Brazilian children an IQ of 90.  The Brasilian children were in statee schools in Brasilia and this is, according to PISA, the Brazilian province with the highest IQ. Hence the present result likely gives an inflated value for the IQ in Brazil."
BRA1328,1328.0,BRA,Brazil,,4.0,Cotegipe village,2.0,mostly black,3.0,6.0,11.916666666666666,8.841666666666667,23.15833333333333,83.0,0.0,WIS,WISC-III,WISC-III,full,2.0,1.0,2008.0,1989.0,19.0,2.0,0.5,0.0,0.0,0.0,,,85.0,-5.780000000000008,-2.5,0.0,0.0,0.3333333333333333,76.72,,,,0.27777777777777773,23.055555555555554,Menezes-Filho et al. (2011),"Menezes-Filho, J. A., Novaes, C., Moreira, J. C., Sarcinelli, P. N., & Mergler, D. (2011). Elevated manganese and cognitive performance in school-aged children and their mothers. Environmental Research, 111, 156-163.",Y,"A sample of mothers was also reported, tested by SPM. Mothers age not reported but age of children (106.1/12) plus age at fist birth (24.5) -> in sum: 33.34. Administration was reported as ""abbreviated between series, at the examiner‘s discretion when it became evident that theresponse was purely made by guessing."" Therefore excluded (uncor. IQ would be somewhat around 40.71).",
BRA8720,8720.0,BRA,Brazil,15.1.14,1.0,,2.0,normal,1.0,,,19.72,12.280000000000001,87.0,0.3,RPM,APM,APM,full,1.0,1.0,2001.0,1992.0,9.0,1.0,1.0,1.0,0.0,0.0,18.51,18.51,96.66137465160001,-1.8900000000000077,0.0,0.0,0.0,1.0,94.77137465160001,89.0,-5.771374651600013,5.771374651600013,0.7666666666666666,66.69999999999999,Wood et al. (2001),"Wood, G. M. O., Carvalho, M. R. S., Rothe-Neves, R., & Haase, V. G. (2001). Validação da bateria de avaliação da memória de trabalho (BAMT-UFMG). Psicologia: Reflexão e Crítica, 14, 325-341.",Y,,"Wood et al. (2001) report results for 87 public school students average age 19.7) for the APM obtaining a score of 18.5. This is at the 32.5th percentile of the British 1979 standardisation, equivalent to an IQ of 92.8. Deduct 4 for a 20 ywear Flynn effect gives the sample a British IQ of 89."
BRA6746,6746.0,BRA,Brazil,15.1.12,1.0,,2.0,normal,3.0,6.0,12.0,8.94,23.060000000000002,243.0,0.2,RPM,CPM,CPM,full,1.0,1.0,2000.0,2007.0,7.0,1.0,1.0,1.0,0.0,0.0,24.69,24.69,86.17910178330001,1.470000000000006,0.0,0.0,0.0,1.0,87.64910178330001,80.0,-7.6491017833000114,7.6491017833000114,0.7333333333333334,178.20000000000002,"Bandeira, Costa & Arteche (2012)","Bandeira, D. R., Costa, A., & Arteche, A. (2012). The Flynn effect in Brazil with DAP and Raven. Revista Latinoamericana de Psicología, 44, 9-18.",Y,,"       Bandeira et al. (2004) give CPM results for 4-11 children at public schools in Porto Alegre. The average British IQ was 77 on the 2007 British standardisation. Add 1 for a Flynn effect inceeases this to 78. Bandeira et al. (2012) obtained CPM IQs from 562 children mean age 9.0 from public schools in Porto Alegre city in 1996. The mean score was 24.8 corresponding to an IQ of 78.5 on the British 2007 standardization sample (Raven, 2008a).  The British increased by 3.8 IQ points a decade from 1996 to 2007, so 3.8 IQ points need to be added to the Brazilian mean raising it to 82.3. This study reports further data for 243 children mean age 9.0 from state schools in Porto Alegre city obtained in 2006. The mean CPM score was 24.7 corresponding to an IQ of 78.5 on the British 2007 standardization sample (Raven, 2008a). The two results have been averaged to 80."
BRA9512,9512.0,BRA,Brazil,15.1.12,1.0,,2.0,normal,3.0,6.0,12.0,8.87,23.130000000000003,562.0,0.2,RPM,CPM,CPM,full,1.0,1.0,1990.0,2007.0,17.0,1.0,0.8333333333333334,1.0,0.0,0.0,24.76,24.76,86.39201301120002,3.5700000000000145,0.0,0.0,0.0,1.0,89.96201301120004,80.0,-9.962013011200042,9.962013011200042,0.6777777777777777,380.91111111111104,"Bandeira, Costa & Arteche (2012)","Bandeira, D. R., Costa, A., & Arteche, A. (2012). The Flynn effect in Brazil with DAP and Raven. Revista Latinoamericana de Psicología, 44, 9-18.",Y,,"       Bandeira et al. (2004) give CPM results for 4-11 children at public schools in Porto Alegre. The average British IQ was 77 on the 2007 British standardisation. Add 1 for a Flynn effect inceeases this to 78. Bandeira et al. (2012) obtained CPM IQs from 562 children mean age 9.0 from public schools in Porto Alegre city in 1996. The mean score was 24.8 corresponding to an IQ of 78.5 on the British 2007 standardization sample (Raven, 2008a).  The British increased by 3.8 IQ points a decade from 1996 to 2007, so 3.8 IQ points need to be added to the Brazilian mean raising it to 82.3. This study reports further data for 243 children mean age 9.0 from state schools in Porto Alegre city obtained in 2006. The mean CPM score was 24.7 corresponding to an IQ of 78.5 on the British 2007 standardization sample (Raven, 2008a). The two results have been averaged to 80."
BGR1307,1307.0,BGR,Bulgaria,16.1.2,3.0,"Sofia, Plovdiv",2.0,normal,1.0,11.0,17.0,14.0,28.700000000000003,1456.0,0.2,CFT,CFT,CFT,full,1.0,1.0,1982.0,1972.0,10.0,2.0,0.5,0.0,1.0,0.0,27.942857142857143,27.942857142857143,94.85714285714286,-5.199999999999996,-2.5,0.0,0.0,1.0,87.15714285714287,91.0,3.8428571428571274,3.8428571428571274,0.5666666666666667,825.0666666666666,Lynn et al. (1998),"Lynn, R., Plaspalanova, E., Stetinsky, D., & Tzenova, B. (1998). Intelligence in Bulgaria. Psychological Reports, 82, 912-914.",Y,,
BFA9496,9496.0,BFA,Burkina Faso,17.1.3,4.0,Nahouri,2.0,normal,3.0,5.0,15.0,9.41,7.890000000000001,4635.0,0.4,WIS,WISC-R,WISC-R,Digit Span,2.0,1.0,2008.5,1983.0,25.5,3.0,0.0,1.0,0.0,0.0,7.58,7.58,90.0,-15.000000000000036,-1.2,0.0,0.0,1.0,73.79999999999997,,,,0.4666666666666666,2163.0,Bagby (2011),"Bagby, E. T. (2011). Essays on human capital development in developing countries. Ph.D. University of Illinois at Urbana-Champaign.",Y,,"Bagby (2011) reports a study of a sample of 4635 children aged 5 to 15 years tested with 18 odd-numbered items from the CPM. The test has 36 items, so the scores obtained by the sampe can be doubled. The 5 year olds scored 2.8, doubled to 5.6 is at the 0.1 percentile of the British 2007 standardization, equivalent to an IQ of approximately 55. The total sample aged 10 years olds scored 4.86 doubled to 9.7 is also at the 0.1 percentile of the British 2007 stan dardization, equivalent to an IQ of approximately 55. The same data are published for 2862 children by Akresh, Bagby, De Walque & Kazianga  (2012)."
KHM2888,2888.0,KHM,Cambodia,,3.0,Phnom Penh; Prey Veng,2.0,university students,3.0,16.0,22.0,18.80909090909091,6.390909090909091,44.0,0.2,CFT,CFT,CFT,full,1.0,2.0,1993.0,1972.0,21.0,2.0,0.3333333333333333,0.0,0.0,0.0,,,71.5,-10.920000000000023,-2.5,0.0,1.0,0.3333333333333333,60.0,,,,0.2888888888888889,12.711111111111112,"Fergusson, Bonshek & Le Masson (1995)","Fergusson, L. C., Bonshek, A. J., & Le Masson, G. (1995). Vedic science based education and nonverbal intelligence: A preliminary longitudinal study in Cambodia. Higher Education Research and Developmen, 15, 73-82.",Y,,
KHM9181,9181.0,KHM,Cambodia,,3.0,"Phnom
Penh",2.0,university students,5.0,17.0,22.0,19.92,5.279999999999998,306.0,0.2,RPM,SPM,APM,full,1.0,1.0,1993.0,1992.0,1.0,1.0,1.0,1.0,0.0,1.0,45.035,11.839583085688751,80.41339657301201,-0.21000000000000085,0.0,0.0,0.0,0.6666666666666666,80.20339657301201,84.0,3.7966034269879856,3.7966034269879856,0.6222222222222222,190.4,Janssen & Geiser (2012),"Janssen, A. B., & Geiser, Ch. (2012). Cross-Cultural Differences in Spatial Abilities and Solution Strategies-- An Investigation in Cambodia and Germany. Journal of Cross-Cultural Psychology, 43, 533.",Y,Also reported in Lynn (2014a),
KHM4764,4764.0,KHM,Cambodia,,3.0,Phnom Penh,2.0,normal,2.0,7.0,18.0,12.5,12.7,2831.0,0.3,RPM,SPM+,SPM+,full,1.0,1.0,2016.0,2007.0,9.0,1.0,1.0,1.0,1.0,0.0,32.675000000000004,32.675000000000004,101.89047700854167,-0.21000000000000085,0.0,0.0,0.0,1.0,101.68047700854166,,,,0.7666666666666666,2170.433333333333,Bakhiet et al. (2018),"Bakhiet, S. F. A., Sles, N., Lynn, R., & Meisenberg, G. (2018). A Study of the Standard Progressive Matrices Plus in Cambodia. Mankind Quarterly, 58, 580-587.",Y,,
CAN8210,8210.0,CAN,Canada,20.1.8,1.0,,2.0,normal,3.0,6.0,13.0,9.5,32.7,362.0,0.2,WIS,WASI,WASI,full,2.0,1.0,2008.0,1999.0,9.0,2.0,0.6666666666666666,0.0,0.0,0.0,,,106.0,-2.3800000000000097,-2.5,0.0,0.0,0.3333333333333333,101.11999999999999,98.0,-3.1199999999999903,3.1199999999999903,0.39999999999999997,144.79999999999998,Bouchard et al. (2011),"Bouchard, M. F., Sauvé, S., Barbeau, B., Legrand, M., Brodeur, M.-E., Bouffard, Th., Limoges, E., Bellinger, D. C., & Mergler, D. (2011). Intellectual impairment in school-age children exposed to manganese from drinking water. Environmental Health Perspectives, 119, 138-143.",Y,IQs were taken from plotts in Fig.2 from the dots of lowest manganese concentration,Bouchard et al. (2011) report a WASI IQ of 103.2 for a sample in Quebec reduced by  a Flynn effect adjustment to 100 and by 2 to equate to a British IQ of 98.
CAN9881,9881.0,CAN,Canada,20.1.3,2.0,Nunavik,2.0,Inuit,5.0,21.4,71.6,34.75,7.450000000000003,304.0,0.2,RPM,SPM,APM,full,1.0,1.0,1995.5,1992.0,3.5,1.0,1.0,1.0,1.0,1.0,35.25,5.726691875,69.30485707642845,-0.8400000000000034,0.0,0.0,0.0,0.6666666666666666,68.46485707642844,,,,0.6222222222222222,189.15555555555557,Boucher et al. (2009),"Boucher, O., Muckle, G., Saint-Amour, D., Dewailly, É., Ayotte, P., Jacobson, S. W., Jacobson, J. L., & Bastien, C. H. (2009). The relationship of lead neurotoxicity to the eventrelated potential P3B component in Inuit children von arctic Québec. Neurotoxicology, 30, 1070-1077.",Y,,
CAN3009,3009.0,CAN,Canada,,1.0,,2.0,normal,1.0,16.0,90.0,42.0,0.20000000000000284,681.0,0.4,WIS,WAIS-IV,WAIS-IV,full,2.0,1.0,2008.0,2008.0,0.0,2.0,0.6666666666666666,0.0,0.0,0.0,,,104.5,0.0,-2.5,0.0,0.0,0.3333333333333333,102.0,,,,0.4666666666666666,317.79999999999995,Dutton & Lynn (2014),"Dutton, E., & Lynn, R. (2014). The Canadian IQ calculated from the standardization of the WAIS IV. Open Differential Psychology, 20th of August, 2014.",Y,Age mean of 42 was taken from CIA because sample was representative.,
CAN3280,3280.0,CAN,Canada,20.1.2,3.0,,2.0,,3.0,11.0,13.0,12.649999999999999,29.550000000000004,219.0,0.0,RPM,SPM,SPM,full,1.0,1.0,1972.0,1979.0,7.0,1.0,1.0,1.0,1.0,0.0,38.55,38.55,89.74645269999999,1.470000000000005,0.0,0.0,0.0,1.0,91.21645269999999,,,,0.6666666666666666,146.0,Flores & Evans (1972),"Flores, M. B., & Evans, G. T. (1972). Some differences in cognitive abilities between selected Canadian and Filipino students. Multivariate Behavioral Research, 7, 175-191.",Y,,
CAN7598,7598.0,CAN,Canada,20.1.5,6.0,,2.0,,3.0,6.0,16.0,11.0,31.200000000000003,1100.0,0.0,WIS,WISC-III,WISC-III,full,2.0,1.0,1994.0,1989.0,5.0,2.0,0.6666666666666666,0.0,1.0,0.0,,,102.0,-1.6999999999999993,-2.5,0.0,0.0,0.3333333333333333,97.8,,,,0.3333333333333333,366.66666666666663,Georgas et al. (2003),"Georgas, J., Weiss, L. G., van der Vijver, F., & Saklofske, D. H. (Eds) (2003). Culture and Children’s Intelligence. Amsterdam: Academic Press.",Y,,
CAN7766,7766.0,CAN,Canada,,2.0,Ontario,1.0,Native Americans,3.0,6.0,15.0,20.98409542743539,21.215904572564614,100.0,0.0,WIS,WISC,WISC,full,2.0,1.0,1976.0,1947.0,29.0,2.0,0.3333333333333333,0.0,0.0,0.0,,,88.38494999999999,-9.859999999999998,-2.5,0.0,0.0,0.3333333333333333,76.02494999999999,,,,0.2222222222222222,22.22222222222222,"John, Krichev & Bauman (1976)","John, J. St., Krichev, A., & Bauman, E. (1976). Northwestern Ontario Indian children and the WISC. Psychology in the Schools, 13, 407-411.",Y,,
CAN8547,8547.0,CAN,Canada,,2.0,Ontario,1.0,Native Americans,3.0,16.0,20.0,18.0,24.200000000000003,60.0,0.0,WIS,WAIS,WAIS,full,2.0,1.0,1976.0,1955.0,21.0,2.0,0.3333333333333333,0.0,0.0,0.0,,,84.96916666666667,-7.139999999999999,-2.5,0.0,0.0,0.3333333333333333,75.32916666666667,,,,0.2222222222222222,13.333333333333332,"John, Krichev & Bauman (1976)","John, J. St., Krichev, A., & Bauman, E. (1976). Northwestern Ontario Indian children and the WISC. Psychology in the Schools, 13, 407-411.",Y,,
CAN1036,1036.0,CAN,Canada,20.1.6,1.0,,2.0,experimental,1.0,16.0,84.0,43.0,0.7999999999999972,548.0,0.2,WIS,WAIS-III,WAIS-III,full,2.0,1.0,1997.0,1997.0,0.0,5.0,0.6666666666666666,0.0,0.0,0.0,,,103.2,0.0,0.4,0.0,0.0,0.3333333333333333,103.60000000000001,99.5,-4.1000000000000085,4.1000000000000085,0.39999999999999997,219.2,Lange et al. (2005),"Lange, R. T., Schoenberg, M. R., Woodward, T. S., & Brickell, T. A. (2005). Development of the WAIS-III estimate of premorbid ability for Canadians (EPAC). Archives of Clinical Neuropsychology, 20, 1009-1024.",Y,,Lange et al. (2005) give results of the Canadian standardisation of the WAIS III showing that the sample obtained an IQ of 102.8. The Canadian standardisation was carried out in 2003 and the American standardisation in 1999. Deduct 1.2 for a 4 year Flynn effect and by 2 to equate to a British IQ of gives the sample an IQ of 99.5.
CAN3879,3879.0,CAN,Canada,20.1.6,1.0,,2.0,control,1.0,16.0,84.0,41.2,1.0,542.0,0.2,WIS,WAIS-III,WAIS-III,full,2.0,1.0,1997.0,1997.0,0.0,5.0,0.6666666666666666,0.0,0.0,0.0,,,102.4,0.0,0.4,0.0,0.0,0.3333333333333333,102.80000000000001,99.5,-3.3000000000000114,3.3000000000000114,0.39999999999999997,216.79999999999998,Lange et al. (2005),"Lange, R. T., Schoenberg, M. R., Woodward, T. S., & Brickell, T. A. (2005). Development of the WAIS-III estimate of premorbid ability for Canadians (EPAC). Archives of Clinical Neuropsychology, 20, 1009-1024.",Y,,Lange et al. (2005) give results of the Canadian standardisation of the WAIS III showing that the sample obtained an IQ of 102.8. The Canadian standardisation was carried out in 2003 and the American standardisation in 1999. Deduct 1.2 for a 4 year Flynn effect and by 2 to equate to a British IQ of gives the sample an IQ of 99.5.
CAN8614,8614.0,CAN,Canada,20.1.1,2.0,British Columbia,2.0,,1.0,7.5,11.5,9.5,32.7,313.0,0.0,RPM,SPM,SPM,full,1.0,1.0,1979.0,1979.0,0.0,1.0,1.0,1.0,1.0,0.0,30.333333333333332,30.333333333333332,96.2022,0.0,0.0,0.0,0.0,1.0,96.2022,,,,0.6666666666666666,208.66666666666666,"Raven, Raven & Court (1999)","Raven, J., Raven, J. C., & Court, J. H. (1999). Manual zu Raven's Progressive Matrices und Vocabulary Scales. Frankfurt: Swets & Zeitlinger B. V..",Y,,
CHL2160,2160.0,CHL,Chile,23.1.4,6.0,,2.0,obese,5.0,4.0,6.0,5.079166666666667,29.320833333333333,108.0,0.0,WIS,WPPSI-R,WPPSI-R,full,2.0,1.0,2006.0,2002.0,4.0,2.0,0.6666666666666666,0.0,0.0,0.0,,,91.69,-1.36000000000001,-2.5,0.0,0.0,0.3333333333333333,87.82999999999998,92.0,4.170000000000016,4.170000000000016,0.3333333333333333,36.0,Galván et al. (2013),"Galván, M., Uauy, R., López-Rodríguez, G., & Kain, J. (2013). Association between childhood obesity, cognitive development, physical fitness and social-emotional wellbeing in a transitional economy. Annals of Human Biology, 4, 101-106.",Y,"only very weak differences between non-obese and obese participants, therefore both sub-samples used",
CHL5103,5103.0,CHL,Chile,23.1.4,6.0,,2.0,non-obese,5.0,4.0,6.0,5.163333333333333,29.236666666666665,107.0,0.0,WIS,WPPSI-R,WPPSI-R,full,2.0,1.0,2006.0,2002.0,4.0,2.0,0.6666666666666666,0.0,0.0,0.0,,,92.0,-1.36000000000001,-2.5,0.0,0.0,0.3333333333333333,88.13999999999999,92.0,3.8600000000000136,3.8600000000000136,0.3333333333333333,35.666666666666664,Galván et al. (2013),"Galván, M., Uauy, R., López-Rodríguez, G., & Kain, J. (2013). Association between childhood obesity, cognitive development, physical fitness and social-emotional wellbeing in a transitional economy. Annals of Human Biology, 4, 101-106.",Y,"only very weak differences between non-obese and obese participants, therefore both sub-samples used",
CHL1702,1702.0,CHL,Chile,23.1.1,6.0,,2.0,normal,1.0,11.0,15.5,13.25,21.15,1685.0,0.2,RPM,SPM,SPM,full,1.0,1.0,2000.0,1979.0,21.0,1.0,0.6666666666666666,1.0,1.0,0.0,40.5,40.5,92.738242,-4.410000000000018,0.0,0.0,0.0,1.0,88.32824199999999,93.0,4.671758000000011,4.671758000000011,0.6222222222222222,1048.4444444444446,Marincovich et al. (2000),"Marinovich, R. I., Forno, H., Durán, M., Hazbún, J., Castro, C., & Ivanovic, D. (2000). Estudio de la capacidad intelectual (Test de Matrices Progresivas de Raven) en escolares chilenos de 5 a 18 años I. Antecedentes Generales, Normas y Recomendaciones. Revista de Psicología General y Aplicada, 53, 5-30.",Y,,"Ivanovic et al. (2000) have reported SPM data for 2,203 children aged 11 to 18 in the metropolitan region tested in 1986-7. The mean of the percentiles of the 11-15.5 year olds on the 1979  British standardization was 31.8 equivalent to an IQ of 93. "
CHL5835,5835.0,CHL,Chile,,6.0,,2.0,normal,1.0,16.0,18.5,17.25,17.15,391.0,0.3,RPM,SPM,APM,full,1.0,1.0,2000.0,1992.0,8.0,1.0,1.0,1.0,1.0,1.0,48.833333333333336,18.298291665179917,101.37125713301943,-1.6800000000000068,0.0,0.0,0.0,0.6666666666666666,99.69125713301942,93.0,-6.69125713301942,6.69125713301942,0.6555555555555556,256.32222222222225,Marincovich et al. (2000),"Marinovich, R. I., Forno, H., Durán, M., Hazbún, J., Castro, C., & Ivanovic, D. (2000). Estudio de la capacidad intelectual (Test de Matrices Progresivas de Raven) en escolares chilenos de 5 a 18 años I. Antecedentes Generales, Normas y Recomendaciones. Revista de Psicología General y Aplicada, 53, 5-30.",Y,,
CHL2393,2393.0,CHL,Chile,23.1.2,1.0,,2.0,normal,5.0,6.0,8.0,71.0,36.6,102.0,0.2,RPM,SPM,APM,full,1.0,1.0,2012.0,1992.0,20.0,1.0,0.6666666666666666,1.0,0.0,1.0,26.705,2.5929097884962573,78.86440246520102,-3.3600000000000136,0.0,0.0,0.0,0.6666666666666666,75.50440246520101,79.0,3.495597534798989,3.495597534798989,0.5111111111111111,52.133333333333326,Paz et al. (2012),"Paz, C. A., Valenzuela, V. D., Rosales, J. H., & Goic, C. E. (2012). Estudio sobre la pertinencia del uso de las normas disponibles del Raven en adultos mayors Chilenos. Psico-USF, Bragança Paulista, 17, 387-395.",Y,,Paz et al (2012) report SPM for a older people in Chile obtaining an average score of 26.7 at age 60-70. This is at the 8th percentile of the British 1992 standardization for age 65 equivalent to an IQ of 79. These study give an indication of strong Flynn effects in Chile where older people have a British IQ of 79 but younger people in the Marincovich et al. (2000) stugy have an IQ of 93.
CHN7665,7665.0,CHN,China,24.1.7,3.0,Northwest University of China,2.0,"fresh
students; healthy",5.0,16.3,23.7,19.41,17.99,750.0,0.1,RPM,SPM,APM,full,1.0,1.0,2016.0,1992.0,24.0,1.0,0.6666666666666666,1.0,0.0,1.0,51.59,18.963015877030017,97.43997078642607,-3.3600000000000136,0.0,0.0,0.0,0.6666666666666666,94.07997078642606,,,,0.4777777777777777,358.33333333333326,Liu et al. (2016),"Liu, X., Shi, Y., Niu, B., Shi, Zh., Li, J., Ma, Zh. Jian Wang, … & Zhang, K. (2016). Polymorphic variation in CHAT gene modulates general cognitive ability: An association study with random student cohort. Neuroscience Letters, 617, 122-126.",Y,,
CHN4119,4119.0,CHN,China,,3.0,Shanghai,2.0,normal,2.0,6.6,16.6,11.099999999999998,26.3,660.0,0.2,WIS,WISC-R,WISC-R,full,2.0,1.0,1984.0,1974.0,10.0,2.0,0.5,1.0,1.0,0.0,117.3,117.3,112.0,-3.3999999999999986,-2.5,0.0,0.0,1.0,106.1,,,,0.5666666666666667,374.0,Li et al. (1990),"Li, D., Jin,Y., Vandenberg, S. G., Zhu,Y., & Tang, C. (1990). Report on Shanghai norms for the Chinese translation of the Wechsler Intelligence Scale for Children - Revised. Psychological Reports, 67, 531-541.",Y,"The WISC-R was standardized on a US-norm sample in 1974. The WISC-RC was standardized on a trial sample in 1980-1981 and in a second sample in 1984 in Shanghai. Results taken from table 7. Here, ""picture completion"" and ""picture arrangement"" wrong named. PIQ calc. with mazes instead of coding, since Wechsler wrote that mazes are more reliable (P.8 FN7).",
CHN7424,7424.0,CHN,China,,3.0,Shanghai,2.0,normal,2.0,6.6,16.6,11.099999999999998,26.3,352.0,0.2,WIS,WISC-R,WISC-R,full,2.0,1.0,1980.5,1974.0,6.5,2.0,0.6666666666666666,1.0,1.0,0.0,110.6,110.6,106.7,-2.379999999999999,-2.5,0.0,0.0,1.0,101.82000000000001,,,,0.6222222222222222,219.02222222222224,Li et al. (1990),"Li, D., Jin,Y., Vandenberg, S. G., Zhu,Y., & Tang, C. (1990). Report on Shanghai norms for the Chinese translation of the Wechsler Intelligence Scale for Children - Revised. Psychological Reports, 67, 531-541.",Y,"The WISC-R was standardized on a US-norm sample in 1974. The WISC-RC was standardized on a trial sample in 1980-1981 and in a second sample in 1984 in Shanghai. Results taken from table 7. Here, ""picture completion"" and ""picture arrangement"" wrong named. PIQ calc. with mazes instead of coding, since Wechsler wrote that mazes are more reliable (P.8 FN7).",
CHN1744,1744.0,CHN,China,,1.0,Tianjin,2.0,high school students,2.0,10.0,13.5,11.75,25.65,1497.0,0.0,RPM,APM,SPM,full,1.0,1.0,1992.0,1979.0,13.0,1.0,0.8333333333333334,1.0,1.0,1.0,16.375,49.6613375,121.32203486238983,-2.730000000000011,0.0,0.0,0.0,0.6666666666666666,118.59203486238982,,,,0.5,748.5,"Raven, Raven & Court (1998)","Raven, J., Raven, J. C., & Court, H. C. (1998). Manual for Raven's Progressive Matrices
and Vocabulary Scales. Oxford: Infomration Press.",Y,,
CHN3239,3239.0,CHN,China,,1.0,Tianjin,2.0,high school students,2.0,14.0,18.5,16.25,21.15,1799.0,0.0,RPM,APM,APM,full,1.0,1.0,1992.0,1992.0,0.0,1.0,1.0,1.0,1.0,0.0,22.8,22.8,113.805575,0.0,0.0,0.0,0.0,1.0,113.805575,,,,0.6666666666666666,1199.3333333333333,"Raven, Raven & Court (1998)","Raven, J., Raven, J. C., & Court, H. C. (1998). Manual for Raven's Progressive Matrices
and Vocabulary Scales. Oxford: Infomration Press.",Y,,
CHN3286,3286.0,CHN,China,24.1.4,1.0,,2.0,normal,1.0,16.0,75.0,38.388888888888886,0.9888888888888872,5108.0,0.4,RPM,SPM,APM,full,1.0,1.0,1986.0,1992.0,6.0,1.0,1.0,1.0,1.0,1.0,45.22222222222222,13.019325555555556,91.13067369072326,1.2600000000000051,0.0,0.0,0.0,0.6666666666666666,92.39067369072326,101.0,8.609326309276739,8.609326309276739,0.6888888888888888,3518.844444444444,"Raven, Raven & Court (1999)","Raven, J., Raven, J. C., & Court, J. H. (1999). Manual zu Raven's Progressive Matrices und Vocabulary Scales. Frankfurt: Swets & Zeitlinger B. V..",Y,,
CHN9787,9787.0,CHN,China,24.1.4,3.0,,2.0,normal,1.0,6.5,15.5,11.0,26.4,5108.0,0.2,RPM,SPM,SPM,full,1.0,1.0,1986.0,1979.0,7.0,1.0,1.0,1.0,1.0,0.0,37.05263157894737,37.05263157894737,101.23477842105265,-1.470000000000006,0.0,0.0,0.0,1.0,99.76477842105265,101.0,1.2352215789473462,1.2352215789473462,0.7333333333333334,3745.866666666667,"Raven, Raven & Court (1999)","Raven, J., Raven, J. C., & Court, J. H. (1999). Manual zu Raven's Progressive Matrices und Vocabulary Scales. Frankfurt: Swets & Zeitlinger B. V..",Y,,
COL7447,7447.0,COL,Colombia,25.1.2,6.0,,2.0,healthy,5.0,,,10.0,20.0,14.0,0.0,WIS,WISC,WISC,full,2.0,1.0,1969.0,1947.0,22.0,2.0,0.3333333333333333,0.0,0.0,0.0,,,77.7,-7.479999999999999,-2.5,0.0,0.0,0.3333333333333333,67.72,78.0,10.280000000000001,10.280000000000001,0.2222222222222222,3.1111111111111107,Leon et al. (1975),"Leon, C. A., Jaramillo, R., Martinez, S., Fernandez, F., Tollez, H., Lasso, B., & de Guzmdn, R. (1975). Sequelae of Venezuelan equine encephalitis in humans: a four year follow-up. International Journal of Epidemiology, 4, 131-140.",Y,,Leon et al. (1975) give a WISC IQ of 78 for  a  subsample of children (age not given) without motor disorders. Other samples with motor disorers scored a bit lower. Colombia.
COL9733,9733.0,COL,Colombia,25.1.3,6.0,,1.0,underweight,5.0,7.0,9.0,8.0,22.0,353.0,0.0,SBIS,SBIS,SBIS,full,2.0,1.0,1972.5,1960.0,12.5,2.0,0.5,0.0,1.0,0.0,,,89.63333333333334,-4.419999999999998,-2.5,0.0,0.0,0.3333333333333333,82.71333333333334,88.0,5.286666666666662,5.286666666666662,0.27777777777777773,98.05555555555554,McKay et al. (1978),"McKay, H., Sinisterra, L., McKay, A., Gomez, H., & Lloreda, P. (1978). Improving cognitive ability of chronically deprived children. Science 200, 270, 270-278.",Y,,"McKay et al. (1978) report Stanford-Binet IQs for six groups of children in the city of Cali. IQs varied with socioeconomic class from 79 to 109 and are averaged to 90, deduct 2 to equate to a British IQ of 88."
COL8578,8578.0,COL,Colombia,25.1.1,3.0,Medellin,2.0,normal,3.0,6.0,8.0,7.39,22.61,423.0,0.2,WIS,WISC-IV,WISC-IV,full,2.0,1.0,2011.0,2003.0,8.0,2.0,0.6666666666666666,0.0,0.0,0.0,,,91.205,-1.0200000000000102,-2.5,0.0,0.0,0.3333333333333333,87.68499999999999,89.0,1.315000000000012,1.315000000000012,0.39999999999999997,169.2,Ortega (2011),"Ortega, S. C. (2011). Factores de riesgo relacionados con la capacidad intelectual en niños escolarizados de 6 a 8 años pertenecientes a la comuna nororiental y noroccidental de la ciudad de Medellín. Ph.D thesis, University of San Buenventura Medellin.",Y,,"Ortega (2011) reports data for 423 public school children in Medellin tested with WISC-IV, age 6-8, obtaining a median IQ of 89."
COD7120,7120.0,COD,"Congo, Democratic Republic of the",27.1.6,2.0,,2.0,Catholic mission center children,5.0,7.0,9.0,7.7,10.900000000000002,30.0,0.1,KABC,KABC,KABC,full,1.0,1.0,1993.0,1981.0,12.0,2.0,0.5,0.0,0.0,0.0,,,65.0,-6.240000000000027,-2.5,0.0,1.0,0.3333333333333333,60.0,62.0,2.0,2.0,0.3111111111111111,9.333333333333334,Boivin & Giordani (1993),"Boivin, M. J., & Giordani, B. (1993). Improvements in cognitive performance for schoolchildren in Zaire following an iron supplement and treatment for intestinal parasites. Journal of Pediatric Psychology, 18, 249-264.",Y,,
COD5527,5527.0,COD,"Congo, Democratic Republic of the",27.1.8,2.0,Bandundu,2.0,healthy,5.0,7.0,10.0,8.65020618556701,9.949793814432992,97.0,0.2,KABC,KABC,KABC,full,1.0,1.0,1993.0,1981.0,12.0,2.0,0.5,0.0,0.0,0.0,,,74.45,-6.240000000000027,-2.5,0.0,0.0,0.3333333333333333,65.70999999999998,68.0,2.2900000000000205,2.2900000000000205,0.3444444444444444,33.411111111111104,Boivin et al. (1993),"Boivin, M. J., Giordani, B., Ndanga, K., Maky, M. M., Manzeki, K. M., Ngunu, N., & Muamba, K. (1993). Effects of treatment for intestinal parasites and malaria on the cognitive abilities of schoolchildren in Zaire, Africa. Health Psychology, 12, 220-226.",Y,,Boivin et al. (1993) report a K-ABC IQ of 70 for 97 children with and without intestinal parasites and malaria. There were no significant differences between the IQs of the groups. The K-ABC was standardised in the US in 1981. Deduct 3 for a 10 year  Flynn effect and 2 to equate to a British IQ gives the sample an IQ of 65. 
COD7002,7002.0,COD,"Congo, Democratic Republic of the",27.1.8,2.0,Bandundu,2.0,healthy,5.0,7.0,10.0,8.65020618556701,9.949793814432992,97.0,0.2,KABC,KABC,KABC,full,1.0,1.0,1993.0,1981.0,12.0,2.0,0.5,0.0,0.0,0.0,,,72.05,-6.240000000000027,-2.5,0.0,0.0,0.3333333333333333,63.309999999999974,68.0,4.690000000000026,4.690000000000026,0.3444444444444444,33.411111111111104,Boivin et al. (1993),"Boivin, M. J., Giordani, B., Ndanga, K., Maky, M. M., Manzeki, K. M., Ngunu, N., & Muamba, K. (1993). Effects of treatment for intestinal parasites and malaria on the cognitive abilities of schoolchildren in Zaire, Africa. Health Psychology, 12, 220-226.",Y,,Boivin et al. (1993) report a K-ABC IQ of 70 for 97 children with and without intestinal parasites and malaria. There were no significant differences between the IQs of the groups. The K-ABC was standardised in the US in 1981. Deduct 3 for a 10 year  Flynn effect and 2 to equate to a British IQ gives the sample an IQ of 65. 
COD1719,1719.0,COD,"Congo, Democratic Republic of the",27.1.9,2.0,Bandundu,2.0,control,5.0,7.0,10.0,8.5,10.100000000000001,32.0,0.1,KABC,KABC,KABC,Mental Processing total,1.0,1.0,1993.0,1981.0,12.0,2.0,0.16666666666666666,0.0,0.0,0.0,,,76.375,-6.240000000000027,-2.5,0.0,0.0,0.3333333333333333,67.63499999999998,68.0,0.3650000000000233,0.3650000000000233,0.19999999999999998,6.3999999999999995,Boivin et al. (1995),"Boivin, M. J., Giordani, B., & Bornfeld, B. (1995). Use of the tactual performance test for cognitive ability testing with African children. Neuropsychology, 9, 409-417.",Y,improvement-sample excluded,
COD3826,3826.0,COD,"Congo, Democratic Republic of the",27.1.9,2.0,Bandundu,2.0,control,5.0,11.0,12.0,11.5,7.100000000000001,23.0,0.2,KABC,KABC,KABC,Mental Processing total,1.0,1.0,1993.0,1981.0,12.0,2.0,0.16666666666666666,0.0,0.0,0.0,,,68.30000000000001,-6.240000000000027,-2.5,0.0,1.0,0.3333333333333333,60.0,68.0,8.0,8.0,0.2333333333333333,5.366666666666666,Boivin et al. (1995),"Boivin, M. J., Giordani, B., & Bornfeld, B. (1995). Use of the tactual performance test for cognitive ability testing with African children. Neuropsychology, 9, 409-417.",Y,improvement-sample excluded,
COD8886,8886.0,COD,"Congo, Democratic Republic of the",27.1.10,1.0,,2.0,Nonkonzo,5.0,6.0,11.0,9.1,9.500000000000002,87.0,0.2,KABC,KABC,KABC,full,1.0,1.0,1995.0,1981.0,14.0,2.0,0.5,0.0,0.0,0.0,,,66.16666666666667,-7.280000000000033,-2.5,0.0,1.0,0.3333333333333333,60.0,67.0,7.0,7.0,0.3444444444444444,29.96666666666666,Boivin et al. (2013),"Boivin, M. J., Okitundu, D., MD, Bumoko, G. M.-M., Sombo, M. Th., Mumba, D., Tylleskar, Th., MD, Page, C. F., Muyembe, J.-J. T., MD, & Tshala-Katumbay, D., (2013). Neuropsychological effects of Konzo: a neuromotor disease associated poorly processed cassava. Pediatrics, 131, 1231-1239.",Y,Konzo-sample excluded,"Boivin et al. (2013) report results for 87 healthy 9 year olds who obtained an IQ on the KABC II of 74 for sequential processing and 64 for simultaneous processing averaged to 69, deduct 2 to equte to a British IQ of 67. A sample of 123 with Konzo (a neuromotor disease) obtained a British IQ of 63."
COD5179,5179.0,COD,"Congo, Democratic Republic of the",27.1.4,1.0,,2.0,control,3.0,7.0,9.0,8.0,10.600000000000001,155.0,0.1,RPM,CPM,CPM,full,1.0,1.0,2002.5,2007.0,4.5,1.0,1.0,1.0,0.0,0.0,15.0,15.0,67.3169,0.8400000000000034,0.0,0.0,0.0,1.0,68.15690000000001,61.0,-7.156900000000007,7.156900000000007,0.7000000000000001,108.50000000000001,Kashala et al. (2005),"Kashala, E., Elgen, I., Sommerfeldt, K., Tylleskar, T., & Lundervold, A. (2005). Cognition in African children with attention-deficit hyperactivity disorder. Pediatric Neurology, 33, 357-364.",Y,,Kashala et al. (2005) report CPM results for 183 school children age 7-9 in Kinshasa. The sample obtained a score of 15 giving a British IQ of 60 on the 2007 standardisation. Add 1 for the Flynn effect gives the sample an IQ of 61.
COD7480,7480.0,COD,"Congo, Democratic Republic of the",27.1.4,1.0,,2.0,experimental,3.0,7.0,9.0,8.0,10.600000000000001,28.0,0.1,RPM,CPM,CPM,full,1.0,1.0,2002.5,2007.0,4.5,1.0,1.0,1.0,0.0,0.0,15.0,15.0,67.3169,0.8400000000000034,0.0,0.0,0.0,1.0,68.15690000000001,61.0,-7.156900000000007,7.156900000000007,0.7000000000000001,19.6,Kashala et al. (2005),"Kashala, E., Elgen, I., Sommerfeldt, K., Tylleskar, T., & Lundervold, A. (2005). Cognition in African children with attention-deficit hyperactivity disorder. Pediatric Neurology, 33, 357-364.",Y,,Kashala et al. (2005) report CPM results for 183 school children age 7-9 in Kinshasa. The sample obtained a score of 15 giving a British IQ of 60 on the 2007 standardisation. Add 1 for the Flynn effect gives the sample an IQ of 61.
COG6635,6635.0,COG,"Congo, Republic of the",26.1.2,3.0,Brazzavill,2.0,normal,5.0,11.0,15.0,13.25,6.449999999999999,88.0,0.4,RPM,SPM,SPM,full,1.0,1.0,1994.0,1979.0,15.0,1.0,0.8333333333333334,1.0,1.0,0.0,29.6,29.6,66.1162764,-3.150000000000013,0.0,0.0,0.0,1.0,62.96627639999999,73.0,10.033723600000009,10.033723600000009,0.7444444444444445,65.51111111111112,"Nkaya, Huteau & Bonnet (1994)","Nkaya, H. N., Huteau, M., & Bonnet, J.-P. (1994). Retest effect on cognitive performance on the Raven Matrices in France and in the Congo. Perceptual and Motor Skills, 78, 503-510.",Y,,
CRI7021,7021.0,CRI,Costa Rica,29.1.1,2.0,western region,2.0,normal,1.0,9.0,12.0,10.5,20.8,73.0,0.2,RPM,SPM,SPM,full,1.0,1.0,2008.0,1979.0,29.0,1.0,0.6666666666666666,1.0,1.0,0.0,25.515,25.515,80.6023333612375,-6.090000000000025,0.0,0.0,0.0,1.0,74.51233336123747,86.0,11.487666638762533,11.487666638762533,0.6222222222222222,45.422222222222224,"Rindermann, Stiegmaier & Meisenberg (2014)","Rindermann, H., Stiegmaier, E.-M., & Meisenberg, G. (2014a). Cognitive ability of preschool, primary and secondary school children in Costa Rica. Journal of Biosocial Science, 46, 1-30.",Y,,"Rindermann et al. (2014) reported a study of the intelligence of three samples in Costa Rica compared with matched samples in Austria. The samples were aged 5-6 years tested with the CPM, and 9-11 and 15-16 years tested with a variety of tests. Costa Rican IQs were 95, 89 and 78 for the three groups and averaged 87 relative to an Austrian IQ of 99, and therefore gave a Costa Rica IQ of 86 relative to a British  IQ of 100. "
CRI3498,3498.0,CRI,Costa Rica,,2.0,western region,2.0,normal,1.0,5.0,7.0,6.0,25.3,80.0,0.2,RPM,CPM,CPM,full,1.0,1.0,2008.0,2007.0,1.0,1.0,1.0,1.0,1.0,0.0,19.796666666666667,19.796666666666667,100.59957837313334,-0.21000000000000085,0.0,0.0,0.0,1.0,100.38957837313333,86.0,-14.389578373133332,14.389578373133332,0.7333333333333334,58.66666666666667,"Rindermann, Stiegmaier & Meisenberg (2014)","Rindermann, H., Stiegmaier, E.-M., & Meisenberg, G. (2014a). Cognitive ability of preschool, primary and secondary school children in Costa Rica. Journal of Biosocial Science, 46, 1-30.",Y,,"Rindermann et al. (2014) reported a study of the intelligence of three samples in Costa Rica compared with matched samples in Austria. The samples were aged 5-6 years tested with the CPM, and 9-11 and 15-16 years tested with a variety of tests. Costa Rican IQs were 95, 89 and 78 for the three groups and averaged 87 relative to an Austrian IQ of 99, and therefore gave a Costa Rica IQ of 86 relative to a British  IQ of 100. "
HRV2479,2479.0,HRV,Croatia,30.1.3,3.0,Zagreb,2.0,right-handed,5.0,7.84,15.41,11.57,31.43,396.0,0.0,RPM,SPM,SPM,full,1.0,1.0,2008.6,1979.0,29.59999999999991,1.0,0.6666666666666666,1.0,1.0,0.0,38.68055555555556,38.68055555555556,98.58581297417533,-6.090000000000025,0.0,0.0,0.0,1.0,92.4958129741753,98.0,5.504187025824706,5.504187025824706,0.5555555555555555,219.99999999999997,"Žebec, Demetriou & Kotrla-Topić (2015)","Žebec, M., Demetriou A., & Kotrla-Topić, M. (2015). Changing expressions of general intelligence in development: A 2-wave longitudinal study from 7 to 18 years of age. Intelligence, 49, 94-109.",Y,,"Žebec, Demetriou & Kotrla-Topić (2015) have published SPM data for 7-17 year olds in schools in Zagreb. The school leaving age in Croatia is 15 so only the age groups 7 – 14 have been used here. The British IQs are calculated from the 2008 British standardization of the Standard Progressive Matrices-Plus using the SPM-SPM+ conversion table given in Raven (1998, Table SPM3). The British IQ for the 7-14 year olds is 98.4."
HRV4727,4727.0,HRV,Croatia,30.1.3,3.0,Zagreb,2.0,right-handed,5.0,16.63,17.31,16.97,26.03,82.0,0.0,RPM,SPM,APM,full,1.0,1.0,2014.0,1992.0,22.0,1.0,0.6666666666666666,1.0,1.0,1.0,46.96875,13.632660367431647,93.57391266758614,-3.3600000000000136,0.0,0.0,0.0,0.6666666666666666,90.21391266758613,98.0,7.786087332413871,7.786087332413871,0.4444444444444444,36.44444444444444,"Žebec, Demetriou & Kotrla-Topić (2015)","Žebec, M., Demetriou A., & Kotrla-Topić, M. (2015). Changing expressions of general intelligence in development: A 2-wave longitudinal study from 7 to 18 years of age. Intelligence, 49, 94-109.",Y,,"Žebec, Demetriou & Kotrla-Topić (2015) have published SPM data for 7-17 year olds in schools in Zagreb. The school leaving age in Croatia is 15 so only the age groups 7 – 14 have been used here. The British IQs are calculated from the 2008 British standardization of the Standard Progressive Matrices-Plus using the SPM-SPM+ conversion table given in Raven (1998, Table SPM3). The British IQ for the 7-14 year olds is 98.4."
CUB6365,6365.0,CUB,Cuba,,2.0,Camaguey,2.0,normal,1.0,12.0,16.0,14.0,27.5,1065.0,0.2,RPM,SPM,SPM,full,1.0,1.0,1973.0,1979.0,6.0,1.0,1.0,1.0,1.0,0.0,37.31999999999999,37.31999999999999,85.64267591,1.2600000000000051,0.0,0.0,0.0,1.0,86.90267591,88.0,1.0973240900000008,1.0973240900000008,0.7333333333333334,781.0000000000001,Alonso Garcia (1973),"Alonso Garcia, O. S. (1973). Raven. Factor “g”, edad y escolaridad. Revista del Hospital Psiquiátrico de La Habana, 14, 60-77. ",Y,,
CUB8945,8945.0,CUB,Cuba,,2.0,Camaguey,2.0,normal,1.0,17.0,20.0,18.5,23.0,386.0,0.2,RPM,SPM,APM,full,1.0,1.0,1973.0,1992.0,19.0,1.0,0.8333333333333334,1.0,1.0,1.0,41.887499999999996,9.404969155937508,80.50239262680932,3.990000000000016,0.0,0.0,0.0,0.6666666666666666,84.49239262680933,88.0,3.507607373190666,3.507607373190666,0.5666666666666668,218.73333333333338,Alonso Garcia (1973),"Alonso Garcia, O. S. (1973). Raven. Factor “g”, edad y escolaridad. Revista del Hospital Psiquiátrico de La Habana, 14, 60-77. ",Y,,
CUB3907,3907.0,CUB,Cuba,31.1.2,6.0,,2.0,normal,3.0,11.0,68.0,25.88,15.620000000000001,589.0,0.3,RPM,SPM,APM,full,1.0,1.0,2000.0,1992.0,8.0,1.0,1.0,1.0,0.0,1.0,44.0,10.976079999999996,78.7455200887254,-1.6800000000000068,0.0,0.0,0.0,0.6666666666666666,77.06552008872539,84.0,6.934479911274607,6.934479911274607,0.6555555555555556,386.1222222222222,Valcarcel et al. (2000),"Valcarcel, E. C., Matrinez, E. C., Bouza, C., & Solozabal, T. P. (2000). Algunuas characteristicas y possibilidades del test de matrices progressivas de Raven. Revista Cubana de Psicologia, 17, 95-105.",Y,,"A more recent study in Cuba by Valcarcel et al. (2000) reported that a sample with an average age of 26 years obtained an average score of 46 on the Standard Progressive Matrices. This is at the 15th pc of the British 1992 UK standardisation norms given in Raven, Raven & Court (1998) and is equivalent to an IQ of 85. Deduct 1 IQ point for the Flynn effect reduces the result to a British  IQ to 84."
CYP1414,1414.0,CYP,Cyprus,158.1.1,1.0,,2.0,normal,1.0,16.5,17.5,17.0,19.799999999999997,290.87951807228916,0.3,RPM,SPM,APM,full,1.0,1.0,2006.0,1992.0,14.0,1.0,0.8333333333333334,1.0,1.0,1.0,48.8825,15.678241309276881,98.17149317073387,-2.940000000000012,0.0,0.0,0.0,0.6666666666666666,95.23149317073386,,,,0.6,174.52771084337348,"Spanoudis, Natsopoulos & Lynn (2016)","Spanoudis, G., Natsopoulos, D., & Lynn, R. (2016). Sex Differences for 10 to 17 Year Olds on the Standard Progressive Matrices in Cyprus. Mankind Quarterly, 57, 283-290.",Y,,
CYP6250,6250.0,CYP,Cyprus,158.1.1,1.0,,2.0,normal,1.0,10.0,15.5,13.0,23.799999999999997,3222.0,0.2,RPM,SPM,SPM,full,1.0,1.0,2006.0,1979.0,27.0,1.0,0.6666666666666666,1.0,1.0,0.0,44.300000000000004,44.300000000000004,101.46756866166459,-5.670000000000023,0.0,0.0,0.0,1.0,95.79756866166457,,,,0.6222222222222222,2004.8,"Spanoudis, Natsopoulos & Lynn (2016)","Spanoudis, G., Natsopoulos, D., & Lynn, R. (2016). Sex Differences for 10 to 17 Year Olds on the Standard Progressive Matrices in Cyprus. Mankind Quarterly, 57, 283-290.",Y,,
DNK4889,4889.0,DNK,Denmark,33.1.1,6.0,,2.0,,3.0,5.0,11.0,11.89,30.310000000000002,628.0,0.0,RPM,SPM,SPM,full,1.0,1.0,1967.0,1979.0,12.0,1.0,0.8333333333333334,1.0,0.0,0.0,39.02,39.02,94.9665822376,2.520000000000005,0.0,0.0,0.0,1.0,97.4865822376,97.0,-0.48658223760000396,0.48658223760000396,0.6111111111111112,383.7777777777778,Vejleskov (1968),"Vejleskov, H. (1968). An analysis of Raven Matrix responses in fifth grade children. Scandinavian Journal of Psychology, 9, 177-186.",Y,,
DJI3851,3851.0,DJI,Djibouti,,1.0,,2.0,normal,3.0,9.0,18.0,13.5,10.399999999999999,2770.0,0.3,RPM,SPM+,SPM+,full,1.0,1.0,2017.5,2007.0,10.5,1.0,0.8333333333333334,1.0,1.0,0.0,11.781,11.781,52.347841174188,-0.21000000000000085,0.0,0.0,1.0,1.0,60.0,,,,0.7111111111111111,1969.7777777777778,Becker et al. (2022),"Becker, D., Meisenberg, G., Dutton, E., Bakhiet, S. F., Humad, O. A. M., Abdoulaye, H. A., & Ahmed, S. A. E. S. (2022). Factor structure in Raven’s Progressive Matrices Plus in sub-Saharan Africa – Benin and Djibouti. Journal of Psychology in Africa, 32(2), 103-114, https://doi.org/10.1080/14330237.2022.2028080",Y,,
DMA1300,1300.0,DMA,Dominica,34.1.1,1.0,,2.0,normal,3.0,18.0,25.0,21.0,12.5,373.0,0.3,RPM,SPM,APM,full,1.0,1.0,2005.0,1992.0,13.0,1.0,0.8333333333333334,1.0,0.0,1.0,36.15,6.1325057737499975,68.5170067914799,-2.730000000000011,0.0,0.0,0.0,0.6666666666666666,65.78700679147988,73.0,7.212993208520118,7.212993208520118,0.6,223.79999999999998,Meisenberg et al. (2005),"Meisenberg, G., Lawless, E., Lambert, E., & Newton, A. (2005). The Flynn effect in the Caribbean: generational change in test performance in Dominica. Mankind Quarterly, 46, 29-70.  ",Y,,Meisenberg et al. (2005) report British  IQs of 73 for a younger sample and 61 for an older sample. The higher IQ of the younger sample is attributed to a stronger Flynn effect showing a greater increase of intelligence in Dominica compared with that in Britain. 
DMA2143,2143.0,DMA,Dominica,34.1.1,1.0,,2.0,normal,3.0,51.0,62.0,56.1,22.6,352.0,0.2,RPM,SPM,APM,full,1.0,1.0,2005.0,1992.0,13.0,1.0,0.8333333333333334,1.0,0.0,1.0,23.45,1.4678945162500092,69.01880355747502,-2.730000000000011,0.0,0.0,0.0,0.6666666666666666,66.288803557475,61.0,-5.288803557475006,5.288803557475006,0.5666666666666668,199.4666666666667,Meisenberg et al. (2005),"Meisenberg, G., Lawless, E., Lambert, E., & Newton, A. (2005). The Flynn effect in the Caribbean: generational change in test performance in Dominica. Mankind Quarterly, 46, 29-70.  ",Y,,Meisenberg et al. (2005) report British  IQs of 73 for a younger sample and 61 for an older sample. The higher IQ of the younger sample is attributed to a stronger Flynn effect showing a greater increase of intelligence in Dominica compared with that in Britain. 
DOM2027,2027.0,DOM,Dominican Republic,35.1.1,4.0,,2.0,,5.0,18.0,76.0,25.410588235294117,2.689411764705884,34.0,0.2,WIS,WAIS,WAIS,full,2.0,1.0,1982.0,1965.0,17.0,11.0,0.5,0.0,0.0,0.0,,,111.95,0.0,-22.8,0.0,0.0,0.3333333333333333,89.15,88.0,-1.1500000000000057,1.1500000000000057,0.3444444444444444,11.711111111111109,Imperato-McGinley et al. (1991),"Imperato-McGinley, J., Pichardo, M., Gautler, T., Voyer, D,. & Brydent, M. P. (1991). Cognitive abilities in androgen-insensitive subjects: comparison with control males and females. Clinical Endocrinology, 34, 341-347.",Y,,"Imperato-McGinley et al. (1991) report a study of the IQ of 10  adults with complete androgen insensitivity syndrome and 34 of their healthy relatives. They were tested with the Spanish version of the Wechsler Adult Intelligence Scale normed in Puerto Rico in 1965. The two groups obtained IQs of 104.1 and 110.4, repectively. These are Flynn effect and Spanish norms adjusted to IQs of  83.4 and 91.7. The difference between the two groups is not statisticaklly significant, so they have been averaged to give an IQ of 89.8. This needs to be reduced by 2 IQ points to converted  to a British  IQ to give an IQ of 88. "
ECU1173,1173.0,ECU,Ecuador,36.1.1,4.0,,2.0,Pb-exposed,5.0,5.0,8.0,6.5,21.2,25.0,0.0,RPM,CPM,CPM,full,1.0,1.0,1998.0,2007.0,9.0,1.0,1.0,1.0,1.0,0.0,15.44,15.44,82.99163599999999,1.8900000000000077,0.0,0.0,0.0,1.0,84.88163599999999,82.0,-2.881635999999986,2.881635999999986,0.6666666666666666,16.666666666666664,Counter et al. (1998),"Counter, S. A., Buchanan, L. H., Rosas, H. D., & Ortega, F. (1998). Neurocognitive effects of chronic lead intoxication in Andean children. Journal of Neurological Science, 160, 47-53.",Y,Reestimation incl. high PbB-levels (underestimation possible),"Counter et al. (1998) report CPM data for Andean children (presumably Native American) who scored of 19.5 at age 8.2 years, giving a British IQ of 82. "
ECU7803,7803.0,ECU,Ecuador,36.1.1,4.0,,2.0,Pb-exposed,5.0,9.0,11.0,10.0,17.7,16.0,0.1,RPM,CPM,CPM,full,1.0,1.0,1998.0,2007.0,9.0,1.0,1.0,1.0,1.0,0.0,19.375,19.375,62.762715625000006,1.8900000000000077,0.0,0.0,0.0,1.0,64.65271562500001,82.0,17.347284374999987,17.347284374999987,0.7000000000000001,11.200000000000001,Counter et al. (1998),"Counter, S. A., Buchanan, L. H., Rosas, H. D., & Ortega, F. (1998). Neurocognitive effects of chronic lead intoxication in Andean children. Journal of Neurological Science, 160, 47-53.",Y,Reestimation incl. high PbB-levels (underestimation possible),"Counter et al. (1998) report CPM data for Andean children (presumably Native American) who scored of 19.5 at age 8.2 years, giving a British IQ of 82. "
ECU7314,7314.0,ECU,Ecuador,36.1.2,2.0,Tabacundo,2.0,normal,3.0,,,6.9,20.799999999999997,26.0,0.2,RPM,CPM,CPM,full,1.0,1.0,2010.0,2007.0,3.0,1.0,1.0,1.0,0.0,0.0,15.7,15.7,78.4577012,-0.21000000000000085,0.0,0.0,0.0,1.0,78.2477012,80.0,1.7522988000000055,1.7522988000000055,0.7333333333333334,19.06666666666667,Harari et al. (2010),"Harari, R., Julvez, J., Murata, K., Barr, D., Bellinger, D. C., Debes, F., & Grandjean, Ph. (2010). Neurobehavioral deficits and increased blood pressure in school-age children prenatally exposed to pesticides. Environmental Health Perspectives, 118, 890-896.",Y,Reestimation incl. exposeds to pesticides (underestimation possible),"Harari et al. (2010) report data for 84 7.0 year olds who scored 16 on the CPM, equivalent to an IQ of 80 on the British 2008 standardisation norms. "
ECU8948,8948.0,ECU,Ecuador,36.1.2,2.0,Tabacundo,2.0,normal,3.0,,,7.2,20.5,59.0,0.2,RPM,CPM,CPM,full,1.0,1.0,2010.0,2007.0,3.0,1.0,1.0,1.0,0.0,0.0,16.1,16.1,79.39593239999999,-0.21000000000000085,0.0,0.0,0.0,1.0,79.18593239999998,80.0,0.8140676000000155,0.8140676000000155,0.7333333333333334,43.26666666666667,Harari et al. (2010),"Harari, R., Julvez, J., Murata, K., Barr, D., Bellinger, D. C., Debes, F., & Grandjean, Ph. (2010). Neurobehavioral deficits and increased blood pressure in school-age children prenatally exposed to pesticides. Environmental Health Perspectives, 118, 890-896.",Y,Reestimation incl. exposeds to pesticides (underestimation possible),"Harari et al. (2010) report data for 84 7.0 year olds who scored 16 on the CPM, equivalent to an IQ of 80 on the British 2008 standardisation norms. "
EGY8648,8648.0,EGY,Egypt,37.1.1,3.0,Cairo,2.0,university students,3.0,,,20.5,3.3999999999999986,2147.0,0.2,RPM,SPM,APM,full,1.0,1.0,2000.0,1992.0,8.0,1.0,1.0,1.0,0.0,1.0,44.555,11.431326672208748,79.62913392537288,-1.6800000000000068,0.0,0.0,0.0,0.6666666666666666,77.94913392537288,82.0,4.050866074627123,4.050866074627123,0.6222222222222222,1335.911111111111,"Abdel-Khalek, Nour-Eddin & Lynn (2014)","Abdel-Khalek, A. M., Nour-Eddin, A. S., & Lynn, R. (2015). A Study of the Intelligence of University Students in Egypt. Mankind Quarterly, 55, 129-135.",Y,,"From the same sample, Abdel-Khalek, Nour-Eddin & Lynn (2015) reported IQ measured with the APM. This sample was not used to avoid duplication."
EGY7858,7858.0,EGY,Egypt,37.1.3,1.0,,2.0,normal,1.0,16.0,20.0,18.5,5.399999999999999,2385.0,0.4,RPM,SPM,APM,full,1.0,1.0,1986.0,1992.0,6.0,1.0,1.0,1.0,1.0,1.0,48.5,17.606826796521872,96.62647032418766,1.2600000000000051,0.0,0.0,0.0,0.6666666666666666,97.88647032418767,88.0,-9.88647032418767,9.88647032418767,0.6888888888888888,1642.9999999999998,Bakhiet & Lynn (2015b),"Bakhiet, S. F. A., & Lynn, R. (2015b). A standardization of the Standard Progressive Matrices in Egypt. Mankind Quarterly, 56, 70-78.",Y,,
EGY9492,9492.0,EGY,Egypt,37.1.3,1.0,,2.0,normal,1.0,6.0,16.0,11.0,12.899999999999999,5215.0,0.3,RPM,SPM,SPM,full,1.0,1.0,1986.0,1979.0,7.0,1.0,1.0,1.0,1.0,0.0,30.545454545454547,30.545454545454547,88.899598,-1.470000000000006,0.0,0.0,0.0,1.0,87.429598,88.0,0.5704020000000014,0.5704020000000014,0.7666666666666666,3998.1666666666665,Bakhiet & Lynn (2015b),"Bakhiet, S. F. A., & Lynn, R. (2015b). A standardization of the Standard Progressive Matrices in Egypt. Mankind Quarterly, 56, 70-78.",Y,,
EGY9075,9075.0,EGY,Egypt,37.1.4,1.0,,2.0,normal,1.0,5.6,10.5,8.0,15.899999999999999,11284.0,0.3,RPM,CPM,CPM,full,1.0,1.0,2012.0,2007.0,5.0,1.0,1.0,1.0,1.0,0.0,21.2,21.2,85.61752000000001,-0.21000000000000085,0.0,0.0,0.0,1.0,85.40752,84.0,-1.4075200000000052,1.4075200000000052,0.7666666666666666,8651.066666666666,Bakhiet & Lynn (2015d),"Bakhiet, S. F. A., & Lynn, R. (2015d). A note on a new study of intelligence in Egypt. Psychological Reports, 115, 810-812.",Y,,"Bakhiet & Lynn (2014g) report results of a standardization of the CPM in 2011-13 on a sample of 11,284 children aged 5.6 to 10.5 years.  The sample obtained a British  IQ of 84.2. "
EGY2680,2680.0,EGY,Egypt,37.1.7,4.0,Kalama,1.0,normal,1.0,7.0,10.0,8.5,15.399999999999999,110.0,0.3,RPM,CPM,CPM,full,1.0,1.0,1995.0,2007.0,12.0,1.0,0.8333333333333334,1.0,0.0,0.0,14.225,14.225,61.4789118546875,2.5200000000000102,0.0,0.0,0.0,1.0,63.99891185468751,69.0,5.001088145312487,5.001088145312487,0.7111111111111111,78.22222222222223,Wachs et. al. (1995),"Wachs, T. D., Bishry, Z., Moussa, W., Yunis, F., McCabe, G., Harrison, G., Sweifi, E., Kirksey, A., Galal, O., Jerome, N., & Shaheen, F. (1995). Nutritional intake and onext as predictors of cognition and adaptive behavior of Egyptian school children. International Journal of Behavioral Development, 18, 425-450.",Y,,"Wachs al. (1995) report a CPM score of 14.2 (male-female average) for a sample of children from a village near Cairo with a population of 8000, average age about 8.5 years. The British IQ is 76 according to 1949 norms and 60 according to 2007 norms. Time of testing is about 1993, so the time-weighted average is about 64. The children were also administered 3 verbal and 3 performance subtest of the WISC-R on which they obtained a VIQ of 86.7 and PIQ of 76.9, which can be averaged to 81.8. The WISC-R was normed in 1974, so we have applied a Flynn effect correction of 6 points to give a WISC-R IQ of 76 and deduct 2 to converted  to a British IQ to 74. The CPM and WISC-R IQs have been averged to 69."
EGY4241,4241.0,EGY,Egypt,37.1.7,4.0,Kalama,1.0,normal,1.0,7.0,10.0,8.5,15.399999999999999,110.0,0.3,WIS,WISC-R,WISC-R,full,2.0,1.0,1995.0,1983.0,12.0,3.0,0.5,1.0,0.0,0.0,34.71,34.71,79.0,-7.200000000000017,-1.2,0.0,0.0,1.0,70.59999999999998,69.0,-1.59999999999998,1.59999999999998,0.6,66.0,Wachs et. al. (1995),"Wachs, T. D., Bishry, Z., Moussa, W., Yunis, F., McCabe, G., Harrison, G., Sweifi, E., Kirksey, A., Galal, O., Jerome, N., & Shaheen, F. (1995). Nutritional intake and onext as predictors of cognition and adaptive behavior of Egyptian school children. International Journal of Behavioral Development, 18, 425-450.",Y,,"Wachs al. (1995) report a CPM score of 14.2 (male-female average) for a sample of children from a village near Cairo with a population of 8000, average age about 8.5 years. The British IQ is 76 according to 1949 norms and 60 according to 2007 norms. Time of testing is about 1993, so the time-weighted average is about 64. The children were also administered 3 verbal and 3 performance subtest of the WISC-R on which they obtained a VIQ of 86.7 and PIQ of 76.9, which can be averaged to 81.8. The WISC-R was normed in 1974, so we have applied a Flynn effect correction of 6 points to give a WISC-R IQ of 76 and deduct 2 to converted  to a British IQ to 74. The CPM and WISC-R IQs have been averged to 69."
EGY5080,5080.0,EGY,Egypt,37.1.6,2.0,Giza,2.0,normal,5.0,9.0,11.0,10.1,13.799999999999999,170.0,0.3,RPM,CPM,CPM,full,1.0,1.0,1995.0,2007.0,12.0,1.0,0.8333333333333334,1.0,0.0,0.0,21.7,21.7,74.99918750000006,2.5200000000000102,0.0,0.0,0.0,1.0,77.51918750000007,85.0,7.480812499999928,7.480812499999928,0.7111111111111111,120.8888888888889,Yunis et al. (1995),"Yunis, F. A., Khalifa, A. G., Moner, Z. M., Ayad, A. A., Gaber, S. A., & Mohamed, N. H. (1995). Physical growth, nutritional status and intellectual performance among school students in a rural village. Medical Journal of Cairo University, 63, 971-980.",Y,Reestimation with low SES children (underestimation possible),"Yunis et al. (1995) report CPM data for 170 children (105 boys and 65 girls) aged 10.1 years attending school in a rural village in Giza province. The sample obtained a score of 21.7 (Sd 4.7). This is at the 13th percentile of the 1982 British standardisation, equivalent to an IQ of 83. Deduct 2 for a Flynn effect reduces this to 81. The authors describe the children as coming from low socio-econpmic families and their IQ would there be lower than that of a representative sample. To adjust for this, 4 IQ points have been added to the sample’s IQ bringing it up to 85."
EGY5531,5531.0,EGY,Egypt,37.1.2,3.0,Alexandria,2.0,university students,1.0,22.0,25.0,23.48075221238938,0.41924778761061887,452.0,0.2,RPM,SPM,APM,full,1.0,1.0,1988.0,1992.0,4.0,1.0,1.0,1.0,0.0,1.0,42.34,9.716328755280024,76.24314129294481,0.8400000000000034,0.0,0.0,0.0,0.6666666666666666,77.08314129294482,83.0,5.916858707055184,5.916858707055184,0.6222222222222222,281.24444444444447,Abdel-Khalek (1988),"Abdel-Khalek, A. M. (1988). Egyptian results on the Standard Progressive Matrices. Personality and Individual Differences, 9, 193-195.",Y,,
EGY7781,7781.0,EGY,Egypt,,4.0,Menoufia,2.0,normal,3.0,5.0,11.0,8.0,15.899999999999999,1756.0,0.3,RPM,CPM,CPM,full,1.0,1.0,2017.0,2007.0,10.0,1.0,0.8333333333333334,1.0,1.0,0.0,22.25714285714286,22.25714285714286,89.66904144285711,-0.21000000000000085,0.0,0.0,0.0,1.0,89.45904144285711,85.0,-4.459041442857114,4.459041442857114,0.7111111111111111,1248.7111111111112,Ziada et al. (2017),"Ziada, Kh. E., Metwaly, H. A. M., Bakhiet, S. F. A., Cheng, H., & Lynn, R. (2017). A New Study of Intelligence in Egypt. Mankind Quarterly, 58, 307-311.",Y,,
ERI1246,1246.0,ERI,Eritrea,38.1.1,6.0,,2.0,orphans,5.0,9.0,12.0,10.5,9.2,40.0,0.2,RPM,SPM,SPM,full,1.0,1.0,1996.0,1979.0,17.0,1.0,0.8333333333333334,1.0,0.0,0.0,20.6,20.6,69.7396976,-3.5700000000000145,0.0,0.0,0.0,1.0,66.16969759999998,66.0,-0.1696975999999779,0.1696975999999779,0.6777777777777777,27.111111111111107,Wolff & Fessada (1999),"Wolff, P. H., & Fesseha, G. (1999). The orphans of Eritrea: A five-year follow-up study. Journal of Child Psychology & Psychiatry, 40, 1231-1237.",Y,Reestimation incl. orphans (missestimation possible),"Wolff & Fesseha (1999) report an SPM score of 20.7 for 9 year olds orphans, giving a British IQ of 66. They also report a KABC IQ of 62 for the sampe sample."
ERI7365,7365.0,ERI,Eritrea,38.1.1,6.0,,2.0,orphans,5.0,5.0,16.0,10.5,9.2,200.0,0.2,RPM,SPM,SPM,full,1.0,1.0,1996.0,1979.0,17.0,1.0,0.8333333333333334,1.0,0.0,0.0,20.9,20.9,70.1843654,-3.5700000000000145,0.0,0.0,0.0,1.0,66.6143654,66.0,-0.614365399999997,0.614365399999997,0.6777777777777777,135.55555555555554,Wolff & Fessada (1999),"Wolff, P. H., & Fesseha, G. (1999). The orphans of Eritrea: A five-year follow-up study. Journal of Child Psychology & Psychiatry, 40, 1231-1237.",Y,Reestimation incl. orphans (missestimation possible),"Wolff & Fesseha (1999) report an SPM score of 20.7 for 9 year olds orphans, giving a British IQ of 66. They also report a KABC IQ of 62 for the sampe sample."
ERI9164,9164.0,ERI,Eritrea,38.1.1,6.0,,2.0,orphans,5.0,5.0,17.0,11.0,8.7,450.0,0.2,RPM,SPM,SPM,full,1.0,1.0,1990.0,1979.0,11.0,1.0,0.8333333333333334,1.0,0.0,0.0,20.6,20.6,68.98045816,-2.3100000000000094,0.0,0.0,0.0,1.0,66.67045815999998,66.0,-0.6704581599999813,0.6704581599999813,0.6777777777777777,304.99999999999994,Wolff & Fessada (1999),"Wolff, P. H., & Fesseha, G. (1999). The orphans of Eritrea: A five-year follow-up study. Journal of Child Psychology & Psychiatry, 40, 1231-1237.",Y,Reestimation incl. orphans (missestimation possible),"Wolff & Fesseha (1999) report an SPM score of 20.7 for 9 year olds orphans, giving a British IQ of 66. They also report a KABC IQ of 62 for the sampe sample."
ERI7578,7578.0,ERI,Eritrea,38.1.2,1.0,,2.0,orphans,5.0,5.0,7.0,5.7,14.0,74.0,0.1,RPM,CPM,CPM,full,1.0,1.0,1995.0,2007.0,12.0,1.0,0.8333333333333334,1.0,0.0,0.0,13.3,13.3,85.42573120000002,2.5200000000000102,0.0,0.0,0.0,1.0,87.94573120000003,85.0,-2.9457312000000258,2.9457312000000258,0.6444444444444445,47.68888888888889,Wolff et al. (1995),"Wolff, P. H., Tesfai, B., Egasso, H., & Aradom, T. (1995). The orphans of Eritrea: A comparison study. Journal of Child Psychology and Psychiatry, 36, 633-644.",Y,refugee sample excluded (non representative),
EST3594,3594.0,EST,Estonia,39.1.4,1.0,,2.0,normal,1.0,16.0,19.0,17.5,25.200000000000003,1390.0,0.2,RPM,SPM,APM,full,1.0,1.0,2001.0,1992.0,9.0,1.0,1.0,1.0,1.0,1.0,52.67714285714286,20.46775481334572,104.93565424119586,-1.8900000000000077,0.0,0.0,0.0,0.6666666666666666,103.04565424119585,,,,0.6222222222222222,864.8888888888889,"Pullmann, Allik & Lynn (2004)","Pullmann, H. Allik, J., & Lynn, R. (2004). The growth of IQ among Estonian schoolchildren from ages 7 to 19. Journal of Biosocial Science, 36, 735-740.",Y,"Also reported in Lynn et al. (2002) and Lynn, Pullmann & Allik (2003)",
EST8199,8199.0,EST,Estonia,39.1.4,1.0,,2.0,normal,1.0,7.0,15.5,11.25,31.450000000000003,3484.0,0.2,RPM,SPM,SPM,full,1.0,1.0,2001.0,1979.0,22.0,1.0,0.6666666666666666,1.0,1.0,0.0,38.849999999999994,38.849999999999994,102.46173084023945,-4.620000000000019,0.0,0.0,0.0,1.0,97.84173084023944,,,,0.6222222222222222,2167.822222222222,"Pullmann, Allik & Lynn (2004)","Pullmann, H. Allik, J., & Lynn, R. (2004). The growth of IQ among Estonian schoolchildren from ages 7 to 19. Journal of Biosocial Science, 36, 735-740.",Y,"Also reported in Lynn et al. (2002) and Lynn, Pullmann & Allik (2003)",
ETH1789,1789.0,ETH,Ethiopia,40.1.6,1.0,,2.0,normal,1.0,8.0,15.0,7.88,10.02,236.0,0.3,RPM,CPM,CPM,full,1.0,1.0,2002.0,2007.0,5.0,1.0,1.0,1.0,0.0,0.0,16.86,16.86,70.9862881352,1.0500000000000043,0.0,0.0,0.0,1.0,72.03628813520001,68.0,-4.03628813520001,4.03628813520001,0.7666666666666666,180.9333333333333,Dendir (2013),"Dendir, S. (2013). Children's endowment, schooling, and work in Ethiopia. WIDER Working Paper, No. 2013/086. Information Center for Economics.  ",Y,,Dendir (2013) reports results for a survey of children aged 8 tested with the CPM in 2002. The sample obtained a score of 16 equivalent to an IQ of 65 on the British 2007 standardization. Add 2.5 for the Flynn effect raises the IQ to 67.5 rounded up to 68. 
ETH4617,4617.0,ETH,Ethiopia,40.1.2,5.0,Israel,2.0,immigrants,3.0,13.0,16.0,14.7,3.1999999999999993,250.0,0.2,RPM,SPM,SPM,full,1.0,1.0,1991.0,1979.0,12.0,1.0,0.8333333333333334,1.0,0.0,0.0,27.0,27.0,69.7824,-2.5200000000000102,0.0,0.0,0.0,1.0,67.26239999999999,65.0,-2.2623999999999853,2.2623999999999853,0.6777777777777777,169.44444444444443,"Kaniel, S., & Fisherman, S. (1991); Lynn (1994)","Kaniel, S., & Fisherman, S. (1991). Level of performance and distribution of errors in the Progressive Matrices test: a comparison of Ethiopian immigrant and native Israeli adolescents. International Journal of Psychology, 26, 25-33; Lynn, R. (1994). The intelligence of Ethiopian immigrant and Israeli adolescents. International Journal of Psychology, 29, 55–56.",Y,Lynn (1994) is a correction of Kaniel & Fisherman (1991),
ETH8118,8118.0,ETH,Ethiopia,40.1.1,5.0,Israel,2.0,immigrants; students (pre),3.0,14.0,16.0,15.0,2.8999999999999986,46.0,0.2,RPM,SPM,SPM,full,1.0,1.0,1998.0,1979.0,19.0,1.0,0.8333333333333334,1.0,0.0,0.0,28.41,28.41,74.5862112526,-3.990000000000016,0.0,0.0,0.0,1.0,70.59621125259997,69.0,-1.5962112525999714,1.5962112525999714,0.6777777777777777,31.177777777777774,Kozulin (1998),"Kozulin, A. (1998). Proﬁles of immigrant students’ cognitive performance on Raven’s Progressive Matrices. Perceptual and Motor Skills, 87, 1311-1314.",Y,,
ETH2457,2457.0,ETH,Ethiopia,40.1.3,1.0,,2.0,control,1.0,,,9.91,7.989999999999998,77.0,0.2,RPM,SPM,SPM,full,1.0,1.0,2010.0,1979.0,31.0,1.0,0.6666666666666666,1.0,0.0,0.0,12.88,12.88,66.17096875520001,-6.090000000000025,0.0,0.0,0.0,1.0,60.08096875519998,66.0,5.919031244800017,5.919031244800017,0.6222222222222222,47.91111111111111,Poppe (2012),"Poppe, R. (2012). Essays in Development Economics. Inauguraldissertation zur Erlangung des akademischen Grades eines Doktors der Wirtschaftswissenschaften. University of Mannheim.",Y,,"Poppe (2012) reports a study of 2000 children aged 7-13 in grades 2-4 of elementary school tested in 2010 with the first 25 problems of the SPM. The sample obtained an average score of 12.7 corresponding to a score of 17 on the complete test (SPM manual, 1998 edition, Table SPM2). This is at the 5th percentile of the British 1979 standardization and an IQ of 75. Deduct 9 for the Flynn effect gives this sample an IQ of 66. "
ETH5167,5167.0,ETH,Ethiopia,40.1.3,1.0,,2.0,experimental,1.0,,,9.96,7.939999999999998,69.0,0.2,RPM,SPM,SPM,full,1.0,1.0,2010.0,1979.0,31.0,1.0,0.6666666666666666,1.0,0.0,0.0,12.61,12.61,65.6995802696,-6.090000000000025,0.0,0.0,1.0,1.0,60.0,66.0,6.0,6.0,0.6222222222222222,42.93333333333334,Poppe (2012),"Poppe, R. (2012). Essays in Development Economics. Inauguraldissertation zur Erlangung des akademischen Grades eines Doktors der Wirtschaftswissenschaften. University of Mannheim.",Y,,"Poppe (2012) reports a study of 2000 children aged 7-13 in grades 2-4 of elementary school tested in 2010 with the first 25 problems of the SPM. The sample obtained an average score of 12.7 corresponding to a score of 17 on the complete test (SPM manual, 1998 edition, Table SPM2). This is at the 5th percentile of the British 1979 standardization and an IQ of 75. Deduct 9 for the Flynn effect gives this sample an IQ of 66. "
ETH1142,1142.0,ETH,Ethiopia,40.1.8,5.0,Israel,2.0,immigrants,3.0,6.0,7.5,6.75,11.149999999999999,29.0,0.1,RPM,CPM,CPM,full,1.0,1.0,1998.0,2007.0,9.0,1.0,1.0,1.0,0.0,0.0,15.65,15.65,81.4953222,1.8900000000000077,0.0,0.0,0.0,1.0,83.38532220000002,86.0,2.6146777999999813,2.6146777999999813,0.7000000000000001,20.3,Tzuriel & Kaufman (1999),"Tzuriel, D., & Kaufman, R. (1999). Mediated learning and cognitive modifiability. Dynamic assessment of young Ethiopian immigrant children to Israel. Journal of Cross Cultural Psychology, 30, 359-380.",Y,,
FIN7261,7261.0,FIN,Finland,42.1.1,1.0,,2.0,normal,1.0,,,7.0,35.5,759.0,0.2,RPM,SPM,SPM,full,1.0,1.0,1970.0,1979.0,9.0,1.0,1.0,1.0,1.0,0.0,17.15,17.15,97.67450328333332,1.890000000000005,0.0,0.0,0.0,1.0,99.56450328333332,98.0,-1.5645032833333232,1.5645032833333232,0.7333333333333334,556.6,Cronbach & Drenth (1972),"Kyöstiö, O. K. (1972). Divergence among school beginners caused by different cultural influences. In Cronbach, L. J., & Drenth, P. J. (Eds) (1972). Mental Tests and Cultural Adaptation. The Hague: Mouton.",Y,,
FIN4144,4144.0,FIN,Finland,,3.0,Kuopio,2.0,normal,1.0,6.0,8.0,7.6,34.9,403.0,0.2,RPM,CPM,CPM,full,1.0,1.0,2008.0,2007.0,1.0,1.0,1.0,1.0,0.0,0.0,24.1,24.1,94.22794260000002,-0.21000000000000085,0.0,0.0,0.0,1.0,94.01794260000003,,,,0.7333333333333334,295.53333333333336,Haapala et al. (2015),"Haapala, E. A., Lintu, N., Väistö, J., Robinson, L.E., Viitasalo, A., Lindi, V., & Lakka, T. A. (2015). Associations of physical performance and adiposity with cognition in children. Medicine & Science in Sports & Exercise, 47, 2166-2174.",Y,"The sample was taken from the PANIC-Study, which was conducted between 2007 and 2009 (2008) according to Eloranta et al. (2012).",
FIN5106,5106.0,FIN,Finland,42.1.3,1.0,,2.0,normal,1.0,16.0,92.0,54.0,11.5,657.0,0.3,WIS,WAIS-IV,WAIS-IV,full,2.0,1.0,2014.0,2008.0,6.0,2.0,0.6666666666666666,0.0,0.0,0.0,,,103.0,0.0,-2.5,0.0,0.0,0.3333333333333333,100.5,101.0,0.5,0.5,0.4333333333333333,284.7,"Dutton, te Nijenhuis & Roivainen (2014)","Dutton, E., te Nijenhuis, J., & Roivainen, E. (2014). Solving the puzzle of why Finns have the highest IQ, but one of the lowest number of Nobel prizes in Europe. Intelligence, 46, 192-202.",Y,,"Dutton, te Nijenhuis & Roivainen (2014) ) report data for the Matrix Reasoning test in the Finland standardization sample of the WAIS-IV, scored on American norms, on which the Finns obtained an IQ of 103. Deduct 2 gives a British  IQ of 101. "
GMB4458,4458.0,GMB,"Gambia, The",44.1.1,4.0,,2.0,control,5.0,18.0,20.0,19.5,1.5,739.0,0.2,RPM,SPM,APM,full,1.0,1.0,2011.5,1992.0,19.5,1.0,0.8333333333333334,1.0,0.0,1.0,14.5,-1.040207642563857,49.31646147179272,-3.3600000000000136,0.0,0.0,1.0,0.6666666666666666,60.0,60.0,0.0,0.0,0.5666666666666668,418.76666666666677,Alderman et al. (2014),"Alderman, H., Hawkesworth, S., Lundberg, M., Tasneem, A., Mark, H., & Moore, S. E. (2014). Supplemental feeding during pregnancy compared with maternal supplementation during lactation does not affect schooling and cognitive development through late adolescence. American Journal of Clinical Nutrition, 99, 122-129.",Y,,"Alderman et al. (2014) administered sets A, B and C of the SPM to a sample aged 16-22 (average 19.5 years). They report average scores of 15.5 for males and 13.5 for females corresponding to a score of 18.5 on the complete scale. This is at the 5th percentile of 10-year-olds in Britain, and well below the first perceptile for teenagers and young adults. The sample has been assigned an IQ of 60."
GMB8521,8521.0,GMB,"Gambia, The",44.1.1,4.0,,2.0,nutritional intervention,5.0,18.0,20.0,19.6,1.3999999999999986,711.0,0.2,RPM,SPM,APM,full,1.0,1.0,2011.5,1992.0,19.5,1.0,0.8333333333333334,1.0,0.0,1.0,14.65,-0.9365564072156545,49.67520005921435,-3.3600000000000136,0.0,0.0,1.0,0.6666666666666666,60.0,60.0,0.0,0.0,0.5666666666666668,402.9000000000001,Alderman et al. (2014),"Alderman, H., Hawkesworth, S., Lundberg, M., Tasneem, A., Mark, H., & Moore, S. E. (2014). Supplemental feeding during pregnancy compared with maternal supplementation during lactation does not affect schooling and cognitive development through late adolescence. American Journal of Clinical Nutrition, 99, 122-129.",Y,,"Alderman et al. (2014) administered sets A, B and C of the SPM to a sample aged 16-22 (average 19.5 years). They report average scores of 15.5 for males and 13.5 for females corresponding to a score of 18.5 on the complete scale. This is at the 5th percentile of 10-year-olds in Britain, and well below the first perceptile for teenagers and young adults. The sample has been assigned an IQ of 60."
GMB5362,5362.0,GMB,"Gambia, The",44.1.2,4.0,Mandika,2.0,normal,3.0,14.0,19.0,16.98,4.02,144.0,0.4,RPM,CPM,APM,full,1.0,1.0,2006.0,1992.0,14.0,1.0,0.8333333333333334,1.0,0.0,1.0,8.34,-0.5871704419964416,48.94657107161407,-2.940000000000012,0.0,0.0,1.0,0.6666666666666666,60.0,60.0,0.0,0.0,0.6333333333333333,91.19999999999999,Jukes & Grigorenko (2010),"Jukes, M. C. H., & Grigorenko, E. L. (2010). Assessment of cognitive abilities in multiethnic countries: The case of the Wolof and Mandinka in Gambia. British Journal of Educational Psychology, 80, 77-98.",Y,,
GMB6388,6388.0,GMB,"Gambia, The",44.1.2,4.0,Wolof,2.0,normal,3.0,14.0,19.0,17.9,3.1000000000000014,418.0,0.4,RPM,CPM,APM,full,1.0,1.0,2006.0,1992.0,14.0,1.0,0.8333333333333334,1.0,0.0,1.0,9.29,1.564259480407248,58.5079666753044,-2.940000000000012,0.0,0.0,1.0,0.6666666666666666,60.0,60.0,0.0,0.0,0.6333333333333333,264.73333333333335,Jukes & Grigorenko (2010),"Jukes, M. C. H., & Grigorenko, E. L. (2010). Assessment of cognitive abilities in multiethnic countries: The case of the Wolof and Mandinka in Gambia. British Journal of Educational Psychology, 80, 77-98.",Y,,
GMB4394,4394.0,GMB,"Gambia, The",44.1.3,4.0,,2.0,placebo,5.0,15.0,19.0,17.7,3.3000000000000007,288.0,0.2,RPM,CPM,APM,full,1.0,1.0,2001.0,1992.0,9.0,1.0,1.0,1.0,0.0,1.0,9.02,0.9395970913224403,56.50222829820393,-1.8900000000000077,0.0,0.0,1.0,0.6666666666666666,60.0,64.0,4.0,4.0,0.6222222222222222,179.2,Jukes et al. (2006),"Jukes, M. C. H., Pinder, M., Grigorenko, E. L., Smith, H. B., Walraven, G., & Bariau, E. M. (2006). Long-term impact of malaria chemoprophylaxis on cognitive abilities and educational attainment: Follow-up of a controlled trial. PLoS Clinical Trials, 19, 1-8.",Y,,
GMB6696,6696.0,GMB,"Gambia, The",44.1.3,4.0,,2.0,Prophylaxis,5.0,15.0,19.0,17.7,3.3000000000000007,291.0,0.2,RPM,CPM,APM,full,1.0,1.0,2001.0,1992.0,9.0,1.0,1.0,1.0,0.0,1.0,9.06,1.031293455699842,56.8598198493402,-1.8900000000000077,0.0,0.0,1.0,0.6666666666666666,60.0,64.0,4.0,4.0,0.6222222222222222,181.06666666666666,Jukes et al. (2006),"Jukes, M. C. H., Pinder, M., Grigorenko, E. L., Smith, H. B., Walraven, G., & Bariau, E. M. (2006). Long-term impact of malaria chemoprophylaxis on cognitive abilities and educational attainment: Follow-up of a controlled trial. PLoS Clinical Trials, 19, 1-8.",Y,,
PSE2854,2854.0,PSE,Gaza Strip,101.1.2,1.0,,2.0,normal,1.0,5.5,11.6,8.507692307692308,8.692307692307692,1258.0,0.4,RPM,CPM,CPM,full,1.0,2.0,2011.0,2007.0,4.0,1.0,1.0,1.0,1.0,0.0,18.384615384615383,22.384615384615383,86.01729230769234,-0.21000000000000085,0.0,0.0,0.0,0.6666666666666666,85.80729230769234,85.0,-0.807292307692336,0.807292307692336,0.6888888888888888,866.622222222222,Bakhiet & Lynn (2014c),"Bakhiet, S. F. A., & Lynn, R. (2014c). A study of the IQ in Palestine. Intelligence, 47, 10-11.",Y,"second sub-sample group tested (underestimation possible), thus +4 raw scores",We also reported an IQ of 83.3 for Palestine derived from the 2009 PISA study of 15 year olds. We can now add two studies of an IQ for Palestine estimated from an intelligence test. The first gives results for  a sample of  6.0 to 11.5 year old children tested with the CPM in 2011. The sample obtained a British IQ of 85. 
PSE5248,5248.0,PSE,Gaza Strip,101.1.2,1.0,,2.0,normal,1.0,6.0,11.6,8.942857142857143,8.257142857142856,257.0,0.4,RPM,CPM,CPM,full,1.0,1.0,2011.0,2007.0,4.0,1.0,1.0,1.0,1.0,0.0,24.428571428571427,24.428571428571427,88.35998571428571,-0.21000000000000085,0.0,0.0,0.0,1.0,88.14998571428572,85.0,-3.1499857142857195,3.1499857142857195,0.7999999999999999,205.6,Bakhiet & Lynn (2014c),"Bakhiet, S. F. A., & Lynn, R. (2014c). A study of the IQ in Palestine. Intelligence, 47, 10-11.",Y,"second sub-sample group tested (underestimation possible), thus +4 raw scores",We also reported an IQ of 83.3 for Palestine derived from the 2009 PISA study of 15 year olds. We can now add two studies of an IQ for Palestine estimated from an intelligence test. The first gives results for  a sample of  6.0 to 11.5 year old children tested with the CPM in 2011. The sample obtained a British IQ of 85. 
PSE1534,1534.0,PSE,Gaza Strip,101.1.1,1.0,,2.0,government school,1.0,8.0,15.0,11.5,5.699999999999999,2067.0,0.2,RPM,SPM,SPM,full,1.0,2.0,2012.5,1979.0,33.5,1.0,0.6666666666666666,1.0,1.0,0.0,23.11875,23.11875,76.06416242218751,-6.090000000000025,0.0,0.0,0.0,1.0,69.97416242218748,68.0,-1.9741624221874758,1.9741624221874758,0.6222222222222222,1286.1333333333334,Bakhiet & Lynn (2015c),"Bakhiet, S. F. A., & Lynn, R.  (2015c). Norms for the Standard Progressive Matrices in the Gaza Strip. Mankind Quarterly, 56, 87-95. ",Y,,The second gives results for a sample of  8 to 18 year old children in the Gaza Strip tested with the SPM in 2012-13. The sample obtained a British IQ of 68. The explanation for the lowe IQ of this sample is that living conditions in the Gaza Strip are worse than hose in the West Bank.
PSE7831,7831.0,PSE,Gaza Strip,101.1.1,1.0,,2.0,government school,1.0,16.0,18.0,17.0,0.1999999999999993,2464.0,0.2,RPM,SPM,APM,full,1.0,1.0,2012.5,1992.0,20.5,1.0,0.6666666666666666,1.0,1.0,1.0,38.64285285225489,7.396116055178233,78.9493365905633,-3.3600000000000136,0.0,0.0,0.0,0.6666666666666666,75.58933659056329,68.0,-7.589336590563292,7.589336590563292,0.5111111111111111,1259.3777777777777,Bakhiet & Lynn (2015c),"Bakhiet, S. F. A., & Lynn, R.  (2015c). Norms for the Standard Progressive Matrices in the Gaza Strip. Mankind Quarterly, 56, 87-95. ",Y,,The second gives results for a sample of  8 to 18 year old children in the Gaza Strip tested with the SPM in 2012-13. The sample obtained a British IQ of 68. The explanation for the lowe IQ of this sample is that living conditions in the Gaza Strip are worse than hose in the West Bank.
PSE8495,8495.0,PSE,Gaza Strip,101.1.3,5.0,Israel,2.0,normal,1.0,6.0,16.0,11.0,6.199999999999999,639.0,0.4,WIS,WISC-R,WISC-R,full,2.0,1.0,1981.0,1976.0,5.0,9.0,0.6666666666666666,0.0,1.0,0.0,,,86.01818181818182,-2.9,-5.4,0.0,0.0,0.3333333333333333,77.7181818181818,86.0,8.281818181818196,8.281818181818196,0.4666666666666666,298.2,Lieblich & Kugelmas (1981),"Lieblich, A., & Kugelmas, S. (1981). Patterns of intellectual ability of Arab school children in Israel. Intelligence, 5, 311-320.",Y,,"In our previous compilation, an IQ of 86 for Palestine was estimated from a study of the intelligence of Arab school children in Israel by Lieblich & Kugelmas (1981) on the grounds that these could be expected to have approximately the same IQ as Arab children in Palestine."
DEU1788,1788.0,DEU,Germany,,1.0,,2.0,normal,1.0,6.0,16.0,11.0,36.1,126.0,0.2,WIS,WISC-IV,WISC-IV,full,2.0,1.0,2006.0,2006.0,0.0,3.0,0.6666666666666666,0.0,0.0,0.0,,,100.48,0.0,-1.2,0.0,0.0,0.3333333333333333,99.28,,,,0.39999999999999997,50.4,Grob et al. (2008),"Grob, A., Petermann, F., Lipsius, M, Costan-Dorigan, J., Petermann, U., & Daseking, M. (2008). Differences in Swiss and German children’s intelligence as measured by the HAWIK-1V. Swiss Journal of Psychology, 67, 113-118.",Y,,
DEU3018,3018.0,DEU,Germany,,2.0,Brandenburg; Berlin,2.0,normal,3.0,14.0,23.0,18.5,28.6,345.0,0.2,RPM,SPM,APM,full,1.0,1.0,1993.0,1992.0,1.0,1.0,1.0,0.0,0.0,1.0,52.535,20.26014785881374,101.29523157613733,-0.21000000000000085,0.0,0.0,0.0,0.6666666666666666,101.08523157613732,,,,0.6222222222222222,214.66666666666666,Janssen & Geiser (2012),"Janssen, A. B., & Geiser, Ch. (2012). Cross-Cultural Differences in Spatial Abilities and Solution Strategies-- An Investigation in Cambodia and Germany. Journal of Cross-Cultural Psychology, 43, 533.",Y,,
DEU6390,6390.0,DEU,Germany,,2.0,Ruhr-Area,2.0,right-handed; healthy,3.0,45.0,94.0,67.69,20.589999999999996,81.0,0.0,RPM,SPM,APM,full,1.0,1.0,2011.0,1992.0,19.0,1.0,0.8333333333333334,1.0,0.0,1.0,41.550000000000004,9.16712635875001,90.97787553886097,-3.3600000000000136,0.0,0.0,0.0,0.6666666666666666,87.61787553886096,,,,0.5,40.5,Kalisch et al. (2012),"Kalisch, T., Kattenstroth, J.-Ch., Kowalewski, R., Tegenthoff, M., & Dinse, H. R. (2012). Cognitive and Tactile Factors Affecting Human Haptic Performance in Later Life. PLoS ONE, 7, e30420.",Y,,
DEU1378,1378.0,DEU,Germany,,3.0,Bremen,2.0,control,5.0,,,6.283333333333334,40.81666666666667,52.0,0.0,WIS,WPPSI-III,WPPSI-III,full,2.0,1.0,2011.0,2011.0,0.0,3.0,0.6666666666666666,0.0,0.0,0.0,,,104.08,0.0,-1.2,0.0,0.0,0.3333333333333333,102.88,,,,0.3333333333333333,17.333333333333332,Korsch et al. (2013),"Korsch, F., Petermann, U., Schmidt, S., & Petermann, F. (2013). Kognitive, sprachliche, motorische und sozial-emotionale Defizite bei verhaltensauffälligen Schulanfängern. Prax. Kinderpsychol. Kinderpsychiat, 62, 405-419.",Y,,
DEU7126,7126.0,DEU,Germany,45.1.1,1.0,,2.0,normal,1.0,10.0,15.0,10.0,37.1,192.0,0.2,RPM,SPM,SPM,full,1.0,1.0,1988.0,1979.0,9.0,1.0,1.0,1.0,1.0,0.0,46.254000000000005,46.254000000000005,106.93477582573999,-1.8900000000000077,0.0,0.0,0.0,1.0,105.04477582573998,,,,0.7333333333333334,140.8,Kratzmeier & Horn (1988),"Kratzmeier, H., & Horn, R. (1988). SPM - Standard Progressiv matrices. Weinheim: Belz Test Gesellschaft.",Y,Samples from best performed regions (overestimation possible),
DEU4523,4523.0,DEU,Germany,,6.0,,3.0,high school,5.0,21.0,50.0,36.5978102189781,10.502189781021904,137.0,0.1,WIS,WAIS-IV,WAIS-IV,full,2.0,1.0,2015.0,2012.0,3.0,3.0,0.6666666666666666,0.0,0.0,0.0,,,104.095,0.0,-1.2,0.0,0.0,0.3333333333333333,102.895,,,,0.36666666666666664,50.23333333333333,Lepach et al. (2015),"Lepach, A. C., Reimers, W., Pauls, F., Petermann, F., & Daseking, M. (2015). Geschlechtseffekte bei Intelligenz und Gedächtnisleistungen. Zeitschrift für Neuropsychologie, 26, 5-16.",Y,High educated sample (overestimation possible),
DEU1978,1978.0,DEU,Germany,,1.0,,2.0,normal,2.0,20.0,75.0,35.0,12.100000000000001,646.0,0.3,RPM,APM,APM,Set-II,1.0,1.0,1997.0,1992.0,5.0,1.0,0.6666666666666666,1.0,1.0,0.0,23.75,23.75,105.69194999999999,-1.0500000000000043,0.0,0.0,0.0,1.0,104.64194999999998,,,,0.6555555555555556,423.4888888888889,"Raven, Raven & Court (1998)","Raven, J., Raven, J. C., & Court, H. C. (1998). Manual for Raven's Progressive Matrices
and Vocabulary Scales. Oxford: Infomration Press.",Y,Without age grouo <20 (no exact age given),
DEU2018,2018.0,DEU,Germany,45.1.2,1.0,,2.0,normal,1.0,13.0,18.0,15.5,31.6,1563.0,0.2,RPM,SPM+,SPM+,full,1.0,1.0,1998.5,2007.0,8.5,1.0,1.0,1.0,1.0,0.0,36.22666666666667,36.22666666666667,101.37185405867001,1.6800000000000068,0.0,0.0,0.0,1.0,103.05185405867002,,,,0.7333333333333334,1146.2,"Raven, Raven & Court (1999)","Raven, J. C., Raven, J., & Court, J. H. (1999). Raven's Progressive Matrices und Vocabulary Scales. Magdeburg: Swets Test Service.",Y,"Raven, Raven & Court (1999) named ""SPM"" in all tables but the chapter is about the SPM+ in Germany; scores did not fit to SPM but to SPM+",
DEU6886,6886.0,DEU,Germany,45.1.6,3.0,,2.0,normal,1.0,4.0,10.5,7.25,39.85,1126.0,0.2,RPM,CPM,CPM,full,1.0,1.0,1998.0,2007.0,9.0,1.0,1.0,1.0,1.0,0.0,24.785714285714285,24.785714285714285,104.10383571428572,1.8900000000000077,0.0,0.0,0.0,1.0,105.99383571428572,,,,0.7333333333333334,825.7333333333333,"Raven, Raven & Court (2006)","Raven, J. C., Raven, J., & Court, J. H. (2006). Manual für Raven's Progressive Matrices and Vocabulary Scales. Frankfurt: Harcourt Test Service.",Y,,
DEU4339,4339.0,DEU,Germany,45.1.11,1.0,,2.0,normal,1.0,6.0,16.0,11.0,36.1,990.0,0.2,WIS,WISC-III,WISC-III,full,2.0,1.0,1997.0,1989.0,8.0,2.0,0.6666666666666666,0.0,1.0,0.0,,,102.0,-2.719999999999999,-2.5,0.0,0.0,0.3333333333333333,96.78,99.0,2.219999999999999,2.219999999999999,0.39999999999999997,395.99999999999994,Georgas et al. (2003),"Georgas, J., Weiss, L. G., van der Vijver, F., & Saklofske, D. H. (Eds) (2003). Culture and Children’s Intelligence. Amsterdam: Academic Press.",Y,,
DEU3866,3866.0,DEU,Germany,,1.0,,2.0,normal,1.0,6.0,16.0,11.0,36.1,1650.0,0.2,WIS,WISC-IV,WISC-IV,full,2.0,1.0,2010.0,2006.0,4.0,3.0,0.6666666666666666,0.0,0.0,0.0,,,100.005,-1.2000000000000028,-1.2,0.0,0.0,0.3333333333333333,97.60499999999999,,,,0.39999999999999997,660.0,Goldbeck et al. (2010),"Goldbeck, L., Daseking, M., Hellwig-Brida, S., Waldmann, H. C., & Petermann, F. (2010). Sex Differences on the German Wechsler Intelligence Test for Children (WISC-IV). Journal of Individual Differences, 31, 22-28.",Y,,
GHA7539,7539.0,GHA,Ghana,,2.0,Greater Accra,2.0,normal,3.0,6.5,11.5,8.5,12.600000000000001,734.0,0.3,RPM,CPM,CPM,full,1.0,1.0,2014.0,2007.0,7.0,1.0,1.0,1.0,1.0,0.0,15.5,15.5,65.050945,-0.21000000000000085,0.0,0.0,0.0,1.0,64.840945,65.0,0.15905499999999506,0.15905499999999506,0.7666666666666666,562.7333333333332,Anum (2014),"Anum, A. (2014). A Standardisation study of the Raven’s Coloured Progressive Matrices in Ghana. Ife PsychologIA, 22, 27-35.",Y,"Sample contains urban (53%) and rural (47%) scores, CIA (2017) gives urbanization of 55.3%, scores not adjusted",
GHA9826,9826.0,GHA,Ghana,46.1.1,3.0,Accra; Kumasi; Takoradi; Cape Coast,2.0,normal,1.0,15.0,65.0,35.0,13.899999999999999,257.0,0.3,RPM,SPM,APM,full,1.0,1.0,2009.5,1992.0,17.5,1.0,0.8333333333333334,1.0,0.0,1.0,35.604,5.883080966052482,69.08329398140427,-3.3600000000000136,0.0,0.0,0.0,0.6666666666666666,65.72329398140425,68.0,2.276706018595746,2.276706018595746,0.6,154.2,Aslam & Lehrer (2014),"Aslam, M., & Lehrer, K. (2014). Learning by Doing: Skills and Jobs in Urban Ghana. The Journal of Development Studies, 50, 1119-1134.",Y,"59.34% of correct answers used as equivalent to 35.60 SPM-raw-scores, converted to 7 APM-raw-scors",Aslam & Lehrer (2014) report SPM data stating that the sample got 59.34% of answers correct. They do not give the mean score. We calculate that this would give the sample a British IQ of 68. 
GHA6878,6878.0,GHA,Ghana,46.1.5,1.0,,2.0,normal,3.0,12.0,18.0,15.0,6.100000000000001,1736.0,0.4,RPM,CPM,SPM,full,1.0,1.0,1990.0,1979.0,11.0,1.0,0.8333333333333334,1.0,0.0,1.0,18.66,18.077804654399998,61.48455182941452,-2.3100000000000094,0.0,0.0,1.0,0.6666666666666666,60.0,62.0,2.0,2.0,0.6333333333333333,1099.4666666666667,Glewwe & Jacoby (1992),"Glewwe, P., & Jaccoby, H. (1992).  Estimating the Determinants of Cognitive Achievement in Low Income Countries. Washington, DC: World Bank.",Y,,
GHA2805,2805.0,GHA,Ghana,46.1.6,1.0,,2.0,normal,1.0,9.0,18.0,13.1,8.000000000000002,1563.0,0.4,RPM,CPM,SPM,full,1.0,1.0,1988.5,1979.0,9.5,1.0,1.0,1.0,0.0,1.0,17.65,17.024653474999997,63.23924235710345,-2.1000000000000085,0.0,0.0,0.0,0.6666666666666666,61.13924235710344,67.0,5.860757642896559,5.860757642896559,0.6888888888888888,1076.7333333333331,Heady (2003),"Heady, C. (2003). The effect of child labor on learning achievement. World Development, 31, 385-398.",Y,,
GRC2595,2595.0,GRC,Greece,47.1.1,3.0,Thessaloniki,2.0,normal,3.0,0.0,14.0,11.75,32.75,403.0,0.2,WIS,WISC,WISC,full,2.0,1.0,1963.0,1949.0,14.0,2.0,0.5,0.0,1.0,0.0,,,89.79353146853148,-4.76,-2.5,0.0,0.0,0.3333333333333333,82.53353146853148,88.0,5.4664685314685215,5.4664685314685215,0.3444444444444444,138.81111111111107,Fatouros (1972),"Fatouros, M. (1972). The influence of maturation and education on the development of mental abilities In Cronbach, L. J., & Drenth, P. J. (Eds) (1972). Mental Tests and Cultural Adaptation. The Hague: Mouton.",Y,,
GRC3724,3724.0,GRC,Greece,47.1.2,1.0,,2.0,normal,1.0,6.0,16.0,9.56,34.94,956.0,0.2,WIS,WISC-III,WISC-III,full,2.0,1.0,1995.0,1989.0,6.0,2.0,0.6666666666666666,0.0,1.0,0.0,,,94.5,-2.039999999999999,-2.5,0.0,0.0,0.3333333333333333,89.96000000000001,92.0,2.039999999999992,2.039999999999992,0.39999999999999997,382.4,Georgas et al. (2003),"Georgas, J., Weiss, L. G., van der Vijver, F., & Saklofske, D. H. (Eds) (2003). Culture and Children’s Intelligence. Amsterdam: Academic Press.",Y,,
GRL6745,6745.0,GRL,Greenland,,3.0,Thule,2.0,Inuit; Mercury exposed,1.0,6.2,12.0,8.4,25.5,40.0,0.0,WIS,WISC-R,WISC-R,Block Designs,2.0,1.0,1995.0,1972.0,23.0,2.0,0.0,1.0,0.0,0.0,18.9,11.0,105.0,-7.819999999999997,-2.5,0.0,0.0,0.6666666666666666,94.68,,,,0.2222222222222222,8.88888888888889,Weihe et al. (2002),"Weihe, P., Hansen, J. C., Murata, K., Debes, F., Jørgensen, P. J., Steuerwald, U., White, R. F., & Grandjean, Ph. (2002). Neurobehavioral performance of Inuit children with increased prenatal exposure to Methylmercury. International Journal of Circumpolar Health, 61, 41-49.",Y,"Scores for Digit Span and Block Designs from the WISC-R were reported. It was decided to use the score for Block Designs only, since Digit Span is more related to brain damaged, wich might be prevalent in the tested Mercury exposed children. The reported mean score is 18.9 for BD. According to the WISC-R norms from 1972 in the USA, this score would be equivalent to a scaled score of 11 and an IQ of 105. 7.82 scores have to be subtracted for FLynn-Effect and 2.50 because the norms are from the US. Therefore, the final IQ would be 94.68, relatively high but in the range (78-96) of those reported by Lynn in 2006.",
GTM3532,3532.0,GTM,Guatemala,49.1.3,4.0,Eastern Guatemala,2.0,normal,5.0,6.0,11.0,8.63,13.47,577.0,0.3,RPM,CPM,CPM,full,1.0,1.0,2006.5,2007.0,0.5,1.0,1.0,1.0,0.0,0.0,18.43,18.43,69.2516196421,0.0,0.0,0.0,0.0,1.0,69.2516196421,70.0,0.7483803579000039,0.7483803579000039,0.7666666666666666,442.3666666666666,Calderon & Hoddinott (2010),"Calderon, M. C., & Hoddinott, J. (2010). The inter-generational transmission of cognitive abilities in Guatemala. International Food Policy Research Institute.",Y,,Calderon & Hoddinott (2010) report a CPM score of 18.4 for children aged 5-12 obtained in 2006-7. The mean age is not given and is assumed to be 8.5. This is equivalent to the 19th percentile the British 2007 stanadardisation and an IQ of 70. The mothers of the children obtained an SPM A+B+C.score of 16.17 equivalent to a score of 18.17 on the full test. This is below the first percentile on the  British 1992 stanadardisation and the American 1993 stanadardisation. The sample is assigned an IQ of 60. 
GTM5932,5932.0,GTM,Guatemala,49.1.3,4.0,Eastern Guatemala,2.0,mothers,5.0,3.0,4.0,35.36,13.259999999999998,116.0,0.1,RPM,SPM,APM,full,1.0,1.0,2006.5,1992.0,14.5,1.0,0.8333333333333334,1.0,1.0,1.0,16.17,0.03794158223760391,49.13039488258563,-3.150000000000013,0.0,0.0,1.0,0.6666666666666666,60.0,70.0,10.0,10.0,0.5333333333333333,61.86666666666667,Calderon & Hoddinott (2010),"Calderon, M. C., & Hoddinott, J. (2010). The inter-generational transmission of cognitive abilities in Guatemala. International Food Policy Research Institute.",Y,,Calderon & Hoddinott (2010) report a CPM score of 18.4 for children aged 5-12 obtained in 2006-7. The mean age is not given and is assumed to be 8.5. This is equivalent to the 19th percentile the British 2007 stanadardisation and an IQ of 70. The mothers of the children obtained an SPM A+B+C.score of 16.17 equivalent to a score of 18.17 on the full test. This is below the first percentile on the  British 1992 stanadardisation and the American 1993 stanadardisation. The sample is assigned an IQ of 60. 
GTM7637,7637.0,GTM,Guatemala,,1.0,,2.0,normal,3.0,35.0,41.0,38.0,15.899999999999999,521.0,0.3,RPM,SPM,APM,"Set-A,B,C",1.0,1.0,2003.0,1992.0,11.0,1.0,0.5,1.0,0.0,1.0,16.8,0.4075346176666983,52.45503163497102,-2.3100000000000094,0.0,0.0,1.0,0.6666666666666666,60.0,,,,0.48888888888888893,254.71111111111114,Stein et al. (2005),"Stein, A. D., Behrman, J. R., DiGirolamo, A., Grajeda, R., Martorell, R., Quisumbing, A., & Ramakrishnan, U. (2005). Schooling, educational achievement, and cognitive functioning among young Guatemalan adults. Food and Nutrition Bulletin, 26, 46-54.",Y,,
GTM8224,8224.0,GTM,Guatemala,,1.0,,2.0,normal,3.0,26.0,34.0,30.0,7.899999999999999,948.0,0.4,RPM,SPM,APM,"Set-A,B,C",1.0,1.0,2003.0,1992.0,11.0,1.0,0.5,1.0,0.0,1.0,18.4,1.2806419186094047,55.99057270070882,-2.3100000000000094,0.0,0.0,1.0,0.6666666666666666,60.0,,,,0.5222222222222223,495.0666666666667,Stein et al. (2005),"Stein, A. D., Behrman, J. R., DiGirolamo, A., Grajeda, R., Martorell, R., Quisumbing, A., & Ramakrishnan, U. (2005). Schooling, educational achievement, and cognitive functioning among young Guatemalan adults. Food and Nutrition Bulletin, 26, 46-54.",Y,,
GTM4094,4094.0,GTM,Guatemala,49.1.1,1.0,,2.0,partly malnourished,3.0,11.0,22.0,17.0,5.100000000000001,1754.0,0.2,RPM,SPM,APM,full,1.0,1.0,1988.5,1992.0,3.5,1.0,1.0,1.0,0.0,1.0,11.26,-3.7306296653790127,32.662722763839184,0.6300000000000026,0.0,0.0,1.0,0.6666666666666666,60.0,60.0,0.0,0.0,0.6222222222222222,1091.3777777777777,Choudhury & Gorman (1999),"Choudhury, N., & Gorman, K. (1999). The relationship between reaction time and psychometric intelligence in a rural Guatemalan adolescent population. International Journal of Psychology, 34, 209-217.",Y,"raw scores for A+B+C are 11.26, equivalent to full scale of 12.5 converted to APM raw scores","Choudhury & Gorman (1999) report a study of 1,754 17 year olds from a rural area of 5 years of education in 1988 with sets A, B and C of the SPM. The sample obtained a score of 11.3, equivalent to 12.3 on the full scale (Raven’s 1998 SPM manual Table (p. SPM69) gives the score on the full scale relative to the scores on the subscales). The Guatemalan result is well below the 1st percentile of 15 year olds on the 1979 British standardization. The sample is assigned an IQ of 60. "
GTM5164,5164.0,GTM,Guatemala,49.1.2,1.0,,2.0,educated,1.0,28.0,36.0,32.0,9.899999999999999,948.0,0.2,RPM,SPM,APM,full,1.0,1.0,2003.0,1992.0,11.0,1.0,0.8333333333333334,1.0,1.0,1.0,18.324683544303802,1.2043205464381472,55.4155043247354,-2.3100000000000094,0.0,0.0,1.0,0.6666666666666666,60.0,60.0,0.0,0.0,0.5666666666666668,537.2,Martorell et al. (2005),"Martorell, R., Behrman, J. R., Grajeda, R., & Hoddinott, J. (2005). The human capital 2002–04 study in Guatemala: A follow-up to the INCAP longitudinal study 1969–77. Food & Nutrition Bulletin, 26, 1-120.",Y,,"Martorell et al. (2005) report a study of 1448 adults aged 26-41 tested in 2003 with sets A, B and C of the SPM. The authors write: “We administered only three of the five scales (A-C, 12 items each), as our pilot data suggested that respondents would be unlikely to be able to progress beyond the third scale.” (p.  s48). The score for males is 19.4, corresponding to about 24 on the full scale, and the score for females is 16.3, corresponding to 19.3 on the full scale (Raven’s 1998 SPM manual Table SPM69) gives the score on the full scale relative to the scores on the subscales). The Guatemalan result is well below the 1st percentile of the 1992 British standardization. The sample is assigned an IQ of 60."
GTM6150,6150.0,GTM,Guatemala,49.1.2,1.0,,2.0,educated,1.0,35.0,41.0,38.0,15.899999999999999,521.0,0.1,RPM,SPM,APM,full,1.0,1.0,2003.0,1992.0,11.0,1.0,0.8333333333333334,1.0,1.0,1.0,16.647792706333973,0.24551376305537786,51.84766649857263,-2.3100000000000094,0.0,0.0,1.0,0.6666666666666666,60.0,60.0,0.0,0.0,0.5333333333333333,277.8666666666667,Martorell et al. (2005),"Martorell, R., Behrman, J. R., Grajeda, R., & Hoddinott, J. (2005). The human capital 2002–04 study in Guatemala: A follow-up to the INCAP longitudinal study 1969–77. Food & Nutrition Bulletin, 26, 1-120.",Y,,"Martorell et al. (2005) report a study of 1448 adults aged 26-41 tested in 2003 with sets A, B and C of the SPM. The authors write: “We administered only three of the five scales (A-C, 12 items each), as our pilot data suggested that respondents would be unlikely to be able to progress beyond the third scale.” (p.  s48). The score for males is 19.4, corresponding to about 24 on the full scale, and the score for females is 16.3, corresponding to 19.3 on the full scale (Raven’s 1998 SPM manual Table SPM69) gives the score on the full scale relative to the scores on the subscales). The Guatemalan result is well below the 1st percentile of the 1992 British standardization. The sample is assigned an IQ of 60."
HTI5439,5439.0,HTI,Haiti,,1.0,,2.0,normal,1.0,,,10.0,13.0,54.0,0.3,RPM,CPM,CPM,full,1.0,1.0,1981.0,1947.0,34.0,1.0,0.6666666666666666,1.0,0.0,0.0,55.0,15.4825,52.377984835554685,-7.140000000000006,0.0,0.0,1.0,0.6666666666666666,60.0,64.0,4.0,4.0,0.5444444444444444,29.4,Cotten (1985),"Cotten, J. (1985). Evaluation Research on the PL 480 Title II School Feeding Program in Haiti. Port-au-Prince: USAID/Haiti. ",Y,The RF.VN score has the advantage of being relatively accurate and uniformly measured across all program and central children. The raw score is a simple tabulation of a nuw~er of correct answers out of a possible 36. The score used in analysis is a percentage of the mean score obtained by children of a given age in a reference population. The raw score of the survey child is divided by that of the reference child of the same age to derive the percentage.,
HTI7223,7223.0,HTI,Haiti,,4.0,Leogane,2.0,normal,3.0,6.0,6.0,6.0,17.0,133.0,0.3,RPM,SPM,SPM,full,1.0,1.0,1974.0,1979.0,5.0,1.0,1.0,1.0,0.0,0.0,15.015338345864661,15.015338345864661,95.79724383496759,1.0500000000000043,0.0,0.0,0.0,1.0,96.8472438349676,,,,0.7666666666666666,101.96666666666665,de Ronceray & Petit-Frere (1975),"de Ronceray, H., & Petit-Frere, S. (1975). Project experimentale sur le bilinguisme Creole-Francais au niveau de l’enseignement primaire en Haiti. Bulletin d’Informations du CHISS, 4, 2-25.",Y,,
HKG2179,2179.0,HKG,Hong Kong,52.1.1,1.0,,2.0,normal,3.0,9.5,11.5,10.5,33.9,1000.0,0.2,RPM,SPM,SPM,full,1.0,1.0,1982.0,1979.0,3.0,1.0,1.0,1.0,0.0,0.0,43.0,43.0,109.62459999999999,-0.6300000000000026,0.0,0.0,0.0,1.0,108.99459999999999,109.0,0.005400000000008731,0.005400000000008731,0.7333333333333334,733.3333333333334,Chan & Vernon (1988),"Chan, J., & Vernon, P. E. (1988). Individual differences among the peoples of China. In Irvine, S. H., & Berry, J. W. (Eds) (1988). Human Abilities in Cultural Context. Cambridge, UK: Cambridge University Press.",Y,,
HKG2012,2012.0,HKG,Hong Kong,52.1.2,1.0,,2.0,normal,1.0,9.0,10.0,9.53,34.87,479.0,0.2,RPM,SPM,SPM,full,1.0,1.0,1991.0,1979.0,12.0,1.0,0.8333333333333334,1.0,0.0,0.0,47.0,47.0,125.85789999999999,-2.5200000000000102,0.0,0.0,0.0,1.0,123.33789999999998,122.0,-1.3378999999999763,1.3378999999999763,0.6777777777777777,324.6555555555555,"Chan, Eysenck & Lynn (1991)","Chan, J., Eysenck, H. J., & Lynn, R. (1991). Reaction time and intelligence among Hong Kong children. Perceptual and Motor Skills, 72, 427-433.",Y,,
HKG3435,3435.0,HKG,Hong Kong,52.1.5,1.0,,2.0,normal,1.0,15.0,18.0,16.5,27.9,1497.0,0.2,RPM,APM,APM,full,1.0,1.0,2003.0,1992.0,11.0,1.0,0.8333333333333334,1.0,1.0,0.0,22.06125,22.06125,111.38740574099063,-2.3100000000000094,0.0,0.0,0.0,1.0,109.07740574099063,120.0,10.922594259009372,10.922594259009372,0.6777777777777777,1014.6333333333332,Lynn & Chan (2003) ,"Lynn, R., & Chan, P. W. (2003). Sex differences on the Progressive Matrices: some data from Hong Kong. Journal of Biosocial Science, 35, 145-154.",Y,,
HKG1292,1292.0,HKG,Hong Kong,52.1.6,1.0,,2.0,normal,3.0,0.0,10.0,9.6,34.8,376.0,0.2,CFT,CFT,CFT,full,1.0,1.0,1982.0,1972.0,10.0,2.0,0.5,0.0,0.0,0.0,,,113.0,-5.199999999999996,-2.5,0.0,0.0,0.3333333333333333,105.30000000000001,104.0,-1.3000000000000114,1.3000000000000114,0.3444444444444444,129.5111111111111,"Lynn, Hampson & Lee (1988)","Lynn, R., Hampson, S., & Lee, M. (1988). The intelligence of Chinese children in Hong Kong. School Psychology International, 9, 29-32.",Y,,
HKG2327,2327.0,HKG,Hong Kong,52.1.3,1.0,,2.0,normal,1.0,6.5,13.5,10.0,34.4,13822.0,0.2,RPM,SPM,SPM,full,1.0,1.0,1968.0,1979.0,11.0,1.0,0.8333333333333334,1.0,1.0,0.0,34.333333333333336,34.333333333333336,101.14748733333334,2.310000000000005,0.0,0.0,0.0,1.0,103.45748733333335,103.0,-0.4574873333333471,0.4574873333333471,0.6777777777777777,9368.244444444443,"Lynn, Pagliari & Chan (1988)","Lynn, R., Pagliari, C., & Chan, J. (1988). Intelligence in Hong Kong measured for Spearman's g and the visuospatial and verbal primaries. Intelligence, 12, 423-433.",Y,,
HKG5631,5631.0,HKG,Hong Kong,52.1.3,1.0,,2.0,normal,1.0,,,10.5,33.9,197.0,0.2,RPM,SPM,SPM,full,1.0,1.0,1987.0,1979.0,8.0,1.0,1.0,1.0,0.0,0.0,,,105.23,-1.6800000000000068,0.0,0.0,0.0,0.3333333333333333,103.55,108.0,4.450000000000003,4.450000000000003,0.5111111111111111,100.68888888888888,"Lynn, Pagliari & Chan (1988)","Lynn, R., Pagliari, C., & Chan, J. (1988). Intelligence in Hong Kong measured for Spearman's g and the visuospatial and verbal primaries. Intelligence, 12, 423-433.",Y,"Results for a third sample were reported as GBR%, with 71.48 for boys and and 68.44 for girls, averaged to 69.96, equivalent to an uncor. IQ of 105.23.",
HKG6221,6221.0,HKG,Hong Kong,52.1.3,1.0,,2.0,normal,1.0,6.5,15.5,11.0,33.4,4500.0,0.2,RPM,SPM,SPM,full,1.0,1.0,1982.0,1979.0,3.0,1.0,1.0,1.0,1.0,0.0,41.473684210526315,41.473684210526315,110.69506000000001,-0.6300000000000026,0.0,0.0,0.0,1.0,110.06506000000002,110.0,-0.06506000000001677,0.06506000000001677,0.7333333333333334,3300.0000000000005,"Lynn, Pagliari & Chan (1988)","Lynn, R., Pagliari, C., & Chan, J. (1988). Intelligence in Hong Kong measured for Spearman's g and the visuospatial and verbal primaries. Intelligence, 12, 423-433.",Y,,
HKG8204,8204.0,HKG,Hong Kong,52.1.4,1.0,,2.0,high school,3.0,14.0,16.0,16.25,28.15,150.0,0.0,RPM,SPM,APM,full,1.0,1.0,1986.0,1992.0,6.0,1.0,1.0,1.0,0.0,1.0,55.63,25.060598861789998,117.46041282100452,1.2600000000000051,0.0,0.0,0.0,0.6666666666666666,118.72041282100453,108.0,-10.72041282100453,10.72041282100453,0.5555555555555555,83.33333333333331,"Poon, Yu & Chan (1986)","Poon, P. W. F., Yu, W. Y., & Chan, J. W. C. (1986). Correlation between auditory reaction time and intelligence. Perceptual & Motor Skills, 63, 375-378.",Y,,Poon et al. (1986) report an SPM score of 55.6 for a sample of 150 school students with a mean age of 16.25 years. The score is at the 70th percentile for 18 year olds on the British 1992 norms and a British  IQ of 108.  No Flynn adjustment is made because Raven scores did not rise in Britain in the 16 year age group after 1979.
HUN9083,9083.0,HUN,Hungary,53.1.1,1.0,,2.0,liable for military service,2.0,18.0,18.0,18.0,24.299999999999997,7588.0,0.0,RPM,SPM+,SPM+,full,1.0,1.0,1998.0,2007.0,9.0,1.0,1.0,1.0,0.0,0.0,37.0,37.0,97.47707999999999,1.8900000000000077,0.0,0.0,0.0,1.0,99.36707999999999,95.0,-4.367079999999987,4.367079999999987,0.6666666666666666,5058.666666666666,Raven & Raven (2008),"Dobrean, A., Raven, J., Comşa, M., Rusu, C., & Balazsi, R. (2008). Romanian standardization of Raven’s Standard Progressive Matrices Plus. In: Raven, J., & Raven, J. C. (Eds) (2008). Uses and Abuses of Intelligence. Unionville, NY: Royal Fireworks Press.",Y,,
ISL1249,1249.0,ISL,Iceland,54.1.1,1.0,,2.0,normal,1.0,16.0,16.0,16.0,20.5,31.0,0.2,RPM,SPM,APM,full,1.0,1.0,2000.0,1992.0,8.0,1.0,1.0,1.0,0.0,1.0,48.8,15.552999040000003,101.10370777330266,-1.6800000000000068,0.0,0.0,0.0,0.6666666666666666,99.42370777330265,101.0,1.5762922266973476,1.5762922266973476,0.6222222222222222,19.288888888888888,"Pind, Gunnarsdóttir & Jóhannesson (2003)","Pind, J., Gunnarsdóttir, E. K., & Jóhannesson, H. S. (2003). Raven’s Standard Progressive Matrices: new school age norms and a study of the test’s validity. Personality and Individual Differences, 34, 375-386.",Y,,
ISL2755,2755.0,ISL,Iceland,54.1.1,1.0,,2.0,normal,1.0,6.0,15.0,11.0,25.5,519.0,0.2,RPM,SPM,SPM,full,1.0,1.0,2000.0,1979.0,21.0,1.0,0.6666666666666666,1.0,1.0,0.0,39.35263157894737,39.35263157894737,104.97285803368422,-4.410000000000018,0.0,0.0,0.0,1.0,100.5628580336842,101.0,0.4371419663158065,0.4371419663158065,0.6222222222222222,322.93333333333334,"Pind, Gunnarsdóttir & Jóhannesson (2003)","Pind, J., Gunnarsdóttir, E. K., & Jóhannesson, H. S. (2003). Raven’s Standard Progressive Matrices: new school age norms and a study of the test’s validity. Personality and Individual Differences, 34, 375-386.",Y,,
IND1520,1520.0,IND,India,55.1.25,3.0,Bhagalpur,2.0,outbred,5.0,9.0,12.0,10.5,17.4,390.0,0.1,WIS,WISC-R,WISC-R,full,2.0,1.0,1988.0,1974.0,14.0,2.0,0.5,0.0,0.0,0.0,,,92.3,-4.759999999999998,-2.5,0.0,0.0,0.3333333333333333,85.03999999999999,79.0,-6.039999999999992,6.039999999999992,0.3111111111111111,121.33333333333333,Afzal (1988),"Afzal, M. (1988). Consequences of consanguinity on cognitive behavior. Behavior Genetics, 18, 583-594.",Y,outbreds only,
IND2894,2894.0,IND,India,55.1.25,4.0,Bhagalpur,2.0,outbred,5.0,9.0,12.0,10.5,17.4,358.0,0.1,WIS,WISC-R,WISC-R,full,2.0,1.0,1988.0,1974.0,14.0,2.0,0.5,0.0,0.0,0.0,,,77.2,-4.759999999999998,-2.5,0.0,0.0,0.3333333333333333,69.94,79.0,9.060000000000002,9.060000000000002,0.3111111111111111,111.37777777777778,Afzal (1988),"Afzal, M. (1988). Consequences of consanguinity on cognitive behavior. Behavior Genetics, 18, 583-594.",Y,outbreds only,
IND7900,7900.0,IND,India,55.1.1,3.0,Jaipur,2.0,Muslim non-inbred,5.0,13.0,15.0,13.7,14.2,100.0,0.1,RPM,SPM,SPM,full,1.0,1.0,1984.0,1979.0,5.0,1.0,1.0,1.0,0.0,0.0,33.75,33.75,79.0720828125,-1.0500000000000043,0.0,0.0,0.0,1.0,78.0220828125,78.0,-0.022082812500002547,0.022082812500002547,0.7000000000000001,70.0,"Agrawal, Sinha & Jensen (1984)","Agrawal, N., Sinha, S. N., & Jensen, A. R. (1984). Effects of inbreeding on Raven matrices. Behavior Genetics, 14, 579-585.",Y,Reestimation with inbreeds (common in muslims); sample is muslim (underestimation passible),
IND3106,3106.0,IND,India,55.1.6,4.0,Rohtak Block,2.0,normal,3.0,25.0,60.0,37.47,9.57,300.0,0.4,RPM,SPM,APM,full,1.0,1.0,1968.5,1992.0,23.5,1.0,0.6666666666666666,1.0,0.0,1.0,28.7,3.2619837100000026,62.21790628662024,4.830000000000016,0.0,0.0,0.0,0.6666666666666666,67.04790628662026,88.0,20.95209371337974,20.95209371337974,0.5777777777777778,173.33333333333334,Singh & Ray (1980),"Singh, S., & Ray, J. J. (1980). Modernization and development among Indian farmers: a modern proof of some old theories. Economic Development & Cultural Change, 28, 509-521.",Y,,"Singh & Ray (1980) report SPM data for 300 relatively wealthy farmers from Haryana cultivating at least 20 acres who had kept written records of their sales for the last 5 years with a mean age 37 years and mean of 6.26 years of formal schooling. The study appears to have been done in 1968 or 1969. The sample obtained a score 28.7. This is at the 22nd percentile of the British norms for about 1965 given by Raven, Court & Raven (1977, Table SPM XV, p.31)  and is equivalent to a British IQ of 88."
IND6146,6146.0,IND,India,55.1.21,4.0,Calcut destrict,2.0,no reading difficulties,1.0,8.0,12.0,10.61,17.29,1072.0,0.1,RPM,CPM,CPM,full,1.0,1.0,2002.0,2007.0,5.0,1.0,1.0,1.0,0.0,0.0,19.6,19.6,64.0447759999999,1.0500000000000043,0.0,0.0,0.0,1.0,65.09477599999991,65.0,-0.09477599999991071,0.09477599999991071,0.7000000000000001,750.4000000000001,"Bhakta, Hackett & Hackett (2002)","Bhakta, P., Hackett, R. J., & Hackett, L. (2002). Prevalence and associations of reading difficulties in a population of South Indian children. Journal of Research in Reading, 25, 191-202.",Y,reestimation without sample of individuals with reading difficulties (non-representative),"Bhakta et al. (2002) report a study of school children in Kerala screened for reading difficulties. With an 8.2 prevalence of reading difficulties, the CPM scores in Table 4 give a weighted average of 19.1. Mean age is 10.6 years. This is at the 6th percentile, IQ = 76 on the British 1982 norms, and 0.5th percentile, IQ = 61, on the 2007 norms. This gives a time-weighted average IQ of 65."
IND6600,6600.0,IND,India,55.1.8,3.0,Pune,2.0,school girls (Q3 plasma zinc; Q3 RBC zinc),5.0,10.0,14.0,12.1,15.799999999999999,100.75,0.1,RPM,SPM,SPM,full,1.0,1.0,2004.0,1979.0,25.0,1.0,0.6666666666666666,1.0,0.0,0.0,34.0,34.0,84.95849999999999,-5.250000000000021,0.0,0.0,0.0,1.0,79.70849999999996,76.0,-3.708499999999958,3.708499999999958,0.5888888888888889,59.330555555555556,Chiplonkar & Kawade (2014),"Chiplonkar, S. A., & Kawade, R. (2014). Linkages of biomarkers of zinc with cognitive performance and taste acuity in adolescent girls. International Journal of Food Science  & Nutrition, 65, 399-415.",Y,,"Chiplonkar & Kawade (2014) report SPM results on the Bombay scale, given as percentiles, for 403 school girls in Pune. Raw scores are about 20 age 10, 25 age 11, 32 age 12, 35 age 13, and 38 age 14. With British 1979 norms and Flynn effect adjustments, IQs are 67, 72, 78, 81 and 84, average 76.4."
IND6609,6609.0,IND,India,55.1.8,3.0,Pune,2.0,school girls (Q4 plasma zinc; Q4 RBC zinc),5.0,10.0,14.0,12.1,15.799999999999999,100.75,0.1,RPM,SPM,SPM,full,1.0,1.0,2004.0,1979.0,25.0,1.0,0.6666666666666666,1.0,0.0,0.0,37.5,37.5,91.76311249999998,-5.250000000000021,0.0,0.0,0.0,1.0,86.51311249999995,76.0,-10.513112499999949,10.513112499999949,0.5888888888888889,59.330555555555556,Chiplonkar & Kawade (2014),"Chiplonkar, S. A., & Kawade, R. (2014). Linkages of biomarkers of zinc with cognitive performance and taste acuity in adolescent girls. International Journal of Food Science  & Nutrition, 65, 399-415.",Y,,"Chiplonkar & Kawade (2014) report SPM results on the Bombay scale, given as percentiles, for 403 school girls in Pune. Raw scores are about 20 age 10, 25 age 11, 32 age 12, 35 age 13, and 38 age 14. With British 1979 norms and Flynn effect adjustments, IQs are 67, 72, 78, 81 and 84, average 76.4."
IND7491,7491.0,IND,India,55.1.8,3.0,Pune,2.0,school girls (Q2 plasma zinc; Q2 RBC zinc),5.0,10.0,14.0,12.1,15.799999999999999,100.75,0.1,RPM,SPM,SPM,full,1.0,1.0,2004.0,1979.0,25.0,1.0,0.6666666666666666,1.0,0.0,0.0,29.5,29.5,77.4841125,-5.250000000000021,0.0,0.0,0.0,1.0,72.23411249999998,76.0,3.7658875000000194,3.7658875000000194,0.5888888888888889,59.330555555555556,Chiplonkar & Kawade (2014),"Chiplonkar, S. A., & Kawade, R. (2014). Linkages of biomarkers of zinc with cognitive performance and taste acuity in adolescent girls. International Journal of Food Science  & Nutrition, 65, 399-415.",Y,,"Chiplonkar & Kawade (2014) report SPM results on the Bombay scale, given as percentiles, for 403 school girls in Pune. Raw scores are about 20 age 10, 25 age 11, 32 age 12, 35 age 13, and 38 age 14. With British 1979 norms and Flynn effect adjustments, IQs are 67, 72, 78, 81 and 84, average 76.4."
IND7911,7911.0,IND,India,55.1.8,3.0,Pune,2.0,school girls (Q1 plasma zinc; Q1 RBC zinc),5.0,10.0,14.0,12.1,15.799999999999999,100.75,0.1,RPM,SPM,SPM,full,1.0,1.0,2004.0,1979.0,25.0,1.0,0.6666666666666666,1.0,0.0,0.0,23.5,23.5,70.01306249999999,-5.250000000000021,0.0,0.0,0.0,1.0,64.76306249999996,76.0,11.236937500000039,11.236937500000039,0.5888888888888889,59.330555555555556,Chiplonkar & Kawade (2014),"Chiplonkar, S. A., & Kawade, R. (2014). Linkages of biomarkers of zinc with cognitive performance and taste acuity in adolescent girls. International Journal of Food Science  & Nutrition, 65, 399-415.",Y,,"Chiplonkar & Kawade (2014) report SPM results on the Bombay scale, given as percentiles, for 403 school girls in Pune. Raw scores are about 20 age 10, 25 age 11, 32 age 12, 35 age 13, and 38 age 14. With British 1979 norms and Flynn effect adjustments, IQs are 67, 72, 78, 81 and 84, average 76.4."
IND3811,3811.0,IND,India,55.1.22,1.0,,2.0,"government aided (""G"")",3.0,12.0,15.0,13.603333333333333,14.296666666666665,252.0,0.1,RPM,SPM,SPM,full,1.0,1.0,1994.0,1979.0,15.0,1.0,0.8333333333333334,1.0,0.0,0.0,25.4,25.4,68.5866688,-3.150000000000013,0.0,0.0,0.0,1.0,65.43666879999998,77.0,11.563331200000022,11.563331200000022,0.6444444444444445,162.4,Gandhi-Kingdon (1996),"Gandhi-Kingdon, G. (1996). The quality and efficiency of private and public education: A case-study of urban India. Oxford Bulettin of Economics and Statistics, 58, 57-82.",Y,PUA consists of rich families (overestimation possible),"Gandhi Kingdon ( 1996) reports an SPM score of 30.53 for a sample in urban Lucknow in UP with average age of 13.7 years, equivalent to the 6.5th percentile on the British 1979 norms and a British  IQ of 77.  No Flynn adjustment is made because Raven scores did not rise in Britain in the 13 year age group after 1979."
IND5899,5899.0,IND,India,55.1.22,1.0,,2.0,"private unaided (""PUA"")",3.0,12.0,15.0,13.6925,14.207499999999998,360.0,0.1,RPM,SPM,SPM,full,1.0,1.0,1994.0,1979.0,15.0,1.0,0.8333333333333334,1.0,0.0,0.0,36.03,36.03,81.5451231854,-3.150000000000013,0.0,0.0,0.0,1.0,78.3951231854,77.0,-1.3951231853999957,1.3951231853999957,0.6444444444444445,232.00000000000003,Gandhi-Kingdon (1996),"Gandhi-Kingdon, G. (1996). The quality and efficiency of private and public education: A case-study of urban India. Oxford Bulettin of Economics and Statistics, 58, 57-82.",Y,PUA consists of rich families (overestimation possible),"Gandhi Kingdon ( 1996) reports an SPM score of 30.53 for a sample in urban Lucknow in UP with average age of 13.7 years, equivalent to the 6.5th percentile on the British 1979 norms and a British  IQ of 77.  No Flynn adjustment is made because Raven scores did not rise in Britain in the 13 year age group after 1979."
IND9908,9908.0,IND,India,55.1.22,1.0,,2.0,"private aided (""PA"")",3.0,12.0,15.0,13.707500000000001,14.192499999999997,290.0,0.1,RPM,SPM,SPM,full,1.0,1.0,1994.0,1979.0,15.0,1.0,0.8333333333333334,1.0,0.0,0.0,28.15,28.15,71.227732175,-3.150000000000013,0.0,0.0,0.0,1.0,68.077732175,77.0,8.922267825000006,8.922267825000006,0.6444444444444445,186.8888888888889,Gandhi-Kingdon (1996),"Gandhi-Kingdon, G. (1996). The quality and efficiency of private and public education: A case-study of urban India. Oxford Bulettin of Economics and Statistics, 58, 57-82.",Y,PUA consists of rich families (overestimation possible),"Gandhi Kingdon ( 1996) reports an SPM score of 30.53 for a sample in urban Lucknow in UP with average age of 13.7 years, equivalent to the 6.5th percentile on the British 1979 norms and a British  IQ of 77.  No Flynn adjustment is made because Raven scores did not rise in Britain in the 13 year age group after 1979."
IND7193,7193.0,IND,India,,2.0,"Purulia district, West Bengal",2.0,healthy,4.0,5.0,12.0,8.5,19.4,838.0,0.1,RPM,CPM,CPM,full,1.0,1.0,2010.0,2007.0,3.0,1.0,1.0,1.0,1.0,0.0,13.0,13.0,58.513975,-0.21000000000000085,0.0,0.0,1.0,1.0,60.0,,,,0.7000000000000001,586.6,Chowdhury & Ghosh (2010),"Chowdhury, S. D., & Ghosh, T. (2010). Nutritional and socioeconomic status in cognitive development of Santal children of Purulia district, India. Annals of Human Biology, 38, 188-193.",Y,Scores were taken from fig. 1 for different age-groups,
IND2222,2222.0,IND,India,55.1.23,4.0,"Calicut District, Kerala State",2.0,epilepsi,3.0,8.0,12.0,10.7,17.2,26.0,0.1,RPM,CPM,CPM,full,1.0,1.0,1998.0,2007.0,9.0,1.0,1.0,1.0,0.0,0.0,18.5,18.5,58.297237499999994,1.8900000000000077,0.0,0.0,0.0,1.0,60.1872375,74.0,13.812762499999998,13.812762499999998,0.7000000000000001,18.200000000000003,"Hackett, Hackett & Bhakakta (1998)","Hackett, R., Hackett, L., & Bhakakta, P. (1998). Psychiatric disorder and cognitive function in children with epilepsy in Kerala, South India. Seizure, 7, 321-324.",Y,,"Hackett et al (1998) report a study of 1192 children average age 10.5 screened for epilepsy in Kerala, obtaining a CPM score of 18.5. This is at the 6th percentile of the 1982 British standardisation, equivalent to an IQ of 76.7. Deduct 3 for the Flynn effect gives an IQ of 73.7 rounded to 74. "
IND7913,7913.0,IND,India,55.1.23,4.0,"Calicut District, Kerala State",2.0,control,3.0,8.0,12.0,10.5,17.4,1377.0,0.1,RPM,CPM,CPM,full,1.0,1.0,1998.0,2007.0,9.0,1.0,1.0,1.0,0.0,0.0,18.5,18.5,58.297237499999994,1.8900000000000077,0.0,0.0,0.0,1.0,60.1872375,74.0,13.812762499999998,13.812762499999998,0.7000000000000001,963.9000000000001,"Hackett, Hackett & Bhakakta (1998)","Hackett, R., Hackett, L., & Bhakakta, P. (1998). Psychiatric disorder and cognitive function in children with epilepsy in Kerala, South India. Seizure, 7, 321-324.",Y,,"Hackett et al (1998) report a study of 1192 children average age 10.5 screened for epilepsy in Kerala, obtaining a CPM score of 18.5. This is at the 6th percentile of the 1982 British standardisation, equivalent to an IQ of 76.7. Deduct 3 for the Flynn effect gives an IQ of 73.7 rounded to 74. "
IND7029,7029.0,IND,India,55.1.24,2.0,,2.0,control,5.0,6.0,12.0,10.4,17.5,39.0,0.1,RPM,CPM,CPM,full,1.0,1.0,1993.0,2007.0,14.0,1.0,0.8333333333333334,1.0,0.0,0.0,24.1,24.1,79.60179350000004,2.940000000000012,0.0,0.0,0.0,1.0,82.54179350000005,84.0,1.458206499999946,1.458206499999946,0.6444444444444445,25.133333333333336,Jyothi et al. (1993),"Jyothi, K., Susheela, S., Kodaqli, V. R., Balakrishnan, S., & Seshaiah, V. (1993). Poor cognitive performance of insulin-dependent biabetic children in India. Diabetes Research & Clinical Preactice, 20, 209-213.",Y,reestimation without diabetics (overestimation possible),"Jyothia et al. (1993) report CPM data for small study from Madras with 39 healthy controls with a mean age of 10.4 years. The sample obtained an average of 24.1. This is about the 20th percentile of the British 1982 norms (IQ = 87, and the 8th percentile of the 2007 norms (IQ = 79) giving a time-weighted average is 84."
IND5642,5642.0,IND,India,55.1.9,3.0,"Pune, Mumbay",2.0,normal,1.0,16.0,18.0,17.0,10.899999999999999,2248.0,0.3,RPM,SPM,APM,full,1.0,1.0,1997.0,1992.0,5.0,1.0,1.0,1.0,1.0,1.0,44.666666666666664,11.531593333333328,89.74931020407878,-1.0500000000000043,0.0,0.0,0.0,0.6666666666666666,88.69931020407878,88.0,-0.6993102040787846,0.6993102040787846,0.6555555555555556,1473.6888888888889,"Raven, Raven & Court (1999)","Raven, J. C., Raven, J., & Court, J. H. (1999). Raven's Progressive Matrices und Vocabulary Scales. Magdeburg: Swets Test Service.",Y,,
IND7068,7068.0,IND,India,55.1.9,3.0,"Pune, Mumbay, Dekhi",2.0,normal,2.0,8.0,15.0,11.5,16.4,8609.0,0.3,RPM,SPM,SPM,full,1.0,1.0,1997.0,1979.0,18.0,1.0,0.8333333333333334,1.0,1.0,0.0,32.0625,32.0625,88.42451937499999,-3.7800000000000153,0.0,0.0,0.0,1.0,84.64451937499997,88.0,3.355480625000027,3.355480625000027,0.7111111111111111,6121.955555555556,"Raven, Raven & Court (1999)","Raven, J. C., Raven, J., & Court, J. H. (1999). Raven's Progressive Matrices und Vocabulary Scales. Magdeburg: Swets Test Service.",Y,,
IND5581,5581.0,IND,India,55.1.10,1.0,,2.0,teachers,3.0,17.0,51.0,27.62,0.2799999999999976,3636.0,0.2,RPM,SPM,APM,full,1.0,1.0,2010.0,1991.0,19.0,1.0,0.8333333333333334,1.0,0.0,1.0,41.89,9.39969837332999,75.5993340205045,-3.5700000000000145,0.0,0.0,0.0,0.6666666666666666,72.02933402050448,79.0,6.9706659794955215,6.9706659794955215,0.5666666666666668,2060.4000000000005,Tooley et al. (2010),"Tooley, J., Dixon, P., Shamsan, Y., & Schagen, I. (2010). The relative quality and cost-effectiveness of private and public schools for low-income families: a case study in a developing country. School Effectiveness and School Improvement: An International Journal of Research, Policy and Practice, 21, 117-144.",Y,,"Tooley et al.  (2010) report an SPM score of 41.89 for 3,636 primary school teachers (mainly young women) in Hyderabad. The score is at the 8th percentile of British 1992 norms, IQ = 79. The study also reports an  IQ of children’s from low-income homes as “pupil normed IQ using Bombay scale 0 to 100” (Table 1.1, page 140). We are not able to estimate a British IQ for this."
IND5987,5987.0,IND,India,55.1.26,3.0,Sri Venkateswara,2.0,university students,3.0,18.0,20.0,19.0,8.899999999999999,140.0,0.2,WIS,WAIS-IV,WAIS-IV,full,2.0,1.0,2015.0,2008.0,7.0,2.0,0.6666666666666666,0.0,1.0,0.0,,,84.66333333333334,0.0,-2.5,0.0,0.0,0.3333333333333333,82.16333333333334,,,,0.39999999999999997,55.99999999999999,Uppu et al. (2015),"Uppu, B., Devi, V., Anitha, N., & Radhika Rani, K. C. (2015). Gender Performance on Intelligence Quotient Test among Medical Students in a Government Medical College. IOSR Journal of Dental and Medical Sciences, 14, 17-21.",Y,,
IDN3562,3562.0,IDN,Indonesia,56.1.2,4.0,Lonjong; Ngampel,2.0,normal,5.0,17.0,20.0,18.5,11.7,25.0,0.3,RPM,CPM,APM,full,1.0,1.0,1980.0,1992.0,12.0,1.0,0.8333333333333334,1.0,0.0,1.0,22.456000000000003,1.1848810741697555,57.48060507366029,2.5200000000000102,0.0,0.0,0.0,0.6666666666666666,60.0006050736603,87.0,26.999394926339697,26.999394926339697,0.6,15.0,"Bleichrodt, Drenth & Querido (1980)","Bleichrodt, N., Drenth, P. J. D., & Querido, A. (1980). Effects of iron deﬁciency on motor and psychomotor abilities. American Journal of Physical Anthropology, 53, 55-67.",Y,,
IDN3951,3951.0,IDN,Indonesia,56.1.2,4.0,Lonjong; Ngampel,2.0,normal,5.0,11.5,15.5,13.5,16.7,64.0,0.3,RPM,CPM,SPM,full,1.0,1.0,1980.0,1979.0,1.0,1.0,1.0,1.0,1.0,1.0,22.883333333333336,23.295838925,69.30454173187893,-0.21000000000000085,0.0,0.0,0.0,0.6666666666666666,69.09454173187893,87.0,17.905458268121066,17.905458268121066,0.6555555555555556,41.955555555555556,"Bleichrodt, Drenth & Querido (1980)","Bleichrodt, N., Drenth, P. J. D., & Querido, A. (1980). Effects of iron deﬁciency on motor and psychomotor abilities. American Journal of Physical Anthropology, 53, 55-67.",Y,,
IDN5973,5973.0,IDN,Indonesia,56.1.2,4.0,Lonjong; Ngampel,2.0,normal,5.0,5.5,9.5,7.5,22.7,74.0,0.2,RPM,CPM,CPM,full,1.0,1.0,1980.0,2007.0,27.0,1.0,0.6666666666666666,1.0,1.0,0.0,18.305741235888295,18.305741235888295,83.18245147595816,5.670000000000023,0.0,0.0,0.0,1.0,88.85245147595819,87.0,-1.8524514759581905,1.8524514759581905,0.6222222222222222,46.044444444444444,"Bleichrodt, Drenth & Querido (1980)","Bleichrodt, N., Drenth, P. J. D., & Querido, A. (1980). Effects of iron deﬁciency on motor and psychomotor abilities. American Journal of Physical Anthropology, 53, 55-67.",Y,,
IDN2459,2459.0,IDN,Indonesia,56.1.3,6.0,,2.0,Mebenda,3.0,6.0,8.0,7.0,23.2,54.0,0.0,RPM,CPM,CPM,full,1.0,1.0,1996.0,2007.0,11.0,1.0,0.8333333333333334,1.0,0.0,0.0,15.5,15.5,77.98920000000001,2.3100000000000094,0.0,0.0,0.0,1.0,80.29920000000001,83.0,2.7007999999999868,2.7007999999999868,0.6111111111111112,33.0,Hadidjaja et al. (1996),"Hadidjaja, P., Mahfudin, H., Ismid, I. S., Bonang, E., Yunandi, R., & Hartana, D. B. (1996). The effect of ascariosis treatment and health education on the cognitive function of primary school children. Medical Journal of Indonesia, 5, 189-194.",Y,,"Hadidjaja et al. (1996) report a CPM score of 16.2 for slum children in Jakarta, age 6-8, giving an IQ of 88 on the British 1982 norms and 74 according to 2007 norms. The time-weighted results are averaged to 83."
IDN5556,5556.0,IDN,Indonesia,56.1.3,6.0,,2.0,health educ.,3.0,6.0,8.0,7.0,23.2,49.0,0.0,RPM,CPM,CPM,full,1.0,1.0,1996.0,2007.0,11.0,1.0,0.8333333333333334,1.0,0.0,0.0,18.0,18.0,83.8902,2.3100000000000094,0.0,0.0,0.0,1.0,86.2002,83.0,-3.2001999999999953,3.2001999999999953,0.6111111111111112,29.944444444444446,Hadidjaja et al. (1996),"Hadidjaja, P., Mahfudin, H., Ismid, I. S., Bonang, E., Yunandi, R., & Hartana, D. B. (1996). The effect of ascariosis treatment and health education on the cognitive function of primary school children. Medical Journal of Indonesia, 5, 189-194.",Y,,"Hadidjaja et al. (1996) report a CPM score of 16.2 for slum children in Jakarta, age 6-8, giving an IQ of 88 on the British 1982 norms and 74 according to 2007 norms. The time-weighted results are averaged to 83."
IDN9607,9607.0,IDN,Indonesia,56.1.3,6.0,,2.0,health educ.; Mebenda,3.0,6.0,8.0,7.0,23.2,48.0,0.0,RPM,CPM,CPM,full,1.0,1.0,1996.0,2007.0,11.0,1.0,0.8333333333333334,1.0,0.0,0.0,18.0,18.0,83.8902,2.3100000000000094,0.0,0.0,0.0,1.0,86.2002,83.0,-3.2001999999999953,3.2001999999999953,0.6111111111111112,29.333333333333336,Hadidjaja et al. (1996),"Hadidjaja, P., Mahfudin, H., Ismid, I. S., Bonang, E., Yunandi, R., & Hartana, D. B. (1996). The effect of ascariosis treatment and health education on the cognitive function of primary school children. Medical Journal of Indonesia, 5, 189-194.",Y,,"Hadidjaja et al. (1996) report a CPM score of 16.2 for slum children in Jakarta, age 6-8, giving an IQ of 88 on the British 1982 norms and 74 according to 2007 norms. The time-weighted results are averaged to 83."
IDN9971,9971.0,IDN,Indonesia,56.1.3,6.0,,2.0,placebo,3.0,6.0,8.0,7.0,23.2,99.0,0.0,RPM,CPM,CPM,full,1.0,1.0,1996.0,2007.0,11.0,1.0,0.8333333333333334,1.0,0.0,0.0,17.0,17.0,81.5154,2.3100000000000094,0.0,0.0,0.0,1.0,83.8254,83.0,-0.8254000000000019,0.8254000000000019,0.6111111111111112,60.50000000000001,Hadidjaja et al. (1996),"Hadidjaja, P., Mahfudin, H., Ismid, I. S., Bonang, E., Yunandi, R., & Hartana, D. B. (1996). The effect of ascariosis treatment and health education on the cognitive function of primary school children. Medical Journal of Indonesia, 5, 189-194.",Y,,"Hadidjaja et al. (1996) report a CPM score of 16.2 for slum children in Jakarta, age 6-8, giving an IQ of 88 on the British 1982 norms and 74 according to 2007 norms. The time-weighted results are averaged to 83."
IDN2772,2772.0,IDN,Indonesia,56.1.4,3.0,,1.0,health educ.,3.0,6.0,8.0,7.0,23.2,72.0,0.0,RPM,CPM,CPM,full,1.0,1.0,1998.0,2007.0,9.0,1.0,1.0,1.0,0.0,0.0,18.0,18.0,83.8902,1.8900000000000077,0.0,0.0,0.0,1.0,85.78020000000001,87.0,1.2197999999999922,1.2197999999999922,0.6666666666666666,48.0,Hadidjaja et al. (1998),"Hadidjaja, P., Bonang, E., Suyardi, A., Abidin, A. N., Ismid, I. S., & Margono, S. S. (1998). The effect of intervention methods on nutritional status and cognitive function of primary school children infected with ascaris lumbricoides. American Journal of Tropical Medicine, 59, 791-795. ",Y,,
IDN6114,6114.0,IDN,Indonesia,56.1.4,3.0,,1.0,egg-negative,3.0,6.0,8.0,7.0,23.2,136.0,0.0,RPM,CPM,CPM,full,1.0,1.0,1998.0,2007.0,9.0,1.0,1.0,1.0,0.0,0.0,16.0,16.0,79.16120000000001,1.8900000000000077,0.0,0.0,0.0,1.0,81.05120000000002,87.0,5.948799999999977,5.948799999999977,0.6666666666666666,90.66666666666666,Hadidjaja et al. (1998),"Hadidjaja, P., Bonang, E., Suyardi, A., Abidin, A. N., Ismid, I. S., & Margono, S. S. (1998). The effect of intervention methods on nutritional status and cognitive function of primary school children infected with ascaris lumbricoides. American Journal of Tropical Medicine, 59, 791-795. ",Y,,
IDN9052,9052.0,IDN,Indonesia,56.1.4,3.0,,1.0,Mebenda,3.0,6.0,8.0,7.0,23.2,62.0,0.0,RPM,CPM,CPM,full,1.0,1.0,1998.0,2007.0,9.0,1.0,1.0,1.0,0.0,0.0,14.0,14.0,74.481,1.8900000000000077,0.0,0.0,0.0,1.0,76.37100000000001,87.0,10.62899999999999,10.62899999999999,0.6666666666666666,41.33333333333333,Hadidjaja et al. (1998),"Hadidjaja, P., Bonang, E., Suyardi, A., Abidin, A. N., Ismid, I. S., & Margono, S. S. (1998). The effect of intervention methods on nutritional status and cognitive function of primary school children infected with ascaris lumbricoides. American Journal of Tropical Medicine, 59, 791-795. ",Y,,
IDN9117,9117.0,IDN,Indonesia,56.1.4,3.0,,1.0,placebo,3.0,6.0,8.0,7.0,23.2,125.0,0.0,RPM,CPM,CPM,full,1.0,1.0,1998.0,2007.0,9.0,1.0,1.0,1.0,0.0,0.0,16.0,16.0,79.16120000000001,1.8900000000000077,0.0,0.0,0.0,1.0,81.05120000000002,87.0,5.948799999999977,5.948799999999977,0.6666666666666666,83.33333333333333,Hadidjaja et al. (1998),"Hadidjaja, P., Bonang, E., Suyardi, A., Abidin, A. N., Ismid, I. S., & Margono, S. S. (1998). The effect of intervention methods on nutritional status and cognitive function of primary school children infected with ascaris lumbricoides. American Journal of Tropical Medicine, 59, 791-795. ",Y,,
IDN9861,9861.0,IDN,Indonesia,56.1.4,3.0,,1.0,health educ.; Mebenda,3.0,6.0,8.0,7.0,23.2,88.0,0.0,RPM,CPM,CPM,full,1.0,1.0,1998.0,2007.0,9.0,1.0,1.0,1.0,0.0,0.0,17.0,17.0,81.5154,1.8900000000000077,0.0,0.0,0.0,1.0,83.40540000000001,87.0,3.5945999999999856,3.5945999999999856,0.6666666666666666,58.666666666666664,Hadidjaja et al. (1998),"Hadidjaja, P., Bonang, E., Suyardi, A., Abidin, A. N., Ismid, I. S., & Margono, S. S. (1998). The effect of intervention methods on nutritional status and cognitive function of primary school children infected with ascaris lumbricoides. American Journal of Tropical Medicine, 59, 791-795. ",Y,,
IDN3746,3746.0,IDN,Indonesia,,1.0,,2.0,normal,1.0,7.0,10.0,8.5,21.7,621.0593,0.2,RPM,CPM,CPM,One set (unknown),1.0,1.0,2000.0,2007.0,7.0,1.0,0.6666666666666666,1.0,1.0,0.0,6.651000000000001,13.379415336107193,61.522289646332496,1.470000000000006,0.0,0.0,0.0,0.6666666666666666,62.9922896463325,,,,0.5111111111111111,317.4303088888889,Heilmann (2013),"Heilmann, S. (2013). Life-chances of children in Indonesia: The links between parental resources and children’s outcomes in the areas of nutrition, cognition and health. A thesis submitted to the Department of Social Policy of the London School of Economics for the degree of Doctor of Philosophy, London, September 2013.",Y,"Only healthy children used, so the total N=1037 is corrected for children not stunned in childhood, when Raven's Test was administered. Table 3 (p82) gives a schare of 47.93+11.96%; only 12 items used but no concrete information -> example is from set A but no notes that A was selected. Right CPM-answeres given in %, therefore FS-score of 36 multiplied with %, than converted to IQ.",
IDN4834,4834.0,IDN,Indonesia,,3.0,Banda Aceh,2.0,tsunami-affected but non-PTSD,3.0,9.0,13.0,11.0,19.2,47.0,0.1,RPM,SPM,SPM,full,1.0,1.0,2009.0,1979.0,30.0,1.0,0.6666666666666666,1.0,0.0,0.0,31.58,31.58,83.67600280312,-6.090000000000025,0.0,0.0,0.0,1.0,77.58600280311998,,,,0.5888888888888889,27.677777777777777,de Neubourg & de Neubourg (2011),"de Neubourg, E., & de Neubourg, Ch. (2011). The Impact of Malnutrition and Post Traumatic Stress Disorder on the Performance of Working Memory in Children. Preliminary draft.",Y,,
IDN5597,5597.0,IDN,Indonesia,56.1.1,4.0,Batuyang,2.0,normal,3.0,17.0,46.0,27.7,2.5,25.0,0.4,RPM,SPM,APM,full,1.0,1.0,2012.0,1992.0,20.0,1.0,0.6666666666666666,1.0,1.0,1.0,35.327999999999996,6.0687858657920035,72.69387633983959,-3.3600000000000136,0.0,0.0,0.0,0.6666666666666666,69.33387633983958,79.0,9.666123660160423,9.666123660160423,0.5777777777777778,14.444444444444446,Rindermann & te Nijenhuis (2012),"Rindermann, H., & te Nijenhuis, J. (2012). Intelligence in Bali – A case study on problems of international IQ comparisons and possibilities to deal with them. Intelligence, 40, 395-400.",Y,,"Rinderman & te Nijenhuis (2012) reported a study of the Standard Progressive Matrices in Bali in which the adult sample obtained a British  IQs of 75 for adults and  the children sample obtained a British  IQs 84, averaged here to 79."
IDN6764,6764.0,IDN,Indonesia,56.1.1,4.0,Batuyang,2.0,normal,3.0,7.0,11.0,9.0,21.2,25.0,0.2,RPM,SPM,SPM,full,1.0,1.0,2012.0,1979.0,33.0,1.0,0.6666666666666666,1.0,1.0,0.0,22.7225,22.7225,89.6482127068725,-6.090000000000025,0.0,0.0,0.0,1.0,83.55821270687247,79.0,-4.558212706872467,4.558212706872467,0.6222222222222222,15.555555555555555,Rindermann & te Nijenhuis (2012),"Rindermann, H., & te Nijenhuis, J. (2012). Intelligence in Bali – A case study on problems of international IQ comparisons and possibilities to deal with them. Intelligence, 40, 395-400.",Y,,"Rinderman & te Nijenhuis (2012) reported a study of the Standard Progressive Matrices in Bali in which the adult sample obtained a British  IQs of 75 for adults and  the children sample obtained a British  IQs 84, averaged here to 79."
IDN4551,4551.0,IDN,Indonesia,,4.0,Gunungpati,1.0,normal,3.0,8.0,13.0,10.455384615384617,19.744615384615383,130.0,0.3,RPM,CPM,CPM,full,1.0,1.0,1989.0,1947.0,42.0,1.0,0.6666666666666666,0.0,0.0,0.0,,,96.529,-8.820000000000013,0.0,0.0,0.0,0.3333333333333333,87.70899999999999,,,,0.4333333333333333,56.33333333333333,Soemantri (1989),"Soemantri, A. G. (1989). Preliminary findings on iron supplementation and learning achievement of rural Indonesian children. American Journal of Clinical Nutrition, 50, 698-702.",Y,"No significant IQ-differences between sampples, therefore combined in one; only Tadministration T1 used",
IDN5252,5252.0,IDN,Indonesia,56.1.5,3.0,Jakarta,2.0,mostly university students,3.0,13.0,61.0,17.27,12.93,583.0,0.1,RPM,SPM,APM,full,1.0,1.0,2015.0,1992.0,23.0,1.0,0.6666666666666666,1.0,0.0,1.0,47.2,13.85891136,94.70707606686716,-3.3600000000000136,0.0,0.0,0.0,0.6666666666666666,91.34707606686715,,,,0.4777777777777777,278.54444444444437,"Suwartono, Amiseso & Handoyo (2017)","Suwartono, Ch., Amiseso, C. P., & Handoyo, R. T. (2017). Uji Reliabilitas dan Validitas Eksternal The Raven’s Standard Progressive Matrices. Humanistas (Jurnal Psikologi Indonesia), 14.",Y,,
IRN1565,1565.0,IRN,Iran,57.1.1,3.0,Teheran,2.0,normal,1.0,16.0,18.0,17.0,13.3,1294.0,0.3,RPM,SPM,APM,full,1.0,1.0,1974.0,1992.0,18.0,1.0,0.8333333333333334,1.0,1.0,1.0,38.11666666666667,7.125209676510011,78.08022922360641,3.7800000000000153,0.0,0.0,0.0,0.6666666666666666,81.86022922360642,80.0,-1.8602292236064244,1.8602292236064244,0.6,776.4,Baraheni (1974),"Baraheni, M. N. (1974). Raven's Progressive Matrices as applied to Iranian children. Educational & Psychological Measurement, 34, 983-988.",Y,,"Baraheni (1974) reported a study of the SPM standardized on 4561 school children in Tehran. Table 1 lists the raw scores for ages 9-18. Using British 1979 norms for age 9-15 and US 1985-86 norms for age 16-18 gives the following British IQs: age 9 IQ = 80, age 10 IQ = 75, age 11 IQ = 75, age 12 IQ = 74, age 13 IQ = 74, age 14 IQ = 73, age 15 IQ = 80, giving a mean of76 for 9-15 year olds. Age 16 IQ = 81, age 17 IQ = 79, age 18 IQ = 80,  assuming an American IQ of 98. With Flynn effect correction of 0.4 a year for cohorts tested before 1979, the original average of 77.1 becomes 80.1, rounded to 80. [9yIQ = 83.79 N=365; 10yIQ = 79.89 N=367; 11yIQ = 73.74 N=326; 12yIQ = 71.79 N=337; 13yIQ = 75.33 N=505; 14yIQ = 76.68 N=651; 15yIQ = 83.79 N=716; MIQ = 78.38]"
IRN8850,8850.0,IRN,Iran,57.1.1,3.0,Teheran,2.0,normal,1.0,9.0,15.0,12.0,18.3,3267.0,0.3,RPM,SPM,SPM,full,1.0,1.0,1974.0,1979.0,5.0,1.0,1.0,1.0,1.0,0.0,26.87,26.87,77.52197267801144,1.0500000000000043,0.0,0.0,0.0,1.0,78.57197267801143,80.0,1.4280273219885657,1.4280273219885657,0.7666666666666666,2504.7,Baraheni (1974),"Baraheni, M. N. (1974). Raven's Progressive Matrices as applied to Iranian children. Educational & Psychological Measurement, 34, 983-988.",Y,,"Baraheni (1974) reported a study of the SPM standardized on 4561 school children in Tehran. Table 1 lists the raw scores for ages 9-18. Using British 1979 norms for age 9-15 and US 1985-86 norms for age 16-18 gives the following British IQs: age 9 IQ = 80, age 10 IQ = 75, age 11 IQ = 75, age 12 IQ = 74, age 13 IQ = 74, age 14 IQ = 73, age 15 IQ = 80, giving a mean of76 for 9-15 year olds. Age 16 IQ = 81, age 17 IQ = 79, age 18 IQ = 80,  assuming an American IQ of 98. With Flynn effect correction of 0.4 a year for cohorts tested before 1979, the original average of 77.1 becomes 80.1, rounded to 80. [9yIQ = 83.79 N=365; 10yIQ = 79.89 N=367; 11yIQ = 73.74 N=326; 12yIQ = 71.79 N=337; 13yIQ = 75.33 N=505; 14yIQ = 76.68 N=651; 15yIQ = 83.79 N=716; MIQ = 78.38]"
IRN3616,3616.0,IRN,Iran,57.1.3,1.0,,2.0,normal,1.0,7.0,11.0,9.0,21.3,1956.0,0.2,RPM,CPM,CPM,full,1.0,1.0,2009.0,2007.0,2.0,1.0,1.0,1.0,1.0,0.0,21.2,21.2,77.97552435999998,-0.21000000000000085,0.0,0.0,0.0,1.0,77.76552435999997,75.0,-2.765524359999972,2.765524359999972,0.7333333333333334,1434.4,Rajabi (2009),"Rajabi, G. (2009). Normalizing the Raven Coloured Progressive Matrices Test on students of the city of Ahvaz. Contemporary Psychology, 3, 23-33 (in Farsi).",Y,,"Rajabi (2009) reports a recent IQ study of a CPM standardization in the city of Ahwaz based on a representative of 1,956 school children aged 7 to 11.  Median scores were: 17 for age 7; 19.7  for age 8; 21 for age 9;  23 for age 10; and 25.3 for age 11. Using the British CPM norms for 2007, we get IQs of 76 for age 7, 73 for age 8, 76 for ages 9 and 10, and 72 for age 11, giving an average IQ = 74.6 (rounded to 75) without any clear age trend. The study was published in 2009, so this Iranian standardization was done at the same time as the British standardization and no Flynn effect correction is required."
IRQ1258,1258.0,IRQ,Iraq,58.1.1,1.0,,2.0,normal,3.0,18.0,35.0,27.0,7.0,1185.0,0.4,RPM,SPM,APM,full,1.0,1.0,1972.0,1992.0,20.0,1.0,0.6666666666666666,1.0,1.0,1.0,44.5,11.407739999999999,80.23296619237838,4.200000000000016,0.0,0.0,0.0,0.6666666666666666,84.4329661923784,87.0,2.5670338076215984,2.5670338076215984,0.5777777777777778,684.6666666666667,Cronbach & Drenth (1972),"Abul-Hubb, D. (1972). AppIication of Progressive Matrices in Iraq. In Cronbach, L. J., & Drenth, P. J. (Eds) (1972). Mental Tests and Cultural Adaptation. The Hague: Mouton.",Y,,
IRQ5233,5233.0,IRQ,Iraq,58.1.1,1.0,,2.0,normal,3.0,14.0,17.0,15.5,4.5,204.0,0.4,RPM,SPM,SPM,full,1.0,1.0,1972.0,1979.0,7.0,1.0,1.0,1.0,0.0,0.0,40.0,40.0,84.9481,1.470000000000005,0.0,0.0,0.0,1.0,86.4181,87.0,0.5819000000000045,0.5819000000000045,0.7999999999999999,163.2,Cronbach & Drenth (1972),"Abul-Hubb, D. (1972). AppIication of Progressive Matrices in Iraq. In Cronbach, L. J., & Drenth, P. J. (Eds) (1972). Mental Tests and Cultural Adaptation. The Hague: Mouton.",Y,,
IRQ3749,3749.0,IRQ,Iraq,,3.0,Baghdad,2.0,normal+malnourished,3.0,7.0,8.0,7.4,12.6,529.0,0.1,RPM,CPM,CPM,full,1.0,1.0,2011.0,2007.0,4.0,1.0,1.0,1.0,0.0,0.0,26.774404536862004,26.774404536862004,101.46475299323644,-0.21000000000000085,0.0,0.0,0.0,1.0,101.25475299323645,,,,0.7000000000000001,370.3,Ghazi et al. (2012),"Ghazi, H. F., Isa, Z.M., Aljunid, S., Tamil, A. M., & Abdalquader, M. A. (2012). Nutritional Status, Nutritional Habit, and Breakfast Intake, in Relation to IQ among primary school children in Bagdad City Iraq. Pakistan Journal of Nutrition, 11, 379-382.",Y,,
IRL4419,4419.0,IRL,Ireland,59.1.7,2.0,Galway,2.0,twins,3.0,6.0,6.0,6.0,30.799999999999997,200.0,0.2,WIS,WPPSI,WPPSI,full,2.0,1.0,1990.0,1964.0,26.0,2.0,0.3333333333333333,0.0,0.0,0.0,,,99.9,-8.839999999999996,-2.5,0.0,0.0,0.3333333333333333,88.56,83.1,-5.460000000000008,5.460000000000008,0.2888888888888889,57.777777777777786,Lynn (2015),"Lynn, R. (2015). Selective emigration, Roman Catholicism and the decline of intelligence in Ireland. Mankind Quarterly, 55, 242-253.",Y,,"This sample described in Lynn (2015a) consisted of 200 twins born in Galway and the surrounding rural area and tested at age 6 years with the WPPSI to give an IQ of 92. This confirms the results of the 10 previously listed studies for which the median IQ was 93. These results are inconsistent with the PISA 2009 and 2012 data, on which Ireland obtained slightly higher scores than Britain. This inconsistency suggests the PISA studies have given inflated scores for Ireland."
IRL8580,8580.0,IRL,Ireland,59.1.5,1.0,,2.0,normal,3.0,9.0,9.11,9.06,27.739999999999995,191.0,0.2,RPM,SPM,SPM,full,1.0,1.0,1990.0,1979.0,11.0,1.0,0.8333333333333334,1.0,0.0,0.0,25.939999999999998,25.939999999999998,93.10199666,-2.3100000000000094,0.0,0.0,0.0,1.0,90.79199666,87.0,-3.7919966599999952,3.7919966599999952,0.6777777777777777,129.45555555555555,Lynn & Wilson (1990),"Lynn, R., & Wilson, R. G. (1990). Reaction times, movement times and intelligence among Irish nine year olds. Irish Journal of Psychology, 11, 329-341.",Y,,
ISR7998,7998.0,ISR,Israel,60.1.2,1.0,,2.0,normal,3.0,9.0,15.0,12.0,17.9,1740.0,0.3,RPM,SPM,SPM,full,1.0,1.0,1991.0,1979.0,12.0,1.0,0.8333333333333334,1.0,1.0,0.0,37.0,37.0,91.83158333333334,-2.5200000000000102,0.0,0.0,0.0,1.0,89.31158333333333,96.0,6.688416666666669,6.688416666666669,0.7111111111111111,1237.3333333333335,Kaniel & Fisherman (1991),"Kaniel, S., & Fisherman, S. (1991). Level of performance and distribution of errors in the Progressive Matrices test: a comparison of Ethiopian immigrant and native Israeli adolescents. International Journal of Psychology, 26, 25-33.",Y,"Corrected by: Lynn, R. (1994). The intelligence of Ethiopian immigrant and Israeli adolescents. International Journal of Psychology, 29, 55–56.",Kaniel & Fisherman (1991) reported British percentiles for 6 age groups viving an IQ of 99 on British 1979 norms. Deduct 3 for a 10 year Flynn effect gives a British  IQ of 96. 
ISR2833,2833.0,ISR,Israel,60.1.3,6.0,,2.0,immigrants,3.0,14.0,16.0,15.0,14.899999999999999,11.0,0.1,RPM,SPM,SPM,full,1.0,1.0,1998.0,1979.0,19.0,1.0,0.8333333333333334,1.0,0.0,0.0,45.09,45.09,97.33516019739999,-3.990000000000016,0.0,0.0,0.0,1.0,93.34516019739996,96.0,2.654839802600037,2.654839802600037,0.6444444444444445,7.0888888888888895,Kozulin (1998),"Kozulin, A. (1998). Proﬁles of immigrant students’ cognitive performance on Raven’s Progressive Matrices. Perceptual and Motor Skills, 87, 1311-1314.",Y,immigrant-group which reached Israeli standard according to source,
ISR8476,8476.0,ISR,Israel,60.1.4,3.0,Haifa,1.0,normal,1.0,1.0,12.0,10.5,19.4,549.0,0.3,RPM,SPM,SPM,full,1.0,1.0,1979.0,1979.0,0.0,1.0,1.0,1.0,0.0,0.0,30.497,30.497,84.97900640928381,0.0,0.0,0.0,0.0,1.0,84.97900640928381,89.0,4.020993590716188,4.020993590716188,0.7666666666666666,420.9,Lancer & Rim (1984),"Lancer, I., & Rim, Y. (1984). Intelligence, family size and sibling age spacing. Personality and Individual Differences, 5, 151-157.",Y,,
ISR9043,9043.0,ISR,Israel,60.1.4,3.0,Haifa,2.0,normal,1.0,1.0,12.0,10.5,19.4,534.0,0.3,RPM,SPM,SPM,full,1.0,1.0,1979.0,1979.0,0.0,1.0,1.0,1.0,0.0,0.0,32.925,32.925,89.113024621875,0.0,0.0,0.0,0.0,1.0,89.113024621875,89.0,-0.11302462187499884,0.11302462187499884,0.7666666666666666,409.4,Lancer & Rim (1984),"Lancer, I., & Rim, Y. (1984). Intelligence, family size and sibling age spacing. Personality and Individual Differences, 5, 151-157.",Y,,
ISR9770,9770.0,ISR,Israel,60.1.4,3.0,Haifa,3.0,normal,1.0,1.0,12.0,10.5,19.4,845.0,0.3,RPM,SPM,SPM,full,1.0,1.0,1979.0,1979.0,0.0,1.0,1.0,1.0,0.0,0.0,37.473,37.473,97.5970563268902,0.0,0.0,0.0,0.0,1.0,97.5970563268902,89.0,-8.597056326890197,8.597056326890197,0.7666666666666666,647.8333333333333,Lancer & Rim (1984),"Lancer, I., & Rim, Y. (1984). Intelligence, family size and sibling age spacing. Personality and Individual Differences, 5, 151-157.",Y,,
ISR3730,3730.0,ISR,Israel,60.1.6,6.0,,2.0,hearing,5.0,4.0,6.0,5.17,24.729999999999997,26.0,0.0,RPM,CPM,CPM,full,1.0,1.0,1992.0,2007.0,15.0,1.0,0.8333333333333334,1.0,0.0,0.0,15.3,15.3,95.59195220000001,3.150000000000013,0.0,0.0,0.0,1.0,98.74195220000001,96.0,-2.7419522000000143,2.7419522000000143,0.6111111111111112,15.88888888888889,Tzuriel & Caspi (1992),"Tzuriel, D., & Caspi, N. (1992). Cognitive modiﬁability and cognitive performance of deaf and hearing preschool children. Journal of Special Education, 26, 235-252.",Y,reestimation without deaf sample,
ITA4253,4253.0,ITA,Italy,61.1.3,6.0,,2.0,normal,3.0,4.0,11.0,7.75,37.75,3285.0,0.2,RPM,CPM,CPM,full,1.0,1.0,2008.0,2007.0,1.0,1.0,1.0,1.0,1.0,0.0,22.060666666666666,22.060666666666666,90.67939752826668,-0.21000000000000085,0.0,0.0,0.0,1.0,90.46939752826668,95.0,4.530602471733317,4.530602471733317,0.7333333333333334,2409.0,Belacchi et al. (2008),"Belacchi, C., Scalisi, T. G., Cannoni, E., & Cornoldi, C. (2008). Analisi della distribuzione descrittiva ai punteggi CPM del campione normativo, per fascia di età e per tipo di somministrazione (N = 4678). Firenze: Giunti O.S. Organizzaazioni Speciali.",Y,reestimation without age-groups without normative data,
ITA4819,4819.0,ITA,Italy,61.1.7,6.0,,2.0,healthy,5.0,4.0,11.0,7.892619047619048,37.60738095238095,134.0,0.0,RPM,CPM,CPM,full,1.0,1.0,2010.0,2007.0,3.0,1.0,1.0,1.0,1.0,0.0,21.99285714285714,21.99285714285714,88.63293517975715,-0.21000000000000085,0.0,0.0,0.0,1.0,88.42293517975716,,,,0.6666666666666666,89.33333333333333,"Belacchi, Carretti & Cornoldi (2010)","Belacchi, C., Carretti, B., & Cornoldi, C. (2010). The role of working memory and updating in Coloured Raven Matrices performance in typically developing children. European Journal of Cognitive Psychology, 22, 1010-1020.",Y,,
ITA7980,7980.0,ITA,Italy,61.1.5,2.0,Pisa,2.0,normal,1.0,6.0,11.0,9.0,36.5,459.0,0.2,RPM,CPM,CPM,full,1.0,1.0,1985.0,2007.0,22.0,1.0,0.6666666666666666,1.0,1.0,0.0,25.93,25.93,91.10419231517999,4.620000000000019,0.0,0.0,0.0,1.0,95.72419231518,99.0,3.275807684819995,3.275807684819995,0.6222222222222222,285.6,Pruneti (1985),"Pruneti, C. (1985). Dati normativi del test P.M. 47 Coloured su un campione di bambini italiani. Bolletino di Psicologia Applicata, 176, 27-35. ",Y,,
ITA2558,2558.0,ITA,Italy,61.1.6,2.0,Pisa,2.0,normal,1.0,7.0,11.0,9.129999999999999,36.370000000000005,459.0,0.2,RPM,CPM,CPM,full,1.0,1.0,1995.0,2007.0,12.0,1.0,0.8333333333333334,1.0,1.0,0.0,25.584560838158897,25.584560838158897,90.2692901248897,2.5200000000000102,0.0,0.0,0.0,1.0,92.7892901248897,99.0,6.210709875110297,6.210709875110297,0.6777777777777777,311.09999999999997,Pruneti et al. (1996),"Pruneti, C., Fenu, A., Freschi, G., & Rota, S. (1996). Aggiornamento della standardizzazione italiana del test delle Matrici Progressive Colorate del Raven. Bolletino di Psicologia Applicata, 217, 51-57.",Y,,
JAM2219,2219.0,JAM,Jamaica,63.1.1,1.0,,2.0,control,3.0,7.0,12.0,9.5,16.5,33.0,0.1,RPM,CPM,CPM,full,1.0,1.0,2014.0,2007.0,7.0,1.0,1.0,1.0,0.0,0.0,23.4,23.4,82.48243119999998,-0.21000000000000085,0.0,0.0,0.0,1.0,82.27243119999997,80.0,-2.2724311999999713,2.2724311999999713,0.7000000000000001,23.1,Chambers et al. (2014),"Chambers, R. M., Morrison-Levy, N., Chang, S., Tapper, J., Walker, S., & Tulloch-Reid, M. (2014). Cognition, academic achievement, and epilepsy in school-age children: A case–control study in a developing country. Epilepsy & Behavior, 33, 39-44.",Y,,Chambers et al. (2014) report a CPM score of 23.7 for children giving an IQ of 80 on the British 2007 standardisation.
JAM6734,6734.0,JAM,Jamaica,63.1.1,1.0,,2.0,epilepsy,3.0,7.0,12.0,9.5,16.5,33.0,0.1,RPM,CPM,CPM,full,1.0,1.0,2014.0,2007.0,7.0,1.0,1.0,1.0,0.0,0.0,23.7,23.7,83.2475254,-0.21000000000000085,0.0,0.0,0.0,1.0,83.03752539999999,80.0,-3.0375253999999927,3.0375253999999927,0.7000000000000001,23.1,Chambers et al. (2014),"Chambers, R. M., Morrison-Levy, N., Chang, S., Tapper, J., Walker, S., & Tulloch-Reid, M. (2014). Cognition, academic achievement, and epilepsy in school-age children: A case–control study in a developing country. Epilepsy & Behavior, 33, 39-44.",Y,,Chambers et al. (2014) report a CPM score of 23.7 for children giving an IQ of 80 on the British 2007 standardisation.
JAM9124,9124.0,JAM,Jamaica,,3.0,Kingston,1.0,control,3.0,7.0,8.0,7.9,18.1,84.0,0.1,RPM,SPM,SPM,full,1.0,1.0,1990.0,1979.0,11.0,1.0,0.8333333333333334,1.0,0.0,0.0,13.6,13.6,81.32452560000002,-2.3100000000000094,0.0,0.0,0.0,1.0,79.01452560000001,,,,0.6444444444444445,54.13333333333334,Grantham-McGregor et al. (1997),"Grantham-McGregor, S.M., Walker, S.P., Chang, S.M., & Powell, C.A. (1997). Effects of early childhood supplementation with and without stimulation on later development in stunted Jamaican children. American Journal of Clinical Nutrition, 66, 247-253.",Y,Other tests are given but only CPM used,
JAM3334,3334.0,JAM,Jamaica,,3.0,Kingston,2.0,control,3.0,14.0,16.0,15.0,11.0,40.0,0.1,WIS,WISC,WISC,full,2.0,1.0,1989.5,1947.0,42.5,2.0,0.3333333333333333,0.0,0.0,0.0,,,74.4,-14.619999999999996,-2.5,0.0,1.0,0.3333333333333333,60.0,67.0,7.0,7.0,0.25555555555555554,10.222222222222221,Grantham-McGregor et al. (1994),"Grantham-McGregor, S., Powell, C., Walker, S., Chang, S., & Fletcher, P. (1994). The long-term follow-up of severely malnourished children who participated in an intervention program. Child Development, 65, 428-439.",Y,,
JAM2526,2526.0,JAM,Jamaica,,1.0,,2.0,control,3.0,15.0,16.0,15.5,10.5,19.0,0.1,WIS,WISC-R,WISC-R,full,2.0,1.0,1991.5,1974.0,17.5,2.0,0.5,0.0,0.0,0.0,,,73.5,-6.119999999999997,-2.5,0.0,0.0,0.3333333333333333,64.88,,,,0.3111111111111111,5.911111111111111,Knight et al. (1995),"Knight, S., Singhal, A., Thomas, P., & Serjeant, G. (1995). Factors associated with lowered intelligence in homozygous sickle cell disease. Archives of Disease in Childhood, 73, 316-320.",Y,,
JAM4584,4584.0,JAM,Jamaica,,1.0,,2.0,control,3.0,17.0,18.0,17.5,8.5,41.0,0.2,WIS,WAIS-R,WAIS-R,full,2.0,1.0,1991.5,1980.0,11.5,2.0,0.5,0.0,0.0,0.0,,,89.2,-4.079999999999998,-2.5,0.0,0.0,0.3333333333333333,82.62,,,,0.3444444444444444,14.12222222222222,Knight et al. (1995),"Knight, S., Singhal, A., Thomas, P., & Serjeant, G. (1995). Factors associated with lowered intelligence in homozygous sickle cell disease. Archives of Disease in Childhood, 73, 316-320.",Y,,
JAM3111,3111.0,JAM,Jamaica,63.1.2,1.0,,2.0,control,3.0,9.0,12.0,10.1,15.9,56.0,0.1,RPM,CPM,CPM,full,1.0,1.0,1992.0,2007.0,15.0,1.0,0.8333333333333334,1.0,0.0,0.0,21.0,21.0,73.07690000000002,3.150000000000013,0.0,0.0,0.0,1.0,76.22690000000003,81.0,4.773099999999971,4.773099999999971,0.6444444444444445,36.08888888888889,Nokes et al. (1992a),"Nokes, C., Grantham-Mcgregor, S. M., Sawyer, A. W., Cooper, E. S., & Bundy, D. A. P. (1992a). Parasitic helminth infection and cognitive function in school children. Proceedings of the Royal Society, Biological Sciences, 247, 77-81.",Y,reestimation without placebo- and treatment-group (non-representative),"Nokes et al. (1992a) give a CPM score of 21 for 56 children without parasitic infections, aged 10.1 years equivalent to the 10th percentile on the British 1982 norms and a British IQ of 81. They give a CPM score of 15.8 for 103 children aged 10.5  years for children with parasitic infections equivalent to the 3rd percentile on the British 1982 norms and a British IQ of 70."
JAM1121,1121.0,JAM,Jamaica,,3.0,Kingston,2.0,university students,3.0,17.0,51.0,23.166666666666668,2.833333333333332,159.0,0.2,RPM,SPM,APM,full,1.0,1.0,1982.0,1992.0,10.0,1.0,0.8333333333333334,1.0,0.0,1.0,14.01,9.930602235341745,78.5254827679729,2.1000000000000085,0.0,0.0,0.0,0.6666666666666666,80.62548276797291,,,,0.5666666666666668,90.10000000000001,Persaud (1982),"Persaud, G. (1982). The relation of extraversion and neuroticism to non-verbal intelligence. Caribbean Journal of Education, 9, 32-43.",>,"Test-Version uses 24 of 36 items from SPM-C, D, E, therefore raw-scores extrapolated",
JAM4649,4649.0,JAM,Jamaica,,6.0,,2.0,normal,3.0,17.0,51.0,29.63,3.629999999999999,206.0,0.4,RPM,SPM,APM,full,1.0,1.0,1987.0,1992.0,5.0,1.0,1.0,1.0,0.0,1.0,13.11,8.577475832506963,73.89604814474963,1.0500000000000043,0.0,0.0,0.0,0.6666666666666666,74.94604814474962,,,,0.6888888888888888,141.9111111111111,Persaud (1987),"Persaud, G. (1987). Sex and age differences of Raven's Matrices. Perceptual and Motor Skills, 65, 45-46.",Y,"Test-Version uses 24 of 36 items from SPM-C, D, E, therefore raw-scores extrapolated",
JAM6732,6732.0,JAM,Jamaica,,6.0,,1.0,control,5.0,6.0,10.0,8.0,18.0,71.0,0.1,WIS,WISC,WISC,full,2.0,1.0,1972.0,1947.0,25.0,2.0,0.3333333333333333,0.0,0.0,0.0,,,65.99,-8.499999999999998,-2.5,0.0,1.0,0.3333333333333333,60.0,,,,0.25555555555555554,18.144444444444442,Richardson (1976),"Richardson, St. A. (1976). The relation of severe malnutrition in infancy to the intelligence of school children with differing life histories. Pediatric Research, 10, 57-61.",Y,"No notes about used WISC-Version. WISC-R standardized in 1974 but measurement seems in 1972 (Hertzig et al., 1972), therefore original WISC assumed; sample also reported in Hertzig et al. (1972)",
JAM3821,3821.0,JAM,Jamaica,,1.0,,2.0,normal,3.0,4.8,7.7,6.2,19.8,245.0,0.3,RPM,CPM,CPM,full,1.0,1.0,2003.0,2007.0,4.0,1.0,1.0,1.0,0.0,0.0,14.649999999999999,14.649999999999999,66.6615151125,0.8400000000000034,0.0,0.0,0.0,1.0,67.5015151125,81.0,13.498484887499998,13.498484887499998,0.7666666666666666,187.83333333333331,Samms-Vaughan (2005),"Samms-Vaughan, M. (2005). Profiles: the Jamaican pre-school child: the status of early childhood development in Jamaica. Kingston, Jamaica: Planning Institute of Jamaica.",Y,,
JAM4211,4211.0,JAM,Jamaica,63.1.6,3.0,Kingston,2.0,healthy,3.0,11.0,12.0,11.5,14.5,80.0,0.1,WIS,WISC-R,WISC-R,full,2.0,1.0,2000.0,1974.0,26.0,2.0,0.3333333333333333,0.0,0.0,0.0,,,78.4,-8.839999999999996,-2.5,0.0,0.0,0.3333333333333333,67.06,,,,0.25555555555555554,20.444444444444443,Walker et al. (2000),"Walker, S. P., Grantham-McGregor, S. M., Powell, Ch. A., & Chang, S. M. (2000). Effects of growth restriction in early childhood on growth, IQ, and cognition at age 11 to 12 years and the benefits of nutritional supplementation and psychosocial stimulation. Journal of Pediatrics, 137, 36-41.",Y,,Walker et al. (2000) report a WISC-R IQ of 70 for children some of whom were growth restricted in infancy. The sample also obtained a PPVC IQ of 68.
JAM7220,7220.0,JAM,Jamaica,63.1.6,3.0,Kingston,2.0,control,3.0,11.0,12.0,11.5,14.5,80.0,0.1,RPM,SPM,SPM,full,1.0,1.0,2000.0,1979.0,21.0,1.0,0.6666666666666666,1.0,0.0,0.0,22.0,22.0,74.11380000000001,-4.410000000000018,0.0,0.0,0.0,1.0,69.7038,70.0,0.2961999999999989,0.2961999999999989,0.5888888888888889,47.111111111111114,Walker et al. (2000),"Walker, S. P., Grantham-McGregor, S. M., Powell, Ch. A., & Chang, S. M. (2000). Effects of growth restriction in early childhood on growth, IQ, and cognition at age 11 to 12 years and the benefits of nutritional supplementation and psychosocial stimulation. Journal of Pediatrics, 137, 36-41.",Y,,Walker et al. (2000) report a WISC-R IQ of 70 for children some of whom were growth restricted in infancy. The sample also obtained a PPVC IQ of 68.
JAM4323,4323.0,JAM,Jamaica,63.1.5,3.0,Kingston,2.0,normal,5.0,6.0,8.0,7.0,19.0,186.0,0.3,RPM,CPM,CPM,full,1.0,1.0,2002.0,2007.0,5.0,1.0,1.0,1.0,0.0,0.0,17.075000000000003,17.075000000000003,81.69269102812501,1.0500000000000043,0.0,0.0,0.0,1.0,82.74269102812502,77.0,-5.742691028125023,5.742691028125023,0.7666666666666666,142.6,Walker et al. (2007),"Walker, S. P., Thame, M. M., Chang, S. M., Bennett, F., & Forrester, T. E. (2007). Association of growth in utero with cognitive function at age 6–8 years. Early Human Development, 83, 355-360.",Y,,"Walker et al. (2007). This study reports a CPM score of 17 for 7.5 year olds children (n = 186). The study was carried out in 2002. Jason malloy gives an IQ of 84 reasoning as follows. The score is at the 25th percentile of the 1982 British norms equivalent to a British IQ of 90. He deducts 6 for a 20 year Flynn effect to give an IQ of 84. However, on the 2007 British standardization, the score is at the 5th percentile equivalent to a British IQ of 75. Add 1.7 for a 5 year Flynn effect gives an IQ of 76.7 rounded to 77. "
JAM6237,6237.0,JAM,Jamaica,,3.0,Kingston,2.0,normal,5.0,6.0,7.0,6.83,19.17,55.73,0.3,WIS,WPPSI-III,WPPSI-III,full,2.0,1.0,1999.0,2002.0,3.0,2.0,0.6666666666666666,0.0,0.0,0.0,,,81.4,1.0199999999999996,-2.5,0.0,0.0,0.3333333333333333,79.92,,,,0.4333333333333333,24.14966666666666,Walker et al. (2010),"Walker, S.P., Chang, S.M., Younger, N., & Grantham-McGregor, S.M. (2010). The effect of psychosocial stimulation on cognition and behaviour at 6 years in a cohort of term, low-birthweight Jamaican children. Developmental Medicine & Child Neurology, 52, e148-e154.",Y,,
JPN1042,1042.0,JPN,Japan,64.1.7,6.0,,2.0,normal,3.0,6.0,12.5,9.75,37.55,142.0,0.2,KABC,KABC,KABC,full,1.0,1.0,1987.0,1981.0,6.0,2.0,0.6666666666666666,0.0,0.0,0.0,,,112.23333333333333,-3.120000000000008,-2.5,0.0,0.0,0.3333333333333333,106.61333333333333,101.0,-5.61333333333333,5.61333333333333,0.39999999999999997,56.8,Kaufman et al. (1989),"Kaufman, A. S., McLean, J. E., Ishikuma, T., & Moon, S. B. (1989). Integration of literature on the intelligence of Japanese children and analysis of the data from a sequential-simultaneous perspective. School Psychology International, 10, 173-183.",Y,Iqs of Japanese predicted by giving USA-sample JAP-norms,
JPN9101,9101.0,JPN,Japan,64.1.7,6.0,,2.0,normal,3.0,6.0,12.5,9.75,37.55,142.0,0.2,WIS,WISC-R,WISC-R,full,2.0,1.0,1987.0,1974.0,13.0,2.0,0.5,0.0,0.0,0.0,,,118.1,-4.419999999999998,-2.5,0.0,0.0,0.3333333333333333,111.17999999999999,101.0,-10.179999999999993,10.179999999999993,0.3444444444444444,48.911111111111104,Kaufman et al. (1989),"Kaufman, A. S., McLean, J. E., Ishikuma, T., & Moon, S. B. (1989). Integration of literature on the intelligence of Japanese children and analysis of the data from a sequential-simultaneous perspective. School Psychology International, 10, 173-183.",Y,Iqs of Japanese predicted by giving USA-sample JAP-norms,
JPN6293,6293.0,JPN,Japan,,1.0,,2.0,normal,2.0,6.0,16.0,11.0,36.3,1100.0,0.2,WIS,WISC-R,WISC-R,full,2.0,1.0,1975.0,1974.0,1.0,2.0,0.6666666666666666,0.0,0.0,0.0,,,105.0,-0.33999999999999986,-2.5,0.0,0.0,0.3333333333333333,102.16,,,,0.39999999999999997,439.99999999999994,Lynn & Hampson (1986a),"Lynn, R., & Hampson, S. (1986a). The Structure of Japanese Abilities: An Analysis in Terms of the Hierarchical Model of Intelligence. Current Psychological Research & Reviewe, Winter 1985-86, 309-322.",Y,,
JPN4391,4391.0,JPN,Japan,64.1.8,1.0,,2.0,normal,1.0,4.0,6.0,5.0,42.3,600.0,0.2,WIS,WPPSI,WPPSI,full,2.0,1.0,1964.0,1964.0,0.0,2.0,0.6666666666666666,0.0,0.0,0.0,,,107.8,0.0,-2.5,0.0,0.0,0.3333333333333333,105.3,103.0,-2.299999999999997,2.299999999999997,0.39999999999999997,239.99999999999997,Lynn & Hampson (1987),"Lynn, R., & Hampson, S. (1987). Further evidence on the cognitive abilities of the Japanese: data from the WPPSI. International Journal of Behavioral Development, 10, 23-36.",Y,,
JPN9690,9690.0,JPN,Japan,64.1.1,3.0,Tokyo,2.0,normal,1.0,9.0,9.0,9.452100225225225,37.847899774774774,444.0,0.2,RPM,SPM,SPM,full,1.0,1.0,1991.0,1979.0,12.0,1.0,0.8333333333333334,1.0,0.0,0.0,41.7,41.7,112.4413263,-2.5200000000000102,0.0,0.0,0.0,1.0,109.92132629999999,110.0,0.07867370000001017,0.07867370000001017,0.6777777777777777,300.9333333333333,Shigehisa & Lynn (1991) ,"Shigehisa, T., & Lynn, R. (1991). Reaction times and intelligence in Japanese children. International Journal of Psychology, 26, 195-202.",Y,,
JPN1123,1123.0,JPN,Japan,,3.0,,2.0,normal,3.0,8.0,12.0,10.0,37.3,644.0,0.2,RPM,CPM,CPM,full,1.0,1.0,2005.0,2007.0,2.0,1.0,1.0,1.0,1.0,0.0,31.619999999999997,31.619999999999997,106.33069234,0.4200000000000017,0.0,0.0,0.0,1.0,106.75069234,,,,0.7333333333333334,472.2666666666667,Uno et al. (2005),"Uno, A., Shinya, N., Haruhara, N., & Kaneko, M. (2005). Raven's Coloured Progressive Matrices in Japanese Children - As a Screening Intelligence Test for Children with Learning Disorder and Acquired Childhood Aphasia. The Japan Journal of Logopedics and Phoniatrics, 46, 185-189.",N,,
JPN7482,7482.0,JPN,Japan,,3.0,Sendai,2.0,healthy university students,5.0,18.0,27.0,20.8,26.499999999999996,1235.0,0.0,RPM,APM,APM,full,1.0,1.0,2015.0,1992.0,23.0,1.0,0.6666666666666666,1.0,0.0,0.0,28.45,28.45,113.69410205,-3.3600000000000136,0.0,0.0,0.0,1.0,110.33410204999998,,,,0.5555555555555555,686.111111111111,Takeuchi et al. (2015),"Takeuchi, H., Taki, Y., Nouchi, R., Sekiguchi, A., Hashizume, H., Sassa, Y., … & Kawashima, R. (2015). Degree centrality and fractional amplitude of low-frequency oscillations associated with Stroop interference. NeuroImage, 119, 197-209. doi:10.1016/j.neuroimage.2015.06.058",Y,"A digit span test was also performed but no specific information if it was from a Wechsler Test were given. Maybe, but not sure. Scores were also reported in: Takeuchi et al. (2018)",
JOR2837,2837.0,JOR,Jordan,65.1.1,3.0,Amman,2.0,normal,1.0,8.0,14.0,11.25,11.25,960.0,0.3,RPM,SPM,SPM,full,1.0,1.0,2014.0,1979.0,35.0,1.0,0.6666666666666666,1.0,1.0,0.0,22.5,22.5,74.05455166666665,-6.090000000000025,0.0,0.0,0.0,1.0,67.96455166666664,76.0,8.035448333333363,8.035448333333363,0.6555555555555556,629.3333333333334,Bakhiet & Lynn (2014a),"Bakhiet, S. F. A., & Lynn, R. (2014a). Intelligence in Jordan: Norms for the Standard Progressive Matrices. Open Differential Psychology, 15 April. ",Y,,
JOR7249,7249.0,JOR,Jordan,65.1.2,1.0,,2.0,normal,1.0,12.0,17.0,14.0,8.5,1045.0,0.4,RPM,SPM,SPM,full,1.0,1.0,2014.0,1979.0,35.0,1.0,0.6666666666666666,1.0,1.0,0.0,35.75,35.75,83.4019737,-6.090000000000025,0.0,0.0,0.0,1.0,77.31197369999998,83.0,5.688026300000018,5.688026300000018,0.6888888888888888,719.8888888888888,Bakhiet & Lynn (2014b),"Bakhiet, S. F. A., & Lynn, R. (2014b). A study of intelligence in Jordan. Psychological Reports: Mental & Physical Health, 115, 515-516.",Y,,
JOR1203,1203.0,JOR,Jordan,65.1.3,1.0,,2.0,normal,1.0,14.0,30.0,19.916666666666668,2.583333333333332,1325.0,0.4,RPM,APM,APM,full,1.0,1.0,2009.0,1992.0,17.0,1.0,0.8333333333333334,1.0,1.0,0.0,12.149999999999999,12.149999999999999,86.38399022499999,-3.3600000000000136,0.0,0.0,0.0,1.0,83.02399022499998,86.0,2.9760097750000227,2.9760097750000227,0.7444444444444445,986.3888888888889,Lynn & Abdel-Khalek (2009),"Lynn, R. & Abdel-Khalek, A. (2009). Intelligence in Jordan: Norms for the Advanced Progressive Matrices. Mankind Quarterly, 50, 114-119.",Y,,
JOR1358,1358.0,JOR,Jordan,65.1.3,1.0,,2.0,normal,1.0,11.0,13.0,12.0,10.5,574.0,0.3,RPM,APM,SPM,full,1.0,1.0,2009.0,1979.0,30.0,1.0,0.6666666666666666,1.0,1.0,1.0,6.866666666666667,36.34385086666666,89.19514492215649,-6.090000000000025,0.0,0.0,0.0,0.6666666666666666,83.10514492215646,86.0,2.8948550778435447,2.8948550778435447,0.5444444444444444,312.51111111111106,Lynn & Abdel-Khalek (2009),"Lynn, R. & Abdel-Khalek, A. (2009). Intelligence in Jordan: Norms for the Advanced Progressive Matrices. Mankind Quarterly, 50, 114-119.",Y,,
KAZ5019,5019.0,KAZ,Kazakhstan,66.1.1,2.0,South Kazakhstan,2.0,Kazakh,1.0,8.0,16.0,11.625,18.975,402.0,0.1,RPM,SPM+,SPM+,full,1.0,1.0,2013.0,2007.0,6.0,1.0,1.0,1.0,1.0,0.0,23.880625000000002,23.880625000000002,76.52154036875937,-0.21000000000000085,0.0,0.0,0.0,1.0,76.31154036875938,87.0,10.688459631240619,10.688459631240619,0.7000000000000001,281.40000000000003,Grigoriev & Lynn (2014),"Grigoriev, A., & Lynn, R. (2014).  A study of the IQ in Kazakhstan. Intelligence, 46, 40-46.",Y,,Grigoriev & Lynn (2014) have reported results for a sample of 617 8/16 year olds tested with the SPM +. The sample obtained a British  IQ of 87.3.  Ethnic Kazakhs obtained an IQ of 82.2 and ethnic Russians an IQ of 103.2.
KAZ5466,5466.0,KAZ,Kazakhstan,66.1.1,2.0,South Kazakhstan,2.0,Uzbek,1.0,8.0,15.0,12.5,18.1,51.0,0.1,RPM,SPM+,SPM+,full,1.0,1.0,2013.0,2007.0,6.0,1.0,1.0,1.0,1.0,0.0,29.265,29.265,87.26836665165,-0.21000000000000085,0.0,0.0,0.0,1.0,87.05836665165,87.0,-0.05836665165000454,0.05836665165000454,0.7000000000000001,35.7,Grigoriev & Lynn (2014),"Grigoriev, A., & Lynn, R. (2014).  A study of the IQ in Kazakhstan. Intelligence, 46, 40-46.",Y,,Grigoriev & Lynn (2014) have reported results for a sample of 617 8/16 year olds tested with the SPM +. The sample obtained a British  IQ of 87.3.  Ethnic Kazakhs obtained an IQ of 82.2 and ethnic Russians an IQ of 103.2.
KAZ9017,9017.0,KAZ,Kazakhstan,66.1.1,2.0,South Kazakhstan,2.0,Russian,1.0,8.0,15.0,12.0,18.6,164.0,0.1,RPM,SPM+,SPM+,full,1.0,1.0,2013.0,2007.0,6.0,1.0,1.0,1.0,1.0,0.0,34.13,34.13,105.31518659768037,-0.21000000000000085,0.0,0.0,0.0,1.0,105.10518659768036,87.0,-18.10518659768036,18.10518659768036,0.7000000000000001,114.80000000000001,Grigoriev & Lynn (2014),"Grigoriev, A., & Lynn, R. (2014).  A study of the IQ in Kazakhstan. Intelligence, 46, 40-46.",Y,,Grigoriev & Lynn (2014) have reported results for a sample of 617 8/16 year olds tested with the SPM +. The sample obtained a British  IQ of 87.3.  Ethnic Kazakhs obtained an IQ of 82.2 and ethnic Russians an IQ of 103.2.
KEN7312,7312.0,KEN,Kenya,67.1.1,4.0,Embu District; Eastern Province,2.0,normal,3.0,7.0,9.0,7.6,12.1,554.0,0.3,RPM,CPM,CPM,full,1.0,1.0,1999.0,2007.0,8.0,1.0,1.0,1.0,0.0,0.0,17.37,17.37,77.8855243838,1.6800000000000068,0.0,0.0,0.0,1.0,79.56552438380001,75.0,-4.56552438380001,4.56552438380001,0.7666666666666666,424.7333333333333,Gewa et al. (2009),"Gewa, C. A., Weiss, R. E., Bwibo, N. O., Whaley, Sh., Sigman, M., Murphy, S. P., Harrison, G., & Neumann, Ch. G. (2009). Dietary micronutrients are associated with higher cognitive function gains among primary school children in rural Kenya. Journal of Nutrition, 101, 1378-1387.",Y,,Gewa et al. (2009) report a study of a sample of 554 7 to 9 year old children tested in 1999 who obtained a CPM score of 18 equivalent to an IQ of 70 on the British 2007 standardization. Add 5 for the Flynn effect gives this sample an IQ of 75.
KEN8037,8037.0,KEN,Kenya,67.1.2,4.0,Kilifi District,2.0,normal,3.0,7.5,10.5,8.92,10.78,282.0,0.3,RPM,CPM,CPM,full,1.0,1.0,2013.0,2007.0,6.0,1.0,1.0,1.0,0.0,0.0,18.87,18.87,70.5127256211,-0.21000000000000085,0.0,0.0,0.0,1.0,70.3027256211,65.0,-5.302725621099995,5.302725621099995,0.7666666666666666,216.2,Kitsao-Wekulo et al. (2013),"Kitsao-Wekulo, P. K., Holding, P. A., Taylor, H. G., Abubakar, Am., & Connolly, K. (2013). Neuropsychological testing in a rural African school-age population: Evaluating contributions to variability in test performance. Assessment, 20, 776-784.",Y,,Kitsao-Wekulo et al. (2013) report CPM data for children aged 8-11 who obtained a score of 18.87 equivalent an IQ of 65 on British 2007 norms.
KEN4693,4693.0,KEN,Kenya,67.1.3,3.0,Nairobi,2.0,normal,3.0,14.0,14.0,14.0,5.699999999999999,205.0,0.4,RPM,CPM,SPM,full,1.0,1.0,1980.0,1979.0,1.0,1.0,1.0,1.0,0.0,1.0,27.8,31.5746328,75.28822686208974,-0.21000000000000085,0.0,0.0,0.0,0.6666666666666666,75.07822686208974,70.0,-5.0782268620897355,5.0782268620897355,0.6888888888888888,141.2222222222222,"Boissiere, Knight & Sabot (1985)","Boissiere, M., Knight, J. B., & Sabot, R.H. (1985). Earnings, schooling, ability and cognitive skills. American Economic Review, 75, 1016-1030.",Y,,
KEN9167,9167.0,KEN,Kenya,67.1.4,2.0,Nakuru,2.0,normal,1.0,6.0,10.0,8.0,11.7,1222.0,0.3,RPM,CPM,CPM,full,1.0,1.0,2001.0,2007.0,6.0,1.0,1.0,1.0,1.0,0.0,15.74,15.74,71.20907130632,1.2600000000000051,0.0,0.0,0.0,1.0,72.46907130632,66.0,-6.469071306320004,6.469071306320004,0.7666666666666666,936.8666666666666,Costenbader & Ngari (2001),"Costenbader, V., & Ngari, S. M. (2001). A Kenya standardisation of the Coloured Progressive Matrices. School Psychology International, 22, 258-268.",Y,,"Costenbader & Ngari (2001) using the median rather than the mean, assuming that the test was administered in 1999 and using the British 1982 and 2007 norms, we estimate the IQ at 66."
KEN5438,5438.0,KEN,Kenya,67.1.5,4.0,Embu District,2.0,Embu tribe,1.0,6.0,9.0,7.32,12.379999999999999,537.0,0.1,RPM,CPM,CPM,full,1.0,1.0,1998.0,2007.0,9.0,1.0,1.0,1.0,0.0,0.0,17.31,17.31,77.73411825859999,1.8900000000000077,0.0,0.0,0.0,1.0,79.62411825859999,87.0,7.375881741400008,7.375881741400008,0.7000000000000001,375.90000000000003,Daley et al. (2003),"Daley, T. C., Whaley, S. E., Sigman, M. D., Espinosa, M. P., & Neuman, C. (2003). IQ on the rise: the Flynn effect in rural Kenyan children. Pychological Science, 14, 215-219.",Y,,
KEN8024,8024.0,KEN,Kenya,67.1.5,4.0,Embu District,2.0,Embu tribe,1.0,6.0,9.0,7.43,12.27,118.0,0.1,RPM,CPM,CPM,full,1.0,1.0,1984.0,2007.0,23.0,1.0,0.6666666666666666,1.0,0.0,0.0,12.82,12.82,65.0575891728,4.83000000000002,0.0,0.0,0.0,1.0,69.8875891728,87.0,17.112410827199994,17.112410827199994,0.5888888888888889,69.4888888888889,Daley et al. (2003),"Daley, T. C., Whaley, S. E., Sigman, M. D., Espinosa, M. P., & Neuman, C. (2003). IQ on the rise: the Flynn effect in rural Kenyan children. Pychological Science, 14, 215-219.",Y,,
KEN6039,6039.0,KEN,Kenya,67.1.6,4.0,Embu District,2.0,Embu tribe,3.0,6.0,14.0,7.4,12.299999999999999,525.0,0.1,RPM,CPM,CPM,full,1.0,1.0,2007.0,2007.0,0.0,1.0,1.0,1.0,0.0,0.0,17.4,17.4,77.9611064,0.0,0.0,0.0,0.0,1.0,77.9611064,74.0,-3.9611064000000056,3.9611064000000056,0.7000000000000001,367.50000000000006,Neumann et al. (2007),"Neumann, C. G., Murphy, S. P., Gewa, C., Grillenberger, M., & Bwibo, N. O. (2007). Meat supplementation improves growth, cognitive, and behavioral outcomes in Kenyan Children. Journal of Nutrition, 137, 1119-1123.",Y,,
KEN6666,6666.0,KEN,Kenya,67.1.7,4.0,"Ugingo Village, Bondo District",2.0,normal,3.0,12.0,15.0,13.5,6.199999999999999,85.0,0.4,RPM,CPM,SPM,full,1.0,1.0,2001.0,1979.0,22.0,1.0,0.6666666666666666,1.0,0.0,1.0,23.505000000000003,24.172051542675007,70.2444181859154,-4.620000000000019,0.0,0.0,0.0,0.6666666666666666,65.62441818591539,67.0,1.3755818140846117,1.3755818140846117,0.5777777777777778,49.111111111111114,Sternberg et al. (2001),"Sternberg, R. J., Nokes, C., Geissler, P. W., Prince, R., Okatcha, F., Bundy, D. A., & Grigorenko, E. L. (2001). The relationship between academic and practical intelligence: a case study in Kenya. Intelligence, 29, 401-418.",Y,,
KOR9519,9519.0,KOR,"Korea, South",68.1.2,1.0,,2.0,normal,1.0,6.0,16.0,11.0,30.799999999999997,2231.0,0.2,WIS,WISC-III,WISC-III,full,2.0,1.0,1999.5,1989.0,10.5,2.0,0.5,0.0,1.0,0.0,,,103.0,-3.7399999999999984,-2.5,0.0,0.0,0.3333333333333333,96.76,,,,0.3444444444444444,768.4555555555554,Georgas et al. (2003),"Georgas, J., Weiss, L. G., van der Vijver, F., & Saklofske, D. H. (Eds) (2003). Culture and Children’s Intelligence. Amsterdam: Academic Press.",Y,,
KOR6508,6508.0,KOR,"Korea, South",68.1.1,3.0,Pusan,2.0,normal,1.0,9.0,10.0,9.75,32.05,107.0,0.2,RPM,SPM,SPM,full,1.0,1.0,1989.0,1979.0,10.0,1.0,0.8333333333333334,1.0,0.0,0.0,41.3,41.3,109.71465494999998,-2.1000000000000085,0.0,0.0,0.0,1.0,107.61465494999997,109.0,1.3853450500000264,1.3853450500000264,0.6777777777777777,72.52222222222221,Lynn & Ja Song (1994),"Lynn, R., & Ja Song, M. (1994). General intelligence, visuospatial and verbal abilities of Korean children. Personality and Individual Differences, 16, 363-364.",Y,,
KOR7235,7235.0,KOR,"Korea, South",68.1.3,6.0,,2.0,,2.0,2.0,69.0,44.5,2.700000000000003,1229.0,0.2,WIS,WAIS-IV,WAIS-IV,full,2.0,1.0,2011.0,2008.0,3.0,1.0,1.0,0.0,0.0,0.0,,,98.64285714285714,0.0,0.0,0.0,0.0,0.3333333333333333,98.64285714285714,97.5,-1.1428571428571388,1.1428571428571388,0.5111111111111111,628.1555555555555,Lynn et al. (2016a),"Lynn, R., Hur, Y.-M., Hwang, S.-T., Park, K. B., & Kim, J-H. (2016). A strong Flynn effect in South Korea during the second half of the twentieth century. Mankind Quarterly, 56, 562-571.   ",Y,Uncor. IQ is mean of British Full Scale IQ of Table 2 (line 2),"Lynn, Hur et al. (2016) report an IQ of 97.5 for age groups 20 through 65. years showing a British IQ of 100.5 among 20 yrar olds dcling steadily yo 82.5 among 65. years olds and therefore a strong Flynn effect in during the second half of the twentieth century."
KWT5643,5643.0,KWT,Kuwait,69.1.1,1.0,,2.0,normal,1.0,7.0,15.5,11.178571428571429,18.121428571428574,5629.0,0.3,RPM,SPM,SPM,full,1.0,1.0,2002.0,1979.0,23.0,1.0,0.6666666666666666,1.0,1.0,0.0,32.214285714285715,32.214285714285715,91.55838928571427,-4.83000000000002,0.0,0.0,0.0,1.0,86.72838928571426,87.0,0.27161071428574246,0.27161071428574246,0.6555555555555556,3690.1222222222223,Raven & Raven (2008),"Abdel-Khalek, A., & Raven, J. (2008). Kuwaiti norms for the classic SPM in an international context. In Raven, J., & Raven, J. C. (Eds) (2008). Uses and abuses of intelligence. Studies advancing Spearman’s and Raven’s quest for non-arbitrary metrics. Unionville, NY: Royal Fireworks Press.",Y,,
KWT9377,9377.0,KWT,Kuwait,69.1.1,1.0,,2.0,normal,1.0,16.0,17.0,16.5,12.8,1125.0,0.3,RPM,SPM,APM,full,1.0,1.0,2002.0,1992.0,10.0,1.0,0.8333333333333334,1.0,1.0,1.0,45.0,14.162104775336624,96.76168712539685,-2.1000000000000085,0.0,0.0,0.0,0.6666666666666666,94.66168712539684,87.0,-7.661687125396838,7.661687125396838,0.6,675.0,Raven & Raven (2008),"Abdel-Khalek, A., & Raven, J. (2008). Kuwaiti norms for the classic SPM in an international context. In Raven, J., & Raven, J. C. (Eds) (2008). Uses and abuses of intelligence. Studies advancing Spearman’s and Raven’s quest for non-arbitrary metrics. Unionville, NY: Royal Fireworks Press.",Y,,
KWT1478,1478.0,KWT,Kuwait,69.1.3,6.0,,2.0,normal,3.0,6.5,10.5,8.5,20.8,2000.0,0.2,RPM,CPM,CPM,full,1.0,1.0,1985.0,2007.0,22.0,1.0,0.6666666666666666,1.0,1.0,0.0,20.82,20.82,81.41112181999998,4.620000000000019,0.0,0.0,0.0,1.0,86.03112182,92.0,5.968878180000004,5.968878180000004,0.6222222222222222,1244.4444444444446,Bakhiet et al. (2015a),"Bakhiet, S. F. A., Abdelrasheed, N. S. G., Lynn, R., & Essa, Y. A. S. (2015). A Study of the Colored Progressive Matrices in Kuwait. Mankind Quarterly, 56, 168-172.",Y,,"Bakheit & Lynn (2016) report data for a standardization of the CPM in Kuwait in 1985 on a sample of 2,000 children aged 5.6 to 10.5 years.  The sample obtained a British IQ of 91.7 rounded to 92."
KWT9995,9995.0,KWT,Kuwait,69.1.2,1.0,,2.0,normal,1.0,8.0,15.0,11.35,17.950000000000003,6529.0,0.3,RPM,SPM,SPM,full,1.0,1.0,2002.0,1979.0,23.0,1.0,0.6666666666666666,1.0,1.0,0.0,35.238125,35.238125,93.51278076351547,-4.83000000000002,0.0,0.0,0.0,1.0,88.68278076351544,86.0,-2.6827807635154386,2.6827807635154386,0.6555555555555556,4280.122222222222,Abdel-Khalek & Lynn (2006),"Abdel-Khalek, A.M., & Lynn, R. (2006). Sex differences on the Standard Progressive Matrices and in educational attainment in Kuwait. Personality and Individual Differences, 40, 175-182.",Y,,
KGZ3045,3045.0,KGZ,Kyrgyzstan,70.1.2,6.0,1/3 Russia; 2/3 Kyrgyzstan,2.0,normal,3.0,11.0,17.0,13.166666666666666,13.333333333333334,327.0,0.3,RPM,SPM,SPM,full,1.0,1.0,2016.0,1979.0,37.0,1.0,0.6666666666666666,1.0,1.0,0.0,39.72333333333333,39.72333333333333,93.02557690006665,-6.090000000000025,0.0,0.0,0.0,1.0,86.93557690006662,,,,0.6555555555555556,214.36666666666667,Zakharov et al. (2016),"Zakharov, I. M., Voronin, I. A., Ismatullina, V. I., & Malykha, S. B. (2016). The relationship between visual recognition memory andintelligence. Procedia - Social and Behavioral Sciences, 233, 313-317.",Y,Authors reported only weak differences between russian and kygiz sub-samples. Further data publication is in preparation and should replace this sample if ready.,
LAO4583,4583.0,LAO,Laos,71.1.1,3.0,Vientiane,2.0,right-handed,3.0,7.0,10.0,8.33,14.67,24.0,0.1,KABC,KABC,KABC,Mental processing,1.0,1.0,1996.0,1981.0,15.0,2.0,0.16666666666666666,0.0,0.0,0.0,,,114.6575,-7.800000000000036,-2.5,0.0,0.0,0.3333333333333333,104.35749999999996,88.0,-16.35749999999996,16.35749999999996,0.19999999999999998,4.8,Boivin et al. (1996),"Boivin, M. J., Giordani, B., Crist, C. L., & Chounramany, C. (1996). Validating cognitive ability testing protocol with Lao children for community development applications. Neuropsychology, 10, 588-599.",Y,Means from global scales in table 4,"Boivin et al. (1996) report a K-ABC IQ of 93.5 for children corrected for the FE at 0.3/decade reduced to 89.6 and corrected for American norms reduced to 88. The same study report a MAT IQ of 94.3 for the mothers of the children corrected for the FE at 0.3/decade reduced to 91.0 and corrected for American norms reduced to 89
K-ABC IQ = 87.9. The paper reports data for an elite urban group.
"
LAO4997,4997.0,LAO,Laos,71.1.1,4.0,Vientiane,2.0,right-handed,3.0,7.0,10.0,8.47,14.53,22.0,0.1,KABC,KABC,KABC,Mental processing,1.0,1.0,1996.0,1981.0,15.0,2.0,0.16666666666666666,0.0,0.0,0.0,,,94.2375,-7.800000000000036,-2.5,0.0,0.0,0.3333333333333333,83.93749999999996,88.0,4.062500000000043,4.062500000000043,0.19999999999999998,4.3999999999999995,Boivin et al. (1996),"Boivin, M. J., Giordani, B., Crist, C. L., & Chounramany, C. (1996). Validating cognitive ability testing protocol with Lao children for community development applications. Neuropsychology, 10, 588-599.",Y,Means from global scales in table 4,"Boivin et al. (1996) report a K-ABC IQ of 93.5 for children corrected for the FE at 0.3/decade reduced to 89.6 and corrected for American norms reduced to 88. The same study report a MAT IQ of 94.3 for the mothers of the children corrected for the FE at 0.3/decade reduced to 91.0 and corrected for American norms reduced to 89
K-ABC IQ = 87.9. The paper reports data for an elite urban group.
"
LAO3856,3856.0,LAO,Laos,,6.0,,2.0,normal,3.0,6.333333333333333,13.0,9.666666666666666,13.333333333333334,56.0,0.3,WIS,WISC-III,WISC-III,full,2.0,1.0,1999.0,1989.0,10.0,2.0,0.5,0.0,0.0,0.0,,,81.9,-3.3999999999999986,-2.5,0.0,0.0,0.3333333333333333,76.0,,,,0.37777777777777777,21.155555555555555,Preston (1999),"Preston, J. (1999). An investigation of Hmong students’ performance on four standardized cognitive ability measures. Unpublished doctoral dissertation, Graduate College, University of Wisconsin-Stout, USA.",Y,,
LAO4554,4554.0,LAO,Laos,,6.0,,2.0,normal,3.0,5.416666666666667,11.583333333333334,9.5,13.5,40.0,0.3,WIS,WISC-III,WISC-III,full,2.0,1.0,1997.0,1989.0,8.0,2.0,0.6666666666666666,0.0,0.0,0.0,,,82.7,-2.719999999999999,-2.5,0.0,0.0,0.3333333333333333,77.48,,,,0.4333333333333333,17.333333333333332,"Smith, Wessels & Riebel (1997)","Smith, D.K., Wessels, R.A., & Riebel, E.M. (1997). Use of the WISC-III and K-BIT with Hmong students. Paper presented at Annual Meeting of the American Psychological Association, Chicago, USA, August 1997.",Y,,
LVA8962,8962.0,LVA,Latvia,159.1.1,6.0,,2.0,language school,3.0,11.0,13.0,12.0,31.6,146.0,0.0,RPM,SPM,SPM,full,1.0,1.0,2012.0,1979.0,33.0,1.0,0.6666666666666666,1.0,0.0,0.0,38.04,38.04,92.88460638080001,-6.090000000000025,0.0,4.35,0.0,0.6666666666666666,91.14460638079998,,,,0.4444444444444444,64.88888888888889,Saks (2013),"Saks, K. (2013). Open Learning Environment and Study Motivation. About the Research Conducted within Scope of Exhibition and Science Theatre Project “Discover Natural
Phenomena”. Unpublished.",Y,Corrected for differences between given Estonian scores and Estonian norms of 2001,
LBN7630,7630.0,LBN,Lebanon,72.1.1,3.0,Tripoli,2.0,male working,3.0,9.0,17.0,14.7,15.8,100.0,0.1,WIS,WISC-R,WISC-R,Digit span,2.0,1.0,2005.0,1983.0,22.0,3.0,0.0,1.0,0.0,0.0,12.36,9.0,95.0,-13.200000000000031,-1.2,0.0,0.0,0.6666666666666666,80.59999999999997,90.0,9.400000000000034,9.400000000000034,0.25555555555555554,25.555555555555554,Saddik et al. (2005),"Saddik, B., Williamson, A., Nuwayhid, I., & Black, D. (2005). The effects of solvent exposure on memory and motor dexterity in working children. Public Health Reports, 120, 657-663.",Y,,"Saddik et al. (2005) give data for the digit span test of the WISC-R for 14.35 year olds obtaining a score of 12.5, giving an IQ of 96.5 on the  Btritish 1972 standardisation. Deduct 6.2 for 31 year Flynn effect gives the sampe an IQ of 90.3 rounded to 90. This sudy also reports a DAM IQ of 93. "
LBN5718,5718.0,LBN,Lebanon,,3.0,Tripoli,2.0,normal,3.0,9.0,17.0,14.0,16.5,100.0,0.3,WIS,WISC-R,WISC-R,Digit span,2.0,1.0,2005.0,1983.0,22.0,3.0,0.0,1.0,0.0,0.0,12.9,10.0,100.0,-13.200000000000031,-1.2,0.0,0.0,0.6666666666666666,85.59999999999997,90.0,4.400000000000034,4.400000000000034,0.3222222222222222,32.22222222222222,Saddik et al. (2005),"Saddik, B., Williamson, A., Nuwayhid, I., & Black, D. (2005). The effects of solvent exposure on memory and motor dexterity in working children. Public Health Reports, 120, 657-663.",Y,,"Saddik et al. (2005) give data for the digit span test of the WISC-R for 14.35 year olds obtaining a score of 12.5, giving an IQ of 96.5 on the  Btritish 1972 standardisation. Deduct 6.2 for 31 year Flynn effect gives the sampe an IQ of 90.3 rounded to 90. This sudy also reports a DAM IQ of 93. "
LBY7870,7870.0,LBY,Libya,73.1.1,1.0,,2.0,normal,1.0,6.0,16.0,12.0,16.9,1620.0,0.3,RPM,SPM,SPM,full,1.0,1.0,2007.5,1979.0,28.5,1.0,0.6666666666666666,1.0,1.0,0.0,27.186666666666664,27.186666666666664,79.18822118376778,-6.090000000000025,0.0,0.0,0.0,1.0,73.09822118376775,78.0,4.901778816232252,4.901778816232252,0.6555555555555556,1062.0,Al-Shahomee & Lynn (2010a),"Al-Shahomee, A. A., & Lynn, R. (2010). Norms and sex differences for the Standard Progressive Matrices in Libya. Mankind Quarterly, 51, 97-107.",Y,reestimation without age-groups without normative data,"Al-Shahomee & Lynn (2010) give an IQ of 78 for this study of an SPM standardization in Libya with young people in 2007/08 based on British 1982 norms. Here we give the IQs based on the British 2007 norms: 69 at age 8, 65 age 9, 61 age 10, 69 age 11, 71 age 12, 71.5 age 13, 73 age 14, 73.5 age 15, 75 age 16, 73 age 17. This averages to an IQ of 70.1 and we give this as the revised figure."
LBY9388,9388.0,LBY,Libya,73.1.5,3.0,Marj; Mukhtar,2.0,university students,3.0,18.0,21.0,19.5,9.399999999999999,800.0,0.2,RPM,SPM,APM,full,1.0,1.0,2007.5,1992.0,15.5,1.0,0.8333333333333334,1.0,0.0,1.0,41.25,8.966557031249998,76.62506456558101,-3.3600000000000136,0.0,0.0,0.0,0.6666666666666666,73.265064565581,87.0,13.734935434419,13.734935434419,0.5666666666666668,453.3333333333334,Al-Shahomee & Lynn (2010b),"Al-Shahomee, A. A., & Lynn, R. (2010b). IQs of Men and Women and of Arts and Science Students in Libya. Mankind Quarterly, 51, 154-158.",Y,,
LBY3498,3498.0,LBY,Libya,73.1.2,3.0,Al-Beida; Shahat,2.0,normal,1.0,28.0,50.0,29.23076923076923,0.33076923076923137,260.0,0.4,RPM,SPM,APM,full,1.0,1.0,2010.0,1992.0,18.0,1.0,0.8333333333333334,1.0,0.0,1.0,38.15,7.12632472375001,70.76541093573054,-3.3600000000000136,0.0,0.0,0.0,0.6666666666666666,67.40541093573053,79.0,11.59458906426947,11.59458906426947,0.6333333333333333,164.66666666666666,Al-Shahomee & Lynn (2012),"Al-Shahomee, A. A., & Lynn, R (2012). A standardisation of the Standard Progressive Matrices for Libyan adults aged 38 to 50 years. Mankind Quarterly, 52, 292-310.",Y,,
LBY4310,4310.0,LBY,Libya,73.1.2,4.0,Shahat,2.0,normal,1.0,28.0,50.0,29.23076923076923,0.33076923076923137,260.0,0.4,RPM,SPM,APM,full,1.0,1.0,2010.0,1992.0,18.0,1.0,0.8333333333333334,1.0,0.0,1.0,35.87,6.003519701710005,68.21837178720469,-3.3600000000000136,0.0,0.0,0.0,0.6666666666666666,64.85837178720467,79.0,14.141628212795325,14.141628212795325,0.6333333333333333,164.66666666666666,Al-Shahomee & Lynn (2012),"Al-Shahomee, A. A., & Lynn, R (2012). A standardisation of the Standard Progressive Matrices for Libyan adults aged 38 to 50 years. Mankind Quarterly, 52, 292-310.",Y,,
LBY5553,5553.0,LBY,Libya,73.1.3,1.0,,2.0,normal,3.0,16.0,16.0,16.0,12.899999999999999,592.0,0.3,RPM,SPM,SPM,full,1.0,1.0,2008.0,1992.0,16.0,1.0,0.8333333333333334,1.0,0.0,0.0,39.46363636363637,39.46363636363637,83.90861103996995,-3.3600000000000136,0.0,0.0,0.0,1.0,80.54861103996994,87.0,6.451388960030059,6.451388960030059,0.7111111111111111,420.9777777777778,"Al-Shahomee, Lynn & Abdalla (2013)","Al-Shahomee A. A., Lynn, R., & Abdalla S. E-G. (2013). Dysgenic fertility, intelligence and family size in Libya. Intelligence, 41, 67-69.",Y,,
LBY3196,3196.0,LBY,Libya,73.1.9,1.0,,2.0,normal,3.0,6.0,11.0,8.5,20.4,903.0,0.2,RPM,CPM,CPM,full,1.0,1.0,2017.0,2007.0,10.0,1.0,0.8333333333333334,1.0,1.0,0.0,23.758333333333336,23.758333333333336,89.28557437708332,-0.21000000000000085,0.0,0.0,0.0,1.0,89.07557437708331,85.0,-4.0755743770833135,4.0755743770833135,0.6777777777777777,612.0333333333333,"Al-Shahomee, Abdalla & Lynn (2017)","Al-Shahomee, A. A., Abdalla, S. El-Gh., & Lynn, R. (2017). An Increase in Intelligence in Libya from 2006 to 2017. Mankind Quarterly, 58, 290-296.",Y,,
LBY9633,9633.0,LBY,Libya,73.1.6,3.0,Tripoli,2.0,normal,3.0,9.0,11.5,10.166666666666666,18.733333333333334,2481.0,0.3,RPM,CPM,CPM,full,1.0,1.0,2007.0,2007.0,0.0,1.0,1.0,1.0,1.0,0.0,25.5,25.5,82.07163750000005,0.0,0.0,0.0,0.0,1.0,82.07163750000005,83.0,0.9283624999999489,0.9283624999999489,0.7666666666666666,1902.1,Bakhiet & Lynn (2015a),"Bakhiet, S. F. A., & Lynn, R. (2015a). A Standardization of the Coloured Progressive Matrices in Tripoli, Libya. Mankind Quarterly, 56, 79-86.",Y,,Bakhiet & Lynn (2014d)  have reported results for a standardization of the Coloured Progressive Matrices on a sample of 2481 children aged 8.5 to 12.5 years in Tripoli. The sample obtained a British  IQ of 82.5. 
LBY5613,5613.0,LBY,Libya,,3.0,Misratah,2.0,normal,3.0,6.0,11.0,8.5,20.4,504.0,0.2,RPM,CPM,CPM,full,1.0,1.0,2014.0,2007.0,7.0,1.0,1.0,1.0,1.0,0.0,21.788333333333338,21.788333333333338,84.00046946176667,-0.21000000000000085,0.0,0.0,0.0,1.0,83.79046946176666,79.16,-4.6304694617666655,4.6304694617666655,0.7333333333333334,369.6,"Bakhiet, Abdelrasheed & Lynn (2017)","Bakhiet, S. F. A., Abdelrasheed, N. S. G., & Lynn, R. (2017). A New Study of the Coloured Progressive Matrices in Libya. Mankind Quarterly, 58, 297-300.",Y,,
LBY9541,9541.0,LBY,Libya,73.1.7,1.0,,2.0,normal,3.0,6.0,11.0,8.5,20.4,600.0,0.2,RPM,CPM,CPM,full,1.0,1.0,2006.0,2007.0,1.0,1.0,1.0,1.0,1.0,0.0,22.656666666666666,22.656666666666666,86.32606220818333,0.21000000000000085,0.0,0.0,0.0,1.0,86.53606220818332,86.0,-0.5360622081833242,0.5360622081833242,0.7333333333333334,440.00000000000006,Lynn et al. (2008a),"Lynn, R., Abdalla, S.-E. G., & Al-Shahomee, A. A. (2008a). Norms for the Progressive Matrices for Libya and Tunisia. The Mankind Quarterly, 49, 71-77.",Y,"Numbers also published in Al-Shahomee, A. A., Abdalla, S. El-Gh., & Lynn, R. (2017). An Increase in Intelligence in Libya from 2006 to 2017. Mankind Quarterly, 58, 290-296.","Lynn  at al. (2008) reported a CPM IQ of 86 as the average of 6 age groups. The data were collected in 2006. The IQ  has been recalculated in relation to the 2007 British norms at 98 at age 6, 89 age 7, 78 age 8, 80 age 9, 78 age 10, and 72 age 11. The average is 82.5, rounded up to 83. "
LTU6933,6933.0,LTU,Lithuania,74.1.3,1.0,,2.0,normal,1.0,6.0,16.0,11.0,32.7,453.0,0.2,WIS,WISC-III,WISC-III,full,2.0,1.0,2000.0,1989.0,11.0,2.0,0.5,0.0,1.0,0.0,,,96.0,-3.7399999999999984,-2.5,0.0,0.0,0.3333333333333333,89.76,,,,0.3444444444444444,156.0333333333333,Georgas et al. (2003),"Georgas, J., Weiss, L. G., van der Vijver, F., & Saklofske, D. H. (Eds) (2003). Culture and Children’s Intelligence. Amsterdam: Academic Press.",Y,,
LTU6881,6881.0,LTU,Lithuania,74.1.1,3.0,Kaunas,2.0,normal,1.0,8.0,12.0,10.1,33.6,259.0,0.2,RPM,CPM,CPM,full,1.0,1.0,1999.0,2007.0,8.0,1.0,1.0,1.0,0.0,0.0,28.9,28.9,94.35037550000004,1.6800000000000068,0.0,0.0,0.0,1.0,96.03037550000005,90.0,-6.030375500000048,6.030375500000048,0.7333333333333334,189.93333333333334,Lynn & Kazlauskait (2002),"Lynn, R., & Kazlauskaite, V. (2002). A Study of the IQ in Lithuania. Perceptual andMotor Skills, 96, 611-612.",Y,,
LTU5971,5971.0,LTU,Lithuania,74.1.2,1.0,,2.0,normal,2.0,8.0,12.0,8.5,35.2,1067.0,0.2,RPM,CPM,CPM,full,1.0,1.0,2004.0,2007.0,3.0,1.0,1.0,1.0,1.0,0.0,25.732727272727274,25.732727272727274,94.9831976811273,0.6300000000000026,0.0,0.0,0.0,1.0,95.6131976811273,96.0,0.38680231887269656,0.38680231887269656,0.7333333333333334,782.4666666666667,Gintilienë & Butkienë (2005),"Gintilienë, G., & Butkienë, D. (2005). Raveno spalvoto Progresuoljaneio Matrico standartizacija lietuvoje. Psichologija, 32, 1-13.",Y,,
MWI4457,4457.0,MWI,Malawi,76.1.1,4.0,Ntcheu District,2.0,normal,5.0,7.0,14.0,10.5,6.0,268.0,0.4,RPM,CPM,SPM,full,1.0,1.0,2009.0,1979.0,30.0,1.0,0.6666666666666666,1.0,1.0,1.0,5.91,17.968818217076844,75.79399301086899,-6.090000000000025,0.0,0.0,0.0,0.6666666666666666,69.70399301086897,60.0,-9.70399301086897,9.70399301086897,0.5777777777777778,154.84444444444446,Van der Vijver & Brouwers (2009),"Van der Vijver, F. J. R., & Brouwers, S. A. (2009). Schooling and basic aspects of intelligence: a natural quasi experiment in Malawi. Journal of Applied Developmental Psychology, 30, 67-74.",Y,,
MLI8345,8345.0,MLI,Mali,,3.0,Bamako,2.0,normal,5.0,6.0,14.0,9.85,5.950000000000001,206.0,0.4,RPM,SPM,SPM,full,1.0,1.0,2017.0,1979.0,38.0,1.0,0.6666666666666666,0.0,0.0,0.0,,,65.85,-6.090000000000025,0.0,0.0,1.0,0.3333333333333333,60.0,,,,0.4666666666666666,96.13333333333333,Dramé & Ferguson (2017),"Dramé, C., & Ferguson, Ch. J. (2017). Measurements of Intelligence in sub-Saharan Africa: Perspectives Gathered from Research in Mali. Current Psychology, 2017, 1-6.",Y,,
MYS8050,8050.0,MYS,Malaysia,77.1.2,2.0,Bachok District,2.0,normal,1.0,6.2,9.8,8.01,20.490000000000002,237.0,0.2,RPM,CPM,CPM,full,1.0,1.0,2009.0,2007.0,2.0,1.0,1.0,0.0,0.0,0.0,,,86.26,-0.21000000000000085,0.0,0.0,0.0,0.3333333333333333,86.05000000000001,86.5,0.44999999999998863,0.44999999999998863,0.5111111111111111,121.13333333333333,Hamid et al. (2011),"Hamid, J. J. M., Mitra'z, A. K., Hasmiza, H., Pim, C. D., Ng, L., & Wan Manan, W. M. (2011). Effect of gender and nutritional status on academic achievement and cognitive function among primary school children in a rural district in Malaysia. Malaysian Journal of Nutrition, 17, 189-200.  ",Y,,Hamid et al. (2002) report data for poor Malay children aged 6-9 tested with CPM obtaing a IQ of 84.6 on the British 2007 norms. Add 1.9 for a 7 year Flynn effect gives the sample an IQ of 86.5.
MYS7731,7731.0,MYS,Malaysia,,1.0,urban + rural,2.0,normal,3.0,7.5,12.0,9.25,19.25,5412.0,0.5,RPM,SPM,SPM,full,1.0,1.0,1994.0,1979.0,15.0,1.0,0.8333333333333334,0.0,1.0,0.0,28.86004813477738,28.86004813477738,91.5318016212415,-3.150000000000013,0.0,0.0,0.0,1.0,88.3818016212415,92.0,3.618198378758507,3.618198378758507,0.7777777777777778,4209.333333333333,Raven & Raven (2008),"Raven, J. (2008). Change and stability in RPM scores over culture and time: The story at the turn of the century. In: Raven, J., & Raven, J. C. (Eds) (2008). Uses and Abuses of Intelligence. Unionville, NY: Royal Fireworks Press.",Y,,
MLT5272,5272.0,MLT,Malta,79.1.2,1.0,,2.0,normal,5.0,,,5.2,36.599999999999994,136.0,0.2,RPM,CPM,CPM,full,1.0,1.0,1994.0,2007.0,13.0,1.0,0.8333333333333334,1.0,0.0,0.0,14.265,14.265,91.6305186179,2.730000000000011,0.0,0.0,0.0,1.0,94.3605186179,97.0,2.6394813821000014,2.6394813821000014,0.6777777777777777,92.17777777777776,Martinelli & Lynn (2005),"Martinelli, V., & Lynn, R. (2005). Sex differences on verbal and non-verbal abilities among primary school children in Malta. Journal of Maltese Educational Research, 3, 1-7.",Y,,
MLT7672,7672.0,MLT,Malta,79.1.1,1.0,,2.0,male; dyslexic,3.0,12.0,13.0,12.916666666666666,28.883333333333333,16.0,0.0,RPM,SPM,SPM,full,1.0,1.0,2014.0,1979.0,35.0,1.0,0.6666666666666666,1.0,0.0,0.0,42.0,42.0,96.8109,-6.090000000000025,0.0,0.0,0.0,1.0,90.72089999999997,89.0,-1.720899999999972,1.720899999999972,0.5555555555555555,8.888888888888888,Martinelli & Schembri (2014),"Martinelli, V., & Schembri, J. (2014). Dyslexia, spatial awareness and creativity in adolescent boys. The Psychology of Education Review, 38, 39-45.",Y,,Martinelli & Schembri (2014) report SPM data for 48 boys aged 12.10 years. They scored 38.5 at the 26th British percentile = IQ 89. The sample also obtained an IQ of approximately 100 on tests standardised in Malta showing that it was representative.
MLT9371,9371.0,MLT,Malta,79.1.1,1.0,,2.0,male; non-dyslexic,3.0,12.0,13.0,12.833333333333334,28.96666666666666,20.0,0.0,RPM,SPM,SPM,full,1.0,1.0,2014.0,1979.0,35.0,1.0,0.6666666666666666,1.0,0.0,0.0,42.0,42.0,96.8109,-6.090000000000025,0.0,0.0,0.0,1.0,90.72089999999997,89.0,-1.720899999999972,1.720899999999972,0.5555555555555555,11.111111111111109,Martinelli & Schembri (2014),"Martinelli, V., & Schembri, J. (2014). Dyslexia, spatial awareness and creativity in adolescent boys. The Psychology of Education Review, 38, 39-45.",Y,,Martinelli & Schembri (2014) report SPM data for 48 boys aged 12.10 years. They scored 38.5 at the 26th British percentile = IQ 89. The sample also obtained an IQ of approximately 100 on tests standardised in Malta showing that it was representative.
MHL9839,9839.0,MHL,Marshall Islands,81.1.1,1.0,,2.0,normal,1.0,12.0,18.0,15.0,7.899999999999999,407.0,0.4,CFT,CFT,CFT,full,1.0,1.0,1963.0,1961.0,2.0,2.0,0.6666666666666666,0.0,0.0,0.0,,,87.5,-1.0399999999999991,-2.5,0.0,0.0,0.3333333333333333,83.96000000000001,84.0,0.03999999999999204,0.03999999999999204,0.4666666666666666,189.9333333333333,Jordheim & Olsen (1963),"Jordheim, G. D., & Olsen, I. A. (1963). The use of a non-verbal test of intelligence in the trust territory of the Pacific. American Anthropologist, 65, 1122-1125.",Y,,
MUS7083,7083.0,MUS,Mauritius,83.1.1,1.0,,2.0,control,1.0,11.0,12.0,11.0,24.299999999999997,837.0,0.0,WIS,WISC,WISC,full,2.0,1.0,1980.5,1947.0,33.5,2.0,0.3333333333333333,0.0,1.0,0.0,,,100.88,-11.559999999999997,-2.5,0.0,0.0,0.3333333333333333,86.82,88.0,1.1800000000000068,1.1800000000000068,0.2222222222222222,186.0,Liu et al. (2003),"Liu, J., Raine, A., Venables, P. H., Dalais, C., & Mednick, S. A. (2003). Malnutrition at 3 years and lower cognitive ability at 11 years. Archives of Pediatric Adolescent Medicine, 157, 593-600.",Y,malnourished sample excluded,"Liu, Raine, Venables, Dalais & Mednick (2003) have reported data for 1090 11 year olds who were tested with the WISC in 1981 and obtained an IQ of 99.7. The WISC norms were obtained in 1947. The Mauritian IQ needs a Flynn effect (34 years) reduction of 10 IQ points and a further reduction of 2 IQ points to converted  to a British  IQ to give an IQ of 88."
MEX2251,2251.0,MEX,Mexico,84.1.1,3.0,"Ensenada, Baja California",2.0,Whites,1.0,7.0,10.0,8.82,19.48,155.0,0.1,RPM,SPM,SPM,full,1.0,1.0,2000.0,1979.0,21.0,1.0,0.6666666666666666,1.0,0.0,0.0,32.28,32.28,100.81018767999998,-4.410000000000018,0.0,0.0,0.0,1.0,96.40018767999996,88.0,-8.40018767999996,8.40018767999996,0.5888888888888889,91.27777777777779,"Lynn, Backhoff & Contreras (2005)","Lynn, R., Backhoff, E., & Contreras, L. A. (2005). Ethnic and racial differences on the Standard Progressive Matrices in Mexico. Journal of Biosocial Science, 37, 107–113.",Y,,
MEX5383,5383.0,MEX,Mexico,84.1.1,3.0,"Ensenada, Baja California",2.0,Native Mexican Indians,1.0,7.0,10.0,9.17,19.130000000000003,194.0,0.1,RPM,SPM,SPM,full,1.0,1.0,2000.0,1979.0,21.0,1.0,0.6666666666666666,1.0,0.0,0.0,20.3,20.3,85.7921675,-4.410000000000018,0.0,0.0,0.0,1.0,81.38216749999998,88.0,6.61783250000002,6.61783250000002,0.5888888888888889,114.24444444444445,"Lynn, Backhoff & Contreras (2005)","Lynn, R., Backhoff, E., & Contreras, L. A. (2005). Ethnic and racial differences on the Standard Progressive Matrices in Mexico. Journal of Biosocial Science, 37, 107–113.",Y,,
MEX6839,6839.0,MEX,Mexico,84.1.1,3.0,"Ensenada, Baja California",2.0,Mestizo,1.0,7.0,10.0,8.91,19.39,571.0,0.1,RPM,SPM,SPM,full,1.0,1.0,2000.0,1979.0,21.0,1.0,0.6666666666666666,1.0,0.0,0.0,29.13,29.13,96.82591254249996,-4.410000000000018,0.0,0.0,0.0,1.0,92.41591254249994,88.0,-4.415912542499939,4.415912542499939,0.5888888888888889,336.2555555555556,"Lynn, Backhoff & Contreras (2005)","Lynn, R., Backhoff, E., & Contreras, L. A. (2005). Ethnic and racial differences on the Standard Progressive Matrices in Mexico. Journal of Biosocial Science, 37, 107–113.",Y,,
MEX2202,2202.0,MEX,Mexico,84.1.2,2.0,,2.0,normal,5.0,8.0,10.0,9.18,19.12,670.0,0.3,RPM,CPM,CPM,full,1.0,1.0,2012.5,2007.0,5.5,1.0,1.0,1.0,0.0,0.0,26.32,26.32,91.35798572160002,-0.21000000000000085,0.0,0.0,0.0,1.0,91.14798572160001,80.0,-11.147985721600008,11.147985721600008,0.7666666666666666,513.6666666666666,"Soto, Ramírez & Tomasini (2014)","Soto, B. I. C., Ramírez, F. Z., & Tomasini, G. A. (2014). Quienes son los alumnus con aptitud sobresaliente? Revista Actualidades Investigativas en Educación, 14, 1-32.",Y,,"Soto er al. (2014) report data for children age 9 from 3 public primary schools, obtaining an average of 26.3 on the CPM equivalent to an IQ of 80 on the 2007 British standardisation."
MNG3257,3257.0,MNG,Mongolia,86.1.2,1.0,,2.0,normal,1.0,5.0,12.0,8.5,19.8,708.0,0.3,RPM,CPM,CPM,full,1.0,1.0,2003.0,2007.0,4.0,1.0,1.0,1.0,1.0,0.0,26.08375,26.08375,98.51797870211249,0.8400000000000034,0.0,0.0,0.0,1.0,99.35797870211249,96.0,-3.35797870211249,3.35797870211249,0.7666666666666666,542.8,Odgerel & Maekawa (2003),"Odgerel, D., & Maekawa, H. (2003). A study on assessment of mental abilities of special children in Mongolia with Raven's Coloured Progressive Matrices. Bulletin of Disablity Sciences, 27, 1-27.",Y,,"A further study of the IQ in Mongolia has been published by Odgerel & Maekawa (2003). The sample consisted of 707 school students aged 5 -12 years (362 boys, 345 girls) attending representative urban and rural schools in Mongolia. The children were tested in 2001 with the CPM and obtained a British IQ of 94. This IQ needs adjustment for the increase of the British IQ over the 22 years from 1982 to 2007 which is calculated by Flynn (2012) as 0.38 IQ points a year.  The Mongolian data were collected in 2001, 6 years earlier than the British 2007 standardisation, and therefore 2.3 IQ points (6 x 0.38) need to be added to the Mongolian IQ increasing it from 94 to 96.2. "
MAR9792,9792.0,MAR,Morocco,87.1.1,3.0,Kenitra,2.0,normal,3.0,6.0,11.0,8.5,20.8,85.0,0.2,RPM,SPM,SPM,full,1.0,1.0,1996.0,1979.0,17.0,1.0,0.8333333333333334,1.0,0.0,0.0,21.0,21.0,86.4011,-3.5700000000000145,0.0,0.0,0.0,1.0,82.83109999999999,74.0,-8.831099999999992,8.831099999999992,0.6777777777777777,57.61111111111111,Aboussaleh et al. (2006),"Aboussaleh, Y., Ahami, A.O.T., Bonthoux, F., Marenddaz, C., & Valdois, S. (2006).  Performances cognitives des enfants anémiques âgés de 6 à 11 ans en milieu urbain du Nord-Ouest Marocain. Journal de Thérapie Comportementale et Cognitive, 16, 249-54.",Y,,"Aboussaleh et al. (2006) report SPM data for 85 children with a mean age of 8.5 years in the town of Kenitra in the Northwest. The sample obtained a score of   21 = 17 percentile on the 1979 British standardisation = 86 IQ.  The British IQ of this age group increased by 3.3 1Q points a decade over the years 1979-2008, so 8 IQ points (25 years) need to be deducted giving a Moroccan IQ of 78."
MAR2881,2881.0,MAR,Morocco,87.1.3,3.0,Casablanca; Marrkesh; Meknes; Tangiers,2.0,normal,3.0,18.0,50.0,26.77,2.530000000000001,202.0,0.4,RPM,SPM,APM,full,1.0,1.0,2012.0,1992.0,20.0,1.0,0.6666666666666666,1.0,0.0,1.0,43.73,10.760957566690003,78.3243960158971,-3.3600000000000136,0.0,0.0,0.0,0.6666666666666666,74.96439601589708,81.0,6.03560398410292,6.03560398410292,0.5777777777777778,116.71111111111112,Díaz et al. (2012),"Díaz, A., Sellami, K., Infanzón, E., Lanzón, T., & Lynn, R. (2012). A comparative study of general intelligence in Spanish and Moroccan samples. Spanish Journal of Psychology, 15, 526-532.",Y,,
MAR4514,4514.0,MAR,Morocco,87.1.4,3.0,Mrirt,2.0,normal,3.0,12.0,18.0,14.2,15.100000000000001,164.0,0.3,RPM,SPM,SPM,full,1.0,1.0,2013.0,1979.0,34.0,1.0,0.6666666666666666,1.0,0.0,0.0,34.29,34.29,78.9646357778,-6.090000000000025,0.0,0.0,0.0,1.0,72.87463577779997,85.0,12.125364222200034,12.125364222200034,0.6555555555555556,107.5111111111111,El Azmy et al. (2013),"El Azmy, J., Ahami, A. O. T., Badda, B., Azzaoui, F. Z., Aboussaleh, Y., Latifi, M., & El Hessni, A. (2013). Evaluation des performances neurocognitives des collégiens à M’rirt (Moyen Atlas, Maroc). Antropo, 30, 33-43.",Y,,El Azmy et al (2013) report a median SPM score of 36 for a sample in a provincial town giving an IQ of 80 on the British 2007 norms. The test was timed at 30 minutes and to adjust for this the IQ is raised to 85.
MAR5929,5929.0,MAR,Morocco,87.1.5,4.0,,2.0,normal,3.0,13.0,18.0,14.46,14.84,188.0,0.3,RPM,SPM,SPM,full,1.0,1.0,2005.0,1979.0,26.0,1.0,0.6666666666666666,1.0,0.0,0.0,28.22,28.22,70.79468728959999,-5.460000000000022,0.0,0.0,0.0,1.0,65.33468728959997,73.0,7.6653127104000305,7.6653127104000305,0.6555555555555556,123.24444444444444,Latifi et al. (2009),"Latifi, M., Soulaymani, A., Ahami, A. O. T., Mokhtari, A., Aboussaleh, Y., Rusinek, S. (2009). Comparaison des performances cognitives chez les adolescents consanguins et les non consanguins de la région nord Ouest marocain. Antropo, 19, 57-65.",Y,,Latifi et al. (2009) report an SPM median of 29 for a sample with average age of 14.45 years giving a British IQ of 73. Children of cousin marriages scored approximately 5 IQ points lower than those of non-consanguinous marriages. The authors report that 13 percent of marriages in Morocco are between cousins. 
MAR4071,4071.0,MAR,Morocco,87.1.6,4.0,Sidi El Kamel,2.0,normal,3.0,11.8,17.7,14.75,14.55,1177.0,0.3,RPM,SPM,SPM+,full,1.0,1.0,2011.0,2007.0,4.0,1.0,1.0,1.0,1.0,1.0,29.379166666666663,21.645830683229168,65.52602316290108,-0.21000000000000085,0.0,0.0,0.0,0.6666666666666666,65.31602316290108,73.5,8.183976837098925,8.183976837098925,0.6555555555555556,771.5888888888888,"Sbaibi, Aboussaleh & Ahamim (2014)","Sbaibi, R., Aboussaleh, Y., & Ahamim, A. O. T. (2014). Sex differences in means and variance among middle school children in the rural commune of Sidi El Kamel (North-Western Morocco). Asian Journal of Scientific Research, 7, 376-385.",Y,,"Sbaibi et al. (2014) report SPM data for a sample of middle school children from a rural township in Morocco. Some children (especially girls) most likely are no longer in school at the age of testing (12 – 17 ½ years), therefore results may overestimate the real IQ average slightly. SPM scores are at the 4th percentile of British 1979 norms age 12 – 15 ½, and at the 5th percentile of US norms for age 16 – 17 ½. Without any Flynn effect correction, the average IQ is 73.3. The study is summarized by Bakhiet & Lynn (2015)."
MAR3967,3967.0,MAR,Morocco,87.1.7,3.0,Casablanca,2.0,normal,3.0,19.0,32.0,26.568514851485148,2.731485148514853,87.0,0.4,RPM,SPM,APM,full,1.0,1.0,2010.0,1992.0,18.0,1.0,0.8333333333333334,1.0,0.0,1.0,42.629999999999995,9.925832474790006,76.66566223383784,-3.3600000000000136,0.0,0.0,0.0,0.6666666666666666,73.30566223383782,81.0,7.694337766162178,7.694337766162178,0.6333333333333333,55.099999999999994,Sellami et al. (2010),"Sellami, K., Infanzón, E., Lanzón, T., Díaz, A.,& Lynn, R. (2010). Sex differences in means and variance of intelligence: Some data from Morocco. Mankind Quarterly, 51, 84-92.",Y,,
MAR7691,7691.0,MAR,Morocco,87.1.7,3.0,Casablanca,2.0,university students,3.0,19.0,32.0,26.568514851485148,2.731485148514853,115.0,0.2,RPM,SPM,APM,full,1.0,1.0,2010.0,1992.0,18.0,1.0,0.8333333333333334,1.0,0.0,1.0,46.17,12.86081586441,82.34586283813167,-3.3600000000000136,0.0,0.0,0.0,0.6666666666666666,78.98586283813165,81.0,2.014137161868348,2.014137161868348,0.5666666666666668,65.16666666666667,Sellami et al. (2010),"Sellami, K., Infanzón, E., Lanzón, T., Díaz, A.,& Lynn, R. (2010). Sex differences in means and variance of intelligence: Some data from Morocco. Mankind Quarterly, 51, 84-92.",Y,,
NAM3261,3261.0,NAM,Namibia,89.1.1,1.0,,2.0,Herero-speaking,1.0,7.0,12.0,8.5,12.7,103.0,0.1,RPM,CPM,CPM,full,1.0,1.0,2003.0,2007.0,4.0,1.0,1.0,1.0,1.0,0.0,15.302499999999998,15.302499999999998,65.35438314685001,0.8400000000000034,0.0,0.0,0.0,1.0,66.19438314685002,71.0,4.805616853149985,4.805616853149985,0.7000000000000001,72.10000000000001,Veii (2003),"Veii, K., (2003). Cognitive and linguistic predictors of literacy in Namibian Herero-English bilingual school children.Thesis submitted for the degree of Doctor of Philosophy to the Department of Psychology of the School of Human Sciences of the University of Surrey in Guildford, Surrey, United Kingdom, 2003.",Y,,
NPL1067,1067.0,NPL,Nepal,90.1.1,4.0,,2.0,vitamin A deficiancy,3.0,,,20.8,3.3000000000000007,124.0,0.2,RPM,CPM,APM,full,1.0,1.0,1995.5,1992.0,3.5,1.0,1.0,1.0,0.0,1.0,17.78,-1.392077048522573,47.717296572295936,-0.8400000000000034,0.0,0.0,1.0,0.6666666666666666,60.0,65.0,5.0,5.0,0.6222222222222222,77.15555555555555,Buckley et al. (2013),"Buckley, G. J., Murray-Kolb, L. E., Khatry, S. K., LeClerq, S. C., Wu, L., West Jr, K. P., & Christian, P. (2013). Cognitive and motor skills in school-aged children following maternal vitamin A supplementation during pregnancy in rural Nepal: a follow-up of a placebo-controlled, randomised cohort. BMJ Open, 3, e002000.",Y,children with vitamin-A-deficiancy (underestimation possible),
NPL1558,1558.0,NPL,Nepal,90.1.2,4.0,Sarlahi,2.0,mothers,3.0,26.0,36.0,31.6,7.5,178.0,0.2,RPM,CPM,APM,full,1.0,1.0,2008.0,1992.0,16.0,1.0,0.8333333333333334,1.0,0.0,1.0,16.6,-1.846580429891027,44.23302435874174,-3.3600000000000136,0.0,0.0,1.0,0.6666666666666666,60.0,65.0,5.0,5.0,0.5666666666666668,100.86666666666669,Christian et al. (2010),"Christian, P., Murray-Kolb, L. E., Khatry, S. K., Katz, J., Schaefer, B. A., Cole, P. M., LeClerq, S. C., & Tielsch, J. M. (2010). Prenatal micronutrient supplementation and intellectual and motor function in early school-aged children in Nepal. Journal of the American Medical Association, 304, 2716-2713. ",Y,,Christian et al. (2010) report a cohort study from a micronutrient supplementation trial. For children age 7-9 they report a score of 51 on the UNIT (Universal Intelligence Test) but we do not know what meaning can be attached to this. The mothers (n = 676) obtained a CPM score of 16 and is eqivalent to 15 on the SPM. This is at approximately the 1st percentile on the British 1992 standardisation and a British IQ of 65.
NPL3015,3015.0,NPL,Nepal,90.1.2,4.0,,2.0,mothers,3.0,26.0,36.0,32.0,7.899999999999999,218.0,0.2,RPM,CPM,APM,full,1.0,1.0,2008.0,1992.0,16.0,1.0,0.8333333333333334,1.0,0.0,1.0,15.9,-2.225242572016649,42.70297793604199,-3.3600000000000136,0.0,0.0,1.0,0.6666666666666666,60.0,65.0,5.0,5.0,0.5666666666666668,123.53333333333336,Christian et al. (2010),"Christian, P., Murray-Kolb, L. E., Khatry, S. K., Katz, J., Schaefer, B. A., Cole, P. M., LeClerq, S. C., & Tielsch, J. M. (2010). Prenatal micronutrient supplementation and intellectual and motor function in early school-aged children in Nepal. Journal of the American Medical Association, 304, 2716-2713. ",Y,,Christian et al. (2010) report a cohort study from a micronutrient supplementation trial. For children age 7-9 they report a score of 51 on the UNIT (Universal Intelligence Test) but we do not know what meaning can be attached to this. The mothers (n = 676) obtained a CPM score of 16 and is eqivalent to 15 on the SPM. This is at approximately the 1st percentile on the British 1992 standardisation and a British IQ of 65.
NPL3750,3750.0,NPL,Nepal,90.1.2,4.0,,2.0,mothers,3.0,26.0,36.0,31.2,7.099999999999998,177.0,0.2,RPM,CPM,APM,full,1.0,1.0,2008.0,1992.0,16.0,1.0,0.8333333333333334,1.0,0.0,1.0,15.7,-2.334538256389518,42.25515516399879,-3.3600000000000136,0.0,0.0,1.0,0.6666666666666666,60.0,65.0,5.0,5.0,0.5666666666666668,100.30000000000001,Christian et al. (2010),"Christian, P., Murray-Kolb, L. E., Khatry, S. K., Katz, J., Schaefer, B. A., Cole, P. M., LeClerq, S. C., & Tielsch, J. M. (2010). Prenatal micronutrient supplementation and intellectual and motor function in early school-aged children in Nepal. Journal of the American Medical Association, 304, 2716-2713. ",Y,,Christian et al. (2010) report a cohort study from a micronutrient supplementation trial. For children age 7-9 they report a score of 51 on the UNIT (Universal Intelligence Test) but we do not know what meaning can be attached to this. The mothers (n = 676) obtained a CPM score of 16 and is eqivalent to 15 on the SPM. This is at approximately the 1st percentile on the British 1992 standardisation and a British IQ of 65.
NPL8859,8859.0,NPL,Nepal,90.1.2,4.0,,2.0,mothers,3.0,26.0,36.0,32.0,7.899999999999999,103.0,0.2,RPM,CPM,APM,full,1.0,1.0,2008.0,1992.0,16.0,1.0,0.8333333333333334,1.0,0.0,1.0,16.6,-1.846580429891027,44.23302435874174,-3.3600000000000136,0.0,0.0,1.0,0.6666666666666666,60.0,65.0,5.0,5.0,0.5666666666666668,58.366666666666674,Christian et al. (2010),"Christian, P., Murray-Kolb, L. E., Khatry, S. K., Katz, J., Schaefer, B. A., Cole, P. M., LeClerq, S. C., & Tielsch, J. M. (2010). Prenatal micronutrient supplementation and intellectual and motor function in early school-aged children in Nepal. Journal of the American Medical Association, 304, 2716-2713. ",Y,,Christian et al. (2010) report a cohort study from a micronutrient supplementation trial. For children age 7-9 they report a score of 51 on the UNIT (Universal Intelligence Test) but we do not know what meaning can be attached to this. The mothers (n = 676) obtained a CPM score of 16 and is eqivalent to 15 on the SPM. This is at approximately the 1st percentile on the British 1992 standardisation and a British IQ of 65.
NPL1673,1673.0,NPL,Nepal,,4.0,,2.0,farmers (early paddy),3.0,32.0,52.0,43.099999999999994,18.999999999999993,443.0,0.1,RPM,CPM,APM,full,1.0,1.0,1977.5,1992.0,14.5,1.0,0.8333333333333334,1.0,0.0,1.0,12.98,-3.8872466694087056,40.66781003762,2.940000000000012,0.0,0.0,1.0,0.6666666666666666,60.0,,,,0.5333333333333333,236.26666666666665,Jamison & Moock (1984),"Jamison, D. T., & Moock, P. R. (1984). Farmer Education and Farm Efficiency in Nepal: The Role of Schooling, Extension Services, and Cognitive Skills. World Development, 12, 67-86.",Y,,
NPL3454,3454.0,NPL,Nepal,,4.0,,2.0,farmers (early late),3.0,32.0,52.0,43.9,19.799999999999997,284.0,0.1,RPM,CPM,APM,full,1.0,1.0,1977.5,1992.0,14.5,1.0,0.8333333333333334,1.0,0.0,1.0,13.45,-3.608225468460054,48.26248596705985,2.940000000000012,0.0,0.0,1.0,0.6666666666666666,60.0,,,,0.5333333333333333,151.46666666666667,Jamison & Moock (1984),"Jamison, D. T., & Moock, P. R. (1984). Farmer Education and Farm Efficiency in Nepal: The Role of Schooling, Extension Services, and Cognitive Skills. World Development, 12, 67-86.",Y,,
NPL9132,9132.0,NPL,Nepal,,4.0,,2.0,farmers (wheat),3.0,32.0,52.0,43.099999999999994,18.999999999999993,343.0,0.1,RPM,CPM,APM,full,1.0,1.0,1977.5,1992.0,14.5,1.0,0.8333333333333334,1.0,0.0,1.0,13.12,-3.803563669192471,41.01816222070087,2.940000000000012,0.0,0.0,1.0,0.6666666666666666,60.0,,,,0.5333333333333333,182.93333333333334,Jamison & Moock (1984),"Jamison, D. T., & Moock, P. R. (1984). Farmer Education and Farm Efficiency in Nepal: The Role of Schooling, Extension Services, and Cognitive Skills. World Development, 12, 67-86.",Y,,
NLD4020,4020.0,NLD,Netherlands,91.1.3,1.0,,2.0,normal,3.0,6.0,16.0,10.963384865744509,31.636615134255493,1229.0,0.2,WIS,WISC-III,WISC-III,full,2.0,1.0,2002.0,1989.0,13.0,2.0,0.5,0.0,1.0,0.0,,,102.0,-4.419999999999998,-2.5,0.0,0.0,0.3333333333333333,95.08,,,,0.3444444444444444,423.32222222222214,Georgas et al. (2003),"Georgas, J., Weiss, L. G., van der Vijver, F., & Saklofske, D. H. (Eds) (2003). Culture and Children’s Intelligence. Amsterdam: Academic Press.",Y,,
NLD3429,3429.0,NLD,Netherlands,,1.0,,2.0,twins,5.0,5.0,5.0,5.0,37.6,416.5,0.2,WIS,WISC-R,WISC-R,full,2.0,1.0,1999.0,2006.0,7.0,4.0,0.6666666666666666,0.0,0.0,0.0,,,102.48,2.1599999999999966,0.4,0.0,0.0,0.3333333333333333,105.04,,,,0.39999999999999997,166.6,"Hoekstra, Bartels & Boomsma (2007)","Hoekstra, R. A., Bartels, M., & Boomsma, D. I. (2007). Longitudinal genetic study of verbal and nonverbal IQ from early childhood to young adulthood. Learning and Individual Differences, 17, 97-114.",Y,,
NLD3851,3851.0,NLD,Netherlands,,1.0,,2.0,twins,5.0,18.0,18.0,18.0,24.6,364.5,0.2,WIS,WAIS-III,WAIS-III,full,2.0,1.0,2005.0,1997.0,8.0,4.0,0.6666666666666666,0.0,0.0,0.0,,,104.07,-2.8799999999999955,0.4,0.0,0.0,0.3333333333333333,101.59,,,,0.39999999999999997,145.79999999999998,"Hoekstra, Bartels & Boomsma (2007)","Hoekstra, R. A., Bartels, M., & Boomsma, D. I. (2007). Longitudinal genetic study of verbal and nonverbal IQ from early childhood to young adulthood. Learning and Individual Differences, 17, 97-114.",Y,,
NLD8537,8537.0,NLD,Netherlands,,1.0,,2.0,twins,1.0,12.0,13.0,12.42,30.18,353.0,0.2,WIS,WISC-R,WISC-R,six subtests,2.0,1.0,2003.42,1986.0,17.420000000000073,4.0,0.16666666666666666,0.0,0.0,0.0,,,99.45,-6.119999999999992,0.4,0.0,0.0,0.3333333333333333,93.73000000000002,,,,0.2333333333333333,82.36666666666666,Polderman et al. (2006),"Polderman, T. J. C., Gosso, M. F., Posthuma, D., van Beijsterveldt, T. C. E. M., Heutnik, P., Verhulst, F. C., & Boomsma, D. I. (2006). A longitudinal twin study on IQ, executive functioning, and attention problems during childhood and early adolescence. Acta Neurologica Belgica, 106, 191-207.",Y,,
NLD5358,5358.0,NLD,Netherlands,91.1.1,1.0,,2.0,normal,1.0,6.5,12.0,9.25,33.35,4032.0,0.2,RPM,SPM,SPM,full,1.0,1.0,1992.0,1979.0,13.0,1.0,0.8333333333333334,1.0,1.0,0.0,34.0,34.0,104.61313166666666,-2.730000000000011,0.0,0.0,0.0,1.0,101.88313166666666,101.0,-0.8831316666666567,0.8831316666666567,0.6777777777777777,2732.7999999999997,"Raven, Raven & Court (1999)","Raven, J. C., Raven, J., & Court, J. H. (1999). Raven's Progressive Matrices und Vocabulary Scales. Magdeburg: Swets Test Service.",Y,,
NLD8753,8753.0,NLD,Netherlands,91.1.2,1.0,,2.0,normal,1.0,6.0,12.0,7.0,35.6,1920.0,0.2,RPM,CPM,CPM,full,1.0,1.0,1986.0,2007.0,21.0,1.0,0.6666666666666666,1.0,1.0,0.0,20.692307692307693,20.692307692307693,91.87195384615384,4.410000000000018,0.0,0.0,0.0,1.0,96.28195384615387,99.0,2.7180461538461316,2.7180461538461316,0.6222222222222222,1194.6666666666667,"Raven, Raven & Court (2006)","Raven, J. C., Raven, J., & Court, J. H. (2006). Manual für Raven's Progressive Matrices and Vocabulary Scales. Frankfurt: Harcourt Test Service.",Y,,
NLD4778,4778.0,NLD,Netherlands,,6.0,,2.0,twins,3.0,15.0,17.0,16.13,26.470000000000002,420.0,0.2,RPM,SPM,APM,full,1.0,1.0,1978.87,1992.0,13.13000000000011,1.0,0.8333333333333334,1.0,0.0,1.0,49.3,16.120118489999996,102.22985356431242,2.730000000000011,0.0,0.0,0.0,0.6666666666666666,104.95985356431243,,,,0.5666666666666668,238.00000000000003,"Rijsdijk, Boomsma & Vernon (1995)","Rijsdijk, F. V., Boomsma, D. I., & Vernon, P. A. (1995). Genetic Analysis of Peripheral Nerve Conduction Velocity in Twins. Behavior Genetics, 25, 341-348.",Y,,
NLD5823,5823.0,NLD,Netherlands,,6.0,,2.0,twins,3.0,16.5,18.5,17.63,24.970000000000002,388.0,0.2,WIS,WAIS,WAIS,full,2.0,1.0,1977.37,1970.0,7.369999999999891,4.0,0.6666666666666666,0.0,0.0,0.0,,,113.75,-2.5199999999999996,0.4,0.0,0.0,0.3333333333333333,111.63000000000001,,,,0.39999999999999997,155.2,"Rijsdijk, Vernon & Boomsma (2002)","Rijsdijk, F. V., Vernon, P. A., & Boomsma, D. I. (2002). Application of Hierarchical Genetic Models to Raven and WAIS Subtests: A Dutch Twin Study. Behavior Genetics, 32, 199-201.",Y,,
NLD8765,8765.0,NLD,Netherlands,,6.0,,2.0,twins,3.0,16.5,18.5,17.63,24.970000000000002,388.0,0.2,RPM,SPM,APM,full,2.0,1.0,1977.37,1992.0,14.63000000000011,1.0,0.8333333333333334,0.0,0.0,0.0,4.945,16.29388166625,99.36335549115913,1.6500000000000048,0.0,0.0,0.0,0.6666666666666666,101.01335549115913,,,,0.5666666666666668,219.8666666666667,"Rijsdijk, Vernon & Boomsma (2002)","Rijsdijk, F. V., Vernon, P. A., & Boomsma, D. I. (2002). Application of Hierarchical Genetic Models to Raven and WAIS Subtests: A Dutch Twin Study. Behavior Genetics, 32, 199-201.",Y,,
NLD1133,1133.0,NLD,Netherlands,91.1.4,1.0,,2.0,twins,5.0,11.9,12.9,12.4,30.200000000000003,737.0,0.2,WIS,WISC-R,WISC-R,full,2.0,1.0,1998.0,1983.0,15.0,3.0,0.5,1.0,1.0,0.0,112.45,112.45,109.5,-9.000000000000021,-1.2,0.0,0.0,1.0,99.29999999999997,,,,0.5666666666666667,417.6333333333333,van der Sluis et al. (2008),"van der Sluis, S., Derom, C., Thiery, E., Bartels, M., Polderman, T. J. C., Verhulst, F. C., Jacobs, N., … Posthuma, D. (2008). Sex differences on the WISC-R in Belgium and The Netherlands. Intelligence, 36, 48-67.",Y,,
ANT1636,1636.0,ANT,Netherlands Antilles,92.1.1,6.0,,2.0,normal,3.0,9.0,11.0,10.0,29.299999999999997,96.0,0.2,RPM,SPM,SPM,full,1.0,1.0,2000.0,1979.0,21.0,1.0,0.6666666666666666,1.0,0.0,0.0,27.2,27.2,84.42445280000001,-4.410000000000018,0.0,0.0,0.0,1.0,80.01445279999999,83.0,2.9855472000000134,2.9855472000000134,0.6222222222222222,59.733333333333334,"Vedder, Van de Vijfeijken & Kook (2000)","Vedder, P., Van de Vijfeijken, K., & Kook, H. (2000). Borrowing norms for the Human Figure Drawing Test: how to validate this practice? Scandinavian Journal of Educational Research, 44, 393-404.",Y,,"Two studies report CPM and SPM IQs for children in Curacao, one of the islands in Netherlands Antilles, obtaining IQs of 87 and 83 (Van de Vijfeijken et al., 1997; Vedder et al., 2000)."
NZL3422,3422.0,NZL,New Zealand,94.1.2,2.0,Dunedin Multidisciplinary,2.0,lean,1.0,7.0,11.0,9.0,28.9,644.0,0.0,WIS,WISC-R,WISC-R,full,2.0,1.0,1972.5,1974.0,1.5,2.0,0.6666666666666666,0.0,0.0,0.0,,,101.25,0.33999999999999986,-2.5,0.0,0.0,0.3333333333333333,99.09,98.5,-0.5900000000000034,0.5900000000000034,0.3333333333333333,214.66666666666666,Belsky et al. (2013),"Belsky, D. W., Caspi, A., Goldman-Mellor, S., Meier, M. H., Ramrakha, S., Poulton, R., & Moffitt, T. E. (2013). Is obesity associated with a decline in intelligence quotient during the first half of the life course? American Journal of Epidemiology, 178, 1461-1468.",Y,Mean of all samples because full sample is representative,Belsky et al. (2013) give a WAIS IV IQ of 100.5 for a sample. Deduct 2 to converted  to a British IQ gives  the sample an IQ of 98.5.
NZL6659,6659.0,NZL,New Zealand,94.1.3,3.0,Christchurch urban region,2.0,normal,3.0,8.0,9.0,8.5,29.4,881.0,0.3,WIS,WISC-R,WISC-R,full,2.0,1.0,1985.5,1974.0,11.5,2.0,0.5,0.0,0.0,0.0,,,102.97500000000001,-4.079999999999998,-2.5,0.0,0.0,0.3333333333333333,96.39500000000001,102.0,5.60499999999999,5.60499999999999,0.37777777777777777,332.8222222222222,Fergusson & Horwood (1997),"Fergusson, D. M., & Horwood, L. J. (1997). Sex differences in educational achievement in a New Zealand birth cohort. New Zealand Journal of Educational Studies, 32, 83-95.",Y,"Additional information from: Fergusson, D. M., Lloyd, M., & Horwood, J. L. (1991). Family ethnicity, social background and scholastic achievement - an eleven years longitudinal study. Zealand Journal of Educational Studies, 26(1), 49-63.",
NZL2045,2045.0,NZL,New Zealand,94.1.1,1.0,,2.0,normal,1.0,8.0,15.0,11.5,26.4,3174.0,0.2,RPM,SPM,SPM,full,1.0,1.0,1984.0,1979.0,5.0,1.0,1.0,1.0,1.0,0.0,40.46666666666667,40.46666666666667,101.7922,-1.0500000000000043,0.0,0.0,0.0,1.0,100.7422,100.0,-0.7421999999999969,0.7421999999999969,0.7333333333333334,2327.6000000000004,"Raven, Raven & Court (1999)","Raven, J. C., Raven, J., & Court, J. H. (1999). Raven's Progressive Matrices und Vocabulary Scales. Magdeburg: Swets Test Service.",Y,,
NIC2077,2077.0,NIC,Nicaragua,95.1.2,4.0,,2.0,pesticide exposure ,3.0,7.0,9.0,8.0,17.7,110.0,0.1,WIS,WISC-IV,WISC-IV,full,2.0,1.0,2012.0,2003.0,9.0,2.0,0.6666666666666666,0.0,0.0,0.0,,,67.0,-1.0200000000000102,-2.5,0.0,0.0,0.3333333333333333,63.47999999999999,67.0,3.5200000000000102,3.5200000000000102,0.36666666666666664,40.33333333333333,Rodríguez (2012),"Rodríguez, T. (2012). Environmental pesticide exposure and neurobehavioral effects among children of Nicaraguan agricultural workers. Ph.D thesis, University of  Uppsala. Acta Universitatis Upsaliensis. Digital Comprehensive Summaries of Uppsala Dissertations from the Faculty of Medicine 820.",Y,,
NIC3786,3786.0,NIC,Nicaragua,95.1.1,2.0,Masaya,2.0,females (not completed primary school),1.0,25.0,29.0,34.9,9.2,488.0,0.2,RPM,CPM,APM,full,1.0,1.0,1997.0,1992.0,5.0,1.0,1.0,1.0,0.0,1.0,7.12,0.4515655810403736,50.80146718313484,-1.0500000000000043,0.0,0.0,1.0,0.6666666666666666,60.0,60.0,0.0,0.0,0.6222222222222222,303.64444444444445,Sandiford et al. (1997),"Sandiford, P., Cassell, J., Sanchez, G., & Coldham, C. (1997). Does intelligence account for the link between maternal literacy and child survival? Social Science & Medicine, 45, 1231-1239.",Y,,Sandiford et al. (1997) report CPM data scale AB only for literate and illiterate women. Approximately 56.4% of women were illiterate in this cohort. The full scale CPM equivalent of the score is 19 and is below the 1st percentile on the British norms. The sample is assigned a British IQ of 60.
NIC6309,6309.0,NIC,Nicaragua,95.1.1,2.0,Masaya,2.0,females (completed primary school),1.0,25.0,29.0,34.9,9.2,488.0,0.2,RPM,CPM,APM,full,1.0,1.0,1997.0,1992.0,5.0,1.0,1.0,1.0,0.0,1.0,8.24,1.787263452011544,55.906269883946464,-1.0500000000000043,0.0,0.0,1.0,0.6666666666666666,60.0,60.0,0.0,0.0,0.6222222222222222,303.64444444444445,Sandiford et al. (1997),"Sandiford, P., Cassell, J., Sanchez, G., & Coldham, C. (1997). Does intelligence account for the link between maternal literacy and child survival? Social Science & Medicine, 45, 1231-1239.",Y,,Sandiford et al. (1997) report CPM data scale AB only for literate and illiterate women. Approximately 56.4% of women were illiterate in this cohort. The full scale CPM equivalent of the score is 19 and is below the 1st percentile on the British norms. The sample is assigned a British IQ of 60.
NGA5789,5789.0,NGA,Nigeria,96.1.10,2.0,Abuja Federal Capital Territory,2.0,normal,3.0,11.0,17.0,15.350000000000001,3.049999999999997,693.0,0.4,RPM,SPM+,SPM+,full,1.0,1.0,2013.0,2007.0,6.0,1.0,1.0,1.0,0.0,0.0,23.865000000000002,23.865000000000002,67.8243726564125,-0.21000000000000085,0.0,0.0,0.0,1.0,67.61437265641251,70.0,2.385627343587487,2.385627343587487,0.7999999999999999,554.4,Hur & Lynn (2013),"Hur, Y.-M., & Lynn, R. (2013). Twin-singleton differences in cognitive abilities in a sample of Africans in Nigeria. Twin Research and Human Genetics, 16, 1-8.",Y,,
NGA7278,7278.0,NGA,Nigeria,96.1.14,3.0,Enugu,2.0,healthy,5.0,6.0,12.0,10.0,8.399999999999999,100.0,0.2,RPM,SPM,SPM,full,1.0,1.0,2017.0,1979.0,38.0,1.0,0.6666666666666666,1.0,0.0,0.0,32.75,32.75,91.4910125,-6.090000000000025,0.0,0.0,0.0,1.0,85.40101249999998,,,,0.6222222222222222,62.22222222222222,"Iloh, Ubesie & Iloh (2017)","Iloh, K. K., Ubesie, A. C., & Iloh, O. N. (2017). Do Socio-demographic characteristics influence the performance of children on Raven Progressive Matrices in Enugu, Nigeria? International Neuropsychiatric Disease Journal, 9, 1-6.",Y,,
NGA1521,1521.0,NGA,Nigeria,96.1.12,6.0,,2.0,university students,5.0,22.0,42.0,32.32,13.920000000000002,47.0,0.1,RPM,APM-,APM-,full,1.0,1.0,2012.0,2012.0,0.0,3.0,0.6666666666666666,1.0,0.0,0.0,3.55,3.55,89.13,0.0,-1.2,-11.33,0.0,0.6666666666666666,76.6,89.13,12.530000000000001,12.530000000000001,0.4777777777777777,22.455555555555552,"Rindermann, Falkenhayn & Baumeister (2014)","Rindermann, H., Falkenhayn, L., & Baumeister, A. E. E. (2014b). Cognitive ability and epistemic rationality: A study in Nigeria and Germany. Intelligence, 47, 23-33.",Y,University students (overestimation possible); Sample compared to specific German score of 111.33,Rindermann et al. (2014b) report data for 47 Nigerian and 70 German students who obtained APM British IQs of 89.13 for the Nigerian and 111.33.  The authors give the Nigerian IQ corrected for education estimated as 77.
NGA6402,6402.0,NGA,Nigeria,96.1.13,3.0,Lagos,2.0,normal,3.0,11.0,13.0,11.7,6.699999999999999,94.0,0.4,WIS,WISC-R,WISC-R,similarities subtest,2.0,1.0,1998.0,1974.0,24.0,2.0,0.0,1.0,0.0,0.0,7.4,7.4,87.5,-8.159999999999997,-2.5,0.0,0.0,1.0,76.84,73.0,-3.8400000000000034,3.8400000000000034,0.4666666666666666,43.86666666666666,Ani & Grantham-McGregor. (1998),"Ani, C. C., & Grantham-McGregor, S. (1998). Family and personal characteristics of aggressive Nigerian boys. Journal of Adolescent Health, 23, 311-317.",Y,,
NGA8922,8922.0,NGA,Nigeria,96.1.9,1.0,,2.0,normal,1.0,8.5,18.5,13.5,4.899999999999999,11164.0,0.4,RPM,SPM+,SPM+,full,1.0,1.0,2017.0,2007.0,10.0,1.0,0.8333333333333334,1.0,1.0,0.0,20.874999999999996,20.874999999999996,67.34306485225001,-0.21000000000000085,0.0,0.0,0.0,1.0,67.13306485225002,65.0,-2.1330648522500155,2.1330648522500155,0.7444444444444445,8310.977777777778,"Hur, Nijenhuis & Jeong (2017)","Hur, Y.-M., te Nijenhuis, J., & Jeong, H. U. (2017). Testing Lynn’s theory of sex differences in intelligence in a large sample of Nigerian school-aged children and adolescents (N > 11,000) using Raven’s Standard Progressive Matrices Plus. Mankind Quarterly, 57, 428-437.",Y,,
NGA7281,7281.0,NGA,Nigeria,96.1.1,2.0,Akure Community,2.0,public schools,3.0,12.0,13.0,12.4,5.999999999999998,233.0,0.2,RPM,SPM,SPM,full,1.0,1.0,2007.0,1979.0,28.0,1.0,0.6666666666666666,1.0,0.0,0.0,23.3,23.3,72.5378418,-5.880000000000024,0.0,0.0,0.0,1.0,66.65784179999997,69.0,2.3421582000000285,2.3421582000000285,0.6222222222222222,144.9777777777778,Ijarotimi & Ijadunola (2007),"Ijarotimi, O. S., & Ijadunola, K. T. (2007). Nutritional status and intelligence quotient of primary school children in Akure community of Ondo State, Nigeria. Tanzania Health Research Bulletin, 9, 69-76.",Y,,
NGA7690,7690.0,NGA,Nigeria,96.1.1,2.0,Akure Community,2.0,private schools,3.0,1.0,1.0,10.25,8.149999999999999,168.0,0.2,RPM,SPM,SPM,full,1.0,1.0,2007.0,1979.0,28.0,1.0,0.6666666666666666,1.0,0.0,0.0,24.5,24.5,78.47663750000001,-5.880000000000024,0.0,0.0,0.0,1.0,72.59663749999999,69.0,-3.5966374999999857,3.5966374999999857,0.6222222222222222,104.53333333333333,Ijarotimi & Ijadunola (2007),"Ijarotimi, O. S., & Ijadunola, K. T. (2007). Nutritional status and intelligence quotient of primary school children in Akure community of Ondo State, Nigeria. Tanzania Health Research Bulletin, 9, 69-76.",Y,,
NGA1525,1525.0,NGA,Nigeria,96.1.2,2.0,Oyo State,2.0,normal,1.0,11.0,15.0,13.06,5.339999999999998,755.0,0.4,RPM,SPM,SPM,full,1.0,1.0,1981.0,1979.0,2.0,1.0,1.0,1.0,0.0,0.0,28.49,28.49,74.3982689347,-0.4200000000000017,0.0,0.0,0.0,1.0,73.9782689347,75.0,1.0217310653000027,1.0217310653000027,0.7999999999999999,604.0,Jegede & Bamgboye (1981),"Jegede, R. O., & Bamgboye, A. (1981). Self-concepts of young Nigerian adolescents. Psychological Reports, 49, 451-454.",Y,,Jegede & Bamgboye (1981) report a SPM score of 28.5 for 755 secondary school students in Oyo State putting them at the 5th percentile of the British 1979 standardisation and an 75.
NGA4945,4945.0,NGA,Nigeria,96.1.3,2.0,,2.0,modern educ.,3.0,11.4,12.8,12.2,6.199999999999999,60.0,0.2,RPM,SPM,SPM,full,1.0,1.0,1980.0,1979.0,1.0,1.0,1.0,1.0,0.0,0.0,20.85,20.85,67.7115090125,-0.21000000000000085,0.0,0.0,0.0,1.0,67.50150901250001,69.0,1.4984909874999914,1.4984909874999914,0.7333333333333334,44.0,Maqsud (1980),"Maqsud, M. (1980). Personality and academic attainment of primary school children. Psychological Reports, 46, 1271-1275.",Y,,Maqsud (1980a) gives an SPM score of 22 for children average age 12.4 years at  the 2nd  percentile of British 1979 norms and equivalent to an IQ of 69. 
NGA6202,6202.0,NGA,Nigeria,96.1.3,2.0,,2.0,traditional educ.,3.0,11.4,12.8,12.6,5.799999999999999,60.0,0.2,RPM,SPM,SPM,full,1.0,1.0,1980.0,1979.0,1.0,1.0,1.0,1.0,0.0,0.0,23.25,23.25,72.4915,-0.21000000000000085,0.0,0.0,0.0,1.0,72.2815,69.0,-3.281499999999994,3.281499999999994,0.7333333333333334,44.0,Maqsud (1980),"Maqsud, M. (1980). Personality and academic attainment of primary school children. Psychological Reports, 46, 1271-1275.",Y,,Maqsud (1980a) gives an SPM score of 22 for children average age 12.4 years at  the 2nd  percentile of British 1979 norms and equivalent to an IQ of 69. 
NOR9144,9144.0,NOR,Norway,98.1.3,6.0,,2.0,normal,5.0,7.0,7.0,7.0,32.2,143.0,0.2,KABC,KABC,KABC,full,1.0,1.0,2008.0,1981.0,27.0,2.0,0.3333333333333333,0.0,0.0,0.0,,,109.5,-11.440000000000058,-2.5,0.0,0.0,0.3333333333333333,95.55999999999995,100.0,4.440000000000055,4.440000000000055,0.2888888888888889,41.31111111111112,Helland et al. (2008),"Helland, I. B.,  Smith, L.  Blomén, B., Saarem, K., Saugstad, O. D., & Drevon, Ch. A. (2008). Effect of supplementing pregnant and lactating mothers with n-3 very-long-chain fatty acids on children's IQ and body mass index at 7 years. Pediatrics, 122, e472-479.",Y,,Helland et al. (2008) report a K-ABC IQ of 109 for 7 year olds. Deduct 7 for a 25 year Flynn effect and 2 to equate to a British IQ gives the sample an IQ of 100.
NOR1859,1859.0,NOR,Norway,98.1.1,2.0,Hordaland County,2.0,healthy,1.0,8.0,12.0,10.9,28.300000000000004,126.0,0.0,RPM,SPM,SPM,full,1.0,1.0,2000.0,1979.0,21.0,1.0,0.6666666666666666,1.0,1.0,0.0,43.92,43.92,110.60528055,-4.410000000000018,0.0,0.0,0.0,1.0,106.19528054999998,,,,0.5555555555555555,69.99999999999999,Høie et al. (2005),"Høie, B., Mykletun, A., Sommerfelt, K., Bjørnæs, H., Skeidsvoll, H., & Waaler, P. E. (2005). Seizure-related factors and non-verbal intelligence in children with epilepsy. A population-based study from Western Norway. Seizure, 14, 223-231.",Y,,
OMN4512,4512.0,OMN,Oman,99.1.2,2.0,Muscat,2.0,normal,3.0,8.0,10.0,9.0,16.6,465.0,0.3,RPM,CPM,CPM,full,1.0,1.0,2014.0,2007.0,7.0,1.0,1.0,1.0,1.0,0.0,25.223333333333333,25.223333333333333,87.93909174316668,-0.21000000000000085,0.0,0.0,0.0,1.0,87.72909174316669,86.0,-1.7290917431666912,1.7290917431666912,0.7666666666666666,356.5,Al Said (2014),"Al Said, T. B. T. (2014). The relationship between nonverbal intelligence and emotional intelligence among children in UK and Oman. International Journal of Psychological Studies, 6, 79-86.",Y,,Al Said (2014) reports CPM data for 465 children aged 8-10 years who obtained a British IQ of 86.3.
OMN1109,1109.0,OMN,Oman,99.1.5,1.0,,2.0,normal,1.0,16.0,19.0,17.13,8.470000000000002,2467.0,0.4,RPM,APM,APM,full,1.0,1.0,2009.5,1992.0,17.5,1.0,0.8333333333333334,1.0,0.0,0.0,12.2,12.2,91.203436,-3.3600000000000136,0.0,0.0,0.0,1.0,87.84343599999998,88.0,0.15656400000001724,0.15656400000001724,0.7444444444444445,1836.5444444444445,Bakhiet & Lynn (2014d),"Bakhiet, S. F. A., & Lynn, R. (2014d). A study of intelligence in Oman. Psychological Reports: Mental & Physical Health, 115, 840-841.",Y,,
OMN1923,1923.0,OMN,Oman,99.1.3,2.0,"Muscat, Al-Batina",2.0,normal,3.0,5.0,11.0,8.0,17.6,372.0,0.3,RPM,CPM,CPM,full,1.0,1.0,2007.0,2007.0,0.0,1.0,1.0,1.0,1.0,0.0,20.747142857142855,20.747142857142855,85.2631473936,0.0,0.0,0.0,0.0,1.0,85.2631473936,82.0,-3.2631473935999935,3.2631473935999935,0.7666666666666666,285.2,Kazem et al. (2007),"Kazem, A. M., Alzubiadi, A. S., Yousif, Y. H., Aljamali, F. A., Al-Mashhdany, S. I., Alkharusi, H.A., Al-Busaidi, O. B., Alsarmi, A. M., Al-Bulushi, S. S., Al-Bahrani, W. A., & Al-Fori, S. M. (2007). Psychometric properties of the Raven’s Coloured Progressive Matrices for Omani children aged 5 through 11 years. Social Behavior & Personality, 35, 1385-1398.",Y,,Kazem et al. (2007) report CPM sdata for a sample of 372 children aged 5-11 years. The sample obtained a Flynn effect adjusted  British IQ of 82 (because the study was done a few years before 2007) based on the British 2007 standardization. There was a strong decline from age 5 to 11. 
OMN6270,6270.0,OMN,Oman,99.1.4,1.0,"Muscat, Al-Batina",2.0,normal,3.0,5.0,11.0,8.0,17.6,1042.0,0.3,RPM,CPM,CPM,full,1.0,1.0,2009.0,2007.0,2.0,1.0,1.0,1.0,1.0,0.0,21.665714285714284,21.665714285714284,87.95577016152858,-0.21000000000000085,0.0,0.0,0.0,1.0,87.74577016152858,85.0,-2.7457701615285828,2.7457701615285828,0.7666666666666666,798.8666666666666,Kazem et al. (2009),"Kazem, A. M., Al-Zubaidi, A. S., Alkharusi, H. A., Yousif, Y. H., Alsarmi, A. M., Al-Bulushi, S. S., Aljamali, F. A., Al-Mashhdany, S., Al-Busaidi, O. B., Al-Fori, S. M., Al-Bahrani, W. A., & Alshammary, B. M. (2009). A normative study of the Raven Coloured Progressive Matrices Test for Omani children aged 5 through 11 years. Malaysian Journal of Education, 34, 37-51.",Y,,"Kazem et al. (2009) report data for the standardization of the Colored Progressive Matrices on a sample of 1,042 children aged 5 through 11 years. The sample obtained a British  IQ of 85."
OMN2482,2482.0,OMN,Oman,99.1.1,1.0,,2.0,normal,3.0,16.0,21.0,18.4,7.200000000000003,1868.7272727272727,0.4,RPM,SPM,APM,full,1.0,1.0,2000.0,1992.0,8.0,1.0,1.0,1.0,1.0,1.0,44.94500000000001,11.965165365260008,87.06294268693249,-1.6800000000000068,0.0,0.0,0.0,0.6666666666666666,85.38294268693248,82.0,-3.3829426869324806,3.3829426869324806,0.6888888888888888,1287.3454545454542,Abdel-Khalek & Lynn (2010),"Abdel-Khalek, A.M., & Lynn, R. (2010). Norms for intelligence assessed by the Standard Progressive Matrices in Oman. Mankind Quarterly, 49, 184-186.",Y,,
OMN7680,7680.0,OMN,Oman,99.1.1,1.0,,2.0,normal,3.0,9.0,15.0,12.328571428571427,13.271428571428574,3270.2727272727275,0.3,RPM,SPM,SPM,full,1.0,1.0,2000.0,1979.0,21.0,1.0,0.6666666666666666,1.0,1.0,0.0,30.24285714285714,30.24285714285714,81.41171935285715,-4.410000000000018,0.0,0.0,0.0,1.0,77.00171935285712,82.0,4.998280647142877,4.998280647142877,0.6555555555555556,2143.8454545454547,Abdel-Khalek & Lynn (2010),"Abdel-Khalek, A.M., & Lynn, R. (2010). Norms for intelligence assessed by the Standard Progressive Matrices in Oman. Mankind Quarterly, 49, 184-186.",Y,,
PAK2866,2866.0,PAK,Pakistan,100.1.1,1.0,,2.0,normal,1.0,12.0,16.0,14.0,9.8,1218.0,0.4,RPM,SPM,SPM,full,1.0,2.0,2005.0,1979.0,26.0,1.0,0.6666666666666666,1.0,1.0,0.0,35.883,35.883,83.21406083091499,-5.460000000000022,0.0,0.0,0.0,1.0,77.75406083091497,83.0,5.245939169085034,5.245939169085034,0.6888888888888888,839.0666666666665,Ahmad et al. (2009),"Ahmad, R., Khanum, S. J.,  Riaz, Z., & Lynn, R (2009). Gender differences in means and variance on the Standard Progressive Matrices in Pakistan. Mankind Quarterly, 49, 50-57.",Y,group tested (underestimation possible),Ahmed et al. (2008) report an SPM score of 37 for a sample with a mean age of 15.5. This gives the sample a British IQ of 83 on 1979 Brtish standardisation. A futher sampe of adults aged 18-45 obtained a score od 45.3 equvalent to a British IQ of 86.
PAK9831,9831.0,PAK,Pakistan,100.1.1,1.0,,2.0,normal,1.0,17.0,45.0,22.166666666666668,1.6333333333333329,2460.0,0.4,RPM,SPM,APM,full,1.0,2.0,2005.0,1992.0,13.0,1.0,0.8333333333333334,1.0,1.0,1.0,42.50666666666667,13.953083830716672,90.91290752693959,-2.730000000000011,0.0,0.0,0.0,0.6666666666666666,88.18290752693957,83.0,-5.182907526939573,5.182907526939573,0.6333333333333333,1558.0,Ahmad et al. (2009),"Ahmad, R., Khanum, S. J.,  Riaz, Z., & Lynn, R (2009). Gender differences in means and variance on the Standard Progressive Matrices in Pakistan. Mankind Quarterly, 49, 50-57.",Y,group tested (underestimation possible),Ahmed et al. (2008) report an SPM score of 37 for a sample with a mean age of 15.5. This gives the sample a British IQ of 83 on 1979 Brtish standardisation. A futher sampe of adults aged 18-45 obtained a score od 45.3 equvalent to a British IQ of 86.
PAK1220,1220.0,PAK,Pakistan,100.1.2,1.0,,2.0,public schools,1.0,13.0,14.0,13.71,10.09,1073.0,0.1,RPM,SPM,SPM,full,1.0,1.0,2002.0,1979.0,23.0,1.0,0.6666666666666666,1.0,0.0,0.0,25.79,25.79,71.3866282273,-4.83000000000002,0.0,0.0,0.0,1.0,66.55662822729997,77.0,10.443371772700033,10.443371772700033,0.5888888888888889,631.8777777777779,Aslam (2009),"Aslam, M. (2009). The Relative Effectiveness of Government and Private Schools in Pakistan: Are Girls Worse Off? Education Economics, 17, 329-354, doi:10.1080/09645290903142635",Y,,"Aslam (2009) reports a survey of the SPM of 1,887 school students at urban and rural schools in Lahore in Punjab in 2002-03. The average score for those in public schools was 28.8 at average age 13.6. This is at the 5th percentile of British 1979 norms = British IQ of 75, with no Flynn effect correction at that age. Those  in private schools obtained a British IQ of 79. The two results are averaged to 77. "
PAK2223,2223.0,PAK,Pakistan,100.1.2,1.0,,2.0,private schools,1.0,13.0,14.0,13.52,10.280000000000001,814.0,0.1,RPM,SPM,SPM,full,1.0,1.0,2002.0,1979.0,23.0,1.0,0.6666666666666666,1.0,0.0,0.0,32.69,32.69,77.8068347263,-4.83000000000002,0.0,0.0,0.0,1.0,72.97683472629998,77.0,4.023165273700016,4.023165273700016,0.5888888888888889,479.35555555555555,Aslam (2009),"Aslam, M. (2009). The Relative Effectiveness of Government and Private Schools in Pakistan: Are Girls Worse Off? Education Economics, 17, 329-354, doi:10.1080/09645290903142635",Y,,"Aslam (2009) reports a survey of the SPM of 1,887 school students at urban and rural schools in Lahore in Punjab in 2002-03. The average score for those in public schools was 28.8 at average age 13.6. This is at the 5th percentile of British 1979 norms = British IQ of 75, with no Flynn effect correction at that age. Those  in private schools obtained a British IQ of 79. The two results are averaged to 77. "
PAK6352,6352.0,PAK,Pakistan,,3.0,Islamabad,2.0,normal,1.0,6.0,8.0,7.0,16.8,102.0,0.3,RPM,CPM,CPM,full,1.0,1.0,1991.0,2007.0,16.0,1.0,0.8333333333333334,1.0,1.0,0.0,25.91,25.91,106.5064918556,3.3600000000000136,0.0,0.0,0.0,1.0,109.86649185560002,,,,0.7111111111111111,72.53333333333333,Aziz & Farooqi (1991),"Aziz, Sh., & Farooqi, Gh. N. (1991). Gender, age, grade, and socioeconomic status differences on Raven's Coloured Progressive Matrices. Pakistan Journal of Psychological research, 6, 91-102.",Y,,
PAK6463,6463.0,PAK,Pakistan,100.1.6,6.0,,2.0,private schools,5.0,9.0,11.0,9.85,13.950000000000001,280.0,0.1,RPM,CPM,CPM,full,1.0,1.0,2016.0,2007.0,9.0,1.0,1.0,0.0,0.0,0.0,,,74.41,-0.21000000000000085,0.0,0.0,0.0,0.3333333333333333,74.19999999999999,,,,0.4777777777777778,133.77777777777777,Jamil & Khalid (2016),"Jamil, F., & Khalid, R. (2016). Predictors of Academic Achievement in Primary School Students. Pakistan Journal of Psychological Research, 31, 45-61.",Y,,
PAK1756,1756.0,PAK,Pakistan,100.1.4,3.0,Rawalpindi; Lahore; Karachi,2.0,normal,3.0,8.0,11.0,10.22,13.58,203.0,0.3,RPM,SPM,SPM,full,1.0,1.0,2011.0,1979.0,32.0,1.0,0.6666666666666666,1.0,0.0,0.0,26.77,26.77,83.93391523280002,-6.090000000000025,0.0,0.0,0.0,1.0,77.84391523279999,80.0,2.1560847672000136,2.1560847672000136,0.6555555555555556,133.07777777777778,"Shamama-tus-Sabah, Gilani & Wachs (2011)","Shamama-tus-Sabah, S., Gilani, N., & Wachs, Th. D. (2011). Relation of home chaos to cognitive performance and behavioral adjustment of Pakistani primary school children. Behavioral Development, 35, 507-516. doi:10.1177/0165025411406852",Y,,Shamama-tus-Sabah et al. (2012) report an SPM score of 26 for children aged 10.3. This gives the sample a British IQ of 80 on 1979 Brtish standardisation. 
PAK3502,3502.0,PAK,Pakistan,100.1.5,3.0,Karachi,2.0,lead exposed,3.0,6.0,8.0,8.400833333333333,15.399166666666668,30.0,0.1,RPM,SPM,SPM,full,1.0,2.0,2002.0,1979.0,23.0,1.0,0.6666666666666666,0.0,0.0,0.0,,,92.3,-4.83000000000002,0.0,0.0,0.0,0.3333333333333333,87.46999999999997,84.0,-3.4699999999999704,3.4699999999999704,0.36666666666666664,11.0,"Rahman, Macbool & Zuberi (2002)","Rahman, A., Macbool, E., & Zuberi, H. S. (2002). Lead-associated deﬁcits in stature, mental ability and behavior in children in Karachi. Annals of Tropical Paediatrics, 22, 301-311.",Y,Group tested: IQ would be equivalent to a raw-score of 22 and 22+6.6=28.6,
PER1217,1217.0,PER,Peru,,3.0,Lima,1.0,normal,3.0,8.0,10.0,9.36,18.64,143.0,0.3,WIS,WISC-R,WISC-R,full,2.0,1.0,1990.0,1974.0,16.0,2.0,0.5,0.0,0.0,0.0,,,88.9,-5.439999999999998,-2.5,0.0,0.0,0.3333333333333333,80.96000000000001,,,,0.37777777777777777,54.02222222222222,Berkman et al. (2002),"Berkman, D. S., Lescano, A. G., Gilman, R. H., Lopez, S. L. L., & Black, M. M. (2002). Effects of stunting, diarrhoeal disease, and parasitic infection during infancy on cognition in late childhood: a follow-up study. The Lancet, 359, 564-571.",Y,,
PER1576,1576.0,PER,Peru,105.1.2,3.0,Lima,2.0,non-highly able,1.0,6.0,11.0,7.4,20.6,105.0,0.0,RPM,CPM,CPM,full,1.0,1.0,1998.0,2007.0,9.0,1.0,1.0,1.0,0.0,0.0,18.0,18.0,79.457,1.8900000000000077,0.0,0.0,0.0,1.0,81.34700000000001,91.0,9.652999999999992,9.652999999999992,0.6666666666666666,70.0,Blumen (2000),"Blumen, S. (2000). Identification of and attention for the highly able in Lima. PhD thesis, University of Nijmegen.",Y,,"Blumen (2000) reports CPM data for 111 representative 2nd-grade children in Lima attending public schools, mean age 7 years 4 months. The median score was 18, equivalent to the 42th percentile on the British 1982 standardization, and to an IQ of 97.  Deduct 6 for a Flynn effect for a 16 year Flynn effect reduces the IQ to 91.. "
PER2161,2161.0,PER,Peru,105.1.3,3.0,,2.0,normal,1.0,7.5,8.5,8.0,20.0,178.0,0.2,RPM,CPM,CPM,full,1.0,1.0,2003.0,2007.0,4.0,1.0,1.0,1.0,1.0,0.0,21.883333333333333,21.883333333333333,82.89011910601852,0.8400000000000034,0.0,0.0,0.0,1.0,83.73011910601852,82.0,-1.7301191060185204,1.7301191060185204,0.7333333333333334,130.53333333333333,Escobal et al. (2003),"Escobal, J., Lanata, C., Madrid, S., Penny, M., Saavedra, J., Suárez, P., Verastegui, H., Villar, E., & Huttly, Sh. (2003). Young Lives Preliminary Country Report: Peru. Young Lives: An International Study of Child Poverty.",Y,,"Escobal, J., Lanata, C. Madrid, S. et al. (2003) report results for the CPM for children age 8. They scored 21, equivalent to an IQ of 80 on the British 2007 standardisation. Add 2 for a Flynn effect raises this to 82."
PER4119,4119.0,PER,Peru,105.1.3,4.0,,2.0,normal,1.0,7.5,8.5,8.0,20.0,143.0,0.2,RPM,CPM,CPM,full,1.0,1.0,2003.0,2007.0,4.0,1.0,1.0,1.0,1.0,0.0,17.747171717171717,17.747171717171717,72.85989246272223,0.8400000000000034,0.0,0.0,0.0,1.0,73.69989246272223,82.0,8.300107537277768,8.300107537277768,0.7333333333333334,104.86666666666667,Escobal et al. (2003),"Escobal, J., Lanata, C., Madrid, S., Penny, M., Saavedra, J., Suárez, P., Verastegui, H., Villar, E., & Huttly, Sh. (2003). Young Lives Preliminary Country Report: Peru. Young Lives: An International Study of Child Poverty.",Y,,"Escobal, J., Lanata, C. Madrid, S. et al. (2003) report results for the CPM for children age 8. They scored 21, equivalent to an IQ of 80 on the British 2007 standardisation. Add 2 for a Flynn effect raises this to 82."
PER4492,4492.0,PER,Peru,105.1.3,1.0,,1.0,normal,1.0,7.5,8.5,8.0,20.0,117.0,0.2,RPM,CPM,CPM,full,1.0,1.0,2003.0,2007.0,4.0,1.0,1.0,1.0,1.0,0.0,17.1179797979798,17.1179797979798,71.52230871307502,0.8400000000000034,0.0,0.0,0.0,1.0,72.36230871307502,82.0,9.637691286924976,9.637691286924976,0.7333333333333334,85.80000000000001,Escobal et al. (2003),"Escobal, J., Lanata, C., Madrid, S., Penny, M., Saavedra, J., Suárez, P., Verastegui, H., Villar, E., & Huttly, Sh. (2003). Young Lives Preliminary Country Report: Peru. Young Lives: An International Study of Child Poverty.",Y,,"Escobal, J., Lanata, C. Madrid, S. et al. (2003) report results for the CPM for children age 8. They scored 21, equivalent to an IQ of 80 on the British 2007 standardisation. Add 2 for a Flynn effect raises this to 82."
PER5630,5630.0,PER,Peru,105.1.3,1.0,,1.0,normal,1.0,7.5,8.5,8.0,20.0,501.0,0.2,RPM,CPM,CPM,full,1.0,1.0,2003.0,2007.0,4.0,1.0,1.0,1.0,1.0,0.0,19.164455445544554,19.164455445544554,76.04152271405243,0.8400000000000034,0.0,0.0,0.0,1.0,76.88152271405244,82.0,5.118477285947563,5.118477285947563,0.7333333333333334,367.40000000000003,Escobal et al. (2003),"Escobal, J., Lanata, C., Madrid, S., Penny, M., Saavedra, J., Suárez, P., Verastegui, H., Villar, E., & Huttly, Sh. (2003). Young Lives Preliminary Country Report: Peru. Young Lives: An International Study of Child Poverty.",Y,,"Escobal, J., Lanata, C. Madrid, S. et al. (2003) report results for the CPM for children age 8. They scored 21, equivalent to an IQ of 80 on the British 2007 standardisation. Add 2 for a Flynn effect raises this to 82."
PER7201,7201.0,PER,Peru,105.1.3,1.0,,1.0,normal,1.0,7.5,8.5,8.0,20.0,176.0,0.2,RPM,CPM,CPM,full,1.0,1.0,2003.0,2007.0,4.0,1.0,1.0,1.0,1.0,0.0,21.395,21.395,81.5811345057875,0.8400000000000034,0.0,0.0,0.0,1.0,82.4211345057875,82.0,-0.42113450578750644,0.42113450578750644,0.7333333333333334,129.06666666666666,Escobal et al. (2003),"Escobal, J., Lanata, C., Madrid, S., Penny, M., Saavedra, J., Suárez, P., Verastegui, H., Villar, E., & Huttly, Sh. (2003). Young Lives Preliminary Country Report: Peru. Young Lives: An International Study of Child Poverty.",Y,,"Escobal, J., Lanata, C. Madrid, S. et al. (2003) report results for the CPM for children age 8. They scored 21, equivalent to an IQ of 80 on the British 2007 standardisation. Add 2 for a Flynn effect raises this to 82."
PER7683,7683.0,PER,Peru,105.1.3,1.0,,2.0,normal,1.0,7.5,8.5,8.0,20.0,243.0,0.2,RPM,CPM,CPM,full,1.0,1.0,2003.0,2007.0,4.0,1.0,1.0,1.0,1.0,0.0,23.878564356435646,23.878564356435646,88.63710040623982,0.8400000000000034,0.0,0.0,0.0,1.0,89.47710040623983,82.0,-7.477100406239828,7.477100406239828,0.7333333333333334,178.20000000000002,Escobal et al. (2003),"Escobal, J., Lanata, C., Madrid, S., Penny, M., Saavedra, J., Suárez, P., Verastegui, H., Villar, E., & Huttly, Sh. (2003). Young Lives Preliminary Country Report: Peru. Young Lives: An International Study of Child Poverty.",Y,,"Escobal, J., Lanata, C. Madrid, S. et al. (2003) report results for the CPM for children age 8. They scored 21, equivalent to an IQ of 80 on the British 2007 standardisation. Add 2 for a Flynn effect raises this to 82."
PER5808,5808.0,PER,Peru,105.1.1,3.0,Lima,2.0,normal,3.0,1.5,12.0,11.25,16.75,1096.0,0.3,RPM,SPM,SPM,full,1.0,1.0,2009.0,1979.0,30.0,1.0,0.6666666666666666,1.0,1.0,0.0,40.0,40.0,99.5252025,-6.090000000000025,0.0,0.0,0.0,1.0,93.43520249999997,84.0,-9.435202499999974,9.435202499999974,0.6555555555555556,718.4888888888889,"Millones, Flores-Mendoza & Millones Rivalles (2015)","Millones, D. M, Flores-Mendoza, C., & Millones Rivalles, R. (2015). Intelligence in Peru: Students' results in Raven and its relationship to SES. Intelligence, 51, 71-78.",Y,,Millones et al. (2015) review a number of studies from which they estimate the IQ for Peru as 84. 
PHL9095,9095.0,PHL,Philippines,106.1.1,3.0,Manila,2.0,normal,3.0,12.0,13.0,13.600000000000001,9.899999999999999,203.0,0.4,RPM,SPM,SPM,full,1.0,1.0,1972.0,1979.0,7.0,1.0,1.0,1.0,1.0,0.0,34.150000000000006,34.150000000000006,82.84927290000002,1.470000000000005,0.0,0.0,0.0,1.0,84.31927290000002,86.0,1.6807270999999844,1.6807270999999844,0.7999999999999999,162.39999999999998,Flores & Evans (1972),"Flores, M. B., & Evans, G. T. (1972). Some differences in cognitive abilities between selected Canadian and Filipino students. Multivariate Behavioral Research, 7, 175-191.",Y,,
PHL5318,5318.0,PHL,Philippines,,2.0,Visayas,2.0,normal,3.0,3.0,4.916666666666667,3.9583333333333335,19.541666666666668,185.0,0.3,WIS,WPPSI-III,WPPSI-III,full,2.0,1.0,2003.5,2002.0,1.5,2.0,0.6666666666666666,0.0,0.0,0.0,,,94.6,-0.6800000000000033,-2.5,1.235,0.0,0.0,92.65499999999999,,,,0.3222222222222222,59.61111111111111,Solon et al. (2007),"Solon, O., Riddell, T. J., Quimbo, S. A., Butrick, E., Aylward, G. P., Bacate, M. L., & Peabody, J. W. (2007). Associations between Cognitive Function, Blood Lead Concentration, and Nutrition among Children in the Central Philippines. The Journal of Pediatrics, 152, 237-243. doi: 10.1016/j.jpeds.2007.09.008.",Y,,
PHL4494,4494.0,PHL,Philippines,,1.0,,2.0,normal,2.0,11.0,12.0,11.5,12.0,2757.0,0.3,NNAT,NNAT,NNAT,full,1.0,1.0,2006.0,2003.0,3.0,2.0,0.6666666666666666,0.0,0.0,0.0,,,95.85106916938702,0.0,-2.5,0.0,0.0,0.3333333333333333,93.35106916938702,,,,0.4333333333333333,1194.6999999999998,Vista & Grantham (2010),"Vista, A. D., & Grantham, T. C. (2010). Effects of Parental Education Level on Fluid Intelligence of Philippine Public School Students. Journal of Psychoeducational Assessment, 28, 236–232.",Y,"Population shares of PAL-groups from source; For year of measurement, see: Vista & Care (2011)",
POL6614,6614.0,POL,Poland,,6.0,,2.0,normal,5.0,18.0,46.0,23.2,17.500000000000004,264.0,0.3,RPM,APM,APM,full,1.0,1.0,2014.0,1992.0,22.0,1.0,0.6666666666666666,1.0,0.0,0.0,19.07,21.5491,98.45752848288623,-3.3600000000000136,0.0,0.0,0.0,0.6666666666666666,95.09752848288622,,,,0.5444444444444444,143.73333333333332,Chuderski (2015),"Chuderski, A. (2015). The broad factor of working memory is virtually isomorphic to fluid intelligence tested under time pressure. Personality and Individual Differences, 85, 98-104.",Y,"test-time restriction of 20 minutes but a restriction of 40 minutes lead to 13% underestimation according to APM-manual, so 13%-raw-scores were added but still underestimated",
POL4894,4894.0,POL,Poland,107.1.4,1.0,,2.0,army recruits,1.0,18.0,18.0,18.0,22.700000000000003,158.0,0.0,RPM,SPM+,SPM+,full,1.0,1.0,2003.0,2007.0,4.0,1.0,1.0,1.0,0.0,0.0,34.0,34.0,89.08254,0.8400000000000034,0.0,0.0,0.0,1.0,89.92254,90.0,0.07746000000000208,0.07746000000000208,0.6666666666666666,105.33333333333333,Raven & Raven (2008),"Dobrean, A., Raven, J., Comşa, M., Rusu, C., & Balazsi, R. (2008). Romanian standardization of Raven’s Standard Progressive Matrices Plus. In: Raven, J., & Raven, J. C. (Eds) (2008). Uses and Abuses of Intelligence. Unionville, NY: Royal Fireworks Press.",Y,,
POL5086,5086.0,POL,Poland,107.1.4,1.0,,2.0,normal,5.0,15.0,55.0,26.0,14.700000000000003,977.0,0.3,RPM,SPM+,APM,full,1.0,1.0,2000.0,1992.0,8.0,1.0,1.0,1.0,1.0,1.0,17.741526979569468,17.741526979569468,99.97614667200969,-1.6800000000000068,0.0,0.0,0.0,1.0,98.29614667200968,90.0,-8.296146672009684,8.296146672009684,0.7666666666666666,749.0333333333333,Raven & Raven (2008),"Dobrean, A., Raven, J., Comşa, M., Rusu, C., & Balazsi, R. (2008). Romanian standardization of Raven’s Standard Progressive Matrices Plus. In: Raven, J., & Raven, J. C. (Eds) (2008). Uses and Abuses of Intelligence. Unionville, NY: Royal Fireworks Press.",Y,,
POL5325,5325.0,POL,Poland,107.1.7,3.0,Krakow,2.0,college students,3.0,18.0,22.0,20.1,20.6,68.0,0.0,RPM,APM,APM,full,1.0,1.0,2015.0,1992.0,23.0,1.0,0.6666666666666666,1.0,0.0,0.0,24.854,24.854,105.2569130241824,-3.3600000000000136,0.0,0.0,0.0,1.0,101.89691302418238,,,,0.5555555555555555,37.77777777777777,Gruszka & Owen (2015),"Gruszka, A., & Owen, A. M. (2015). Temperamental variation in learned irrelevance in humans. Current Issues in Personality Psychology, 3, 94-104.",Y,,
POL8295,8295.0,POL,Poland,107.1.6,3.0,Warsaw,2.0,pre-school,3.0,4.5,5.5,5.04,35.660000000000004,179.0,0.0,RPM,CPM,CPM,full,1.0,1.0,2016.0,2007.0,9.0,1.0,1.0,1.0,0.0,0.0,20.93,20.93,114.6224626612,-0.21000000000000085,0.0,0.0,0.0,1.0,114.41246266120001,,,,0.6666666666666666,119.33333333333333,Orylska et al. (2016),"Orylska, A., Brzezicka, A., Racicka-Pawlukiewicz, E., Albinski, R., & Sedek, G. (2016). Parent-teacher concordance in rating preschooler difficulties in behavioural and cognitive functioning and their dyadic predicting of fluid intelligence. Polish Psychological Bulletin, 47, 81-91.",Y,,
POL8364,8364.0,POL,Poland,107.1.5,1.0,,2.0,normal,1.0,13.0,19.0,16.0,24.700000000000003,1402.0,0.2,RPM,APM,APM,full,1.0,1.0,1991.0,1992.0,1.0,1.0,1.0,1.0,1.0,0.0,15.714285714285714,15.714285714285714,100.68168571428573,0.21000000000000085,0.0,0.0,0.0,1.0,100.89168571428573,,,,0.7333333333333334,1028.1333333333334,"Raven, Raven & Court (1998)","Raven, J., Raven, J. C., & Court, H. C. (1998). Manual for Raven's Progressive Matrices
and Vocabulary Scales. Oxford: Infomration Press.",Y,,
POL4074,4074.0,POL,Poland,107.1.1,1.0,,2.0,normal,2.0,16.0,19.0,17.5,23.200000000000003,1331.0,0.2,RPM,SPM,APM,full,1.0,1.0,2000.0,1992.0,8.0,1.0,1.0,1.0,1.0,1.0,42.45,9.819087010000002,84.11423984390208,-1.6800000000000068,0.0,0.0,0.0,0.6666666666666666,82.43423984390208,95.0,12.565760156097923,12.565760156097923,0.6222222222222222,828.1777777777778,Witkowska (2014),"Witkowska, E. (2014). Secular score gains on Raven’s Progressive Matrices in a population of Polish adolescents. Polish Psychological Bulletin, 45, 142-146.",Y,,Witkowska (2014) reported SPM data for 2009 for 17 years olds obtaining a score of 48.32. This converts to 36.39 on the British 2008 standardisation of the SPM+ and an IQ of 95
POL8388,8388.0,POL,Poland,107.1.1,1.0,,2.0,normal,1.0,16.0,19.0,17.5,23.200000000000003,3650.0,0.2,RPM,SPM,APM,full,1.0,1.0,2009.0,1992.0,17.0,1.0,0.8333333333333334,1.0,1.0,1.0,48.4625,16.24835519078751,97.1204813915701,-3.3600000000000136,0.0,0.0,0.0,0.6666666666666666,93.76048139157008,95.0,1.2395186084299183,1.2395186084299183,0.5666666666666668,2068.3333333333335,Witkowska (2014),"Witkowska, E. (2014). Secular score gains on Raven’s Progressive Matrices in a population of Polish adolescents. Polish Psychological Bulletin, 45, 142-146.",Y,,Witkowska (2014) reported SPM data for 2009 for 17 years olds obtaining a score of 48.32. This converts to 36.39 on the British 2008 standardisation of the SPM+ and an IQ of 95
PRT2398,2398.0,PRT,Portugal,108.1.1,2.0,,2.0,normal,2.0,18.0,90.0,55.285714285714285,13.085714285714282,674.0,0.3,RPM,SPM,APM,full,1.0,1.0,2006.0,1992.0,14.0,1.0,0.8333333333333334,1.0,1.0,1.0,40.03714285714286,11.131462552009395,87.86059257417476,-2.940000000000012,0.0,0.0,0.0,0.6666666666666666,84.92059257417475,85.0,0.07940742582525218,0.07940742582525218,0.6,404.4,Garcia (2016),"Garcia, I. Q. (2016) Normativos da Forma Geral das Matrizes Progressivas de Raven numa Amostra da Comunidade. Dissertação de Mestrado em Psicologia Clínica Ramo de Especialização em Terapias Familiares e Sistémicas, Coimbra.",Y,,
PRT4450,4450.0,PRT,Portugal,108.1.2,1.0,,2.0,normal,2.0,6.0,11.0,8.5,33.7,1073.0,0.2,RPM,CPM,CPM,full,1.0,1.0,1994.0,2007.0,13.0,1.0,0.8333333333333334,1.0,1.0,0.0,23.727272727272727,23.727272727272727,89.19380909090911,2.730000000000011,0.0,0.0,0.0,1.0,91.92380909090912,,,,0.6777777777777777,727.2555555555555,"Raven, Raven & Court (2006)","Raven, J. C., Raven, J., & Court, J. H. (2006). Manual für Raven's Progressive Matrices and Vocabulary Scales. Frankfurt: Harcourt Test Service.",Y,,
PRI8743,8743.0,PRI,Puerto Rico,,1.0,,2.0,treatment,3.0,5.0,8.0,6.1,35.4,96.0,0.0,WIS,WISC,WISC,full,2.0,1.0,1971.1,1947.0,24.09999999999991,2.0,0.3333333333333333,0.0,0.0,0.0,,,85.08,-8.159999999999998,-2.5,0.0,0.0,0.3333333333333333,74.42,,,,0.2222222222222222,21.333333333333332,"Fuertes de la haba, Santiago & Bangdiwala (1976)","Fuertes de la haba, A., Santiago, G., & Bangdiwala, I.S. (1976). Measured intelligence in offspring of oral and nonoral contraceptive users. American Journal of Obstetrics & Gynecology, 125, 980-983.",Y,,
PRI9343,9343.0,PRI,Puerto Rico,,1.0,,2.0,control,3.0,5.0,8.0,6.2,35.3,114.0,0.0,WIS,WISC,WISC,full,2.0,1.0,1971.2,1947.0,24.200000000000045,2.0,0.3333333333333333,0.0,0.0,0.0,,,85.54,-8.159999999999998,-2.5,0.0,0.0,0.3333333333333333,74.88000000000001,,,,0.2222222222222222,25.333333333333332,"Fuertes de la haba, Santiago & Bangdiwala (1976)","Fuertes de la haba, A., Santiago, G., & Bangdiwala, I.S. (1976). Measured intelligence in offspring of oral and nonoral contraceptive users. American Journal of Obstetrics & Gynecology, 125, 980-983.",Y,,
PRI1875,1875.0,PRI,Puerto Rico,,3.0,,2.0,normal,5.0,,,8.833333333333334,32.666666666666664,34.0,0.2,WIS,WISC,WISC,full,2.0,1.0,1990.0,1947.0,43.0,2.0,0.3333333333333333,0.0,0.0,0.0,,,109.7353,-14.619999999999996,-2.5,0.0,0.0,0.3333333333333333,92.6153,,,,0.2888888888888889,9.822222222222223,Matias Carrelo & Zaidspiner (1990),"Matias Carrelo, L.E., & Zaidspiner, V. (1990). Comparación de los cocientes intelectuales obtenidos en el WISC y en el WISC-R por dos grupos de niños puertorriqueños. Revista Puertorriqueña de Psicología, 63-72.",Y,,
PRI6835,6835.0,PRI,Puerto Rico,,3.0,,2.0,normal,5.0,,,8.833333333333334,32.666666666666664,34.0,0.2,WIS,WISC-R,WISC-R,full,2.0,1.0,1990.0,1974.0,16.0,2.0,0.5,0.0,0.0,0.0,,,104.6471,-5.439999999999998,-2.5,0.0,0.0,0.3333333333333333,96.7071,,,,0.3444444444444444,11.711111111111109,Matias Carrelo & Zaidspiner (1990),"Matias Carrelo, L.E., & Zaidspiner, V. (1990). Comparación de los cocientes intelectuales obtenidos en el WISC y en el WISC-R por dos grupos de niños puertorriqueños. Revista Puertorriqueña de Psicología, 63-72.",Y,,
PRI4987,4987.0,PRI,Puerto Rico,,3.0,Ponce,2.0,university students,3.0,17.0,21.0,19.3,22.2,30.0,0.0,WIS,WAIS,WAIS,full,2.0,1.0,1990.0,1965.0,25.0,11.0,0.3333333333333333,0.0,0.0,0.0,,,121.1,0.0,-22.8,0.0,0.0,0.3333333333333333,98.3,,,,0.2222222222222222,6.666666666666666,"Andreu, Alvarez & Veray (1991)","Andreu, B.I., Alvarez, V., & Veray, B. (1991). Estudio comparativo de la Escala de Inteligencia Wechsler para Adultos y la Escala de Inteligencia Wechsler para Adultos Revisada en una poblacion universitaria puertorriquena. Revista Puertorriquena de Psicologia, 7, 1-11.",Y,,
PRI8866,8866.0,PRI,Puerto Rico,,3.0,Ponce,2.0,university students,3.0,17.0,21.0,19.3,22.2,30.0,0.0,WIS,WAIS-R,WAIS-R,full,2.0,1.0,1990.0,1980.0,10.0,2.0,0.5,0.0,0.0,0.0,,,98.8,-3.3999999999999986,-2.5,0.0,0.0,0.3333333333333333,92.9,,,,0.27777777777777773,8.333333333333332,"Andreu, Alvarez & Veray (1991)","Andreu, B.I., Alvarez, V., & Veray, B. (1991). Estudio comparativo de la Escala de Inteligencia Wechsler para Adultos y la Escala de Inteligencia Wechsler para Adultos Revisada en una poblacion universitaria puertorriquena. Revista Puertorriquena de Psicologia, 7, 1-11.",Y,,
PRI4785,4785.0,PRI,Puerto Rico,,3.0,Ponce,2.0,university students,3.0,17.0,21.0,19.3,22.2,30.0,0.0,RPM,APM,APM,full,1.0,1.0,1990.0,1985.0,5.0,1.0,1.0,0.0,0.0,0.0,,,106.9,-1.0500000000000043,0.0,0.0,0.0,0.3333333333333333,105.85,,,,0.4444444444444444,13.333333333333332,"Andreu, Alvarez & Veray (1991)","Andreu, B.I., Alvarez, V., & Veray, B. (1991). Estudio comparativo de la Escala de Inteligencia Wechsler para Adultos y la Escala de Inteligencia Wechsler para Adultos Revisada en una poblacion universitaria puertorriquena. Revista Puertorriquena de Psicologia, 7, 1-11.",Y,,
PRI1166,1166.0,PRI,Puerto Rico,,5.0,USA,2.0,normal,3.0,9.75,13.6,11.675,29.825,34.0,0.2,RPM,SPM,SPM,full,1.0,1.0,1988.0,1986.0,2.0,2.0,0.6666666666666666,0.0,0.0,0.0,,,91.8,-1.0400000000000063,-2.5,0.0,0.0,0.3333333333333333,88.25999999999999,,,,0.39999999999999997,13.6,Loyola & McBride (1991),"Loyola, J. L., & McBride, D. F. (1991).  Puerto Rican Children's codeswitching and their performance on receptive vocabulary instruments and a nonverbal cognitive measurement. Diagonstique, 16, 239-253.",Y,,
PRI8546,8546.0,PRI,Puerto Rico,,2.0,,1.0,normal,3.0,,,43.13,1.6300000000000026,12.0,0.4,WIS,WAIS-R,WAIS-R,full,2.0,1.0,1993.0,1980.0,13.0,2.0,0.5,0.0,0.0,0.0,,,88.5,-4.419999999999998,-2.5,0.0,0.0,0.3333333333333333,81.58,,,,0.41111111111111115,4.933333333333334,Ortiz Colón et al. (1993),"Ortiz Colón, R., Rosselló, J., Muñoz Vazquez, M., Maldonado Santiago, N., Suárez, N., & Donato Jímenez, L.J. (1993). Relación entre la exposición a sustancias tóxicas y el funcionamiento intelectual y afectivo de obreras textiles puertorriqueñas. Revista Puertorriqueña de Psicología, 9, 179-219.",Y,,
PRI7898,7898.0,PRI,Puerto Rico,,4.0,,2.0,,2.0,6.0,8.0,7.0,34.5,30.0,0.0,KABC,KABC,KABC,full,1.0,1.0,1989.0,1981.0,8.0,2.0,0.6666666666666666,0.0,0.0,0.0,,,102.28,-4.160000000000014,-2.5,0.0,0.0,0.3333333333333333,95.61999999999999,,,,0.3333333333333333,10.0,Vazquez (1989),"Vazquez, C.D. (1989). A comparison of Puerto Rican children’s performance on the Spanish version of the Wechsler Intelligence Scale for Children-Revised (WISC-R) and the Kaufman Assessment Battery for Children (K-ABC). Unpublished doctoral dissertation, University of Massachusetts, USA.",Y,,
PRI2317,2317.0,PRI,Puerto Rico,,1.0,,2.0,normal,3.0,5.0,6.0,5.5,36.0,146.0,0.2,KABC,KABC,KABC,non-verbal,2.0,1.0,1986.0,1981.0,5.0,2.0,0.3333333333333333,0.0,0.0,0.0,,,96.13636219849742,-1.6999999999999993,-2.5,0.0,0.0,0.3333333333333333,91.93636219849742,,,,0.2888888888888889,42.177777777777784,Glutting (1986),"Glutting, J. J. (1986). Potthoff bias analysis of KABC MPC and non-verbal scale IQs among Anglo, Blacks and Puerto Rican kindergarden children. Professional School Psychology, 1, 225-234.",Y,"The paper gives four samples: white,  Black, English dominant and Spanish dominant. CIA gives shares of 75.8% whites, 12.4% blacks and 8.5% others. Whites, English dominant and Spanish dominant were averages and weighted by .758; blacks were wheightes by .085. Results wree extrapolated to 100%",
PRI5755,5755.0,PRI,Puerto Rico,,4.0,,2.0,,2.0,6.0,8.0,7.0,34.5,30.0,0.0,WIS,WISC-R,WISC-R,full,2.0,1.0,1989.0,1974.0,15.0,2.0,0.5,0.0,0.0,0.0,,,110.875,-5.099999999999998,-2.5,0.0,0.0,0.3333333333333333,103.275,,,,0.27777777777777773,8.333333333333332,Vazquez (1989),"Vazquez, C.D. (1989). A comparison of Puerto Rican children’s performance on the Spanish version of the Wechsler Intelligence Scale for Children-Revised (WISC-R) and the Kaufman Assessment Battery for Children (K-ABC). Unpublished doctoral dissertation, University of Massachusetts, USA.",Y,,
PRI2865,2865.0,PRI,Puerto Rico,,2.0,Ponce,3.0,private schools,3.0,11.0,13.0,12.0,29.5,40.0,0.0,WIS,WISC-R,WISC-R,full,2.0,1.0,2009.0,1974.0,35.0,2.0,0.3333333333333333,0.0,0.0,0.0,,,106.48,-10.880000000000006,-2.5,0.0,0.0,0.3333333333333333,93.1,,,,0.2222222222222222,8.88888888888889,Torres Díaz et al. (2009),"Torres Díaz, P., García, I. R., Irizarry, W. R., & Fernández, C. R. (2009). Validación concurrente de la Wechsler Intelligence Scale for Children-Fourth Edition, Spanish con la Escala de Inteligencia Wechsler para inos-Revisada de Puerto Rico. Revista Puertorriqueña de Psicología, 20, 83-102.",Y,,
PRI3593,3593.0,PRI,Puerto Rico,,2.0,Ponce,3.0,private schools,3.0,11.0,13.0,12.0,29.5,40.0,0.0,WIS,WISC-IV,WISC-IV,full,2.0,1.0,2009.0,2005.0,4.0,2.0,0.6666666666666666,0.0,0.0,0.0,,,92.43,-0.3400000000000034,-2.5,-6.46,0.0,0.0,83.13000000000001,,,,0.2222222222222222,8.88888888888889,Torres Díaz et al. (2009),"Torres Díaz, P., García, I. R., Irizarry, W. R., & Fernández, C. R. (2009). Validación concurrente de la Wechsler Intelligence Scale for Children-Fourth Edition, Spanish con la Escala de Inteligencia Wechsler para inos-Revisada de Puerto Rico. Revista Puertorriqueña de Psicología, 20, 83-102.",Y,,
PRI4192,4192.0,PRI,Puerto Rico,,1.0,,2.0,normal,1.0,16.0,64.0,33.96992014196984,7.530079858030163,1127.0,0.4,WIS,WAIS,WAIS,full,2.0,1.0,1965.0,1965.0,0.0,11.0,0.6666666666666666,0.0,0.0,0.0,,,98.84826974267968,0.0,-22.8,0.0,0.0,0.3333333333333333,76.04826974267968,,,,0.4666666666666666,525.9333333333333,Green (1972),"Green, R.F. (1972). On the correlation between IQ and amount of “white” blood. Proceedings of the Annual Convention of the American Psychological Association, 7, 285-286.",Y,Also reported in Green & Martinez (1967),
PRI2118,2118.0,PRI,Puerto Rico,,5.0,,2.0,Bilinguals,3.0,9.0,18.0,13.0,28.5,327.0,0.0,RPM,SPM,SPM,full,1.0,1.0,1989.5,1979.0,10.5,1.0,0.8333333333333334,1.0,0.0,0.0,29.9,29.9,76.2031117,-2.3100000000000094,0.0,0.0,0.0,1.0,73.89311169999999,,,,0.6111111111111112,199.83333333333334,de Jesus (1990),"de Jesus, R. B. M. (1990). School-related stress in Puerto Rican children. A Dissertation in Partial Fulfillment of the Requirements of the Degree of Doctor of Psychology at the university of Connecticut.",Y,,
PRI6308,6308.0,PRI,Puerto Rico,,1.0,,2.0,normal,2.0,8.5,16.0,12.25,29.25,2633.0,0.2,RPM,SPM,SPM,full,1.0,1.0,1977.0,1979.0,2.0,1.0,1.0,1.0,1.0,0.0,31.6875,31.6875,83.96143937499998,0.4200000000000017,0.0,0.0,0.0,1.0,84.38143937499999,,,,0.7333333333333334,1930.8666666666668,"Kahn, Spears & Rivera (1977)","Kahn, H., Spears, J. S., & Rivera, L. V. (1977). Applicability of Raven Progressive Matrices tests with school children in Puerto Rico. Psycho Educational Associates.",Y,,
PRI5582,5582.0,PRI,Puerto Rico,,1.0,,2.0,normal,2.0,5.0,11.5,8.25,33.25,2099.0,0.2,RPM,CPM,CPM,full,1.0,1.0,1977.0,2007.0,30.0,1.0,0.6666666666666666,1.0,1.0,0.0,17.642857142857142,17.642857142857142,74.3415857142857,6.300000000000026,0.0,0.0,0.0,1.0,80.64158571428572,,,,0.6222222222222222,1306.0444444444445,"Kahn, Spears & Rivera (1977)","Kahn, H., Spears, J. S., & Rivera, L. V. (1977). Applicability of Raven Progressive Matrices tests with school children in Puerto Rico. Psycho Educational Associates.",Y,,
PRI5432,5432.0,PRI,Puerto Rico,,6.0,,2.0,normal,2.0,16.0,16.0,16.0,25.5,30.0,0.2,RPM,SPM,SPM,full,1.0,1.0,2008.0,1979.0,29.0,1.0,0.6666666666666666,1.0,0.0,0.0,44.3,44.3,94.1707314,-6.090000000000025,0.0,0.0,0.0,1.0,88.08073139999996,,,,0.6222222222222222,18.666666666666668,Pons et al. (2008),"Pons, J. I., Matías-Carrelo, L., Rodríguez, M., Rodríguez, J. M., Leticia Herrans, L., Jiménez, M. E., … & Yang, J. (2008). Estudios de validez de la Escala de Inteligencia Wechsler para Adultos Versión III, Puerto Rico (EIWA-III). Revista Puertorriqueña de Psicología, 19, 75-111.",Y,,
PRI6387,6387.0,PRI,Puerto Rico,,5.0,USA,2.0,Bilinguals,3.0,6.0,6.5,6.25,35.25,30.0,0.0,WIS,WISC-R,WISC-R,full,2.0,1.0,1989.0,1974.0,15.0,2.0,0.5,0.0,0.0,0.0,,,94.13,-5.099999999999998,-2.5,0.0,0.0,0.3333333333333333,86.53,,,,0.27777777777777773,8.333333333333332,Prewitt Diaz & Rivera (1989),"Prewitt Diaz, J. O., & Rivera, R. (1989)  Correlation among scores on Woodcock-Johnson Achivement Subtest (spanish), WISC-R (Spanish) and Columbia Mental Maturity Scale. Psychological Reports, 64, 987-990.",Y,,
PRI7833,7833.0,PRI,Puerto Rico,,2.0,South,2.0,normal,3.0,5.0,15.0,10.0,31.5,100.0,0.2,WIS,WISC,WISC,full,2.0,1.0,1980.0,1947.0,33.0,2.0,0.3333333333333333,0.0,0.0,0.0,,,109.93,-11.219999999999997,-2.5,0.0,0.0,0.3333333333333333,96.21000000000001,,,,0.2888888888888889,28.888888888888893,Prewitt Diaz & Munoz (1980),"Prewitt Diaz, J.O., & Munoz, G. (1980). A reliability study of the WISC with Puerto Rican children (grades K-9) in Puerto Rico. Unpublished paper, Pennsylvania State University, USA.",Y,,
PRI4893,4893.0,PRI,Puerto Rico,,5.0,Spain,2.0,normal,2.0,6.0,14.0,10.5,31.0,72.0,0.2,WIS,WISC-IV,WISC-IV,full,2.0,1.0,2005.0,2005.0,0.0,2.0,0.6666666666666666,0.0,0.0,0.0,,,96.2,0.0,-2.5,-6.46,0.0,0.0,87.24000000000001,,,,0.2888888888888889,20.8,San Miguel Montes et al. (2010),"San Miguel Montes, L.E., Allen, D.N., Puente, A.E., & Neblina, C. (2010). Validity of the WISC–IV Spanish for a clinically referred sample of Hispanic children. Psychological Assessment, 22, 465-469.",Y,,
PRI6157,6157.0,PRI,Puerto Rico,109.1.2,1.0,,2.0,normal,1.0,5.5,11.0,8.25,33.25,1975.0,0.2,RPM,CPM,CPM,full,1.0,1.0,1977.0,2007.0,30.0,1.0,0.6666666666666666,1.0,1.0,0.0,17.416666666666668,17.416666666666668,73.87289999999999,6.300000000000026,0.0,0.0,0.0,1.0,80.17290000000001,83.0,2.8270999999999873,2.8270999999999873,0.6222222222222222,1228.888888888889,"Raven, Raven & Court (2006)","Raven, J. C., Raven, J., & Court, J. H. (2006). Manual für Raven's Progressive Matrices and Vocabulary Scales. Frankfurt: Harcourt Test Service.",Y,,
PRI8725,8725.0,PRI,Puerto Rico,,6.0,,2.0,normal,3.0,5.0,17.0,11.0,30.5,139.0,0.2,WIS,WISC,WISC,full,2.0,1.0,1955.0,1947.0,8.0,2.0,0.6666666666666666,0.0,0.0,0.0,,,87.94,-2.719999999999999,-2.5,0.0,0.0,0.3333333333333333,82.72,,,,0.39999999999999997,55.599999999999994,Roca (1955),"Roca, P. (1955). Problems of adapting intelligence scales from one culture to another. High School Journal, 38, 124-131.",Y,,
PRI7562,7562.0,PRI,Puerto Rico,,6.0,,2.0,normal,3.0,5.0,17.0,11.0,30.5,889.0,0.2,SBIS,SBIS,SBIS,full,2.0,1.0,1955.0,1937.0,18.0,2.0,0.5,0.0,0.0,0.0,,,95.28662542182227,-6.119999999999997,-2.5,0.0,0.0,0.3333333333333333,86.66662542182226,,,,0.3444444444444444,306.21111111111105,Roca (1955),"Roca, P. (1955). Problems of adapting intelligence scales from one culture to another. High School Journal, 38, 124-131.",Y,,
PRI1936,1936.0,PRI,Puerto Rico,,2.0,,2.0,normal,3.0,7.0,15.0,11.0,30.5,22.0,0.2,WIS,WISC-R,WISC-R,full,2.0,1.0,1986.0,1974.0,12.0,2.0,0.5,0.0,0.0,0.0,,,87.45,-4.079999999999998,-2.5,0.0,0.0,0.3333333333333333,80.87,,,,0.3444444444444444,7.577777777777777,Roselló et al. (1988),"Roselló, J., Hernández, J. J., Zayas, G., Ortiz, P., Matos, M., & Alvarez, L. (1988). Relación entre la contaminación con mercurio y el funcionamiento intelectual y afectivo en un grupo de niños de Humacao, Puerto Rico. Revista Puertorriqueña de Psicología, 5, 1-12.",Y,,
QAT1366,1366.0,QAT,Qatar,110.1.2,6.0,,2.0,normal,2.0,6.0,11.0,8.799999999999999,24.400000000000006,1135.0,0.2,RPM,SPM,SPM,full,1.0,1.0,2008.0,1979.0,29.0,1.0,0.6666666666666666,1.0,1.0,0.0,24.4375,24.4375,91.66615280324334,-6.090000000000025,0.0,0.0,0.0,1.0,85.5761528032433,84.0,-1.5761528032433034,1.5761528032433034,0.6222222222222222,706.2222222222223,Khaleefa & Lynn (2008a),"Khaleefa, O., & Lynn, R. (2008a). Norms for intelligence assessed by the Standard Progressive Matrices in Qatar. Mankind Quarterly, 49, 65-71.",Y,,"Khaleefa & Lynn (2008a) report an IQ of 88 using 1979 British norms. We have revised this to 84 to take account of the 2007 British standardisation norms which for ages 7 to 11 the British  IQs are 80, 80, 80, 80.5, 88 averaging 81.7. The data were obtained in 1999, requring an 8 year Flynn effect addition of 2.3 bringing it up to 84.  "
ROU5824,5824.0,ROU,Romania,,1.0,,2.0,normal,2.0,6.5,7.0,6.75,34.35,40.0,0.2,RPM,SPM+,SPM,full,1.0,1.0,2002.5,1979.0,23.5,1.0,0.6666666666666666,1.0,1.0,1.0,15.5,19.3174,104.13451351254045,-5.0400000000000205,0.0,0.0,0.0,0.6666666666666666,99.09451351254043,,,,0.5111111111111111,20.444444444444443,Raven & Raven (2008),"Dobrean, A., Raven, J., Comşa, M., Rusu, C., & Balazsi, R. (2008). Romanian standardization of Raven’s Standard Progressive Matrices Plus. In: Raven, J., & Raven, J. C. (Eds) (2008). Uses and Abuses of Intelligence. Unionville, NY: Royal Fireworks Press.",Y,Also reported in Iliescu et al. (2016),
ROU4821,4821.0,ROU,Romania,,1.0,,2.0,normal,2.0,7.5,18.5,13.0,28.1,1258.0,0.2,RPM,SPM+,SPM+,full,1.0,1.0,2002.5,2007.0,4.5,1.0,1.0,1.0,1.0,0.0,28.347826086956523,28.347826086956523,87.94497391304348,0.8400000000000034,0.0,0.0,0.0,1.0,88.78497391304349,,,,0.7333333333333334,922.5333333333334,Raven & Raven (2008),"Dobrean, A., Raven, J., Comşa, M., Rusu, C., & Balazsi, R. (2008). Romanian standardization of Raven’s Standard Progressive Matrices Plus. In: Raven, J., & Raven, J. C. (Eds) (2008). Uses and Abuses of Intelligence. Unionville, NY: Royal Fireworks Press.",Y,Also reported in Iliescu et al. (2016),
ROU1823,1823.0,ROU,Romania,,1.0,,2.0,normal,2.0,20.0,73.0,47.333333333333336,6.233333333333334,1503.0,0.4,RPM,SPM+,APM,full,1.0,1.0,2002.5,1992.0,10.5,1.0,0.8333333333333334,1.0,1.0,1.0,28.75,7.956158405336544,79.73147091438108,-2.3100000000000094,0.0,0.0,0.0,0.6666666666666666,77.42147091438108,,,,0.6333333333333333,951.9,Raven & Raven (2008),"Dobrean, A., Raven, J., Comşa, M., Rusu, C., & Balazsi, R. (2008). Romanian standardization of Raven’s Standard Progressive Matrices Plus. In: Raven, J., & Raven, J. C. (Eds) (2008). Uses and Abuses of Intelligence. Unionville, NY: Royal Fireworks Press.",Y,Also reported in Iliescu et al. (2016),
RUS2787,2787.0,RUS,Russia,112.1.1,2.0,Briansk,2.0,normal,3.0,14.0,15.0,14.5,25.1,432.0,0.2,RPM,SPM,SPM,full,1.0,1.0,1997.0,1979.0,18.0,1.0,0.8333333333333334,1.0,0.0,0.0,47.0,47.0,98.9764,-3.7800000000000153,0.0,0.0,0.0,1.0,95.19639999999998,97.0,1.8036000000000172,1.8036000000000172,0.6777777777777777,292.79999999999995,"Raven, Raven & Court (1999)","Raven, J. C., Raven, J., & Court, J. H. (1999). Raven's Progressive Matrices und Vocabulary Scales. Magdeburg: Swets Test Service.",Y,Also reported in Lynn (2001),
RUS1768,1768.0,RUS,Russia,112.1.2,2.0,Yakutsk,2.0,Russian,1.0,12.0,13.0,12.5,27.1,120.0,0.0,RPM,SPM+,SPM+,full,1.0,1.0,2017.0,2007.0,10.0,1.0,0.8333333333333334,0.0,0.0,0.0,,,96.35416666666667,-0.21000000000000085,0.0,0.0,0.0,0.3333333333333333,96.14416666666668,,,,0.3888888888888889,46.666666666666664,Shibaev & Lynn (2017),"Shibaev, V., & Lynn, R. (2017). The Intelligence of Yakuts and Ethnic Russians in Yakutia. Mankind Quarterly, 57, 680-686.",Y,,
RUS5506,5506.0,RUS,Russia,112.1.2,2.0,Yakutsk,2.0,Yakuts,1.0,12.0,13.0,12.5,27.1,738.0,0.0,RPM,SPM+,SPM+,full,1.0,1.0,2017.0,2007.0,10.0,1.0,0.8333333333333334,0.0,0.0,0.0,,,97.33373983739838,-0.21000000000000085,0.0,0.0,0.0,0.3333333333333333,97.12373983739838,,,,0.3888888888888889,287.0,Shibaev & Lynn (2017),"Shibaev, V., & Lynn, R. (2017). The Intelligence of Yakuts and Ethnic Russians in Yakutia. Mankind Quarterly, 57, 680-686.",Y,,
VCT6406,6406.0,VCT,Saint Vincent and the Grenadines,128.1.1,4.0,,2.0,normal,3.0,8.0,11.0,9.5,24.1,174.0,0.2,RPM,CPM,CPM,full,1.0,1.0,2002.0,2007.0,5.0,1.0,1.0,1.0,1.0,0.0,16.488124999999997,16.488124999999997,62.370864013081494,1.0500000000000043,0.0,0.0,0.0,1.0,63.4208640130815,71.0,7.5791359869185015,7.5791359869185015,0.7333333333333334,127.60000000000001,"Durbrow, Schaefer & Jimerson (2002)","Durbrow, E. H., Schaefer, B. A., & Jimerson, S. (2002). Diverging academic paths in rural Caribbean children. School Psychology International, 23, 155-168.",Y,,
SAU8563,8563.0,SAU,Saudi Arabia,115.1.2,2.0,Makka; Jedda; Al-Ta'ef in,2.0,normal,1.0,16.0,24.0,18.4,9.100000000000001,1998.0,0.4,RPM,SPM,APM,full,1.0,1.0,1977.0,1992.0,15.0,1.0,0.8333333333333334,1.0,1.0,1.0,37.43000000000001,6.780229245446004,74.72758625181208,3.150000000000013,0.0,0.0,0.0,0.6666666666666666,77.87758625181209,82.0,4.12241374818791,4.12241374818791,0.6333333333333333,1265.3999999999999,Abdel-Khalek & Lynn (2009),"Abdel-Khalek, A. M., & Lynn, R. (2009). Norms for intelligence in Saudi Arabia assessed by the Standard Progressive Matrices. Mankind Quarterly, 50, 106-113.  ",Y,"Also reported by Abu-Hatab, F., Zahran, H., Mousa, A., Khedr, A., Yousef, M., & Sadek, A. (1977). The standardization of the Standard Progressive Matrices in a Saudi sample. In Abu-Hatab, F. (Ed) (1977). Studies on the standardization of psychological tests (Vol. 1; pp. 191-246). Cairo, Egypt: Anglo-Egyptian Library [in Arabic].",
SAU8865,8865.0,SAU,Saudi Arabia,115.1.2,2.0,Makka; Jedda; Al-Ta'ef in,2.0,normal,1.0,8.0,15.0,11.5,16.0,2661.0,0.3,RPM,SPM,SPM,full,1.0,1.0,1977.0,1979.0,2.0,1.0,1.0,1.0,1.0,0.0,22.693125,22.693125,75.03215798031921,0.4200000000000017,0.0,0.0,0.0,1.0,75.45215798031921,82.0,6.547842019680786,6.547842019680786,0.7666666666666666,2040.1,Abdel-Khalek & Lynn (2009),"Abdel-Khalek, A. M., & Lynn, R. (2009). Norms for intelligence in Saudi Arabia assessed by the Standard Progressive Matrices. Mankind Quarterly, 50, 106-113.  ",Y,"Also reported by Abu-Hatab, F., Zahran, H., Mousa, A., Khedr, A., Yousef, M., & Sadek, A. (1977). The standardization of the Standard Progressive Matrices in a Saudi sample. In Abu-Hatab, F. (Ed) (1977). Studies on the standardization of psychological tests (Vol. 1; pp. 191-246). Cairo, Egypt: Anglo-Egyptian Library [in Arabic].",
SAU9747,9747.0,SAU,Saudi Arabia,115.1.1,3.0,Riyadh,2.0,normal,3.0,7.0,12.0,9.5,18.0,1476.0,0.3,RPM,SPM+,SPM+,full,1.0,1.0,2016.0,2007.0,9.0,1.0,1.0,1.0,1.0,0.0,25.75,25.75,93.67729179999999,-0.21000000000000085,0.0,0.0,0.0,1.0,93.4672918,79.0,-14.467291799999998,14.467291799999998,0.7666666666666666,1131.6,Bakhiet et al. (2016b),"Bakhiet, S. F. A., Essa, Y. A. S., Dwieb, A. M. M., Elsayed, A. M. A., Sulman, A. S. M., Cheng, H., & Lynn, R. (2016b). Correlations between intelligence, head circumference and height: Evidence from two samples in Saudi Arabia. Journal of Biosocial Science, 2017, 1-5.",Y,,
SAU1749,1749.0,SAU,Saudi Arabia,115.1.6,2.0,,2.0,normal,1.0,8.0,15.0,11.5,16.0,2354.0,0.3,RPM,SPM,SPM,full,1.0,1.0,2010.0,1979.0,31.0,1.0,0.6666666666666666,1.0,1.0,0.0,28.023125,28.023125,82.00291345395031,-6.090000000000025,0.0,0.0,0.0,1.0,75.9129134539503,72.0,-3.9129134539502957,3.9129134539502957,0.6555555555555556,1543.1777777777777,Batterjee (2011),"Batterjee, A. A. (2011). Intelligence and education: the Saudi case. Mankind Quarterly, 52, 133-190.",Y,,"Batterjee (2011) reports a study of the SPM administered in 2010. We calculate these IQs based on the 2007 British SPM standardization: 69 age 8, 72.5 age 9, 71 age 10, 76 age 11, 73.5 age 12, 72 age 13, 74 age 14, 72.5 age 15, 76.5 age age 16, 68.5 age 17. 66 age 18. The average is 72. "
SAU4656,4656.0,SAU,Saudi Arabia,115.1.6,2.0,,2.0,normal,1.0,15.0,18.0,17.0,10.5,855.0,0.3,RPM,SPM,APM,full,1.0,1.0,2010.0,1992.0,18.0,1.0,0.8333333333333334,1.0,1.0,1.0,36.6,6.347875822145835,75.85562497038654,-3.3600000000000136,0.0,0.0,0.0,0.6666666666666666,72.49562497038653,72.0,-0.49562497038652964,0.49562497038652964,0.6,513.0,Batterjee (2011),"Batterjee, A. A. (2011). Intelligence and education: the Saudi case. Mankind Quarterly, 52, 133-190.",Y,,"Batterjee (2011) reports a study of the SPM administered in 2010. We calculate these IQs based on the 2007 British SPM standardization: 69 age 8, 72.5 age 9, 71 age 10, 76 age 11, 73.5 age 12, 72 age 13, 74 age 14, 72.5 age 15, 76.5 age age 16, 68.5 age 17. 66 age 18. The average is 72. "
SAU6541,6541.0,SAU,Saudi Arabia,115.1.5,2.0,,2.0,normal,1.0,6.0,15.0,10.944444444444445,16.555555555555557,1553.0,0.3,RPM,SPM,SPM,full,1.0,1.0,2010.0,1979.0,31.0,1.0,0.6666666666666666,1.0,1.0,0.0,28.600000000000005,28.600000000000005,85.57183219222222,-6.090000000000025,0.0,0.0,0.0,1.0,79.48183219222219,82.0,2.5181678077778145,2.5181678077778145,0.6555555555555556,1018.0777777777778,Batterjee et al. (2013),"Batterjee, A. A., Khaleefa, O., Ashaer, K., & Lynn, R. (2013). Normative data for IQ, height and head circumference for children in Saudi Arabia. Journal of Biosocial Science, 45, 451-459.   ",Y,,
SAU1455,1455.0,SAU,Saudi Arabia,115.1.7,2.0,Eastern Province,2.0,male,5.0,9.0,10.0,9.5,18.0,150.0,0.1,RPM,SPM,SPM,full,1.0,1.0,2000.5,1979.0,21.5,1.0,0.6666666666666666,1.0,1.0,0.0,23.32857142857143,23.32857142857143,85.78601207142857,-4.620000000000019,0.0,0.0,0.0,1.0,81.16601207142855,80.0,-1.166012071428554,1.166012071428554,0.5888888888888889,88.33333333333334,Bella et al. (2005),"Bella, H., Khalil, M. S., Al-Almaie, S. M.,  Kurashi, N. Y., & Wahas, S. (2005). The effects of birth interval on intellectual development of Saudi school children in Eastern Saudi Arabia. Saudi Medical Journal, 26, 741-745",Y,"From birth interval study in which no significant effects have been found, therefore whole sample used",
SAU1215,1215.0,SAU,Saudi Arabia,115.1.8,3.0,Tabuk,2.0,female,3.0,13.0,15.0,14.7,12.8,604.0,0.1,RPM,SPM,SPM,full,1.0,1.0,2012.0,1979.0,33.0,1.0,0.6666666666666666,1.0,0.0,0.0,35.9,35.9,79.3081768,-6.090000000000025,0.0,0.0,0.0,1.0,73.21817679999998,82.5,9.28182320000002,9.28182320000002,0.5888888888888889,355.6888888888889,Osman et al. (2016),"Osman, H. A., Alahmadi, M. M. A., Bakhiet, S. F. A., & Lynn, R. (2016). The relation between intelligence and family size, position and income in adolescent girls in Saudi Arabia. Psychological Reports, 0, 1-4.",Y,,"Osman, H. A., Alahmadi, M. M. A., Bakhiet,  S. F. A. & Lynn, R. (2016)
report a study of the SPM of girls aged 14.75 administered in 2012 obtaining a score of 35.9. This is at the 12th percentile of the British 1979 standardisation sample and is equivalent to a British IQ of 82.5.
"
SRB1862,1862.0,SRB,Serbia,118.1.4,3.0,,2.0,male,3.0,6.0,7.0,6.92,35.68,333.0,0.0,RPM,CPM,CPM,full,1.0,1.0,2009.0,2007.0,2.0,1.0,1.0,1.0,0.0,0.0,24.415,24.415,100.174873895225,-0.21000000000000085,0.0,0.0,0.0,1.0,99.964873895225,98.0,-1.9648738952249971,1.9648738952249971,0.6666666666666666,222.0,Bala & Kati (2009),"Bala, G., & Kati, R. (2009). Sex differences in anthropometric characteristics, motor and cognitive functioning in preschool children at the time of school enrolment. Collegium Anthropologium, 33, 1071-1078.",Y,,Bala & Kati (2009) report CPM data for 6-7 year old children in Vojvodina (Serbia) obtaining a score of 24 equivalent to an IQ of 100 on the British 2007 standardisation.
SRB5821,5821.0,SRB,Serbia,118.1.5,3.0,Novi Sad,2.0,control,3.0,5.0,8.0,6.13,36.47,122.0,0.0,RPM,CPM,CPM,full,1.0,1.0,2013.0,2007.0,6.0,1.0,1.0,1.0,0.0,0.0,21.65,21.65,107.4377214875,-0.21000000000000085,0.0,0.0,0.0,1.0,107.22772148749999,100.0,-7.227721487499991,7.227721487499991,0.6666666666666666,81.33333333333333,"Bala, Krneta & Drid (2013)","Bala, G., Krneta, Z., & Drid, P. (2013). The effects of kinesiologal activity on motor and intellectual functioning of children in relation to their physical condition at birth. Collegium Anthropologium, 37, 161-170.",Y,reestimation without experimental group,
SRB1195,1195.0,SRB,Serbia,118.1.1,1.0,,2.0,female; Bosniaks,3.0,4.0,65.0,44.9,2.299999999999997,90.0,0.2,RPM,SPM,APM,full,1.0,1.0,2007.0,1992.0,15.0,1.0,0.8333333333333334,1.0,0.0,1.0,48.6,15.331291920000027,92.65988168543046,-3.150000000000013,0.0,0.0,0.0,0.6666666666666666,89.50988168543046,91.0,1.4901183145695427,1.4901183145695427,0.5666666666666668,51.00000000000001,Čvorović & Lynn (2014),"Čvorović, J., & Lynn, R. (2014). Intelligence and reproductive success of Bosniaks, Serbs and Roma in Serbia. Mankind Quarterly, 54, 434-446.  ",Y,,Čvorović & Lynn (2014) reported by obtained a SPM scores of 48.6 for Bosniaks and 44.5 for Serbs equivalent to British 1992 norm percentiles of 48 and 22.5 and British IQs of 99.5 and 88.6. We have revised these to 94.5 and 87.5 to give a  British  IQ of 91.
SRB4962,4962.0,SRB,Serbia,118.1.1,1.0,,2.0,female; Serbs,3.0,37.0,61.0,47.2,4.600000000000001,72.0,0.2,RPM,SPM,APM,full,1.0,1.0,2007.0,1992.0,15.0,1.0,0.8333333333333334,1.0,0.0,1.0,44.5,11.385416250000006,85.69431005980654,-3.150000000000013,0.0,0.0,0.0,0.6666666666666666,82.54431005980652,91.0,8.45568994019348,8.45568994019348,0.5666666666666668,40.800000000000004,Čvorović & Lynn (2014),"Čvorović, J., & Lynn, R. (2014). Intelligence and reproductive success of Bosniaks, Serbs and Roma in Serbia. Mankind Quarterly, 54, 434-446.  ",Y,,Čvorović & Lynn (2014) reported by obtained a SPM scores of 48.6 for Bosniaks and 44.5 for Serbs equivalent to British 1992 norm percentiles of 48 and 22.5 and British IQs of 99.5 and 88.6. We have revised these to 94.5 and 87.5 to give a  British  IQ of 91.
SRB4992,4992.0,SRB,Serbia,118.1.1,1.0,,2.0,female; Roma,3.0,39.0,72.0,48.2,5.600000000000001,105.0,0.2,RPM,SPM,APM,full,1.0,1.0,2008.5,1992.0,16.5,1.0,0.8333333333333334,1.0,0.0,1.0,24.1,1.7002979700000012,64.61868520793942,-3.3600000000000136,0.0,0.0,0.0,0.6666666666666666,61.25868520793941,91.0,29.741314792060592,29.741314792060592,0.5666666666666668,59.50000000000001,Čvorović & Lynn (2014),"Čvorović, J., & Lynn, R. (2014). Intelligence and reproductive success of Bosniaks, Serbs and Roma in Serbia. Mankind Quarterly, 54, 434-446.  ",Y,,Čvorović & Lynn (2014) reported by obtained a SPM scores of 48.6 for Bosniaks and 44.5 for Serbs equivalent to British 1992 norm percentiles of 48 and 22.5 and British IQs of 99.5 and 88.6. We have revised these to 94.5 and 87.5 to give a  British  IQ of 91.
SRB2217,2217.0,SRB,Serbia,118.1.2,2.0,Vojvodina,2.0,normal,3.0,11.0,14.0,13.273333333333333,29.326666666666668,910.0,0.2,RPM,SPM,SPM,full,1.0,1.0,2013.0,1979.0,34.0,1.0,0.6666666666666666,1.0,1.0,0.0,42.906666666666666,42.906666666666666,97.27356076125834,-6.090000000000025,0.0,0.0,0.0,1.0,91.18356076125832,90.0,-1.1835607612583203,1.1835607612583203,0.6222222222222222,566.2222222222223,Drid et al. (2013),"Drid, P., Vujkov, S., Jakšić, D. Trivić, T., Marinković, D., & and Bala, G. (2013). Differences in motor and cognitive abilities of children depending on their vody mass index and subcutaneous adipose tissue. Collegium Anthropologium, 37, 171-177.",Y,,
SRB6215,6215.0,SRB,Serbia,118.1.6,2.0,Voivodina,2.0,normal,3.0,4.0,11.0,7.5,35.1,2334.0,0.2,RPM,CPM,CPM,full,1.0,1.0,2007.0,2007.0,0.0,1.0,1.0,1.0,1.0,0.0,24.271250000000002,24.271250000000002,100.02265171586251,0.0,0.0,0.0,0.0,1.0,100.02265171586251,98.0,-2.0226517158625086,2.0226517158625086,0.7333333333333334,1711.6000000000001,"Fajgelj, Bala & Kati (2010)","Fajgelj, S., Bala, G., & Kati, R. (2010). Latent Structure of Raven’s Colored Progressive Matrices. Collegium Antropologicum, 34, 1015-1026.",Y,,
SRB3017,3017.0,SRB,Serbia,118.1.3,3.0,Novi Pazar,2.0,Christians,3.0,22.0,60.0,41.0,1.6000000000000014,67.0,0.2,RPM,SPM,APM,full,1.0,1.0,2006.5,1992.0,14.5,1.0,0.8333333333333334,1.0,0.0,1.0,46.0,12.702720000000006,86.61261013152713,-3.150000000000013,0.0,0.0,0.0,0.6666666666666666,83.46261013152713,88.0,4.5373898684728715,4.5373898684728715,0.5666666666666668,37.966666666666676,Rushton & Čvorović (2009) ,"Rushton, J. P., & Čvorović, J. (2009). Data on the Raven’s Standard Progressive Matrices from four Serbian samples. Personality and Individual Differences, 46, 483-486.",Y,,
SRB4065,4065.0,SRB,Serbia,118.1.3,3.0,Belgrad,2.0,Christians,3.0,17.0,50.0,33.5,9.100000000000001,404.0,0.2,RPM,SPM,APM,full,1.0,1.0,2006.5,1992.0,14.5,1.0,0.8333333333333334,1.0,0.0,1.0,47.0,13.65961,85.7587616306055,-3.150000000000013,0.0,0.0,0.0,0.6666666666666666,82.6087616306055,88.0,5.3912383693945,5.3912383693945,0.5666666666666668,228.93333333333337,Rushton & Čvorović (2009) ,"Rushton, J. P., & Čvorović, J. (2009). Data on the Raven’s Standard Progressive Matrices from four Serbian samples. Personality and Individual Differences, 46, 483-486.",Y,,
SRB5243,5243.0,SRB,Serbia,118.1.3,3.0,Tutin,2.0,Muslims,3.0,22.0,65.0,43.5,0.8999999999999986,74.0,0.2,RPM,SPM,APM,full,1.0,1.0,2006.5,1992.0,14.5,1.0,0.8333333333333334,1.0,0.0,1.0,52.0,19.51656,98.91135714759068,-3.150000000000013,0.0,0.0,0.0,0.6666666666666666,95.76135714759067,88.0,-7.761357147590672,7.761357147590672,0.5666666666666668,41.93333333333334,Rushton & Čvorović (2009) ,"Rushton, J. P., & Čvorović, J. (2009). Data on the Raven’s Standard Progressive Matrices from four Serbian samples. Personality and Individual Differences, 46, 483-486.",Y,,
SRB8348,8348.0,SRB,Serbia,118.1.3,3.0,Novi Pazar,2.0,Muslims,3.0,17.0,50.0,33.5,9.100000000000001,63.0,0.2,RPM,SPM,APM,full,1.0,1.0,2006.5,1992.0,14.5,1.0,0.8333333333333334,1.0,0.0,1.0,44.0,10.976079999999996,80.66095115952386,-3.150000000000013,0.0,0.0,0.0,0.6666666666666666,77.51095115952384,88.0,10.489048840476158,10.489048840476158,0.5666666666666668,35.7,Rushton & Čvorović (2009) ,"Rushton, J. P., & Čvorović, J. (2009). Data on the Raven’s Standard Progressive Matrices from four Serbian samples. Personality and Individual Differences, 46, 483-486.",Y,,
SRB3565,3565.0,SRB,Serbia,118.1.8,2.0,Kosovska Mitrovica; Pristina,2.0,normal,3.0,5.0,7.0,7.0,35.6,303.0,0.2,WIS,WISC-III,WISC-III,full,2.0,1.0,1992.0,1989.0,3.0,2.0,0.6666666666666666,0.0,0.0,0.0,,,75.53999999999999,-1.0199999999999996,-2.5,4.3,0.0,0.0,76.32,73.0,-3.319999999999993,3.319999999999993,0.2888888888888889,87.53333333333335,Wasserman et al. (1997),"Wasserman, G. A., Liu, X., Lolacono, N. J., Factor-Litvak, P., Kline, J. K., Popovac, D., Morina, N., Musabegovic, A., Vrenezi, N., Capuni-Paracka, S., Lekic, V., Preteni-Redjepi, E., Hadzialievicj, S., Slavkovich, V., & Graziano, J. H. (1997). Lead exposure and intelligence in 7-year-old children: The Yugoslavia prospective study. Environmental Healh Perspectives, 105, 956-962.",Y,,"Wasserman et al. (1997) report a study in Mitrovica and Pristina, two towns in
Kosovo. Children aged 7 obtained  a WISC III IQ of 75.25. Deduct 2 to equate to a British IQ gives the sample an unusually low IQ of 73."
SYC1160,1160.0,SYC,Seychelles,119.1.1,6.0,,2.0,normal,5.0,8.916666666666666,8.916666666666666,8.916666666666666,26.483333333333334,643.0,0.2,WIS,WISC-III,WISC-III,full,2.0,1.0,1989.5,1989.0,0.5,2.0,0.6666666666666666,0.0,0.0,0.0,,,81.6,-0.33999999999999986,-2.5,0.0,0.0,0.3333333333333333,78.75999999999999,80.0,1.240000000000009,1.240000000000009,0.39999999999999997,257.2,Myers et al. (2003),"Myers, G. J., Davidson, Ph. W., Cox, Ch., Shamlaye, C. F., Palumbo, D., Cernichiari, E., Sloane-Reeves, J., Wilding, G. W., Kost, J., Huang, L.-Sh., & Clarkson, Th. W. (2003). Prenatal methylmercury exposure from ocean fish consumption in the Seychelles child development study. Lancet, 361, 1686-1692.",Y,,"Myers et al. (2003) report a WISC-III IQ of 81.6 in a sample of 643 children aged 9 years, converted to British IQ of 79.6 and rounded up to 80. "
SLE7153,7153.0,SLE,Sierra Leone,120.1.1,4.0,Mayola,2.0,Temne,3.0,10.0,40.0,25.0,6.0,89.0,0.2,RPM,CPM,APM,full,1.0,1.0,1966.0,1992.0,26.0,1.0,0.6666666666666666,1.0,0.0,1.0,13.1,-3.8154879354854856,39.17607951101017,5.460000000000016,0.0,0.0,1.0,0.6666666666666666,60.0,64.0,4.0,4.0,0.5111111111111111,45.48888888888889,Berry (1966),"Berry, J. W. (1966). Temne and Eskimo perceptual skills. International Journal of Psychology, 1, 207-229.",Y,,
SLE7602,7602.0,SLE,Sierra Leone,120.1.1,3.0,Pt. Loko ,2.0,Temne,3.0,10.0,40.0,25.0,6.0,30.0,0.2,RPM,CPM,APM,full,1.0,1.0,1966.0,1992.0,26.0,1.0,0.6666666666666666,1.0,0.0,1.0,13.9,-3.345884924335383,40.91520799284813,5.460000000000016,0.0,0.0,1.0,0.6666666666666666,60.0,64.0,4.0,4.0,0.5111111111111111,15.333333333333332,Berry (1966),"Berry, J. W. (1966). Temne and Eskimo perceptual skills. International Journal of Psychology, 1, 207-229.",Y,,
SGP2784,2784.0,SGP,Singapore,,1.0,,2.0,myopia,1.0,10.0,12.0,11.067,23.533,521.0,0.0,RPM,SPM,SPM,full,1.0,1.0,2001.0,1979.0,22.0,1.0,0.6666666666666666,1.0,0.0,0.0,40.8,40.8,102.05583311999999,-4.620000000000019,0.0,0.0,0.0,1.0,97.43583311999997,,,,0.5555555555555555,289.4444444444444,Chong et al. (2005),"Chong, Y.-S., Liang, Y., Gazzard, G., Stone, R. A., &   Saw, S.-M. (2005).  Association Between Breastfeeding and Likelihood of Myopia in Children. Journal of the American Medical Association, 293, 3001-3002.",Y,,
SGP6778,6778.0,SGP,Singapore,,1.0,,2.0,normal,1.0,10.0,12.0,10.902999999999999,23.697000000000003,276.0,0.2,RPM,SPM,SPM,full,1.0,1.0,2001.0,1979.0,22.0,1.0,0.6666666666666666,1.0,0.0,0.0,36.9,36.9,93.60504909,-4.620000000000019,0.0,0.0,0.0,1.0,88.98504908999998,,,,0.6222222222222222,171.73333333333335,Chong et al. (2005),"Chong, Y.-S., Liang, Y., Gazzard, G., Stone, R. A., &   Saw, S.-M. (2005).  Association Between Breastfeeding and Likelihood of Myopia in Children. Journal of the American Medical Association, 293, 3001-3002.",Y,,
SGP6975,6975.0,SGP,Singapore,121.1.4,1.0,,2.0,normal,3.0,14.0,16.0,15.0,19.6,459.0,0.3,RPM,APM,APM,full,1.0,1.0,1988.0,1992.0,4.0,1.0,1.0,1.0,0.0,0.0,24.21,24.21,121.7517351771,0.8400000000000034,0.0,0.0,0.0,1.0,122.5917351771,114.0,-8.591735177100006,8.591735177100006,0.7666666666666666,351.9,Lim (1994),"Lim, T. K. (1994). Gender-related differences in intelligence: application of conﬁrmatory factor analysis. Intelligence, 19, 179-192.",Y,,
SGP5605,5605.0,SGP,Singapore,121.1.1,1.0,,2.0,male; Chinese,1.0,13.0,14.0,13.8,20.8,147.0,0.0,RPM,SPM,SPM,full,1.0,1.0,1977.0,1979.0,2.0,1.0,1.0,1.0,0.0,0.0,47.9,47.9,104.3578338,0.4200000000000017,0.0,0.0,0.0,1.0,104.7778338,103.0,-1.7778337999999962,1.7778337999999962,0.6666666666666666,98.0,Lynn (1977),"Lynn, R. (1977). The intelligence of the Chinese and Malays in Singapore. Mankind Quarterly, 18, 125-128.",Y,"CIA: Chinese 74.2%, Malay 13.3%, Indian 9.2%, other 3.3% (2013 est.)",
SGP9284,9284.0,SGP,Singapore,121.1.1,1.0,,2.0,male; Malay,1.0,13.0,14.0,13.1,21.5,190.0,0.0,RPM,SPM,SPM,full,1.0,1.0,1977.0,1979.0,2.0,1.0,1.0,1.0,0.0,0.0,41.5,41.5,95.7550625,0.4200000000000017,0.0,0.0,0.0,1.0,96.1750625,103.0,6.824937500000004,6.824937500000004,0.6666666666666666,126.66666666666666,Lynn (1977),"Lynn, R. (1977). The intelligence of the Chinese and Malays in Singapore. Mankind Quarterly, 18, 125-128.",Y,"CIA: Chinese 74.2%, Malay 13.3%, Indian 9.2%, other 3.3% (2013 est.)",
SVK2338,2338.0,SVK,Slovakia,122.1.2,1.0,,2.0,normal,2.0,5.0,11.0,8.5,32.0,833.0,0.2,RPM,CPM,CPM,full,1.0,1.0,1983.0,2007.0,24.0,1.0,0.6666666666666666,1.0,1.0,0.0,23.833333333333332,23.833333333333332,90.278225,5.0400000000000205,0.0,0.0,0.0,1.0,95.31822500000003,96.0,0.6817749999999734,0.6817749999999734,0.6222222222222222,518.3111111111111,"Raven, Raven & Court (2006)","Raven, J. C., Raven, J., & Court, J. H. (2006). Manual für Raven's Progressive Matrices and Vocabulary Scales. Frankfurt: Harcourt Test Service.",Y,,
SVN2723,2723.0,SVN,Slovenia,123.1.1,1.0,,2.0,normal,3.0,8.0,16.0,12.0,32.5,1265.0,0.2,RPM,SPM,SPM,full,1.0,1.0,1998.0,1979.0,19.0,1.0,0.8333333333333334,1.0,1.0,0.0,38.711111111111116,38.711111111111116,97.9085711711111,-3.990000000000016,0.0,0.0,0.0,1.0,93.9185711711111,97.5,3.581428828888903,3.581428828888903,0.6777777777777777,857.3888888888888,Raven & Raven (2008),"Boben, D. (2007). The standardization of all the main Raven Progressive Matrices tests in Slovenia. In J. Raven & J. Raven (Eds), Uses and Abuses of Intelligence. Unionville, NT: Royal Fireworks Press.",Y,,
SVN2984,2984.0,SVN,Slovenia,123.1.1,1.0,,2.0,normal,3.0,13.0,19.0,16.0,28.5,1363.0,0.2,RPM,APM,APM,full,1.0,1.0,1998.0,1992.0,6.0,1.0,1.0,1.0,1.0,0.0,17.571428571428573,17.571428571428573,104.63481594285714,-1.2600000000000051,0.0,0.0,0.0,1.0,103.37481594285714,97.5,-5.87481594285714,5.87481594285714,0.7333333333333334,999.5333333333334,Raven & Raven (2008),"Boben, D. (2007). The standardization of all the main Raven Progressive Matrices tests in Slovenia. In J. Raven & J. Raven (Eds), Uses and Abuses of Intelligence. Unionville, NT: Royal Fireworks Press.",Y,,
SVN3452,3452.0,SVN,Slovenia,123.1.1,1.0,,2.0,normal,3.0,11.0,17.0,14.0,30.5,1668.0,0.2,RPM,SPM+,SPM+,full,1.0,1.0,2005.5,2007.0,1.5,1.0,1.0,1.0,1.0,0.0,33.79,33.79,96.77957202926251,0.21000000000000085,0.0,0.0,0.0,1.0,96.98957202926252,97.5,0.5104279707374815,0.5104279707374815,0.7333333333333334,1223.2,Raven & Raven (2008),"Boben, D. (2007). The standardization of all the main Raven Progressive Matrices tests in Slovenia. In J. Raven & J. Raven (Eds), Uses and Abuses of Intelligence. Unionville, NT: Royal Fireworks Press.",Y,,
SVN9451,9451.0,SVN,Slovenia,123.1.1,1.0,,2.0,normal,3.0,6.0,11.0,8.0625,36.4375,1495.0,0.2,RPM,CPM,CPM,full,1.0,1.0,1998.0,2007.0,9.0,1.0,1.0,1.0,1.0,0.0,25.9625,25.9625,99.1524305625,1.8900000000000077,0.0,0.0,0.0,1.0,101.04243056250002,97.5,-3.542430562500016,3.542430562500016,0.7333333333333334,1096.3333333333335,Raven & Raven (2008),"Boben, D. (2007). The standardization of all the main Raven Progressive Matrices tests in Slovenia. In J. Raven & J. Raven (Eds), Uses and Abuses of Intelligence. Unionville, NT: Royal Fireworks Press.",Y,,
SVN2537,2537.0,SVN,Slovenia,123.1.4,1.0,,2.0,normal,1.0,7.0,16.0,11.657089898053753,32.842910101946245,1080.0,0.2,WIS,WISC-III,WISC-III,full,2.0,1.0,1999.0,1989.0,10.0,2.0,0.5,0.0,1.0,0.0,,,98.0,-3.3999999999999986,-2.5,0.0,0.0,0.3333333333333333,92.1,95.0,2.9000000000000057,2.9000000000000057,0.3444444444444444,371.99999999999994,Georgas et al. (2003),"Georgas, J., Weiss, L. G., van der Vijver, F., & Saklofske, D. H. (Eds) (2003). Culture and Children’s Intelligence. Amsterdam: Academic Press.",Y,,
SVN2402,2402.0,SVN,Slovenia,123.1.2,1.0,,2.0,normal,1.0,11.5,13.0,12.25,32.25,267.0,0.2,RPM,CPM,SPM,full,1.0,1.0,1988.0,1979.0,9.0,1.0,1.0,1.0,1.0,1.0,31.75,40.654849999999996,97.32942257962485,-1.8900000000000077,0.0,0.0,0.0,0.6666666666666666,95.43942257962485,96.0,0.5605774203751537,0.5605774203751537,0.6222222222222222,166.13333333333333,"Raven, Raven & Court (2006)","Raven, J. C., Raven, J., & Court, J. H. (2006). Manual für Raven's Progressive Matrices and Vocabulary Scales. Frankfurt: Harcourt Test Service.",Y,,
SVN5820,5820.0,SVN,Slovenia,123.1.2,1.0,,2.0,normal,1.0,6.0,11.0,8.5,36.0,1432.0,0.2,RPM,CPM,CPM,full,1.0,1.0,1988.0,2007.0,19.0,1.0,0.8333333333333334,1.0,1.0,0.0,26.545454545454547,26.545454545454547,97.45002727272723,3.990000000000016,0.0,0.0,0.0,1.0,101.44002727272724,96.0,-5.440027272727235,5.440027272727235,0.6777777777777777,970.5777777777777,"Raven, Raven & Court (2006)","Raven, J. C., Raven, J., & Court, J. H. (2006). Manual für Raven's Progressive Matrices and Vocabulary Scales. Frankfurt: Harcourt Test Service.",Y,,
SOM7155,7155.0,SOM,Somalia,,5.0,"Dadaab refugee camps, Kenya",1.0,refugees,3.0,8.0,18.0,13.0,5.100000000000001,2440.0,0.2,RPM,SPM+,SPM+,full,1.0,1.0,2015.0,2007.0,8.0,1.0,1.0,0.0,1.0,0.0,20.363636363636363,20.363636363636363,67.88491892113638,-0.21000000000000085,0.0,0.0,0.0,1.0,67.67491892113637,66.8,-0.8749189211363699,0.8749189211363699,0.7333333333333334,1789.3333333333335,Bakhiet et al. (2017a),"Bakhiet, S. F. A., Abdelrasheed, N. S. G., Al-Khadher, M. M. A., Adan, M. H., Cheng, H., & Lynn, R. (2017). A study of sex differences in intelligence of Somali refugees in Kenya. Mankind Quarterly, 58, 301-306.",Y,refugee-sample (underestimation possible),
ZAF4180,4180.0,ZAF,South Africa,114.1.3,2.0,Grahamstown,2.0,Xhosa,1.0,16.0,20.5,17.5,9.600000000000001,19.0,0.2,RPM,CPM,APM,full,1.0,1.0,2000.0,1992.0,8.0,1.0,1.0,1.0,1.0,1.0,24.8,2.6283554901575377,61.132035499739075,-1.6800000000000068,0.0,0.0,1.0,0.6666666666666666,60.0,65.0,5.0,5.0,0.6222222222222222,11.822222222222223,Bass (2000),"Bass, N. (2000). The Raven’s Coloured Progressive Matrices Test: A pilot study for the establishment of normative data for Xhosa speaking Primary School pupils in the Grahamstown region. MA Social Science, Rhodes University, Grahamstown, South Africa.",Y,,"Bass (2000) has reported results for the standardization of the Colored Progressive Matrices on a sample of 379 Xhosa speaking primary school pupils 11 year olds in the Grahamstown region in the southeast of the country (see also Knoetze, Bass & Steele, 2005). The sample obtained an average score of 20.24 (sd 6.35). This score is at the 5th percentile of the 1982 British standardization given in Raven, Court & Raven (1995) and is equivalent to a British  IQ of 75. The score is at the 0.4th percentile on the 2007 British standardization given in Raven (2008) and is equivalent to a British  IQ of 60.  The IQ of the sample is estimated as a British  IQs of 65 calculated by Bakhiet, Lynn & Meisenberg (2015)."
ZAF6716,6716.0,ZAF,South Africa,114.1.3,2.0,Grahamstown,2.0,Xhosa,1.0,11.5,15.5,13.5,13.600000000000001,185.0,0.1,RPM,CPM,SPM,full,1.0,1.0,2000.0,1979.0,21.0,1.0,0.6666666666666666,1.0,1.0,1.0,22.81111111111111,23.223858288888888,69.04479129657813,-4.410000000000018,0.0,0.0,0.0,0.6666666666666666,64.6347912965781,65.0,0.36520870342189937,0.36520870342189937,0.4777777777777777,88.38888888888887,Bass (2000),"Bass, N. (2000). The Raven’s Coloured Progressive Matrices Test: A pilot study for the establishment of normative data for Xhosa speaking Primary School pupils in the Grahamstown region. MA Social Science, Rhodes University, Grahamstown, South Africa.",Y,,"Bass (2000) has reported results for the standardization of the Colored Progressive Matrices on a sample of 379 Xhosa speaking primary school pupils 11 year olds in the Grahamstown region in the southeast of the country (see also Knoetze, Bass & Steele, 2005). The sample obtained an average score of 20.24 (sd 6.35). This score is at the 5th percentile of the 1982 British standardization given in Raven, Court & Raven (1995) and is equivalent to a British  IQ of 75. The score is at the 0.4th percentile on the 2007 British standardization given in Raven (2008) and is equivalent to a British  IQ of 60.  The IQ of the sample is estimated as a British  IQs of 65 calculated by Bakhiet, Lynn & Meisenberg (2015)."
ZAF7824,7824.0,ZAF,South Africa,114.1.3,2.0,Grahamstown,2.0,Xhosa,1.0,6.5,11.0,8.75,18.35,176.0,0.1,RPM,CPM,CPM,full,1.0,1.0,2000.0,2007.0,7.0,1.0,1.0,1.0,1.0,0.0,15.669999999999998,15.669999999999998,64.22926195000001,1.470000000000006,0.0,0.0,0.0,1.0,65.69926195000002,65.0,-0.6992619500000217,0.6992619500000217,0.7000000000000001,123.20000000000002,Bass (2000),"Bass, N. (2000). The Raven’s Coloured Progressive Matrices Test: A pilot study for the establishment of normative data for Xhosa speaking Primary School pupils in the Grahamstown region. MA Social Science, Rhodes University, Grahamstown, South Africa.",Y,,"Bass (2000) has reported results for the standardization of the Colored Progressive Matrices on a sample of 379 Xhosa speaking primary school pupils 11 year olds in the Grahamstown region in the southeast of the country (see also Knoetze, Bass & Steele, 2005). The sample obtained an average score of 20.24 (sd 6.35). This score is at the 5th percentile of the 1982 British standardization given in Raven, Court & Raven (1995) and is equivalent to a British  IQ of 75. The score is at the 0.4th percentile on the 2007 British standardization given in Raven (2008) and is equivalent to a British  IQ of 60.  The IQ of the sample is estimated as a British  IQs of 65 calculated by Bakhiet, Lynn & Meisenberg (2015)."
ZAF1935,1935.0,ZAF,South Africa,,1.0,,2.0,normal,1.0,9.0,10.0,9.458333333333334,17.641666666666666,350.0,0.3,RPM,SPM,SPM,full,1.0,1.0,1990.0,1979.0,11.0,1.0,0.8333333333333334,1.0,0.0,0.0,12.6,12.6,73.0423416,-2.3100000000000094,0.0,0.0,0.0,1.0,70.73234159999998,,,,0.7111111111111111,248.88888888888889,Lynn & Holmshaw (1990),"Lynn, R., & Holmshaw, M. (1990). Black-White differences in reaction times and intelligence. Social Behaviour and Personality, 18, 299-308.",Y,,
ZAF7089,7089.0,ZAF,South Africa,114.1.4,4.0,KwaZulu-Natal,2.0,Zulu,3.0,8.0,10.0,9.0,18.1,806.0,0.1,RPM,CPM,CPM,full,1.0,1.0,2000.0,2007.0,7.0,1.0,1.0,1.0,1.0,0.0,14.049999999999999,14.049999999999999,56.655390645833336,1.470000000000006,0.0,0.0,1.0,1.0,60.0,68.0,8.0,8.0,0.7000000000000001,564.2,Jinabhai et al. (2004),"Jinabhai, C. C., Taylor, M., Rangongo, N. J., Mkhize, S., Anderson, S., Pillay, B. J., & Sullivan, K. R. (2004). Investigating the mental abilities of rural primary school children in South Africa. Ethnicity and Health, 9, 17-36.",Y,,
ZAF1821,1821.0,ZAF,South Africa,,3.0,Grahamstown Township,1.0,Blacks,2.0,12.0,16.0,14.0,13.100000000000001,105.0,0.1,RPM,SPM,SPM,full,1.0,1.0,1992.0,1979.0,13.0,1.0,0.8333333333333334,1.0,1.0,0.0,35.260000000000005,35.260000000000005,82.26619044,-2.730000000000011,0.0,0.0,0.0,1.0,79.53619043999998,,,,0.6444444444444445,67.66666666666667,Vass (1992),"Vass, V. A. (1992). Standardization of Raven's Standard progressive Matrices for Secondary School African Pupils in the Grahamstown Region. Thesis submitted in partial fulfillment of the requirements for the Degree of MASTER OF ARTS of Rhodes University.",Y,"SES=1 due to ""township""",
ZAF8432,8432.0,ZAF,South Africa,,3.0,Grahamstown Township,1.0,Blacks,2.0,17.0,27.0,11.5,15.600000000000001,815.0,0.1,RPM,SPM,APM,full,1.0,1.0,1992.0,1979.0,13.0,1.0,0.8333333333333334,1.0,1.0,1.0,33.4225,28.784015855000007,66.1506543420943,-2.730000000000011,0.0,0.0,0.0,0.6666666666666666,63.42065434209429,,,,0.5333333333333333,434.6666666666667,Vass (1992),"Vass, V. A. (1992). Standardization of Raven's Standard progressive Matrices for Secondary School African Pupils in the Grahamstown Region. Thesis submitted in partial fulfillment of the requirements for the Degree of MASTER OF ARTS of Rhodes University.",Y,"SES=1 due to ""township""",
ZAF4366,4366.0,ZAF,South Africa,,3.0,Gauteng,2.0,normal,3.0,13.0,17.0,14.053398058252426,13.046601941747575,413.0,0.3,RPM,SPM,SPM,full,1.0,1.0,2008.0,1979.0,29.0,1.0,0.6666666666666666,1.0,0.0,0.0,42.31719,42.31719,92.4402236514334,-6.090000000000025,0.0,0.0,0.0,1.0,86.35022365143337,,,,0.6555555555555556,270.74444444444447,Knowles (2008),"Knowles, J. (2008). Assessment of non-verbal intelligence in South African schools: Do language and gender bias performance on the Raven's Standard Progressive Matrices? Master Thesis at the University of the Witwatersrand, Johannesburg.",Y,Individuals (1) with unknown age excluded,
ZAF5245,5245.0,ZAF,South Africa,,3.0,Gauteng,2.0,normal,3.0,13.0,17.0,14.828169014084507,12.271830985915495,356.0,0.3,RPM,SPM,SPM,full,1.0,1.0,2008.0,1979.0,29.0,1.0,0.6666666666666666,1.0,0.0,0.0,44.53501,44.53501,96.40443654183993,-6.090000000000025,0.0,0.0,0.0,1.0,90.31443654183991,,,,0.6555555555555556,233.37777777777777,Knowles (2008),"Knowles, J. (2008). Assessment of non-verbal intelligence in South African schools: Do language and gender bias performance on the Raven's Standard Progressive Matrices? Master Thesis at the University of the Witwatersrand, Johannesburg.",Y,Individuals (2) with unknown age excluded,
ZAF3016,3016.0,ZAF,South Africa,114.1.2,3.0,Potchefstroom,2.0,Blacks,3.0,8.0,11.0,9.37,17.730000000000004,181.0,0.1,RPM,SPM,SPM,full,1.0,1.0,2010.0,1979.0,31.0,1.0,0.6666666666666666,1.0,0.0,0.0,13.875,16.364508593749996,78.08853316541803,-6.090000000000025,0.0,0.0,0.0,0.6666666666666666,71.998533165418,,,,0.4777777777777777,86.47777777777776,"Malda, van der Vijver & Temaine (2010)","Malda, M., van der Vijver, F. J. R., & Temaine, Q. M. (2010). Rugby versus soccer in South Africa: Content familiarity contributes to cross-cultural differences in test scores. Intelligence, 38, 582-595.",Y,,
ZAF4435,4435.0,ZAF,South Africa,114.1.2,3.0,Potchefstroom,2.0,Whites,3.0,8.0,11.0,9.37,17.730000000000004,161.0,0.1,RPM,SPM,SPM,full,1.0,1.0,2010.0,1979.0,31.0,1.0,0.6666666666666666,1.0,0.0,0.0,23.75,31.257674999999992,95.00804731434437,-6.090000000000025,0.0,0.0,0.0,0.6666666666666666,88.91804731434434,,,,0.4777777777777777,76.9222222222222,"Malda, van der Vijver & Temaine (2010)","Malda, M., van der Vijver, F. J. R., & Temaine, Q. M. (2010). Rugby versus soccer in South Africa: Content familiarity contributes to cross-cultural differences in test scores. Intelligence, 38, 582-595.",Y,,
ZAF7688,7688.0,ZAF,South Africa,114.1.2,4.0,Ramatlabama,2.0,Blacks,3.0,8.0,11.0,9.37,17.730000000000004,159.0,0.1,RPM,SPM,SPM,full,1.0,1.0,2010.0,1979.0,31.0,1.0,0.6666666666666666,1.0,0.0,0.0,12.805,14.839960149649999,76.14401393334767,-6.090000000000025,0.0,0.0,0.0,0.6666666666666666,70.05401393334765,,,,0.4777777777777777,75.96666666666665,"Malda, van der Vijver & Temaine (2010)","Malda, M., van der Vijver, F. J. R., & Temaine, Q. M. (2010). Rugby versus soccer in South Africa: Content familiarity contributes to cross-cultural differences in test scores. Intelligence, 38, 582-595.",Y,,
ZAF3076,3076.0,ZAF,South Africa,114.1.1,1.0,,2.0,Coloureds,3.0,,,15.0,12.100000000000001,778.0,0.1,RPM,SPM,SPM,full,1.0,1.0,1992.0,1979.0,13.0,1.0,0.8333333333333334,1.0,0.0,0.0,36.69,36.69,84.85546684539999,-2.730000000000011,0.0,0.0,0.0,1.0,82.12546684539998,80.0,-2.125466845399984,2.125466845399984,0.6444444444444445,501.3777777777778,Owen (1992),"Owen, K. (1992). The suitability of Raven's Progressive Matrices for various groups in South Africa. Personality and Individual Differences, 13, 149-159.",Y,,
ZAF3873,3873.0,ZAF,South Africa,114.1.1,1.0,,2.0,Indian,3.0,,,15.0,12.100000000000001,1063.0,0.1,RPM,SPM,SPM,full,1.0,1.0,1992.0,1979.0,13.0,1.0,0.8333333333333334,1.0,0.0,0.0,41.99,41.99,92.35393641940001,-2.730000000000011,0.0,0.0,0.0,1.0,89.6239364194,80.0,-9.623936419399996,9.623936419399996,0.6444444444444445,685.0444444444445,Owen (1992),"Owen, K. (1992). The suitability of Raven's Progressive Matrices for various groups in South Africa. Personality and Individual Differences, 13, 149-159.",Y,Also cited in Lynn (2002),
ZAF7450,7450.0,ZAF,South Africa,114.1.1,1.0,,2.0,Blacks,3.0,,,15.0,12.100000000000001,1093.0,0.1,RPM,SPM,SPM,full,1.0,1.0,1992.0,1979.0,13.0,1.0,0.8333333333333334,1.0,0.0,0.0,27.65,27.65,73.67282177499999,-2.730000000000011,0.0,0.0,0.0,1.0,70.94282177499997,80.0,9.05717822500003,9.05717822500003,0.6444444444444445,704.3777777777779,Owen (1992),"Owen, K. (1992). The suitability of Raven's Progressive Matrices for various groups in South Africa. Personality and Individual Differences, 13, 149-159.",Y,,
ZAF8035,8035.0,ZAF,South Africa,114.1.1,1.0,,2.0,Whites,3.0,,,15.0,12.100000000000001,1056.0,0.1,RPM,SPM,SPM,full,1.0,1.0,1992.0,1979.0,13.0,1.0,0.8333333333333334,1.0,0.0,0.0,45.27,45.27,97.64092964979999,-2.730000000000011,0.0,0.0,0.0,1.0,94.91092964979998,80.0,-14.910929649799982,14.910929649799982,0.6444444444444445,680.5333333333334,Owen (1992),"Owen, K. (1992). The suitability of Raven's Progressive Matrices for various groups in South Africa. Personality and Individual Differences, 13, 149-159.",Y,,
ZAF1314,1314.0,ZAF,South Africa,114.1.5,2.0,Soweto,2.0,Blacks,3.0,12.0,24.5,17.17,9.93,100.0,0.2,WIS,WISC-R,WISC-R,Selection,2.0,1.0,2001.0,1983.0,18.0,3.0,0.16666666666666666,1.0,1.0,0.0,,,81.0,-10.800000000000026,-1.2,0.0,0.0,0.3333333333333333,68.99999999999997,65.0,-3.9999999999999716,3.9999999999999716,0.2333333333333333,23.333333333333332,Skuy et al. (2001),"Skuy, M., Schutte, E., Fridjhon, P., & O’Carroll, S. (2001). Suitability of published neuropsychological test norms for urban African students in South Africa. Personality & Individual Differences, 30, 1413-1425.",Y,,
ZAF4568,4568.0,ZAF,South Africa,114.1.5,3.0,Soweto,2.0,Blacks,3.0,13.0,15.0,14.0,13.100000000000001,152.0,0.1,WIS,WISC-R,WISC-R,full,2.0,1.0,2001.0,1983.0,18.0,3.0,0.5,1.0,1.0,0.0,62.66,62.66,75.5,-10.800000000000026,-1.2,0.0,0.0,1.0,63.49999999999997,65.0,1.5000000000000284,1.5000000000000284,0.5333333333333333,81.06666666666666,Skuy et al. (2001),"Skuy, M., Schutte, E., Fridjhon, P., & O’Carroll, S. (2001). Suitability of published neuropsychological test norms for urban African students in South Africa. Personality & Individual Differences, 30, 1413-1425.",Y,,
SSD8991,8991.0,SSD,South Sudan,,2.0,Khartoum area,1.0,refugees,3.0,6.0,15.0,10.5,6.800000000000001,1186.0,0.2,RPM,SPM,SPM,full,1.0,1.0,2009.5,1979.0,30.5,1.0,0.6666666666666666,1.0,1.0,0.0,13.796499999999998,13.796499999999998,66.3293856171135,-6.090000000000025,0.0,0.0,0.0,1.0,60.23938561711348,,,,0.6222222222222222,737.9555555555555,Ahmed et al. (2017),"Ahmed, A. S. F., Osman, H. A., Bakhiet, S. F. A., Cheng, H., & Lynn, R. (2017). Gender Differences on the Standard Progressive Matrices of South Sudanese Living in Khartoum. Mankind Quarterly, 58, 2.",Y,refugee-sample (underestimation possible),
SSD3712,3712.0,SSD,South Sudan,,2.0,Khartoum area,1.0,refugees,3.0,16.0,18.0,17.0,0.3000000000000007,191.0,0.2,RPM,SPM,APM,full,1.0,1.0,2009.5,1992.0,17.5,1.0,0.8333333333333334,1.0,1.0,1.0,20.536666666666665,0.3346473505091699,53.522443133294416,-3.3600000000000136,0.0,0.0,1.0,0.6666666666666666,60.0,,,,0.5666666666666668,108.23333333333335,Ahmed et al. (2017),"Ahmed, A. S. F., Osman, H. A., Bakhiet, S. F. A., Cheng, H., & Lynn, R. (2017). Gender Differences on the Standard Progressive Matrices of South Sudanese Living in Khartoum. Mankind Quarterly, 58, 2.",Y,refugee-sample (underestimation possible),
SSD1077,1077.0,SSD,South Sudan,124.1.2,1.0,South Sudan,1.0,refugees,5.0,7.0,15.0,11.0,6.300000000000001,2366.0,0.2,RPM,SPM,SPM,full,1.0,1.0,2016.0,1979.0,37.0,1.0,0.6666666666666666,1.0,1.0,0.0,13.166666666666666,13.166666666666666,65.65841389444444,-6.090000000000025,0.0,0.0,1.0,1.0,60.0,57.0,-3.0,3.0,0.6222222222222222,1472.1777777777777,Osman et al. (2017a),"Osman, H. A., Bakhiet, S. F. A., Alnaier, N. A. G., & Lynn, R. (2017a). A Study of the Intelligence of South Sudanese Refugee Children. Mankind Quarterly, 57, 585-589.",Y,refugee-sample (underestimation possible),
SSD2648,2648.0,SSD,South Sudan,124.1.2,1.0,South Sudan,1.0,refugees,5.0,16.0,18.0,17.0,0.3000000000000007,606.0,0.2,RPM,SPM,APM,full,1.0,1.0,2016.0,1992.0,24.0,1.0,0.6666666666666666,1.0,1.0,1.0,22.26666666666667,1.0104318600000006,56.19039394186555,-3.3600000000000136,0.0,0.0,1.0,0.6666666666666666,60.0,57.0,-3.0,3.0,0.5111111111111111,309.7333333333333,Osman et al. (2017a),"Osman, H. A., Bakhiet, S. F. A., Alnaier, N. A. G., & Lynn, R. (2017a). A Study of the Intelligence of South Sudanese Refugee Children. Mankind Quarterly, 57, 585-589.",Y,refugee-sample (underestimation possible),
SSD8765,8765.0,SSD,South Sudan,,1.0,South Sudan,1.0,refugees,3.0,6.0,7.0,6.5,10.8,13.785,0.1,RPM,CPM,CPM,full,1.0,1.0,2017.0,1992.0,25.0,1.0,0.6666666666666666,1.0,1.0,0.0,13.785,13.785,78.66527370575,-3.3600000000000136,0.0,0.0,0.0,1.0,75.30527370574998,,,,0.5888888888888889,8.117833333333333,Osman et al. (2018),"Osman, H. A., Ahmed, A. S. F., Elbanna, L. M. A., Bakhiet, S. F. A., & Lynn, R. (2018). A Study of the Colored Progressive Matrices with Children from South Sudan. Mankind Quarterly, 59(1), 92–97. https://doi.org/10.46469/mq.2018.59.1.7",Y,Group-testing excluded,
ESP2958,2958.0,ESP,Spain,125.1.1,3.0,Valencia,2.0,females,1.0,,,23.98,18.720000000000002,157.0,0.1,RPM,SPM,APM,full,1.0,1.0,2010.0,1992.0,18.0,1.0,0.8333333333333334,1.0,0.0,1.0,51.31,18.59298287187002,92.85866813451494,-3.3600000000000136,0.0,0.0,0.0,0.6666666666666666,89.49866813451493,97.0,7.501331865485071,7.501331865485071,0.5333333333333333,83.73333333333333,Diaz et al. (2010),"Diaz, A., Sellami, K., Infanzón, E., Lanzón, T., & Lynn, R. (2010). Sex differences in means and variance of intelligence: Some data for Spain. Mankind Quarterly, 50, 210-220.",Y,,
ESP9232,9232.0,ESP,Spain,125.1.1,3.0,Valencia,2.0,males,1.0,,,27.01,15.690000000000001,101.0,0.1,RPM,SPM,APM,full,1.0,1.0,2010.0,1992.0,18.0,1.0,0.8333333333333334,1.0,0.0,1.0,52.64,20.408954414080014,96.25880158163058,-3.3600000000000136,0.0,0.0,0.0,0.6666666666666666,92.89880158163056,97.0,4.101198418369435,4.101198418369435,0.5333333333333333,53.86666666666667,Diaz et al. (2010),"Diaz, A., Sellami, K., Infanzón, E., Lanzón, T., & Lynn, R. (2010). Sex differences in means and variance of intelligence: Some data for Spain. Mankind Quarterly, 50, 210-220.",Y,,
ESP8884,8884.0,ESP,Spain,125.1.4,1.0,,2.0,normal,1.0,4.5,9.5,7.0,35.7,1189.0,0.2,RPM,CPM,CPM,full,1.0,1.0,1994.0,2007.0,13.0,1.0,0.8333333333333334,1.0,1.0,0.0,19.5,19.5,88.59391666666669,2.730000000000011,0.0,0.0,0.0,1.0,91.32391666666669,97.0,5.67608333333331,5.67608333333331,0.6777777777777777,805.8777777777777,"Raven, Raven & Court (2006)","Raven, J. C., Raven, J., & Court, J. H. (2006). Manual für Raven's Progressive Matrices and Vocabulary Scales. Frankfurt: Harcourt Test Service.",Y,,
ESP3771,3771.0,ESP,Spain,125.1.6,1.0,,2.0,normal,1.0,17.5,62.0,34.3,8.400000000000006,1269.0,0.4,WIS,WAIS-III,WAIS-III,Performance,2.0,1.0,1999.0,1997.0,2.0,2.0,0.3333333333333333,0.0,1.0,0.0,,,97.6,-0.6799999999999997,-2.5,0.0,0.0,0.3333333333333333,94.41999999999999,94.0,-0.4199999999999875,0.4199999999999875,0.35555555555555557,451.20000000000005,Roivainen (2010),"Roivainen, E. (2010). European and American WAIS 111 norms: Cross-national differences in performance subtest scores. Intelligence, 38, 187-192.",Y,,
ESP8271,8271.0,ESP,Spain,125.1.2,3.0,Valencia,2.0,normal,3.0,18.0,65.0,25.19,17.51,258.0,0.3,RPM,SPM,APM,full,1.0,1.0,2012.0,1992.0,20.0,1.0,0.6666666666666666,1.0,0.0,1.0,51.83,19.285340777590008,94.14305520269657,-3.3600000000000136,0.0,0.0,0.0,0.6666666666666666,90.78305520269656,97.0,6.216944797303441,6.216944797303441,0.5444444444444444,140.46666666666667,Díaz et al. (2012),"Díaz, A., Sellami, K., Infanzón, E., Lanzón, T., & Lynn, R. (2012). A comparative study of general intelligence in Spanish and Moroccan samples. Spanish Journal of Psychology, 15, 526-532.",Y,,
ESP5392,5392.0,ESP,Spain,,3.0,Madrid,2.0,university students,5.0,17.0,24.0,20.13,22.570000000000004,477.0,0.0,RPM,APM,APM,18/36 items,1.0,1.0,2014.0,1992.0,22.0,1.0,0.3333333333333333,1.0,0.0,0.0,10.47622641509434,22.314362264150944,99.96966722279797,-3.3600000000000136,0.0,0.0,0.0,0.6666666666666666,96.60966722279795,,,,0.3333333333333333,159.0,Estrada et al. (2015),"Estrada, E., Ferrer, E., Abad, F. J., Román, F. J., & Colom, R.(2015). A general factor of intelligence fails to account for changes in tests’ scores after cognitive practice: A longitudinal multi-group latent-variable study. Intelligence, 50, 93-99.",Y,"Only 18 of 36 APM-II-Items were administered and 20min time limit which would be the same as 40min for full APM-II, therefore raw-scores multiplied with 2.13",
LKA6243,6243.0,LKA,Sri Lanka,,1.0,,2.0,normal,1.0,11.0,16.0,13.5,19.299999999999997,302.0,0.3,RPM,SPM+,SPM+,full,1.0,1.0,2017.0,2007.0,10.0,1.0,0.8333333333333334,1.0,1.0,0.0,29.166666666666668,29.166666666666668,86.24955303333336,-0.21000000000000085,0.0,0.0,0.0,1.0,86.03955303333336,83.0,-3.0395530333333625,3.0395530333333625,0.7111111111111111,214.75555555555556,"Omanbayev, Tosheva & Lynn (2018)","Omanbayev, B., Tosheva, Sh., & Lynn, R. (2018). A New Study of Intelligence in Sri Lanka. Mankind Quarterly, 58, 501-504.",Y,,
LKA8652,8652.0,LKA,Sri Lanka,126.1.2,1.0,,2.0,normal,1.0,5.4,7.0,6.2,26.599999999999998,12.0,0.2,RPM,CPM,CPM,full,1.0,1.0,2000.0,2007.0,7.0,1.0,1.0,1.0,0.0,0.0,16.92,16.92,93.80488885759999,1.470000000000006,0.0,0.0,0.0,1.0,95.27488885759999,80.0,-15.27488885759999,15.27488885759999,0.7333333333333334,8.8,"Haraldsson, Fowler & Periyannanpillai (2000)","Haraldsson, E., Fowler, P. C., & Periyannanpillai, V. (2000). Psychological characteristics of children who speak of a previous life: a further field study in Sri Lanka. Transcultural Psychiatry, 37, 525-544.",Y,,"Haraldsson  et al. (2000)  report CPM results for a small sample of children who do or do not remember episodes from their previous life. There was no differnce between the two groups who obtained a mean score was 16.5 equvalent to a British IQ of 89 with the British 1982 norms and 75 with the 2007 norms, giving a time-weighted average of 80."
LKA9591,9591.0,LKA,Sri Lanka,126.1.2,1.0,,2.0,control,1.0,5.4,7.0,6.2,26.599999999999998,12.0,0.0,RPM,CPM,CPM,full,1.0,1.0,2000.0,2007.0,7.0,1.0,1.0,1.0,0.0,0.0,16.08,16.08,91.1567037824,1.470000000000006,0.0,0.0,0.0,1.0,92.6267037824,80.0,-12.6267037824,12.6267037824,0.6666666666666666,8.0,"Haraldsson, Fowler & Periyannanpillai (2000)","Haraldsson, E., Fowler, P. C., & Periyannanpillai, V. (2000). Psychological characteristics of children who speak of a previous life: a further field study in Sri Lanka. Transcultural Psychiatry, 37, 525-544.",Y,,"Haraldsson  et al. (2000)  report CPM results for a small sample of children who do or do not remember episodes from their previous life. There was no differnce between the two groups who obtained a mean score was 16.5 equvalent to a British IQ of 89 with the British 1982 norms and 75 with the 2007 norms, giving a time-weighted average of 80."
SDN1601,1601.0,SDN,Sudan,129.1.11,1.0,,2.0,normal,1.0,7.0,16.0,11.5,8.399999999999999,1460.0,0.4,WIS,WISC-III,WISC-III,full,2.0,1.0,2010.0,1991.0,19.0,1.0,0.8333333333333334,0.0,0.0,0.0,,,77.4,-1.8700000000000019,0.0,0.0,0.0,0.3333333333333333,75.53,77.0,1.4699999999999989,1.4699999999999989,0.5222222222222223,762.4444444444445,Bakhiet & Lynn (2015h),"Bakhiet, S. F. A., & Lynn, R. (2015h). Regional differences in intelligence in Sudan. Intelligence, 50, 150-152.",Y,,Bakhiet & Lynn (2015b) report data for a  British Performance IQ on  the WISC 111 for 7 regions in Sudan giving a IQ of 77.4 rounded to 77. 
SDN1289,1289.0,SDN,Sudan,129.1.2,1.0,,2.0,normal,3.0,9.0,15.0,12.0,7.899999999999999,4011.5833333333335,0.4,RPM,SPM,SPM,full,1.0,1.0,2001.0,1979.0,22.0,1.0,0.6666666666666666,1.0,1.0,0.0,31.714285714285715,31.714285714285715,84.6132742857143,-4.620000000000019,0.0,0.0,0.0,1.0,79.99327428571428,82.0,2.0067257142857216,2.0067257142857216,0.6888888888888888,2763.5351851851847,Bakhiet (2008),"Bakhiet, S. F.A (2008). Application of progressive matrices in the Sudan. Arab Psynet, 19, 223-225.",Y,N is calculated from the full sample-size in proportion of the number of age-groups in this sub-sample,"Bakhiet (2008) summarises three studies of the SPM in Sudan carried out in 1998, 2001 and 2005 giving 1979 British IQs Flynn effect adjusted of  84, 85 and 75."
SDN3606,3606.0,SDN,Sudan,129.1.2,3.0,,2.0,normal,3.0,6.0,9.0,7.5,12.399999999999999,1683.0,0.3,RPM,CPM,CPM,full,1.0,1.0,2006.0,2007.0,1.0,1.0,1.0,1.0,1.0,0.0,14.0,14.0,70.25044999999999,0.21000000000000085,0.0,0.0,0.0,1.0,70.46044999999998,82.0,11.53955000000002,11.53955000000002,0.7666666666666666,1290.3,Bakhiet (2008),"Bakhiet, S. F.A (2008). Application of progressive matrices in the Sudan. Arab Psynet, 19, 223-225.",Y,,"Bakhiet (2008) summarises three studies of the SPM in Sudan carried out in 1998, 2001 and 2005 giving 1979 British IQs Flynn effect adjusted of  84, 85 and 75.   "
SDN3980,3980.0,SDN,Sudan,129.1.2,1.0,,2.0,normal,3.0,8.0,9.0,8.6,11.299999999999999,145.0,0.3,RPM,SPM,SPM,full,1.0,1.0,2003.0,1979.0,24.0,1.0,0.6666666666666666,1.0,0.0,0.0,23.0,23.0,89.07050000000001,-5.0400000000000205,0.0,0.0,0.0,1.0,84.03049999999999,82.0,-2.0304999999999893,2.0304999999999893,0.6555555555555556,95.05555555555556,Bakhiet (2008),"Bakhiet, S. F.A (2008). Application of progressive matrices in the Sudan. Arab Psynet, 19, 223-225.",Y,,"Bakhiet (2008) summarises three studies of the SPM in Sudan carried out in 1998, 2001 and 2005 giving 1979 British IQs Flynn effect adjusted of  84, 85 and 75.   "
SDN5606,5606.0,SDN,Sudan,129.1.2,3.0,,2.0,normal,3.0,8.0,12.0,10.0,9.899999999999999,537.0,0.4,RPM,SPM,SPM,full,1.0,1.0,2007.0,1979.0,28.0,1.0,0.6666666666666666,1.0,1.0,0.0,21.0,21.0,78.166396,-5.880000000000024,0.0,0.0,0.0,1.0,72.28639599999998,82.0,9.713604000000018,9.713604000000018,0.6888888888888888,369.9333333333333,Bakhiet (2008),"Bakhiet, S. F.A (2008). Application of progressive matrices in the Sudan. Arab Psynet, 19, 223-225.",Y,,"Bakhiet (2008) summarises three studies of the SPM in Sudan carried out in 1998, 2001 and 2005 giving 1979 British IQs Flynn effect adjusted of  84, 85 and 75.   "
SDN5704,5704.0,SDN,Sudan,129.1.2,1.0,,2.0,normal,3.0,16.0,25.0,18.5,1.3999999999999986,2865.416666666667,0.4,RPM,SPM,APM,full,1.0,1.0,2001.0,1992.0,9.0,1.0,1.0,1.0,1.0,1.0,44.4,11.321407999999998,86.04544179165791,-1.8900000000000077,0.0,0.0,0.0,0.6666666666666666,84.15544179165789,82.0,-2.1554417916578927,2.1554417916578927,0.6888888888888888,1973.9537037037035,Bakhiet (2008),"Bakhiet, S. F.A (2008). Application of progressive matrices in the Sudan. Arab Psynet, 19, 223-225.",Y,N is calculated from the full sample-size in proportion of the number of age-groups in this sub-sample,"Bakhiet (2008) summarises three studies of the SPM in Sudan carried out in 1998, 2001 and 2005 giving 1979 British IQs Flynn effect adjusted of  84, 85 and 75."
SDN5195,5195.0,SDN,Sudan,129.1.9,3.0,Khartoum,2.0,normal,1.0,6.5,9.5,8.0,11.899999999999999,1683.0,0.3,RPM,CPM,CPM,full,1.0,1.0,2004.0,2007.0,3.0,1.0,1.0,1.0,1.0,0.0,14.837500000000002,14.837500000000002,66.91217249374999,0.6300000000000026,0.0,0.0,0.0,1.0,67.54217249375,64.3,-3.2421724937500045,3.2421724937500045,0.7666666666666666,1290.3,Bakhiet et al. (2017b),"Bakhiet, S. F. A., Abdelrasheed, N. S. G., Cheng, H., Lynn, R., Essa, Y. A. S., & Blahmar, T. A. M. (2017b). Sex differences on the Coloured Progressive Matrices in Sudan. Mankind Quarterly, 57, 581-584.",Y,,"Khaleefa et al. (2010) report an SPM IQ of 67 for 9-18 year olds in Darfur a poor province in the southwesr of Sudan. We have revised this study using the British 2007 SPM norms to get 72 for age 9, 64 age 10, 69 age 11, 66 age 12, 59 age 13, 56 age 14 and above. The average is 64.3."
SDN1463,1463.0,SDN,Sudan,129.1.3,1.0,,2.0,private education,3.0,9.0,16.0,12.5,7.399999999999999,3411.0,0.2,RPM,SPM,SPM,full,1.0,1.0,2015.0,1979.0,36.0,1.0,0.6666666666666666,1.0,1.0,0.0,38.975,38.975,95.41631860234375,-6.090000000000025,0.0,0.0,0.0,1.0,89.32631860234372,84.0,-5.326318602343719,5.326318602343719,0.6222222222222222,2122.4,Batterjee & Ashria (2015),"Batterjee, A. A., & Ashria, I. (2015). Intelligence and education: The Sudan case. Mankind Quarterly, 56, 135-166.",Y,,
SDN2577,2577.0,SDN,Sudan,129.1.3,1.0,,2.0,public education,3.0,16.0,26.0,18.375,1.5249999999999986,698.0,0.2,RPM,SPM,APM,full,1.0,1.0,2015.0,1992.0,23.0,1.0,0.6666666666666666,1.0,1.0,1.0,39.737500000000004,8.033739623437505,78.77025784037916,-3.3600000000000136,0.0,0.0,0.0,0.6666666666666666,75.41025784037915,84.0,8.589742159620855,8.589742159620855,0.5111111111111111,356.75555555555553,Batterjee & Ashria (2015),"Batterjee, A. A., & Ashria, I. (2015). Intelligence and education: The Sudan case. Mankind Quarterly, 56, 135-166.",Y,"Numbers also published in Batterjee, A. A. (2017). The Relationship between the “Smart Fraction”, SES, and Education: The Sudan Case. Mankind Quarterly, 58, 229-267.",
SDN8415,8415.0,SDN,Sudan,129.1.3,1.0,,2.0,public education,3.0,9.0,15.0,12.0,7.899999999999999,3411.0,0.2,RPM,SPM,SPM,full,1.0,1.0,2015.0,1979.0,36.0,1.0,0.6666666666666666,1.0,1.0,0.0,34.214285714285715,34.214285714285715,87.9887165142857,-6.090000000000025,0.0,0.0,0.0,1.0,81.89871651428567,84.0,2.101283485714333,2.101283485714333,0.6222222222222222,2122.4,Batterjee & Ashria (2015),"Batterjee, A. A., & Ashria, I. (2015). Intelligence and education: The Sudan case. Mankind Quarterly, 56, 135-166.",Y,"Numbers also published in Batterjee, A. A. (2017). The Relationship between the “Smart Fraction”, SES, and Education: The Sudan Case. Mankind Quarterly, 58, 229-267.",
SDN4915,4915.0,SDN,Sudan,,3.0,Khartoum,2.0,normal,1.0,7.0,18.0,12.5,7.399999999999999,5189.0,0.4,RPM,SPM+,SPM+,full,1.0,1.0,2016.0,2007.0,9.0,1.0,1.0,1.0,1.0,0.0,23.555000000000003,23.555000000000003,77.90071057005667,-0.21000000000000085,0.0,0.0,0.0,1.0,77.69071057005667,,,,0.7999999999999999,4151.2,Husain et al. (2019),"Husain, N. I. A. E., Meisenberg, G., Becker, D., Bakhiet, S. F., Essa, Y. Ah. S., Lynn, R., & Al Julayghim, F. M. H. (2019). Intelligence, family income and parental education in the Sudan. Intelligence, 77, 101402. doi:10.1016/j.intell.2019.101402",Y,,
SDN2829,2829.0,SDN,Sudan,129.1.14,3.0,Khartoum,2.0,normal,3.0,9.0,15.0,12.0,7.899999999999999,2027.0,0.4,RPM,SPM,SPM,full,1.0,1.0,2010.0,1979.0,31.0,1.0,0.6666666666666666,1.0,1.0,0.0,27.042857142857144,27.042857142857144,77.18790429714285,-6.090000000000025,0.0,0.0,0.0,1.0,71.09790429714283,,,,0.6888888888888888,1396.3777777777775,Dutton et al. (2017),"Dutton, E., Bakhiet, S. F., Ziada, K. E., Essa, A. A. S., Blahmar, T. A. M. (2017). A negative Flynn Effect in Khartoum, the Sudanese capital. Intelligence, 63, 51-55. doi:10.1016/j.intell.2017.05.003",Y,,
SDN5748,5748.0,SDN,Sudan,129.1.14,3.0,Khartoum,2.0,normal,3.0,16.0,25.0,18.5,1.3999999999999986,3632.0,0.4,RPM,SPM,APM,full,1.0,1.0,2010.0,1992.0,18.0,1.0,0.8333333333333334,1.0,1.0,1.0,38.620000000000005,7.649663294000007,76.38913298656595,-3.3600000000000136,0.0,0.0,0.0,0.6666666666666666,73.02913298656594,,,,0.6333333333333333,2300.2666666666664,Dutton et al. (2017),"Dutton, E., Bakhiet, S. F., Ziada, K. E., Essa, A. A. S., Blahmar, T. A. M. (2017). A negative Flynn Effect in Khartoum, the Sudanese capital. Intelligence, 63, 51-55. doi:10.1016/j.intell.2017.05.003",Y,,
SDN1388,1388.0,SDN,Sudan,129.1.4,2.0,Khartoum,2.0,normal,3.0,7.0,11.0,9.0,10.899999999999999,3185.0,0.3,RPM,SPM,SPM,full,1.0,1.0,2008.0,1979.0,29.0,1.0,0.6666666666666666,1.0,1.0,0.0,17.342,17.342,80.91553588787076,-6.090000000000025,0.0,0.0,0.0,1.0,74.82553588787073,79.0,4.174464112129272,4.174464112129272,0.6555555555555556,2087.9444444444443,Irwing et al. (2008),"Irwing, P., Hamza, A., Khaleefa, O., & Lynn, R. (2008).  Effects of Abacus training on the intelligence of Sudanese children. Personality & Individual Differences, 45, 694-696.",Y,,
SDN1352,1352.0,SDN,Sudan,129.1.5,2.0,Khartoum,2.0,normal,1.0,16.0,25.0,18.5,1.3999999999999986,4377.0,0.4,RPM,SPM,APM,full,1.0,1.0,1999.0,1992.0,7.0,1.0,1.0,1.0,1.0,1.0,42.197,9.650258034874756,82.32612672470886,-1.470000000000006,0.0,0.0,0.0,0.6666666666666666,80.85612672470884,79.0,-1.8561267247088438,1.8561267247088438,0.6888888888888888,3015.266666666666,Khaleefa et al. (2008a),"Khaleefa, O., Khatib, M. A., Mutwakkil, M. M., & Lynn, R. (2008a). Norms and gender differences on the Progressive Matrices in Sudan. Mankind Quarterly, 49, 177-183.",Y,,
SDN7769,7769.0,SDN,Sudan,129.1.5,2.0,Khartoum,2.0,normal,1.0,9.0,15.0,12.0,7.899999999999999,2500.0,0.4,RPM,SPM,SPM,full,1.0,1.0,1999.0,1979.0,20.0,1.0,0.6666666666666666,1.0,1.0,0.0,30.732857142857142,30.732857142857142,82.94037442233555,-4.200000000000017,0.0,0.0,0.0,1.0,78.74037442233553,79.0,0.25962557766446537,0.25962557766446537,0.6888888888888888,1722.222222222222,Khaleefa et al. (2008a),"Khaleefa, O., Khatib, M. A., Mutwakkil, M. M., & Lynn, R. (2008a). Norms and gender differences on the Progressive Matrices in Sudan. Mankind Quarterly, 49, 177-183.",Y,,
SDN9580,9580.0,SDN,Sudan,129.1.7,3.0,Dafur,2.0,normal,3.0,9.0,16.0,12.5,7.399999999999999,981.0,0.4,RPM,SPM,SPM,full,1.0,1.0,2010.0,1979.0,31.0,1.0,0.6666666666666666,1.0,1.0,0.0,23.03875,23.03875,71.98589256675,-6.090000000000025,0.0,0.0,0.0,1.0,65.89589256674998,64.0,-1.8958925667499784,1.8958925667499784,0.6888888888888888,675.7999999999998,Khaleefa et al. (2010),"Khaleefa, O., Lynn, R., Abulgasim, A. Dosa, M., & Abdulradi, F. (2010). Norms for the Standard Progressive Matrices for 9-18 year olds for Darfur. Mankind Quarterly, 50, 311-317.",Y,,"Khaleefa et al. (2010) report an SPM IQ of 67 for 9-18 year olds in Darfur a poor province in the southwesr of Sudan. We have revised this study using the British 2007 SPM norms to get 72 for age 9, 64 age 10, 69 age 11, 66 age 12, 59 age 13, 56 age 14 and above. The average is 64.3."
SDN3916,3916.0,SDN,Sudan,129.1.8,3.0,Khartoum,2.0,university students,3.0,16.0,19.0,17.5,2.3999999999999986,1001.0,0.2,RPM,SPM,APM,full,1.0,1.0,2008.0,1992.0,16.0,1.0,0.8333333333333334,1.0,0.0,1.0,44.2,11.138090160000004,87.62581156903204,-3.3600000000000136,0.0,0.0,0.0,0.6666666666666666,84.26581156903202,81.0,-3.2658115690320244,3.2658115690320244,0.5666666666666668,567.2333333333335,"Khaleefa, Amer & Lynn (2014)","Khaleefa, O., Amer, Z., & Lynn, R. (2014). IQ differences between arts and science students at the University of Khartoum. Mankind Quarterly, 55, 136-140.",Y,,"Khaleefa, Amer & Lynn (2014) report SPM data for 1001 first year students at the University of Khartoum tested in 2008. The mean score was 44.2. This is equivalent to the 10th percentile of the British standardization sample of 1992 and a British IQ of 81. There were considerable differences in the IQs of the Khartoum students in different departments. Engineering and medical students obtained the highest IQs, and primary education students the lowest.  "
SWE2425,2425.0,SWE,Sweden,131.1.1,2.0,Uppsala; Stockholm,2.0,normal,3.0,6.0,15.9,10.95,30.250000000000004,1036.0,0.4,WIS,WISC-III,WISC-III,full,2.0,1.0,1998.0,1989.0,9.0,2.0,0.6666666666666666,0.0,1.0,0.0,,,102.0,-3.0599999999999987,-2.5,0.0,0.0,0.3333333333333333,96.44,99.0,2.5600000000000023,2.5600000000000023,0.4666666666666666,483.46666666666664,Georgas et al. (2003),"Georgas, J., Weiss, L. G., van der Vijver, F., & Saklofske, D. H. (Eds) (2003). Culture and Children’s Intelligence. Amsterdam: Academic Press.",Y,,
CHE8276,8276.0,CHE,Switzerland,,1.0,,2.0,normal,1.0,6.0,16.0,11.0,31.4,126.0,0.6,WIS,WISC-IV,WISC-IV,,2.0,1.0,2006.0,2006.0,0.0,3.0,0.3333333333333333,0.0,0.0,0.0,,,102.21,0.0,-1.2,0.0,0.0,0.3333333333333333,101.00999999999999,,,,0.4222222222222222,53.2,Grob et al. (2008),"Grob, A., Petermann, F., Lipsius, M, Costan-Dorigan, J., Petermann, U., & Daseking, M. (2008). Differences in Swiss and German children’s intelligence as measured by the HAWIK-1V. Swiss Journal of Psychology, 67, 113-118.",Y,,
CHE4251,4251.0,CHE,Switzerland,132.1.3,2.0,Geneva,2.0,normal,3.0,4.5,11.5,8.0525,34.3475,138.0,0.4,RPM,CPM,CPM,full,1.0,1.0,2016.0,2007.0,9.0,1.0,1.0,1.0,1.0,0.0,25.25,25.25,100.74638124999998,-0.21000000000000085,0.0,0.0,0.0,1.0,100.53638124999998,,,,0.7999999999999999,110.39999999999999,Heiz & Barisnikov (2016),"Heiz, J., & Barisnikov, K. (2016). Visual-motor integration, visual perception and motor coordination in a population with Williams syndrome and in typically developing children. Journal of Intellectual Disability Research, 60, 945-955.",Y,,
CHE6518,6518.0,CHE,Switzerland,132.1.2,2.0,Fribourg,2.0,normal,1.0,6.0,10.0,8.0,34.4,1000.0,0.5,RPM,CPM,CPM,full,1.0,1.0,1970.0,2007.0,37.0,1.0,0.6666666666666666,1.0,1.0,0.0,22.22222222222222,22.22222222222222,88.26028888888888,7.770000000000029,0.0,0.0,0.0,1.0,96.0302888888889,101.0,4.969711111111096,4.969711111111096,0.7222222222222222,722.2222222222222,"Raven, Raven & Court (2006)","Raven, J. C., Raven, J., & Court, J. H. (2006). Manual für Raven's Progressive Matrices and Vocabulary Scales. Frankfurt: Harcourt Test Service.",Y,,
CHE7313,7313.0,CHE,Switzerland,132.1.2,2.0,Fribourg,2.0,normal,1.0,6.0,10.0,8.0,34.4,209.0,0.5,RPM,CPM,CPM,full,1.0,1.0,1989.0,2007.0,18.0,1.0,0.8333333333333334,1.0,1.0,0.0,25.22222222222222,25.22222222222222,97.48074444444444,3.7800000000000153,0.0,0.0,0.0,1.0,101.26074444444446,101.0,-0.2607444444444553,0.2607444444444553,0.7777777777777778,162.55555555555557,"Raven, Raven & Court (2006)","Raven, J. C., Raven, J., & Court, J. H. (2006). Manual für Raven's Progressive Matrices and Vocabulary Scales. Frankfurt: Harcourt Test Service.",Y,,
SYR4283,4283.0,SYR,Syria,,3.0,Damascus,2.0,normal,3.0,13.0,15.0,14.0,10.3,981.0,0.5,RPM,SPM,SPM,full,1.0,1.0,2004.0,1979.0,25.0,1.0,0.6666666666666666,1.0,1.0,0.0,31.916666666666668,31.916666666666668,77.72304295416666,-5.250000000000021,0.0,0.0,0.0,1.0,72.47304295416663,,,,0.7222222222222222,708.5,Dutton et al. (2018),"Dutton, E., Essa, Y. Ah. S., Bakhiet, S. F., Ali, H. A. A., Alqafari, Sh. M., Alfaleh, A. S. H., & Becker, D. (2018). Brain drain in Syria's ancient capital: No Flynn Effect in Damascus,
2004–2013/14. Personality and Individual Differences, 125, 10-13.",Y,,
SYR9116,9116.0,SYR,Syria,,3.0,Damascus,2.0,normal,3.0,16.0,18.0,17.0,7.300000000000001,612.0,0.6,RPM,SPM,APM,full,1.0,1.0,2004.0,1992.0,12.0,1.0,0.8333333333333334,1.0,1.0,1.0,36.65,6.393909659583336,75.97628671853685,-2.5200000000000102,0.0,0.0,0.0,0.6666666666666666,73.45628671853684,,,,0.7000000000000001,428.40000000000003,Dutton et al. (2018),"Dutton, E., Essa, Y. Ah. S., Bakhiet, S. F., Ali, H. A. A., Alqafari, Sh. M., Alfaleh, A. S. H., & Becker, D. (2018). Brain drain in Syria's ancient capital: No Flynn Effect in Damascus,
2004–2013/14. Personality and Individual Differences, 125, 10-13.",Y,,
SYR4825,4825.0,SYR,Syria,,3.0,Damascus,2.0,normal,3.0,13.0,15.0,14.0,10.3,554.0,0.5,RPM,SPM,SPM,full,1.0,1.0,2013.5,1979.0,34.5,1.0,0.6666666666666666,1.0,1.0,0.0,32.123333333333335,32.123333333333335,78.01771571753333,-6.090000000000025,0.0,0.0,0.0,1.0,71.92771571753332,,,,0.7222222222222222,400.1111111111111,Dutton et al. (2018),"Dutton, E., Essa, Y. Ah. S., Bakhiet, S. F., Ali, H. A. A., Alqafari, Sh. M., Alfaleh, A. S. H., & Becker, D. (2018). Brain drain in Syria's ancient capital: No Flynn Effect in Damascus,
2004–2013/14. Personality and Individual Differences, 125, 10-13.",Y,,
SYR4919,4919.0,SYR,Syria,,3.0,Damascus,2.0,normal,3.0,16.0,18.0,17.0,7.300000000000001,569.0,0.6,RPM,SPM,APM,full,1.0,1.0,2013.5,1992.0,21.5,1.0,0.6666666666666666,1.0,1.0,1.0,36.61000000000001,6.3827600379033385,75.94764582254858,-3.3600000000000136,0.0,0.0,0.0,0.6666666666666666,72.58764582254857,,,,0.6444444444444444,366.68888888888887,Dutton et al. (2018),"Dutton, E., Essa, Y. Ah. S., Bakhiet, S. F., Ali, H. A. A., Alqafari, Sh. M., Alfaleh, A. S. H., & Becker, D. (2018). Brain drain in Syria's ancient capital: No Flynn Effect in Damascus,
2004–2013/14. Personality and Individual Differences, 125, 10-13.",Y,,
SYR1261,1261.0,SYR,Syria,133.1.1,3.0,Damascus,2.0,normal,3.0,16.0,18.0,17.0,7.300000000000001,588.0,0.6,RPM,SPM,APM,full,1.0,1.0,2004.0,1992.0,12.0,1.0,0.8333333333333334,1.0,1.0,1.0,36.61666666666667,6.3789925362500055,75.93273984989416,-2.5200000000000102,0.0,0.0,0.0,0.6666666666666666,73.41273984989415,70.0,-3.4127398498941517,3.4127398498941517,0.7000000000000001,411.6,Khaleefa & Lynn (2008b),"Khaleefa, O., & Lynn, R. (2008b). Sex differences on the Progressive Matrices: Some data from Syria. Mankind Quarterly, 48, 345-352.",Y,,"Khaleefa & Lynn (2008b). We have recalculated the results of this study using the British 1979 and 2007 SPM norms as follows: 71.5 age 7, 70.7 age 8, 68.2 age 9, 63.8 age 10, 68.3 age 11, 68.8 age 12, 69.4 age 13, 71.9 age 14, 72.9 age 15, 75.4 age 16, 73.3 age 17, 67.0 age 18. This gives an average of 70.1. "
SYR6869,6869.0,SYR,Syria,133.1.1,3.0,Damascus,2.0,normal,3.0,7.0,15.0,11.0,13.3,2723.0,0.5,RPM,SPM,SPM,full,1.0,1.0,2004.0,1979.0,25.0,1.0,0.6666666666666666,1.0,1.0,0.0,23.561111111111114,23.561111111111114,78.51928805541667,-5.250000000000021,0.0,0.0,0.0,1.0,73.26928805541664,70.0,-3.269288055416638,3.269288055416638,0.7222222222222222,1966.611111111111,Khaleefa & Lynn (2008b),"Khaleefa, O., & Lynn, R. (2008b). Sex differences on the Progressive Matrices: Some data from Syria. Mankind Quarterly, 48, 345-352.",Y,,"Khaleefa & Lynn (2008b). We have recalculated the results of this study using the British 1979 and 2007 SPM norms as follows: 71.5 age 7, 70.7 age 8, 68.2 age 9, 63.8 age 10, 68.3 age 11, 68.8 age 12, 69.4 age 13, 71.9 age 14, 72.9 age 15, 75.4 age 16, 73.3 age 17, 67.0 age 18. This gives an average of 70.1. "
TWN7259,7259.0,TWN,Taiwan,134.1.4,1.0,,2.0,control,3.0,9.0,15.0,12.0,28.700000000000003,118.0,0.3,RPM,SPM,SPM,full,1.0,1.0,1985.0,1979.0,6.0,1.0,1.0,1.0,1.0,0.0,45.57142857142857,45.57142857142857,110.22879285714285,-1.2600000000000051,0.0,0.0,0.0,1.0,108.96879285714284,105.0,-3.9687928571428444,3.9687928571428444,0.7666666666666666,90.46666666666665,Lai et al. (2001),"Lai, T. J., Guo, Y. L., Guo, N. W., & Hsu, C. C. (2001). Effects of prenatal exposure to polychlorinated biphenyls on cognitive development in children: a longitudinal study in Taiwan. British Journal of Psychiatry, 178, 49-52.",Y,Yucheng excluded because of non-representativeness,
TWN9110,9110.0,TWN,Taiwan,134.1.4,1.0,,2.0,control,3.0,5.0,9.0,6.417582417582418,34.28241758241759,118.0,0.3,RPM,CPM,CPM,full,1.0,1.0,1985.0,2007.0,22.0,1.0,0.6666666666666666,1.0,1.0,0.0,19.5,19.5,90.12345302197802,4.620000000000019,0.0,0.0,0.0,1.0,94.74345302197804,105.0,10.256546978021959,10.256546978021959,0.6555555555555556,77.35555555555555,Lai et al. (2001),"Lai, T. J., Guo, Y. L., Guo, N. W., & Hsu, C. C. (2001). Effects of prenatal exposure to polychlorinated biphenyls on cognitive development in children: a longitudinal study in Taiwan. British Journal of Psychiatry, 178, 49-52.",Y,Yucheng excluded because of non-representativeness,
TWN6602,6602.0,TWN,Taiwan,134.1.3,1.0,,2.0,normal,3.0,9.5,12.5,11.0,29.700000000000003,2476.0,0.5,RPM,SPM,SPM,full,1.0,1.0,1989.0,1979.0,10.0,1.0,0.8333333333333334,1.0,1.0,0.0,42.57142857142857,42.57142857142857,106.80036714285714,-2.1000000000000085,0.0,0.0,0.0,1.0,104.70036714285713,105.0,0.2996328571428677,0.2996328571428677,0.7777777777777778,1925.7777777777778,Lynn (1997),"Lynn, R. (1997). Intelligence in Taiwan. Personality and Individual Differences, 22, 585-586.",Y,,
TWN4172,4172.0,TWN,Taiwan,134.1.7,1.0,,2.0,normal,5.0,6.0,7.0,6.7,34.0,443.0,0.4,RPM,CPM,CPM,full,1.0,1.0,1991.0,2007.0,16.0,1.0,0.8333333333333334,1.0,0.0,0.0,25.0,25.0,108.9241,3.3600000000000136,0.0,0.0,0.0,1.0,112.28410000000001,105.0,-7.284100000000009,7.284100000000009,0.7444444444444445,329.7888888888889,Rabinowitz et al. (1991),"Rabinowitz, M. B., Wang, J.-D., & Soong, W.-T. (1991). Dentine lead and child intelligence in Taiwan. Archives of Environmental Health, 46, 351-360.",Y,,
TWN3816,3816.0,TWN,Taiwan,134.1.2,1.0,,2.0,normal,1.0,6.0,8.0,7.74,32.96,1506.0,0.6,RPM,CPM,CPM,full,1.0,1.0,2005.5,2007.0,1.5,1.0,1.0,1.0,1.0,0.0,28.545,28.545,106.89283669167502,0.21000000000000085,0.0,0.0,0.0,1.0,107.10283669167501,109.0,1.8971633083249912,1.8971633083249912,0.8666666666666667,1305.2,"Lynn, Chen & Chen (2011)","Lynn, R., Chen, H.-Y., & Chen Y.-H. (2011). Intelligence in Taiwan: Progressive Matrices means and sex differences in means and variances for 6-17 year olds. Journal of Biosocial Science, 43, 1-6.",Y,,
TWN4083,4083.0,TWN,Taiwan,134.1.2,1.0,,2.0,normal,1.0,9.0,11.0,10.485,30.215000000000003,1906.0,0.6,RPM,SPM,SPM,full,1.0,1.0,2005.5,1979.0,26.5,1.0,0.6666666666666666,1.0,1.0,0.0,43.475,43.475,110.76423442812501,-5.670000000000023,0.0,0.0,0.0,1.0,105.09423442812499,109.0,3.9057655718750084,3.9057655718750084,0.7555555555555555,1440.088888888889,"Lynn, Chen & Chen (2011)","Lynn, R., Chen, H.-Y., & Chen Y.-H. (2011). Intelligence in Taiwan: Progressive Matrices means and sex differences in means and variances for 6-17 year olds. Journal of Biosocial Science, 43, 1-6.",Y,,
TWN9793,9793.0,TWN,Taiwan,134.1.2,1.0,,2.0,normal,1.0,12.0,17.0,15.065000000000001,25.635,2878.0,0.6,RPM,SPM+,SPM+,full,1.0,1.0,2005.5,2007.0,1.5,1.0,1.0,1.0,1.0,0.0,40.65,40.65,115.48942077915,0.21000000000000085,0.0,0.0,0.0,1.0,115.69942077914999,109.0,-6.699420779149989,6.699420779149989,0.8666666666666667,2494.266666666667,"Lynn, Chen & Chen (2011)","Lynn, R., Chen, H.-Y., & Chen Y.-H. (2011). Intelligence in Taiwan: Progressive Matrices means and sex differences in means and variances for 6-17 year olds. Journal of Biosocial Science, 43, 1-6.",Y,,
TJK5305,5305.0,TJK,Tajikistan,135.1.1,1.0,,2.0,normal,1.0,13.5,15.5,14.5,10.0,674.0,0.7,RPM,SPM+,SPM+,full,1.0,1.0,2016.0,2007.0,9.0,1.0,1.0,1.0,1.0,0.0,31.0,31.0,87.92476303333335,-0.21000000000000085,0.0,0.0,0.0,1.0,87.71476303333336,,,,0.9,606.6,Khosimov & Lynn (2017),"Khosimov, A. & Lynn, R. (2017). A study of intelligence in Tajikistan. Mankind Quarterly, 57, 438-442.",Y,,
TZA1468,1468.0,TZA,Tanzania,136.1.4,2.0,Moshi,2.0,public school,3.0,15.0,18.0,16.5,1.1999999999999993,109.0,0.4,RPM,APM,APM,Set-I+II,1.0,1.0,1999.0,1979.0,20.0,3.0,0.0,1.0,1.0,0.0,,,77.345,-12.999999999999972,-1.2,0.0,0.0,0.3333333333333333,63.145000000000024,73.0,9.854999999999976,9.854999999999976,0.24444444444444446,26.644444444444446,Rindermann (2013),"Rindermann, H. (2013). African cognitive ability: Research, results, divergences and recommendations. Personality and Individual Differences, 55, 229-233.",Y,rich areas (overestimation possible),
TZA8412,8412.0,TZA,Tanzania,,3.0,Dar es Salaam,2.0,normal,3.0,13.0,16.0,14.5,3.1999999999999993,1233.0,0.6,RPM,SPM,SPM,full,1.0,1.0,1966.0,1979.0,13.0,1.0,0.8333333333333334,1.0,1.0,0.0,36.55,36.55,83.2487149875,2.730000000000005,0.0,0.0,0.0,1.0,85.9787149875,78.0,-7.978714987499998,7.978714987499998,0.8111111111111112,1000.1000000000001,Klingelhofer (1967),"Klingelhofer, E. L. (1967). Performance of Tanzanian Secondary School Pupils on the Raven Standard Progressive Matrices Test. The Journal of Social Psychology, 73, 205-215.",Y,,
TZA4572,4572.0,TZA,Tanzania,,3.0,Dar es Salaam,2.0,normal,3.0,17.0,21.0,19.0,1.3000000000000007,1726.0,0.6,RPM,SPM,APM,full,1.0,1.0,1966.0,1992.0,26.0,1.0,0.6666666666666666,1.0,1.0,1.0,32.5193819274309,4.629839507492711,67.64407872660743,5.460000000000016,0.0,0.0,0.0,0.6666666666666666,73.10407872660745,78.0,4.8959212733925455,4.8959212733925455,0.6444444444444444,1112.311111111111,Klingelhofer (1967),"Klingelhofer, E. L. (1967). Performance of Tanzanian Secondary School Pupils on the Raven Standard Progressive Matrices Test. The Journal of Social Psychology, 73, 205-215.",Y,,
TZA6050,6050.0,TZA,Tanzania,136.1.3,3.0,Dar es Salaam,2.0,wage-labor force,3.0,14.0,14.0,14.0,3.6999999999999993,179.0,0.4,RPM,CPM,SPM,full,1.0,1.0,1980.0,1979.0,1.0,1.0,1.0,1.0,0.0,1.0,26.4,28.9112616,72.07696056902033,-0.21000000000000085,0.0,0.0,0.0,0.6666666666666666,71.86696056902034,69.0,-2.8669605690203355,2.8669605690203355,0.6888888888888888,123.31111111111109,"Boissiere, Knight & Sabot (1985)","Boissiere, M., Knight, J. B., & Sabot, R.H. (1985). Earnings, schooling, ability and cognitive skills. American Economic Review, 75, 1016-1030.",Y,,
TZA3801,3801.0,TZA,Tanzania,136.1.2,3.0,Dar es Salaam,1.0,normal,3.0,10.0,12.0,11.2,6.5,823.0,0.6,RPM,SPM+,SPM+,full,1.0,1.0,2016.0,2007.0,9.0,1.0,1.0,1.0,0.0,0.0,16.65,16.65,62.76889291249998,-0.21000000000000085,0.0,0.0,0.0,1.0,62.55889291249998,,,,0.8666666666666667,713.2666666666667,"Humble, Dixon & Schagen (2016)","Humble, S., Dixon, P., & Schagen, I. (2016). Assessing intellectual potential in Tanzanian children in poor areas of Dar es Salaam. Assessment in Education: Principles, Policy & Practice, DOI: 10.1080/0969594X.2016.1194257.",Y,poor areas (underestimation possible),
THA4219,4219.0,THA,Thailand,,4.0,Chiangmai Valley,1.0,heads of households,3.0,17.0,60.0,38.5,0.7999999999999972,1462.0,0.4,RPM,CPM,APM,full,1.0,1.0,1978.0,1992.0,14.0,1.0,0.8333333333333334,1.0,0.0,1.0,19.62,-0.26399161647128366,49.897782029007594,2.940000000000012,0.0,0.0,1.0,0.6666666666666666,60.0,72.0,12.0,12.0,0.6333333333333333,925.9333333333333,Chou & Lau (1987),"Chou, E.C., & Lau, L.J. (1987). Farmer ability and farm productivity: a study of farm households in the Chiang Mai valley, Thailand 1972-1978. Report No. EDT62. Education & Training Department, Washington, DC, USA: World Bank.",,"Authors used standardized scores with range of 0 to 4, calclated as raw-score * 1/9",
THA9367,9367.0,THA,Thailand,,1.0,,2.0,normal,2.0,7.0,12.0,9.333333333333334,28.366666666666667,1285.0,0.6,RPM,CPM,CPM,full,1.0,1.0,1957.0,2007.0,50.0,1.0,0.6666666666666666,1.0,1.0,0.0,17.933333333333334,17.933333333333334,67.07154433333334,10.500000000000028,0.0,0.0,0.0,1.0,77.57154433333336,82.0,4.428455666666636,4.428455666666636,0.7555555555555555,970.8888888888889,Malakul (1957),"Malakul, S. (1957). Standardization of Progressive Matrices for Thai children. Journal of the Psychiatric Association of Thailand, 2, 7-25.",Y,,
THA2356,2356.0,THA,Thailand,,4.0,midwestern,2.0,normal,3.0,20.0,86.0,51.39333333333334,13.693333333333335,150.0,0.5,RPM,CPM,APM,full,1.0,1.0,1980.0,1992.0,12.0,1.0,0.8333333333333334,1.0,1.0,1.0,29.653333333333336,7.083132695861107,79.42629893771552,2.5200000000000102,0.0,0.0,0.0,0.6666666666666666,81.94629893771553,,,,0.6666666666666666,100.0,Panek & Stoner (1980),"Panek, P.E., & Stoner, S.B. (1980). Age differences on Raven’s Coloured Progressive Matrices. Perceptual & Motor Skills, 50, 977-978.",Y,,
THA8691,8691.0,THA,Thailand,137.1.15,6.0,,2.0,normal,2.0,,,35.0,2.700000000000003,400.0,0.6,RPM,SPM,APM,full,1.0,1.0,2000.0,1992.0,8.0,1.0,1.0,1.0,0.0,1.0,49.16,15.959458318719996,90.69755757331494,-1.6800000000000068,0.0,0.0,0.0,0.6666666666666666,89.01755757331493,,,,0.7555555555555555,302.22222222222223,Phatthrayuttawat et al. (2000),"Phatthrayuttawat, S., Sukhatunga, K., Chantra, J., Chaiyasit, W., Bunnagulrote, K., & Imaroonrak, S. (2000). The normative scores of the Standard Progressive Matrices for the Thai population. Journal of the Psychiatric Association of Thailand, 45, 45-57.",Y,,
THA2256,2256.0,THA,Thailand,,6.0,,2.0,normal,2.0,5.0,11.0,8.0,29.700000000000003,900.0,0.4,RPM,CPM,CPM,full,1.0,1.0,2003.0,2007.0,4.0,1.0,1.0,1.0,0.0,0.0,28.59,28.59,105.1368068543,0.8400000000000034,0.0,0.0,0.0,1.0,105.97680685430001,104.5,-1.4768068543000084,1.4768068543000084,0.7999999999999999,719.9999999999999,Phatthrayuttawat et al. (2003),"Phatthrayuttawat, S., Sukhatunga, K., Chantra, J., Chaiyasit, W., Bunnagulrote, K., & Imaroonrak, S. (2003). The normative scores of intelligence by Colored Progressive Matrices (CPM) in Thai population. Journal of Thai Clinical Psychology, 34, 58-70.",Y,,
THA7341,7341.0,THA,Thailand,,4.0,Chon Buri,1.0,control,2.0,9.0,11.0,10.0,27.700000000000003,1358.0,0.3,RPM,CPM,CPM,full,1.0,1.0,1989.0,1947.0,42.0,1.0,0.6666666666666666,0.0,0.0,0.0,,,92.465,-8.820000000000013,0.0,0.0,0.0,0.3333333333333333,83.645,91.0,7.355000000000004,7.355000000000004,0.4333333333333333,588.4666666666666,Pollitt et al. (1989a),"Pollitt, E., Hathiral, P., Kotchabhakdi, N.J., Missell, L., & Valyasevi, A. (1989). Iron deficiency and educational achievement in Thailand. American Journal of Clinical Nutrition, 50, 687-697.",Y,Also reported in Pollitt et al. (1989b),
THA5626,5626.0,THA,Thailand,137.1.7,2.0,Khon Kaen Province,2.0,normal,3.0,8.0,10.0,9.3,28.400000000000002,560.0,0.4,RPM,CPM,CPM,full,1.0,1.0,2007.5,2007.0,0.5,1.0,1.0,1.0,0.0,0.0,21.744642857142857,21.744642857142857,78.04277090492545,-0.21000000000000085,0.0,6.65,0.0,0.6666666666666666,84.48277090492545,82.0,-2.482770904925445,2.482770904925445,0.6888888888888888,385.7777777777777,Pongcharoen et al. (2011),"Pongcharoen, T., DiGirolamo, A. M., Ramakrishnan, U., Winichagoon, P. & Flores, R. (2011). Long-term effects of iron and zinc supplementation during infancy on
cognitive function at 9 y of age in northeast Thai children: a follow-up study. The American Journal of Clinical Nutrition, 93, 636-643.",Y,correction for underrated according to parallel Thai-normed WISC-scores (93.35 = -6.65),"n.d.Pongcharoen et al. (2012) report a CPM score of 21.7 for a sample of 9 year old children in the northeast of the country, equivalent to a British IQ of 75. The sample also obtained an IQ of 93 on the Thais WISC, showing that its IQ was 7 points lower than the average. Hence, 7 has been added to the CPM IQ of 75, bringing it up to 82.   "
THA3812,3812.0,THA,Thailand,,2.0,Khon Kaen Province,2.0,normal,3.0,8.0,10.0,9.3,28.400000000000002,560.0,0.4,WIS,WISC-III,WISC-III,full,2.0,1.0,2007.5,1989.0,18.5,2.0,0.5,0.0,0.0,0.0,,,93.1,-5.780000000000008,-2.5,0.0,0.0,0.3333333333333333,84.82,,,,0.41111111111111115,230.22222222222226,Pongcharoen et al. (2012),"Pongcharoen, T., Ramakrishnan, U., DiGirolamo, A. M., Winichagoon, P., Flores, R., Singkhornard, J., & Martorell, R. (2012). Influence of prenatal and postnatal growth on intellectual functioning in school-aged children. Archives of Pediatrics & Adolescent Medicine, 166, 411-416.",Y,,
THA3678,3678.0,THA,Thailand,,3.0,Bangkok,1.0,normal,5.0,7.0,11.0,9.0,28.700000000000003,70.0,0.3,WIS,WISC,WISC,full,2.0,1.0,1970.0,1947.0,23.0,2.0,0.3333333333333333,0.0,0.0,0.0,,,94.3,-7.8199999999999985,-2.5,0.0,0.0,0.3333333333333333,83.98,86.0,2.019999999999996,2.019999999999996,0.3222222222222222,22.555555555555554,"Rajatasilpin, Suepsaman & Yamarat (1970)","Rajatasilpin, A., Suepsaman, B., & Yamarat, V. (1970). Intellectual development and its relationship to the nutritional status among school children. Journal of the Medical Association of Thailand, 53, 788-793.",Y,,
THA6473,6473.0,THA,Thailand,,2.0,Ronpiboun & Soa Thong district,2.0,normal,3.0,6.0,9.0,7.5,30.200000000000003,529.0,0.4,WIS,WISC,WISC,full,2.0,1.0,1995.0,1947.0,48.0,2.0,0.3333333333333333,0.0,0.0,0.0,,,90.44,-16.319999999999993,-2.5,0.0,0.0,0.3333333333333333,71.62,72.0,0.37999999999999545,0.37999999999999545,0.35555555555555557,188.0888888888889,Siripitayakunkit et al. (1999),"Siripitayakunkit, U., Visudhiphan, P., Pradipasen, M., & Vorapongsathron, T. (1999). Association between chronic arsenic exposure and children’s intelligence in Thailand. In W.R. Chappell, C.O. Abernathy & R.L. Calderon (Eds.), Arsenic exposure and health effects (pp. 141-150). New York, USA: Elsevier.",Y,,
THA5629,5629.0,THA,Thailand,,3.0,Bangkok,2.0,normal,2.0,7.0,11.916666666666666,9.939473684210526,27.760526315789477,380.0,0.5,RPM,CPM,CPM,full,1.0,1.0,2006.0,2007.0,1.0,1.0,1.0,1.0,0.0,0.0,30.52,30.52,100.16295267200002,0.21000000000000085,0.0,0.0,0.0,1.0,100.37295267200003,,,,0.8333333333333334,316.6666666666667,Sroythong (2008),"Sroythong, W. (2008). The validity study of the Test of Nonverbal Intelligence, Third Edition: TONI-3. Unpublished master’s thesis, Mahidol University, Thailand.",Y,,
THA2735,2735.0,THA,Thailand,137.1.8,1.0,,2.0,normal,2.0,6.0,11.0,8.5,29.200000000000003,3848.0,0.6,RPM,CPM,CPM,full,1.0,1.0,2006.0,2007.0,1.0,1.0,1.0,1.0,0.0,0.0,27.35,27.35,97.31863486249999,0.21000000000000085,0.0,0.0,0.0,1.0,97.52863486249998,98.0,0.4713651375000154,0.4713651375000154,0.8666666666666667,3334.9333333333334,Sukhatunga et al. (2006a),"Sukhatunga, K., Kowasint, C., Phatthrayuttawat S., Chantra, J., Chaiyasit, W., Bunnagulrote, K., & Imaroonrak, S. (2006). Norms of the Coloured Progressive Matrices (CPM) in Thai students age 6-11 years old. Journal of Thai Clinical Psychology, 37, 9-22.",Y,,
THA3458,3458.0,THA,Thailand,137.1.18,1.0,,2.0,normal,1.0,14.0,18.0,16.0,21.700000000000003,826.5125538929749,0.6,RPM,APM,APM,full,1.0,1.0,2006.0,1992.0,14.0,1.0,0.8333333333333334,1.0,1.0,0.0,19.04,19.04,107.78468251541999,-2.940000000000012,0.0,0.0,0.0,1.0,104.84468251541998,,,,0.8111111111111112,670.3935159354131,Sukhatunga et al. (2006b),"Sukhatunga, K., Kowasint, C., Phatthrayuttawat S., Chantra, J., Chaiyasit, W., Bunnagulrote, K., & Imaroonrak, S. (2006). Norms of the Advanced Progressive Matrices (APM) in Thai students age 12-18 years old. Journal of Thai Clinical Psychology, 37, 1-10.",Y,,
THA7760,7760.0,THA,Thailand,137.1.18,1.0,,2.0,normal,1.0,12.0,13.0,12.5,25.200000000000003,888.812393405344,0.6,RPM,APM,SPM,full,1.0,1.0,2006.0,1979.0,27.0,1.0,0.6666666666666666,1.0,1.0,1.0,14.965,48.596605506349995,115.41318044021585,-5.670000000000023,0.0,0.0,0.0,0.6666666666666666,109.74318044021584,,,,0.6444444444444444,572.7902090834439,Sukhatunga et al. (2006b),"Sukhatunga, K., Kowasint, C., Phatthrayuttawat S., Chantra, J., Chaiyasit, W., Bunnagulrote, K., & Imaroonrak, S. (2006). Norms of the Advanced Progressive Matrices (APM) in Thai students age 12-18 years old. Journal of Thai Clinical Psychology, 37, 1-10.",Y,,
THA3965,3965.0,THA,Thailand,,3.0,Bangkok,2.0,normal,3.0,7.0,14.0,9.0,28.700000000000003,898.75,0.4,RPM,CPM,CPM,,1.0,1.0,1966.0,2007.0,41.0,1.0,0.3333333333333333,1.0,1.0,0.0,17.580000000000002,17.580000000000002,69.21421481999998,8.610000000000028,0.0,0.0,0.0,1.0,77.82421482000001,81.0,3.175785179999991,3.175785179999991,0.5777777777777778,519.2777777777778,Talapat & Suwannalert (1966),"Talapat, N., & Suwannalert, S. (1966). Standardization of Progressive Matrices Test for Thai children. Journal of the Psychiatric Association of Thailand, 11, 123-136.",Y,Daten teilweise aus HVGIQ,
THA8471,8471.0,THA,Thailand,,3.0,Bangkok,2.0,normal,3.0,7.0,14.0,13.0,24.700000000000003,539.25,0.4,RPM,CPM,SPM,,1.0,1.0,1966.0,1979.0,13.0,1.0,0.5,1.0,1.0,1.0,26.333333333333332,28.829206399999993,74.32594171307439,2.730000000000005,0.0,0.0,0.0,0.6666666666666666,77.05594171307439,81.0,3.9440582869256104,3.9440582869256104,0.5222222222222223,281.60833333333335,Talapat & Suwannalert (1966),"Talapat, N., & Suwannalert, S. (1966). Standardization of Progressive Matrices Test for Thai children. Journal of the Psychiatric Association of Thailand, 11, 123-136.",Y,Daten teilweise aus HVGIQ,
THA7616,7616.0,THA,Thailand,137.1.17,2.0,Cholburi,2.0,normal,1.0,7.0,12.0,9.25,28.450000000000003,668.0,0.5,RPM,CPM,CPM,full,1.0,1.0,2006.0,2007.0,1.0,1.0,1.0,1.0,1.0,0.0,28.052222222222223,28.052222222222223,96.3005803253611,0.21000000000000085,0.0,0.0,0.0,1.0,96.5105803253611,,,,0.8333333333333334,556.6666666666667,Thavornsuwanchai (2008),"Thavornsuwanchai (2008). The psychometric properties of the development test of visual motor integration 4th edition, revised (VMI4R) in primary school students Cholburi province. Master Thesis at the Faculty of Graduate Studies at Mahidol University.",Y,,
TUR4222,4222.0,TUR,Turkey,142.1.1,3.0,Ankara,2.0,normal,1.0,6.0,15.0,10.5,20.4,2396.0,0.5,RPM,SPM,SPM,full,1.0,1.0,1992.5,1979.0,13.5,1.0,0.8333333333333334,1.0,1.0,0.0,29.705882352941178,29.705882352941178,89.59687470588236,-2.940000000000012,0.0,0.0,0.0,1.0,86.65687470588234,87.0,0.34312529411765524,0.34312529411765524,0.7777777777777778,1863.5555555555557,Raven & Raven (2008),"Duzen, N. E., Sahin, N., Raven, J., & Raven, C. J. (2008). The Classic Form of the Standard Progressive Matrices in Turkey. In Raven, J. (Ed) (2008). Uses and Abuses of Psychology. New York: Fireworks Press.",Y,,
TUR5288,5288.0,TUR,Turkey,,1.0,,2.0,normal,1.0,15.5,19.5,17.5,13.399999999999999,121.0,0.7,RPM,APM,APM,full,1.0,1.0,2006.0,1992.0,14.0,1.0,0.8333333333333334,1.0,0.0,0.0,17.0,17.0,99.10154999999999,-2.940000000000012,0.0,0.0,0.0,1.0,96.16154999999998,,,,0.8444444444444444,102.17777777777778,Yakmaci-Guzel & Akarsu (2006),"Yakmaci-Guzel, B., & Akarsu, F. (2006). Comparing overexcitabilities of gifted and non-gifted 10th grade students in Turkey.  High Ability Studies, 17, 43-56.",Y,,
TUR5199,5199.0,TUR,Turkey,,3.0,,2.0,university students,4.0,17.0,26.0,20.86,10.04,271.0,0.2,RPM,SPM,APM,full,1.0,1.0,2009.0,1992.0,17.0,1.0,0.8333333333333334,1.0,0.0,1.0,50.28,17.28631875264,90.46175680200847,-3.3600000000000136,0.0,0.0,0.0,0.6666666666666666,87.10175680200845,,,,0.5666666666666668,153.5666666666667,Güler & Basim (2016),"Güler, M. & Basim, N. (2016). Genel Bilişsel Yetenek Ölçümlerinde Süre ve Performans İlişkisinde A Tipi Kişiliğin Rolü. Journal of Management and Economics, 23, 189-202.",Y,"University students (overestimation possible); No data reported but also presented in Hisli Sahin, Güler & Basim (2009; SPM; TUR; 2009), therefore 2009",
UGA1564,1564.0,UGA,Uganda,144.1.2,4.0,Mulanda,2.0,normal,5.0,6.0,10.0,8.0,7.800000000000001,448.0,0.5,RPM,CPM,CPM,full,1.0,1.0,2011.0,2007.0,4.0,1.0,1.0,1.0,0.0,0.0,7.4,12.126315789473685,62.20649799690917,-0.21000000000000085,0.0,0.0,0.0,0.6666666666666666,61.99649799690917,66.0,4.00350200309083,4.00350200309083,0.7222222222222222,323.55555555555554,Nankabirwa et al. (2013),"Nankabirwa, J., Wandera, B., Kiwanuka, N., Staedke, S. G., Kamya, M. R., & Brooker, S. J. (2013). Asymptomatic plasmodium infection and cognition among primary school children in a high malaria transmission setting in Uganda. American Journal of Tropical Medicine & Hygiene, 88, 1102-1108.",Y,,"Nankabirwa et al. (2013) give data for the CPM for samples of asymptomatic plasmodium infected (n=223) and uninfected primary school children (n=517) with a average age of 9.8 years. Sets A and AB of the CPM were used and the mean scores were 8.2 for the infected and 9.8 for the uninfected. These scores correspond to 10.2 and 11.8 on the complete test (see Table CPM8 in the CPM manual: Raven, Court & Raven, 1995). These scores are in the 0.1 percentile of the British 2007 standardization, corresponding to an IQ of approximately 60. "
UGA9851,9851.0,UGA,Uganda,144.1.2,4.0,Mulanda,2.0,normal,5.0,11.0,14.0,12.5,3.3000000000000007,292.0,0.5,RPM,CPM,SPM,full,1.0,1.0,2011.0,1979.0,32.0,1.0,0.6666666666666666,1.0,0.0,1.0,9.4,15.340638199970842,66.2345692388655,-6.090000000000025,0.0,0.0,0.0,0.6666666666666666,60.14456923886548,66.0,5.855430761134521,5.855430761134521,0.611111111111111,178.44444444444443,Nankabirwa et al. (2013),"Nankabirwa, J., Wandera, B., Kiwanuka, N., Staedke, S. G., Kamya, M. R., & Brooker, S. J. (2013). Asymptomatic plasmodium infection and cognition among primary school children in a high malaria transmission setting in Uganda. American Journal of Tropical Medicine & Hygiene, 88, 1102-1108.",Y,,"Nankabirwa et al. (2013) give data for the CPM for samples of asymptomatic plasmodium infected (n=223) and uninfected primary school children (n=517) with a average age of 9.8 years. Sets A and AB of the CPM were used and the mean scores were 8.2 for the infected and 9.8 for the uninfected. These scores correspond to 10.2 and 11.8 on the complete test (see Table CPM8 in the CPM manual: Raven, Court & Raven, 1995). These scores are in the 0.1 percentile of the British 2007 standardization, corresponding to an IQ of approximately 60. "
UGA7703,7703.0,UGA,Uganda,144.1.3,1.0,,2.0,normal,1.0,5.0,14.0,11.0,4.800000000000001,2019.0,0.8,RPM,CPM,CPM,full,1.0,1.0,1972.0,2007.0,35.0,1.0,0.6666666666666666,1.0,0.0,0.0,24.072,24.072,73.7050062955008,7.350000000000029,0.0,0.0,0.0,1.0,81.05500629550082,73.0,-8.055006295500817,8.055006295500817,0.8222222222222223,1660.0666666666668,Heyneman & Jamison (1980),"Heyneman, S. P., & Jamison, D. T. (1980). Student learning in Uganda. Comparative Education Review, 24, 207-220.",Y,,
UKR9711,9711.0,UKR,Ukraine,145.1.1,3.0,Kiev; Belaya Tserkov,2.0,normal,1.0,14.0,17.0,15.25,25.35,132.0,0.5,RPM,SPM,SPM,full,1.0,1.0,2008.0,1979.0,29.0,1.0,0.6666666666666666,1.0,0.0,0.0,44.1,44.1,94.69664639999999,-6.090000000000025,0.0,0.0,0.0,1.0,88.60664639999996,95.0,6.39335360000004,6.39335360000004,0.7222222222222222,95.33333333333333,"Prozorovskaya, Grigoriev & Lynn (2010)","Prozorovskaya, I., Grigoriev, I., & Lynn, R. (2010). Gender differences in means and variability on the Standard Progressive Matrices for 15 year olds in Ukraine. Mankind Quarterly, 50, 297-310.",Y,,
ARE2499,2499.0,ARE,United Arab Emirates,146.1.1,1.0,,2.0,normal,2.0,6.0,11.0,8.75,21.55,5397.0,0.6,RPM,CPM,CPM,full,1.0,1.0,1997.0,2007.0,10.0,1.0,0.8333333333333334,1.0,1.0,0.0,19.966666666666665,19.966666666666665,77.37521010833332,2.1000000000000085,0.0,0.0,0.0,1.0,79.47521010833333,83.0,3.5247898916666713,3.5247898916666713,0.8111111111111112,4377.5666666666675,Khaleefa & Lynn (2008c),"Khaleefa, O., & Lynn, R. (2008c). A study of intelligence in the United Arab Emirates.  Mankind Quarterly, 49, 58-64.",Y,,
GBR3956,3956.0,GBR,United Kingdom,147.1.3,2.0,Welsh,2.0,normal,3.0,8.0,10.0,9.0,31.5,332.0,0.4,RPM,CPM,CPM,full,1.0,1.0,2013.0,2007.0,6.0,1.0,1.0,1.0,1.0,0.0,26.689999999999998,26.689999999999998,92.59776996383334,-0.21000000000000085,0.0,0.0,0.0,1.0,92.38776996383334,,,,0.7999999999999999,265.59999999999997,Al Said (2014),"Al Said, T. B. T. (2014). The relationship between nonverbal intelligence and emotional intelligence among children in UK and Oman. International Journal of Psychological Studies, 6, 79-86.",Y,,Al Said (2014) reports CPM data for 465 children aged 8-10 years who obtained a British IQ of 86.3.
GBR6442,6442.0,GBR,United Kingdom,,3.0,Dumfries,2.0,normal,2.0,18.0,70.0,45.0,4.5,603.0,0.7,RPM,APM,APM,full,1.0,1.0,1992.0,1992.0,0.0,1.0,1.0,1.0,1.0,0.0,18.636363636363637,18.636363636363637,99.39024545454544,0.0,0.0,0.0,0.0,1.0,99.39024545454544,,,,0.9,542.7,Raven (2000),"Raven, J. (2000). The Raven’s Progressive Matrices: Change and stability over culture and time. Cognitive Psychology, 41, 1-48.",Y,,
GBR7387,7387.0,GBR,United Kingdom,147.1.1,1.0,,2.0,normal,2.0,5.0,15.0,11.0,29.5,3176.0,0.6,RPM,SPM,SPM,full,1.0,1.0,1979.0,1979.0,0.0,1.0,1.0,1.0,1.0,0.0,36.578947368421055,36.578947368421055,99.83953684210523,0.0,0.0,0.0,0.0,1.0,99.83953684210523,100.0,0.1604631578947675,0.1604631578947675,0.8666666666666667,2752.5333333333333,"Raven, Raven & Court (1999)","Raven, J. C., Raven, J., & Court, J. H. (1999). Raven's Progressive Matrices und Vocabulary Scales. Magdeburg: Swets Test Service.",Y,,
GBR4760,4760.0,GBR,United Kingdom,,2.0,Dumfries,2.0,normal,2.0,5.5,11.5,8.5,32.0,598.0,0.5,RPM,CPM,CPM,full,1.0,1.0,1982.0,2007.0,25.0,1.0,0.6666666666666666,1.0,1.0,0.0,23.846153846153847,23.846153846153847,90.86832307692306,5.250000000000021,0.0,0.0,0.0,0.0,96.11832307692308,,,,0.38888888888888884,232.55555555555551,"Raven, Raven & Court (2006)","Raven, J. C., Raven, J., & Court, J. H. (2006). Manual für Raven's Progressive Matrices and Vocabulary Scales. Frankfurt: Harcourt Test Service.",Y,,
GBR1967,1967.0,GBR,United Kingdom,,1.0,,2.0,normal,1.0,9.0,10.0,9.441666666666666,31.058333333333334,239.0,0.2,RPM,SPM,SPM,full,1.0,1.0,1990.0,1979.0,11.0,1.0,0.8333333333333334,1.0,0.0,0.0,36.1,36.1,101.9326071,-2.3100000000000094,0.0,0.0,0.0,1.0,99.62260709999998,,,,0.6777777777777777,161.98888888888888,Lynn & Holmshaw (1990),"Lynn, R., & Holmshaw, M. (1990). Black-White differences in reaction times and intelligence. Social Behaviour and Personality, 18, 299-308.",Y,,
GBR5782,5782.0,GBR,United Kingdom,,1.0,,2.0,normal,2.0,4.0,12.0,7.454545454545454,33.04545454545455,846.0,0.6,RPM,CPM,CPM,full,1.0,1.0,2007.0,2007.0,0.0,1.0,1.0,1.0,1.0,0.0,24.363636363636363,24.363636363636363,101.72497954545456,0.0,0.0,0.0,0.0,0.0,101.72497954545456,,,,0.5333333333333333,451.2,Raven (2008a),"Raven, J. (2008a). Coloured Progressive Matrices and Crichton Vocabulary Scale. London: Pearson.",Y,,
USA6712,6712.0,USA,United States,,2.0,"Louisville,
Kentucky",2.0,twins,1.0,4.0,6.0,5.0,33.1,2393.0,0.5,WIS,WPPSI,WPPSI,full,2.0,1.0,1955.0,1964.0,9.0,2.0,0.6666666666666666,0.0,1.0,0.0,,,95.87,3.0600000000000005,-2.5,0.0,0.0,0.3333333333333333,96.43,,,,0.49999999999999994,1196.4999999999998,Beam et al. (2015),"Beam, Ch. R., Turkheimer, E., Dickens, W. T., & Winders Davis, D. (2015). Twin differentiation of cognitive ability through phenotype to environment transmission: The Louisville Twin Study. Behavioral Genetics, 45, 622-634.",Y,Longitudinal study: Year of measurement = start-year plus mean age,
USA2938,2938.0,USA,United States,,2.0,"Louisville,
Kentucky",2.0,twins,1.0,7.0,15.0,10.2,27.900000000000002,3014.0,0.5,WIS,WISC-R,WISC-R,full,2.0,1.0,1960.2,1974.0,13.799999999999955,2.0,0.5,0.0,1.0,0.0,,,100.13799999999999,4.759999999999998,-2.5,0.0,0.0,0.3333333333333333,102.398,,,,0.4444444444444444,1339.5555555555554,Beam et al. (2015),"Beam, Ch. R., Turkheimer, E., Dickens, W. T., & Winders Davis, D. (2015). Twin differentiation of cognitive ability through phenotype to environment transmission: The Louisville Twin Study. Behavioral Genetics, 45, 622-634.",Y,Longitudinal study: Year of measurement = start-year plus mean age,
USA8445,8445.0,USA,United States,,1.0,,2.0,normal,1.0,4.0,4.0,4.0,34.1,8289.0,0.6,SBIS,SBIS,SBIS,full,2.0,1.0,1963.0,1960.0,3.0,2.0,0.6666666666666666,0.0,0.0,0.0,,,96.73,-1.0199999999999996,-2.5,3.1500000000000057,0.0,0.0,96.36000000000001,,,,0.4222222222222222,3499.8,Beaver et al. (2013),"Beaver, K. M., Schwartz, J. A., Connolly, E. J., Nedelec, J. L., Al-Ghamdi, M. S., & Kobeisy, A. N. (2013). The genetic and environmental architecture to the stability of IQ: Results from two independent samples of kinship pairs. Intelligence, 41, 428-438.",Y,Longitudinal study: Year of measurement = start-year plus mean age; Additional correction: black-white ratio in sample nearly 1:1 but 15:85 in reality. IQ-Difference between blacks and whites around 8 IQ-scores. Formula: Add.corr. = ((Uncor. IQ - 4.5) * 0.15 + (Uncor. IQ + 4.5) * 0.85) - Uncor. IQ,
USA8815,8815.0,USA,United States,,1.0,,2.0,normal,1.0,7.0,7.0,7.0,31.1,8289.0,0.6,WIS,WISC,WISC,full,2.0,1.0,1966.0,1947.0,19.0,2.0,0.5,0.0,0.0,0.0,,,95.05,-6.459999999999999,-2.5,3.1499999999999915,0.0,0.0,89.24,,,,0.3666666666666667,3039.3,Beaver et al. (2013),"Beaver, K. M., Schwartz, J. A., Connolly, E. J., Nedelec, J. L., Al-Ghamdi, M. S., & Kobeisy, A. N. (2013). The genetic and environmental architecture to the stability of IQ: Results from two independent samples of kinship pairs. Intelligence, 41, 428-438.",Y,Longitudinal study: Year of measurement = start-year plus mean age; Additional correction: black-white ratio in sample nearly 1:1 but 15:85 in reality. IQ-Difference between blacks and whites around 8 IQ-scores. Formula: Add.corr. = ((Uncor. IQ - 4.5) * 0.15 + (Uncor. IQ + 4.5) * 0.85) - Uncor. IQ,
USA8711,8711.0,USA,United States,,2.0,Colorado,2.0,adopted,1.0,3.0,4.0,3.497952497952498,34.602047502047505,1221.0,0.3,SBIS,SBIS,SBIS,full,2.0,1.0,1980.4979524979526,1972.0,8.49795249795261,2.0,0.6666666666666666,0.0,0.0,0.0,,,107.13499999999999,-2.719999999999999,-2.5,0.0,0.0,0.3333333333333333,101.91499999999999,,,,0.4333333333333333,529.0999999999999,Petrill et al. (2004),"Petrill, St. A., Lipton, P. A., Hewitt, J. K., Plomin, R., Cherny, St. S., Corley, R., & DeFries, J. C. (2004). Genetic and Environmental Contributions to General Cognitive Ability
Through the First 16 Years of Life. Developmental Psychology, 40, 805-812.",Y,"Longitudinal study: Year of measurement = start-year plus mean age; Based on sample also reported in Bishop et al. (2003) and Wadsworth, DeFries, & Fulker (1993) but higher N in Petrill et al. (2004)",
USA1726,1726.0,USA,United States,,2.0,Colorado,2.0,adopted,1.0,7.0,12.0,9.540650406504065,28.559349593495938,1230.0,0.3,WIS,WISC-R,WISC-R,full,2.0,1.0,1986.540650406504,1974.0,12.540650406504028,2.0,0.5,0.0,0.0,0.0,,,112.09,-4.419999999999998,-2.5,0.0,0.0,0.3333333333333333,105.17,,,,0.37777777777777777,464.66666666666663,Petrill et al. (2004),"Petrill, St. A., Lipton, P. A., Hewitt, J. K., Plomin, R., Cherny, St. S., Corley, R., & DeFries, J. C. (2004). Genetic and Environmental Contributions to General Cognitive Ability
Through the First 16 Years of Life. Developmental Psychology, 40, 805-812.",Y,"Longitudinal study: Year of measurement = start-year plus mean age; Based on sample also reported in Bishop et al. (2003) and Wadsworth, DeFries, & Fulker (1993) but higher N in Petrill et al. (2004)",
USA9752,9752.0,USA,United States,,2.0,Colorado,2.0,adopted,1.0,16.0,16.0,16.0,22.1,776.0,0.3,WIS,WAIS-R,WAIS-R,full,2.0,1.0,1993.0,1980.0,13.0,2.0,0.5,0.0,0.0,0.0,,,105.94,-4.419999999999998,-2.5,0.0,0.0,0.3333333333333333,99.02,,,,0.37777777777777777,293.15555555555557,Petrill et al. (2004),"Petrill, St. A., Lipton, P. A., Hewitt, J. K., Plomin, R., Cherny, St. S., Corley, R., & DeFries, J. C. (2004). Genetic and Environmental Contributions to General Cognitive Ability
Through the First 16 Years of Life. Developmental Psychology, 40, 805-812.",Y,"Longitudinal study: Year of measurement = start-year plus mean age; Based on sample also reported in Bishop et al. (2003) and Wadsworth, DeFries, & Fulker (1993) but higher N in Petrill et al. (2004)",
USA5433,5433.0,USA,United States,,1.0,,2.0,twins,1.0,3.0,4.0,3.5,34.6,1439.0,0.6,SBIS,SBIS,SBIS,full,2.0,1.0,1995.5,1972.0,23.5,2.0,0.3333333333333333,0.0,0.0,0.0,,,103.57381642512078,-8.159999999999997,-2.5,0.0,0.0,0.3333333333333333,92.91381642512079,,,,0.4222222222222222,607.5777777777778,Bishop et al. (2003),"Bishop, E. G., Cherny, St. S., Corley, A., Plomin, R., DeFries, J. C., & Hewitt, J. K. (2003). Development genetic analysis of general cognitive ability from 1 to 12 years in a sample of adoptees, biological siblings, and twins. Intelligence, 31, 31-49.",Y,Longitudinal study: Year of measurement = start-year plus mean age,
USA3100,3100.0,USA,United States,,1.0,,2.0,twins,1.0,7.0,7.0,7.0,31.1,722.0,0.6,WIS,WISC-R,WISC-R,full,2.0,1.0,1999.0,1974.0,25.0,2.0,0.3333333333333333,0.0,0.0,0.0,,,106.56,-8.499999999999996,-2.5,0.0,0.0,0.3333333333333333,95.56,,,,0.4222222222222222,304.84444444444443,Bishop et al. (2003),"Bishop, E. G., Cherny, St. S., Corley, A., Plomin, R., DeFries, J. C., & Hewitt, J. K. (2003). Development genetic analysis of general cognitive ability from 1 to 12 years in a sample of adoptees, biological siblings, and twins. Intelligence, 31, 31-49.",Y,Longitudinal study: Year of measurement = start-year plus mean age,
USA2743,2743.0,USA,United States,,1.0,,2.0,Whites,1.0,3.0,3.0,3.0,35.1,179.5,0.4,SBIS,SBIS,SBIS,full,2.0,1.0,1987.0,1972.0,15.0,2.0,0.5,0.0,0.0,0.0,,,98.04,-5.099999999999998,-2.5,0.0,0.0,0.3333333333333333,90.44000000000001,,,,0.41111111111111115,73.79444444444445,"Brooks-Gunn, Klebanov & Duncan (1996)","Brooks-Gunn, J., Klebanov, P. K. & Duncan, G. J. (1996). Ethnic Differences in Children's Intelligence Test Scores: Role of Economic Deprivation, Home Environment, and Maternal Characteristics. Child Development, 67, 396-408.",Y,No b/w-shares given and N=half of the full sample,
USA8646,8646.0,USA,United States,,1.0,,2.0,Blacks,1.0,3.0,3.0,3.0,35.1,179.5,0.4,SBIS,SBIS,SBIS,full,2.0,1.0,1987.0,1972.0,15.0,2.0,0.5,0.0,0.0,0.0,,,78.1,-5.099999999999998,-2.5,0.0,0.0,0.3333333333333333,70.5,,,,0.41111111111111115,73.79444444444445,"Brooks-Gunn, Klebanov & Duncan (1996)","Brooks-Gunn, J., Klebanov, P. K. & Duncan, G. J. (1996). Ethnic Differences in Children's Intelligence Test Scores: Role of Economic Deprivation, Home Environment, and Maternal Characteristics. Child Development, 67, 396-408.",Y,No b/w-shares given and N=half of the full sample,
USA4191,4191.0,USA,United States,,1.0,,2.0,Whites,1.0,5.0,5.0,5.0,33.1,179.5,0.4,WIS,WPPSI-R,WPPSI-R,full,2.0,1.0,1989.0,1989.0,0.0,2.0,0.6666666666666666,0.0,0.0,0.0,,,103.13,0.0,-2.5,0.0,0.0,0.3333333333333333,100.63,,,,0.4666666666666666,83.76666666666665,"Brooks-Gunn, Klebanov & Duncan (1996)","Brooks-Gunn, J., Klebanov, P. K. & Duncan, G. J. (1996). Ethnic Differences in Children's Intelligence Test Scores: Role of Economic Deprivation, Home Environment, and Maternal Characteristics. Child Development, 67, 396-408.",Y,No b/w-shares given and N=half of the full sample,
USA4752,4752.0,USA,United States,,1.0,,2.0,Blacks,1.0,5.0,5.0,5.0,33.1,179.5,0.4,WIS,WPPSI-R,WPPSI-R,full,2.0,1.0,1989.0,1989.0,0.0,2.0,0.6666666666666666,0.0,0.0,0.0,,,85.04,0.0,-2.5,0.0,0.0,0.3333333333333333,82.54,,,,0.4666666666666666,83.76666666666665,"Brooks-Gunn, Klebanov & Duncan (1996)","Brooks-Gunn, J., Klebanov, P. K. & Duncan, G. J. (1996). Ethnic Differences in Children's Intelligence Test Scores: Role of Economic Deprivation, Home Environment, and Maternal Characteristics. Child Development, 67, 396-408.",Y,No b/w-shares given and N=half of the full sample,
USA6185,6185.0,USA,United States,,3.0,New York,1.0,Whites,5.0,5.0,5.0,5.008333333333334,33.09166666666667,40.964,0.1,SBIS,SBIS,SBIS,full,2.0,1.0,2001.0,1986.0,15.0,2.0,0.5,0.0,0.0,0.0,,,93.8,-5.099999999999998,-2.5,0.0,0.0,0.3333333333333333,86.2,,,,0.3111111111111111,12.744355555555556,Canfield et al. (2003),"Canfield, R. L., Henderson Jr., Ch. R., Cory-Slechta, D. A., Cox, Ch., Jusko, T. A., & Lanphear, B. P. (2003). Intellectual Impairment in Children with Blood Lead Concentrations below 10 μg per Deciliter. The New England Journal of Medicine, 348, 1517-1526.",Y,,
USA3444,3444.0,USA,United States,,3.0,New York,1.0,Blacks,5.0,5.0,5.0,5.008333333333334,33.09166666666667,113.036,0.1,SBIS,SBIS,SBIS,full,2.0,1.0,2001.0,1986.0,15.0,2.0,0.5,0.0,0.0,0.0,,,85.8,-5.099999999999998,-2.5,0.0,0.0,0.3333333333333333,78.2,,,,0.3111111111111111,35.166755555555554,Canfield et al. (2003),"Canfield, R. L., Henderson Jr., Ch. R., Cory-Slechta, D. A., Cox, Ch., Jusko, T. A., & Lanphear, B. P. (2003). Intellectual Impairment in Children with Blood Lead Concentrations below 10 μg per Deciliter. The New England Journal of Medicine, 348, 1517-1526.",Y,,
USA6185,6185.0,USA,United States,,3.0,New York,1.0,mothers (Whites),5.0,19.0,31.0,25.0,13.100000000000001,40.964,0.2,SBIS,SBIS,SBIS,full,2.0,1.0,2001.0,1986.0,15.0,2.0,0.5,0.0,0.0,0.0,,,96.1,-5.099999999999998,-2.5,0.0,0.0,0.3333333333333333,88.5,,,,0.3444444444444444,14.109822222222219,Canfield et al. (2003),"Canfield, R. L., Henderson Jr., Ch. R., Cory-Slechta, D. A., Cox, Ch., Jusko, T. A., & Lanphear, B. P. (2003). Intellectual Impairment in Children with Blood Lead Concentrations below 10 μg per Deciliter. The New England Journal of Medicine, 348, 1517-1526.",Y,,
USA8156,8156.0,USA,United States,,3.0,New York,1.0,mothers (Blacks),5.0,19.0,31.0,25.0,13.100000000000001,113.036,0.2,SBIS,SBIS,SBIS,full,2.0,1.0,2001.0,1986.0,15.0,2.0,0.5,0.0,0.0,0.0,,,87.5,-5.099999999999998,-2.5,0.0,0.0,0.3333333333333333,79.9,,,,0.3444444444444444,38.93462222222222,Canfield et al. (2003),"Canfield, R. L., Henderson Jr., Ch. R., Cory-Slechta, D. A., Cox, Ch., Jusko, T. A., & Lanphear, B. P. (2003). Intellectual Impairment in Children with Blood Lead Concentrations below 10 μg per Deciliter. The New England Journal of Medicine, 348, 1517-1526.",Y,,
USA4922,4922.0,USA,United States,,6.0,,2.0,Anglo-Americans,3.0,13.0,14.0,13.5,24.6,46.0,0.1,WIS,WISC,WISC,full,2.0,1.0,1970.0,1947.0,23.0,2.0,0.3333333333333333,0.0,0.0,0.0,,,107.5,-7.8199999999999985,-2.5,0.0,0.0,0.3333333333333333,97.18,,,,0.25555555555555554,11.755555555555555,Christiansen & Livermore (1970),"Christiansen, T., & Livermore, G. (1970). A comparison of Anglo-American and Spanish-American children on the WISC. Journal of Social Psychology, 81, 9-14. From: Valencia, R. R., & Suzuki, L. A. (2001). Intelligence Testing and Minority Students. Foundations, Performance, Factors, and Assessment Issues. Thousand Oaks, London, New Delhi: Sage Publications Inc..",Y,,
USA5612,5612.0,USA,United States,,6.0,,2.0,Anglo-Spanish,3.0,13.0,14.0,13.5,24.6,46.0,0.1,WIS,WISC,WISC,full,2.0,1.0,1970.0,1947.0,23.0,2.0,0.3333333333333333,0.0,0.0,0.0,,,101.0,-7.8199999999999985,-2.5,0.0,0.0,0.3333333333333333,90.68,,,,0.25555555555555554,11.755555555555555,Christiansen & Livermore (1970),"Christiansen, T., & Livermore, G. (1970). A comparison of Anglo-American and Spanish-American children on the WISC. Journal of Social Psychology, 81, 9-14. From: Valencia, R. R., & Suzuki, L. A. (2001). Intelligence Testing and Minority Students. Foundations, Performance, Factors, and Assessment Issues. Thousand Oaks, London, New Delhi: Sage Publications Inc..",Y,,
USA2488,2488.0,USA,United States,,4.0,Southeast Alaska,1.0,Tlingit; mostly learning difficulties,5.0,6.0,16.0,11.55144827586207,26.54855172413793,146.0,0.1,WIS,WISC-R,WISC-R,full,2.0,1.0,1981.0,1983.0,2.0,2.0,0.6666666666666666,0.0,0.0,0.0,,,85.38499999999999,0.6799999999999997,-2.5,0.0,0.0,0.3333333333333333,83.565,,,,0.36666666666666664,53.53333333333333,Connelly (1983),"Connelly, J. B. (1983). Recategorized WISC-R score patterns of older and younger referred Tlingit Indian children. Psychology in the school, 20, 271-275.",Y,,
USA7811,7811.0,USA,United States,,3.0,New York,2.0,Monoglots,5.0,2.5,4.42,3.46,34.64,106.0,0.1,SBIS,SBIS,SBIS,full,2.0,1.0,1945.0,1937.0,8.0,2.0,0.6666666666666666,0.0,1.0,0.0,,,98.65,-2.719999999999999,-2.5,0.0,0.0,0.3333333333333333,93.43,,,,0.36666666666666664,38.86666666666667,Darcy (1946),"Darcy, N. T. (1946). The effec of bilingualism upon the measurement of the intelligence of children aof preschool age. The Journal of Educational Psychology, 37, 21-44.",Y,,
USA1556,1556.0,USA,United States,,3.0,New York,2.0,Bilinguals,5.0,2.5,4.42,3.46,34.64,106.0,0.1,SBIS,SBIS,SBIS,full,2.0,1.0,1945.0,1937.0,8.0,2.0,0.6666666666666666,0.0,1.0,0.0,,,90.96249999999999,-2.719999999999999,-2.5,0.0,0.0,0.3333333333333333,85.74249999999999,,,,0.36666666666666664,38.86666666666667,Darcy (1946),"Darcy, N. T. (1946). The effec of bilingualism upon the measurement of the intelligence of children aof preschool age. The Journal of Educational Psychology, 37, 21-44.",Y,,
USA4338,4338.0,USA,United States,,2.0,Texas,2.0,twins,1.0,7.8,15.25,10.9,27.200000000000003,804.0,0.5,WIS,WASI-II,WASI-II,full,2.0,1.0,2013.0,2011.0,2.0,2.0,0.6666666666666666,0.0,0.0,0.0,,,103.65,0.0,-2.5,0.0,0.0,0.3333333333333333,101.15,,,,0.49999999999999994,401.99999999999994,Engelhardt et al. (2016),"Engelhardt, L. E., Mann, F. D., Briley, D. A., Church, J. A., Harden, K. P., & Tucker-Drob, E. M. (2016). Strong Genetic Overlap Between Executive Functions and Intelligence. Journal of Experimental Psychology: General. 145, 1141-1159.",Y,Also cited in Tucker-Drob et al. (2016),
USA2354,2354.0,USA,United States,,2.0,"Boulder, Colorado",2.0,twins,1.0,15.8,20.0,16.6,21.5,582.0,0.5,WIS,WAIS-III,WAIS-III,full,2.0,1.0,2004.6,1997.0,7.599999999999909,2.0,0.6666666666666666,0.0,0.0,0.0,,,102.0,-2.720000000000006,-2.5,0.0,0.0,0.3333333333333333,96.78,,,,0.49999999999999994,290.99999999999994,Friedman et al. (2008),"Friedman, N. P., Miyake, A., Young, S. E., DeFries, J. C., Corley, R. P., & Hewitt, J. K. (2008). Individual Differences in Executive Functions Are Almost Entirely Genetic in Origin. Journal of Experimental Psychology: General, 137, 201-225.",Y,Participants were born between 1986 and 1990 (1988) and testet at age of 16.6 -> year of measurement 2004.6,
USA3485,3485.0,USA,United States,,3.0,New York,2.0,normal,5.0,17.0,59.0,31.9,6.200000000000003,50.0,0.5,WIS,WAIS-R,WAIS-R,full,2.0,1.0,1988.0,1980.0,8.0,2.0,0.6666666666666666,0.0,0.0,0.0,,,93.8,-2.719999999999999,-2.5,0.0,0.0,0.3333333333333333,88.58,,,,0.49999999999999994,24.999999999999996,"Hambleton, Merenda & Spielberger (2005)","Hambleton, R. K., Merenda, P. F., & Spielberger, Ch. D. (2005). Adapting Educational and Psychological Tests for Cross-Cultur. Mahwah, New Jersey, London: LAWRENCE ERLBAUM ASSOCIATES, PUBLISHERS.",Y,,
USA9146,9146.0,USA,United States,,3.0,New York,2.0,Whites,3.0,3.0,4.0,3.3333333333333335,34.766666666666666,116.0,0.2,SBIS,SBIS,SBIS,Form L,2.0,1.0,1968.0,1937.0,31.0,2.0,0.0,0.0,0.0,0.0,,,122.4,-10.539999999999997,-2.5,0.0,0.0,0.3333333333333333,109.36000000000001,,,,0.17777777777777778,20.622222222222224,Hertzig et al. (1968),"Hertzig, M.E., Birch, H.G., Thomas, A., & Mendez, O.A. (1968). Class and ethnic differences in the responsiveness of preschool children to cognitive demands. Monographs of the Society for Research in Child Development, 33, 1-69.",Y,,
USA5677,5677.0,USA,United States,,3.0,Boston; Baltimore; Philadelphia,2.0,Whites,1.0,4.0,5.0,4.0,34.1,7412.0,0.3,SBIS,SBIS,SBIS,full,2.0,1.0,1973.0,1972.0,1.0,2.0,0.6666666666666666,0.0,0.0,0.0,,,106.58413383702104,-0.33999999999999986,-2.5,0.0,0.0,0.3333333333333333,103.74413383702104,,,,0.4333333333333333,3211.8666666666663,Nichols & Anderson (1973),"Nichols, P. L., & Anderson, V E. (1973). Intellectual performance, race, and socioeconomic status. Social Biology, 20, 367-374. From: Valencia, R. R., & Suzuki, L. A. (2001). Intelligence Testing and Minority Students. Foundations, Performance, Factors, and Assessment Issues. Thousand Oaks, London, New Delhi: Sage Publications Inc..",N,,
USA1451,1451.0,USA,United States,,3.0,Boston; Baltimore; Philadelphia,2.0,Blacks,1.0,4.0,5.0,4.0,34.1,8268.0,0.3,SBIS,SBIS,SBIS,full,2.0,1.0,1973.0,1972.0,1.0,2.0,0.6666666666666666,0.0,0.0,0.0,,,93.50611998064828,-0.33999999999999986,-2.5,0.0,0.0,0.3333333333333333,90.66611998064828,,,,0.4333333333333333,3582.7999999999997,Nichols & Anderson (1973),"Nichols, P. L., & Anderson, V E. (1973). Intellectual performance, race, and socioeconomic status. Social Biology, 20, 367-374. From: Valencia, R. R., & Suzuki, L. A. (2001). Intelligence Testing and Minority Students. Foundations, Performance, Factors, and Assessment Issues. Thousand Oaks, London, New Delhi: Sage Publications Inc..",N,,
USA7344,7344.0,USA,United States,,3.0,Boston; Baltimore; Philadelphia,2.0,Whites,1.0,7.0,8.0,7.0,31.1,5256.0,0.3,WIS,WISC,WISC,full,2.0,1.0,1973.0,1947.0,26.0,2.0,0.3333333333333333,0.0,0.0,0.0,,,103.29408295281583,-8.839999999999998,-2.5,0.0,0.0,0.3333333333333333,91.95408295281582,,,,0.3222222222222222,1693.6,Nichols & Anderson (1973),"Nichols, P. L., & Anderson, V E. (1973). Intellectual performance, race, and socioeconomic status. Social Biology, 20, 367-374. From: Valencia, R. R., & Suzuki, L. A. (2001). Intelligence Testing and Minority Students. Foundations, Performance, Factors, and Assessment Issues. Thousand Oaks, London, New Delhi: Sage Publications Inc..",N,,
USA2277,2277.0,USA,United States,,3.0,Boston; Baltimore; Philadelphia,2.0,Blacks,1.0,7.0,8.0,7.0,31.1,4613.0,0.3,WIS,WISC,WISC,full,2.0,1.0,1973.0,1947.0,26.0,2.0,0.3333333333333333,0.0,0.0,0.0,,,92.13856492521136,-8.839999999999998,-2.5,0.0,0.0,0.3333333333333333,80.79856492521135,,,,0.3222222222222222,1486.411111111111,Nichols & Anderson (1973),"Nichols, P. L., & Anderson, V E. (1973). Intellectual performance, race, and socioeconomic status. Social Biology, 20, 367-374. From: Valencia, R. R., & Suzuki, L. A. (2001). Intelligence Testing and Minority Students. Foundations, Performance, Factors, and Assessment Issues. Thousand Oaks, London, New Delhi: Sage Publications Inc..",N,,
USA5467,5467.0,USA,United States,,2.0,Texas,2.0,Whites (adoptive parents),1.0,,,39.0,0.8999999999999986,601.0,0.5,WIS,WAIS,WAIS,full,2.0,1.0,1974.0,1955.0,19.0,2.0,0.5,0.0,0.0,0.0,,,113.7018302828619,-6.459999999999999,-2.5,0.0,0.0,0.3333333333333333,104.74183028286191,,,,0.4444444444444444,267.1111111111111,"Horn, Loehlin & Willerman (1979)","Horn, J. M., Loehlin, J. C., & Willerman, L. (1979). Intellectual resemblance among adoptive and biological relatives: The Texas Adoption Project. Behavior Genetics, 9, 177-207.",Y,,
USA7230,7230.0,USA,United States,,2.0,Texas,2.0,Whites (unwed mothers),1.0,,,39.0,0.8999999999999986,14.0,0.5,WIS,WAIS,WAIS,full,2.0,1.0,1974.0,1955.0,19.0,2.0,0.5,0.0,0.0,0.0,,,105.3,-6.459999999999999,-2.5,0.0,0.0,0.3333333333333333,96.34,,,,0.4444444444444444,6.222222222222221,"Horn, Loehlin & Willerman (1979)","Horn, J. M., Loehlin, J. C., & Willerman, L. (1979). Intellectual resemblance among adoptive and biological relatives: The Texas Adoption Project. Behavior Genetics, 9, 177-207.",Y,,
USA3025,3025.0,USA,United States,,2.0,Texas,2.0,Whites (adopted),1.0,5.0,15.0,7.55,30.55,528.0,0.3,WIS,WISC,WISC,full,2.0,1.0,1974.0,1947.0,27.0,2.0,0.3333333333333333,0.0,0.0,0.0,,,111.73693181818182,-9.179999999999998,-2.5,0.0,0.0,0.3333333333333333,100.05693181818182,,,,0.3222222222222222,170.13333333333333,"Horn, Loehlin & Willerman (1979)","Horn, J. M., Loehlin, J. C., & Willerman, L. (1979). Intellectual resemblance among adoptive and biological relatives: The Texas Adoption Project. Behavior Genetics, 9, 177-207.",Y,,
USA7007,7007.0,USA,United States,,2.0,Texas,2.0,Whites (adopted),1.0,16.0,16.0,16.0,22.1,27.0,0.3,WIS,WAIS,WAIS,full,2.0,1.0,1974.0,1955.0,19.0,2.0,0.5,0.0,0.0,0.0,,,112.54814814814816,-6.459999999999999,-2.5,0.0,0.0,0.3333333333333333,103.58814814814816,,,,0.37777777777777777,10.2,"Horn, Loehlin & Willerman (1979)","Horn, J. M., Loehlin, J. C., & Willerman, L. (1979). Intellectual resemblance among adoptive and biological relatives: The Texas Adoption Project. Behavior Genetics, 9, 177-207.",Y,,
USA8893,8893.0,USA,United States,,2.0,Texas,2.0,Whites (adopted),1.0,16.0,16.0,16.0,22.1,78.0,0.3,SBIS,SBIS,SBIS,full,2.0,1.0,1974.0,1960.0,14.0,2.0,0.5,0.0,0.0,0.0,,,110.32051282051282,-4.759999999999998,-2.5,0.0,0.0,0.3333333333333333,103.06051282051283,,,,0.37777777777777777,29.466666666666665,"Horn, Loehlin & Willerman (1979)","Horn, J. M., Loehlin, J. C., & Willerman, L. (1979). Intellectual resemblance among adoptive and biological relatives: The Texas Adoption Project. Behavior Genetics, 9, 177-207.",Y,,
USA8435,8435.0,USA,United States,,3.0,New York,2.0,Whites,3.0,6.0,7.0,6.5,31.6,82.0,0.2,WIS,WISC,WISC,full,2.0,1.0,1975.0,1947.0,28.0,2.0,0.3333333333333333,0.0,0.0,0.0,,,108.03,-9.519999999999998,-2.5,0.0,0.0,0.3333333333333333,96.01,,,,0.2888888888888889,23.68888888888889,Marmorale & Brown (1975),"Marmorale, A. M. & Brown, F. (1975). Comparison of Bender-Gestalt and WISC correlations for Puerto Rican, white and Negro children. Journal of Clinical Psychology, 31, 465-468.",Y,,
USA4574,4574.0,USA,United States,,3.0,New York,2.0,Blacks,3.0,6.0,7.0,6.5,31.6,61.0,0.2,WIS,WISC,WISC,full,2.0,1.0,1975.0,1947.0,28.0,2.0,0.3333333333333333,0.0,0.0,0.0,,,94.1,-9.519999999999998,-2.5,0.0,0.0,0.3333333333333333,82.08,,,,0.2888888888888889,17.622222222222224,Marmorale & Brown (1975),"Marmorale, A. M. & Brown, F. (1975). Comparison of Bender-Gestalt and WISC correlations for Puerto Rican, white and Negro children. Journal of Clinical Psychology, 31, 465-468.",Y,,
USA8565,8565.0,USA,United States,,3.0,New York,2.0,Whites,3.0,6.0,9.0,7.5,30.6,44.0,0.2,WIS,WISC,WISC,full,2.0,1.0,1981.0,1947.0,34.0,2.0,0.3333333333333333,0.0,0.0,0.0,,,109.03999999999999,-11.559999999999997,-2.5,0.0,0.0,0.3333333333333333,94.97999999999999,,,,0.2888888888888889,12.711111111111112,Marmorale & Brown (1981),"Marmorale, A. M., & Brown, F. (1981). Constancy of WISC IQs of Puerto Rican, White and Black children. In L. L. Adler (Ed.), Cross-cultural research at issue (pp. 137-143). New York, USA: Academic Press.",Y,,
USA7656,7656.0,USA,United States,,3.0,New York,2.0,Blacks,3.0,6.0,9.0,7.5,30.6,48.0,0.2,WIS,WISC,WISC,full,2.0,1.0,1981.0,1947.0,34.0,2.0,0.3333333333333333,0.0,0.0,0.0,,,94.58000000000001,-11.559999999999997,-2.5,0.0,0.0,0.3333333333333333,80.52000000000001,,,,0.2888888888888889,13.866666666666667,Marmorale & Brown (1981),"Marmorale, A. M., & Brown, F. (1981). Constancy of WISC IQs of Puerto Rican, White and Black children. In L. L. Adler (Ed.), Cross-cultural research at issue (pp. 137-143). New York, USA: Academic Press.",Y,,
USA5836,5836.0,USA,United States,,2.0,Arizona,2.0,Native Americans,3.0,6.0,16.0,10.6,27.5,176.0,0.2,WIS,WISC-IV,WISC-IV,full,2.0,1.0,2013.0,2003.0,10.0,2.0,0.5,0.0,0.0,0.0,,,82.4,-1.0200000000000102,-2.5,0.0,0.0,0.3333333333333333,78.88,,,,0.3444444444444444,60.62222222222221,Nakano & Watkins (2013),"Nakano & Watkins (2013). Factor structure of the Wechsler Intelligence Scales for Children - Fourth Edition among referred Native American students. Psychology in the Schools, 50, 957-968.",Y,,
USA5375,5375.0,USA,United States,,3.0,New York,1.0,Blacks,3.0,8.0,9.0,8.5,29.6,50.0,0.2,WIS,WISC,WISC,full,2.0,1.0,1974.0,1947.0,27.0,2.0,0.3333333333333333,0.0,0.0,0.0,,,93.88,-9.179999999999998,-2.5,0.0,0.0,0.3333333333333333,82.2,,,,0.2888888888888889,14.444444444444446,Orsini (1974),"Orsini, B. (1974). Intelligence testing and the culturally different: a comparison of Puerto Rican and black children. Unpublished paper, City College of New York, USA.",Y,,
USA8437,8437.0,USA,United States,,3.0,Detroid,1.0,Blacks,5.0,5.9,7.9,6.9,31.200000000000003,531.0,0.1,WIS,WPPSI-R,WPPSI-R,full,2.0,1.0,1996.9,1989.0,7.900000000000091,2.0,0.6666666666666666,0.0,0.0,0.0,,,80.6,-2.719999999999999,-2.5,0.0,0.0,0.3333333333333333,75.38,,,,0.36666666666666664,194.7,Ratner et al. (2006),"Ratner, H. H., Chiodo, L., Covington, Ch., Sokol, R. J., Ager, J., & Delaney-Black, V. (2006). Violence Exposure, IQ, Academic Performance, and Children’s Perception of Safety: Evidence of Protective Effects. Merril-Palmer Quarterly, 52, 264-287.",Y,Sample consists of blacks to 90%,
USA6627,6627.0,USA,United States,,3.0,Detroid,1.0,Blacks,5.0,19.5,40.0,32.7,5.399999999999999,533.0,0.3,WIS,WAIS-R,WAIS-R,full,2.0,1.0,1997.0,1980.0,17.0,2.0,0.5,0.0,0.0,0.0,,,84.3,-5.779999999999998,-2.5,0.0,0.0,0.3333333333333333,76.02,,,,0.37777777777777777,201.35555555555555,Ratner et al. (2006),"Ratner, H. H., Chiodo, L., Covington, Ch., Sokol, R. J., Ager, J., & Delaney-Black, V. (2006). Violence Exposure, IQ, Academic Performance, and Children’s Perception of Safety: Evidence of Protective Effects. Merril-Palmer Quarterly, 52, 264-287.",Y,Sample consists of blacks to 90%,
USA5834,5834.0,USA,United States,,1.0,,2.0,Whites,1.0,12.5,15.5,14.0,24.1,346.0,0.4,RPM,SPM,SPM,full,1.0,1.0,1986.0,1979.0,7.0,1.0,1.0,1.0,1.0,0.0,44.714285714285715,44.714285714285715,98.49719999999999,-1.470000000000006,0.0,0.0,0.0,1.0,97.0272,,,,0.7999999999999999,276.79999999999995,Raven (2000),"Raven, J. (2000). The Raven’s Progressive Matrices: Change and stability over culture and time. Cognitive Psychology, 41, 1-48.",Y,reestimation without age-groups without norms (>15.5),
USA5925,5925.0,USA,United States,,1.0,,2.0,Asian,1.0,12.5,15.5,14.0,24.1,309.0,0.4,RPM,SPM,SPM,full,1.0,1.0,1986.0,1979.0,7.0,1.0,1.0,1.0,1.0,0.0,43.714285714285715,43.714285714285715,96.42001428571427,-1.470000000000006,0.0,0.0,0.0,1.0,94.95001428571427,,,,0.7999999999999999,247.2,Raven (2000),"Raven, J. (2000). The Raven’s Progressive Matrices: Change and stability over culture and time. Cognitive Psychology, 41, 1-48.",Y,reestimation without age-groups without norms (>15.5),
USA8527,8527.0,USA,United States,,1.0,,2.0,Hispanics,1.0,12.5,15.5,14.0,24.1,311.0,0.4,RPM,SPM,SPM,full,1.0,1.0,1986.0,1979.0,7.0,1.0,1.0,1.0,1.0,0.0,40.0,40.0,89.2297,-1.470000000000006,0.0,0.0,0.0,1.0,87.75969999999998,,,,0.7999999999999999,248.79999999999998,Raven (2000),"Raven, J. (2000). The Raven’s Progressive Matrices: Change and stability over culture and time. Cognitive Psychology, 41, 1-48.",Y,reestimation without age-groups without norms (>15.5),
USA9912,9912.0,USA,United States,,1.0,,2.0,Blacks,1.0,12.5,15.5,14.0,24.1,333.0,0.4,RPM,SPM,SPM,full,1.0,1.0,1986.0,1979.0,7.0,1.0,1.0,1.0,1.0,0.0,38.142857142857146,38.142857142857146,86.03068571428571,-1.470000000000006,0.0,0.0,0.0,1.0,84.56068571428571,,,,0.7999999999999999,266.4,Raven (2000),"Raven, J. (2000). The Raven’s Progressive Matrices: Change and stability over culture and time. Cognitive Psychology, 41, 1-48.",Y,reestimation without age-groups without norms (>15.5),
USA7234,7234.0,USA,United States,,3.0,"Des Moines, Iowa",2.0,normal,2.0,18.0,70.0,45.0,6.899999999999999,603.0,0.7,RPM,APM,APM,full,1.0,1.0,1993.0,1992.0,1.0,1.0,1.0,1.0,1.0,0.0,17.818181818181817,17.818181818181817,97.85899999999998,-0.21000000000000085,0.0,0.0,0.0,1.0,97.64899999999997,,,,0.9,542.7,Raven (2000),"Raven, J. (2000). The Raven’s Progressive Matrices: Change and stability over culture and time. Cognitive Psychology, 41, 1-48.",Y,,
USA2101,2101.0,USA,United States,148.1.1,1.0,,2.0,normal,1.0,16.0,16.5,16.25,21.85,166.66666666666666,0.6,RPM,SPM,APM,full,1.0,1.0,1985.5,1992.0,6.5,1.0,1.0,1.0,1.0,1.0,48.5,15.230535,99.65097548252767,1.2600000000000051,0.0,0.0,0.0,0.6666666666666666,100.91097548252768,,,,0.7555555555555555,125.92592592592591,"Raven, Raven & Court (1999)","Raven, J. C., Raven, J., & Court, J. H. (1999). Raven's Progressive Matrices und Vocabulary Scales. Magdeburg: Swets Test Service.",Y,reestimation without extrapolated age-groups (>16.5),
USA5299,5299.0,USA,United States,148.1.1,1.0,,2.0,normal,1.0,6.5,15.5,11.0,27.1,833.3333333333333,0.6,RPM,SPM,SPM,full,1.0,1.0,1985.5,1979.0,6.5,1.0,1.0,1.0,1.0,0.0,34.0,34.0,95.10762263157893,-1.470000000000006,0.0,0.0,0.0,1.0,93.63762263157892,,,,0.8666666666666667,722.2222222222222,"Raven, Raven & Court (1999)","Raven, J. C., Raven, J., & Court, J. H. (1999). Raven's Progressive Matrices und Vocabulary Scales. Magdeburg: Swets Test Service.",Y,reestimation without extrapolated age-groups (>16.5),
USA5683,5683.0,USA,United States,,2.0,Minnesota,3.0,adoptive parents,3.0,27.0,56.0,36.4,1.7000000000000028,198.0,0.4,WIS,WAIS,WAIS,full,2.0,1.0,1976.0,1955.0,21.0,2.0,0.3333333333333333,0.0,0.0,0.0,,,119.5,-7.139999999999999,-2.5,0.0,0.0,0.3333333333333333,109.86,,,,0.35555555555555557,70.4,Scarr & Weinberg (1976),"Scarr, S., & Weinberg, R. A. (1976). IQ Test Performance of Black Children Adopted by White Families. American Psychologist, 1976, 726-739.",Y,"Suorce also includes scores for adoptees but sample characteristics far from suitable, therefore excluded",
USA5347,5347.0,USA,United States,,2.0,Minnesota,3.0,normal,3.0,16.0,21.416666666666668,18.708333333333336,19.391666666666666,14.0,0.5,WIS,WAIS,WAIS,full,2.0,1.0,1976.0,1955.0,21.0,2.0,0.3333333333333333,0.0,0.0,0.0,,,118.9,-7.139999999999999,-2.5,0.0,0.0,0.3333333333333333,109.26,,,,0.38888888888888884,5.444444444444444,Scarr & Weinberg (1976),"Scarr, S., & Weinberg, R. A. (1976). IQ Test Performance of Black Children Adopted by White Families. American Psychologist, 1976, 726-739.",Y,"Suorce also includes scores for adoptees but sample characteristics far from suitable, therefore excluded; samples also reported in Scarr & Weinberg (1977), Scarr & Weinberg (1978), Scarr, Weinberg & Waldman (1993) and Scarr & Weinberg (1983)",
USA4671,4671.0,USA,United States,,2.0,Minnesota,3.0,normal,3.0,8.0,15.0,11.5,26.6,82.0,0.4,WIS,WISC,WISC,full,2.0,1.0,1976.0,1947.0,29.0,2.0,0.3333333333333333,0.0,0.0,0.0,,,117.9,-9.859999999999998,-2.5,0.0,0.0,0.3333333333333333,105.54,,,,0.35555555555555557,29.155555555555555,Scarr & Weinberg (1976),"Scarr, S., & Weinberg, R. A. (1976). IQ Test Performance of Black Children Adopted by White Families. American Psychologist, 1976, 726-739.",Y,"Suorce also includes scores for adoptees but sample characteristics far from suitable, therefore excluded; samples also reported in Scarr & Weinberg (1977), Scarr & Weinberg (1978), Scarr, Weinberg & Waldman (1993) and Scarr & Weinberg (1983)",
USA2463,2463.0,USA,United States,,2.0,Minnesota,3.0,normal,3.0,4.0,7.0,5.5,32.6,48.0,0.4,SBIS,SBIS,SBIS,full,2.0,1.0,1976.0,1972.0,4.0,2.0,0.6666666666666666,0.0,0.0,0.0,,,113.8,-1.3599999999999994,-2.5,0.0,0.0,0.3333333333333333,109.94,,,,0.4666666666666666,22.4,Scarr & Weinberg (1976),"Scarr, S., & Weinberg, R. A. (1976). IQ Test Performance of Black Children Adopted by White Families. American Psychologist, 1976, 726-739.",Y,"Suorce also includes scores for adoptees but sample characteristics far from suitable, therefore excluded; samples also reported in Scarr & Weinberg (1977), Scarr & Weinberg (1978), Scarr, Weinberg & Waldman (1993) and Scarr & Weinberg (1983)",
USA1124,1124.0,USA,United States,,2.0,Arizona,2.0,Native Americans (Navajo),5.0,6.0,16.833333333333332,11.416666666666666,26.683333333333337,129.0,0.1,WIS,WISC-R,WISC-R,full,2.0,1.0,1978.5,1974.0,4.5,2.0,0.6666666666666666,0.0,0.0,0.0,,,79.06217054263564,-1.6999999999999993,-2.5,0.0,0.0,0.3333333333333333,74.86217054263564,,,,0.36666666666666664,47.3,"Teeter, Moore & Petersen (1982)","Teeter, A., Moore, C. L., & Petersen, J. D. (1982) WISC-R verbal and performance abilities of Native American students referred for school learning problems.  Pshology in the School, 19, 39-44.",Y,nonhandicapped only,
USA6430,6430.0,USA,United States,,6.0,,1.0,Whites,3.0,10.0,11.0,10.5,27.6,100.0,0.1,KABC,KABC,KABC,full,1.0,1.0,1995.0,1981.0,14.0,2.0,0.5,0.0,0.0,0.0,,,99.94999999999999,-7.280000000000033,-2.5,0.0,0.0,0.3333333333333333,90.16999999999996,,,,0.3111111111111111,31.11111111111111,"Valencia, Rankin & Livingston (1995)","Valencia, R. R., Rankin, R. J., & Livingston, R. (1995). K-ABC and content bias: Comparisons between Mexican American and White children. Psychology in the Schools, 32,153-169. From: Valencia, R. R., & Suzuki, L. A. (2001). Intelligence Testing and Minority Students. Foundations, Performance, Factors, and Assessment Issues. Thousand Oaks, London, New Delhi: Sage Publications Inc..",N,,
USA1919,1919.0,USA,United States,,6.0,,1.0,Mexican Americans,3.0,10.0,11.0,10.5,27.6,100.0,0.1,KABC,KABC,KABC,full,1.0,1.0,1995.0,1981.0,14.0,2.0,0.5,0.0,0.0,0.0,,,98.22500000000001,-7.280000000000033,-2.5,0.0,0.0,0.3333333333333333,88.44499999999998,,,,0.3111111111111111,31.11111111111111,"Valencia, Rankin & Livingston (1995)","Valencia, R. R., Rankin, R. J., & Livingston, R. (1995). K-ABC and content bias: Comparisons between Mexican American and White children. Psychology in the Schools, 32,153-169. From: Valencia, R. R., & Suzuki, L. A. (2001). Intelligence Testing and Minority Students. Foundations, Performance, Factors, and Assessment Issues. Thousand Oaks, London, New Delhi: Sage Publications Inc..",N,,
UZB6176,6176.0,UZB,Uzbekistan,150.1.1,5.0,Kazakhstan,2.0,normal,3.0,10.0,15.0,12.5,16.1,51.0,0.4,RPM,SPM+,SPM+,full,1.0,1.0,2013.0,2007.0,6.0,1.0,1.0,1.0,1.0,0.0,29.265,29.265,89.21641551681041,-0.21000000000000085,0.0,0.0,0.0,1.0,89.00641551681042,86.0,-3.0064155168104207,3.0064155168104207,0.7999999999999999,40.8,Grigoriev & Lynn (2014 ),"Grigoriev, A., & Lynn, R. (2014).  A study of the IQ in Kazakhstan. Intelligence, 46, 40-46.",Y,,Grigoriev & Lynn (2014) have reported results for a sample of 51 10/15 year old ethnic Uzbeks in Kazakhstan tested with the SPM +. The sample obtained a British  IQ of 86
VEN7367,7367.0,VEN,Venezuela,151.1.1,3.0,Maracaibo County,2.0,normal,4.0,6.0,11.0,7.89,20.41,79.0,0.3,WIS,WISC-III,WISC-III,vocabulary and block design,2.0,1.0,2008.0,1989.0,19.0,2.0,0.16666666666666666,0.0,0.0,0.0,,,80.03,-5.780000000000008,-2.5,0.0,0.0,0.3333333333333333,71.75,82.0,10.25,10.25,0.26666666666666666,21.066666666666666,Montiel-Naval et al. (2008),"Montiel-Naval, C., Peña, J. A., Montiel-Barbero, I., & Polanczyk, G. (2008). Prevalence rates of attention deficit/hyperactivity disorder in a school sample of Venezuelan children. Child Psychiatry & Human Development, 39, 311-322.  ",Y,,"Venezuela. Montiel-Nava1 et al. (2003, 2005, 2008) report data for WISC-III and WPPSI-R for children aged 3-14, average 7 years in the city of Maracaibo. The 2003 paper reports 394 children with an IQ of 88. The 2005 paper reports results for 29 children with ADHD obtaining an IQ of 83.7 and for 53 controls obtaining an IQ of 99. The two results have been averaged to 91. The 2008 paper reports results for 233 children average age 7 given the vocabulary and block design tests of the WISC-III, obtaining an IQ of 82. "
VEN4627,4627.0,VEN,Venezuela,151.1.2,3.0,Maracaibo County,2.0,normal,3.0,6.0,11.0,7.8,20.5,40.0,0.4,WIS,WISC-III,WISC-III,full,2.0,1.0,2003.0,1989.0,14.0,2.0,0.5,0.0,0.0,0.0,,,86.57,-4.759999999999998,-2.5,0.0,0.0,0.3333333333333333,79.31,88.0,8.689999999999998,8.689999999999998,0.41111111111111115,16.444444444444446,"Montiel-Naval, Peña & Montiel-Barbero (2003)","Montiel-Naval, C., Peña, J.A., & Montiel-Barbero, I. (2003). Datos epidemiológicos del trastorno por déficit de atención con hiperactividad en una muestra de niños marabinos. Review of Neurology, 37, 815-819.",Y,,"Venezuela. Montiel-Nava1 et al. (2003, 2005, 2008) report data for WISC-III and WPPSI-R for children aged 3-14, average 7 years in the city of Maracaibo. The 2003 paper reports 394 children with an IQ of 88. The 2005 paper reports results for 29 children with ADHD obtaining an IQ of 83.7 and for 53 controls obtaining an IQ of 99. The two results have been averaged to 91. The 2008 paper reports results for 233 children average age 7 given the vocabulary and block design tests of the WISC-III, obtaining an IQ of 82. "
VEN6429,6429.0,VEN,Venezuela,151.1.3,6.0,,2.0,normal,4.0,4.0,13.0,7.59,20.71,82.0,0.2,WIS,WISC-III,WISC-III,full,2.0,1.0,2002.0,1989.0,13.0,2.0,0.5,0.0,0.0,0.0,,,99.0,-4.419999999999998,-2.5,0.0,0.0,0.3333333333333333,92.08,83.7,-8.379999999999995,8.379999999999995,0.3444444444444444,28.24444444444444,"Montiel-Naval, Montiel-Barbero & Peña (2005)","Montiel-Naval, C., Montiel-Barbero1, I., & Peña1, J. A. (2005). Clima familiar en el trastorno por deficit de atentcion-hiperactividad. Psicología Conductual, 13, 297-310.",Y,,"Venezuela. Montiel-Nava1 et al. (2003, 2005, 2008) report data for WISC-III and WPPSI-R for children aged 3-14, average 7 years in the city of Maracaibo. The 2003 paper reports 394 children with an IQ of 88. The 2005 paper reports results for 29 children with ADHD obtaining an IQ of 83.7 and for 53 controls obtaining an IQ of 99. The two results have been averaged to 91. The 2008 paper reports results for 233 children average age 7 given the vocabulary and block design tests of the WISC-III, obtaining an IQ of 82. "
VNM3474,3474.0,VNM,Vietnam,,4.0,Hung Yen,2.0,,5.0,6.0,9.0,7.6,22.9,469.0,0.1,RPM,CPM,CPM,full,1.0,1.0,2011.0,2007.0,4.0,1.0,1.0,1.0,0.0,0.0,17.96,17.96,79.35814610560001,-0.21000000000000085,0.0,0.0,0.0,1.0,79.1481461056,75.0,-4.148146105600006,4.148146105600006,0.7000000000000001,328.3,Nga et al. (2011),"Nga, T.T., Winichagoon, P., Dijkhuizen, M.A., Khan, N.C., Wasantwisut, E., & Wieringa, F.T. (2011). Decreased parasite load and improved cognitive outcomes caused by deworming and consumption of multi-micronutrient fortified biscuits in rural Vietnamese schoolchildren. American Journal of Tropical Medicine & Hygiene, 85, 333-340.",Y,Data only from baseline,
VNM8413,8413.0,VNM,Vietnam,,1.0,,2.0,normal,3.0,7.5,8.5,8.0,22.5,197.0,0.5,RPM,CPM,CPM,full,1.0,1.0,2002.0,2007.0,5.0,1.0,1.0,1.0,0.0,0.0,18.246192893401016,18.246192893401016,73.95260929957735,1.0500000000000043,0.0,0.0,0.0,1.0,75.00260929957736,,,,0.8333333333333334,164.16666666666669,Tuan et al. (2003),"Tuan, T., Lan, P.T., Harpham, T., Huong, N.T., Thach, T.D., Tod, B., … & Ha, N.T.V. (2003). Young Lives Preliminary Country Report: Vietnam.",Y,,
VNM5858,5858.0,VNM,Vietnam,,2.0,,1.0,normal,3.0,6.0,9.0,7.668849840255592,22.831150159744407,251.0,0.4,RPM,CPM,CPM,full,1.0,1.0,2000.0,2007.0,7.0,1.0,1.0,1.0,0.0,0.0,16.85,16.85,76.56200897500001,1.470000000000006,0.0,0.0,0.0,1.0,78.03200897500002,78.0,-0.032008975000024975,0.032008975000024975,0.7999999999999999,200.79999999999998,Watanabe et al. (2005),"Watanabe, K., Flores, R., Fujiwara, J., & Tran, L.T.H. (2005). Early childhood development interventions and cognitive development of young children in rural Vietnam. Journal of Nutrition, 135, 1918-1925.",Y,stunned children excluded,
YEM7411,7411.0,YEM,Yemen,155.1.1,3.0,Dhamar,2.0,normal,3.0,7.0,13.0,10.0,9.5,1918.0,0.6,RPM,SPM+,SPM+,full,1.0,1.0,2014.0,2007.0,7.0,1.0,1.0,1.0,1.0,0.0,16.428571428571427,16.428571428571427,70.28626645714284,-0.21000000000000085,0.0,0.0,0.0,1.0,70.07626645714285,68.5,-1.5762664571428502,1.5762664571428502,0.8666666666666667,1662.2666666666667,"Bakhiet, Al-Khadher & Lynn (2015)","Bakhiet, S. F. A., Al-Khadher, M. A, & Lynn, R. (2015). A Study of Means and Sex Differences on Raven’s Standard Progressive Matrices Plus in Yemen. Mankind Quarterly, 55, 268-277.",Y,reestimation without age groups without norms,"Bakhiet, Al-Khadher & Lynn (2015) report data for the Standard Progressive Matrices- Plus was administered a sample of 2012 6-13 year olds in a rural province of Yemen. The sample obtained a British IQ of 68.5. This is much lower than that of the two previous studies, probably because these were based on urban as well as rural samples. "
YEM8656,8656.0,YEM,Yemen,155.1.3,1.0,,2.0,normal,2.0,6.0,11.0,8.5,11.0,986.0,0.7,RPM,CPM,CPM,full,1.0,1.0,2008.0,2007.0,1.0,1.0,1.0,1.0,1.0,0.0,19.0,19.0,76.47200199375001,-0.21000000000000085,0.0,0.0,0.0,1.0,76.26200199375,77.5,1.2379980062499953,1.2379980062499953,0.9,887.4,Khaleefa & Lynn (2008d),"Khaleefa, O., & Lynn, R. (2008d). Normative data for Raven’s Progressive Matrices in Yemen. Psychological Reports, 103, 170-172",Y,,"Khaleefa & Lynn (2008d) gave an IQ of 81 for this study of the CPM. We have recalculated the IQ at 77.5, based on the British 2007 CPM standardization and using the age-appropriate adjustments based on 1982-2007 score gains for different age groups in Britain. "
ZWE7419,7419.0,ZWE,Zimbabwe,157.1.2,6.0,,2.0,Shona,3.0,14.0,15.0,14.5,5.5,1842.0,0.3,RPM,SPM,SPM,full,1.0,1.0,1962.0,1979.0,17.0,1.0,0.8333333333333334,1.0,0.0,0.0,27.8,27.8,70.4362144,3.5700000000000047,0.0,0.0,0.0,1.0,74.0062144,72.0,-2.0062144000000046,2.0062144000000046,0.7111111111111111,1309.8666666666668,Irvine (1969),"Irvine, S. H. (1969). Figural tests of reasoning in Africa: studies in the use of Raven's Progressive Matrices across cultures. International Journal of Psychology, 4, 217-228.",Y,,
