colour	x	y	showSelected1	showSelected2	fill
#0D3A6B	2	0.363380227632419	1	miss	#0D3A6B
#0D3A6B	2	0.363380227632419	2	miss	#0D3A6B
#4283C9	3	0.273239544735163	2	hit	#4283C9
#0D3A6B	2	0.363380227632419	3	miss	#0D3A6B
#4283C9	3	0.273239544735163	3	hit	#4283C9
#4283C9	4	0.909859317102744	3	hit	#4283C9
#0D3A6B	2	0.363380227632419	4	miss	#0D3A6B
#4283C9	3	0.273239544735163	4	hit	#4283C9
#4283C9	4	0.909859317102744	4	hit	#4283C9
#4283C9	5	1.54647908947033	4	hit	#4283C9
#0D3A6B	2	0.363380227632419	5	miss	#0D3A6B
#4283C9	3	0.273239544735163	5	hit	#4283C9
#4283C9	4	0.909859317102744	5	hit	#4283C9
#4283C9	5	1.54647908947033	5	hit	#4283C9
#0D3A6B	6	0.591549430918953	5	miss	#0D3A6B
#0D3A6B	2	0.363380227632419	6	miss	#0D3A6B
#4283C9	3	0.273239544735163	6	hit	#4283C9
#4283C9	4	0.909859317102744	6	hit	#4283C9
#4283C9	5	1.54647908947033	6	hit	#4283C9
#0D3A6B	6	0.591549430918953	6	miss	#0D3A6B
#4283C9	7	0.909859317102744	6	hit	#4283C9
#0D3A6B	2	0.363380227632419	7	miss	#0D3A6B
#4283C9	3	0.273239544735163	7	hit	#4283C9
#4283C9	4	0.909859317102744	7	hit	#4283C9
#4283C9	5	1.54647908947033	7	hit	#4283C9
#0D3A6B	6	0.591549430918953	7	miss	#0D3A6B
#4283C9	7	0.909859317102744	7	hit	#4283C9
#0D3A6B	8	0.485446135524357	7	miss	#0D3A6B
#0D3A6B	2	0.363380227632419	8	miss	#0D3A6B
#4283C9	3	0.273239544735163	8	hit	#4283C9
#4283C9	4	0.909859317102744	8	hit	#4283C9
#4283C9	5	1.54647908947033	8	hit	#4283C9
#0D3A6B	6	0.591549430918953	8	miss	#0D3A6B
#4283C9	7	0.909859317102744	8	hit	#4283C9
#0D3A6B	8	0.485446135524357	8	miss	#0D3A6B
#4283C9	9	0.69765272631355	8	hit	#4283C9
#0D3A6B	2	0.363380227632419	9	miss	#0D3A6B
#4283C9	3	0.273239544735163	9	hit	#4283C9
#4283C9	4	0.909859317102744	9	hit	#4283C9
#4283C9	5	1.54647908947033	9	hit	#4283C9
#0D3A6B	6	0.591549430918953	9	miss	#0D3A6B
#4283C9	7	0.909859317102744	9	hit	#4283C9
#0D3A6B	8	0.485446135524357	9	miss	#0D3A6B
#4283C9	9	0.69765272631355	9	hit	#4283C9
#4283C9	10	0.909859317102744	9	hit	#4283C9
#0D3A6B	2	0.363380227632419	10	miss	#0D3A6B
#4283C9	3	0.273239544735163	10	hit	#4283C9
#4283C9	4	0.909859317102744	10	hit	#4283C9
#4283C9	5	1.54647908947033	10	hit	#4283C9
#0D3A6B	6	0.591549430918953	10	miss	#0D3A6B
#4283C9	7	0.909859317102744	10	hit	#4283C9
#0D3A6B	8	0.485446135524357	10	miss	#0D3A6B
#4283C9	9	0.69765272631355	10	hit	#4283C9
#4283C9	10	0.909859317102744	10	hit	#4283C9
#0D3A6B	11	0.591549430918953	10	miss	#0D3A6B
#0D3A6B	2	0.363380227632419	11	miss	#0D3A6B
#4283C9	3	0.273239544735163	11	hit	#4283C9
#4283C9	4	0.909859317102744	11	hit	#4283C9
#4283C9	5	1.54647908947033	11	hit	#4283C9
#0D3A6B	6	0.591549430918953	11	miss	#0D3A6B
#4283C9	7	0.909859317102744	11	hit	#4283C9
#0D3A6B	8	0.485446135524357	11	miss	#0D3A6B
#4283C9	9	0.69765272631355	11	hit	#4283C9
#4283C9	10	0.909859317102744	11	hit	#4283C9
#0D3A6B	11	0.591549430918953	11	miss	#0D3A6B
#4283C9	12	0.750704374010849	11	hit	#4283C9
#0D3A6B	2	0.363380227632419	12	miss	#0D3A6B
#4283C9	3	0.273239544735163	12	hit	#4283C9
#4283C9	4	0.909859317102744	12	hit	#4283C9
#4283C9	5	1.54647908947033	12	hit	#4283C9
#0D3A6B	6	0.591549430918953	12	miss	#0D3A6B
#4283C9	7	0.909859317102744	12	hit	#4283C9
#0D3A6B	8	0.485446135524357	12	miss	#0D3A6B
#4283C9	9	0.69765272631355	12	hit	#4283C9
#4283C9	10	0.909859317102744	12	hit	#4283C9
#0D3A6B	11	0.591549430918953	12	miss	#0D3A6B
#4283C9	12	0.750704374010849	12	hit	#4283C9
#0D3A6B	13	0.527887453682195	12	miss	#0D3A6B
#0D3A6B	2	0.363380227632419	13	miss	#0D3A6B
#4283C9	3	0.273239544735163	13	hit	#4283C9
#4283C9	4	0.909859317102744	13	hit	#4283C9
#4283C9	5	1.54647908947033	13	hit	#4283C9
#0D3A6B	6	0.591549430918953	13	miss	#0D3A6B
#4283C9	7	0.909859317102744	13	hit	#4283C9
#0D3A6B	8	0.485446135524357	13	miss	#0D3A6B
#4283C9	9	0.69765272631355	13	hit	#4283C9
#4283C9	10	0.909859317102744	13	hit	#4283C9
#0D3A6B	11	0.591549430918953	13	miss	#0D3A6B
#4283C9	12	0.750704374010849	13	hit	#4283C9
#0D3A6B	13	0.527887453682195	13	miss	#0D3A6B
#4283C9	14	0.655211408155712	13	hit	#4283C9
#0D3A6B	2	0.363380227632419	14	miss	#0D3A6B
#4283C9	3	0.273239544735163	14	hit	#4283C9
#4283C9	4	0.909859317102744	14	hit	#4283C9
#4283C9	5	1.54647908947033	14	hit	#4283C9
#0D3A6B	6	0.591549430918953	14	miss	#0D3A6B
#4283C9	7	0.909859317102744	14	hit	#4283C9
#0D3A6B	8	0.485446135524357	14	miss	#0D3A6B
#4283C9	9	0.69765272631355	14	hit	#4283C9
#4283C9	10	0.909859317102744	14	hit	#4283C9
#0D3A6B	11	0.591549430918953	14	miss	#0D3A6B
#4283C9	12	0.750704374010849	14	hit	#4283C9
#0D3A6B	13	0.527887453682195	14	miss	#0D3A6B
#4283C9	14	0.655211408155712	14	hit	#4283C9
#0D3A6B	15	0.485446135524357	14	miss	#0D3A6B
#0D3A6B	2	0.363380227632419	15	miss	#0D3A6B
#4283C9	3	0.273239544735163	15	hit	#4283C9
#4283C9	4	0.909859317102744	15	hit	#4283C9
#4283C9	5	1.54647908947033	15	hit	#4283C9
#0D3A6B	6	0.591549430918953	15	miss	#0D3A6B
#4283C9	7	0.909859317102744	15	hit	#4283C9
#0D3A6B	8	0.485446135524357	15	miss	#0D3A6B
#4283C9	9	0.69765272631355	15	hit	#4283C9
#4283C9	10	0.909859317102744	15	hit	#4283C9
#0D3A6B	11	0.591549430918953	15	miss	#0D3A6B
#4283C9	12	0.750704374010849	15	hit	#4283C9
#0D3A6B	13	0.527887453682195	15	miss	#0D3A6B
#4283C9	14	0.655211408155712	15	hit	#4283C9
#0D3A6B	15	0.485446135524357	15	miss	#0D3A6B
#0D3A6B	16	0.36418522650196	15	miss	#0D3A6B
#0D3A6B	2	0.363380227632419	16	miss	#0D3A6B
#4283C9	3	0.273239544735163	16	hit	#4283C9
#4283C9	4	0.909859317102744	16	hit	#4283C9
#4283C9	5	1.54647908947033	16	hit	#4283C9
#0D3A6B	6	0.591549430918953	16	miss	#0D3A6B
#4283C9	7	0.909859317102744	16	hit	#4283C9
#0D3A6B	8	0.485446135524357	16	miss	#0D3A6B
#4283C9	9	0.69765272631355	16	hit	#4283C9
#4283C9	10	0.909859317102744	16	hit	#4283C9
#0D3A6B	11	0.591549430918953	16	miss	#0D3A6B
#4283C9	12	0.750704374010849	16	hit	#4283C9
#0D3A6B	13	0.527887453682195	16	miss	#0D3A6B
#4283C9	14	0.655211408155712	16	hit	#4283C9
#0D3A6B	15	0.485446135524357	16	miss	#0D3A6B
#0D3A6B	16	0.36418522650196	16	miss	#0D3A6B
#0D3A6B	17	0.273239544735163	16	miss	#0D3A6B
#0D3A6B	2	0.363380227632419	17	miss	#0D3A6B
#4283C9	3	0.273239544735163	17	hit	#4283C9
#4283C9	4	0.909859317102744	17	hit	#4283C9
#4283C9	5	1.54647908947033	17	hit	#4283C9
#0D3A6B	6	0.591549430918953	17	miss	#0D3A6B
#4283C9	7	0.909859317102744	17	hit	#4283C9
#0D3A6B	8	0.485446135524357	17	miss	#0D3A6B
#4283C9	9	0.69765272631355	17	hit	#4283C9
#4283C9	10	0.909859317102744	17	hit	#4283C9
#0D3A6B	11	0.591549430918953	17	miss	#0D3A6B
#4283C9	12	0.750704374010849	17	hit	#4283C9
#0D3A6B	13	0.527887453682195	17	miss	#0D3A6B
#4283C9	14	0.655211408155712	17	hit	#4283C9
#0D3A6B	15	0.485446135524357	17	miss	#0D3A6B
#0D3A6B	16	0.36418522650196	17	miss	#0D3A6B
#0D3A6B	17	0.273239544735163	17	miss	#0D3A6B
#0D3A6B	18	0.202504014472098	17	miss	#0D3A6B
#0D3A6B	2	0.363380227632419	18	miss	#0D3A6B
#4283C9	3	0.273239544735163	18	hit	#4283C9
#4283C9	4	0.909859317102744	18	hit	#4283C9
#4283C9	5	1.54647908947033	18	hit	#4283C9
#0D3A6B	6	0.591549430918953	18	miss	#0D3A6B
#4283C9	7	0.909859317102744	18	hit	#4283C9
#0D3A6B	8	0.485446135524357	18	miss	#0D3A6B
#4283C9	9	0.69765272631355	18	hit	#4283C9
#4283C9	10	0.909859317102744	18	hit	#4283C9
#0D3A6B	11	0.591549430918953	18	miss	#0D3A6B
#4283C9	12	0.750704374010849	18	hit	#4283C9
#0D3A6B	13	0.527887453682195	18	miss	#0D3A6B
#4283C9	14	0.655211408155712	18	hit	#4283C9
#0D3A6B	15	0.485446135524357	18	miss	#0D3A6B
#0D3A6B	16	0.36418522650196	18	miss	#0D3A6B
#0D3A6B	17	0.273239544735163	18	miss	#0D3A6B
#0D3A6B	18	0.202504014472098	18	miss	#0D3A6B
#4283C9	19	0.273239544735163	18	hit	#4283C9
#0D3A6B	2	0.363380227632419	19	miss	#0D3A6B
#4283C9	3	0.273239544735163	19	hit	#4283C9
#4283C9	4	0.909859317102744	19	hit	#4283C9
#4283C9	5	1.54647908947033	19	hit	#4283C9
#0D3A6B	6	0.591549430918953	19	miss	#0D3A6B
#4283C9	7	0.909859317102744	19	hit	#4283C9
#0D3A6B	8	0.485446135524357	19	miss	#0D3A6B
#4283C9	9	0.69765272631355	19	hit	#4283C9
#4283C9	10	0.909859317102744	19	hit	#4283C9
#0D3A6B	11	0.591549430918953	19	miss	#0D3A6B
#4283C9	12	0.750704374010849	19	hit	#4283C9
#0D3A6B	13	0.527887453682195	19	miss	#0D3A6B
#4283C9	14	0.655211408155712	19	hit	#4283C9
#0D3A6B	15	0.485446135524357	19	miss	#0D3A6B
#0D3A6B	16	0.36418522650196	19	miss	#0D3A6B
#0D3A6B	17	0.273239544735163	19	miss	#0D3A6B
#0D3A6B	18	0.202504014472098	19	miss	#0D3A6B
#4283C9	19	0.273239544735163	19	hit	#4283C9
#0D3A6B	20	0.209577567498405	19	miss	#0D3A6B
#0D3A6B	2	0.363380227632419	20	miss	#0D3A6B
#4283C9	3	0.273239544735163	20	hit	#4283C9
#4283C9	4	0.909859317102744	20	hit	#4283C9
#4283C9	5	1.54647908947033	20	hit	#4283C9
#0D3A6B	6	0.591549430918953	20	miss	#0D3A6B
#4283C9	7	0.909859317102744	20	hit	#4283C9
#0D3A6B	8	0.485446135524357	20	miss	#0D3A6B
#4283C9	9	0.69765272631355	20	hit	#4283C9
#4283C9	10	0.909859317102744	20	hit	#4283C9
#0D3A6B	11	0.591549430918953	20	miss	#0D3A6B
#4283C9	12	0.750704374010849	20	hit	#4283C9
#0D3A6B	13	0.527887453682195	20	miss	#0D3A6B
#4283C9	14	0.655211408155712	20	hit	#4283C9
#0D3A6B	15	0.485446135524357	20	miss	#0D3A6B
#0D3A6B	16	0.36418522650196	20	miss	#0D3A6B
#0D3A6B	17	0.273239544735163	20	miss	#0D3A6B
#0D3A6B	18	0.202504014472098	20	miss	#0D3A6B
#4283C9	19	0.273239544735163	20	hit	#4283C9
#0D3A6B	20	0.209577567498405	20	miss	#0D3A6B
#0D3A6B	21	0.157490495213784	20	miss	#0D3A6B
#0D3A6B	2	0.363380227632419	21	miss	#0D3A6B
#4283C9	3	0.273239544735163	21	hit	#4283C9
#4283C9	4	0.909859317102744	21	hit	#4283C9
#4283C9	5	1.54647908947033	21	hit	#4283C9
#0D3A6B	6	0.591549430918953	21	miss	#0D3A6B
#4283C9	7	0.909859317102744	21	hit	#4283C9
#0D3A6B	8	0.485446135524357	21	miss	#0D3A6B
#4283C9	9	0.69765272631355	21	hit	#4283C9
#4283C9	10	0.909859317102744	21	hit	#4283C9
#0D3A6B	11	0.591549430918953	21	miss	#0D3A6B
#4283C9	12	0.750704374010849	21	hit	#4283C9
#0D3A6B	13	0.527887453682195	21	miss	#0D3A6B
#4283C9	14	0.655211408155712	21	hit	#4283C9
#0D3A6B	15	0.485446135524357	21	miss	#0D3A6B
#0D3A6B	16	0.36418522650196	21	miss	#0D3A6B
#0D3A6B	17	0.273239544735163	21	miss	#0D3A6B
#0D3A6B	18	0.202504014472098	21	miss	#0D3A6B
#4283C9	19	0.273239544735163	21	hit	#4283C9
#0D3A6B	20	0.209577567498405	21	miss	#0D3A6B
#0D3A6B	21	0.157490495213784	21	miss	#0D3A6B
#0D3A6B	22	0.114084601643267	21	miss	#0D3A6B
#0D3A6B	2	0.363380227632419	22	miss	#0D3A6B
#4283C9	3	0.273239544735163	22	hit	#4283C9
#4283C9	4	0.909859317102744	22	hit	#4283C9
#4283C9	5	1.54647908947033	22	hit	#4283C9
#0D3A6B	6	0.591549430918953	22	miss	#0D3A6B
#4283C9	7	0.909859317102744	22	hit	#4283C9
#0D3A6B	8	0.485446135524357	22	miss	#0D3A6B
#4283C9	9	0.69765272631355	22	hit	#4283C9
#4283C9	10	0.909859317102744	22	hit	#4283C9
#0D3A6B	11	0.591549430918953	22	miss	#0D3A6B
#4283C9	12	0.750704374010849	22	hit	#4283C9
#0D3A6B	13	0.527887453682195	22	miss	#0D3A6B
#4283C9	14	0.655211408155712	22	hit	#4283C9
#0D3A6B	15	0.485446135524357	22	miss	#0D3A6B
#0D3A6B	16	0.36418522650196	22	miss	#0D3A6B
#0D3A6B	17	0.273239544735163	22	miss	#0D3A6B
#0D3A6B	18	0.202504014472098	22	miss	#0D3A6B
#4283C9	19	0.273239544735163	22	hit	#4283C9
#0D3A6B	20	0.209577567498405	22	miss	#0D3A6B
#0D3A6B	21	0.157490495213784	22	miss	#0D3A6B
#0D3A6B	22	0.114084601643267	22	miss	#0D3A6B
#0D3A6B	23	0.07735653785283	22	miss	#0D3A6B
#0D3A6B	2	0.363380227632419	23	miss	#0D3A6B
#4283C9	3	0.273239544735163	23	hit	#4283C9
#4283C9	4	0.909859317102744	23	hit	#4283C9
#4283C9	5	1.54647908947033	23	hit	#4283C9
#0D3A6B	6	0.591549430918953	23	miss	#0D3A6B
#4283C9	7	0.909859317102744	23	hit	#4283C9
#0D3A6B	8	0.485446135524357	23	miss	#0D3A6B
#4283C9	9	0.69765272631355	23	hit	#4283C9
#4283C9	10	0.909859317102744	23	hit	#4283C9
#0D3A6B	11	0.591549430918953	23	miss	#0D3A6B
#4283C9	12	0.750704374010849	23	hit	#4283C9
#0D3A6B	13	0.527887453682195	23	miss	#0D3A6B
#4283C9	14	0.655211408155712	23	hit	#4283C9
#0D3A6B	15	0.485446135524357	23	miss	#0D3A6B
#0D3A6B	16	0.36418522650196	23	miss	#0D3A6B
#0D3A6B	17	0.273239544735163	23	miss	#0D3A6B
#0D3A6B	18	0.202504014472098	23	miss	#0D3A6B
#4283C9	19	0.273239544735163	23	hit	#4283C9
#0D3A6B	20	0.209577567498405	23	miss	#0D3A6B
#0D3A6B	21	0.157490495213784	23	miss	#0D3A6B
#0D3A6B	22	0.114084601643267	23	miss	#0D3A6B
#0D3A6B	23	0.07735653785283	23	miss	#0D3A6B
#0D3A6B	24	0.0458753403181694	23	miss	#0D3A6B
#0D3A6B	2	0.363380227632419	24	miss	#0D3A6B
#4283C9	3	0.273239544735163	24	hit	#4283C9
#4283C9	4	0.909859317102744	24	hit	#4283C9
#4283C9	5	1.54647908947033	24	hit	#4283C9
#0D3A6B	6	0.591549430918953	24	miss	#0D3A6B
#4283C9	7	0.909859317102744	24	hit	#4283C9
#0D3A6B	8	0.485446135524357	24	miss	#0D3A6B
#4283C9	9	0.69765272631355	24	hit	#4283C9
#4283C9	10	0.909859317102744	24	hit	#4283C9
#0D3A6B	11	0.591549430918953	24	miss	#0D3A6B
#4283C9	12	0.750704374010849	24	hit	#4283C9
#0D3A6B	13	0.527887453682195	24	miss	#0D3A6B
#4283C9	14	0.655211408155712	24	hit	#4283C9
#0D3A6B	15	0.485446135524357	24	miss	#0D3A6B
#0D3A6B	16	0.36418522650196	24	miss	#0D3A6B
#0D3A6B	17	0.273239544735163	24	miss	#0D3A6B
#0D3A6B	18	0.202504014472098	24	miss	#0D3A6B
#4283C9	19	0.273239544735163	24	hit	#4283C9
#0D3A6B	20	0.209577567498405	24	miss	#0D3A6B
#0D3A6B	21	0.157490495213784	24	miss	#0D3A6B
#0D3A6B	22	0.114084601643267	24	miss	#0D3A6B
#0D3A6B	23	0.07735653785283	24	miss	#0D3A6B
#0D3A6B	24	0.0458753403181694	24	miss	#0D3A6B
#4283C9	25	0.091348181201568	24	hit	#4283C9
#0D3A6B	2	0.363380227632419	25	miss	#0D3A6B
#4283C9	3	0.273239544735163	25	hit	#4283C9
#4283C9	4	0.909859317102744	25	hit	#4283C9
#4283C9	5	1.54647908947033	25	hit	#4283C9
#0D3A6B	6	0.591549430918953	25	miss	#0D3A6B
#4283C9	7	0.909859317102744	25	hit	#4283C9
#0D3A6B	8	0.485446135524357	25	miss	#0D3A6B
#4283C9	9	0.69765272631355	25	hit	#4283C9
#4283C9	10	0.909859317102744	25	hit	#4283C9
#0D3A6B	11	0.591549430918953	25	miss	#0D3A6B
#4283C9	12	0.750704374010849	25	hit	#4283C9
#0D3A6B	13	0.527887453682195	25	miss	#0D3A6B
#4283C9	14	0.655211408155712	25	hit	#4283C9
#0D3A6B	15	0.485446135524357	25	miss	#0D3A6B
#0D3A6B	16	0.36418522650196	25	miss	#0D3A6B
#0D3A6B	17	0.273239544735163	25	miss	#0D3A6B
#0D3A6B	18	0.202504014472098	25	miss	#0D3A6B
#4283C9	19	0.273239544735163	25	hit	#4283C9
#0D3A6B	20	0.209577567498405	25	miss	#0D3A6B
#0D3A6B	21	0.157490495213784	25	miss	#0D3A6B
#0D3A6B	22	0.114084601643267	25	miss	#0D3A6B
#0D3A6B	23	0.07735653785283	25	miss	#0D3A6B
#0D3A6B	24	0.0458753403181694	25	miss	#0D3A6B
#4283C9	25	0.091348181201568	25	hit	#4283C9
#0D3A6B	26	0.061032953945969	25	miss	#0D3A6B
#0D3A6B	2	0.363380227632419	26	miss	#0D3A6B
#4283C9	3	0.273239544735163	26	hit	#4283C9
#4283C9	4	0.909859317102744	26	hit	#4283C9
#4283C9	5	1.54647908947033	26	hit	#4283C9
#0D3A6B	6	0.591549430918953	26	miss	#0D3A6B
#4283C9	7	0.909859317102744	26	hit	#4283C9
#0D3A6B	8	0.485446135524357	26	miss	#0D3A6B
#4283C9	9	0.69765272631355	26	hit	#4283C9
#4283C9	10	0.909859317102744	26	hit	#4283C9
#0D3A6B	11	0.591549430918953	26	miss	#0D3A6B
#4283C9	12	0.750704374010849	26	hit	#4283C9
#0D3A6B	13	0.527887453682195	26	miss	#0D3A6B
#4283C9	14	0.655211408155712	26	hit	#4283C9
#0D3A6B	15	0.485446135524357	26	miss	#0D3A6B
#0D3A6B	16	0.36418522650196	26	miss	#0D3A6B
#0D3A6B	17	0.273239544735163	26	miss	#0D3A6B
#0D3A6B	18	0.202504014472098	26	miss	#0D3A6B
#4283C9	19	0.273239544735163	26	hit	#4283C9
#0D3A6B	20	0.209577567498405	26	miss	#0D3A6B
#0D3A6B	21	0.157490495213784	26	miss	#0D3A6B
#0D3A6B	22	0.114084601643267	26	miss	#0D3A6B
#0D3A6B	23	0.07735653785283	26	miss	#0D3A6B
#0D3A6B	24	0.0458753403181694	26	miss	#0D3A6B
#4283C9	25	0.091348181201568	26	hit	#4283C9
#0D3A6B	26	0.061032953945969	26	miss	#0D3A6B
#4283C9	27	0.103474272103808	26	hit	#4283C9
#0D3A6B	2	0.363380227632419	27	miss	#0D3A6B
#4283C9	3	0.273239544735163	27	hit	#4283C9
#4283C9	4	0.909859317102744	27	hit	#4283C9
#4283C9	5	1.54647908947033	27	hit	#4283C9
#0D3A6B	6	0.591549430918953	27	miss	#0D3A6B
#4283C9	7	0.909859317102744	27	hit	#4283C9
#0D3A6B	8	0.485446135524357	27	miss	#0D3A6B
#4283C9	9	0.69765272631355	27	hit	#4283C9
#4283C9	10	0.909859317102744	27	hit	#4283C9
#0D3A6B	11	0.591549430918953	27	miss	#0D3A6B
#4283C9	12	0.750704374010849	27	hit	#4283C9
#0D3A6B	13	0.527887453682195	27	miss	#0D3A6B
#4283C9	14	0.655211408155712	27	hit	#4283C9
#0D3A6B	15	0.485446135524357	27	miss	#0D3A6B
#0D3A6B	16	0.36418522650196	27	miss	#0D3A6B
#0D3A6B	17	0.273239544735163	27	miss	#0D3A6B
#0D3A6B	18	0.202504014472098	27	miss	#0D3A6B
#4283C9	19	0.273239544735163	27	hit	#4283C9
#0D3A6B	20	0.209577567498405	27	miss	#0D3A6B
#0D3A6B	21	0.157490495213784	27	miss	#0D3A6B
#0D3A6B	22	0.114084601643267	27	miss	#0D3A6B
#0D3A6B	23	0.07735653785283	27	miss	#0D3A6B
#0D3A6B	24	0.0458753403181694	27	miss	#0D3A6B
#4283C9	25	0.091348181201568	27	hit	#4283C9
#0D3A6B	26	0.061032953945969	27	miss	#0D3A6B
#4283C9	27	0.103474272103808	27	hit	#4283C9
#4283C9	28	0.145915590261647	27	hit	#4283C9
#0D3A6B	2	0.363380227632419	28	miss	#0D3A6B
#4283C9	3	0.273239544735163	28	hit	#4283C9
#4283C9	4	0.909859317102744	28	hit	#4283C9
#4283C9	5	1.54647908947033	28	hit	#4283C9
#0D3A6B	6	0.591549430918953	28	miss	#0D3A6B
#4283C9	7	0.909859317102744	28	hit	#4283C9
#0D3A6B	8	0.485446135524357	28	miss	#0D3A6B
#4283C9	9	0.69765272631355	28	hit	#4283C9
#4283C9	10	0.909859317102744	28	hit	#4283C9
#0D3A6B	11	0.591549430918953	28	miss	#0D3A6B
#4283C9	12	0.750704374010849	28	hit	#4283C9
#0D3A6B	13	0.527887453682195	28	miss	#0D3A6B
#4283C9	14	0.655211408155712	28	hit	#4283C9
#0D3A6B	15	0.485446135524357	28	miss	#0D3A6B
#0D3A6B	16	0.36418522650196	28	miss	#0D3A6B
#0D3A6B	17	0.273239544735163	28	miss	#0D3A6B
#0D3A6B	18	0.202504014472098	28	miss	#0D3A6B
#4283C9	19	0.273239544735163	28	hit	#4283C9
#0D3A6B	20	0.209577567498405	28	miss	#0D3A6B
#0D3A6B	21	0.157490495213784	28	miss	#0D3A6B
#0D3A6B	22	0.114084601643267	28	miss	#0D3A6B
#0D3A6B	23	0.07735653785283	28	miss	#0D3A6B
#0D3A6B	24	0.0458753403181694	28	miss	#0D3A6B
#4283C9	25	0.091348181201568	28	hit	#4283C9
#0D3A6B	26	0.061032953945969	28	miss	#0D3A6B
#4283C9	27	0.103474272103808	28	hit	#4283C9
#4283C9	28	0.145915590261647	28	hit	#4283C9
#4283C9	29	0.188356908419485	28	hit	#4283C9
#0D3A6B	2	0.363380227632419	29	miss	#0D3A6B
#4283C9	3	0.273239544735163	29	hit	#4283C9
#4283C9	4	0.909859317102744	29	hit	#4283C9
#4283C9	5	1.54647908947033	29	hit	#4283C9
#0D3A6B	6	0.591549430918953	29	miss	#0D3A6B
#4283C9	7	0.909859317102744	29	hit	#4283C9
#0D3A6B	8	0.485446135524357	29	miss	#0D3A6B
#4283C9	9	0.69765272631355	29	hit	#4283C9
#4283C9	10	0.909859317102744	29	hit	#4283C9
#0D3A6B	11	0.591549430918953	29	miss	#0D3A6B
#4283C9	12	0.750704374010849	29	hit	#4283C9
#0D3A6B	13	0.527887453682195	29	miss	#0D3A6B
#4283C9	14	0.655211408155712	29	hit	#4283C9
#0D3A6B	15	0.485446135524357	29	miss	#0D3A6B
#0D3A6B	16	0.36418522650196	29	miss	#0D3A6B
#0D3A6B	17	0.273239544735163	29	miss	#0D3A6B
#0D3A6B	18	0.202504014472098	29	miss	#0D3A6B
#4283C9	19	0.273239544735163	29	hit	#4283C9
#0D3A6B	20	0.209577567498405	29	miss	#0D3A6B
#0D3A6B	21	0.157490495213784	29	miss	#0D3A6B
#0D3A6B	22	0.114084601643267	29	miss	#0D3A6B
#0D3A6B	23	0.07735653785283	29	miss	#0D3A6B
#0D3A6B	24	0.0458753403181694	29	miss	#0D3A6B
#4283C9	25	0.091348181201568	29	hit	#4283C9
#0D3A6B	26	0.061032953945969	29	miss	#0D3A6B
#4283C9	27	0.103474272103808	29	hit	#4283C9
#4283C9	28	0.145915590261647	29	hit	#4283C9
#4283C9	29	0.188356908419485	29	hit	#4283C9
#0D3A6B	30	0.153873337416241	29	miss	#0D3A6B
#0D3A6B	2	0.363380227632419	30	miss	#0D3A6B
#4283C9	3	0.273239544735163	30	hit	#4283C9
#4283C9	4	0.909859317102744	30	hit	#4283C9
#4283C9	5	1.54647908947033	30	hit	#4283C9
#0D3A6B	6	0.591549430918953	30	miss	#0D3A6B
#4283C9	7	0.909859317102744	30	hit	#4283C9
#0D3A6B	8	0.485446135524357	30	miss	#0D3A6B
#4283C9	9	0.69765272631355	30	hit	#4283C9
#4283C9	10	0.909859317102744	30	hit	#4283C9
#0D3A6B	11	0.591549430918953	30	miss	#0D3A6B
#4283C9	12	0.750704374010849	30	hit	#4283C9
#0D3A6B	13	0.527887453682195	30	miss	#0D3A6B
#4283C9	14	0.655211408155712	30	hit	#4283C9
#0D3A6B	15	0.485446135524357	30	miss	#0D3A6B
#0D3A6B	16	0.36418522650196	30	miss	#0D3A6B
#0D3A6B	17	0.273239544735163	30	miss	#0D3A6B
#0D3A6B	18	0.202504014472098	30	miss	#0D3A6B
#4283C9	19	0.273239544735163	30	hit	#4283C9
#0D3A6B	20	0.209577567498405	30	miss	#0D3A6B
#0D3A6B	21	0.157490495213784	30	miss	#0D3A6B
#0D3A6B	22	0.114084601643267	30	miss	#0D3A6B
#0D3A6B	23	0.07735653785283	30	miss	#0D3A6B
#0D3A6B	24	0.0458753403181694	30	miss	#0D3A6B
#4283C9	25	0.091348181201568	30	hit	#4283C9
#0D3A6B	26	0.061032953945969	30	miss	#0D3A6B
#4283C9	27	0.103474272103808	30	hit	#4283C9
#4283C9	28	0.145915590261647	30	hit	#4283C9
#4283C9	29	0.188356908419485	30	hit	#4283C9
#0D3A6B	30	0.153873337416241	30	miss	#0D3A6B
#4283C9	31	0.193662073189215	30	hit	#4283C9
#0D3A6B	2	0.363380227632419	31	miss	#0D3A6B
#4283C9	3	0.273239544735163	31	hit	#4283C9
#4283C9	4	0.909859317102744	31	hit	#4283C9
#4283C9	5	1.54647908947033	31	hit	#4283C9
#0D3A6B	6	0.591549430918953	31	miss	#0D3A6B
#4283C9	7	0.909859317102744	31	hit	#4283C9
#0D3A6B	8	0.485446135524357	31	miss	#0D3A6B
#4283C9	9	0.69765272631355	31	hit	#4283C9
#4283C9	10	0.909859317102744	31	hit	#4283C9
#0D3A6B	11	0.591549430918953	31	miss	#0D3A6B
#4283C9	12	0.750704374010849	31	hit	#4283C9
#0D3A6B	13	0.527887453682195	31	miss	#0D3A6B
#4283C9	14	0.655211408155712	31	hit	#4283C9
#0D3A6B	15	0.485446135524357	31	miss	#0D3A6B
#0D3A6B	16	0.36418522650196	31	miss	#0D3A6B
#0D3A6B	17	0.273239544735163	31	miss	#0D3A6B
#0D3A6B	18	0.202504014472098	31	miss	#0D3A6B
#4283C9	19	0.273239544735163	31	hit	#4283C9
#0D3A6B	20	0.209577567498405	31	miss	#0D3A6B
#0D3A6B	21	0.157490495213784	31	miss	#0D3A6B
#0D3A6B	22	0.114084601643267	31	miss	#0D3A6B
#0D3A6B	23	0.07735653785283	31	miss	#0D3A6B
#0D3A6B	24	0.0458753403181694	31	miss	#0D3A6B
#4283C9	25	0.091348181201568	31	hit	#4283C9
#0D3A6B	26	0.061032953945969	31	miss	#0D3A6B
#4283C9	27	0.103474272103808	31	hit	#4283C9
#4283C9	28	0.145915590261647	31	hit	#4283C9
#4283C9	29	0.188356908419485	31	hit	#4283C9
#0D3A6B	30	0.153873337416241	31	miss	#0D3A6B
#4283C9	31	0.193662073189215	31	hit	#4283C9
#0D3A6B	32	0.160894879023237	31	miss	#0D3A6B
#0D3A6B	2	0.363380227632419	32	miss	#0D3A6B
#4283C9	3	0.273239544735163	32	hit	#4283C9
#4283C9	4	0.909859317102744	32	hit	#4283C9
#4283C9	5	1.54647908947033	32	hit	#4283C9
#0D3A6B	6	0.591549430918953	32	miss	#0D3A6B
#4283C9	7	0.909859317102744	32	hit	#4283C9
#0D3A6B	8	0.485446135524357	32	miss	#0D3A6B
#4283C9	9	0.69765272631355	32	hit	#4283C9
#4283C9	10	0.909859317102744	32	hit	#4283C9
#0D3A6B	11	0.591549430918953	32	miss	#0D3A6B
#4283C9	12	0.750704374010849	32	hit	#4283C9
#0D3A6B	13	0.527887453682195	32	miss	#0D3A6B
#4283C9	14	0.655211408155712	32	hit	#4283C9
#0D3A6B	15	0.485446135524357	32	miss	#0D3A6B
#0D3A6B	16	0.36418522650196	32	miss	#0D3A6B
#0D3A6B	17	0.273239544735163	32	miss	#0D3A6B
#0D3A6B	18	0.202504014472098	32	miss	#0D3A6B
#4283C9	19	0.273239544735163	32	hit	#4283C9
#0D3A6B	20	0.209577567498405	32	miss	#0D3A6B
#0D3A6B	21	0.157490495213784	32	miss	#0D3A6B
#0D3A6B	22	0.114084601643267	32	miss	#0D3A6B
#0D3A6B	23	0.07735653785283	32	miss	#0D3A6B
#0D3A6B	24	0.0458753403181694	32	miss	#0D3A6B
#4283C9	25	0.091348181201568	32	hit	#4283C9
#0D3A6B	26	0.061032953945969	32	miss	#0D3A6B
#4283C9	27	0.103474272103808	32	hit	#4283C9
#4283C9	28	0.145915590261647	32	hit	#4283C9
#4283C9	29	0.188356908419485	32	hit	#4283C9
#0D3A6B	30	0.153873337416241	32	miss	#0D3A6B
#4283C9	31	0.193662073189215	32	hit	#4283C9
#0D3A6B	32	0.160894879023237	32	miss	#0D3A6B
#0D3A6B	33	0.131768484209033	32	miss	#0D3A6B
#0D3A6B	2	0.363380227632419	33	miss	#0D3A6B
#4283C9	3	0.273239544735163	33	hit	#4283C9
#4283C9	4	0.909859317102744	33	hit	#4283C9
#4283C9	5	1.54647908947033	33	hit	#4283C9
#0D3A6B	6	0.591549430918953	33	miss	#0D3A6B
#4283C9	7	0.909859317102744	33	hit	#4283C9
#0D3A6B	8	0.485446135524357	33	miss	#0D3A6B
#4283C9	9	0.69765272631355	33	hit	#4283C9
#4283C9	10	0.909859317102744	33	hit	#4283C9
#0D3A6B	11	0.591549430918953	33	miss	#0D3A6B
#4283C9	12	0.750704374010849	33	hit	#4283C9
#0D3A6B	13	0.527887453682195	33	miss	#0D3A6B
#4283C9	14	0.655211408155712	33	hit	#4283C9
#0D3A6B	15	0.485446135524357	33	miss	#0D3A6B
#0D3A6B	16	0.36418522650196	33	miss	#0D3A6B
#0D3A6B	17	0.273239544735163	33	miss	#0D3A6B
#0D3A6B	18	0.202504014472098	33	miss	#0D3A6B
#4283C9	19	0.273239544735163	33	hit	#4283C9
#0D3A6B	20	0.209577567498405	33	miss	#0D3A6B
#0D3A6B	21	0.157490495213784	33	miss	#0D3A6B
#0D3A6B	22	0.114084601643267	33	miss	#0D3A6B
#0D3A6B	23	0.07735653785283	33	miss	#0D3A6B
#0D3A6B	24	0.0458753403181694	33	miss	#0D3A6B
#4283C9	25	0.091348181201568	33	hit	#4283C9
#0D3A6B	26	0.061032953945969	33	miss	#0D3A6B
#4283C9	27	0.103474272103808	33	hit	#4283C9
#4283C9	28	0.145915590261647	33	hit	#4283C9
#4283C9	29	0.188356908419485	33	hit	#4283C9
#0D3A6B	30	0.153873337416241	33	miss	#0D3A6B
#4283C9	31	0.193662073189215	33	hit	#4283C9
#0D3A6B	32	0.160894879023237	33	miss	#0D3A6B
#0D3A6B	33	0.131768484209033	33	miss	#0D3A6B
#4283C9	34	0.167136249340566	33	hit	#4283C9
#0D3A6B	2	0.363380227632419	34	miss	#0D3A6B
#4283C9	3	0.273239544735163	34	hit	#4283C9
#4283C9	4	0.909859317102744	34	hit	#4283C9
#4283C9	5	1.54647908947033	34	hit	#4283C9
#0D3A6B	6	0.591549430918953	34	miss	#0D3A6B
#4283C9	7	0.909859317102744	34	hit	#4283C9
#0D3A6B	8	0.485446135524357	34	miss	#0D3A6B
#4283C9	9	0.69765272631355	34	hit	#4283C9
#4283C9	10	0.909859317102744	34	hit	#4283C9
#0D3A6B	11	0.591549430918953	34	miss	#0D3A6B
#4283C9	12	0.750704374010849	34	hit	#4283C9
#0D3A6B	13	0.527887453682195	34	miss	#0D3A6B
#4283C9	14	0.655211408155712	34	hit	#4283C9
#0D3A6B	15	0.485446135524357	34	miss	#0D3A6B
#0D3A6B	16	0.36418522650196	34	miss	#0D3A6B
#0D3A6B	17	0.273239544735163	34	miss	#0D3A6B
#0D3A6B	18	0.202504014472098	34	miss	#0D3A6B
#4283C9	19	0.273239544735163	34	hit	#4283C9
#0D3A6B	20	0.209577567498405	34	miss	#0D3A6B
#0D3A6B	21	0.157490495213784	34	miss	#0D3A6B
#0D3A6B	22	0.114084601643267	34	miss	#0D3A6B
#0D3A6B	23	0.07735653785283	34	miss	#0D3A6B
#0D3A6B	24	0.0458753403181694	34	miss	#0D3A6B
#4283C9	25	0.091348181201568	34	hit	#4283C9
#0D3A6B	26	0.061032953945969	34	miss	#0D3A6B
#4283C9	27	0.103474272103808	34	hit	#4283C9
#4283C9	28	0.145915590261647	34	hit	#4283C9
#4283C9	29	0.188356908419485	34	hit	#4283C9
#0D3A6B	30	0.153873337416241	34	miss	#0D3A6B
#4283C9	31	0.193662073189215	34	hit	#4283C9
#0D3A6B	32	0.160894879023237	34	miss	#0D3A6B
#0D3A6B	33	0.131768484209033	34	miss	#0D3A6B
#4283C9	34	0.167136249340566	34	hit	#4283C9
#0D3A6B	35	0.139214329499882	34	miss	#0D3A6B
#0D3A6B	2	0.363380227632419	35	miss	#0D3A6B
#4283C9	3	0.273239544735163	35	hit	#4283C9
#4283C9	4	0.909859317102744	35	hit	#4283C9
#4283C9	5	1.54647908947033	35	hit	#4283C9
#0D3A6B	6	0.591549430918953	35	miss	#0D3A6B
#4283C9	7	0.909859317102744	35	hit	#4283C9
#0D3A6B	8	0.485446135524357	35	miss	#0D3A6B
#4283C9	9	0.69765272631355	35	hit	#4283C9
#4283C9	10	0.909859317102744	35	hit	#4283C9
#0D3A6B	11	0.591549430918953	35	miss	#0D3A6B
#4283C9	12	0.750704374010849	35	hit	#4283C9
#0D3A6B	13	0.527887453682195	35	miss	#0D3A6B
#4283C9	14	0.655211408155712	35	hit	#4283C9
#0D3A6B	15	0.485446135524357	35	miss	#0D3A6B
#0D3A6B	16	0.36418522650196	35	miss	#0D3A6B
#0D3A6B	17	0.273239544735163	35	miss	#0D3A6B
#0D3A6B	18	0.202504014472098	35	miss	#0D3A6B
#4283C9	19	0.273239544735163	35	hit	#4283C9
#0D3A6B	20	0.209577567498405	35	miss	#0D3A6B
#0D3A6B	21	0.157490495213784	35	miss	#0D3A6B
#0D3A6B	22	0.114084601643267	35	miss	#0D3A6B
#0D3A6B	23	0.07735653785283	35	miss	#0D3A6B
#0D3A6B	24	0.0458753403181694	35	miss	#0D3A6B
#4283C9	25	0.091348181201568	35	hit	#4283C9
#0D3A6B	26	0.061032953945969	35	miss	#0D3A6B
#4283C9	27	0.103474272103808	35	hit	#4283C9
#4283C9	28	0.145915590261647	35	hit	#4283C9
#4283C9	29	0.188356908419485	35	hit	#4283C9
#0D3A6B	30	0.153873337416241	35	miss	#0D3A6B
#4283C9	31	0.193662073189215	35	hit	#4283C9
#0D3A6B	32	0.160894879023237	35	miss	#0D3A6B
#0D3A6B	33	0.131768484209033	35	miss	#0D3A6B
#4283C9	34	0.167136249340566	35	hit	#4283C9
#0D3A6B	35	0.139214329499882	35	miss	#0D3A6B
#0D3A6B	36	0.114084601643267	35	miss	#0D3A6B
#0D3A6B	2	0.363380227632419	36	miss	#0D3A6B
#4283C9	3	0.273239544735163	36	hit	#4283C9
#4283C9	4	0.909859317102744	36	hit	#4283C9
#4283C9	5	1.54647908947033	36	hit	#4283C9
#0D3A6B	6	0.591549430918953	36	miss	#0D3A6B
#4283C9	7	0.909859317102744	36	hit	#4283C9
#0D3A6B	8	0.485446135524357	36	miss	#0D3A6B
#4283C9	9	0.69765272631355	36	hit	#4283C9
#4283C9	10	0.909859317102744	36	hit	#4283C9
#0D3A6B	11	0.591549430918953	36	miss	#0D3A6B
#4283C9	12	0.750704374010849	36	hit	#4283C9
#0D3A6B	13	0.527887453682195	36	miss	#0D3A6B
#4283C9	14	0.655211408155712	36	hit	#4283C9
#0D3A6B	15	0.485446135524357	36	miss	#0D3A6B
#0D3A6B	16	0.36418522650196	36	miss	#0D3A6B
#0D3A6B	17	0.273239544735163	36	miss	#0D3A6B
#0D3A6B	18	0.202504014472098	36	miss	#0D3A6B
#4283C9	19	0.273239544735163	36	hit	#4283C9
#0D3A6B	20	0.209577567498405	36	miss	#0D3A6B
#0D3A6B	21	0.157490495213784	36	miss	#0D3A6B
#0D3A6B	22	0.114084601643267	36	miss	#0D3A6B
#0D3A6B	23	0.07735653785283	36	miss	#0D3A6B
#0D3A6B	24	0.0458753403181694	36	miss	#0D3A6B
#4283C9	25	0.091348181201568	36	hit	#4283C9
#0D3A6B	26	0.061032953945969	36	miss	#0D3A6B
#4283C9	27	0.103474272103808	36	hit	#4283C9
#4283C9	28	0.145915590261647	36	hit	#4283C9
#4283C9	29	0.188356908419485	36	hit	#4283C9
#0D3A6B	30	0.153873337416241	36	miss	#0D3A6B
#4283C9	31	0.193662073189215	36	hit	#4283C9
#0D3A6B	32	0.160894879023237	36	miss	#0D3A6B
#0D3A6B	33	0.131768484209033	36	miss	#0D3A6B
#4283C9	34	0.167136249340566	36	hit	#4283C9
#0D3A6B	35	0.139214329499882	36	miss	#0D3A6B
#0D3A6B	36	0.114084601643267	36	miss	#0D3A6B
#0D3A6B	37	0.091348181201568	36	miss	#0D3A6B
#0D3A6B	2	0.363380227632419	37	miss	#0D3A6B
#4283C9	3	0.273239544735163	37	hit	#4283C9
#4283C9	4	0.909859317102744	37	hit	#4283C9
#4283C9	5	1.54647908947033	37	hit	#4283C9
#0D3A6B	6	0.591549430918953	37	miss	#0D3A6B
#4283C9	7	0.909859317102744	37	hit	#4283C9
#0D3A6B	8	0.485446135524357	37	miss	#0D3A6B
#4283C9	9	0.69765272631355	37	hit	#4283C9
#4283C9	10	0.909859317102744	37	hit	#4283C9
#0D3A6B	11	0.591549430918953	37	miss	#0D3A6B
#4283C9	12	0.750704374010849	37	hit	#4283C9
#0D3A6B	13	0.527887453682195	37	miss	#0D3A6B
#4283C9	14	0.655211408155712	37	hit	#4283C9
#0D3A6B	15	0.485446135524357	37	miss	#0D3A6B
#0D3A6B	16	0.36418522650196	37	miss	#0D3A6B
#0D3A6B	17	0.273239544735163	37	miss	#0D3A6B
#0D3A6B	18	0.202504014472098	37	miss	#0D3A6B
#4283C9	19	0.273239544735163	37	hit	#4283C9
#0D3A6B	20	0.209577567498405	37	miss	#0D3A6B
#0D3A6B	21	0.157490495213784	37	miss	#0D3A6B
#0D3A6B	22	0.114084601643267	37	miss	#0D3A6B
#0D3A6B	23	0.07735653785283	37	miss	#0D3A6B
#0D3A6B	24	0.0458753403181694	37	miss	#0D3A6B
#4283C9	25	0.091348181201568	37	hit	#4283C9
#0D3A6B	26	0.061032953945969	37	miss	#0D3A6B
#4283C9	27	0.103474272103808	37	hit	#4283C9
#4283C9	28	0.145915590261647	37	hit	#4283C9
#4283C9	29	0.188356908419485	37	hit	#4283C9
#0D3A6B	30	0.153873337416241	37	miss	#0D3A6B
#4283C9	31	0.193662073189215	37	hit	#4283C9
#0D3A6B	32	0.160894879023237	37	miss	#0D3A6B
#0D3A6B	33	0.131768484209033	37	miss	#0D3A6B
#4283C9	34	0.167136249340566	37	hit	#4283C9
#0D3A6B	35	0.139214329499882	37	miss	#0D3A6B
#0D3A6B	36	0.114084601643267	37	miss	#0D3A6B
#0D3A6B	37	0.091348181201568	37	miss	#0D3A6B
#4283C9	38	0.121663408457167	37	hit	#4283C9
#0D3A6B	2	0.363380227632419	38	miss	#0D3A6B
#4283C9	3	0.273239544735163	38	hit	#4283C9
#4283C9	4	0.909859317102744	38	hit	#4283C9
#4283C9	5	1.54647908947033	38	hit	#4283C9
#0D3A6B	6	0.591549430918953	38	miss	#0D3A6B
#4283C9	7	0.909859317102744	38	hit	#4283C9
#0D3A6B	8	0.485446135524357	38	miss	#0D3A6B
#4283C9	9	0.69765272631355	38	hit	#4283C9
#4283C9	10	0.909859317102744	38	hit	#4283C9
#0D3A6B	11	0.591549430918953	38	miss	#0D3A6B
#4283C9	12	0.750704374010849	38	hit	#4283C9
#0D3A6B	13	0.527887453682195	38	miss	#0D3A6B
#4283C9	14	0.655211408155712	38	hit	#4283C9
#0D3A6B	15	0.485446135524357	38	miss	#0D3A6B
#0D3A6B	16	0.36418522650196	38	miss	#0D3A6B
#0D3A6B	17	0.273239544735163	38	miss	#0D3A6B
#0D3A6B	18	0.202504014472098	38	miss	#0D3A6B
#4283C9	19	0.273239544735163	38	hit	#4283C9
#0D3A6B	20	0.209577567498405	38	miss	#0D3A6B
#0D3A6B	21	0.157490495213784	38	miss	#0D3A6B
#0D3A6B	22	0.114084601643267	38	miss	#0D3A6B
#0D3A6B	23	0.07735653785283	38	miss	#0D3A6B
#0D3A6B	24	0.0458753403181694	38	miss	#0D3A6B
#4283C9	25	0.091348181201568	38	hit	#4283C9
#0D3A6B	26	0.061032953945969	38	miss	#0D3A6B
#4283C9	27	0.103474272103808	38	hit	#4283C9
#4283C9	28	0.145915590261647	38	hit	#4283C9
#4283C9	29	0.188356908419485	38	hit	#4283C9
#0D3A6B	30	0.153873337416241	38	miss	#0D3A6B
#4283C9	31	0.193662073189215	38	hit	#4283C9
#0D3A6B	32	0.160894879023237	38	miss	#0D3A6B
#0D3A6B	33	0.131768484209033	38	miss	#0D3A6B
#4283C9	34	0.167136249340566	38	hit	#4283C9
#0D3A6B	35	0.139214329499882	38	miss	#0D3A6B
#0D3A6B	36	0.114084601643267	38	miss	#0D3A6B
#0D3A6B	37	0.091348181201568	38	miss	#0D3A6B
#4283C9	38	0.121663408457167	38	hit	#4283C9
#4283C9	39	0.151978635712766	38	hit	#4283C9
#0D3A6B	2	0.363380227632419	39	miss	#0D3A6B
#4283C9	3	0.273239544735163	39	hit	#4283C9
#4283C9	4	0.909859317102744	39	hit	#4283C9
#4283C9	5	1.54647908947033	39	hit	#4283C9
#0D3A6B	6	0.591549430918953	39	miss	#0D3A6B
#4283C9	7	0.909859317102744	39	hit	#4283C9
#0D3A6B	8	0.485446135524357	39	miss	#0D3A6B
#4283C9	9	0.69765272631355	39	hit	#4283C9
#4283C9	10	0.909859317102744	39	hit	#4283C9
#0D3A6B	11	0.591549430918953	39	miss	#0D3A6B
#4283C9	12	0.750704374010849	39	hit	#4283C9
#0D3A6B	13	0.527887453682195	39	miss	#0D3A6B
#4283C9	14	0.655211408155712	39	hit	#4283C9
#0D3A6B	15	0.485446135524357	39	miss	#0D3A6B
#0D3A6B	16	0.36418522650196	39	miss	#0D3A6B
#0D3A6B	17	0.273239544735163	39	miss	#0D3A6B
#0D3A6B	18	0.202504014472098	39	miss	#0D3A6B
#4283C9	19	0.273239544735163	39	hit	#4283C9
#0D3A6B	20	0.209577567498405	39	miss	#0D3A6B
#0D3A6B	21	0.157490495213784	39	miss	#0D3A6B
#0D3A6B	22	0.114084601643267	39	miss	#0D3A6B
#0D3A6B	23	0.07735653785283	39	miss	#0D3A6B
#0D3A6B	24	0.0458753403181694	39	miss	#0D3A6B
#4283C9	25	0.091348181201568	39	hit	#4283C9
#0D3A6B	26	0.061032953945969	39	miss	#0D3A6B
#4283C9	27	0.103474272103808	39	hit	#4283C9
#4283C9	28	0.145915590261647	39	hit	#4283C9
#4283C9	29	0.188356908419485	39	hit	#4283C9
#0D3A6B	30	0.153873337416241	39	miss	#0D3A6B
#4283C9	31	0.193662073189215	39	hit	#4283C9
#0D3A6B	32	0.160894879023237	39	miss	#0D3A6B
#0D3A6B	33	0.131768484209033	39	miss	#0D3A6B
#4283C9	34	0.167136249340566	39	hit	#4283C9
#0D3A6B	35	0.139214329499882	39	miss	#0D3A6B
#0D3A6B	36	0.114084601643267	39	miss	#0D3A6B
#0D3A6B	37	0.091348181201568	39	miss	#0D3A6B
#4283C9	38	0.121663408457167	39	hit	#4283C9
#4283C9	39	0.151978635712766	39	hit	#4283C9
#0D3A6B	40	0.12855323283344	39	miss	#0D3A6B
#0D3A6B	2	0.363380227632419	40	miss	#0D3A6B
#4283C9	3	0.273239544735163	40	hit	#4283C9
#4283C9	4	0.909859317102744	40	hit	#4283C9
#4283C9	5	1.54647908947033	40	hit	#4283C9
#0D3A6B	6	0.591549430918953	40	miss	#0D3A6B
#4283C9	7	0.909859317102744	40	hit	#4283C9
#0D3A6B	8	0.485446135524357	40	miss	#0D3A6B
#4283C9	9	0.69765272631355	40	hit	#4283C9
#4283C9	10	0.909859317102744	40	hit	#4283C9
#0D3A6B	11	0.591549430918953	40	miss	#0D3A6B
#4283C9	12	0.750704374010849	40	hit	#4283C9
#0D3A6B	13	0.527887453682195	40	miss	#0D3A6B
#4283C9	14	0.655211408155712	40	hit	#4283C9
#0D3A6B	15	0.485446135524357	40	miss	#0D3A6B
#0D3A6B	16	0.36418522650196	40	miss	#0D3A6B
#0D3A6B	17	0.273239544735163	40	miss	#0D3A6B
#0D3A6B	18	0.202504014472098	40	miss	#0D3A6B
#4283C9	19	0.273239544735163	40	hit	#4283C9
#0D3A6B	20	0.209577567498405	40	miss	#0D3A6B
#0D3A6B	21	0.157490495213784	40	miss	#0D3A6B
#0D3A6B	22	0.114084601643267	40	miss	#0D3A6B
#0D3A6B	23	0.07735653785283	40	miss	#0D3A6B
#0D3A6B	24	0.0458753403181694	40	miss	#0D3A6B
#4283C9	25	0.091348181201568	40	hit	#4283C9
#0D3A6B	26	0.061032953945969	40	miss	#0D3A6B
#4283C9	27	0.103474272103808	40	hit	#4283C9
#4283C9	28	0.145915590261647	40	hit	#4283C9
#4283C9	29	0.188356908419485	40	hit	#4283C9
#0D3A6B	30	0.153873337416241	40	miss	#0D3A6B
#4283C9	31	0.193662073189215	40	hit	#4283C9
#0D3A6B	32	0.160894879023237	40	miss	#0D3A6B
#0D3A6B	33	0.131768484209033	40	miss	#0D3A6B
#4283C9	34	0.167136249340566	40	hit	#4283C9
#0D3A6B	35	0.139214329499882	40	miss	#0D3A6B
#0D3A6B	36	0.114084601643267	40	miss	#0D3A6B
#0D3A6B	37	0.091348181201568	40	miss	#0D3A6B
#4283C9	38	0.121663408457167	40	hit	#4283C9
#4283C9	39	0.151978635712766	40	hit	#4283C9
#0D3A6B	40	0.12855323283344	40	miss	#0D3A6B
#0D3A6B	41	0.107164821508837	40	miss	#0D3A6B
#0D3A6B	2	0.363380227632419	41	miss	#0D3A6B
#4283C9	3	0.273239544735163	41	hit	#4283C9
#4283C9	4	0.909859317102744	41	hit	#4283C9
#4283C9	5	1.54647908947033	41	hit	#4283C9
#0D3A6B	6	0.591549430918953	41	miss	#0D3A6B
#4283C9	7	0.909859317102744	41	hit	#4283C9
#0D3A6B	8	0.485446135524357	41	miss	#0D3A6B
#4283C9	9	0.69765272631355	41	hit	#4283C9
#4283C9	10	0.909859317102744	41	hit	#4283C9
#0D3A6B	11	0.591549430918953	41	miss	#0D3A6B
#4283C9	12	0.750704374010849	41	hit	#4283C9
#0D3A6B	13	0.527887453682195	41	miss	#0D3A6B
#4283C9	14	0.655211408155712	41	hit	#4283C9
#0D3A6B	15	0.485446135524357	41	miss	#0D3A6B
#0D3A6B	16	0.36418522650196	41	miss	#0D3A6B
#0D3A6B	17	0.273239544735163	41	miss	#0D3A6B
#0D3A6B	18	0.202504014472098	41	miss	#0D3A6B
#4283C9	19	0.273239544735163	41	hit	#4283C9
#0D3A6B	20	0.209577567498405	41	miss	#0D3A6B
#0D3A6B	21	0.157490495213784	41	miss	#0D3A6B
#0D3A6B	22	0.114084601643267	41	miss	#0D3A6B
#0D3A6B	23	0.07735653785283	41	miss	#0D3A6B
#0D3A6B	24	0.0458753403181694	41	miss	#0D3A6B
#4283C9	25	0.091348181201568	41	hit	#4283C9
#0D3A6B	26	0.061032953945969	41	miss	#0D3A6B
#4283C9	27	0.103474272103808	41	hit	#4283C9
#4283C9	28	0.145915590261647	41	hit	#4283C9
#4283C9	29	0.188356908419485	41	hit	#4283C9
#0D3A6B	30	0.153873337416241	41	miss	#0D3A6B
#4283C9	31	0.193662073189215	41	hit	#4283C9
#0D3A6B	32	0.160894879023237	41	miss	#0D3A6B
#0D3A6B	33	0.131768484209033	41	miss	#0D3A6B
#4283C9	34	0.167136249340566	41	hit	#4283C9
#0D3A6B	35	0.139214329499882	41	miss	#0D3A6B
#0D3A6B	36	0.114084601643267	41	miss	#0D3A6B
#0D3A6B	37	0.091348181201568	41	miss	#0D3A6B
#4283C9	38	0.121663408457167	41	hit	#4283C9
#4283C9	39	0.151978635712766	41	hit	#4283C9
#0D3A6B	40	0.12855323283344	41	miss	#0D3A6B
#0D3A6B	41	0.107164821508837	41	miss	#0D3A6B
#4283C9	42	0.134843942046558	41	hit	#4283C9
#0D3A6B	2	0.363380227632419	42	miss	#0D3A6B
#4283C9	3	0.273239544735163	42	hit	#4283C9
#4283C9	4	0.909859317102744	42	hit	#4283C9
#4283C9	5	1.54647908947033	42	hit	#4283C9
#0D3A6B	6	0.591549430918953	42	miss	#0D3A6B
#4283C9	7	0.909859317102744	42	hit	#4283C9
#0D3A6B	8	0.485446135524357	42	miss	#0D3A6B
#4283C9	9	0.69765272631355	42	hit	#4283C9
#4283C9	10	0.909859317102744	42	hit	#4283C9
#0D3A6B	11	0.591549430918953	42	miss	#0D3A6B
#4283C9	12	0.750704374010849	42	hit	#4283C9
#0D3A6B	13	0.527887453682195	42	miss	#0D3A6B
#4283C9	14	0.655211408155712	42	hit	#4283C9
#0D3A6B	15	0.485446135524357	42	miss	#0D3A6B
#0D3A6B	16	0.36418522650196	42	miss	#0D3A6B
#0D3A6B	17	0.273239544735163	42	miss	#0D3A6B
#0D3A6B	18	0.202504014472098	42	miss	#0D3A6B
#4283C9	19	0.273239544735163	42	hit	#4283C9
#0D3A6B	20	0.209577567498405	42	miss	#0D3A6B
#0D3A6B	21	0.157490495213784	42	miss	#0D3A6B
#0D3A6B	22	0.114084601643267	42	miss	#0D3A6B
#0D3A6B	23	0.07735653785283	42	miss	#0D3A6B
#0D3A6B	24	0.0458753403181694	42	miss	#0D3A6B
#4283C9	25	0.091348181201568	42	hit	#4283C9
#0D3A6B	26	0.061032953945969	42	miss	#0D3A6B
#4283C9	27	0.103474272103808	42	hit	#4283C9
#4283C9	28	0.145915590261647	42	hit	#4283C9
#4283C9	29	0.188356908419485	42	hit	#4283C9
#0D3A6B	30	0.153873337416241	42	miss	#0D3A6B
#4283C9	31	0.193662073189215	42	hit	#4283C9
#0D3A6B	32	0.160894879023237	42	miss	#0D3A6B
#0D3A6B	33	0.131768484209033	42	miss	#0D3A6B
#4283C9	34	0.167136249340566	42	hit	#4283C9
#0D3A6B	35	0.139214329499882	42	miss	#0D3A6B
#0D3A6B	36	0.114084601643267	42	miss	#0D3A6B
#0D3A6B	37	0.091348181201568	42	miss	#0D3A6B
#4283C9	38	0.121663408457167	42	hit	#4283C9
#4283C9	39	0.151978635712766	42	hit	#4283C9
#0D3A6B	40	0.12855323283344	42	miss	#0D3A6B
#0D3A6B	41	0.107164821508837	42	miss	#0D3A6B
#4283C9	42	0.134843942046558	42	hit	#4283C9
#4283C9	43	0.162523062584279	42	hit	#4283C9
#0D3A6B	2	0.363380227632419	43	miss	#0D3A6B
#4283C9	3	0.273239544735163	43	hit	#4283C9
#4283C9	4	0.909859317102744	43	hit	#4283C9
#4283C9	5	1.54647908947033	43	hit	#4283C9
#0D3A6B	6	0.591549430918953	43	miss	#0D3A6B
#4283C9	7	0.909859317102744	43	hit	#4283C9
#0D3A6B	8	0.485446135524357	43	miss	#0D3A6B
#4283C9	9	0.69765272631355	43	hit	#4283C9
#4283C9	10	0.909859317102744	43	hit	#4283C9
#0D3A6B	11	0.591549430918953	43	miss	#0D3A6B
#4283C9	12	0.750704374010849	43	hit	#4283C9
#0D3A6B	13	0.527887453682195	43	miss	#0D3A6B
#4283C9	14	0.655211408155712	43	hit	#4283C9
#0D3A6B	15	0.485446135524357	43	miss	#0D3A6B
#0D3A6B	16	0.36418522650196	43	miss	#0D3A6B
#0D3A6B	17	0.273239544735163	43	miss	#0D3A6B
#0D3A6B	18	0.202504014472098	43	miss	#0D3A6B
#4283C9	19	0.273239544735163	43	hit	#4283C9
#0D3A6B	20	0.209577567498405	43	miss	#0D3A6B
#0D3A6B	21	0.157490495213784	43	miss	#0D3A6B
#0D3A6B	22	0.114084601643267	43	miss	#0D3A6B
#0D3A6B	23	0.07735653785283	43	miss	#0D3A6B
#0D3A6B	24	0.0458753403181694	43	miss	#0D3A6B
#4283C9	25	0.091348181201568	43	hit	#4283C9
#0D3A6B	26	0.061032953945969	43	miss	#0D3A6B
#4283C9	27	0.103474272103808	43	hit	#4283C9
#4283C9	28	0.145915590261647	43	hit	#4283C9
#4283C9	29	0.188356908419485	43	hit	#4283C9
#0D3A6B	30	0.153873337416241	43	miss	#0D3A6B
#4283C9	31	0.193662073189215	43	hit	#4283C9
#0D3A6B	32	0.160894879023237	43	miss	#0D3A6B
#0D3A6B	33	0.131768484209033	43	miss	#0D3A6B
#4283C9	34	0.167136249340566	43	hit	#4283C9
#0D3A6B	35	0.139214329499882	43	miss	#0D3A6B
#0D3A6B	36	0.114084601643267	43	miss	#0D3A6B
#0D3A6B	37	0.091348181201568	43	miss	#0D3A6B
#4283C9	38	0.121663408457167	43	hit	#4283C9
#4283C9	39	0.151978635712766	43	hit	#4283C9
#0D3A6B	40	0.12855323283344	43	miss	#0D3A6B
#0D3A6B	41	0.107164821508837	43	miss	#0D3A6B
#4283C9	42	0.134843942046558	43	hit	#4283C9
#4283C9	43	0.162523062584279	43	hit	#4283C9
#0D3A6B	44	0.140610425491917	43	miss	#0D3A6B
#0D3A6B	2	0.363380227632419	44	miss	#0D3A6B
#4283C9	3	0.273239544735163	44	hit	#4283C9
#4283C9	4	0.909859317102744	44	hit	#4283C9
#4283C9	5	1.54647908947033	44	hit	#4283C9
#0D3A6B	6	0.591549430918953	44	miss	#0D3A6B
#4283C9	7	0.909859317102744	44	hit	#4283C9
#0D3A6B	8	0.485446135524357	44	miss	#0D3A6B
#4283C9	9	0.69765272631355	44	hit	#4283C9
#4283C9	10	0.909859317102744	44	hit	#4283C9
#0D3A6B	11	0.591549430918953	44	miss	#0D3A6B
#4283C9	12	0.750704374010849	44	hit	#4283C9
#0D3A6B	13	0.527887453682195	44	miss	#0D3A6B
#4283C9	14	0.655211408155712	44	hit	#4283C9
#0D3A6B	15	0.485446135524357	44	miss	#0D3A6B
#0D3A6B	16	0.36418522650196	44	miss	#0D3A6B
#0D3A6B	17	0.273239544735163	44	miss	#0D3A6B
#0D3A6B	18	0.202504014472098	44	miss	#0D3A6B
#4283C9	19	0.273239544735163	44	hit	#4283C9
#0D3A6B	20	0.209577567498405	44	miss	#0D3A6B
#0D3A6B	21	0.157490495213784	44	miss	#0D3A6B
#0D3A6B	22	0.114084601643267	44	miss	#0D3A6B
#0D3A6B	23	0.07735653785283	44	miss	#0D3A6B
#0D3A6B	24	0.0458753403181694	44	miss	#0D3A6B
#4283C9	25	0.091348181201568	44	hit	#4283C9
#0D3A6B	26	0.061032953945969	44	miss	#0D3A6B
#4283C9	27	0.103474272103808	44	hit	#4283C9
#4283C9	28	0.145915590261647	44	hit	#4283C9
#4283C9	29	0.188356908419485	44	hit	#4283C9
#0D3A6B	30	0.153873337416241	44	miss	#0D3A6B
#4283C9	31	0.193662073189215	44	hit	#4283C9
#0D3A6B	32	0.160894879023237	44	miss	#0D3A6B
#0D3A6B	33	0.131768484209033	44	miss	#0D3A6B
#4283C9	34	0.167136249340566	44	hit	#4283C9
#0D3A6B	35	0.139214329499882	44	miss	#0D3A6B
#0D3A6B	36	0.114084601643267	44	miss	#0D3A6B
#0D3A6B	37	0.091348181201568	44	miss	#0D3A6B
#4283C9	38	0.121663408457167	44	hit	#4283C9
#4283C9	39	0.151978635712766	44	hit	#4283C9
#0D3A6B	40	0.12855323283344	44	miss	#0D3A6B
#0D3A6B	41	0.107164821508837	44	miss	#0D3A6B
#4283C9	42	0.134843942046558	44	hit	#4283C9
#4283C9	43	0.162523062584279	44	hit	#4283C9
#0D3A6B	44	0.140610425491917	44	miss	#0D3A6B
#4283C9	45	0.167136249340566	44	hit	#4283C9
#0D3A6B	2	0.363380227632419	45	miss	#0D3A6B
#4283C9	3	0.273239544735163	45	hit	#4283C9
#4283C9	4	0.909859317102744	45	hit	#4283C9
#4283C9	5	1.54647908947033	45	hit	#4283C9
#0D3A6B	6	0.591549430918953	45	miss	#0D3A6B
#4283C9	7	0.909859317102744	45	hit	#4283C9
#0D3A6B	8	0.485446135524357	45	miss	#0D3A6B
#4283C9	9	0.69765272631355	45	hit	#4283C9
#4283C9	10	0.909859317102744	45	hit	#4283C9
#0D3A6B	11	0.591549430918953	45	miss	#0D3A6B
#4283C9	12	0.750704374010849	45	hit	#4283C9
#0D3A6B	13	0.527887453682195	45	miss	#0D3A6B
#4283C9	14	0.655211408155712	45	hit	#4283C9
#0D3A6B	15	0.485446135524357	45	miss	#0D3A6B
#0D3A6B	16	0.36418522650196	45	miss	#0D3A6B
#0D3A6B	17	0.273239544735163	45	miss	#0D3A6B
#0D3A6B	18	0.202504014472098	45	miss	#0D3A6B
#4283C9	19	0.273239544735163	45	hit	#4283C9
#0D3A6B	20	0.209577567498405	45	miss	#0D3A6B
#0D3A6B	21	0.157490495213784	45	miss	#0D3A6B
#0D3A6B	22	0.114084601643267	45	miss	#0D3A6B
#0D3A6B	23	0.07735653785283	45	miss	#0D3A6B
#0D3A6B	24	0.0458753403181694	45	miss	#0D3A6B
#4283C9	25	0.091348181201568	45	hit	#4283C9
#0D3A6B	26	0.061032953945969	45	miss	#0D3A6B
#4283C9	27	0.103474272103808	45	hit	#4283C9
#4283C9	28	0.145915590261647	45	hit	#4283C9
#4283C9	29	0.188356908419485	45	hit	#4283C9
#0D3A6B	30	0.153873337416241	45	miss	#0D3A6B
#4283C9	31	0.193662073189215	45	hit	#4283C9
#0D3A6B	32	0.160894879023237	45	miss	#0D3A6B
#0D3A6B	33	0.131768484209033	45	miss	#0D3A6B
#4283C9	34	0.167136249340566	45	hit	#4283C9
#0D3A6B	35	0.139214329499882	45	miss	#0D3A6B
#0D3A6B	36	0.114084601643267	45	miss	#0D3A6B
#0D3A6B	37	0.091348181201568	45	miss	#0D3A6B
#4283C9	38	0.121663408457167	45	hit	#4283C9
#4283C9	39	0.151978635712766	45	hit	#4283C9
#0D3A6B	40	0.12855323283344	45	miss	#0D3A6B
#0D3A6B	41	0.107164821508837	45	miss	#0D3A6B
#4283C9	42	0.134843942046558	45	hit	#4283C9
#4283C9	43	0.162523062584279	45	hit	#4283C9
#0D3A6B	44	0.140610425491917	45	miss	#0D3A6B
#4283C9	45	0.167136249340566	45	hit	#4283C9
#4283C9	46	0.193662073189215	45	hit	#4283C9
#0D3A6B	2	0.363380227632419	46	miss	#0D3A6B
#4283C9	3	0.273239544735163	46	hit	#4283C9
#4283C9	4	0.909859317102744	46	hit	#4283C9
#4283C9	5	1.54647908947033	46	hit	#4283C9
#0D3A6B	6	0.591549430918953	46	miss	#0D3A6B
#4283C9	7	0.909859317102744	46	hit	#4283C9
#0D3A6B	8	0.485446135524357	46	miss	#0D3A6B
#4283C9	9	0.69765272631355	46	hit	#4283C9
#4283C9	10	0.909859317102744	46	hit	#4283C9
#0D3A6B	11	0.591549430918953	46	miss	#0D3A6B
#4283C9	12	0.750704374010849	46	hit	#4283C9
#0D3A6B	13	0.527887453682195	46	miss	#0D3A6B
#4283C9	14	0.655211408155712	46	hit	#4283C9
#0D3A6B	15	0.485446135524357	46	miss	#0D3A6B
#0D3A6B	16	0.36418522650196	46	miss	#0D3A6B
#0D3A6B	17	0.273239544735163	46	miss	#0D3A6B
#0D3A6B	18	0.202504014472098	46	miss	#0D3A6B
#4283C9	19	0.273239544735163	46	hit	#4283C9
#0D3A6B	20	0.209577567498405	46	miss	#0D3A6B
#0D3A6B	21	0.157490495213784	46	miss	#0D3A6B
#0D3A6B	22	0.114084601643267	46	miss	#0D3A6B
#0D3A6B	23	0.07735653785283	46	miss	#0D3A6B
#0D3A6B	24	0.0458753403181694	46	miss	#0D3A6B
#4283C9	25	0.091348181201568	46	hit	#4283C9
#0D3A6B	26	0.061032953945969	46	miss	#0D3A6B
#4283C9	27	0.103474272103808	46	hit	#4283C9
#4283C9	28	0.145915590261647	46	hit	#4283C9
#4283C9	29	0.188356908419485	46	hit	#4283C9
#0D3A6B	30	0.153873337416241	46	miss	#0D3A6B
#4283C9	31	0.193662073189215	46	hit	#4283C9
#0D3A6B	32	0.160894879023237	46	miss	#0D3A6B
#0D3A6B	33	0.131768484209033	46	miss	#0D3A6B
#4283C9	34	0.167136249340566	46	hit	#4283C9
#0D3A6B	35	0.139214329499882	46	miss	#0D3A6B
#0D3A6B	36	0.114084601643267	46	miss	#0D3A6B
#0D3A6B	37	0.091348181201568	46	miss	#0D3A6B
#4283C9	38	0.121663408457167	46	hit	#4283C9
#4283C9	39	0.151978635712766	46	hit	#4283C9
#0D3A6B	40	0.12855323283344	46	miss	#0D3A6B
#0D3A6B	41	0.107164821508837	46	miss	#0D3A6B
#4283C9	42	0.134843942046558	46	hit	#4283C9
#4283C9	43	0.162523062584279	46	hit	#4283C9
#0D3A6B	44	0.140610425491917	46	miss	#0D3A6B
#4283C9	45	0.167136249340566	46	hit	#4283C9
#4283C9	46	0.193662073189215	46	hit	#4283C9
#4283C9	47	0.220187897037864	46	hit	#4283C9
#0D3A6B	2	0.363380227632419	47	miss	#0D3A6B
#4283C9	3	0.273239544735163	47	hit	#4283C9
#4283C9	4	0.909859317102744	47	hit	#4283C9
#4283C9	5	1.54647908947033	47	hit	#4283C9
#0D3A6B	6	0.591549430918953	47	miss	#0D3A6B
#4283C9	7	0.909859317102744	47	hit	#4283C9
#0D3A6B	8	0.485446135524357	47	miss	#0D3A6B
#4283C9	9	0.69765272631355	47	hit	#4283C9
#4283C9	10	0.909859317102744	47	hit	#4283C9
#0D3A6B	11	0.591549430918953	47	miss	#0D3A6B
#4283C9	12	0.750704374010849	47	hit	#4283C9
#0D3A6B	13	0.527887453682195	47	miss	#0D3A6B
#4283C9	14	0.655211408155712	47	hit	#4283C9
#0D3A6B	15	0.485446135524357	47	miss	#0D3A6B
#0D3A6B	16	0.36418522650196	47	miss	#0D3A6B
#0D3A6B	17	0.273239544735163	47	miss	#0D3A6B
#0D3A6B	18	0.202504014472098	47	miss	#0D3A6B
#4283C9	19	0.273239544735163	47	hit	#4283C9
#0D3A6B	20	0.209577567498405	47	miss	#0D3A6B
#0D3A6B	21	0.157490495213784	47	miss	#0D3A6B
#0D3A6B	22	0.114084601643267	47	miss	#0D3A6B
#0D3A6B	23	0.07735653785283	47	miss	#0D3A6B
#0D3A6B	24	0.0458753403181694	47	miss	#0D3A6B
#4283C9	25	0.091348181201568	47	hit	#4283C9
#0D3A6B	26	0.061032953945969	47	miss	#0D3A6B
#4283C9	27	0.103474272103808	47	hit	#4283C9
#4283C9	28	0.145915590261647	47	hit	#4283C9
#4283C9	29	0.188356908419485	47	hit	#4283C9
#0D3A6B	30	0.153873337416241	47	miss	#0D3A6B
#4283C9	31	0.193662073189215	47	hit	#4283C9
#0D3A6B	32	0.160894879023237	47	miss	#0D3A6B
#0D3A6B	33	0.131768484209033	47	miss	#0D3A6B
#4283C9	34	0.167136249340566	47	hit	#4283C9
#0D3A6B	35	0.139214329499882	47	miss	#0D3A6B
#0D3A6B	36	0.114084601643267	47	miss	#0D3A6B
#0D3A6B	37	0.091348181201568	47	miss	#0D3A6B
#4283C9	38	0.121663408457167	47	hit	#4283C9
#4283C9	39	0.151978635712766	47	hit	#4283C9
#0D3A6B	40	0.12855323283344	47	miss	#0D3A6B
#0D3A6B	41	0.107164821508837	47	miss	#0D3A6B
#4283C9	42	0.134843942046558	47	hit	#4283C9
#4283C9	43	0.162523062584279	47	hit	#4283C9
#0D3A6B	44	0.140610425491917	47	miss	#0D3A6B
#4283C9	45	0.167136249340566	47	hit	#4283C9
#4283C9	46	0.193662073189215	47	hit	#4283C9
#4283C9	47	0.220187897037864	47	hit	#4283C9
#4283C9	48	0.246713720886513	47	hit	#4283C9
#0D3A6B	2	0.363380227632419	48	miss	#0D3A6B
#4283C9	3	0.273239544735163	48	hit	#4283C9
#4283C9	4	0.909859317102744	48	hit	#4283C9
#4283C9	5	1.54647908947033	48	hit	#4283C9
#0D3A6B	6	0.591549430918953	48	miss	#0D3A6B
#4283C9	7	0.909859317102744	48	hit	#4283C9
#0D3A6B	8	0.485446135524357	48	miss	#0D3A6B
#4283C9	9	0.69765272631355	48	hit	#4283C9
#4283C9	10	0.909859317102744	48	hit	#4283C9
#0D3A6B	11	0.591549430918953	48	miss	#0D3A6B
#4283C9	12	0.750704374010849	48	hit	#4283C9
#0D3A6B	13	0.527887453682195	48	miss	#0D3A6B
#4283C9	14	0.655211408155712	48	hit	#4283C9
#0D3A6B	15	0.485446135524357	48	miss	#0D3A6B
#0D3A6B	16	0.36418522650196	48	miss	#0D3A6B
#0D3A6B	17	0.273239544735163	48	miss	#0D3A6B
#0D3A6B	18	0.202504014472098	48	miss	#0D3A6B
#4283C9	19	0.273239544735163	48	hit	#4283C9
#0D3A6B	20	0.209577567498405	48	miss	#0D3A6B
#0D3A6B	21	0.157490495213784	48	miss	#0D3A6B
#0D3A6B	22	0.114084601643267	48	miss	#0D3A6B
#0D3A6B	23	0.07735653785283	48	miss	#0D3A6B
#0D3A6B	24	0.0458753403181694	48	miss	#0D3A6B
#4283C9	25	0.091348181201568	48	hit	#4283C9
#0D3A6B	26	0.061032953945969	48	miss	#0D3A6B
#4283C9	27	0.103474272103808	48	hit	#4283C9
#4283C9	28	0.145915590261647	48	hit	#4283C9
#4283C9	29	0.188356908419485	48	hit	#4283C9
#0D3A6B	30	0.153873337416241	48	miss	#0D3A6B
#4283C9	31	0.193662073189215	48	hit	#4283C9
#0D3A6B	32	0.160894879023237	48	miss	#0D3A6B
#0D3A6B	33	0.131768484209033	48	miss	#0D3A6B
#4283C9	34	0.167136249340566	48	hit	#4283C9
#0D3A6B	35	0.139214329499882	48	miss	#0D3A6B
#0D3A6B	36	0.114084601643267	48	miss	#0D3A6B
#0D3A6B	37	0.091348181201568	48	miss	#0D3A6B
#4283C9	38	0.121663408457167	48	hit	#4283C9
#4283C9	39	0.151978635712766	48	hit	#4283C9
#0D3A6B	40	0.12855323283344	48	miss	#0D3A6B
#0D3A6B	41	0.107164821508837	48	miss	#0D3A6B
#4283C9	42	0.134843942046558	48	hit	#4283C9
#4283C9	43	0.162523062584279	48	hit	#4283C9
#0D3A6B	44	0.140610425491917	48	miss	#0D3A6B
#4283C9	45	0.167136249340566	48	hit	#4283C9
#4283C9	46	0.193662073189215	48	hit	#4283C9
#4283C9	47	0.220187897037864	48	hit	#4283C9
#4283C9	48	0.246713720886513	48	hit	#4283C9
#4283C9	49	0.273239544735163	48	hit	#4283C9
#0D3A6B	2	0.363380227632419	49	miss	#0D3A6B
#4283C9	3	0.273239544735163	49	hit	#4283C9
#4283C9	4	0.909859317102744	49	hit	#4283C9
#4283C9	5	1.54647908947033	49	hit	#4283C9
#0D3A6B	6	0.591549430918953	49	miss	#0D3A6B
#4283C9	7	0.909859317102744	49	hit	#4283C9
#0D3A6B	8	0.485446135524357	49	miss	#0D3A6B
#4283C9	9	0.69765272631355	49	hit	#4283C9
#4283C9	10	0.909859317102744	49	hit	#4283C9
#0D3A6B	11	0.591549430918953	49	miss	#0D3A6B
#4283C9	12	0.750704374010849	49	hit	#4283C9
#0D3A6B	13	0.527887453682195	49	miss	#0D3A6B
#4283C9	14	0.655211408155712	49	hit	#4283C9
#0D3A6B	15	0.485446135524357	49	miss	#0D3A6B
#0D3A6B	16	0.36418522650196	49	miss	#0D3A6B
#0D3A6B	17	0.273239544735163	49	miss	#0D3A6B
#0D3A6B	18	0.202504014472098	49	miss	#0D3A6B
#4283C9	19	0.273239544735163	49	hit	#4283C9
#0D3A6B	20	0.209577567498405	49	miss	#0D3A6B
#0D3A6B	21	0.157490495213784	49	miss	#0D3A6B
#0D3A6B	22	0.114084601643267	49	miss	#0D3A6B
#0D3A6B	23	0.07735653785283	49	miss	#0D3A6B
#0D3A6B	24	0.0458753403181694	49	miss	#0D3A6B
#4283C9	25	0.091348181201568	49	hit	#4283C9
#0D3A6B	26	0.061032953945969	49	miss	#0D3A6B
#4283C9	27	0.103474272103808	49	hit	#4283C9
#4283C9	28	0.145915590261647	49	hit	#4283C9
#4283C9	29	0.188356908419485	49	hit	#4283C9
#0D3A6B	30	0.153873337416241	49	miss	#0D3A6B
#4283C9	31	0.193662073189215	49	hit	#4283C9
#0D3A6B	32	0.160894879023237	49	miss	#0D3A6B
#0D3A6B	33	0.131768484209033	49	miss	#0D3A6B
#4283C9	34	0.167136249340566	49	hit	#4283C9
#0D3A6B	35	0.139214329499882	49	miss	#0D3A6B
#0D3A6B	36	0.114084601643267	49	miss	#0D3A6B
#0D3A6B	37	0.091348181201568	49	miss	#0D3A6B
#4283C9	38	0.121663408457167	49	hit	#4283C9
#4283C9	39	0.151978635712766	49	hit	#4283C9
#0D3A6B	40	0.12855323283344	49	miss	#0D3A6B
#0D3A6B	41	0.107164821508837	49	miss	#0D3A6B
#4283C9	42	0.134843942046558	49	hit	#4283C9
#4283C9	43	0.162523062584279	49	hit	#4283C9
#0D3A6B	44	0.140610425491917	49	miss	#0D3A6B
#4283C9	45	0.167136249340566	49	hit	#4283C9
#4283C9	46	0.193662073189215	49	hit	#4283C9
#4283C9	47	0.220187897037864	49	hit	#4283C9
#4283C9	48	0.246713720886513	49	hit	#4283C9
#4283C9	49	0.273239544735163	49	hit	#4283C9
#0D3A6B	50	0.247774753840459	49	miss	#0D3A6B
#0D3A6B	2	0.363380227632419	50	miss	#0D3A6B
#4283C9	3	0.273239544735163	50	hit	#4283C9
#4283C9	4	0.909859317102744	50	hit	#4283C9
#4283C9	5	1.54647908947033	50	hit	#4283C9
#0D3A6B	6	0.591549430918953	50	miss	#0D3A6B
#4283C9	7	0.909859317102744	50	hit	#4283C9
#0D3A6B	8	0.485446135524357	50	miss	#0D3A6B
#4283C9	9	0.69765272631355	50	hit	#4283C9
#4283C9	10	0.909859317102744	50	hit	#4283C9
#0D3A6B	11	0.591549430918953	50	miss	#0D3A6B
#4283C9	12	0.750704374010849	50	hit	#4283C9
#0D3A6B	13	0.527887453682195	50	miss	#0D3A6B
#4283C9	14	0.655211408155712	50	hit	#4283C9
#0D3A6B	15	0.485446135524357	50	miss	#0D3A6B
#0D3A6B	16	0.36418522650196	50	miss	#0D3A6B
#0D3A6B	17	0.273239544735163	50	miss	#0D3A6B
#0D3A6B	18	0.202504014472098	50	miss	#0D3A6B
#4283C9	19	0.273239544735163	50	hit	#4283C9
#0D3A6B	20	0.209577567498405	50	miss	#0D3A6B
#0D3A6B	21	0.157490495213784	50	miss	#0D3A6B
#0D3A6B	22	0.114084601643267	50	miss	#0D3A6B
#0D3A6B	23	0.07735653785283	50	miss	#0D3A6B
#0D3A6B	24	0.0458753403181694	50	miss	#0D3A6B
#4283C9	25	0.091348181201568	50	hit	#4283C9
#0D3A6B	26	0.061032953945969	50	miss	#0D3A6B
#4283C9	27	0.103474272103808	50	hit	#4283C9
#4283C9	28	0.145915590261647	50	hit	#4283C9
#4283C9	29	0.188356908419485	50	hit	#4283C9
#0D3A6B	30	0.153873337416241	50	miss	#0D3A6B
#4283C9	31	0.193662073189215	50	hit	#4283C9
#0D3A6B	32	0.160894879023237	50	miss	#0D3A6B
#0D3A6B	33	0.131768484209033	50	miss	#0D3A6B
#4283C9	34	0.167136249340566	50	hit	#4283C9
#0D3A6B	35	0.139214329499882	50	miss	#0D3A6B
#0D3A6B	36	0.114084601643267	50	miss	#0D3A6B
#0D3A6B	37	0.091348181201568	50	miss	#0D3A6B
#4283C9	38	0.121663408457167	50	hit	#4283C9
#4283C9	39	0.151978635712766	50	hit	#4283C9
#0D3A6B	40	0.12855323283344	50	miss	#0D3A6B
#0D3A6B	41	0.107164821508837	50	miss	#0D3A6B
#4283C9	42	0.134843942046558	50	hit	#4283C9
#4283C9	43	0.162523062584279	50	hit	#4283C9
#0D3A6B	44	0.140610425491917	50	miss	#0D3A6B
#4283C9	45	0.167136249340566	50	hit	#4283C9
#4283C9	46	0.193662073189215	50	hit	#4283C9
#4283C9	47	0.220187897037864	50	hit	#4283C9
#4283C9	48	0.246713720886513	50	hit	#4283C9
#4283C9	49	0.273239544735163	50	hit	#4283C9
#0D3A6B	50	0.247774753840459	50	miss	#0D3A6B
#0D3A6B	51	0.22426879301458	50	miss	#0D3A6B
#0D3A6B	2	0.363380227632419	51	miss	#0D3A6B
#4283C9	3	0.273239544735163	51	hit	#4283C9
#4283C9	4	0.909859317102744	51	hit	#4283C9
#4283C9	5	1.54647908947033	51	hit	#4283C9
#0D3A6B	6	0.591549430918953	51	miss	#0D3A6B
#4283C9	7	0.909859317102744	51	hit	#4283C9
#0D3A6B	8	0.485446135524357	51	miss	#0D3A6B
#4283C9	9	0.69765272631355	51	hit	#4283C9
#4283C9	10	0.909859317102744	51	hit	#4283C9
#0D3A6B	11	0.591549430918953	51	miss	#0D3A6B
#4283C9	12	0.750704374010849	51	hit	#4283C9
#0D3A6B	13	0.527887453682195	51	miss	#0D3A6B
#4283C9	14	0.655211408155712	51	hit	#4283C9
#0D3A6B	15	0.485446135524357	51	miss	#0D3A6B
#0D3A6B	16	0.36418522650196	51	miss	#0D3A6B
#0D3A6B	17	0.273239544735163	51	miss	#0D3A6B
#0D3A6B	18	0.202504014472098	51	miss	#0D3A6B
#4283C9	19	0.273239544735163	51	hit	#4283C9
#0D3A6B	20	0.209577567498405	51	miss	#0D3A6B
#0D3A6B	21	0.157490495213784	51	miss	#0D3A6B
#0D3A6B	22	0.114084601643267	51	miss	#0D3A6B
#0D3A6B	23	0.07735653785283	51	miss	#0D3A6B
#0D3A6B	24	0.0458753403181694	51	miss	#0D3A6B
#4283C9	25	0.091348181201568	51	hit	#4283C9
#0D3A6B	26	0.061032953945969	51	miss	#0D3A6B
#4283C9	27	0.103474272103808	51	hit	#4283C9
#4283C9	28	0.145915590261647	51	hit	#4283C9
#4283C9	29	0.188356908419485	51	hit	#4283C9
#0D3A6B	30	0.153873337416241	51	miss	#0D3A6B
#4283C9	31	0.193662073189215	51	hit	#4283C9
#0D3A6B	32	0.160894879023237	51	miss	#0D3A6B
#0D3A6B	33	0.131768484209033	51	miss	#0D3A6B
#4283C9	34	0.167136249340566	51	hit	#4283C9
#0D3A6B	35	0.139214329499882	51	miss	#0D3A6B
#0D3A6B	36	0.114084601643267	51	miss	#0D3A6B
#0D3A6B	37	0.091348181201568	51	miss	#0D3A6B
#4283C9	38	0.121663408457167	51	hit	#4283C9
#4283C9	39	0.151978635712766	51	hit	#4283C9
#0D3A6B	40	0.12855323283344	51	miss	#0D3A6B
#0D3A6B	41	0.107164821508837	51	miss	#0D3A6B
#4283C9	42	0.134843942046558	51	hit	#4283C9
#4283C9	43	0.162523062584279	51	hit	#4283C9
#0D3A6B	44	0.140610425491917	51	miss	#0D3A6B
#4283C9	45	0.167136249340566	51	hit	#4283C9
#4283C9	46	0.193662073189215	51	hit	#4283C9
#4283C9	47	0.220187897037864	51	hit	#4283C9
#4283C9	48	0.246713720886513	51	hit	#4283C9
#4283C9	49	0.273239544735163	51	hit	#4283C9
#0D3A6B	50	0.247774753840459	51	miss	#0D3A6B
#0D3A6B	51	0.22426879301458	51	miss	#0D3A6B
#4283C9	52	0.248754168874871	51	hit	#4283C9
#0D3A6B	2	0.363380227632419	52	miss	#0D3A6B
#4283C9	3	0.273239544735163	52	hit	#4283C9
#4283C9	4	0.909859317102744	52	hit	#4283C9
#4283C9	5	1.54647908947033	52	hit	#4283C9
#0D3A6B	6	0.591549430918953	52	miss	#0D3A6B
#4283C9	7	0.909859317102744	52	hit	#4283C9
#0D3A6B	8	0.485446135524357	52	miss	#0D3A6B
#4283C9	9	0.69765272631355	52	hit	#4283C9
#4283C9	10	0.909859317102744	52	hit	#4283C9
#0D3A6B	11	0.591549430918953	52	miss	#0D3A6B
#4283C9	12	0.750704374010849	52	hit	#4283C9
#0D3A6B	13	0.527887453682195	52	miss	#0D3A6B
#4283C9	14	0.655211408155712	52	hit	#4283C9
#0D3A6B	15	0.485446135524357	52	miss	#0D3A6B
#0D3A6B	16	0.36418522650196	52	miss	#0D3A6B
#0D3A6B	17	0.273239544735163	52	miss	#0D3A6B
#0D3A6B	18	0.202504014472098	52	miss	#0D3A6B
#4283C9	19	0.273239544735163	52	hit	#4283C9
#0D3A6B	20	0.209577567498405	52	miss	#0D3A6B
#0D3A6B	21	0.157490495213784	52	miss	#0D3A6B
#0D3A6B	22	0.114084601643267	52	miss	#0D3A6B
#0D3A6B	23	0.07735653785283	52	miss	#0D3A6B
#0D3A6B	24	0.0458753403181694	52	miss	#0D3A6B
#4283C9	25	0.091348181201568	52	hit	#4283C9
#0D3A6B	26	0.061032953945969	52	miss	#0D3A6B
#4283C9	27	0.103474272103808	52	hit	#4283C9
#4283C9	28	0.145915590261647	52	hit	#4283C9
#4283C9	29	0.188356908419485	52	hit	#4283C9
#0D3A6B	30	0.153873337416241	52	miss	#0D3A6B
#4283C9	31	0.193662073189215	52	hit	#4283C9
#0D3A6B	32	0.160894879023237	52	miss	#0D3A6B
#0D3A6B	33	0.131768484209033	52	miss	#0D3A6B
#4283C9	34	0.167136249340566	52	hit	#4283C9
#0D3A6B	35	0.139214329499882	52	miss	#0D3A6B
#0D3A6B	36	0.114084601643267	52	miss	#0D3A6B
#0D3A6B	37	0.091348181201568	52	miss	#0D3A6B
#4283C9	38	0.121663408457167	52	hit	#4283C9
#4283C9	39	0.151978635712766	52	hit	#4283C9
#0D3A6B	40	0.12855323283344	52	miss	#0D3A6B
#0D3A6B	41	0.107164821508837	52	miss	#0D3A6B
#4283C9	42	0.134843942046558	52	hit	#4283C9
#4283C9	43	0.162523062584279	52	hit	#4283C9
#0D3A6B	44	0.140610425491917	52	miss	#0D3A6B
#4283C9	45	0.167136249340566	52	hit	#4283C9
#4283C9	46	0.193662073189215	52	hit	#4283C9
#4283C9	47	0.220187897037864	52	hit	#4283C9
#4283C9	48	0.246713720886513	52	hit	#4283C9
#4283C9	49	0.273239544735163	52	hit	#4283C9
#0D3A6B	50	0.247774753840459	52	miss	#0D3A6B
#0D3A6B	51	0.22426879301458	52	miss	#0D3A6B
#4283C9	52	0.248754168874871	52	hit	#4283C9
#0D3A6B	53	0.226082524559786	52	miss	#0D3A6B
#0D3A6B	2	0.363380227632419	53	miss	#0D3A6B
#4283C9	3	0.273239544735163	53	hit	#4283C9
#4283C9	4	0.909859317102744	53	hit	#4283C9
#4283C9	5	1.54647908947033	53	hit	#4283C9
#0D3A6B	6	0.591549430918953	53	miss	#0D3A6B
#4283C9	7	0.909859317102744	53	hit	#4283C9
#0D3A6B	8	0.485446135524357	53	miss	#0D3A6B
#4283C9	9	0.69765272631355	53	hit	#4283C9
#4283C9	10	0.909859317102744	53	hit	#4283C9
#0D3A6B	11	0.591549430918953	53	miss	#0D3A6B
#4283C9	12	0.750704374010849	53	hit	#4283C9
#0D3A6B	13	0.527887453682195	53	miss	#0D3A6B
#4283C9	14	0.655211408155712	53	hit	#4283C9
#0D3A6B	15	0.485446135524357	53	miss	#0D3A6B
#0D3A6B	16	0.36418522650196	53	miss	#0D3A6B
#0D3A6B	17	0.273239544735163	53	miss	#0D3A6B
#0D3A6B	18	0.202504014472098	53	miss	#0D3A6B
#4283C9	19	0.273239544735163	53	hit	#4283C9
#0D3A6B	20	0.209577567498405	53	miss	#0D3A6B
#0D3A6B	21	0.157490495213784	53	miss	#0D3A6B
#0D3A6B	22	0.114084601643267	53	miss	#0D3A6B
#0D3A6B	23	0.07735653785283	53	miss	#0D3A6B
#0D3A6B	24	0.0458753403181694	53	miss	#0D3A6B
#4283C9	25	0.091348181201568	53	hit	#4283C9
#0D3A6B	26	0.061032953945969	53	miss	#0D3A6B
#4283C9	27	0.103474272103808	53	hit	#4283C9
#4283C9	28	0.145915590261647	53	hit	#4283C9
#4283C9	29	0.188356908419485	53	hit	#4283C9
#0D3A6B	30	0.153873337416241	53	miss	#0D3A6B
#4283C9	31	0.193662073189215	53	hit	#4283C9
#0D3A6B	32	0.160894879023237	53	miss	#0D3A6B
#0D3A6B	33	0.131768484209033	53	miss	#0D3A6B
#4283C9	34	0.167136249340566	53	hit	#4283C9
#0D3A6B	35	0.139214329499882	53	miss	#0D3A6B
#0D3A6B	36	0.114084601643267	53	miss	#0D3A6B
#0D3A6B	37	0.091348181201568	53	miss	#0D3A6B
#4283C9	38	0.121663408457167	53	hit	#4283C9
#4283C9	39	0.151978635712766	53	hit	#4283C9
#0D3A6B	40	0.12855323283344	53	miss	#0D3A6B
#0D3A6B	41	0.107164821508837	53	miss	#0D3A6B
#4283C9	42	0.134843942046558	53	hit	#4283C9
#4283C9	43	0.162523062584279	53	hit	#4283C9
#0D3A6B	44	0.140610425491917	53	miss	#0D3A6B
#4283C9	45	0.167136249340566	53	hit	#4283C9
#4283C9	46	0.193662073189215	53	hit	#4283C9
#4283C9	47	0.220187897037864	53	hit	#4283C9
#4283C9	48	0.246713720886513	53	hit	#4283C9
#4283C9	49	0.273239544735163	53	hit	#4283C9
#0D3A6B	50	0.247774753840459	53	miss	#0D3A6B
#0D3A6B	51	0.22426879301458	53	miss	#0D3A6B
#4283C9	52	0.248754168874871	53	hit	#4283C9
#0D3A6B	53	0.226082524559786	53	miss	#0D3A6B
#0D3A6B	54	0.205030283410065	53	miss	#0D3A6B
#0D3A6B	2	0.363380227632419	54	miss	#0D3A6B
#4283C9	3	0.273239544735163	54	hit	#4283C9
#4283C9	4	0.909859317102744	54	hit	#4283C9
#4283C9	5	1.54647908947033	54	hit	#4283C9
#0D3A6B	6	0.591549430918953	54	miss	#0D3A6B
#4283C9	7	0.909859317102744	54	hit	#4283C9
#0D3A6B	8	0.485446135524357	54	miss	#0D3A6B
#4283C9	9	0.69765272631355	54	hit	#4283C9
#4283C9	10	0.909859317102744	54	hit	#4283C9
#0D3A6B	11	0.591549430918953	54	miss	#0D3A6B
#4283C9	12	0.750704374010849	54	hit	#4283C9
#0D3A6B	13	0.527887453682195	54	miss	#0D3A6B
#4283C9	14	0.655211408155712	54	hit	#4283C9
#0D3A6B	15	0.485446135524357	54	miss	#0D3A6B
#0D3A6B	16	0.36418522650196	54	miss	#0D3A6B
#0D3A6B	17	0.273239544735163	54	miss	#0D3A6B
#0D3A6B	18	0.202504014472098	54	miss	#0D3A6B
#4283C9	19	0.273239544735163	54	hit	#4283C9
#0D3A6B	20	0.209577567498405	54	miss	#0D3A6B
#0D3A6B	21	0.157490495213784	54	miss	#0D3A6B
#0D3A6B	22	0.114084601643267	54	miss	#0D3A6B
#0D3A6B	23	0.07735653785283	54	miss	#0D3A6B
#0D3A6B	24	0.0458753403181694	54	miss	#0D3A6B
#4283C9	25	0.091348181201568	54	hit	#4283C9
#0D3A6B	26	0.061032953945969	54	miss	#0D3A6B
#4283C9	27	0.103474272103808	54	hit	#4283C9
#4283C9	28	0.145915590261647	54	hit	#4283C9
#4283C9	29	0.188356908419485	54	hit	#4283C9
#0D3A6B	30	0.153873337416241	54	miss	#0D3A6B
#4283C9	31	0.193662073189215	54	hit	#4283C9
#0D3A6B	32	0.160894879023237	54	miss	#0D3A6B
#0D3A6B	33	0.131768484209033	54	miss	#0D3A6B
#4283C9	34	0.167136249340566	54	hit	#4283C9
#0D3A6B	35	0.139214329499882	54	miss	#0D3A6B
#0D3A6B	36	0.114084601643267	54	miss	#0D3A6B
#0D3A6B	37	0.091348181201568	54	miss	#0D3A6B
#4283C9	38	0.121663408457167	54	hit	#4283C9
#4283C9	39	0.151978635712766	54	hit	#4283C9
#0D3A6B	40	0.12855323283344	54	miss	#0D3A6B
#0D3A6B	41	0.107164821508837	54	miss	#0D3A6B
#4283C9	42	0.134843942046558	54	hit	#4283C9
#4283C9	43	0.162523062584279	54	hit	#4283C9
#0D3A6B	44	0.140610425491917	54	miss	#0D3A6B
#4283C9	45	0.167136249340566	54	hit	#4283C9
#4283C9	46	0.193662073189215	54	hit	#4283C9
#4283C9	47	0.220187897037864	54	hit	#4283C9
#4283C9	48	0.246713720886513	54	hit	#4283C9
#4283C9	49	0.273239544735163	54	hit	#4283C9
#0D3A6B	50	0.247774753840459	54	miss	#0D3A6B
#0D3A6B	51	0.22426879301458	54	miss	#0D3A6B
#4283C9	52	0.248754168874871	54	hit	#4283C9
#0D3A6B	53	0.226082524559786	54	miss	#0D3A6B
#0D3A6B	54	0.205030283410065	54	miss	#0D3A6B
#4283C9	55	0.227766703851764	54	hit	#4283C9
#0D3A6B	2	0.363380227632419	55	miss	#0D3A6B
#4283C9	3	0.273239544735163	55	hit	#4283C9
#4283C9	4	0.909859317102744	55	hit	#4283C9
#4283C9	5	1.54647908947033	55	hit	#4283C9
#0D3A6B	6	0.591549430918953	55	miss	#0D3A6B
#4283C9	7	0.909859317102744	55	hit	#4283C9
#0D3A6B	8	0.485446135524357	55	miss	#0D3A6B
#4283C9	9	0.69765272631355	55	hit	#4283C9
#4283C9	10	0.909859317102744	55	hit	#4283C9
#0D3A6B	11	0.591549430918953	55	miss	#0D3A6B
#4283C9	12	0.750704374010849	55	hit	#4283C9
#0D3A6B	13	0.527887453682195	55	miss	#0D3A6B
#4283C9	14	0.655211408155712	55	hit	#4283C9
#0D3A6B	15	0.485446135524357	55	miss	#0D3A6B
#0D3A6B	16	0.36418522650196	55	miss	#0D3A6B
#0D3A6B	17	0.273239544735163	55	miss	#0D3A6B
#0D3A6B	18	0.202504014472098	55	miss	#0D3A6B
#4283C9	19	0.273239544735163	55	hit	#4283C9
#0D3A6B	20	0.209577567498405	55	miss	#0D3A6B
#0D3A6B	21	0.157490495213784	55	miss	#0D3A6B
#0D3A6B	22	0.114084601643267	55	miss	#0D3A6B
#0D3A6B	23	0.07735653785283	55	miss	#0D3A6B
#0D3A6B	24	0.0458753403181694	55	miss	#0D3A6B
#4283C9	25	0.091348181201568	55	hit	#4283C9
#0D3A6B	26	0.061032953945969	55	miss	#0D3A6B
#4283C9	27	0.103474272103808	55	hit	#4283C9
#4283C9	28	0.145915590261647	55	hit	#4283C9
#4283C9	29	0.188356908419485	55	hit	#4283C9
#0D3A6B	30	0.153873337416241	55	miss	#0D3A6B
#4283C9	31	0.193662073189215	55	hit	#4283C9
#0D3A6B	32	0.160894879023237	55	miss	#0D3A6B
#0D3A6B	33	0.131768484209033	55	miss	#0D3A6B
#4283C9	34	0.167136249340566	55	hit	#4283C9
#0D3A6B	35	0.139214329499882	55	miss	#0D3A6B
#0D3A6B	36	0.114084601643267	55	miss	#0D3A6B
#0D3A6B	37	0.091348181201568	55	miss	#0D3A6B
#4283C9	38	0.121663408457167	55	hit	#4283C9
#4283C9	39	0.151978635712766	55	hit	#4283C9
#0D3A6B	40	0.12855323283344	55	miss	#0D3A6B
#0D3A6B	41	0.107164821508837	55	miss	#0D3A6B
#4283C9	42	0.134843942046558	55	hit	#4283C9
#4283C9	43	0.162523062584279	55	hit	#4283C9
#0D3A6B	44	0.140610425491917	55	miss	#0D3A6B
#4283C9	45	0.167136249340566	55	hit	#4283C9
#4283C9	46	0.193662073189215	55	hit	#4283C9
#4283C9	47	0.220187897037864	55	hit	#4283C9
#4283C9	48	0.246713720886513	55	hit	#4283C9
#4283C9	49	0.273239544735163	55	hit	#4283C9
#0D3A6B	50	0.247774753840459	55	miss	#0D3A6B
#0D3A6B	51	0.22426879301458	55	miss	#0D3A6B
#4283C9	52	0.248754168874871	55	hit	#4283C9
#0D3A6B	53	0.226082524559786	55	miss	#0D3A6B
#0D3A6B	54	0.205030283410065	55	miss	#0D3A6B
#4283C9	55	0.227766703851764	55	hit	#4283C9
#4283C9	56	0.250503124293463	55	hit	#4283C9
#0D3A6B	2	0.363380227632419	56	miss	#0D3A6B
#4283C9	3	0.273239544735163	56	hit	#4283C9
#4283C9	4	0.909859317102744	56	hit	#4283C9
#4283C9	5	1.54647908947033	56	hit	#4283C9
#0D3A6B	6	0.591549430918953	56	miss	#0D3A6B
#4283C9	7	0.909859317102744	56	hit	#4283C9
#0D3A6B	8	0.485446135524357	56	miss	#0D3A6B
#4283C9	9	0.69765272631355	56	hit	#4283C9
#4283C9	10	0.909859317102744	56	hit	#4283C9
#0D3A6B	11	0.591549430918953	56	miss	#0D3A6B
#4283C9	12	0.750704374010849	56	hit	#4283C9
#0D3A6B	13	0.527887453682195	56	miss	#0D3A6B
#4283C9	14	0.655211408155712	56	hit	#4283C9
#0D3A6B	15	0.485446135524357	56	miss	#0D3A6B
#0D3A6B	16	0.36418522650196	56	miss	#0D3A6B
#0D3A6B	17	0.273239544735163	56	miss	#0D3A6B
#0D3A6B	18	0.202504014472098	56	miss	#0D3A6B
#4283C9	19	0.273239544735163	56	hit	#4283C9
#0D3A6B	20	0.209577567498405	56	miss	#0D3A6B
#0D3A6B	21	0.157490495213784	56	miss	#0D3A6B
#0D3A6B	22	0.114084601643267	56	miss	#0D3A6B
#0D3A6B	23	0.07735653785283	56	miss	#0D3A6B
#0D3A6B	24	0.0458753403181694	56	miss	#0D3A6B
#4283C9	25	0.091348181201568	56	hit	#4283C9
#0D3A6B	26	0.061032953945969	56	miss	#0D3A6B
#4283C9	27	0.103474272103808	56	hit	#4283C9
#4283C9	28	0.145915590261647	56	hit	#4283C9
#4283C9	29	0.188356908419485	56	hit	#4283C9
#0D3A6B	30	0.153873337416241	56	miss	#0D3A6B
#4283C9	31	0.193662073189215	56	hit	#4283C9
#0D3A6B	32	0.160894879023237	56	miss	#0D3A6B
#0D3A6B	33	0.131768484209033	56	miss	#0D3A6B
#4283C9	34	0.167136249340566	56	hit	#4283C9
#0D3A6B	35	0.139214329499882	56	miss	#0D3A6B
#0D3A6B	36	0.114084601643267	56	miss	#0D3A6B
#0D3A6B	37	0.091348181201568	56	miss	#0D3A6B
#4283C9	38	0.121663408457167	56	hit	#4283C9
#4283C9	39	0.151978635712766	56	hit	#4283C9
#0D3A6B	40	0.12855323283344	56	miss	#0D3A6B
#0D3A6B	41	0.107164821508837	56	miss	#0D3A6B
#4283C9	42	0.134843942046558	56	hit	#4283C9
#4283C9	43	0.162523062584279	56	hit	#4283C9
#0D3A6B	44	0.140610425491917	56	miss	#0D3A6B
#4283C9	45	0.167136249340566	56	hit	#4283C9
#4283C9	46	0.193662073189215	56	hit	#4283C9
#4283C9	47	0.220187897037864	56	hit	#4283C9
#4283C9	48	0.246713720886513	56	hit	#4283C9
#4283C9	49	0.273239544735163	56	hit	#4283C9
#0D3A6B	50	0.247774753840459	56	miss	#0D3A6B
#0D3A6B	51	0.22426879301458	56	miss	#0D3A6B
#4283C9	52	0.248754168874871	56	hit	#4283C9
#0D3A6B	53	0.226082524559786	56	miss	#0D3A6B
#0D3A6B	54	0.205030283410065	56	miss	#0D3A6B
#4283C9	55	0.227766703851764	56	hit	#4283C9
#4283C9	56	0.250503124293463	56	hit	#4283C9
#0D3A6B	57	0.229334732847743	56	miss	#0D3A6B
#0D3A6B	2	0.363380227632419	57	miss	#0D3A6B
#4283C9	3	0.273239544735163	57	hit	#4283C9
#4283C9	4	0.909859317102744	57	hit	#4283C9
#4283C9	5	1.54647908947033	57	hit	#4283C9
#0D3A6B	6	0.591549430918953	57	miss	#0D3A6B
#4283C9	7	0.909859317102744	57	hit	#4283C9
#0D3A6B	8	0.485446135524357	57	miss	#0D3A6B
#4283C9	9	0.69765272631355	57	hit	#4283C9
#4283C9	10	0.909859317102744	57	hit	#4283C9
#0D3A6B	11	0.591549430918953	57	miss	#0D3A6B
#4283C9	12	0.750704374010849	57	hit	#4283C9
#0D3A6B	13	0.527887453682195	57	miss	#0D3A6B
#4283C9	14	0.655211408155712	57	hit	#4283C9
#0D3A6B	15	0.485446135524357	57	miss	#0D3A6B
#0D3A6B	16	0.36418522650196	57	miss	#0D3A6B
#0D3A6B	17	0.273239544735163	57	miss	#0D3A6B
#0D3A6B	18	0.202504014472098	57	miss	#0D3A6B
#4283C9	19	0.273239544735163	57	hit	#4283C9
#0D3A6B	20	0.209577567498405	57	miss	#0D3A6B
#0D3A6B	21	0.157490495213784	57	miss	#0D3A6B
#0D3A6B	22	0.114084601643267	57	miss	#0D3A6B
#0D3A6B	23	0.07735653785283	57	miss	#0D3A6B
#0D3A6B	24	0.0458753403181694	57	miss	#0D3A6B
#4283C9	25	0.091348181201568	57	hit	#4283C9
#0D3A6B	26	0.061032953945969	57	miss	#0D3A6B
#4283C9	27	0.103474272103808	57	hit	#4283C9
#4283C9	28	0.145915590261647	57	hit	#4283C9
#4283C9	29	0.188356908419485	57	hit	#4283C9
#0D3A6B	30	0.153873337416241	57	miss	#0D3A6B
#4283C9	31	0.193662073189215	57	hit	#4283C9
#0D3A6B	32	0.160894879023237	57	miss	#0D3A6B
#0D3A6B	33	0.131768484209033	57	miss	#0D3A6B
#4283C9	34	0.167136249340566	57	hit	#4283C9
#0D3A6B	35	0.139214329499882	57	miss	#0D3A6B
#0D3A6B	36	0.114084601643267	57	miss	#0D3A6B
#0D3A6B	37	0.091348181201568	57	miss	#0D3A6B
#4283C9	38	0.121663408457167	57	hit	#4283C9
#4283C9	39	0.151978635712766	57	hit	#4283C9
#0D3A6B	40	0.12855323283344	57	miss	#0D3A6B
#0D3A6B	41	0.107164821508837	57	miss	#0D3A6B
#4283C9	42	0.134843942046558	57	hit	#4283C9
#4283C9	43	0.162523062584279	57	hit	#4283C9
#0D3A6B	44	0.140610425491917	57	miss	#0D3A6B
#4283C9	45	0.167136249340566	57	hit	#4283C9
#4283C9	46	0.193662073189215	57	hit	#4283C9
#4283C9	47	0.220187897037864	57	hit	#4283C9
#4283C9	48	0.246713720886513	57	hit	#4283C9
#4283C9	49	0.273239544735163	57	hit	#4283C9
#0D3A6B	50	0.247774753840459	57	miss	#0D3A6B
#0D3A6B	51	0.22426879301458	57	miss	#0D3A6B
#4283C9	52	0.248754168874871	57	hit	#4283C9
#0D3A6B	53	0.226082524559786	57	miss	#0D3A6B
#0D3A6B	54	0.205030283410065	57	miss	#0D3A6B
#4283C9	55	0.227766703851764	57	hit	#4283C9
#4283C9	56	0.250503124293463	57	hit	#4283C9
#0D3A6B	57	0.229334732847743	57	miss	#0D3A6B
#0D3A6B	58	0.209577567498405	57	miss	#0D3A6B
#0D3A6B	2	0.363380227632419	58	miss	#0D3A6B
#4283C9	3	0.273239544735163	58	hit	#4283C9
#4283C9	4	0.909859317102744	58	hit	#4283C9
#4283C9	5	1.54647908947033	58	hit	#4283C9
#0D3A6B	6	0.591549430918953	58	miss	#0D3A6B
#4283C9	7	0.909859317102744	58	hit	#4283C9
#0D3A6B	8	0.485446135524357	58	miss	#0D3A6B
#4283C9	9	0.69765272631355	58	hit	#4283C9
#4283C9	10	0.909859317102744	58	hit	#4283C9
#0D3A6B	11	0.591549430918953	58	miss	#0D3A6B
#4283C9	12	0.750704374010849	58	hit	#4283C9
#0D3A6B	13	0.527887453682195	58	miss	#0D3A6B
#4283C9	14	0.655211408155712	58	hit	#4283C9
#0D3A6B	15	0.485446135524357	58	miss	#0D3A6B
#0D3A6B	16	0.36418522650196	58	miss	#0D3A6B
#0D3A6B	17	0.273239544735163	58	miss	#0D3A6B
#0D3A6B	18	0.202504014472098	58	miss	#0D3A6B
#4283C9	19	0.273239544735163	58	hit	#4283C9
#0D3A6B	20	0.209577567498405	58	miss	#0D3A6B
#0D3A6B	21	0.157490495213784	58	miss	#0D3A6B
#0D3A6B	22	0.114084601643267	58	miss	#0D3A6B
#0D3A6B	23	0.07735653785283	58	miss	#0D3A6B
#0D3A6B	24	0.0458753403181694	58	miss	#0D3A6B
#4283C9	25	0.091348181201568	58	hit	#4283C9
#0D3A6B	26	0.061032953945969	58	miss	#0D3A6B
#4283C9	27	0.103474272103808	58	hit	#4283C9
#4283C9	28	0.145915590261647	58	hit	#4283C9
#4283C9	29	0.188356908419485	58	hit	#4283C9
#0D3A6B	30	0.153873337416241	58	miss	#0D3A6B
#4283C9	31	0.193662073189215	58	hit	#4283C9
#0D3A6B	32	0.160894879023237	58	miss	#0D3A6B
#0D3A6B	33	0.131768484209033	58	miss	#0D3A6B
#4283C9	34	0.167136249340566	58	hit	#4283C9
#0D3A6B	35	0.139214329499882	58	miss	#0D3A6B
#0D3A6B	36	0.114084601643267	58	miss	#0D3A6B
#0D3A6B	37	0.091348181201568	58	miss	#0D3A6B
#4283C9	38	0.121663408457167	58	hit	#4283C9
#4283C9	39	0.151978635712766	58	hit	#4283C9
#0D3A6B	40	0.12855323283344	58	miss	#0D3A6B
#0D3A6B	41	0.107164821508837	58	miss	#0D3A6B
#4283C9	42	0.134843942046558	58	hit	#4283C9
#4283C9	43	0.162523062584279	58	hit	#4283C9
#0D3A6B	44	0.140610425491917	58	miss	#0D3A6B
#4283C9	45	0.167136249340566	58	hit	#4283C9
#4283C9	46	0.193662073189215	58	hit	#4283C9
#4283C9	47	0.220187897037864	58	hit	#4283C9
#4283C9	48	0.246713720886513	58	hit	#4283C9
#4283C9	49	0.273239544735163	58	hit	#4283C9
#0D3A6B	50	0.247774753840459	58	miss	#0D3A6B
#0D3A6B	51	0.22426879301458	58	miss	#0D3A6B
#4283C9	52	0.248754168874871	58	hit	#4283C9
#0D3A6B	53	0.226082524559786	58	miss	#0D3A6B
#0D3A6B	54	0.205030283410065	58	miss	#0D3A6B
#4283C9	55	0.227766703851764	58	hit	#4283C9
#4283C9	56	0.250503124293463	58	hit	#4283C9
#0D3A6B	57	0.229334732847743	58	miss	#0D3A6B
#0D3A6B	58	0.209577567498405	58	miss	#0D3A6B
#4283C9	59	0.230798226577324	58	hit	#4283C9
#0D3A6B	2	0.363380227632419	59	miss	#0D3A6B
#4283C9	3	0.273239544735163	59	hit	#4283C9
#4283C9	4	0.909859317102744	59	hit	#4283C9
#4283C9	5	1.54647908947033	59	hit	#4283C9
#0D3A6B	6	0.591549430918953	59	miss	#0D3A6B
#4283C9	7	0.909859317102744	59	hit	#4283C9
#0D3A6B	8	0.485446135524357	59	miss	#0D3A6B
#4283C9	9	0.69765272631355	59	hit	#4283C9
#4283C9	10	0.909859317102744	59	hit	#4283C9
#0D3A6B	11	0.591549430918953	59	miss	#0D3A6B
#4283C9	12	0.750704374010849	59	hit	#4283C9
#0D3A6B	13	0.527887453682195	59	miss	#0D3A6B
#4283C9	14	0.655211408155712	59	hit	#4283C9
#0D3A6B	15	0.485446135524357	59	miss	#0D3A6B
#0D3A6B	16	0.36418522650196	59	miss	#0D3A6B
#0D3A6B	17	0.273239544735163	59	miss	#0D3A6B
#0D3A6B	18	0.202504014472098	59	miss	#0D3A6B
#4283C9	19	0.273239544735163	59	hit	#4283C9
#0D3A6B	20	0.209577567498405	59	miss	#0D3A6B
#0D3A6B	21	0.157490495213784	59	miss	#0D3A6B
#0D3A6B	22	0.114084601643267	59	miss	#0D3A6B
#0D3A6B	23	0.07735653785283	59	miss	#0D3A6B
#0D3A6B	24	0.0458753403181694	59	miss	#0D3A6B
#4283C9	25	0.091348181201568	59	hit	#4283C9
#0D3A6B	26	0.061032953945969	59	miss	#0D3A6B
#4283C9	27	0.103474272103808	59	hit	#4283C9
#4283C9	28	0.145915590261647	59	hit	#4283C9
#4283C9	29	0.188356908419485	59	hit	#4283C9
#0D3A6B	30	0.153873337416241	59	miss	#0D3A6B
#4283C9	31	0.193662073189215	59	hit	#4283C9
#0D3A6B	32	0.160894879023237	59	miss	#0D3A6B
#0D3A6B	33	0.131768484209033	59	miss	#0D3A6B
#4283C9	34	0.167136249340566	59	hit	#4283C9
#0D3A6B	35	0.139214329499882	59	miss	#0D3A6B
#0D3A6B	36	0.114084601643267	59	miss	#0D3A6B
#0D3A6B	37	0.091348181201568	59	miss	#0D3A6B
#4283C9	38	0.121663408457167	59	hit	#4283C9
#4283C9	39	0.151978635712766	59	hit	#4283C9
#0D3A6B	40	0.12855323283344	59	miss	#0D3A6B
#0D3A6B	41	0.107164821508837	59	miss	#0D3A6B
#4283C9	42	0.134843942046558	59	hit	#4283C9
#4283C9	43	0.162523062584279	59	hit	#4283C9
#0D3A6B	44	0.140610425491917	59	miss	#0D3A6B
#4283C9	45	0.167136249340566	59	hit	#4283C9
#4283C9	46	0.193662073189215	59	hit	#4283C9
#4283C9	47	0.220187897037864	59	hit	#4283C9
#4283C9	48	0.246713720886513	59	hit	#4283C9
#4283C9	49	0.273239544735163	59	hit	#4283C9
#0D3A6B	50	0.247774753840459	59	miss	#0D3A6B
#0D3A6B	51	0.22426879301458	59	miss	#0D3A6B
#4283C9	52	0.248754168874871	59	hit	#4283C9
#0D3A6B	53	0.226082524559786	59	miss	#0D3A6B
#0D3A6B	54	0.205030283410065	59	miss	#0D3A6B
#4283C9	55	0.227766703851764	59	hit	#4283C9
#4283C9	56	0.250503124293463	59	hit	#4283C9
#0D3A6B	57	0.229334732847743	59	miss	#0D3A6B
#0D3A6B	58	0.209577567498405	59	miss	#0D3A6B
#4283C9	59	0.230798226577324	59	hit	#4283C9
#0D3A6B	60	0.211631179667332	59	miss	#0D3A6B
#0D3A6B	2	0.363380227632419	60	miss	#0D3A6B
#4283C9	3	0.273239544735163	60	hit	#4283C9
#4283C9	4	0.909859317102744	60	hit	#4283C9
#4283C9	5	1.54647908947033	60	hit	#4283C9
#0D3A6B	6	0.591549430918953	60	miss	#0D3A6B
#4283C9	7	0.909859317102744	60	hit	#4283C9
#0D3A6B	8	0.485446135524357	60	miss	#0D3A6B
#4283C9	9	0.69765272631355	60	hit	#4283C9
#4283C9	10	0.909859317102744	60	hit	#4283C9
#0D3A6B	11	0.591549430918953	60	miss	#0D3A6B
#4283C9	12	0.750704374010849	60	hit	#4283C9
#0D3A6B	13	0.527887453682195	60	miss	#0D3A6B
#4283C9	14	0.655211408155712	60	hit	#4283C9
#0D3A6B	15	0.485446135524357	60	miss	#0D3A6B
#0D3A6B	16	0.36418522650196	60	miss	#0D3A6B
#0D3A6B	17	0.273239544735163	60	miss	#0D3A6B
#0D3A6B	18	0.202504014472098	60	miss	#0D3A6B
#4283C9	19	0.273239544735163	60	hit	#4283C9
#0D3A6B	20	0.209577567498405	60	miss	#0D3A6B
#0D3A6B	21	0.157490495213784	60	miss	#0D3A6B
#0D3A6B	22	0.114084601643267	60	miss	#0D3A6B
#0D3A6B	23	0.07735653785283	60	miss	#0D3A6B
#0D3A6B	24	0.0458753403181694	60	miss	#0D3A6B
#4283C9	25	0.091348181201568	60	hit	#4283C9
#0D3A6B	26	0.061032953945969	60	miss	#0D3A6B
#4283C9	27	0.103474272103808	60	hit	#4283C9
#4283C9	28	0.145915590261647	60	hit	#4283C9
#4283C9	29	0.188356908419485	60	hit	#4283C9
#0D3A6B	30	0.153873337416241	60	miss	#0D3A6B
#4283C9	31	0.193662073189215	60	hit	#4283C9
#0D3A6B	32	0.160894879023237	60	miss	#0D3A6B
#0D3A6B	33	0.131768484209033	60	miss	#0D3A6B
#4283C9	34	0.167136249340566	60	hit	#4283C9
#0D3A6B	35	0.139214329499882	60	miss	#0D3A6B
#0D3A6B	36	0.114084601643267	60	miss	#0D3A6B
#0D3A6B	37	0.091348181201568	60	miss	#0D3A6B
#4283C9	38	0.121663408457167	60	hit	#4283C9
#4283C9	39	0.151978635712766	60	hit	#4283C9
#0D3A6B	40	0.12855323283344	60	miss	#0D3A6B
#0D3A6B	41	0.107164821508837	60	miss	#0D3A6B
#4283C9	42	0.134843942046558	60	hit	#4283C9
#4283C9	43	0.162523062584279	60	hit	#4283C9
#0D3A6B	44	0.140610425491917	60	miss	#0D3A6B
#4283C9	45	0.167136249340566	60	hit	#4283C9
#4283C9	46	0.193662073189215	60	hit	#4283C9
#4283C9	47	0.220187897037864	60	hit	#4283C9
#4283C9	48	0.246713720886513	60	hit	#4283C9
#4283C9	49	0.273239544735163	60	hit	#4283C9
#0D3A6B	50	0.247774753840459	60	miss	#0D3A6B
#0D3A6B	51	0.22426879301458	60	miss	#0D3A6B
#4283C9	52	0.248754168874871	60	hit	#4283C9
#0D3A6B	53	0.226082524559786	60	miss	#0D3A6B
#0D3A6B	54	0.205030283410065	60	miss	#0D3A6B
#4283C9	55	0.227766703851764	60	hit	#4283C9
#4283C9	56	0.250503124293463	60	hit	#4283C9
#0D3A6B	57	0.229334732847743	60	miss	#0D3A6B
#0D3A6B	58	0.209577567498405	60	miss	#0D3A6B
#4283C9	59	0.230798226577324	60	hit	#4283C9
#0D3A6B	60	0.211631179667332	60	miss	#0D3A6B
#4283C9	61	0.232167301356609	60	hit	#4283C9
#0D3A6B	2	0.363380227632419	61	miss	#0D3A6B
#4283C9	3	0.273239544735163	61	hit	#4283C9
#4283C9	4	0.909859317102744	61	hit	#4283C9
#4283C9	5	1.54647908947033	61	hit	#4283C9
#0D3A6B	6	0.591549430918953	61	miss	#0D3A6B
#4283C9	7	0.909859317102744	61	hit	#4283C9
#0D3A6B	8	0.485446135524357	61	miss	#0D3A6B
#4283C9	9	0.69765272631355	61	hit	#4283C9
#4283C9	10	0.909859317102744	61	hit	#4283C9
#0D3A6B	11	0.591549430918953	61	miss	#0D3A6B
#4283C9	12	0.750704374010849	61	hit	#4283C9
#0D3A6B	13	0.527887453682195	61	miss	#0D3A6B
#4283C9	14	0.655211408155712	61	hit	#4283C9
#0D3A6B	15	0.485446135524357	61	miss	#0D3A6B
#0D3A6B	16	0.36418522650196	61	miss	#0D3A6B
#0D3A6B	17	0.273239544735163	61	miss	#0D3A6B
#0D3A6B	18	0.202504014472098	61	miss	#0D3A6B
#4283C9	19	0.273239544735163	61	hit	#4283C9
#0D3A6B	20	0.209577567498405	61	miss	#0D3A6B
#0D3A6B	21	0.157490495213784	61	miss	#0D3A6B
#0D3A6B	22	0.114084601643267	61	miss	#0D3A6B
#0D3A6B	23	0.07735653785283	61	miss	#0D3A6B
#0D3A6B	24	0.0458753403181694	61	miss	#0D3A6B
#4283C9	25	0.091348181201568	61	hit	#4283C9
#0D3A6B	26	0.061032953945969	61	miss	#0D3A6B
#4283C9	27	0.103474272103808	61	hit	#4283C9
#4283C9	28	0.145915590261647	61	hit	#4283C9
#4283C9	29	0.188356908419485	61	hit	#4283C9
#0D3A6B	30	0.153873337416241	61	miss	#0D3A6B
#4283C9	31	0.193662073189215	61	hit	#4283C9
#0D3A6B	32	0.160894879023237	61	miss	#0D3A6B
#0D3A6B	33	0.131768484209033	61	miss	#0D3A6B
#4283C9	34	0.167136249340566	61	hit	#4283C9
#0D3A6B	35	0.139214329499882	61	miss	#0D3A6B
#0D3A6B	36	0.114084601643267	61	miss	#0D3A6B
#0D3A6B	37	0.091348181201568	61	miss	#0D3A6B
#4283C9	38	0.121663408457167	61	hit	#4283C9
#4283C9	39	0.151978635712766	61	hit	#4283C9
#0D3A6B	40	0.12855323283344	61	miss	#0D3A6B
#0D3A6B	41	0.107164821508837	61	miss	#0D3A6B
#4283C9	42	0.134843942046558	61	hit	#4283C9
#4283C9	43	0.162523062584279	61	hit	#4283C9
#0D3A6B	44	0.140610425491917	61	miss	#0D3A6B
#4283C9	45	0.167136249340566	61	hit	#4283C9
#4283C9	46	0.193662073189215	61	hit	#4283C9
#4283C9	47	0.220187897037864	61	hit	#4283C9
#4283C9	48	0.246713720886513	61	hit	#4283C9
#4283C9	49	0.273239544735163	61	hit	#4283C9
#0D3A6B	50	0.247774753840459	61	miss	#0D3A6B
#0D3A6B	51	0.22426879301458	61	miss	#0D3A6B
#4283C9	52	0.248754168874871	61	hit	#4283C9
#0D3A6B	53	0.226082524559786	61	miss	#0D3A6B
#0D3A6B	54	0.205030283410065	61	miss	#0D3A6B
#4283C9	55	0.227766703851764	61	hit	#4283C9
#4283C9	56	0.250503124293463	61	hit	#4283C9
#0D3A6B	57	0.229334732847743	61	miss	#0D3A6B
#0D3A6B	58	0.209577567498405	61	miss	#0D3A6B
#4283C9	59	0.230798226577324	61	hit	#4283C9
#0D3A6B	60	0.211631179667332	61	miss	#0D3A6B
#4283C9	61	0.232167301356609	61	hit	#4283C9
#0D3A6B	62	0.213556441075702	61	miss	#0D3A6B
#0D3A6B	2	0.363380227632419	62	miss	#0D3A6B
#4283C9	3	0.273239544735163	62	hit	#4283C9
#4283C9	4	0.909859317102744	62	hit	#4283C9
#4283C9	5	1.54647908947033	62	hit	#4283C9
#0D3A6B	6	0.591549430918953	62	miss	#0D3A6B
#4283C9	7	0.909859317102744	62	hit	#4283C9
#0D3A6B	8	0.485446135524357	62	miss	#0D3A6B
#4283C9	9	0.69765272631355	62	hit	#4283C9
#4283C9	10	0.909859317102744	62	hit	#4283C9
#0D3A6B	11	0.591549430918953	62	miss	#0D3A6B
#4283C9	12	0.750704374010849	62	hit	#4283C9
#0D3A6B	13	0.527887453682195	62	miss	#0D3A6B
#4283C9	14	0.655211408155712	62	hit	#4283C9
#0D3A6B	15	0.485446135524357	62	miss	#0D3A6B
#0D3A6B	16	0.36418522650196	62	miss	#0D3A6B
#0D3A6B	17	0.273239544735163	62	miss	#0D3A6B
#0D3A6B	18	0.202504014472098	62	miss	#0D3A6B
#4283C9	19	0.273239544735163	62	hit	#4283C9
#0D3A6B	20	0.209577567498405	62	miss	#0D3A6B
#0D3A6B	21	0.157490495213784	62	miss	#0D3A6B
#0D3A6B	22	0.114084601643267	62	miss	#0D3A6B
#0D3A6B	23	0.07735653785283	62	miss	#0D3A6B
#0D3A6B	24	0.0458753403181694	62	miss	#0D3A6B
#4283C9	25	0.091348181201568	62	hit	#4283C9
#0D3A6B	26	0.061032953945969	62	miss	#0D3A6B
#4283C9	27	0.103474272103808	62	hit	#4283C9
#4283C9	28	0.145915590261647	62	hit	#4283C9
#4283C9	29	0.188356908419485	62	hit	#4283C9
#0D3A6B	30	0.153873337416241	62	miss	#0D3A6B
#4283C9	31	0.193662073189215	62	hit	#4283C9
#0D3A6B	32	0.160894879023237	62	miss	#0D3A6B
#0D3A6B	33	0.131768484209033	62	miss	#0D3A6B
#4283C9	34	0.167136249340566	62	hit	#4283C9
#0D3A6B	35	0.139214329499882	62	miss	#0D3A6B
#0D3A6B	36	0.114084601643267	62	miss	#0D3A6B
#0D3A6B	37	0.091348181201568	62	miss	#0D3A6B
#4283C9	38	0.121663408457167	62	hit	#4283C9
#4283C9	39	0.151978635712766	62	hit	#4283C9
#0D3A6B	40	0.12855323283344	62	miss	#0D3A6B
#0D3A6B	41	0.107164821508837	62	miss	#0D3A6B
#4283C9	42	0.134843942046558	62	hit	#4283C9
#4283C9	43	0.162523062584279	62	hit	#4283C9
#0D3A6B	44	0.140610425491917	62	miss	#0D3A6B
#4283C9	45	0.167136249340566	62	hit	#4283C9
#4283C9	46	0.193662073189215	62	hit	#4283C9
#4283C9	47	0.220187897037864	62	hit	#4283C9
#4283C9	48	0.246713720886513	62	hit	#4283C9
#4283C9	49	0.273239544735163	62	hit	#4283C9
#0D3A6B	50	0.247774753840459	62	miss	#0D3A6B
#0D3A6B	51	0.22426879301458	62	miss	#0D3A6B
#4283C9	52	0.248754168874871	62	hit	#4283C9
#0D3A6B	53	0.226082524559786	62	miss	#0D3A6B
#0D3A6B	54	0.205030283410065	62	miss	#0D3A6B
#4283C9	55	0.227766703851764	62	hit	#4283C9
#4283C9	56	0.250503124293463	62	hit	#4283C9
#0D3A6B	57	0.229334732847743	62	miss	#0D3A6B
#0D3A6B	58	0.209577567498405	62	miss	#0D3A6B
#4283C9	59	0.230798226577324	62	hit	#4283C9
#0D3A6B	60	0.211631179667332	62	miss	#0D3A6B
#4283C9	61	0.232167301356609	62	hit	#4283C9
#0D3A6B	62	0.213556441075702	62	miss	#0D3A6B
#0D3A6B	63	0.196073511720911	62	miss	#0D3A6B
#0D3A6B	2	0.363380227632419	63	miss	#0D3A6B
#4283C9	3	0.273239544735163	63	hit	#4283C9
#4283C9	4	0.909859317102744	63	hit	#4283C9
#4283C9	5	1.54647908947033	63	hit	#4283C9
#0D3A6B	6	0.591549430918953	63	miss	#0D3A6B
#4283C9	7	0.909859317102744	63	hit	#4283C9
#0D3A6B	8	0.485446135524357	63	miss	#0D3A6B
#4283C9	9	0.69765272631355	63	hit	#4283C9
#4283C9	10	0.909859317102744	63	hit	#4283C9
#0D3A6B	11	0.591549430918953	63	miss	#0D3A6B
#4283C9	12	0.750704374010849	63	hit	#4283C9
#0D3A6B	13	0.527887453682195	63	miss	#0D3A6B
#4283C9	14	0.655211408155712	63	hit	#4283C9
#0D3A6B	15	0.485446135524357	63	miss	#0D3A6B
#0D3A6B	16	0.36418522650196	63	miss	#0D3A6B
#0D3A6B	17	0.273239544735163	63	miss	#0D3A6B
#0D3A6B	18	0.202504014472098	63	miss	#0D3A6B
#4283C9	19	0.273239544735163	63	hit	#4283C9
#0D3A6B	20	0.209577567498405	63	miss	#0D3A6B
#0D3A6B	21	0.157490495213784	63	miss	#0D3A6B
#0D3A6B	22	0.114084601643267	63	miss	#0D3A6B
#0D3A6B	23	0.07735653785283	63	miss	#0D3A6B
#0D3A6B	24	0.0458753403181694	63	miss	#0D3A6B
#4283C9	25	0.091348181201568	63	hit	#4283C9
#0D3A6B	26	0.061032953945969	63	miss	#0D3A6B
#4283C9	27	0.103474272103808	63	hit	#4283C9
#4283C9	28	0.145915590261647	63	hit	#4283C9
#4283C9	29	0.188356908419485	63	hit	#4283C9
#0D3A6B	30	0.153873337416241	63	miss	#0D3A6B
#4283C9	31	0.193662073189215	63	hit	#4283C9
#0D3A6B	32	0.160894879023237	63	miss	#0D3A6B
#0D3A6B	33	0.131768484209033	63	miss	#0D3A6B
#4283C9	34	0.167136249340566	63	hit	#4283C9
#0D3A6B	35	0.139214329499882	63	miss	#0D3A6B
#0D3A6B	36	0.114084601643267	63	miss	#0D3A6B
#0D3A6B	37	0.091348181201568	63	miss	#0D3A6B
#4283C9	38	0.121663408457167	63	hit	#4283C9
#4283C9	39	0.151978635712766	63	hit	#4283C9
#0D3A6B	40	0.12855323283344	63	miss	#0D3A6B
#0D3A6B	41	0.107164821508837	63	miss	#0D3A6B
#4283C9	42	0.134843942046558	63	hit	#4283C9
#4283C9	43	0.162523062584279	63	hit	#4283C9
#0D3A6B	44	0.140610425491917	63	miss	#0D3A6B
#4283C9	45	0.167136249340566	63	hit	#4283C9
#4283C9	46	0.193662073189215	63	hit	#4283C9
#4283C9	47	0.220187897037864	63	hit	#4283C9
#4283C9	48	0.246713720886513	63	hit	#4283C9
#4283C9	49	0.273239544735163	63	hit	#4283C9
#0D3A6B	50	0.247774753840459	63	miss	#0D3A6B
#0D3A6B	51	0.22426879301458	63	miss	#0D3A6B
#4283C9	52	0.248754168874871	63	hit	#4283C9
#0D3A6B	53	0.226082524559786	63	miss	#0D3A6B
#0D3A6B	54	0.205030283410065	63	miss	#0D3A6B
#4283C9	55	0.227766703851764	63	hit	#4283C9
#4283C9	56	0.250503124293463	63	hit	#4283C9
#0D3A6B	57	0.229334732847743	63	miss	#0D3A6B
#0D3A6B	58	0.209577567498405	63	miss	#0D3A6B
#4283C9	59	0.230798226577324	63	hit	#4283C9
#0D3A6B	60	0.211631179667332	63	miss	#0D3A6B
#4283C9	61	0.232167301356609	63	hit	#4283C9
#0D3A6B	62	0.213556441075702	63	miss	#0D3A6B
#0D3A6B	63	0.196073511720911	63	miss	#0D3A6B
#0D3A6B	64	0.179618989975224	63	miss	#0D3A6B
#0D3A6B	2	0.363380227632419	64	miss	#0D3A6B
#4283C9	3	0.273239544735163	64	hit	#4283C9
#4283C9	4	0.909859317102744	64	hit	#4283C9
#4283C9	5	1.54647908947033	64	hit	#4283C9
#0D3A6B	6	0.591549430918953	64	miss	#0D3A6B
#4283C9	7	0.909859317102744	64	hit	#4283C9
#0D3A6B	8	0.485446135524357	64	miss	#0D3A6B
#4283C9	9	0.69765272631355	64	hit	#4283C9
#4283C9	10	0.909859317102744	64	hit	#4283C9
#0D3A6B	11	0.591549430918953	64	miss	#0D3A6B
#4283C9	12	0.750704374010849	64	hit	#4283C9
#0D3A6B	13	0.527887453682195	64	miss	#0D3A6B
#4283C9	14	0.655211408155712	64	hit	#4283C9
#0D3A6B	15	0.485446135524357	64	miss	#0D3A6B
#0D3A6B	16	0.36418522650196	64	miss	#0D3A6B
#0D3A6B	17	0.273239544735163	64	miss	#0D3A6B
#0D3A6B	18	0.202504014472098	64	miss	#0D3A6B
#4283C9	19	0.273239544735163	64	hit	#4283C9
#0D3A6B	20	0.209577567498405	64	miss	#0D3A6B
#0D3A6B	21	0.157490495213784	64	miss	#0D3A6B
#0D3A6B	22	0.114084601643267	64	miss	#0D3A6B
#0D3A6B	23	0.07735653785283	64	miss	#0D3A6B
#0D3A6B	24	0.0458753403181694	64	miss	#0D3A6B
#4283C9	25	0.091348181201568	64	hit	#4283C9
#0D3A6B	26	0.061032953945969	64	miss	#0D3A6B
#4283C9	27	0.103474272103808	64	hit	#4283C9
#4283C9	28	0.145915590261647	64	hit	#4283C9
#4283C9	29	0.188356908419485	64	hit	#4283C9
#0D3A6B	30	0.153873337416241	64	miss	#0D3A6B
#4283C9	31	0.193662073189215	64	hit	#4283C9
#0D3A6B	32	0.160894879023237	64	miss	#0D3A6B
#0D3A6B	33	0.131768484209033	64	miss	#0D3A6B
#4283C9	34	0.167136249340566	64	hit	#4283C9
#0D3A6B	35	0.139214329499882	64	miss	#0D3A6B
#0D3A6B	36	0.114084601643267	64	miss	#0D3A6B
#0D3A6B	37	0.091348181201568	64	miss	#0D3A6B
#4283C9	38	0.121663408457167	64	hit	#4283C9
#4283C9	39	0.151978635712766	64	hit	#4283C9
#0D3A6B	40	0.12855323283344	64	miss	#0D3A6B
#0D3A6B	41	0.107164821508837	64	miss	#0D3A6B
#4283C9	42	0.134843942046558	64	hit	#4283C9
#4283C9	43	0.162523062584279	64	hit	#4283C9
#0D3A6B	44	0.140610425491917	64	miss	#0D3A6B
#4283C9	45	0.167136249340566	64	hit	#4283C9
#4283C9	46	0.193662073189215	64	hit	#4283C9
#4283C9	47	0.220187897037864	64	hit	#4283C9
#4283C9	48	0.246713720886513	64	hit	#4283C9
#4283C9	49	0.273239544735163	64	hit	#4283C9
#0D3A6B	50	0.247774753840459	64	miss	#0D3A6B
#0D3A6B	51	0.22426879301458	64	miss	#0D3A6B
#4283C9	52	0.248754168874871	64	hit	#4283C9
#0D3A6B	53	0.226082524559786	64	miss	#0D3A6B
#0D3A6B	54	0.205030283410065	64	miss	#0D3A6B
#4283C9	55	0.227766703851764	64	hit	#4283C9
#4283C9	56	0.250503124293463	64	hit	#4283C9
#0D3A6B	57	0.229334732847743	64	miss	#0D3A6B
#0D3A6B	58	0.209577567498405	64	miss	#0D3A6B
#4283C9	59	0.230798226577324	64	hit	#4283C9
#0D3A6B	60	0.211631179667332	64	miss	#0D3A6B
#4283C9	61	0.232167301356609	64	hit	#4283C9
#0D3A6B	62	0.213556441075702	64	miss	#0D3A6B
#0D3A6B	63	0.196073511720911	64	miss	#0D3A6B
#0D3A6B	64	0.179618989975224	64	miss	#0D3A6B
#0D3A6B	65	0.164104726615006	64	miss	#0D3A6B
#0D3A6B	2	0.363380227632419	65	miss	#0D3A6B
#4283C9	3	0.273239544735163	65	hit	#4283C9
#4283C9	4	0.909859317102744	65	hit	#4283C9
#4283C9	5	1.54647908947033	65	hit	#4283C9
#0D3A6B	6	0.591549430918953	65	miss	#0D3A6B
#4283C9	7	0.909859317102744	65	hit	#4283C9
#0D3A6B	8	0.485446135524357	65	miss	#0D3A6B
#4283C9	9	0.69765272631355	65	hit	#4283C9
#4283C9	10	0.909859317102744	65	hit	#4283C9
#0D3A6B	11	0.591549430918953	65	miss	#0D3A6B
#4283C9	12	0.750704374010849	65	hit	#4283C9
#0D3A6B	13	0.527887453682195	65	miss	#0D3A6B
#4283C9	14	0.655211408155712	65	hit	#4283C9
#0D3A6B	15	0.485446135524357	65	miss	#0D3A6B
#0D3A6B	16	0.36418522650196	65	miss	#0D3A6B
#0D3A6B	17	0.273239544735163	65	miss	#0D3A6B
#0D3A6B	18	0.202504014472098	65	miss	#0D3A6B
#4283C9	19	0.273239544735163	65	hit	#4283C9
#0D3A6B	20	0.209577567498405	65	miss	#0D3A6B
#0D3A6B	21	0.157490495213784	65	miss	#0D3A6B
#0D3A6B	22	0.114084601643267	65	miss	#0D3A6B
#0D3A6B	23	0.07735653785283	65	miss	#0D3A6B
#0D3A6B	24	0.0458753403181694	65	miss	#0D3A6B
#4283C9	25	0.091348181201568	65	hit	#4283C9
#0D3A6B	26	0.061032953945969	65	miss	#0D3A6B
#4283C9	27	0.103474272103808	65	hit	#4283C9
#4283C9	28	0.145915590261647	65	hit	#4283C9
#4283C9	29	0.188356908419485	65	hit	#4283C9
#0D3A6B	30	0.153873337416241	65	miss	#0D3A6B
#4283C9	31	0.193662073189215	65	hit	#4283C9
#0D3A6B	32	0.160894879023237	65	miss	#0D3A6B
#0D3A6B	33	0.131768484209033	65	miss	#0D3A6B
#4283C9	34	0.167136249340566	65	hit	#4283C9
#0D3A6B	35	0.139214329499882	65	miss	#0D3A6B
#0D3A6B	36	0.114084601643267	65	miss	#0D3A6B
#0D3A6B	37	0.091348181201568	65	miss	#0D3A6B
#4283C9	38	0.121663408457167	65	hit	#4283C9
#4283C9	39	0.151978635712766	65	hit	#4283C9
#0D3A6B	40	0.12855323283344	65	miss	#0D3A6B
#0D3A6B	41	0.107164821508837	65	miss	#0D3A6B
#4283C9	42	0.134843942046558	65	hit	#4283C9
#4283C9	43	0.162523062584279	65	hit	#4283C9
#0D3A6B	44	0.140610425491917	65	miss	#0D3A6B
#4283C9	45	0.167136249340566	65	hit	#4283C9
#4283C9	46	0.193662073189215	65	hit	#4283C9
#4283C9	47	0.220187897037864	65	hit	#4283C9
#4283C9	48	0.246713720886513	65	hit	#4283C9
#4283C9	49	0.273239544735163	65	hit	#4283C9
#0D3A6B	50	0.247774753840459	65	miss	#0D3A6B
#0D3A6B	51	0.22426879301458	65	miss	#0D3A6B
#4283C9	52	0.248754168874871	65	hit	#4283C9
#0D3A6B	53	0.226082524559786	65	miss	#0D3A6B
#0D3A6B	54	0.205030283410065	65	miss	#0D3A6B
#4283C9	55	0.227766703851764	65	hit	#4283C9
#4283C9	56	0.250503124293463	65	hit	#4283C9
#0D3A6B	57	0.229334732847743	65	miss	#0D3A6B
#0D3A6B	58	0.209577567498405	65	miss	#0D3A6B
#4283C9	59	0.230798226577324	65	hit	#4283C9
#0D3A6B	60	0.211631179667332	65	miss	#0D3A6B
#4283C9	61	0.232167301356609	65	hit	#4283C9
#0D3A6B	62	0.213556441075702	65	miss	#0D3A6B
#0D3A6B	63	0.196073511720911	65	miss	#0D3A6B
#0D3A6B	64	0.179618989975224	65	miss	#0D3A6B
#0D3A6B	65	0.164104726615006	65	miss	#0D3A6B
#0D3A6B	66	0.1494523667748	65	miss	#0D3A6B
#0D3A6B	2	0.363380227632419	66	miss	#0D3A6B
#4283C9	3	0.273239544735163	66	hit	#4283C9
#4283C9	4	0.909859317102744	66	hit	#4283C9
#4283C9	5	1.54647908947033	66	hit	#4283C9
#0D3A6B	6	0.591549430918953	66	miss	#0D3A6B
#4283C9	7	0.909859317102744	66	hit	#4283C9
#0D3A6B	8	0.485446135524357	66	miss	#0D3A6B
#4283C9	9	0.69765272631355	66	hit	#4283C9
#4283C9	10	0.909859317102744	66	hit	#4283C9
#0D3A6B	11	0.591549430918953	66	miss	#0D3A6B
#4283C9	12	0.750704374010849	66	hit	#4283C9
#0D3A6B	13	0.527887453682195	66	miss	#0D3A6B
#4283C9	14	0.655211408155712	66	hit	#4283C9
#0D3A6B	15	0.485446135524357	66	miss	#0D3A6B
#0D3A6B	16	0.36418522650196	66	miss	#0D3A6B
#0D3A6B	17	0.273239544735163	66	miss	#0D3A6B
#0D3A6B	18	0.202504014472098	66	miss	#0D3A6B
#4283C9	19	0.273239544735163	66	hit	#4283C9
#0D3A6B	20	0.209577567498405	66	miss	#0D3A6B
#0D3A6B	21	0.157490495213784	66	miss	#0D3A6B
#0D3A6B	22	0.114084601643267	66	miss	#0D3A6B
#0D3A6B	23	0.07735653785283	66	miss	#0D3A6B
#0D3A6B	24	0.0458753403181694	66	miss	#0D3A6B
#4283C9	25	0.091348181201568	66	hit	#4283C9
#0D3A6B	26	0.061032953945969	66	miss	#0D3A6B
#4283C9	27	0.103474272103808	66	hit	#4283C9
#4283C9	28	0.145915590261647	66	hit	#4283C9
#4283C9	29	0.188356908419485	66	hit	#4283C9
#0D3A6B	30	0.153873337416241	66	miss	#0D3A6B
#4283C9	31	0.193662073189215	66	hit	#4283C9
#0D3A6B	32	0.160894879023237	66	miss	#0D3A6B
#0D3A6B	33	0.131768484209033	66	miss	#0D3A6B
#4283C9	34	0.167136249340566	66	hit	#4283C9
#0D3A6B	35	0.139214329499882	66	miss	#0D3A6B
#0D3A6B	36	0.114084601643267	66	miss	#0D3A6B
#0D3A6B	37	0.091348181201568	66	miss	#0D3A6B
#4283C9	38	0.121663408457167	66	hit	#4283C9
#4283C9	39	0.151978635712766	66	hit	#4283C9
#0D3A6B	40	0.12855323283344	66	miss	#0D3A6B
#0D3A6B	41	0.107164821508837	66	miss	#0D3A6B
#4283C9	42	0.134843942046558	66	hit	#4283C9
#4283C9	43	0.162523062584279	66	hit	#4283C9
#0D3A6B	44	0.140610425491917	66	miss	#0D3A6B
#4283C9	45	0.167136249340566	66	hit	#4283C9
#4283C9	46	0.193662073189215	66	hit	#4283C9
#4283C9	47	0.220187897037864	66	hit	#4283C9
#4283C9	48	0.246713720886513	66	hit	#4283C9
#4283C9	49	0.273239544735163	66	hit	#4283C9
#0D3A6B	50	0.247774753840459	66	miss	#0D3A6B
#0D3A6B	51	0.22426879301458	66	miss	#0D3A6B
#4283C9	52	0.248754168874871	66	hit	#4283C9
#0D3A6B	53	0.226082524559786	66	miss	#0D3A6B
#0D3A6B	54	0.205030283410065	66	miss	#0D3A6B
#4283C9	55	0.227766703851764	66	hit	#4283C9
#4283C9	56	0.250503124293463	66	hit	#4283C9
#0D3A6B	57	0.229334732847743	66	miss	#0D3A6B
#0D3A6B	58	0.209577567498405	66	miss	#0D3A6B
#4283C9	59	0.230798226577324	66	hit	#4283C9
#0D3A6B	60	0.211631179667332	66	miss	#0D3A6B
#4283C9	61	0.232167301356609	66	hit	#4283C9
#0D3A6B	62	0.213556441075702	66	miss	#0D3A6B
#0D3A6B	63	0.196073511720911	66	miss	#0D3A6B
#0D3A6B	64	0.179618989975224	66	miss	#0D3A6B
#0D3A6B	65	0.164104726615006	66	miss	#0D3A6B
#0D3A6B	66	0.1494523667748	66	miss	#0D3A6B
#4283C9	67	0.167136249340566	66	hit	#4283C9
#0D3A6B	2	0.363380227632419	67	miss	#0D3A6B
#4283C9	3	0.273239544735163	67	hit	#4283C9
#4283C9	4	0.909859317102744	67	hit	#4283C9
#4283C9	5	1.54647908947033	67	hit	#4283C9
#0D3A6B	6	0.591549430918953	67	miss	#0D3A6B
#4283C9	7	0.909859317102744	67	hit	#4283C9
#0D3A6B	8	0.485446135524357	67	miss	#0D3A6B
#4283C9	9	0.69765272631355	67	hit	#4283C9
#4283C9	10	0.909859317102744	67	hit	#4283C9
#0D3A6B	11	0.591549430918953	67	miss	#0D3A6B
#4283C9	12	0.750704374010849	67	hit	#4283C9
#0D3A6B	13	0.527887453682195	67	miss	#0D3A6B
#4283C9	14	0.655211408155712	67	hit	#4283C9
#0D3A6B	15	0.485446135524357	67	miss	#0D3A6B
#0D3A6B	16	0.36418522650196	67	miss	#0D3A6B
#0D3A6B	17	0.273239544735163	67	miss	#0D3A6B
#0D3A6B	18	0.202504014472098	67	miss	#0D3A6B
#4283C9	19	0.273239544735163	67	hit	#4283C9
#0D3A6B	20	0.209577567498405	67	miss	#0D3A6B
#0D3A6B	21	0.157490495213784	67	miss	#0D3A6B
#0D3A6B	22	0.114084601643267	67	miss	#0D3A6B
#0D3A6B	23	0.07735653785283	67	miss	#0D3A6B
#0D3A6B	24	0.0458753403181694	67	miss	#0D3A6B
#4283C9	25	0.091348181201568	67	hit	#4283C9
#0D3A6B	26	0.061032953945969	67	miss	#0D3A6B
#4283C9	27	0.103474272103808	67	hit	#4283C9
#4283C9	28	0.145915590261647	67	hit	#4283C9
#4283C9	29	0.188356908419485	67	hit	#4283C9
#0D3A6B	30	0.153873337416241	67	miss	#0D3A6B
#4283C9	31	0.193662073189215	67	hit	#4283C9
#0D3A6B	32	0.160894879023237	67	miss	#0D3A6B
#0D3A6B	33	0.131768484209033	67	miss	#0D3A6B
#4283C9	34	0.167136249340566	67	hit	#4283C9
#0D3A6B	35	0.139214329499882	67	miss	#0D3A6B
#0D3A6B	36	0.114084601643267	67	miss	#0D3A6B
#0D3A6B	37	0.091348181201568	67	miss	#0D3A6B
#4283C9	38	0.121663408457167	67	hit	#4283C9
#4283C9	39	0.151978635712766	67	hit	#4283C9
#0D3A6B	40	0.12855323283344	67	miss	#0D3A6B
#0D3A6B	41	0.107164821508837	67	miss	#0D3A6B
#4283C9	42	0.134843942046558	67	hit	#4283C9
#4283C9	43	0.162523062584279	67	hit	#4283C9
#0D3A6B	44	0.140610425491917	67	miss	#0D3A6B
#4283C9	45	0.167136249340566	67	hit	#4283C9
#4283C9	46	0.193662073189215	67	hit	#4283C9
#4283C9	47	0.220187897037864	67	hit	#4283C9
#4283C9	48	0.246713720886513	67	hit	#4283C9
#4283C9	49	0.273239544735163	67	hit	#4283C9
#0D3A6B	50	0.247774753840459	67	miss	#0D3A6B
#0D3A6B	51	0.22426879301458	67	miss	#0D3A6B
#4283C9	52	0.248754168874871	67	hit	#4283C9
#0D3A6B	53	0.226082524559786	67	miss	#0D3A6B
#0D3A6B	54	0.205030283410065	67	miss	#0D3A6B
#4283C9	55	0.227766703851764	67	hit	#4283C9
#4283C9	56	0.250503124293463	67	hit	#4283C9
#0D3A6B	57	0.229334732847743	67	miss	#0D3A6B
#0D3A6B	58	0.209577567498405	67	miss	#0D3A6B
#4283C9	59	0.230798226577324	67	hit	#4283C9
#0D3A6B	60	0.211631179667332	67	miss	#0D3A6B
#4283C9	61	0.232167301356609	67	hit	#4283C9
#0D3A6B	62	0.213556441075702	67	miss	#0D3A6B
#0D3A6B	63	0.196073511720911	67	miss	#0D3A6B
#0D3A6B	64	0.179618989975224	67	miss	#0D3A6B
#0D3A6B	65	0.164104726615006	67	miss	#0D3A6B
#0D3A6B	66	0.1494523667748	67	miss	#0D3A6B
#4283C9	67	0.167136249340566	67	hit	#4283C9
#0D3A6B	68	0.152797966179134	67	miss	#0D3A6B
#0D3A6B	2	0.363380227632419	68	miss	#0D3A6B
#4283C9	3	0.273239544735163	68	hit	#4283C9
#4283C9	4	0.909859317102744	68	hit	#4283C9
#4283C9	5	1.54647908947033	68	hit	#4283C9
#0D3A6B	6	0.591549430918953	68	miss	#0D3A6B
#4283C9	7	0.909859317102744	68	hit	#4283C9
#0D3A6B	8	0.485446135524357	68	miss	#0D3A6B
#4283C9	9	0.69765272631355	68	hit	#4283C9
#4283C9	10	0.909859317102744	68	hit	#4283C9
#0D3A6B	11	0.591549430918953	68	miss	#0D3A6B
#4283C9	12	0.750704374010849	68	hit	#4283C9
#0D3A6B	13	0.527887453682195	68	miss	#0D3A6B
#4283C9	14	0.655211408155712	68	hit	#4283C9
#0D3A6B	15	0.485446135524357	68	miss	#0D3A6B
#0D3A6B	16	0.36418522650196	68	miss	#0D3A6B
#0D3A6B	17	0.273239544735163	68	miss	#0D3A6B
#0D3A6B	18	0.202504014472098	68	miss	#0D3A6B
#4283C9	19	0.273239544735163	68	hit	#4283C9
#0D3A6B	20	0.209577567498405	68	miss	#0D3A6B
#0D3A6B	21	0.157490495213784	68	miss	#0D3A6B
#0D3A6B	22	0.114084601643267	68	miss	#0D3A6B
#0D3A6B	23	0.07735653785283	68	miss	#0D3A6B
#0D3A6B	24	0.0458753403181694	68	miss	#0D3A6B
#4283C9	25	0.091348181201568	68	hit	#4283C9
#0D3A6B	26	0.061032953945969	68	miss	#0D3A6B
#4283C9	27	0.103474272103808	68	hit	#4283C9
#4283C9	28	0.145915590261647	68	hit	#4283C9
#4283C9	29	0.188356908419485	68	hit	#4283C9
#0D3A6B	30	0.153873337416241	68	miss	#0D3A6B
#4283C9	31	0.193662073189215	68	hit	#4283C9
#0D3A6B	32	0.160894879023237	68	miss	#0D3A6B
#0D3A6B	33	0.131768484209033	68	miss	#0D3A6B
#4283C9	34	0.167136249340566	68	hit	#4283C9
#0D3A6B	35	0.139214329499882	68	miss	#0D3A6B
#0D3A6B	36	0.114084601643267	68	miss	#0D3A6B
#0D3A6B	37	0.091348181201568	68	miss	#0D3A6B
#4283C9	38	0.121663408457167	68	hit	#4283C9
#4283C9	39	0.151978635712766	68	hit	#4283C9
#0D3A6B	40	0.12855323283344	68	miss	#0D3A6B
#0D3A6B	41	0.107164821508837	68	miss	#0D3A6B
#4283C9	42	0.134843942046558	68	hit	#4283C9
#4283C9	43	0.162523062584279	68	hit	#4283C9
#0D3A6B	44	0.140610425491917	68	miss	#0D3A6B
#4283C9	45	0.167136249340566	68	hit	#4283C9
#4283C9	46	0.193662073189215	68	hit	#4283C9
#4283C9	47	0.220187897037864	68	hit	#4283C9
#4283C9	48	0.246713720886513	68	hit	#4283C9
#4283C9	49	0.273239544735163	68	hit	#4283C9
#0D3A6B	50	0.247774753840459	68	miss	#0D3A6B
#0D3A6B	51	0.22426879301458	68	miss	#0D3A6B
#4283C9	52	0.248754168874871	68	hit	#4283C9
#0D3A6B	53	0.226082524559786	68	miss	#0D3A6B
#0D3A6B	54	0.205030283410065	68	miss	#0D3A6B
#4283C9	55	0.227766703851764	68	hit	#4283C9
#4283C9	56	0.250503124293463	68	hit	#4283C9
#0D3A6B	57	0.229334732847743	68	miss	#0D3A6B
#0D3A6B	58	0.209577567498405	68	miss	#0D3A6B
#4283C9	59	0.230798226577324	68	hit	#4283C9
#0D3A6B	60	0.211631179667332	68	miss	#0D3A6B
#4283C9	61	0.232167301356609	68	hit	#4283C9
#0D3A6B	62	0.213556441075702	68	miss	#0D3A6B
#0D3A6B	63	0.196073511720911	68	miss	#0D3A6B
#0D3A6B	64	0.179618989975224	68	miss	#0D3A6B
#0D3A6B	65	0.164104726615006	68	miss	#0D3A6B
#0D3A6B	66	0.1494523667748	68	miss	#0D3A6B
#4283C9	67	0.167136249340566	68	hit	#4283C9
#0D3A6B	68	0.152797966179134	68	miss	#0D3A6B
#0D3A6B	69	0.139214329499882	68	miss	#0D3A6B
#0D3A6B	2	0.363380227632419	69	miss	#0D3A6B
#4283C9	3	0.273239544735163	69	hit	#4283C9
#4283C9	4	0.909859317102744	69	hit	#4283C9
#4283C9	5	1.54647908947033	69	hit	#4283C9
#0D3A6B	6	0.591549430918953	69	miss	#0D3A6B
#4283C9	7	0.909859317102744	69	hit	#4283C9
#0D3A6B	8	0.485446135524357	69	miss	#0D3A6B
#4283C9	9	0.69765272631355	69	hit	#4283C9
#4283C9	10	0.909859317102744	69	hit	#4283C9
#0D3A6B	11	0.591549430918953	69	miss	#0D3A6B
#4283C9	12	0.750704374010849	69	hit	#4283C9
#0D3A6B	13	0.527887453682195	69	miss	#0D3A6B
#4283C9	14	0.655211408155712	69	hit	#4283C9
#0D3A6B	15	0.485446135524357	69	miss	#0D3A6B
#0D3A6B	16	0.36418522650196	69	miss	#0D3A6B
#0D3A6B	17	0.273239544735163	69	miss	#0D3A6B
#0D3A6B	18	0.202504014472098	69	miss	#0D3A6B
#4283C9	19	0.273239544735163	69	hit	#4283C9
#0D3A6B	20	0.209577567498405	69	miss	#0D3A6B
#0D3A6B	21	0.157490495213784	69	miss	#0D3A6B
#0D3A6B	22	0.114084601643267	69	miss	#0D3A6B
#0D3A6B	23	0.07735653785283	69	miss	#0D3A6B
#0D3A6B	24	0.0458753403181694	69	miss	#0D3A6B
#4283C9	25	0.091348181201568	69	hit	#4283C9
#0D3A6B	26	0.061032953945969	69	miss	#0D3A6B
#4283C9	27	0.103474272103808	69	hit	#4283C9
#4283C9	28	0.145915590261647	69	hit	#4283C9
#4283C9	29	0.188356908419485	69	hit	#4283C9
#0D3A6B	30	0.153873337416241	69	miss	#0D3A6B
#4283C9	31	0.193662073189215	69	hit	#4283C9
#0D3A6B	32	0.160894879023237	69	miss	#0D3A6B
#0D3A6B	33	0.131768484209033	69	miss	#0D3A6B
#4283C9	34	0.167136249340566	69	hit	#4283C9
#0D3A6B	35	0.139214329499882	69	miss	#0D3A6B
#0D3A6B	36	0.114084601643267	69	miss	#0D3A6B
#0D3A6B	37	0.091348181201568	69	miss	#0D3A6B
#4283C9	38	0.121663408457167	69	hit	#4283C9
#4283C9	39	0.151978635712766	69	hit	#4283C9
#0D3A6B	40	0.12855323283344	69	miss	#0D3A6B
#0D3A6B	41	0.107164821508837	69	miss	#0D3A6B
#4283C9	42	0.134843942046558	69	hit	#4283C9
#4283C9	43	0.162523062584279	69	hit	#4283C9
#0D3A6B	44	0.140610425491917	69	miss	#0D3A6B
#4283C9	45	0.167136249340566	69	hit	#4283C9
#4283C9	46	0.193662073189215	69	hit	#4283C9
#4283C9	47	0.220187897037864	69	hit	#4283C9
#4283C9	48	0.246713720886513	69	hit	#4283C9
#4283C9	49	0.273239544735163	69	hit	#4283C9
#0D3A6B	50	0.247774753840459	69	miss	#0D3A6B
#0D3A6B	51	0.22426879301458	69	miss	#0D3A6B
#4283C9	52	0.248754168874871	69	hit	#4283C9
#0D3A6B	53	0.226082524559786	69	miss	#0D3A6B
#0D3A6B	54	0.205030283410065	69	miss	#0D3A6B
#4283C9	55	0.227766703851764	69	hit	#4283C9
#4283C9	56	0.250503124293463	69	hit	#4283C9
#0D3A6B	57	0.229334732847743	69	miss	#0D3A6B
#0D3A6B	58	0.209577567498405	69	miss	#0D3A6B
#4283C9	59	0.230798226577324	69	hit	#4283C9
#0D3A6B	60	0.211631179667332	69	miss	#0D3A6B
#4283C9	61	0.232167301356609	69	hit	#4283C9
#0D3A6B	62	0.213556441075702	69	miss	#0D3A6B
#0D3A6B	63	0.196073511720911	69	miss	#0D3A6B
#0D3A6B	64	0.179618989975224	69	miss	#0D3A6B
#0D3A6B	65	0.164104726615006	69	miss	#0D3A6B
#0D3A6B	66	0.1494523667748	69	miss	#0D3A6B
#4283C9	67	0.167136249340566	69	hit	#4283C9
#0D3A6B	68	0.152797966179134	69	miss	#0D3A6B
#0D3A6B	69	0.139214329499882	69	miss	#0D3A6B
#0D3A6B	70	0.126327289573413	69	miss	#0D3A6B
#0D3A6B	2	0.363380227632419	70	miss	#0D3A6B
#4283C9	3	0.273239544735163	70	hit	#4283C9
#4283C9	4	0.909859317102744	70	hit	#4283C9
#4283C9	5	1.54647908947033	70	hit	#4283C9
#0D3A6B	6	0.591549430918953	70	miss	#0D3A6B
#4283C9	7	0.909859317102744	70	hit	#4283C9
#0D3A6B	8	0.485446135524357	70	miss	#0D3A6B
#4283C9	9	0.69765272631355	70	hit	#4283C9
#4283C9	10	0.909859317102744	70	hit	#4283C9
#0D3A6B	11	0.591549430918953	70	miss	#0D3A6B
#4283C9	12	0.750704374010849	70	hit	#4283C9
#0D3A6B	13	0.527887453682195	70	miss	#0D3A6B
#4283C9	14	0.655211408155712	70	hit	#4283C9
#0D3A6B	15	0.485446135524357	70	miss	#0D3A6B
#0D3A6B	16	0.36418522650196	70	miss	#0D3A6B
#0D3A6B	17	0.273239544735163	70	miss	#0D3A6B
#0D3A6B	18	0.202504014472098	70	miss	#0D3A6B
#4283C9	19	0.273239544735163	70	hit	#4283C9
#0D3A6B	20	0.209577567498405	70	miss	#0D3A6B
#0D3A6B	21	0.157490495213784	70	miss	#0D3A6B
#0D3A6B	22	0.114084601643267	70	miss	#0D3A6B
#0D3A6B	23	0.07735653785283	70	miss	#0D3A6B
#0D3A6B	24	0.0458753403181694	70	miss	#0D3A6B
#4283C9	25	0.091348181201568	70	hit	#4283C9
#0D3A6B	26	0.061032953945969	70	miss	#0D3A6B
#4283C9	27	0.103474272103808	70	hit	#4283C9
#4283C9	28	0.145915590261647	70	hit	#4283C9
#4283C9	29	0.188356908419485	70	hit	#4283C9
#0D3A6B	30	0.153873337416241	70	miss	#0D3A6B
#4283C9	31	0.193662073189215	70	hit	#4283C9
#0D3A6B	32	0.160894879023237	70	miss	#0D3A6B
#0D3A6B	33	0.131768484209033	70	miss	#0D3A6B
#4283C9	34	0.167136249340566	70	hit	#4283C9
#0D3A6B	35	0.139214329499882	70	miss	#0D3A6B
#0D3A6B	36	0.114084601643267	70	miss	#0D3A6B
#0D3A6B	37	0.091348181201568	70	miss	#0D3A6B
#4283C9	38	0.121663408457167	70	hit	#4283C9
#4283C9	39	0.151978635712766	70	hit	#4283C9
#0D3A6B	40	0.12855323283344	70	miss	#0D3A6B
#0D3A6B	41	0.107164821508837	70	miss	#0D3A6B
#4283C9	42	0.134843942046558	70	hit	#4283C9
#4283C9	43	0.162523062584279	70	hit	#4283C9
#0D3A6B	44	0.140610425491917	70	miss	#0D3A6B
#4283C9	45	0.167136249340566	70	hit	#4283C9
#4283C9	46	0.193662073189215	70	hit	#4283C9
#4283C9	47	0.220187897037864	70	hit	#4283C9
#4283C9	48	0.246713720886513	70	hit	#4283C9
#4283C9	49	0.273239544735163	70	hit	#4283C9
#0D3A6B	50	0.247774753840459	70	miss	#0D3A6B
#0D3A6B	51	0.22426879301458	70	miss	#0D3A6B
#4283C9	52	0.248754168874871	70	hit	#4283C9
#0D3A6B	53	0.226082524559786	70	miss	#0D3A6B
#0D3A6B	54	0.205030283410065	70	miss	#0D3A6B
#4283C9	55	0.227766703851764	70	hit	#4283C9
#4283C9	56	0.250503124293463	70	hit	#4283C9
#0D3A6B	57	0.229334732847743	70	miss	#0D3A6B
#0D3A6B	58	0.209577567498405	70	miss	#0D3A6B
#4283C9	59	0.230798226577324	70	hit	#4283C9
#0D3A6B	60	0.211631179667332	70	miss	#0D3A6B
#4283C9	61	0.232167301356609	70	hit	#4283C9
#0D3A6B	62	0.213556441075702	70	miss	#0D3A6B
#0D3A6B	63	0.196073511720911	70	miss	#0D3A6B
#0D3A6B	64	0.179618989975224	70	miss	#0D3A6B
#0D3A6B	65	0.164104726615006	70	miss	#0D3A6B
#0D3A6B	66	0.1494523667748	70	miss	#0D3A6B
#4283C9	67	0.167136249340566	70	hit	#4283C9
#0D3A6B	68	0.152797966179134	70	miss	#0D3A6B
#0D3A6B	69	0.139214329499882	70	miss	#0D3A6B
#0D3A6B	70	0.126327289573413	70	miss	#0D3A6B
#4283C9	71	0.142650873480274	70	hit	#4283C9
#0D3A6B	2	0.363380227632419	71	miss	#0D3A6B
#4283C9	3	0.273239544735163	71	hit	#4283C9
#4283C9	4	0.909859317102744	71	hit	#4283C9
#4283C9	5	1.54647908947033	71	hit	#4283C9
#0D3A6B	6	0.591549430918953	71	miss	#0D3A6B
#4283C9	7	0.909859317102744	71	hit	#4283C9
#0D3A6B	8	0.485446135524357	71	miss	#0D3A6B
#4283C9	9	0.69765272631355	71	hit	#4283C9
#4283C9	10	0.909859317102744	71	hit	#4283C9
#0D3A6B	11	0.591549430918953	71	miss	#0D3A6B
#4283C9	12	0.750704374010849	71	hit	#4283C9
#0D3A6B	13	0.527887453682195	71	miss	#0D3A6B
#4283C9	14	0.655211408155712	71	hit	#4283C9
#0D3A6B	15	0.485446135524357	71	miss	#0D3A6B
#0D3A6B	16	0.36418522650196	71	miss	#0D3A6B
#0D3A6B	17	0.273239544735163	71	miss	#0D3A6B
#0D3A6B	18	0.202504014472098	71	miss	#0D3A6B
#4283C9	19	0.273239544735163	71	hit	#4283C9
#0D3A6B	20	0.209577567498405	71	miss	#0D3A6B
#0D3A6B	21	0.157490495213784	71	miss	#0D3A6B
#0D3A6B	22	0.114084601643267	71	miss	#0D3A6B
#0D3A6B	23	0.07735653785283	71	miss	#0D3A6B
#0D3A6B	24	0.0458753403181694	71	miss	#0D3A6B
#4283C9	25	0.091348181201568	71	hit	#4283C9
#0D3A6B	26	0.061032953945969	71	miss	#0D3A6B
#4283C9	27	0.103474272103808	71	hit	#4283C9
#4283C9	28	0.145915590261647	71	hit	#4283C9
#4283C9	29	0.188356908419485	71	hit	#4283C9
#0D3A6B	30	0.153873337416241	71	miss	#0D3A6B
#4283C9	31	0.193662073189215	71	hit	#4283C9
#0D3A6B	32	0.160894879023237	71	miss	#0D3A6B
#0D3A6B	33	0.131768484209033	71	miss	#0D3A6B
#4283C9	34	0.167136249340566	71	hit	#4283C9
#0D3A6B	35	0.139214329499882	71	miss	#0D3A6B
#0D3A6B	36	0.114084601643267	71	miss	#0D3A6B
#0D3A6B	37	0.091348181201568	71	miss	#0D3A6B
#4283C9	38	0.121663408457167	71	hit	#4283C9
#4283C9	39	0.151978635712766	71	hit	#4283C9
#0D3A6B	40	0.12855323283344	71	miss	#0D3A6B
#0D3A6B	41	0.107164821508837	71	miss	#0D3A6B
#4283C9	42	0.134843942046558	71	hit	#4283C9
#4283C9	43	0.162523062584279	71	hit	#4283C9
#0D3A6B	44	0.140610425491917	71	miss	#0D3A6B
#4283C9	45	0.167136249340566	71	hit	#4283C9
#4283C9	46	0.193662073189215	71	hit	#4283C9
#4283C9	47	0.220187897037864	71	hit	#4283C9
#4283C9	48	0.246713720886513	71	hit	#4283C9
#4283C9	49	0.273239544735163	71	hit	#4283C9
#0D3A6B	50	0.247774753840459	71	miss	#0D3A6B
#0D3A6B	51	0.22426879301458	71	miss	#0D3A6B
#4283C9	52	0.248754168874871	71	hit	#4283C9
#0D3A6B	53	0.226082524559786	71	miss	#0D3A6B
#0D3A6B	54	0.205030283410065	71	miss	#0D3A6B
#4283C9	55	0.227766703851764	71	hit	#4283C9
#4283C9	56	0.250503124293463	71	hit	#4283C9
#0D3A6B	57	0.229334732847743	71	miss	#0D3A6B
#0D3A6B	58	0.209577567498405	71	miss	#0D3A6B
#4283C9	59	0.230798226577324	71	hit	#4283C9
#0D3A6B	60	0.211631179667332	71	miss	#0D3A6B
#4283C9	61	0.232167301356609	71	hit	#4283C9
#0D3A6B	62	0.213556441075702	71	miss	#0D3A6B
#0D3A6B	63	0.196073511720911	71	miss	#0D3A6B
#0D3A6B	64	0.179618989975224	71	miss	#0D3A6B
#0D3A6B	65	0.164104726615006	71	miss	#0D3A6B
#0D3A6B	66	0.1494523667748	71	miss	#0D3A6B
#4283C9	67	0.167136249340566	71	hit	#4283C9
#0D3A6B	68	0.152797966179134	71	miss	#0D3A6B
#0D3A6B	69	0.139214329499882	71	miss	#0D3A6B
#0D3A6B	70	0.126327289573413	71	miss	#0D3A6B
#4283C9	71	0.142650873480274	71	hit	#4283C9
#4283C9	72	0.158974457387135	71	hit	#4283C9
#0D3A6B	2	0.363380227632419	72	miss	#0D3A6B
#4283C9	3	0.273239544735163	72	hit	#4283C9
#4283C9	4	0.909859317102744	72	hit	#4283C9
#4283C9	5	1.54647908947033	72	hit	#4283C9
#0D3A6B	6	0.591549430918953	72	miss	#0D3A6B
#4283C9	7	0.909859317102744	72	hit	#4283C9
#0D3A6B	8	0.485446135524357	72	miss	#0D3A6B
#4283C9	9	0.69765272631355	72	hit	#4283C9
#4283C9	10	0.909859317102744	72	hit	#4283C9
#0D3A6B	11	0.591549430918953	72	miss	#0D3A6B
#4283C9	12	0.750704374010849	72	hit	#4283C9
#0D3A6B	13	0.527887453682195	72	miss	#0D3A6B
#4283C9	14	0.655211408155712	72	hit	#4283C9
#0D3A6B	15	0.485446135524357	72	miss	#0D3A6B
#0D3A6B	16	0.36418522650196	72	miss	#0D3A6B
#0D3A6B	17	0.273239544735163	72	miss	#0D3A6B
#0D3A6B	18	0.202504014472098	72	miss	#0D3A6B
#4283C9	19	0.273239544735163	72	hit	#4283C9
#0D3A6B	20	0.209577567498405	72	miss	#0D3A6B
#0D3A6B	21	0.157490495213784	72	miss	#0D3A6B
#0D3A6B	22	0.114084601643267	72	miss	#0D3A6B
#0D3A6B	23	0.07735653785283	72	miss	#0D3A6B
#0D3A6B	24	0.0458753403181694	72	miss	#0D3A6B
#4283C9	25	0.091348181201568	72	hit	#4283C9
#0D3A6B	26	0.061032953945969	72	miss	#0D3A6B
#4283C9	27	0.103474272103808	72	hit	#4283C9
#4283C9	28	0.145915590261647	72	hit	#4283C9
#4283C9	29	0.188356908419485	72	hit	#4283C9
#0D3A6B	30	0.153873337416241	72	miss	#0D3A6B
#4283C9	31	0.193662073189215	72	hit	#4283C9
#0D3A6B	32	0.160894879023237	72	miss	#0D3A6B
#0D3A6B	33	0.131768484209033	72	miss	#0D3A6B
#4283C9	34	0.167136249340566	72	hit	#4283C9
#0D3A6B	35	0.139214329499882	72	miss	#0D3A6B
#0D3A6B	36	0.114084601643267	72	miss	#0D3A6B
#0D3A6B	37	0.091348181201568	72	miss	#0D3A6B
#4283C9	38	0.121663408457167	72	hit	#4283C9
#4283C9	39	0.151978635712766	72	hit	#4283C9
#0D3A6B	40	0.12855323283344	72	miss	#0D3A6B
#0D3A6B	41	0.107164821508837	72	miss	#0D3A6B
#4283C9	42	0.134843942046558	72	hit	#4283C9
#4283C9	43	0.162523062584279	72	hit	#4283C9
#0D3A6B	44	0.140610425491917	72	miss	#0D3A6B
#4283C9	45	0.167136249340566	72	hit	#4283C9
#4283C9	46	0.193662073189215	72	hit	#4283C9
#4283C9	47	0.220187897037864	72	hit	#4283C9
#4283C9	48	0.246713720886513	72	hit	#4283C9
#4283C9	49	0.273239544735163	72	hit	#4283C9
#0D3A6B	50	0.247774753840459	72	miss	#0D3A6B
#0D3A6B	51	0.22426879301458	72	miss	#0D3A6B
#4283C9	52	0.248754168874871	72	hit	#4283C9
#0D3A6B	53	0.226082524559786	72	miss	#0D3A6B
#0D3A6B	54	0.205030283410065	72	miss	#0D3A6B
#4283C9	55	0.227766703851764	72	hit	#4283C9
#4283C9	56	0.250503124293463	72	hit	#4283C9
#0D3A6B	57	0.229334732847743	72	miss	#0D3A6B
#0D3A6B	58	0.209577567498405	72	miss	#0D3A6B
#4283C9	59	0.230798226577324	72	hit	#4283C9
#0D3A6B	60	0.211631179667332	72	miss	#0D3A6B
#4283C9	61	0.232167301356609	72	hit	#4283C9
#0D3A6B	62	0.213556441075702	72	miss	#0D3A6B
#0D3A6B	63	0.196073511720911	72	miss	#0D3A6B
#0D3A6B	64	0.179618989975224	72	miss	#0D3A6B
#0D3A6B	65	0.164104726615006	72	miss	#0D3A6B
#0D3A6B	66	0.1494523667748	72	miss	#0D3A6B
#4283C9	67	0.167136249340566	72	hit	#4283C9
#0D3A6B	68	0.152797966179134	72	miss	#0D3A6B
#0D3A6B	69	0.139214329499882	72	miss	#0D3A6B
#0D3A6B	70	0.126327289573413	72	miss	#0D3A6B
#4283C9	71	0.142650873480274	72	hit	#4283C9
#4283C9	72	0.158974457387135	72	hit	#4283C9
#0D3A6B	73	0.145915590261647	72	miss	#0D3A6B
#0D3A6B	2	0.363380227632419	73	miss	#0D3A6B
#4283C9	3	0.273239544735163	73	hit	#4283C9
#4283C9	4	0.909859317102744	73	hit	#4283C9
#4283C9	5	1.54647908947033	73	hit	#4283C9
#0D3A6B	6	0.591549430918953	73	miss	#0D3A6B
#4283C9	7	0.909859317102744	73	hit	#4283C9
#0D3A6B	8	0.485446135524357	73	miss	#0D3A6B
#4283C9	9	0.69765272631355	73	hit	#4283C9
#4283C9	10	0.909859317102744	73	hit	#4283C9
#0D3A6B	11	0.591549430918953	73	miss	#0D3A6B
#4283C9	12	0.750704374010849	73	hit	#4283C9
#0D3A6B	13	0.527887453682195	73	miss	#0D3A6B
#4283C9	14	0.655211408155712	73	hit	#4283C9
#0D3A6B	15	0.485446135524357	73	miss	#0D3A6B
#0D3A6B	16	0.36418522650196	73	miss	#0D3A6B
#0D3A6B	17	0.273239544735163	73	miss	#0D3A6B
#0D3A6B	18	0.202504014472098	73	miss	#0D3A6B
#4283C9	19	0.273239544735163	73	hit	#4283C9
#0D3A6B	20	0.209577567498405	73	miss	#0D3A6B
#0D3A6B	21	0.157490495213784	73	miss	#0D3A6B
#0D3A6B	22	0.114084601643267	73	miss	#0D3A6B
#0D3A6B	23	0.07735653785283	73	miss	#0D3A6B
#0D3A6B	24	0.0458753403181694	73	miss	#0D3A6B
#4283C9	25	0.091348181201568	73	hit	#4283C9
#0D3A6B	26	0.061032953945969	73	miss	#0D3A6B
#4283C9	27	0.103474272103808	73	hit	#4283C9
#4283C9	28	0.145915590261647	73	hit	#4283C9
#4283C9	29	0.188356908419485	73	hit	#4283C9
#0D3A6B	30	0.153873337416241	73	miss	#0D3A6B
#4283C9	31	0.193662073189215	73	hit	#4283C9
#0D3A6B	32	0.160894879023237	73	miss	#0D3A6B
#0D3A6B	33	0.131768484209033	73	miss	#0D3A6B
#4283C9	34	0.167136249340566	73	hit	#4283C9
#0D3A6B	35	0.139214329499882	73	miss	#0D3A6B
#0D3A6B	36	0.114084601643267	73	miss	#0D3A6B
#0D3A6B	37	0.091348181201568	73	miss	#0D3A6B
#4283C9	38	0.121663408457167	73	hit	#4283C9
#4283C9	39	0.151978635712766	73	hit	#4283C9
#0D3A6B	40	0.12855323283344	73	miss	#0D3A6B
#0D3A6B	41	0.107164821508837	73	miss	#0D3A6B
#4283C9	42	0.134843942046558	73	hit	#4283C9
#4283C9	43	0.162523062584279	73	hit	#4283C9
#0D3A6B	44	0.140610425491917	73	miss	#0D3A6B
#4283C9	45	0.167136249340566	73	hit	#4283C9
#4283C9	46	0.193662073189215	73	hit	#4283C9
#4283C9	47	0.220187897037864	73	hit	#4283C9
#4283C9	48	0.246713720886513	73	hit	#4283C9
#4283C9	49	0.273239544735163	73	hit	#4283C9
#0D3A6B	50	0.247774753840459	73	miss	#0D3A6B
#0D3A6B	51	0.22426879301458	73	miss	#0D3A6B
#4283C9	52	0.248754168874871	73	hit	#4283C9
#0D3A6B	53	0.226082524559786	73	miss	#0D3A6B
#0D3A6B	54	0.205030283410065	73	miss	#0D3A6B
#4283C9	55	0.227766703851764	73	hit	#4283C9
#4283C9	56	0.250503124293463	73	hit	#4283C9
#0D3A6B	57	0.229334732847743	73	miss	#0D3A6B
#0D3A6B	58	0.209577567498405	73	miss	#0D3A6B
#4283C9	59	0.230798226577324	73	hit	#4283C9
#0D3A6B	60	0.211631179667332	73	miss	#0D3A6B
#4283C9	61	0.232167301356609	73	hit	#4283C9
#0D3A6B	62	0.213556441075702	73	miss	#0D3A6B
#0D3A6B	63	0.196073511720911	73	miss	#0D3A6B
#0D3A6B	64	0.179618989975224	73	miss	#0D3A6B
#0D3A6B	65	0.164104726615006	73	miss	#0D3A6B
#0D3A6B	66	0.1494523667748	73	miss	#0D3A6B
#4283C9	67	0.167136249340566	73	hit	#4283C9
#0D3A6B	68	0.152797966179134	73	miss	#0D3A6B
#0D3A6B	69	0.139214329499882	73	miss	#0D3A6B
#0D3A6B	70	0.126327289573413	73	miss	#0D3A6B
#4283C9	71	0.142650873480274	73	hit	#4283C9
#4283C9	72	0.158974457387135	73	hit	#4283C9
#0D3A6B	73	0.145915590261647	73	miss	#0D3A6B
#0D3A6B	74	0.133493741044718	73	miss	#0D3A6B
#0D3A6B	2	0.363380227632419	74	miss	#0D3A6B
#4283C9	3	0.273239544735163	74	hit	#4283C9
#4283C9	4	0.909859317102744	74	hit	#4283C9
#4283C9	5	1.54647908947033	74	hit	#4283C9
#0D3A6B	6	0.591549430918953	74	miss	#0D3A6B
#4283C9	7	0.909859317102744	74	hit	#4283C9
#0D3A6B	8	0.485446135524357	74	miss	#0D3A6B
#4283C9	9	0.69765272631355	74	hit	#4283C9
#4283C9	10	0.909859317102744	74	hit	#4283C9
#0D3A6B	11	0.591549430918953	74	miss	#0D3A6B
#4283C9	12	0.750704374010849	74	hit	#4283C9
#0D3A6B	13	0.527887453682195	74	miss	#0D3A6B
#4283C9	14	0.655211408155712	74	hit	#4283C9
#0D3A6B	15	0.485446135524357	74	miss	#0D3A6B
#0D3A6B	16	0.36418522650196	74	miss	#0D3A6B
#0D3A6B	17	0.273239544735163	74	miss	#0D3A6B
#0D3A6B	18	0.202504014472098	74	miss	#0D3A6B
#4283C9	19	0.273239544735163	74	hit	#4283C9
#0D3A6B	20	0.209577567498405	74	miss	#0D3A6B
#0D3A6B	21	0.157490495213784	74	miss	#0D3A6B
#0D3A6B	22	0.114084601643267	74	miss	#0D3A6B
#0D3A6B	23	0.07735653785283	74	miss	#0D3A6B
#0D3A6B	24	0.0458753403181694	74	miss	#0D3A6B
#4283C9	25	0.091348181201568	74	hit	#4283C9
#0D3A6B	26	0.061032953945969	74	miss	#0D3A6B
#4283C9	27	0.103474272103808	74	hit	#4283C9
#4283C9	28	0.145915590261647	74	hit	#4283C9
#4283C9	29	0.188356908419485	74	hit	#4283C9
#0D3A6B	30	0.153873337416241	74	miss	#0D3A6B
#4283C9	31	0.193662073189215	74	hit	#4283C9
#0D3A6B	32	0.160894879023237	74	miss	#0D3A6B
#0D3A6B	33	0.131768484209033	74	miss	#0D3A6B
#4283C9	34	0.167136249340566	74	hit	#4283C9
#0D3A6B	35	0.139214329499882	74	miss	#0D3A6B
#0D3A6B	36	0.114084601643267	74	miss	#0D3A6B
#0D3A6B	37	0.091348181201568	74	miss	#0D3A6B
#4283C9	38	0.121663408457167	74	hit	#4283C9
#4283C9	39	0.151978635712766	74	hit	#4283C9
#0D3A6B	40	0.12855323283344	74	miss	#0D3A6B
#0D3A6B	41	0.107164821508837	74	miss	#0D3A6B
#4283C9	42	0.134843942046558	74	hit	#4283C9
#4283C9	43	0.162523062584279	74	hit	#4283C9
#0D3A6B	44	0.140610425491917	74	miss	#0D3A6B
#4283C9	45	0.167136249340566	74	hit	#4283C9
#4283C9	46	0.193662073189215	74	hit	#4283C9
#4283C9	47	0.220187897037864	74	hit	#4283C9
#4283C9	48	0.246713720886513	74	hit	#4283C9
#4283C9	49	0.273239544735163	74	hit	#4283C9
#0D3A6B	50	0.247774753840459	74	miss	#0D3A6B
#0D3A6B	51	0.22426879301458	74	miss	#0D3A6B
#4283C9	52	0.248754168874871	74	hit	#4283C9
#0D3A6B	53	0.226082524559786	74	miss	#0D3A6B
#0D3A6B	54	0.205030283410065	74	miss	#0D3A6B
#4283C9	55	0.227766703851764	74	hit	#4283C9
#4283C9	56	0.250503124293463	74	hit	#4283C9
#0D3A6B	57	0.229334732847743	74	miss	#0D3A6B
#0D3A6B	58	0.209577567498405	74	miss	#0D3A6B
#4283C9	59	0.230798226577324	74	hit	#4283C9
#0D3A6B	60	0.211631179667332	74	miss	#0D3A6B
#4283C9	61	0.232167301356609	74	hit	#4283C9
#0D3A6B	62	0.213556441075702	74	miss	#0D3A6B
#0D3A6B	63	0.196073511720911	74	miss	#0D3A6B
#0D3A6B	64	0.179618989975224	74	miss	#0D3A6B
#0D3A6B	65	0.164104726615006	74	miss	#0D3A6B
#0D3A6B	66	0.1494523667748	74	miss	#0D3A6B
#4283C9	67	0.167136249340566	74	hit	#4283C9
#0D3A6B	68	0.152797966179134	74	miss	#0D3A6B
#0D3A6B	69	0.139214329499882	74	miss	#0D3A6B
#0D3A6B	70	0.126327289573413	74	miss	#0D3A6B
#4283C9	71	0.142650873480274	74	hit	#4283C9
#4283C9	72	0.158974457387135	74	hit	#4283C9
#0D3A6B	73	0.145915590261647	74	miss	#0D3A6B
#0D3A6B	74	0.133493741044718	74	miss	#0D3A6B
#0D3A6B	75	0.121663408457167	74	miss	#0D3A6B
#0D3A6B	2	0.363380227632419	75	miss	#0D3A6B
#4283C9	3	0.273239544735163	75	hit	#4283C9
#4283C9	4	0.909859317102744	75	hit	#4283C9
#4283C9	5	1.54647908947033	75	hit	#4283C9
#0D3A6B	6	0.591549430918953	75	miss	#0D3A6B
#4283C9	7	0.909859317102744	75	hit	#4283C9
#0D3A6B	8	0.485446135524357	75	miss	#0D3A6B
#4283C9	9	0.69765272631355	75	hit	#4283C9
#4283C9	10	0.909859317102744	75	hit	#4283C9
#0D3A6B	11	0.591549430918953	75	miss	#0D3A6B
#4283C9	12	0.750704374010849	75	hit	#4283C9
#0D3A6B	13	0.527887453682195	75	miss	#0D3A6B
#4283C9	14	0.655211408155712	75	hit	#4283C9
#0D3A6B	15	0.485446135524357	75	miss	#0D3A6B
#0D3A6B	16	0.36418522650196	75	miss	#0D3A6B
#0D3A6B	17	0.273239544735163	75	miss	#0D3A6B
#0D3A6B	18	0.202504014472098	75	miss	#0D3A6B
#4283C9	19	0.273239544735163	75	hit	#4283C9
#0D3A6B	20	0.209577567498405	75	miss	#0D3A6B
#0D3A6B	21	0.157490495213784	75	miss	#0D3A6B
#0D3A6B	22	0.114084601643267	75	miss	#0D3A6B
#0D3A6B	23	0.07735653785283	75	miss	#0D3A6B
#0D3A6B	24	0.0458753403181694	75	miss	#0D3A6B
#4283C9	25	0.091348181201568	75	hit	#4283C9
#0D3A6B	26	0.061032953945969	75	miss	#0D3A6B
#4283C9	27	0.103474272103808	75	hit	#4283C9
#4283C9	28	0.145915590261647	75	hit	#4283C9
#4283C9	29	0.188356908419485	75	hit	#4283C9
#0D3A6B	30	0.153873337416241	75	miss	#0D3A6B
#4283C9	31	0.193662073189215	75	hit	#4283C9
#0D3A6B	32	0.160894879023237	75	miss	#0D3A6B
#0D3A6B	33	0.131768484209033	75	miss	#0D3A6B
#4283C9	34	0.167136249340566	75	hit	#4283C9
#0D3A6B	35	0.139214329499882	75	miss	#0D3A6B
#0D3A6B	36	0.114084601643267	75	miss	#0D3A6B
#0D3A6B	37	0.091348181201568	75	miss	#0D3A6B
#4283C9	38	0.121663408457167	75	hit	#4283C9
#4283C9	39	0.151978635712766	75	hit	#4283C9
#0D3A6B	40	0.12855323283344	75	miss	#0D3A6B
#0D3A6B	41	0.107164821508837	75	miss	#0D3A6B
#4283C9	42	0.134843942046558	75	hit	#4283C9
#4283C9	43	0.162523062584279	75	hit	#4283C9
#0D3A6B	44	0.140610425491917	75	miss	#0D3A6B
#4283C9	45	0.167136249340566	75	hit	#4283C9
#4283C9	46	0.193662073189215	75	hit	#4283C9
#4283C9	47	0.220187897037864	75	hit	#4283C9
#4283C9	48	0.246713720886513	75	hit	#4283C9
#4283C9	49	0.273239544735163	75	hit	#4283C9
#0D3A6B	50	0.247774753840459	75	miss	#0D3A6B
#0D3A6B	51	0.22426879301458	75	miss	#0D3A6B
#4283C9	52	0.248754168874871	75	hit	#4283C9
#0D3A6B	53	0.226082524559786	75	miss	#0D3A6B
#0D3A6B	54	0.205030283410065	75	miss	#0D3A6B
#4283C9	55	0.227766703851764	75	hit	#4283C9
#4283C9	56	0.250503124293463	75	hit	#4283C9
#0D3A6B	57	0.229334732847743	75	miss	#0D3A6B
#0D3A6B	58	0.209577567498405	75	miss	#0D3A6B
#4283C9	59	0.230798226577324	75	hit	#4283C9
#0D3A6B	60	0.211631179667332	75	miss	#0D3A6B
#4283C9	61	0.232167301356609	75	hit	#4283C9
#0D3A6B	62	0.213556441075702	75	miss	#0D3A6B
#0D3A6B	63	0.196073511720911	75	miss	#0D3A6B
#0D3A6B	64	0.179618989975224	75	miss	#0D3A6B
#0D3A6B	65	0.164104726615006	75	miss	#0D3A6B
#0D3A6B	66	0.1494523667748	75	miss	#0D3A6B
#4283C9	67	0.167136249340566	75	hit	#4283C9
#0D3A6B	68	0.152797966179134	75	miss	#0D3A6B
#0D3A6B	69	0.139214329499882	75	miss	#0D3A6B
#0D3A6B	70	0.126327289573413	75	miss	#0D3A6B
#4283C9	71	0.142650873480274	75	hit	#4283C9
#4283C9	72	0.158974457387135	75	hit	#4283C9
#0D3A6B	73	0.145915590261647	75	miss	#0D3A6B
#0D3A6B	74	0.133493741044718	75	miss	#0D3A6B
#0D3A6B	75	0.121663408457167	75	miss	#0D3A6B
#4283C9	76	0.136821022084967	75	hit	#4283C9
#0D3A6B	2	0.363380227632419	76	miss	#0D3A6B
#4283C9	3	0.273239544735163	76	hit	#4283C9
#4283C9	4	0.909859317102744	76	hit	#4283C9
#4283C9	5	1.54647908947033	76	hit	#4283C9
#0D3A6B	6	0.591549430918953	76	miss	#0D3A6B
#4283C9	7	0.909859317102744	76	hit	#4283C9
#0D3A6B	8	0.485446135524357	76	miss	#0D3A6B
#4283C9	9	0.69765272631355	76	hit	#4283C9
#4283C9	10	0.909859317102744	76	hit	#4283C9
#0D3A6B	11	0.591549430918953	76	miss	#0D3A6B
#4283C9	12	0.750704374010849	76	hit	#4283C9
#0D3A6B	13	0.527887453682195	76	miss	#0D3A6B
#4283C9	14	0.655211408155712	76	hit	#4283C9
#0D3A6B	15	0.485446135524357	76	miss	#0D3A6B
#0D3A6B	16	0.36418522650196	76	miss	#0D3A6B
#0D3A6B	17	0.273239544735163	76	miss	#0D3A6B
#0D3A6B	18	0.202504014472098	76	miss	#0D3A6B
#4283C9	19	0.273239544735163	76	hit	#4283C9
#0D3A6B	20	0.209577567498405	76	miss	#0D3A6B
#0D3A6B	21	0.157490495213784	76	miss	#0D3A6B
#0D3A6B	22	0.114084601643267	76	miss	#0D3A6B
#0D3A6B	23	0.07735653785283	76	miss	#0D3A6B
#0D3A6B	24	0.0458753403181694	76	miss	#0D3A6B
#4283C9	25	0.091348181201568	76	hit	#4283C9
#0D3A6B	26	0.061032953945969	76	miss	#0D3A6B
#4283C9	27	0.103474272103808	76	hit	#4283C9
#4283C9	28	0.145915590261647	76	hit	#4283C9
#4283C9	29	0.188356908419485	76	hit	#4283C9
#0D3A6B	30	0.153873337416241	76	miss	#0D3A6B
#4283C9	31	0.193662073189215	76	hit	#4283C9
#0D3A6B	32	0.160894879023237	76	miss	#0D3A6B
#0D3A6B	33	0.131768484209033	76	miss	#0D3A6B
#4283C9	34	0.167136249340566	76	hit	#4283C9
#0D3A6B	35	0.139214329499882	76	miss	#0D3A6B
#0D3A6B	36	0.114084601643267	76	miss	#0D3A6B
#0D3A6B	37	0.091348181201568	76	miss	#0D3A6B
#4283C9	38	0.121663408457167	76	hit	#4283C9
#4283C9	39	0.151978635712766	76	hit	#4283C9
#0D3A6B	40	0.12855323283344	76	miss	#0D3A6B
#0D3A6B	41	0.107164821508837	76	miss	#0D3A6B
#4283C9	42	0.134843942046558	76	hit	#4283C9
#4283C9	43	0.162523062584279	76	hit	#4283C9
#0D3A6B	44	0.140610425491917	76	miss	#0D3A6B
#4283C9	45	0.167136249340566	76	hit	#4283C9
#4283C9	46	0.193662073189215	76	hit	#4283C9
#4283C9	47	0.220187897037864	76	hit	#4283C9
#4283C9	48	0.246713720886513	76	hit	#4283C9
#4283C9	49	0.273239544735163	76	hit	#4283C9
#0D3A6B	50	0.247774753840459	76	miss	#0D3A6B
#0D3A6B	51	0.22426879301458	76	miss	#0D3A6B
#4283C9	52	0.248754168874871	76	hit	#4283C9
#0D3A6B	53	0.226082524559786	76	miss	#0D3A6B
#0D3A6B	54	0.205030283410065	76	miss	#0D3A6B
#4283C9	55	0.227766703851764	76	hit	#4283C9
#4283C9	56	0.250503124293463	76	hit	#4283C9
#0D3A6B	57	0.229334732847743	76	miss	#0D3A6B
#0D3A6B	58	0.209577567498405	76	miss	#0D3A6B
#4283C9	59	0.230798226577324	76	hit	#4283C9
#0D3A6B	60	0.211631179667332	76	miss	#0D3A6B
#4283C9	61	0.232167301356609	76	hit	#4283C9
#0D3A6B	62	0.213556441075702	76	miss	#0D3A6B
#0D3A6B	63	0.196073511720911	76	miss	#0D3A6B
#0D3A6B	64	0.179618989975224	76	miss	#0D3A6B
#0D3A6B	65	0.164104726615006	76	miss	#0D3A6B
#0D3A6B	66	0.1494523667748	76	miss	#0D3A6B
#4283C9	67	0.167136249340566	76	hit	#4283C9
#0D3A6B	68	0.152797966179134	76	miss	#0D3A6B
#0D3A6B	69	0.139214329499882	76	miss	#0D3A6B
#0D3A6B	70	0.126327289573413	76	miss	#0D3A6B
#4283C9	71	0.142650873480274	76	hit	#4283C9
#4283C9	72	0.158974457387135	76	hit	#4283C9
#0D3A6B	73	0.145915590261647	76	miss	#0D3A6B
#0D3A6B	74	0.133493741044718	76	miss	#0D3A6B
#0D3A6B	75	0.121663408457167	76	miss	#0D3A6B
#4283C9	76	0.136821022084967	76	hit	#4283C9
#0D3A6B	77	0.125188434882237	76	miss	#0D3A6B
#0D3A6B	2	0.363380227632419	77	miss	#0D3A6B
#4283C9	3	0.273239544735163	77	hit	#4283C9
#4283C9	4	0.909859317102744	77	hit	#4283C9
#4283C9	5	1.54647908947033	77	hit	#4283C9
#0D3A6B	6	0.591549430918953	77	miss	#0D3A6B
#4283C9	7	0.909859317102744	77	hit	#4283C9
#0D3A6B	8	0.485446135524357	77	miss	#0D3A6B
#4283C9	9	0.69765272631355	77	hit	#4283C9
#4283C9	10	0.909859317102744	77	hit	#4283C9
#0D3A6B	11	0.591549430918953	77	miss	#0D3A6B
#4283C9	12	0.750704374010849	77	hit	#4283C9
#0D3A6B	13	0.527887453682195	77	miss	#0D3A6B
#4283C9	14	0.655211408155712	77	hit	#4283C9
#0D3A6B	15	0.485446135524357	77	miss	#0D3A6B
#0D3A6B	16	0.36418522650196	77	miss	#0D3A6B
#0D3A6B	17	0.273239544735163	77	miss	#0D3A6B
#0D3A6B	18	0.202504014472098	77	miss	#0D3A6B
#4283C9	19	0.273239544735163	77	hit	#4283C9
#0D3A6B	20	0.209577567498405	77	miss	#0D3A6B
#0D3A6B	21	0.157490495213784	77	miss	#0D3A6B
#0D3A6B	22	0.114084601643267	77	miss	#0D3A6B
#0D3A6B	23	0.07735653785283	77	miss	#0D3A6B
#0D3A6B	24	0.0458753403181694	77	miss	#0D3A6B
#4283C9	25	0.091348181201568	77	hit	#4283C9
#0D3A6B	26	0.061032953945969	77	miss	#0D3A6B
#4283C9	27	0.103474272103808	77	hit	#4283C9
#4283C9	28	0.145915590261647	77	hit	#4283C9
#4283C9	29	0.188356908419485	77	hit	#4283C9
#0D3A6B	30	0.153873337416241	77	miss	#0D3A6B
#4283C9	31	0.193662073189215	77	hit	#4283C9
#0D3A6B	32	0.160894879023237	77	miss	#0D3A6B
#0D3A6B	33	0.131768484209033	77	miss	#0D3A6B
#4283C9	34	0.167136249340566	77	hit	#4283C9
#0D3A6B	35	0.139214329499882	77	miss	#0D3A6B
#0D3A6B	36	0.114084601643267	77	miss	#0D3A6B
#0D3A6B	37	0.091348181201568	77	miss	#0D3A6B
#4283C9	38	0.121663408457167	77	hit	#4283C9
#4283C9	39	0.151978635712766	77	hit	#4283C9
#0D3A6B	40	0.12855323283344	77	miss	#0D3A6B
#0D3A6B	41	0.107164821508837	77	miss	#0D3A6B
#4283C9	42	0.134843942046558	77	hit	#4283C9
#4283C9	43	0.162523062584279	77	hit	#4283C9
#0D3A6B	44	0.140610425491917	77	miss	#0D3A6B
#4283C9	45	0.167136249340566	77	hit	#4283C9
#4283C9	46	0.193662073189215	77	hit	#4283C9
#4283C9	47	0.220187897037864	77	hit	#4283C9
#4283C9	48	0.246713720886513	77	hit	#4283C9
#4283C9	49	0.273239544735163	77	hit	#4283C9
#0D3A6B	50	0.247774753840459	77	miss	#0D3A6B
#0D3A6B	51	0.22426879301458	77	miss	#0D3A6B
#4283C9	52	0.248754168874871	77	hit	#4283C9
#0D3A6B	53	0.226082524559786	77	miss	#0D3A6B
#0D3A6B	54	0.205030283410065	77	miss	#0D3A6B
#4283C9	55	0.227766703851764	77	hit	#4283C9
#4283C9	56	0.250503124293463	77	hit	#4283C9
#0D3A6B	57	0.229334732847743	77	miss	#0D3A6B
#0D3A6B	58	0.209577567498405	77	miss	#0D3A6B
#4283C9	59	0.230798226577324	77	hit	#4283C9
#0D3A6B	60	0.211631179667332	77	miss	#0D3A6B
#4283C9	61	0.232167301356609	77	hit	#4283C9
#0D3A6B	62	0.213556441075702	77	miss	#0D3A6B
#0D3A6B	63	0.196073511720911	77	miss	#0D3A6B
#0D3A6B	64	0.179618989975224	77	miss	#0D3A6B
#0D3A6B	65	0.164104726615006	77	miss	#0D3A6B
#0D3A6B	66	0.1494523667748	77	miss	#0D3A6B
#4283C9	67	0.167136249340566	77	hit	#4283C9
#0D3A6B	68	0.152797966179134	77	miss	#0D3A6B
#0D3A6B	69	0.139214329499882	77	miss	#0D3A6B
#0D3A6B	70	0.126327289573413	77	miss	#0D3A6B
#4283C9	71	0.142650873480274	77	hit	#4283C9
#4283C9	72	0.158974457387135	77	hit	#4283C9
#0D3A6B	73	0.145915590261647	77	miss	#0D3A6B
#0D3A6B	74	0.133493741044718	77	miss	#0D3A6B
#0D3A6B	75	0.121663408457167	77	miss	#0D3A6B
#4283C9	76	0.136821022084967	77	hit	#4283C9
#0D3A6B	77	0.125188434882237	77	miss	#0D3A6B
#4283C9	78	0.139993545867529	77	hit	#4283C9
#0D3A6B	2	0.363380227632419	78	miss	#0D3A6B
#4283C9	3	0.273239544735163	78	hit	#4283C9
#4283C9	4	0.909859317102744	78	hit	#4283C9
#4283C9	5	1.54647908947033	78	hit	#4283C9
#0D3A6B	6	0.591549430918953	78	miss	#0D3A6B
#4283C9	7	0.909859317102744	78	hit	#4283C9
#0D3A6B	8	0.485446135524357	78	miss	#0D3A6B
#4283C9	9	0.69765272631355	78	hit	#4283C9
#4283C9	10	0.909859317102744	78	hit	#4283C9
#0D3A6B	11	0.591549430918953	78	miss	#0D3A6B
#4283C9	12	0.750704374010849	78	hit	#4283C9
#0D3A6B	13	0.527887453682195	78	miss	#0D3A6B
#4283C9	14	0.655211408155712	78	hit	#4283C9
#0D3A6B	15	0.485446135524357	78	miss	#0D3A6B
#0D3A6B	16	0.36418522650196	78	miss	#0D3A6B
#0D3A6B	17	0.273239544735163	78	miss	#0D3A6B
#0D3A6B	18	0.202504014472098	78	miss	#0D3A6B
#4283C9	19	0.273239544735163	78	hit	#4283C9
#0D3A6B	20	0.209577567498405	78	miss	#0D3A6B
#0D3A6B	21	0.157490495213784	78	miss	#0D3A6B
#0D3A6B	22	0.114084601643267	78	miss	#0D3A6B
#0D3A6B	23	0.07735653785283	78	miss	#0D3A6B
#0D3A6B	24	0.0458753403181694	78	miss	#0D3A6B
#4283C9	25	0.091348181201568	78	hit	#4283C9
#0D3A6B	26	0.061032953945969	78	miss	#0D3A6B
#4283C9	27	0.103474272103808	78	hit	#4283C9
#4283C9	28	0.145915590261647	78	hit	#4283C9
#4283C9	29	0.188356908419485	78	hit	#4283C9
#0D3A6B	30	0.153873337416241	78	miss	#0D3A6B
#4283C9	31	0.193662073189215	78	hit	#4283C9
#0D3A6B	32	0.160894879023237	78	miss	#0D3A6B
#0D3A6B	33	0.131768484209033	78	miss	#0D3A6B
#4283C9	34	0.167136249340566	78	hit	#4283C9
#0D3A6B	35	0.139214329499882	78	miss	#0D3A6B
#0D3A6B	36	0.114084601643267	78	miss	#0D3A6B
#0D3A6B	37	0.091348181201568	78	miss	#0D3A6B
#4283C9	38	0.121663408457167	78	hit	#4283C9
#4283C9	39	0.151978635712766	78	hit	#4283C9
#0D3A6B	40	0.12855323283344	78	miss	#0D3A6B
#0D3A6B	41	0.107164821508837	78	miss	#0D3A6B
#4283C9	42	0.134843942046558	78	hit	#4283C9
#4283C9	43	0.162523062584279	78	hit	#4283C9
#0D3A6B	44	0.140610425491917	78	miss	#0D3A6B
#4283C9	45	0.167136249340566	78	hit	#4283C9
#4283C9	46	0.193662073189215	78	hit	#4283C9
#4283C9	47	0.220187897037864	78	hit	#4283C9
#4283C9	48	0.246713720886513	78	hit	#4283C9
#4283C9	49	0.273239544735163	78	hit	#4283C9
#0D3A6B	50	0.247774753840459	78	miss	#0D3A6B
#0D3A6B	51	0.22426879301458	78	miss	#0D3A6B
#4283C9	52	0.248754168874871	78	hit	#4283C9
#0D3A6B	53	0.226082524559786	78	miss	#0D3A6B
#0D3A6B	54	0.205030283410065	78	miss	#0D3A6B
#4283C9	55	0.227766703851764	78	hit	#4283C9
#4283C9	56	0.250503124293463	78	hit	#4283C9
#0D3A6B	57	0.229334732847743	78	miss	#0D3A6B
#0D3A6B	58	0.209577567498405	78	miss	#0D3A6B
#4283C9	59	0.230798226577324	78	hit	#4283C9
#0D3A6B	60	0.211631179667332	78	miss	#0D3A6B
#4283C9	61	0.232167301356609	78	hit	#4283C9
#0D3A6B	62	0.213556441075702	78	miss	#0D3A6B
#0D3A6B	63	0.196073511720911	78	miss	#0D3A6B
#0D3A6B	64	0.179618989975224	78	miss	#0D3A6B
#0D3A6B	65	0.164104726615006	78	miss	#0D3A6B
#0D3A6B	66	0.1494523667748	78	miss	#0D3A6B
#4283C9	67	0.167136249340566	78	hit	#4283C9
#0D3A6B	68	0.152797966179134	78	miss	#0D3A6B
#0D3A6B	69	0.139214329499882	78	miss	#0D3A6B
#0D3A6B	70	0.126327289573413	78	miss	#0D3A6B
#4283C9	71	0.142650873480274	78	hit	#4283C9
#4283C9	72	0.158974457387135	78	hit	#4283C9
#0D3A6B	73	0.145915590261647	78	miss	#0D3A6B
#0D3A6B	74	0.133493741044718	78	miss	#0D3A6B
#0D3A6B	75	0.121663408457167	78	miss	#0D3A6B
#4283C9	76	0.136821022084967	78	hit	#4283C9
#0D3A6B	77	0.125188434882237	78	miss	#0D3A6B
#4283C9	78	0.139993545867529	78	hit	#4283C9
#0D3A6B	79	0.12855323283344	78	miss	#0D3A6B
#0D3A6B	2	0.363380227632419	79	miss	#0D3A6B
#4283C9	3	0.273239544735163	79	hit	#4283C9
#4283C9	4	0.909859317102744	79	hit	#4283C9
#4283C9	5	1.54647908947033	79	hit	#4283C9
#0D3A6B	6	0.591549430918953	79	miss	#0D3A6B
#4283C9	7	0.909859317102744	79	hit	#4283C9
#0D3A6B	8	0.485446135524357	79	miss	#0D3A6B
#4283C9	9	0.69765272631355	79	hit	#4283C9
#4283C9	10	0.909859317102744	79	hit	#4283C9
#0D3A6B	11	0.591549430918953	79	miss	#0D3A6B
#4283C9	12	0.750704374010849	79	hit	#4283C9
#0D3A6B	13	0.527887453682195	79	miss	#0D3A6B
#4283C9	14	0.655211408155712	79	hit	#4283C9
#0D3A6B	15	0.485446135524357	79	miss	#0D3A6B
#0D3A6B	16	0.36418522650196	79	miss	#0D3A6B
#0D3A6B	17	0.273239544735163	79	miss	#0D3A6B
#0D3A6B	18	0.202504014472098	79	miss	#0D3A6B
#4283C9	19	0.273239544735163	79	hit	#4283C9
#0D3A6B	20	0.209577567498405	79	miss	#0D3A6B
#0D3A6B	21	0.157490495213784	79	miss	#0D3A6B
#0D3A6B	22	0.114084601643267	79	miss	#0D3A6B
#0D3A6B	23	0.07735653785283	79	miss	#0D3A6B
#0D3A6B	24	0.0458753403181694	79	miss	#0D3A6B
#4283C9	25	0.091348181201568	79	hit	#4283C9
#0D3A6B	26	0.061032953945969	79	miss	#0D3A6B
#4283C9	27	0.103474272103808	79	hit	#4283C9
#4283C9	28	0.145915590261647	79	hit	#4283C9
#4283C9	29	0.188356908419485	79	hit	#4283C9
#0D3A6B	30	0.153873337416241	79	miss	#0D3A6B
#4283C9	31	0.193662073189215	79	hit	#4283C9
#0D3A6B	32	0.160894879023237	79	miss	#0D3A6B
#0D3A6B	33	0.131768484209033	79	miss	#0D3A6B
#4283C9	34	0.167136249340566	79	hit	#4283C9
#0D3A6B	35	0.139214329499882	79	miss	#0D3A6B
#0D3A6B	36	0.114084601643267	79	miss	#0D3A6B
#0D3A6B	37	0.091348181201568	79	miss	#0D3A6B
#4283C9	38	0.121663408457167	79	hit	#4283C9
#4283C9	39	0.151978635712766	79	hit	#4283C9
#0D3A6B	40	0.12855323283344	79	miss	#0D3A6B
#0D3A6B	41	0.107164821508837	79	miss	#0D3A6B
#4283C9	42	0.134843942046558	79	hit	#4283C9
#4283C9	43	0.162523062584279	79	hit	#4283C9
#0D3A6B	44	0.140610425491917	79	miss	#0D3A6B
#4283C9	45	0.167136249340566	79	hit	#4283C9
#4283C9	46	0.193662073189215	79	hit	#4283C9
#4283C9	47	0.220187897037864	79	hit	#4283C9
#4283C9	48	0.246713720886513	79	hit	#4283C9
#4283C9	49	0.273239544735163	79	hit	#4283C9
#0D3A6B	50	0.247774753840459	79	miss	#0D3A6B
#0D3A6B	51	0.22426879301458	79	miss	#0D3A6B
#4283C9	52	0.248754168874871	79	hit	#4283C9
#0D3A6B	53	0.226082524559786	79	miss	#0D3A6B
#0D3A6B	54	0.205030283410065	79	miss	#0D3A6B
#4283C9	55	0.227766703851764	79	hit	#4283C9
#4283C9	56	0.250503124293463	79	hit	#4283C9
#0D3A6B	57	0.229334732847743	79	miss	#0D3A6B
#0D3A6B	58	0.209577567498405	79	miss	#0D3A6B
#4283C9	59	0.230798226577324	79	hit	#4283C9
#0D3A6B	60	0.211631179667332	79	miss	#0D3A6B
#4283C9	61	0.232167301356609	79	hit	#4283C9
#0D3A6B	62	0.213556441075702	79	miss	#0D3A6B
#0D3A6B	63	0.196073511720911	79	miss	#0D3A6B
#0D3A6B	64	0.179618989975224	79	miss	#0D3A6B
#0D3A6B	65	0.164104726615006	79	miss	#0D3A6B
#0D3A6B	66	0.1494523667748	79	miss	#0D3A6B
#4283C9	67	0.167136249340566	79	hit	#4283C9
#0D3A6B	68	0.152797966179134	79	miss	#0D3A6B
#0D3A6B	69	0.139214329499882	79	miss	#0D3A6B
#0D3A6B	70	0.126327289573413	79	miss	#0D3A6B
#4283C9	71	0.142650873480274	79	hit	#4283C9
#4283C9	72	0.158974457387135	79	hit	#4283C9
#0D3A6B	73	0.145915590261647	79	miss	#0D3A6B
#0D3A6B	74	0.133493741044718	79	miss	#0D3A6B
#0D3A6B	75	0.121663408457167	79	miss	#0D3A6B
#4283C9	76	0.136821022084967	79	hit	#4283C9
#0D3A6B	77	0.125188434882237	79	miss	#0D3A6B
#4283C9	78	0.139993545867529	79	hit	#4283C9
#0D3A6B	79	0.12855323283344	79	miss	#0D3A6B
#4283C9	80	0.143021864023612	79	hit	#4283C9
#0D3A6B	2	0.363380227632419	80	miss	#0D3A6B
#4283C9	3	0.273239544735163	80	hit	#4283C9
#4283C9	4	0.909859317102744	80	hit	#4283C9
#4283C9	5	1.54647908947033	80	hit	#4283C9
#0D3A6B	6	0.591549430918953	80	miss	#0D3A6B
#4283C9	7	0.909859317102744	80	hit	#4283C9
#0D3A6B	8	0.485446135524357	80	miss	#0D3A6B
#4283C9	9	0.69765272631355	80	hit	#4283C9
#4283C9	10	0.909859317102744	80	hit	#4283C9
#0D3A6B	11	0.591549430918953	80	miss	#0D3A6B
#4283C9	12	0.750704374010849	80	hit	#4283C9
#0D3A6B	13	0.527887453682195	80	miss	#0D3A6B
#4283C9	14	0.655211408155712	80	hit	#4283C9
#0D3A6B	15	0.485446135524357	80	miss	#0D3A6B
#0D3A6B	16	0.36418522650196	80	miss	#0D3A6B
#0D3A6B	17	0.273239544735163	80	miss	#0D3A6B
#0D3A6B	18	0.202504014472098	80	miss	#0D3A6B
#4283C9	19	0.273239544735163	80	hit	#4283C9
#0D3A6B	20	0.209577567498405	80	miss	#0D3A6B
#0D3A6B	21	0.157490495213784	80	miss	#0D3A6B
#0D3A6B	22	0.114084601643267	80	miss	#0D3A6B
#0D3A6B	23	0.07735653785283	80	miss	#0D3A6B
#0D3A6B	24	0.0458753403181694	80	miss	#0D3A6B
#4283C9	25	0.091348181201568	80	hit	#4283C9
#0D3A6B	26	0.061032953945969	80	miss	#0D3A6B
#4283C9	27	0.103474272103808	80	hit	#4283C9
#4283C9	28	0.145915590261647	80	hit	#4283C9
#4283C9	29	0.188356908419485	80	hit	#4283C9
#0D3A6B	30	0.153873337416241	80	miss	#0D3A6B
#4283C9	31	0.193662073189215	80	hit	#4283C9
#0D3A6B	32	0.160894879023237	80	miss	#0D3A6B
#0D3A6B	33	0.131768484209033	80	miss	#0D3A6B
#4283C9	34	0.167136249340566	80	hit	#4283C9
#0D3A6B	35	0.139214329499882	80	miss	#0D3A6B
#0D3A6B	36	0.114084601643267	80	miss	#0D3A6B
#0D3A6B	37	0.091348181201568	80	miss	#0D3A6B
#4283C9	38	0.121663408457167	80	hit	#4283C9
#4283C9	39	0.151978635712766	80	hit	#4283C9
#0D3A6B	40	0.12855323283344	80	miss	#0D3A6B
#0D3A6B	41	0.107164821508837	80	miss	#0D3A6B
#4283C9	42	0.134843942046558	80	hit	#4283C9
#4283C9	43	0.162523062584279	80	hit	#4283C9
#0D3A6B	44	0.140610425491917	80	miss	#0D3A6B
#4283C9	45	0.167136249340566	80	hit	#4283C9
#4283C9	46	0.193662073189215	80	hit	#4283C9
#4283C9	47	0.220187897037864	80	hit	#4283C9
#4283C9	48	0.246713720886513	80	hit	#4283C9
#4283C9	49	0.273239544735163	80	hit	#4283C9
#0D3A6B	50	0.247774753840459	80	miss	#0D3A6B
#0D3A6B	51	0.22426879301458	80	miss	#0D3A6B
#4283C9	52	0.248754168874871	80	hit	#4283C9
#0D3A6B	53	0.226082524559786	80	miss	#0D3A6B
#0D3A6B	54	0.205030283410065	80	miss	#0D3A6B
#4283C9	55	0.227766703851764	80	hit	#4283C9
#4283C9	56	0.250503124293463	80	hit	#4283C9
#0D3A6B	57	0.229334732847743	80	miss	#0D3A6B
#0D3A6B	58	0.209577567498405	80	miss	#0D3A6B
#4283C9	59	0.230798226577324	80	hit	#4283C9
#0D3A6B	60	0.211631179667332	80	miss	#0D3A6B
#4283C9	61	0.232167301356609	80	hit	#4283C9
#0D3A6B	62	0.213556441075702	80	miss	#0D3A6B
#0D3A6B	63	0.196073511720911	80	miss	#0D3A6B
#0D3A6B	64	0.179618989975224	80	miss	#0D3A6B
#0D3A6B	65	0.164104726615006	80	miss	#0D3A6B
#0D3A6B	66	0.1494523667748	80	miss	#0D3A6B
#4283C9	67	0.167136249340566	80	hit	#4283C9
#0D3A6B	68	0.152797966179134	80	miss	#0D3A6B
#0D3A6B	69	0.139214329499882	80	miss	#0D3A6B
#0D3A6B	70	0.126327289573413	80	miss	#0D3A6B
#4283C9	71	0.142650873480274	80	hit	#4283C9
#4283C9	72	0.158974457387135	80	hit	#4283C9
#0D3A6B	73	0.145915590261647	80	miss	#0D3A6B
#0D3A6B	74	0.133493741044718	80	miss	#0D3A6B
#0D3A6B	75	0.121663408457167	80	miss	#0D3A6B
#4283C9	76	0.136821022084967	80	hit	#4283C9
#0D3A6B	77	0.125188434882237	80	miss	#0D3A6B
#4283C9	78	0.139993545867529	80	hit	#4283C9
#0D3A6B	79	0.12855323283344	80	miss	#0D3A6B
#4283C9	80	0.143021864023612	80	hit	#4283C9
#0D3A6B	81	0.131768484209033	80	miss	#0D3A6B
#0D3A6B	2	0.363380227632419	81	miss	#0D3A6B
#4283C9	3	0.273239544735163	81	hit	#4283C9
#4283C9	4	0.909859317102744	81	hit	#4283C9
#4283C9	5	1.54647908947033	81	hit	#4283C9
#0D3A6B	6	0.591549430918953	81	miss	#0D3A6B
#4283C9	7	0.909859317102744	81	hit	#4283C9
#0D3A6B	8	0.485446135524357	81	miss	#0D3A6B
#4283C9	9	0.69765272631355	81	hit	#4283C9
#4283C9	10	0.909859317102744	81	hit	#4283C9
#0D3A6B	11	0.591549430918953	81	miss	#0D3A6B
#4283C9	12	0.750704374010849	81	hit	#4283C9
#0D3A6B	13	0.527887453682195	81	miss	#0D3A6B
#4283C9	14	0.655211408155712	81	hit	#4283C9
#0D3A6B	15	0.485446135524357	81	miss	#0D3A6B
#0D3A6B	16	0.36418522650196	81	miss	#0D3A6B
#0D3A6B	17	0.273239544735163	81	miss	#0D3A6B
#0D3A6B	18	0.202504014472098	81	miss	#0D3A6B
#4283C9	19	0.273239544735163	81	hit	#4283C9
#0D3A6B	20	0.209577567498405	81	miss	#0D3A6B
#0D3A6B	21	0.157490495213784	81	miss	#0D3A6B
#0D3A6B	22	0.114084601643267	81	miss	#0D3A6B
#0D3A6B	23	0.07735653785283	81	miss	#0D3A6B
#0D3A6B	24	0.0458753403181694	81	miss	#0D3A6B
#4283C9	25	0.091348181201568	81	hit	#4283C9
#0D3A6B	26	0.061032953945969	81	miss	#0D3A6B
#4283C9	27	0.103474272103808	81	hit	#4283C9
#4283C9	28	0.145915590261647	81	hit	#4283C9
#4283C9	29	0.188356908419485	81	hit	#4283C9
#0D3A6B	30	0.153873337416241	81	miss	#0D3A6B
#4283C9	31	0.193662073189215	81	hit	#4283C9
#0D3A6B	32	0.160894879023237	81	miss	#0D3A6B
#0D3A6B	33	0.131768484209033	81	miss	#0D3A6B
#4283C9	34	0.167136249340566	81	hit	#4283C9
#0D3A6B	35	0.139214329499882	81	miss	#0D3A6B
#0D3A6B	36	0.114084601643267	81	miss	#0D3A6B
#0D3A6B	37	0.091348181201568	81	miss	#0D3A6B
#4283C9	38	0.121663408457167	81	hit	#4283C9
#4283C9	39	0.151978635712766	81	hit	#4283C9
#0D3A6B	40	0.12855323283344	81	miss	#0D3A6B
#0D3A6B	41	0.107164821508837	81	miss	#0D3A6B
#4283C9	42	0.134843942046558	81	hit	#4283C9
#4283C9	43	0.162523062584279	81	hit	#4283C9
#0D3A6B	44	0.140610425491917	81	miss	#0D3A6B
#4283C9	45	0.167136249340566	81	hit	#4283C9
#4283C9	46	0.193662073189215	81	hit	#4283C9
#4283C9	47	0.220187897037864	81	hit	#4283C9
#4283C9	48	0.246713720886513	81	hit	#4283C9
#4283C9	49	0.273239544735163	81	hit	#4283C9
#0D3A6B	50	0.247774753840459	81	miss	#0D3A6B
#0D3A6B	51	0.22426879301458	81	miss	#0D3A6B
#4283C9	52	0.248754168874871	81	hit	#4283C9
#0D3A6B	53	0.226082524559786	81	miss	#0D3A6B
#0D3A6B	54	0.205030283410065	81	miss	#0D3A6B
#4283C9	55	0.227766703851764	81	hit	#4283C9
#4283C9	56	0.250503124293463	81	hit	#4283C9
#0D3A6B	57	0.229334732847743	81	miss	#0D3A6B
#0D3A6B	58	0.209577567498405	81	miss	#0D3A6B
#4283C9	59	0.230798226577324	81	hit	#4283C9
#0D3A6B	60	0.211631179667332	81	miss	#0D3A6B
#4283C9	61	0.232167301356609	81	hit	#4283C9
#0D3A6B	62	0.213556441075702	81	miss	#0D3A6B
#0D3A6B	63	0.196073511720911	81	miss	#0D3A6B
#0D3A6B	64	0.179618989975224	81	miss	#0D3A6B
#0D3A6B	65	0.164104726615006	81	miss	#0D3A6B
#0D3A6B	66	0.1494523667748	81	miss	#0D3A6B
#4283C9	67	0.167136249340566	81	hit	#4283C9
#0D3A6B	68	0.152797966179134	81	miss	#0D3A6B
#0D3A6B	69	0.139214329499882	81	miss	#0D3A6B
#0D3A6B	70	0.126327289573413	81	miss	#0D3A6B
#4283C9	71	0.142650873480274	81	hit	#4283C9
#4283C9	72	0.158974457387135	81	hit	#4283C9
#0D3A6B	73	0.145915590261647	81	miss	#0D3A6B
#0D3A6B	74	0.133493741044718	81	miss	#0D3A6B
#0D3A6B	75	0.121663408457167	81	miss	#0D3A6B
#4283C9	76	0.136821022084967	81	hit	#4283C9
#0D3A6B	77	0.125188434882237	81	miss	#0D3A6B
#4283C9	78	0.139993545867529	81	hit	#4283C9
#0D3A6B	79	0.12855323283344	81	miss	#0D3A6B
#4283C9	80	0.143021864023612	81	hit	#4283C9
#0D3A6B	81	0.131768484209033	81	miss	#0D3A6B
#4283C9	82	0.145915590261647	81	hit	#4283C9
#0D3A6B	2	0.363380227632419	82	miss	#0D3A6B
#4283C9	3	0.273239544735163	82	hit	#4283C9
#4283C9	4	0.909859317102744	82	hit	#4283C9
#4283C9	5	1.54647908947033	82	hit	#4283C9
#0D3A6B	6	0.591549430918953	82	miss	#0D3A6B
#4283C9	7	0.909859317102744	82	hit	#4283C9
#0D3A6B	8	0.485446135524357	82	miss	#0D3A6B
#4283C9	9	0.69765272631355	82	hit	#4283C9
#4283C9	10	0.909859317102744	82	hit	#4283C9
#0D3A6B	11	0.591549430918953	82	miss	#0D3A6B
#4283C9	12	0.750704374010849	82	hit	#4283C9
#0D3A6B	13	0.527887453682195	82	miss	#0D3A6B
#4283C9	14	0.655211408155712	82	hit	#4283C9
#0D3A6B	15	0.485446135524357	82	miss	#0D3A6B
#0D3A6B	16	0.36418522650196	82	miss	#0D3A6B
#0D3A6B	17	0.273239544735163	82	miss	#0D3A6B
#0D3A6B	18	0.202504014472098	82	miss	#0D3A6B
#4283C9	19	0.273239544735163	82	hit	#4283C9
#0D3A6B	20	0.209577567498405	82	miss	#0D3A6B
#0D3A6B	21	0.157490495213784	82	miss	#0D3A6B
#0D3A6B	22	0.114084601643267	82	miss	#0D3A6B
#0D3A6B	23	0.07735653785283	82	miss	#0D3A6B
#0D3A6B	24	0.0458753403181694	82	miss	#0D3A6B
#4283C9	25	0.091348181201568	82	hit	#4283C9
#0D3A6B	26	0.061032953945969	82	miss	#0D3A6B
#4283C9	27	0.103474272103808	82	hit	#4283C9
#4283C9	28	0.145915590261647	82	hit	#4283C9
#4283C9	29	0.188356908419485	82	hit	#4283C9
#0D3A6B	30	0.153873337416241	82	miss	#0D3A6B
#4283C9	31	0.193662073189215	82	hit	#4283C9
#0D3A6B	32	0.160894879023237	82	miss	#0D3A6B
#0D3A6B	33	0.131768484209033	82	miss	#0D3A6B
#4283C9	34	0.167136249340566	82	hit	#4283C9
#0D3A6B	35	0.139214329499882	82	miss	#0D3A6B
#0D3A6B	36	0.114084601643267	82	miss	#0D3A6B
#0D3A6B	37	0.091348181201568	82	miss	#0D3A6B
#4283C9	38	0.121663408457167	82	hit	#4283C9
#4283C9	39	0.151978635712766	82	hit	#4283C9
#0D3A6B	40	0.12855323283344	82	miss	#0D3A6B
#0D3A6B	41	0.107164821508837	82	miss	#0D3A6B
#4283C9	42	0.134843942046558	82	hit	#4283C9
#4283C9	43	0.162523062584279	82	hit	#4283C9
#0D3A6B	44	0.140610425491917	82	miss	#0D3A6B
#4283C9	45	0.167136249340566	82	hit	#4283C9
#4283C9	46	0.193662073189215	82	hit	#4283C9
#4283C9	47	0.220187897037864	82	hit	#4283C9
#4283C9	48	0.246713720886513	82	hit	#4283C9
#4283C9	49	0.273239544735163	82	hit	#4283C9
#0D3A6B	50	0.247774753840459	82	miss	#0D3A6B
#0D3A6B	51	0.22426879301458	82	miss	#0D3A6B
#4283C9	52	0.248754168874871	82	hit	#4283C9
#0D3A6B	53	0.226082524559786	82	miss	#0D3A6B
#0D3A6B	54	0.205030283410065	82	miss	#0D3A6B
#4283C9	55	0.227766703851764	82	hit	#4283C9
#4283C9	56	0.250503124293463	82	hit	#4283C9
#0D3A6B	57	0.229334732847743	82	miss	#0D3A6B
#0D3A6B	58	0.209577567498405	82	miss	#0D3A6B
#4283C9	59	0.230798226577324	82	hit	#4283C9
#0D3A6B	60	0.211631179667332	82	miss	#0D3A6B
#4283C9	61	0.232167301356609	82	hit	#4283C9
#0D3A6B	62	0.213556441075702	82	miss	#0D3A6B
#0D3A6B	63	0.196073511720911	82	miss	#0D3A6B
#0D3A6B	64	0.179618989975224	82	miss	#0D3A6B
#0D3A6B	65	0.164104726615006	82	miss	#0D3A6B
#0D3A6B	66	0.1494523667748	82	miss	#0D3A6B
#4283C9	67	0.167136249340566	82	hit	#4283C9
#0D3A6B	68	0.152797966179134	82	miss	#0D3A6B
#0D3A6B	69	0.139214329499882	82	miss	#0D3A6B
#0D3A6B	70	0.126327289573413	82	miss	#0D3A6B
#4283C9	71	0.142650873480274	82	hit	#4283C9
#4283C9	72	0.158974457387135	82	hit	#4283C9
#0D3A6B	73	0.145915590261647	82	miss	#0D3A6B
#0D3A6B	74	0.133493741044718	82	miss	#0D3A6B
#0D3A6B	75	0.121663408457167	82	miss	#0D3A6B
#4283C9	76	0.136821022084967	82	hit	#4283C9
#0D3A6B	77	0.125188434882237	82	miss	#0D3A6B
#4283C9	78	0.139993545867529	82	hit	#4283C9
#0D3A6B	79	0.12855323283344	82	miss	#0D3A6B
#4283C9	80	0.143021864023612	82	hit	#4283C9
#0D3A6B	81	0.131768484209033	82	miss	#0D3A6B
#4283C9	82	0.145915590261647	82	hit	#4283C9
#0D3A6B	83	0.134843942046558	82	miss	#0D3A6B
#0D3A6B	2	0.363380227632419	83	miss	#0D3A6B
#4283C9	3	0.273239544735163	83	hit	#4283C9
#4283C9	4	0.909859317102744	83	hit	#4283C9
#4283C9	5	1.54647908947033	83	hit	#4283C9
#0D3A6B	6	0.591549430918953	83	miss	#0D3A6B
#4283C9	7	0.909859317102744	83	hit	#4283C9
#0D3A6B	8	0.485446135524357	83	miss	#0D3A6B
#4283C9	9	0.69765272631355	83	hit	#4283C9
#4283C9	10	0.909859317102744	83	hit	#4283C9
#0D3A6B	11	0.591549430918953	83	miss	#0D3A6B
#4283C9	12	0.750704374010849	83	hit	#4283C9
#0D3A6B	13	0.527887453682195	83	miss	#0D3A6B
#4283C9	14	0.655211408155712	83	hit	#4283C9
#0D3A6B	15	0.485446135524357	83	miss	#0D3A6B
#0D3A6B	16	0.36418522650196	83	miss	#0D3A6B
#0D3A6B	17	0.273239544735163	83	miss	#0D3A6B
#0D3A6B	18	0.202504014472098	83	miss	#0D3A6B
#4283C9	19	0.273239544735163	83	hit	#4283C9
#0D3A6B	20	0.209577567498405	83	miss	#0D3A6B
#0D3A6B	21	0.157490495213784	83	miss	#0D3A6B
#0D3A6B	22	0.114084601643267	83	miss	#0D3A6B
#0D3A6B	23	0.07735653785283	83	miss	#0D3A6B
#0D3A6B	24	0.0458753403181694	83	miss	#0D3A6B
#4283C9	25	0.091348181201568	83	hit	#4283C9
#0D3A6B	26	0.061032953945969	83	miss	#0D3A6B
#4283C9	27	0.103474272103808	83	hit	#4283C9
#4283C9	28	0.145915590261647	83	hit	#4283C9
#4283C9	29	0.188356908419485	83	hit	#4283C9
#0D3A6B	30	0.153873337416241	83	miss	#0D3A6B
#4283C9	31	0.193662073189215	83	hit	#4283C9
#0D3A6B	32	0.160894879023237	83	miss	#0D3A6B
#0D3A6B	33	0.131768484209033	83	miss	#0D3A6B
#4283C9	34	0.167136249340566	83	hit	#4283C9
#0D3A6B	35	0.139214329499882	83	miss	#0D3A6B
#0D3A6B	36	0.114084601643267	83	miss	#0D3A6B
#0D3A6B	37	0.091348181201568	83	miss	#0D3A6B
#4283C9	38	0.121663408457167	83	hit	#4283C9
#4283C9	39	0.151978635712766	83	hit	#4283C9
#0D3A6B	40	0.12855323283344	83	miss	#0D3A6B
#0D3A6B	41	0.107164821508837	83	miss	#0D3A6B
#4283C9	42	0.134843942046558	83	hit	#4283C9
#4283C9	43	0.162523062584279	83	hit	#4283C9
#0D3A6B	44	0.140610425491917	83	miss	#0D3A6B
#4283C9	45	0.167136249340566	83	hit	#4283C9
#4283C9	46	0.193662073189215	83	hit	#4283C9
#4283C9	47	0.220187897037864	83	hit	#4283C9
#4283C9	48	0.246713720886513	83	hit	#4283C9
#4283C9	49	0.273239544735163	83	hit	#4283C9
#0D3A6B	50	0.247774753840459	83	miss	#0D3A6B
#0D3A6B	51	0.22426879301458	83	miss	#0D3A6B
#4283C9	52	0.248754168874871	83	hit	#4283C9
#0D3A6B	53	0.226082524559786	83	miss	#0D3A6B
#0D3A6B	54	0.205030283410065	83	miss	#0D3A6B
#4283C9	55	0.227766703851764	83	hit	#4283C9
#4283C9	56	0.250503124293463	83	hit	#4283C9
#0D3A6B	57	0.229334732847743	83	miss	#0D3A6B
#0D3A6B	58	0.209577567498405	83	miss	#0D3A6B
#4283C9	59	0.230798226577324	83	hit	#4283C9
#0D3A6B	60	0.211631179667332	83	miss	#0D3A6B
#4283C9	61	0.232167301356609	83	hit	#4283C9
#0D3A6B	62	0.213556441075702	83	miss	#0D3A6B
#0D3A6B	63	0.196073511720911	83	miss	#0D3A6B
#0D3A6B	64	0.179618989975224	83	miss	#0D3A6B
#0D3A6B	65	0.164104726615006	83	miss	#0D3A6B
#0D3A6B	66	0.1494523667748	83	miss	#0D3A6B
#4283C9	67	0.167136249340566	83	hit	#4283C9
#0D3A6B	68	0.152797966179134	83	miss	#0D3A6B
#0D3A6B	69	0.139214329499882	83	miss	#0D3A6B
#0D3A6B	70	0.126327289573413	83	miss	#0D3A6B
#4283C9	71	0.142650873480274	83	hit	#4283C9
#4283C9	72	0.158974457387135	83	hit	#4283C9
#0D3A6B	73	0.145915590261647	83	miss	#0D3A6B
#0D3A6B	74	0.133493741044718	83	miss	#0D3A6B
#0D3A6B	75	0.121663408457167	83	miss	#0D3A6B
#4283C9	76	0.136821022084967	83	hit	#4283C9
#0D3A6B	77	0.125188434882237	83	miss	#0D3A6B
#4283C9	78	0.139993545867529	83	hit	#4283C9
#0D3A6B	79	0.12855323283344	83	miss	#0D3A6B
#4283C9	80	0.143021864023612	83	hit	#4283C9
#0D3A6B	81	0.131768484209033	83	miss	#0D3A6B
#4283C9	82	0.145915590261647	83	hit	#4283C9
#0D3A6B	83	0.134843942046558	83	miss	#0D3A6B
#0D3A6B	84	0.124243427798069	83	miss	#0D3A6B
#0D3A6B	2	0.363380227632419	84	miss	#0D3A6B
#4283C9	3	0.273239544735163	84	hit	#4283C9
#4283C9	4	0.909859317102744	84	hit	#4283C9
#4283C9	5	1.54647908947033	84	hit	#4283C9
#0D3A6B	6	0.591549430918953	84	miss	#0D3A6B
#4283C9	7	0.909859317102744	84	hit	#4283C9
#0D3A6B	8	0.485446135524357	84	miss	#0D3A6B
#4283C9	9	0.69765272631355	84	hit	#4283C9
#4283C9	10	0.909859317102744	84	hit	#4283C9
#0D3A6B	11	0.591549430918953	84	miss	#0D3A6B
#4283C9	12	0.750704374010849	84	hit	#4283C9
#0D3A6B	13	0.527887453682195	84	miss	#0D3A6B
#4283C9	14	0.655211408155712	84	hit	#4283C9
#0D3A6B	15	0.485446135524357	84	miss	#0D3A6B
#0D3A6B	16	0.36418522650196	84	miss	#0D3A6B
#0D3A6B	17	0.273239544735163	84	miss	#0D3A6B
#0D3A6B	18	0.202504014472098	84	miss	#0D3A6B
#4283C9	19	0.273239544735163	84	hit	#4283C9
#0D3A6B	20	0.209577567498405	84	miss	#0D3A6B
#0D3A6B	21	0.157490495213784	84	miss	#0D3A6B
#0D3A6B	22	0.114084601643267	84	miss	#0D3A6B
#0D3A6B	23	0.07735653785283	84	miss	#0D3A6B
#0D3A6B	24	0.0458753403181694	84	miss	#0D3A6B
#4283C9	25	0.091348181201568	84	hit	#4283C9
#0D3A6B	26	0.061032953945969	84	miss	#0D3A6B
#4283C9	27	0.103474272103808	84	hit	#4283C9
#4283C9	28	0.145915590261647	84	hit	#4283C9
#4283C9	29	0.188356908419485	84	hit	#4283C9
#0D3A6B	30	0.153873337416241	84	miss	#0D3A6B
#4283C9	31	0.193662073189215	84	hit	#4283C9
#0D3A6B	32	0.160894879023237	84	miss	#0D3A6B
#0D3A6B	33	0.131768484209033	84	miss	#0D3A6B
#4283C9	34	0.167136249340566	84	hit	#4283C9
#0D3A6B	35	0.139214329499882	84	miss	#0D3A6B
#0D3A6B	36	0.114084601643267	84	miss	#0D3A6B
#0D3A6B	37	0.091348181201568	84	miss	#0D3A6B
#4283C9	38	0.121663408457167	84	hit	#4283C9
#4283C9	39	0.151978635712766	84	hit	#4283C9
#0D3A6B	40	0.12855323283344	84	miss	#0D3A6B
#0D3A6B	41	0.107164821508837	84	miss	#0D3A6B
#4283C9	42	0.134843942046558	84	hit	#4283C9
#4283C9	43	0.162523062584279	84	hit	#4283C9
#0D3A6B	44	0.140610425491917	84	miss	#0D3A6B
#4283C9	45	0.167136249340566	84	hit	#4283C9
#4283C9	46	0.193662073189215	84	hit	#4283C9
#4283C9	47	0.220187897037864	84	hit	#4283C9
#4283C9	48	0.246713720886513	84	hit	#4283C9
#4283C9	49	0.273239544735163	84	hit	#4283C9
#0D3A6B	50	0.247774753840459	84	miss	#0D3A6B
#0D3A6B	51	0.22426879301458	84	miss	#0D3A6B
#4283C9	52	0.248754168874871	84	hit	#4283C9
#0D3A6B	53	0.226082524559786	84	miss	#0D3A6B
#0D3A6B	54	0.205030283410065	84	miss	#0D3A6B
#4283C9	55	0.227766703851764	84	hit	#4283C9
#4283C9	56	0.250503124293463	84	hit	#4283C9
#0D3A6B	57	0.229334732847743	84	miss	#0D3A6B
#0D3A6B	58	0.209577567498405	84	miss	#0D3A6B
#4283C9	59	0.230798226577324	84	hit	#4283C9
#0D3A6B	60	0.211631179667332	84	miss	#0D3A6B
#4283C9	61	0.232167301356609	84	hit	#4283C9
#0D3A6B	62	0.213556441075702	84	miss	#0D3A6B
#0D3A6B	63	0.196073511720911	84	miss	#0D3A6B
#0D3A6B	64	0.179618989975224	84	miss	#0D3A6B
#0D3A6B	65	0.164104726615006	84	miss	#0D3A6B
#0D3A6B	66	0.1494523667748	84	miss	#0D3A6B
#4283C9	67	0.167136249340566	84	hit	#4283C9
#0D3A6B	68	0.152797966179134	84	miss	#0D3A6B
#0D3A6B	69	0.139214329499882	84	miss	#0D3A6B
#0D3A6B	70	0.126327289573413	84	miss	#0D3A6B
#4283C9	71	0.142650873480274	84	hit	#4283C9
#4283C9	72	0.158974457387135	84	hit	#4283C9
#0D3A6B	73	0.145915590261647	84	miss	#0D3A6B
#0D3A6B	74	0.133493741044718	84	miss	#0D3A6B
#0D3A6B	75	0.121663408457167	84	miss	#0D3A6B
#4283C9	76	0.136821022084967	84	hit	#4283C9
#0D3A6B	77	0.125188434882237	84	miss	#0D3A6B
#4283C9	78	0.139993545867529	84	hit	#4283C9
#0D3A6B	79	0.12855323283344	84	miss	#0D3A6B
#4283C9	80	0.143021864023612	84	hit	#4283C9
#0D3A6B	81	0.131768484209033	84	miss	#0D3A6B
#4283C9	82	0.145915590261647	84	hit	#4283C9
#0D3A6B	83	0.134843942046558	84	miss	#0D3A6B
#0D3A6B	84	0.124243427798069	84	miss	#0D3A6B
#4283C9	85	0.137788529337805	84	hit	#4283C9
#0D3A6B	2	0.363380227632419	85	miss	#0D3A6B
#4283C9	3	0.273239544735163	85	hit	#4283C9
#4283C9	4	0.909859317102744	85	hit	#4283C9
#4283C9	5	1.54647908947033	85	hit	#4283C9
#0D3A6B	6	0.591549430918953	85	miss	#0D3A6B
#4283C9	7	0.909859317102744	85	hit	#4283C9
#0D3A6B	8	0.485446135524357	85	miss	#0D3A6B
#4283C9	9	0.69765272631355	85	hit	#4283C9
#4283C9	10	0.909859317102744	85	hit	#4283C9
#0D3A6B	11	0.591549430918953	85	miss	#0D3A6B
#4283C9	12	0.750704374010849	85	hit	#4283C9
#0D3A6B	13	0.527887453682195	85	miss	#0D3A6B
#4283C9	14	0.655211408155712	85	hit	#4283C9
#0D3A6B	15	0.485446135524357	85	miss	#0D3A6B
#0D3A6B	16	0.36418522650196	85	miss	#0D3A6B
#0D3A6B	17	0.273239544735163	85	miss	#0D3A6B
#0D3A6B	18	0.202504014472098	85	miss	#0D3A6B
#4283C9	19	0.273239544735163	85	hit	#4283C9
#0D3A6B	20	0.209577567498405	85	miss	#0D3A6B
#0D3A6B	21	0.157490495213784	85	miss	#0D3A6B
#0D3A6B	22	0.114084601643267	85	miss	#0D3A6B
#0D3A6B	23	0.07735653785283	85	miss	#0D3A6B
#0D3A6B	24	0.0458753403181694	85	miss	#0D3A6B
#4283C9	25	0.091348181201568	85	hit	#4283C9
#0D3A6B	26	0.061032953945969	85	miss	#0D3A6B
#4283C9	27	0.103474272103808	85	hit	#4283C9
#4283C9	28	0.145915590261647	85	hit	#4283C9
#4283C9	29	0.188356908419485	85	hit	#4283C9
#0D3A6B	30	0.153873337416241	85	miss	#0D3A6B
#4283C9	31	0.193662073189215	85	hit	#4283C9
#0D3A6B	32	0.160894879023237	85	miss	#0D3A6B
#0D3A6B	33	0.131768484209033	85	miss	#0D3A6B
#4283C9	34	0.167136249340566	85	hit	#4283C9
#0D3A6B	35	0.139214329499882	85	miss	#0D3A6B
#0D3A6B	36	0.114084601643267	85	miss	#0D3A6B
#0D3A6B	37	0.091348181201568	85	miss	#0D3A6B
#4283C9	38	0.121663408457167	85	hit	#4283C9
#4283C9	39	0.151978635712766	85	hit	#4283C9
#0D3A6B	40	0.12855323283344	85	miss	#0D3A6B
#0D3A6B	41	0.107164821508837	85	miss	#0D3A6B
#4283C9	42	0.134843942046558	85	hit	#4283C9
#4283C9	43	0.162523062584279	85	hit	#4283C9
#0D3A6B	44	0.140610425491917	85	miss	#0D3A6B
#4283C9	45	0.167136249340566	85	hit	#4283C9
#4283C9	46	0.193662073189215	85	hit	#4283C9
#4283C9	47	0.220187897037864	85	hit	#4283C9
#4283C9	48	0.246713720886513	85	hit	#4283C9
#4283C9	49	0.273239544735163	85	hit	#4283C9
#0D3A6B	50	0.247774753840459	85	miss	#0D3A6B
#0D3A6B	51	0.22426879301458	85	miss	#0D3A6B
#4283C9	52	0.248754168874871	85	hit	#4283C9
#0D3A6B	53	0.226082524559786	85	miss	#0D3A6B
#0D3A6B	54	0.205030283410065	85	miss	#0D3A6B
#4283C9	55	0.227766703851764	85	hit	#4283C9
#4283C9	56	0.250503124293463	85	hit	#4283C9
#0D3A6B	57	0.229334732847743	85	miss	#0D3A6B
#0D3A6B	58	0.209577567498405	85	miss	#0D3A6B
#4283C9	59	0.230798226577324	85	hit	#4283C9
#0D3A6B	60	0.211631179667332	85	miss	#0D3A6B
#4283C9	61	0.232167301356609	85	hit	#4283C9
#0D3A6B	62	0.213556441075702	85	miss	#0D3A6B
#0D3A6B	63	0.196073511720911	85	miss	#0D3A6B
#0D3A6B	64	0.179618989975224	85	miss	#0D3A6B
#0D3A6B	65	0.164104726615006	85	miss	#0D3A6B
#0D3A6B	66	0.1494523667748	85	miss	#0D3A6B
#4283C9	67	0.167136249340566	85	hit	#4283C9
#0D3A6B	68	0.152797966179134	85	miss	#0D3A6B
#0D3A6B	69	0.139214329499882	85	miss	#0D3A6B
#0D3A6B	70	0.126327289573413	85	miss	#0D3A6B
#4283C9	71	0.142650873480274	85	hit	#4283C9
#4283C9	72	0.158974457387135	85	hit	#4283C9
#0D3A6B	73	0.145915590261647	85	miss	#0D3A6B
#0D3A6B	74	0.133493741044718	85	miss	#0D3A6B
#0D3A6B	75	0.121663408457167	85	miss	#0D3A6B
#4283C9	76	0.136821022084967	85	hit	#4283C9
#0D3A6B	77	0.125188434882237	85	miss	#0D3A6B
#4283C9	78	0.139993545867529	85	hit	#4283C9
#0D3A6B	79	0.12855323283344	85	miss	#0D3A6B
#4283C9	80	0.143021864023612	85	hit	#4283C9
#0D3A6B	81	0.131768484209033	85	miss	#0D3A6B
#4283C9	82	0.145915590261647	85	hit	#4283C9
#0D3A6B	83	0.134843942046558	85	miss	#0D3A6B
#0D3A6B	84	0.124243427798069	85	miss	#0D3A6B
#4283C9	85	0.137788529337805	85	hit	#4283C9
#4283C9	86	0.151333630877541	85	hit	#4283C9
#0D3A6B	2	0.363380227632419	86	miss	#0D3A6B
#4283C9	3	0.273239544735163	86	hit	#4283C9
#4283C9	4	0.909859317102744	86	hit	#4283C9
#4283C9	5	1.54647908947033	86	hit	#4283C9
#0D3A6B	6	0.591549430918953	86	miss	#0D3A6B
#4283C9	7	0.909859317102744	86	hit	#4283C9
#0D3A6B	8	0.485446135524357	86	miss	#0D3A6B
#4283C9	9	0.69765272631355	86	hit	#4283C9
#4283C9	10	0.909859317102744	86	hit	#4283C9
#0D3A6B	11	0.591549430918953	86	miss	#0D3A6B
#4283C9	12	0.750704374010849	86	hit	#4283C9
#0D3A6B	13	0.527887453682195	86	miss	#0D3A6B
#4283C9	14	0.655211408155712	86	hit	#4283C9
#0D3A6B	15	0.485446135524357	86	miss	#0D3A6B
#0D3A6B	16	0.36418522650196	86	miss	#0D3A6B
#0D3A6B	17	0.273239544735163	86	miss	#0D3A6B
#0D3A6B	18	0.202504014472098	86	miss	#0D3A6B
#4283C9	19	0.273239544735163	86	hit	#4283C9
#0D3A6B	20	0.209577567498405	86	miss	#0D3A6B
#0D3A6B	21	0.157490495213784	86	miss	#0D3A6B
#0D3A6B	22	0.114084601643267	86	miss	#0D3A6B
#0D3A6B	23	0.07735653785283	86	miss	#0D3A6B
#0D3A6B	24	0.0458753403181694	86	miss	#0D3A6B
#4283C9	25	0.091348181201568	86	hit	#4283C9
#0D3A6B	26	0.061032953945969	86	miss	#0D3A6B
#4283C9	27	0.103474272103808	86	hit	#4283C9
#4283C9	28	0.145915590261647	86	hit	#4283C9
#4283C9	29	0.188356908419485	86	hit	#4283C9
#0D3A6B	30	0.153873337416241	86	miss	#0D3A6B
#4283C9	31	0.193662073189215	86	hit	#4283C9
#0D3A6B	32	0.160894879023237	86	miss	#0D3A6B
#0D3A6B	33	0.131768484209033	86	miss	#0D3A6B
#4283C9	34	0.167136249340566	86	hit	#4283C9
#0D3A6B	35	0.139214329499882	86	miss	#0D3A6B
#0D3A6B	36	0.114084601643267	86	miss	#0D3A6B
#0D3A6B	37	0.091348181201568	86	miss	#0D3A6B
#4283C9	38	0.121663408457167	86	hit	#4283C9
#4283C9	39	0.151978635712766	86	hit	#4283C9
#0D3A6B	40	0.12855323283344	86	miss	#0D3A6B
#0D3A6B	41	0.107164821508837	86	miss	#0D3A6B
#4283C9	42	0.134843942046558	86	hit	#4283C9
#4283C9	43	0.162523062584279	86	hit	#4283C9
#0D3A6B	44	0.140610425491917	86	miss	#0D3A6B
#4283C9	45	0.167136249340566	86	hit	#4283C9
#4283C9	46	0.193662073189215	86	hit	#4283C9
#4283C9	47	0.220187897037864	86	hit	#4283C9
#4283C9	48	0.246713720886513	86	hit	#4283C9
#4283C9	49	0.273239544735163	86	hit	#4283C9
#0D3A6B	50	0.247774753840459	86	miss	#0D3A6B
#0D3A6B	51	0.22426879301458	86	miss	#0D3A6B
#4283C9	52	0.248754168874871	86	hit	#4283C9
#0D3A6B	53	0.226082524559786	86	miss	#0D3A6B
#0D3A6B	54	0.205030283410065	86	miss	#0D3A6B
#4283C9	55	0.227766703851764	86	hit	#4283C9
#4283C9	56	0.250503124293463	86	hit	#4283C9
#0D3A6B	57	0.229334732847743	86	miss	#0D3A6B
#0D3A6B	58	0.209577567498405	86	miss	#0D3A6B
#4283C9	59	0.230798226577324	86	hit	#4283C9
#0D3A6B	60	0.211631179667332	86	miss	#0D3A6B
#4283C9	61	0.232167301356609	86	hit	#4283C9
#0D3A6B	62	0.213556441075702	86	miss	#0D3A6B
#0D3A6B	63	0.196073511720911	86	miss	#0D3A6B
#0D3A6B	64	0.179618989975224	86	miss	#0D3A6B
#0D3A6B	65	0.164104726615006	86	miss	#0D3A6B
#0D3A6B	66	0.1494523667748	86	miss	#0D3A6B
#4283C9	67	0.167136249340566	86	hit	#4283C9
#0D3A6B	68	0.152797966179134	86	miss	#0D3A6B
#0D3A6B	69	0.139214329499882	86	miss	#0D3A6B
#0D3A6B	70	0.126327289573413	86	miss	#0D3A6B
#4283C9	71	0.142650873480274	86	hit	#4283C9
#4283C9	72	0.158974457387135	86	hit	#4283C9
#0D3A6B	73	0.145915590261647	86	miss	#0D3A6B
#0D3A6B	74	0.133493741044718	86	miss	#0D3A6B
#0D3A6B	75	0.121663408457167	86	miss	#0D3A6B
#4283C9	76	0.136821022084967	86	hit	#4283C9
#0D3A6B	77	0.125188434882237	86	miss	#0D3A6B
#4283C9	78	0.139993545867529	86	hit	#4283C9
#0D3A6B	79	0.12855323283344	86	miss	#0D3A6B
#4283C9	80	0.143021864023612	86	hit	#4283C9
#0D3A6B	81	0.131768484209033	86	miss	#0D3A6B
#4283C9	82	0.145915590261647	86	hit	#4283C9
#0D3A6B	83	0.134843942046558	86	miss	#0D3A6B
#0D3A6B	84	0.124243427798069	86	miss	#0D3A6B
#4283C9	85	0.137788529337805	86	hit	#4283C9
#4283C9	86	0.151333630877541	86	hit	#4283C9
#4283C9	87	0.164878732417277	86	hit	#4283C9
#0D3A6B	2	0.363380227632419	87	miss	#0D3A6B
#4283C9	3	0.273239544735163	87	hit	#4283C9
#4283C9	4	0.909859317102744	87	hit	#4283C9
#4283C9	5	1.54647908947033	87	hit	#4283C9
#0D3A6B	6	0.591549430918953	87	miss	#0D3A6B
#4283C9	7	0.909859317102744	87	hit	#4283C9
#0D3A6B	8	0.485446135524357	87	miss	#0D3A6B
#4283C9	9	0.69765272631355	87	hit	#4283C9
#4283C9	10	0.909859317102744	87	hit	#4283C9
#0D3A6B	11	0.591549430918953	87	miss	#0D3A6B
#4283C9	12	0.750704374010849	87	hit	#4283C9
#0D3A6B	13	0.527887453682195	87	miss	#0D3A6B
#4283C9	14	0.655211408155712	87	hit	#4283C9
#0D3A6B	15	0.485446135524357	87	miss	#0D3A6B
#0D3A6B	16	0.36418522650196	87	miss	#0D3A6B
#0D3A6B	17	0.273239544735163	87	miss	#0D3A6B
#0D3A6B	18	0.202504014472098	87	miss	#0D3A6B
#4283C9	19	0.273239544735163	87	hit	#4283C9
#0D3A6B	20	0.209577567498405	87	miss	#0D3A6B
#0D3A6B	21	0.157490495213784	87	miss	#0D3A6B
#0D3A6B	22	0.114084601643267	87	miss	#0D3A6B
#0D3A6B	23	0.07735653785283	87	miss	#0D3A6B
#0D3A6B	24	0.0458753403181694	87	miss	#0D3A6B
#4283C9	25	0.091348181201568	87	hit	#4283C9
#0D3A6B	26	0.061032953945969	87	miss	#0D3A6B
#4283C9	27	0.103474272103808	87	hit	#4283C9
#4283C9	28	0.145915590261647	87	hit	#4283C9
#4283C9	29	0.188356908419485	87	hit	#4283C9
#0D3A6B	30	0.153873337416241	87	miss	#0D3A6B
#4283C9	31	0.193662073189215	87	hit	#4283C9
#0D3A6B	32	0.160894879023237	87	miss	#0D3A6B
#0D3A6B	33	0.131768484209033	87	miss	#0D3A6B
#4283C9	34	0.167136249340566	87	hit	#4283C9
#0D3A6B	35	0.139214329499882	87	miss	#0D3A6B
#0D3A6B	36	0.114084601643267	87	miss	#0D3A6B
#0D3A6B	37	0.091348181201568	87	miss	#0D3A6B
#4283C9	38	0.121663408457167	87	hit	#4283C9
#4283C9	39	0.151978635712766	87	hit	#4283C9
#0D3A6B	40	0.12855323283344	87	miss	#0D3A6B
#0D3A6B	41	0.107164821508837	87	miss	#0D3A6B
#4283C9	42	0.134843942046558	87	hit	#4283C9
#4283C9	43	0.162523062584279	87	hit	#4283C9
#0D3A6B	44	0.140610425491917	87	miss	#0D3A6B
#4283C9	45	0.167136249340566	87	hit	#4283C9
#4283C9	46	0.193662073189215	87	hit	#4283C9
#4283C9	47	0.220187897037864	87	hit	#4283C9
#4283C9	48	0.246713720886513	87	hit	#4283C9
#4283C9	49	0.273239544735163	87	hit	#4283C9
#0D3A6B	50	0.247774753840459	87	miss	#0D3A6B
#0D3A6B	51	0.22426879301458	87	miss	#0D3A6B
#4283C9	52	0.248754168874871	87	hit	#4283C9
#0D3A6B	53	0.226082524559786	87	miss	#0D3A6B
#0D3A6B	54	0.205030283410065	87	miss	#0D3A6B
#4283C9	55	0.227766703851764	87	hit	#4283C9
#4283C9	56	0.250503124293463	87	hit	#4283C9
#0D3A6B	57	0.229334732847743	87	miss	#0D3A6B
#0D3A6B	58	0.209577567498405	87	miss	#0D3A6B
#4283C9	59	0.230798226577324	87	hit	#4283C9
#0D3A6B	60	0.211631179667332	87	miss	#0D3A6B
#4283C9	61	0.232167301356609	87	hit	#4283C9
#0D3A6B	62	0.213556441075702	87	miss	#0D3A6B
#0D3A6B	63	0.196073511720911	87	miss	#0D3A6B
#0D3A6B	64	0.179618989975224	87	miss	#0D3A6B
#0D3A6B	65	0.164104726615006	87	miss	#0D3A6B
#0D3A6B	66	0.1494523667748	87	miss	#0D3A6B
#4283C9	67	0.167136249340566	87	hit	#4283C9
#0D3A6B	68	0.152797966179134	87	miss	#0D3A6B
#0D3A6B	69	0.139214329499882	87	miss	#0D3A6B
#0D3A6B	70	0.126327289573413	87	miss	#0D3A6B
#4283C9	71	0.142650873480274	87	hit	#4283C9
#4283C9	72	0.158974457387135	87	hit	#4283C9
#0D3A6B	73	0.145915590261647	87	miss	#0D3A6B
#0D3A6B	74	0.133493741044718	87	miss	#0D3A6B
#0D3A6B	75	0.121663408457167	87	miss	#0D3A6B
#4283C9	76	0.136821022084967	87	hit	#4283C9
#0D3A6B	77	0.125188434882237	87	miss	#0D3A6B
#4283C9	78	0.139993545867529	87	hit	#4283C9
#0D3A6B	79	0.12855323283344	87	miss	#0D3A6B
#4283C9	80	0.143021864023612	87	hit	#4283C9
#0D3A6B	81	0.131768484209033	87	miss	#0D3A6B
#4283C9	82	0.145915590261647	87	hit	#4283C9
#0D3A6B	83	0.134843942046558	87	miss	#0D3A6B
#0D3A6B	84	0.124243427798069	87	miss	#0D3A6B
#4283C9	85	0.137788529337805	87	hit	#4283C9
#4283C9	86	0.151333630877541	87	hit	#4283C9
#4283C9	87	0.164878732417277	87	hit	#4283C9
#0D3A6B	88	0.153873337416241	87	miss	#0D3A6B
#0D3A6B	2	0.363380227632419	88	miss	#0D3A6B
#4283C9	3	0.273239544735163	88	hit	#4283C9
#4283C9	4	0.909859317102744	88	hit	#4283C9
#4283C9	5	1.54647908947033	88	hit	#4283C9
#0D3A6B	6	0.591549430918953	88	miss	#0D3A6B
#4283C9	7	0.909859317102744	88	hit	#4283C9
#0D3A6B	8	0.485446135524357	88	miss	#0D3A6B
#4283C9	9	0.69765272631355	88	hit	#4283C9
#4283C9	10	0.909859317102744	88	hit	#4283C9
#0D3A6B	11	0.591549430918953	88	miss	#0D3A6B
#4283C9	12	0.750704374010849	88	hit	#4283C9
#0D3A6B	13	0.527887453682195	88	miss	#0D3A6B
#4283C9	14	0.655211408155712	88	hit	#4283C9
#0D3A6B	15	0.485446135524357	88	miss	#0D3A6B
#0D3A6B	16	0.36418522650196	88	miss	#0D3A6B
#0D3A6B	17	0.273239544735163	88	miss	#0D3A6B
#0D3A6B	18	0.202504014472098	88	miss	#0D3A6B
#4283C9	19	0.273239544735163	88	hit	#4283C9
#0D3A6B	20	0.209577567498405	88	miss	#0D3A6B
#0D3A6B	21	0.157490495213784	88	miss	#0D3A6B
#0D3A6B	22	0.114084601643267	88	miss	#0D3A6B
#0D3A6B	23	0.07735653785283	88	miss	#0D3A6B
#0D3A6B	24	0.0458753403181694	88	miss	#0D3A6B
#4283C9	25	0.091348181201568	88	hit	#4283C9
#0D3A6B	26	0.061032953945969	88	miss	#0D3A6B
#4283C9	27	0.103474272103808	88	hit	#4283C9
#4283C9	28	0.145915590261647	88	hit	#4283C9
#4283C9	29	0.188356908419485	88	hit	#4283C9
#0D3A6B	30	0.153873337416241	88	miss	#0D3A6B
#4283C9	31	0.193662073189215	88	hit	#4283C9
#0D3A6B	32	0.160894879023237	88	miss	#0D3A6B
#0D3A6B	33	0.131768484209033	88	miss	#0D3A6B
#4283C9	34	0.167136249340566	88	hit	#4283C9
#0D3A6B	35	0.139214329499882	88	miss	#0D3A6B
#0D3A6B	36	0.114084601643267	88	miss	#0D3A6B
#0D3A6B	37	0.091348181201568	88	miss	#0D3A6B
#4283C9	38	0.121663408457167	88	hit	#4283C9
#4283C9	39	0.151978635712766	88	hit	#4283C9
#0D3A6B	40	0.12855323283344	88	miss	#0D3A6B
#0D3A6B	41	0.107164821508837	88	miss	#0D3A6B
#4283C9	42	0.134843942046558	88	hit	#4283C9
#4283C9	43	0.162523062584279	88	hit	#4283C9
#0D3A6B	44	0.140610425491917	88	miss	#0D3A6B
#4283C9	45	0.167136249340566	88	hit	#4283C9
#4283C9	46	0.193662073189215	88	hit	#4283C9
#4283C9	47	0.220187897037864	88	hit	#4283C9
#4283C9	48	0.246713720886513	88	hit	#4283C9
#4283C9	49	0.273239544735163	88	hit	#4283C9
#0D3A6B	50	0.247774753840459	88	miss	#0D3A6B
#0D3A6B	51	0.22426879301458	88	miss	#0D3A6B
#4283C9	52	0.248754168874871	88	hit	#4283C9
#0D3A6B	53	0.226082524559786	88	miss	#0D3A6B
#0D3A6B	54	0.205030283410065	88	miss	#0D3A6B
#4283C9	55	0.227766703851764	88	hit	#4283C9
#4283C9	56	0.250503124293463	88	hit	#4283C9
#0D3A6B	57	0.229334732847743	88	miss	#0D3A6B
#0D3A6B	58	0.209577567498405	88	miss	#0D3A6B
#4283C9	59	0.230798226577324	88	hit	#4283C9
#0D3A6B	60	0.211631179667332	88	miss	#0D3A6B
#4283C9	61	0.232167301356609	88	hit	#4283C9
#0D3A6B	62	0.213556441075702	88	miss	#0D3A6B
#0D3A6B	63	0.196073511720911	88	miss	#0D3A6B
#0D3A6B	64	0.179618989975224	88	miss	#0D3A6B
#0D3A6B	65	0.164104726615006	88	miss	#0D3A6B
#0D3A6B	66	0.1494523667748	88	miss	#0D3A6B
#4283C9	67	0.167136249340566	88	hit	#4283C9
#0D3A6B	68	0.152797966179134	88	miss	#0D3A6B
#0D3A6B	69	0.139214329499882	88	miss	#0D3A6B
#0D3A6B	70	0.126327289573413	88	miss	#0D3A6B
#4283C9	71	0.142650873480274	88	hit	#4283C9
#4283C9	72	0.158974457387135	88	hit	#4283C9
#0D3A6B	73	0.145915590261647	88	miss	#0D3A6B
#0D3A6B	74	0.133493741044718	88	miss	#0D3A6B
#0D3A6B	75	0.121663408457167	88	miss	#0D3A6B
#4283C9	76	0.136821022084967	88	hit	#4283C9
#0D3A6B	77	0.125188434882237	88	miss	#0D3A6B
#4283C9	78	0.139993545867529	88	hit	#4283C9
#0D3A6B	79	0.12855323283344	88	miss	#0D3A6B
#4283C9	80	0.143021864023612	88	hit	#4283C9
#0D3A6B	81	0.131768484209033	88	miss	#0D3A6B
#4283C9	82	0.145915590261647	88	hit	#4283C9
#0D3A6B	83	0.134843942046558	88	miss	#0D3A6B
#0D3A6B	84	0.124243427798069	88	miss	#0D3A6B
#4283C9	85	0.137788529337805	88	hit	#4283C9
#4283C9	86	0.151333630877541	88	hit	#4283C9
#4283C9	87	0.164878732417277	88	hit	#4283C9
#0D3A6B	88	0.153873337416241	88	miss	#0D3A6B
#4283C9	89	0.167136249340566	88	hit	#4283C9
#0D3A6B	2	0.363380227632419	89	miss	#0D3A6B
#4283C9	3	0.273239544735163	89	hit	#4283C9
#4283C9	4	0.909859317102744	89	hit	#4283C9
#4283C9	5	1.54647908947033	89	hit	#4283C9
#0D3A6B	6	0.591549430918953	89	miss	#0D3A6B
#4283C9	7	0.909859317102744	89	hit	#4283C9
#0D3A6B	8	0.485446135524357	89	miss	#0D3A6B
#4283C9	9	0.69765272631355	89	hit	#4283C9
#4283C9	10	0.909859317102744	89	hit	#4283C9
#0D3A6B	11	0.591549430918953	89	miss	#0D3A6B
#4283C9	12	0.750704374010849	89	hit	#4283C9
#0D3A6B	13	0.527887453682195	89	miss	#0D3A6B
#4283C9	14	0.655211408155712	89	hit	#4283C9
#0D3A6B	15	0.485446135524357	89	miss	#0D3A6B
#0D3A6B	16	0.36418522650196	89	miss	#0D3A6B
#0D3A6B	17	0.273239544735163	89	miss	#0D3A6B
#0D3A6B	18	0.202504014472098	89	miss	#0D3A6B
#4283C9	19	0.273239544735163	89	hit	#4283C9
#0D3A6B	20	0.209577567498405	89	miss	#0D3A6B
#0D3A6B	21	0.157490495213784	89	miss	#0D3A6B
#0D3A6B	22	0.114084601643267	89	miss	#0D3A6B
#0D3A6B	23	0.07735653785283	89	miss	#0D3A6B
#0D3A6B	24	0.0458753403181694	89	miss	#0D3A6B
#4283C9	25	0.091348181201568	89	hit	#4283C9
#0D3A6B	26	0.061032953945969	89	miss	#0D3A6B
#4283C9	27	0.103474272103808	89	hit	#4283C9
#4283C9	28	0.145915590261647	89	hit	#4283C9
#4283C9	29	0.188356908419485	89	hit	#4283C9
#0D3A6B	30	0.153873337416241	89	miss	#0D3A6B
#4283C9	31	0.193662073189215	89	hit	#4283C9
#0D3A6B	32	0.160894879023237	89	miss	#0D3A6B
#0D3A6B	33	0.131768484209033	89	miss	#0D3A6B
#4283C9	34	0.167136249340566	89	hit	#4283C9
#0D3A6B	35	0.139214329499882	89	miss	#0D3A6B
#0D3A6B	36	0.114084601643267	89	miss	#0D3A6B
#0D3A6B	37	0.091348181201568	89	miss	#0D3A6B
#4283C9	38	0.121663408457167	89	hit	#4283C9
#4283C9	39	0.151978635712766	89	hit	#4283C9
#0D3A6B	40	0.12855323283344	89	miss	#0D3A6B
#0D3A6B	41	0.107164821508837	89	miss	#0D3A6B
#4283C9	42	0.134843942046558	89	hit	#4283C9
#4283C9	43	0.162523062584279	89	hit	#4283C9
#0D3A6B	44	0.140610425491917	89	miss	#0D3A6B
#4283C9	45	0.167136249340566	89	hit	#4283C9
#4283C9	46	0.193662073189215	89	hit	#4283C9
#4283C9	47	0.220187897037864	89	hit	#4283C9
#4283C9	48	0.246713720886513	89	hit	#4283C9
#4283C9	49	0.273239544735163	89	hit	#4283C9
#0D3A6B	50	0.247774753840459	89	miss	#0D3A6B
#0D3A6B	51	0.22426879301458	89	miss	#0D3A6B
#4283C9	52	0.248754168874871	89	hit	#4283C9
#0D3A6B	53	0.226082524559786	89	miss	#0D3A6B
#0D3A6B	54	0.205030283410065	89	miss	#0D3A6B
#4283C9	55	0.227766703851764	89	hit	#4283C9
#4283C9	56	0.250503124293463	89	hit	#4283C9
#0D3A6B	57	0.229334732847743	89	miss	#0D3A6B
#0D3A6B	58	0.209577567498405	89	miss	#0D3A6B
#4283C9	59	0.230798226577324	89	hit	#4283C9
#0D3A6B	60	0.211631179667332	89	miss	#0D3A6B
#4283C9	61	0.232167301356609	89	hit	#4283C9
#0D3A6B	62	0.213556441075702	89	miss	#0D3A6B
#0D3A6B	63	0.196073511720911	89	miss	#0D3A6B
#0D3A6B	64	0.179618989975224	89	miss	#0D3A6B
#0D3A6B	65	0.164104726615006	89	miss	#0D3A6B
#0D3A6B	66	0.1494523667748	89	miss	#0D3A6B
#4283C9	67	0.167136249340566	89	hit	#4283C9
#0D3A6B	68	0.152797966179134	89	miss	#0D3A6B
#0D3A6B	69	0.139214329499882	89	miss	#0D3A6B
#0D3A6B	70	0.126327289573413	89	miss	#0D3A6B
#4283C9	71	0.142650873480274	89	hit	#4283C9
#4283C9	72	0.158974457387135	89	hit	#4283C9
#0D3A6B	73	0.145915590261647	89	miss	#0D3A6B
#0D3A6B	74	0.133493741044718	89	miss	#0D3A6B
#0D3A6B	75	0.121663408457167	89	miss	#0D3A6B
#4283C9	76	0.136821022084967	89	hit	#4283C9
#0D3A6B	77	0.125188434882237	89	miss	#0D3A6B
#4283C9	78	0.139993545867529	89	hit	#4283C9
#0D3A6B	79	0.12855323283344	89	miss	#0D3A6B
#4283C9	80	0.143021864023612	89	hit	#4283C9
#0D3A6B	81	0.131768484209033	89	miss	#0D3A6B
#4283C9	82	0.145915590261647	89	hit	#4283C9
#0D3A6B	83	0.134843942046558	89	miss	#0D3A6B
#0D3A6B	84	0.124243427798069	89	miss	#0D3A6B
#4283C9	85	0.137788529337805	89	hit	#4283C9
#4283C9	86	0.151333630877541	89	hit	#4283C9
#4283C9	87	0.164878732417277	89	hit	#4283C9
#0D3A6B	88	0.153873337416241	89	miss	#0D3A6B
#4283C9	89	0.167136249340566	89	hit	#4283C9
#0D3A6B	90	0.156309382463566	89	miss	#0D3A6B
#0D3A6B	2	0.363380227632419	90	miss	#0D3A6B
#4283C9	3	0.273239544735163	90	hit	#4283C9
#4283C9	4	0.909859317102744	90	hit	#4283C9
#4283C9	5	1.54647908947033	90	hit	#4283C9
#0D3A6B	6	0.591549430918953	90	miss	#0D3A6B
#4283C9	7	0.909859317102744	90	hit	#4283C9
#0D3A6B	8	0.485446135524357	90	miss	#0D3A6B
#4283C9	9	0.69765272631355	90	hit	#4283C9
#4283C9	10	0.909859317102744	90	hit	#4283C9
#0D3A6B	11	0.591549430918953	90	miss	#0D3A6B
#4283C9	12	0.750704374010849	90	hit	#4283C9
#0D3A6B	13	0.527887453682195	90	miss	#0D3A6B
#4283C9	14	0.655211408155712	90	hit	#4283C9
#0D3A6B	15	0.485446135524357	90	miss	#0D3A6B
#0D3A6B	16	0.36418522650196	90	miss	#0D3A6B
#0D3A6B	17	0.273239544735163	90	miss	#0D3A6B
#0D3A6B	18	0.202504014472098	90	miss	#0D3A6B
#4283C9	19	0.273239544735163	90	hit	#4283C9
#0D3A6B	20	0.209577567498405	90	miss	#0D3A6B
#0D3A6B	21	0.157490495213784	90	miss	#0D3A6B
#0D3A6B	22	0.114084601643267	90	miss	#0D3A6B
#0D3A6B	23	0.07735653785283	90	miss	#0D3A6B
#0D3A6B	24	0.0458753403181694	90	miss	#0D3A6B
#4283C9	25	0.091348181201568	90	hit	#4283C9
#0D3A6B	26	0.061032953945969	90	miss	#0D3A6B
#4283C9	27	0.103474272103808	90	hit	#4283C9
#4283C9	28	0.145915590261647	90	hit	#4283C9
#4283C9	29	0.188356908419485	90	hit	#4283C9
#0D3A6B	30	0.153873337416241	90	miss	#0D3A6B
#4283C9	31	0.193662073189215	90	hit	#4283C9
#0D3A6B	32	0.160894879023237	90	miss	#0D3A6B
#0D3A6B	33	0.131768484209033	90	miss	#0D3A6B
#4283C9	34	0.167136249340566	90	hit	#4283C9
#0D3A6B	35	0.139214329499882	90	miss	#0D3A6B
#0D3A6B	36	0.114084601643267	90	miss	#0D3A6B
#0D3A6B	37	0.091348181201568	90	miss	#0D3A6B
#4283C9	38	0.121663408457167	90	hit	#4283C9
#4283C9	39	0.151978635712766	90	hit	#4283C9
#0D3A6B	40	0.12855323283344	90	miss	#0D3A6B
#0D3A6B	41	0.107164821508837	90	miss	#0D3A6B
#4283C9	42	0.134843942046558	90	hit	#4283C9
#4283C9	43	0.162523062584279	90	hit	#4283C9
#0D3A6B	44	0.140610425491917	90	miss	#0D3A6B
#4283C9	45	0.167136249340566	90	hit	#4283C9
#4283C9	46	0.193662073189215	90	hit	#4283C9
#4283C9	47	0.220187897037864	90	hit	#4283C9
#4283C9	48	0.246713720886513	90	hit	#4283C9
#4283C9	49	0.273239544735163	90	hit	#4283C9
#0D3A6B	50	0.247774753840459	90	miss	#0D3A6B
#0D3A6B	51	0.22426879301458	90	miss	#0D3A6B
#4283C9	52	0.248754168874871	90	hit	#4283C9
#0D3A6B	53	0.226082524559786	90	miss	#0D3A6B
#0D3A6B	54	0.205030283410065	90	miss	#0D3A6B
#4283C9	55	0.227766703851764	90	hit	#4283C9
#4283C9	56	0.250503124293463	90	hit	#4283C9
#0D3A6B	57	0.229334732847743	90	miss	#0D3A6B
#0D3A6B	58	0.209577567498405	90	miss	#0D3A6B
#4283C9	59	0.230798226577324	90	hit	#4283C9
#0D3A6B	60	0.211631179667332	90	miss	#0D3A6B
#4283C9	61	0.232167301356609	90	hit	#4283C9
#0D3A6B	62	0.213556441075702	90	miss	#0D3A6B
#0D3A6B	63	0.196073511720911	90	miss	#0D3A6B
#0D3A6B	64	0.179618989975224	90	miss	#0D3A6B
#0D3A6B	65	0.164104726615006	90	miss	#0D3A6B
#0D3A6B	66	0.1494523667748	90	miss	#0D3A6B
#4283C9	67	0.167136249340566	90	hit	#4283C9
#0D3A6B	68	0.152797966179134	90	miss	#0D3A6B
#0D3A6B	69	0.139214329499882	90	miss	#0D3A6B
#0D3A6B	70	0.126327289573413	90	miss	#0D3A6B
#4283C9	71	0.142650873480274	90	hit	#4283C9
#4283C9	72	0.158974457387135	90	hit	#4283C9
#0D3A6B	73	0.145915590261647	90	miss	#0D3A6B
#0D3A6B	74	0.133493741044718	90	miss	#0D3A6B
#0D3A6B	75	0.121663408457167	90	miss	#0D3A6B
#4283C9	76	0.136821022084967	90	hit	#4283C9
#0D3A6B	77	0.125188434882237	90	miss	#0D3A6B
#4283C9	78	0.139993545867529	90	hit	#4283C9
#0D3A6B	79	0.12855323283344	90	miss	#0D3A6B
#4283C9	80	0.143021864023612	90	hit	#4283C9
#0D3A6B	81	0.131768484209033	90	miss	#0D3A6B
#4283C9	82	0.145915590261647	90	hit	#4283C9
#0D3A6B	83	0.134843942046558	90	miss	#0D3A6B
#0D3A6B	84	0.124243427798069	90	miss	#0D3A6B
#4283C9	85	0.137788529337805	90	hit	#4283C9
#4283C9	86	0.151333630877541	90	hit	#4283C9
#4283C9	87	0.164878732417277	90	hit	#4283C9
#0D3A6B	88	0.153873337416241	90	miss	#0D3A6B
#4283C9	89	0.167136249340566	90	hit	#4283C9
#0D3A6B	90	0.156309382463566	90	miss	#0D3A6B
#0D3A6B	91	0.145915590261647	90	miss	#0D3A6B
#0D3A6B	2	0.363380227632419	91	miss	#0D3A6B
#4283C9	3	0.273239544735163	91	hit	#4283C9
#4283C9	4	0.909859317102744	91	hit	#4283C9
#4283C9	5	1.54647908947033	91	hit	#4283C9
#0D3A6B	6	0.591549430918953	91	miss	#0D3A6B
#4283C9	7	0.909859317102744	91	hit	#4283C9
#0D3A6B	8	0.485446135524357	91	miss	#0D3A6B
#4283C9	9	0.69765272631355	91	hit	#4283C9
#4283C9	10	0.909859317102744	91	hit	#4283C9
#0D3A6B	11	0.591549430918953	91	miss	#0D3A6B
#4283C9	12	0.750704374010849	91	hit	#4283C9
#0D3A6B	13	0.527887453682195	91	miss	#0D3A6B
#4283C9	14	0.655211408155712	91	hit	#4283C9
#0D3A6B	15	0.485446135524357	91	miss	#0D3A6B
#0D3A6B	16	0.36418522650196	91	miss	#0D3A6B
#0D3A6B	17	0.273239544735163	91	miss	#0D3A6B
#0D3A6B	18	0.202504014472098	91	miss	#0D3A6B
#4283C9	19	0.273239544735163	91	hit	#4283C9
#0D3A6B	20	0.209577567498405	91	miss	#0D3A6B
#0D3A6B	21	0.157490495213784	91	miss	#0D3A6B
#0D3A6B	22	0.114084601643267	91	miss	#0D3A6B
#0D3A6B	23	0.07735653785283	91	miss	#0D3A6B
#0D3A6B	24	0.0458753403181694	91	miss	#0D3A6B
#4283C9	25	0.091348181201568	91	hit	#4283C9
#0D3A6B	26	0.061032953945969	91	miss	#0D3A6B
#4283C9	27	0.103474272103808	91	hit	#4283C9
#4283C9	28	0.145915590261647	91	hit	#4283C9
#4283C9	29	0.188356908419485	91	hit	#4283C9
#0D3A6B	30	0.153873337416241	91	miss	#0D3A6B
#4283C9	31	0.193662073189215	91	hit	#4283C9
#0D3A6B	32	0.160894879023237	91	miss	#0D3A6B
#0D3A6B	33	0.131768484209033	91	miss	#0D3A6B
#4283C9	34	0.167136249340566	91	hit	#4283C9
#0D3A6B	35	0.139214329499882	91	miss	#0D3A6B
#0D3A6B	36	0.114084601643267	91	miss	#0D3A6B
#0D3A6B	37	0.091348181201568	91	miss	#0D3A6B
#4283C9	38	0.121663408457167	91	hit	#4283C9
#4283C9	39	0.151978635712766	91	hit	#4283C9
#0D3A6B	40	0.12855323283344	91	miss	#0D3A6B
#0D3A6B	41	0.107164821508837	91	miss	#0D3A6B
#4283C9	42	0.134843942046558	91	hit	#4283C9
#4283C9	43	0.162523062584279	91	hit	#4283C9
#0D3A6B	44	0.140610425491917	91	miss	#0D3A6B
#4283C9	45	0.167136249340566	91	hit	#4283C9
#4283C9	46	0.193662073189215	91	hit	#4283C9
#4283C9	47	0.220187897037864	91	hit	#4283C9
#4283C9	48	0.246713720886513	91	hit	#4283C9
#4283C9	49	0.273239544735163	91	hit	#4283C9
#0D3A6B	50	0.247774753840459	91	miss	#0D3A6B
#0D3A6B	51	0.22426879301458	91	miss	#0D3A6B
#4283C9	52	0.248754168874871	91	hit	#4283C9
#0D3A6B	53	0.226082524559786	91	miss	#0D3A6B
#0D3A6B	54	0.205030283410065	91	miss	#0D3A6B
#4283C9	55	0.227766703851764	91	hit	#4283C9
#4283C9	56	0.250503124293463	91	hit	#4283C9
#0D3A6B	57	0.229334732847743	91	miss	#0D3A6B
#0D3A6B	58	0.209577567498405	91	miss	#0D3A6B
#4283C9	59	0.230798226577324	91	hit	#4283C9
#0D3A6B	60	0.211631179667332	91	miss	#0D3A6B
#4283C9	61	0.232167301356609	91	hit	#4283C9
#0D3A6B	62	0.213556441075702	91	miss	#0D3A6B
#0D3A6B	63	0.196073511720911	91	miss	#0D3A6B
#0D3A6B	64	0.179618989975224	91	miss	#0D3A6B
#0D3A6B	65	0.164104726615006	91	miss	#0D3A6B
#0D3A6B	66	0.1494523667748	91	miss	#0D3A6B
#4283C9	67	0.167136249340566	91	hit	#4283C9
#0D3A6B	68	0.152797966179134	91	miss	#0D3A6B
#0D3A6B	69	0.139214329499882	91	miss	#0D3A6B
#0D3A6B	70	0.126327289573413	91	miss	#0D3A6B
#4283C9	71	0.142650873480274	91	hit	#4283C9
#4283C9	72	0.158974457387135	91	hit	#4283C9
#0D3A6B	73	0.145915590261647	91	miss	#0D3A6B
#0D3A6B	74	0.133493741044718	91	miss	#0D3A6B
#0D3A6B	75	0.121663408457167	91	miss	#0D3A6B
#4283C9	76	0.136821022084967	91	hit	#4283C9
#0D3A6B	77	0.125188434882237	91	miss	#0D3A6B
#4283C9	78	0.139993545867529	91	hit	#4283C9
#0D3A6B	79	0.12855323283344	91	miss	#0D3A6B
#4283C9	80	0.143021864023612	91	hit	#4283C9
#0D3A6B	81	0.131768484209033	91	miss	#0D3A6B
#4283C9	82	0.145915590261647	91	hit	#4283C9
#0D3A6B	83	0.134843942046558	91	miss	#0D3A6B
#0D3A6B	84	0.124243427798069	91	miss	#0D3A6B
#4283C9	85	0.137788529337805	91	hit	#4283C9
#4283C9	86	0.151333630877541	91	hit	#4283C9
#4283C9	87	0.164878732417277	91	hit	#4283C9
#0D3A6B	88	0.153873337416241	91	miss	#0D3A6B
#4283C9	89	0.167136249340566	91	hit	#4283C9
#0D3A6B	90	0.156309382463566	91	miss	#0D3A6B
#0D3A6B	91	0.145915590261647	91	miss	#0D3A6B
#0D3A6B	92	0.13592939775392	91	miss	#0D3A6B
#0D3A6B	2	0.363380227632419	92	miss	#0D3A6B
#4283C9	3	0.273239544735163	92	hit	#4283C9
#4283C9	4	0.909859317102744	92	hit	#4283C9
#4283C9	5	1.54647908947033	92	hit	#4283C9
#0D3A6B	6	0.591549430918953	92	miss	#0D3A6B
#4283C9	7	0.909859317102744	92	hit	#4283C9
#0D3A6B	8	0.485446135524357	92	miss	#0D3A6B
#4283C9	9	0.69765272631355	92	hit	#4283C9
#4283C9	10	0.909859317102744	92	hit	#4283C9
#0D3A6B	11	0.591549430918953	92	miss	#0D3A6B
#4283C9	12	0.750704374010849	92	hit	#4283C9
#0D3A6B	13	0.527887453682195	92	miss	#0D3A6B
#4283C9	14	0.655211408155712	92	hit	#4283C9
#0D3A6B	15	0.485446135524357	92	miss	#0D3A6B
#0D3A6B	16	0.36418522650196	92	miss	#0D3A6B
#0D3A6B	17	0.273239544735163	92	miss	#0D3A6B
#0D3A6B	18	0.202504014472098	92	miss	#0D3A6B
#4283C9	19	0.273239544735163	92	hit	#4283C9
#0D3A6B	20	0.209577567498405	92	miss	#0D3A6B
#0D3A6B	21	0.157490495213784	92	miss	#0D3A6B
#0D3A6B	22	0.114084601643267	92	miss	#0D3A6B
#0D3A6B	23	0.07735653785283	92	miss	#0D3A6B
#0D3A6B	24	0.0458753403181694	92	miss	#0D3A6B
#4283C9	25	0.091348181201568	92	hit	#4283C9
#0D3A6B	26	0.061032953945969	92	miss	#0D3A6B
#4283C9	27	0.103474272103808	92	hit	#4283C9
#4283C9	28	0.145915590261647	92	hit	#4283C9
#4283C9	29	0.188356908419485	92	hit	#4283C9
#0D3A6B	30	0.153873337416241	92	miss	#0D3A6B
#4283C9	31	0.193662073189215	92	hit	#4283C9
#0D3A6B	32	0.160894879023237	92	miss	#0D3A6B
#0D3A6B	33	0.131768484209033	92	miss	#0D3A6B
#4283C9	34	0.167136249340566	92	hit	#4283C9
#0D3A6B	35	0.139214329499882	92	miss	#0D3A6B
#0D3A6B	36	0.114084601643267	92	miss	#0D3A6B
#0D3A6B	37	0.091348181201568	92	miss	#0D3A6B
#4283C9	38	0.121663408457167	92	hit	#4283C9
#4283C9	39	0.151978635712766	92	hit	#4283C9
#0D3A6B	40	0.12855323283344	92	miss	#0D3A6B
#0D3A6B	41	0.107164821508837	92	miss	#0D3A6B
#4283C9	42	0.134843942046558	92	hit	#4283C9
#4283C9	43	0.162523062584279	92	hit	#4283C9
#0D3A6B	44	0.140610425491917	92	miss	#0D3A6B
#4283C9	45	0.167136249340566	92	hit	#4283C9
#4283C9	46	0.193662073189215	92	hit	#4283C9
#4283C9	47	0.220187897037864	92	hit	#4283C9
#4283C9	48	0.246713720886513	92	hit	#4283C9
#4283C9	49	0.273239544735163	92	hit	#4283C9
#0D3A6B	50	0.247774753840459	92	miss	#0D3A6B
#0D3A6B	51	0.22426879301458	92	miss	#0D3A6B
#4283C9	52	0.248754168874871	92	hit	#4283C9
#0D3A6B	53	0.226082524559786	92	miss	#0D3A6B
#0D3A6B	54	0.205030283410065	92	miss	#0D3A6B
#4283C9	55	0.227766703851764	92	hit	#4283C9
#4283C9	56	0.250503124293463	92	hit	#4283C9
#0D3A6B	57	0.229334732847743	92	miss	#0D3A6B
#0D3A6B	58	0.209577567498405	92	miss	#0D3A6B
#4283C9	59	0.230798226577324	92	hit	#4283C9
#0D3A6B	60	0.211631179667332	92	miss	#0D3A6B
#4283C9	61	0.232167301356609	92	hit	#4283C9
#0D3A6B	62	0.213556441075702	92	miss	#0D3A6B
#0D3A6B	63	0.196073511720911	92	miss	#0D3A6B
#0D3A6B	64	0.179618989975224	92	miss	#0D3A6B
#0D3A6B	65	0.164104726615006	92	miss	#0D3A6B
#0D3A6B	66	0.1494523667748	92	miss	#0D3A6B
#4283C9	67	0.167136249340566	92	hit	#4283C9
#0D3A6B	68	0.152797966179134	92	miss	#0D3A6B
#0D3A6B	69	0.139214329499882	92	miss	#0D3A6B
#0D3A6B	70	0.126327289573413	92	miss	#0D3A6B
#4283C9	71	0.142650873480274	92	hit	#4283C9
#4283C9	72	0.158974457387135	92	hit	#4283C9
#0D3A6B	73	0.145915590261647	92	miss	#0D3A6B
#0D3A6B	74	0.133493741044718	92	miss	#0D3A6B
#0D3A6B	75	0.121663408457167	92	miss	#0D3A6B
#4283C9	76	0.136821022084967	92	hit	#4283C9
#0D3A6B	77	0.125188434882237	92	miss	#0D3A6B
#4283C9	78	0.139993545867529	92	hit	#4283C9
#0D3A6B	79	0.12855323283344	92	miss	#0D3A6B
#4283C9	80	0.143021864023612	92	hit	#4283C9
#0D3A6B	81	0.131768484209033	92	miss	#0D3A6B
#4283C9	82	0.145915590261647	92	hit	#4283C9
#0D3A6B	83	0.134843942046558	92	miss	#0D3A6B
#0D3A6B	84	0.124243427798069	92	miss	#0D3A6B
#4283C9	85	0.137788529337805	92	hit	#4283C9
#4283C9	86	0.151333630877541	92	hit	#4283C9
#4283C9	87	0.164878732417277	92	hit	#4283C9
#0D3A6B	88	0.153873337416241	92	miss	#0D3A6B
#4283C9	89	0.167136249340566	92	hit	#4283C9
#0D3A6B	90	0.156309382463566	92	miss	#0D3A6B
#0D3A6B	91	0.145915590261647	92	miss	#0D3A6B
#0D3A6B	92	0.13592939775392	92	miss	#0D3A6B
#0D3A6B	93	0.126327289573413	92	miss	#0D3A6B
#0D3A6B	2	0.363380227632419	93	miss	#0D3A6B
#4283C9	3	0.273239544735163	93	hit	#4283C9
#4283C9	4	0.909859317102744	93	hit	#4283C9
#4283C9	5	1.54647908947033	93	hit	#4283C9
#0D3A6B	6	0.591549430918953	93	miss	#0D3A6B
#4283C9	7	0.909859317102744	93	hit	#4283C9
#0D3A6B	8	0.485446135524357	93	miss	#0D3A6B
#4283C9	9	0.69765272631355	93	hit	#4283C9
#4283C9	10	0.909859317102744	93	hit	#4283C9
#0D3A6B	11	0.591549430918953	93	miss	#0D3A6B
#4283C9	12	0.750704374010849	93	hit	#4283C9
#0D3A6B	13	0.527887453682195	93	miss	#0D3A6B
#4283C9	14	0.655211408155712	93	hit	#4283C9
#0D3A6B	15	0.485446135524357	93	miss	#0D3A6B
#0D3A6B	16	0.36418522650196	93	miss	#0D3A6B
#0D3A6B	17	0.273239544735163	93	miss	#0D3A6B
#0D3A6B	18	0.202504014472098	93	miss	#0D3A6B
#4283C9	19	0.273239544735163	93	hit	#4283C9
#0D3A6B	20	0.209577567498405	93	miss	#0D3A6B
#0D3A6B	21	0.157490495213784	93	miss	#0D3A6B
#0D3A6B	22	0.114084601643267	93	miss	#0D3A6B
#0D3A6B	23	0.07735653785283	93	miss	#0D3A6B
#0D3A6B	24	0.0458753403181694	93	miss	#0D3A6B
#4283C9	25	0.091348181201568	93	hit	#4283C9
#0D3A6B	26	0.061032953945969	93	miss	#0D3A6B
#4283C9	27	0.103474272103808	93	hit	#4283C9
#4283C9	28	0.145915590261647	93	hit	#4283C9
#4283C9	29	0.188356908419485	93	hit	#4283C9
#0D3A6B	30	0.153873337416241	93	miss	#0D3A6B
#4283C9	31	0.193662073189215	93	hit	#4283C9
#0D3A6B	32	0.160894879023237	93	miss	#0D3A6B
#0D3A6B	33	0.131768484209033	93	miss	#0D3A6B
#4283C9	34	0.167136249340566	93	hit	#4283C9
#0D3A6B	35	0.139214329499882	93	miss	#0D3A6B
#0D3A6B	36	0.114084601643267	93	miss	#0D3A6B
#0D3A6B	37	0.091348181201568	93	miss	#0D3A6B
#4283C9	38	0.121663408457167	93	hit	#4283C9
#4283C9	39	0.151978635712766	93	hit	#4283C9
#0D3A6B	40	0.12855323283344	93	miss	#0D3A6B
#0D3A6B	41	0.107164821508837	93	miss	#0D3A6B
#4283C9	42	0.134843942046558	93	hit	#4283C9
#4283C9	43	0.162523062584279	93	hit	#4283C9
#0D3A6B	44	0.140610425491917	93	miss	#0D3A6B
#4283C9	45	0.167136249340566	93	hit	#4283C9
#4283C9	46	0.193662073189215	93	hit	#4283C9
#4283C9	47	0.220187897037864	93	hit	#4283C9
#4283C9	48	0.246713720886513	93	hit	#4283C9
#4283C9	49	0.273239544735163	93	hit	#4283C9
#0D3A6B	50	0.247774753840459	93	miss	#0D3A6B
#0D3A6B	51	0.22426879301458	93	miss	#0D3A6B
#4283C9	52	0.248754168874871	93	hit	#4283C9
#0D3A6B	53	0.226082524559786	93	miss	#0D3A6B
#0D3A6B	54	0.205030283410065	93	miss	#0D3A6B
#4283C9	55	0.227766703851764	93	hit	#4283C9
#4283C9	56	0.250503124293463	93	hit	#4283C9
#0D3A6B	57	0.229334732847743	93	miss	#0D3A6B
#0D3A6B	58	0.209577567498405	93	miss	#0D3A6B
#4283C9	59	0.230798226577324	93	hit	#4283C9
#0D3A6B	60	0.211631179667332	93	miss	#0D3A6B
#4283C9	61	0.232167301356609	93	hit	#4283C9
#0D3A6B	62	0.213556441075702	93	miss	#0D3A6B
#0D3A6B	63	0.196073511720911	93	miss	#0D3A6B
#0D3A6B	64	0.179618989975224	93	miss	#0D3A6B
#0D3A6B	65	0.164104726615006	93	miss	#0D3A6B
#0D3A6B	66	0.1494523667748	93	miss	#0D3A6B
#4283C9	67	0.167136249340566	93	hit	#4283C9
#0D3A6B	68	0.152797966179134	93	miss	#0D3A6B
#0D3A6B	69	0.139214329499882	93	miss	#0D3A6B
#0D3A6B	70	0.126327289573413	93	miss	#0D3A6B
#4283C9	71	0.142650873480274	93	hit	#4283C9
#4283C9	72	0.158974457387135	93	hit	#4283C9
#0D3A6B	73	0.145915590261647	93	miss	#0D3A6B
#0D3A6B	74	0.133493741044718	93	miss	#0D3A6B
#0D3A6B	75	0.121663408457167	93	miss	#0D3A6B
#4283C9	76	0.136821022084967	93	hit	#4283C9
#0D3A6B	77	0.125188434882237	93	miss	#0D3A6B
#4283C9	78	0.139993545867529	93	hit	#4283C9
#0D3A6B	79	0.12855323283344	93	miss	#0D3A6B
#4283C9	80	0.143021864023612	93	hit	#4283C9
#0D3A6B	81	0.131768484209033	93	miss	#0D3A6B
#4283C9	82	0.145915590261647	93	hit	#4283C9
#0D3A6B	83	0.134843942046558	93	miss	#0D3A6B
#0D3A6B	84	0.124243427798069	93	miss	#0D3A6B
#4283C9	85	0.137788529337805	93	hit	#4283C9
#4283C9	86	0.151333630877541	93	hit	#4283C9
#4283C9	87	0.164878732417277	93	hit	#4283C9
#0D3A6B	88	0.153873337416241	93	miss	#0D3A6B
#4283C9	89	0.167136249340566	93	hit	#4283C9
#0D3A6B	90	0.156309382463566	93	miss	#0D3A6B
#0D3A6B	91	0.145915590261647	93	miss	#0D3A6B
#0D3A6B	92	0.13592939775392	93	miss	#0D3A6B
#0D3A6B	93	0.126327289573413	93	miss	#0D3A6B
#0D3A6B	94	0.117087525097832	93	miss	#0D3A6B
#0D3A6B	2	0.363380227632419	94	miss	#0D3A6B
#4283C9	3	0.273239544735163	94	hit	#4283C9
#4283C9	4	0.909859317102744	94	hit	#4283C9
#4283C9	5	1.54647908947033	94	hit	#4283C9
#0D3A6B	6	0.591549430918953	94	miss	#0D3A6B
#4283C9	7	0.909859317102744	94	hit	#4283C9
#0D3A6B	8	0.485446135524357	94	miss	#0D3A6B
#4283C9	9	0.69765272631355	94	hit	#4283C9
#4283C9	10	0.909859317102744	94	hit	#4283C9
#0D3A6B	11	0.591549430918953	94	miss	#0D3A6B
#4283C9	12	0.750704374010849	94	hit	#4283C9
#0D3A6B	13	0.527887453682195	94	miss	#0D3A6B
#4283C9	14	0.655211408155712	94	hit	#4283C9
#0D3A6B	15	0.485446135524357	94	miss	#0D3A6B
#0D3A6B	16	0.36418522650196	94	miss	#0D3A6B
#0D3A6B	17	0.273239544735163	94	miss	#0D3A6B
#0D3A6B	18	0.202504014472098	94	miss	#0D3A6B
#4283C9	19	0.273239544735163	94	hit	#4283C9
#0D3A6B	20	0.209577567498405	94	miss	#0D3A6B
#0D3A6B	21	0.157490495213784	94	miss	#0D3A6B
#0D3A6B	22	0.114084601643267	94	miss	#0D3A6B
#0D3A6B	23	0.07735653785283	94	miss	#0D3A6B
#0D3A6B	24	0.0458753403181694	94	miss	#0D3A6B
#4283C9	25	0.091348181201568	94	hit	#4283C9
#0D3A6B	26	0.061032953945969	94	miss	#0D3A6B
#4283C9	27	0.103474272103808	94	hit	#4283C9
#4283C9	28	0.145915590261647	94	hit	#4283C9
#4283C9	29	0.188356908419485	94	hit	#4283C9
#0D3A6B	30	0.153873337416241	94	miss	#0D3A6B
#4283C9	31	0.193662073189215	94	hit	#4283C9
#0D3A6B	32	0.160894879023237	94	miss	#0D3A6B
#0D3A6B	33	0.131768484209033	94	miss	#0D3A6B
#4283C9	34	0.167136249340566	94	hit	#4283C9
#0D3A6B	35	0.139214329499882	94	miss	#0D3A6B
#0D3A6B	36	0.114084601643267	94	miss	#0D3A6B
#0D3A6B	37	0.091348181201568	94	miss	#0D3A6B
#4283C9	38	0.121663408457167	94	hit	#4283C9
#4283C9	39	0.151978635712766	94	hit	#4283C9
#0D3A6B	40	0.12855323283344	94	miss	#0D3A6B
#0D3A6B	41	0.107164821508837	94	miss	#0D3A6B
#4283C9	42	0.134843942046558	94	hit	#4283C9
#4283C9	43	0.162523062584279	94	hit	#4283C9
#0D3A6B	44	0.140610425491917	94	miss	#0D3A6B
#4283C9	45	0.167136249340566	94	hit	#4283C9
#4283C9	46	0.193662073189215	94	hit	#4283C9
#4283C9	47	0.220187897037864	94	hit	#4283C9
#4283C9	48	0.246713720886513	94	hit	#4283C9
#4283C9	49	0.273239544735163	94	hit	#4283C9
#0D3A6B	50	0.247774753840459	94	miss	#0D3A6B
#0D3A6B	51	0.22426879301458	94	miss	#0D3A6B
#4283C9	52	0.248754168874871	94	hit	#4283C9
#0D3A6B	53	0.226082524559786	94	miss	#0D3A6B
#0D3A6B	54	0.205030283410065	94	miss	#0D3A6B
#4283C9	55	0.227766703851764	94	hit	#4283C9
#4283C9	56	0.250503124293463	94	hit	#4283C9
#0D3A6B	57	0.229334732847743	94	miss	#0D3A6B
#0D3A6B	58	0.209577567498405	94	miss	#0D3A6B
#4283C9	59	0.230798226577324	94	hit	#4283C9
#0D3A6B	60	0.211631179667332	94	miss	#0D3A6B
#4283C9	61	0.232167301356609	94	hit	#4283C9
#0D3A6B	62	0.213556441075702	94	miss	#0D3A6B
#0D3A6B	63	0.196073511720911	94	miss	#0D3A6B
#0D3A6B	64	0.179618989975224	94	miss	#0D3A6B
#0D3A6B	65	0.164104726615006	94	miss	#0D3A6B
#0D3A6B	66	0.1494523667748	94	miss	#0D3A6B
#4283C9	67	0.167136249340566	94	hit	#4283C9
#0D3A6B	68	0.152797966179134	94	miss	#0D3A6B
#0D3A6B	69	0.139214329499882	94	miss	#0D3A6B
#0D3A6B	70	0.126327289573413	94	miss	#0D3A6B
#4283C9	71	0.142650873480274	94	hit	#4283C9
#4283C9	72	0.158974457387135	94	hit	#4283C9
#0D3A6B	73	0.145915590261647	94	miss	#0D3A6B
#0D3A6B	74	0.133493741044718	94	miss	#0D3A6B
#0D3A6B	75	0.121663408457167	94	miss	#0D3A6B
#4283C9	76	0.136821022084967	94	hit	#4283C9
#0D3A6B	77	0.125188434882237	94	miss	#0D3A6B
#4283C9	78	0.139993545867529	94	hit	#4283C9
#0D3A6B	79	0.12855323283344	94	miss	#0D3A6B
#4283C9	80	0.143021864023612	94	hit	#4283C9
#0D3A6B	81	0.131768484209033	94	miss	#0D3A6B
#4283C9	82	0.145915590261647	94	hit	#4283C9
#0D3A6B	83	0.134843942046558	94	miss	#0D3A6B
#0D3A6B	84	0.124243427798069	94	miss	#0D3A6B
#4283C9	85	0.137788529337805	94	hit	#4283C9
#4283C9	86	0.151333630877541	94	hit	#4283C9
#4283C9	87	0.164878732417277	94	hit	#4283C9
#0D3A6B	88	0.153873337416241	94	miss	#0D3A6B
#4283C9	89	0.167136249340566	94	hit	#4283C9
#0D3A6B	90	0.156309382463566	94	miss	#0D3A6B
#0D3A6B	91	0.145915590261647	94	miss	#0D3A6B
#0D3A6B	92	0.13592939775392	94	miss	#0D3A6B
#0D3A6B	93	0.126327289573413	94	miss	#0D3A6B
#0D3A6B	94	0.117087525097832	94	miss	#0D3A6B
#0D3A6B	95	0.108189974121345	94	miss	#0D3A6B
#0D3A6B	2	0.363380227632419	95	miss	#0D3A6B
#4283C9	3	0.273239544735163	95	hit	#4283C9
#4283C9	4	0.909859317102744	95	hit	#4283C9
#4283C9	5	1.54647908947033	95	hit	#4283C9
#0D3A6B	6	0.591549430918953	95	miss	#0D3A6B
#4283C9	7	0.909859317102744	95	hit	#4283C9
#0D3A6B	8	0.485446135524357	95	miss	#0D3A6B
#4283C9	9	0.69765272631355	95	hit	#4283C9
#4283C9	10	0.909859317102744	95	hit	#4283C9
#0D3A6B	11	0.591549430918953	95	miss	#0D3A6B
#4283C9	12	0.750704374010849	95	hit	#4283C9
#0D3A6B	13	0.527887453682195	95	miss	#0D3A6B
#4283C9	14	0.655211408155712	95	hit	#4283C9
#0D3A6B	15	0.485446135524357	95	miss	#0D3A6B
#0D3A6B	16	0.36418522650196	95	miss	#0D3A6B
#0D3A6B	17	0.273239544735163	95	miss	#0D3A6B
#0D3A6B	18	0.202504014472098	95	miss	#0D3A6B
#4283C9	19	0.273239544735163	95	hit	#4283C9
#0D3A6B	20	0.209577567498405	95	miss	#0D3A6B
#0D3A6B	21	0.157490495213784	95	miss	#0D3A6B
#0D3A6B	22	0.114084601643267	95	miss	#0D3A6B
#0D3A6B	23	0.07735653785283	95	miss	#0D3A6B
#0D3A6B	24	0.0458753403181694	95	miss	#0D3A6B
#4283C9	25	0.091348181201568	95	hit	#4283C9
#0D3A6B	26	0.061032953945969	95	miss	#0D3A6B
#4283C9	27	0.103474272103808	95	hit	#4283C9
#4283C9	28	0.145915590261647	95	hit	#4283C9
#4283C9	29	0.188356908419485	95	hit	#4283C9
#0D3A6B	30	0.153873337416241	95	miss	#0D3A6B
#4283C9	31	0.193662073189215	95	hit	#4283C9
#0D3A6B	32	0.160894879023237	95	miss	#0D3A6B
#0D3A6B	33	0.131768484209033	95	miss	#0D3A6B
#4283C9	34	0.167136249340566	95	hit	#4283C9
#0D3A6B	35	0.139214329499882	95	miss	#0D3A6B
#0D3A6B	36	0.114084601643267	95	miss	#0D3A6B
#0D3A6B	37	0.091348181201568	95	miss	#0D3A6B
#4283C9	38	0.121663408457167	95	hit	#4283C9
#4283C9	39	0.151978635712766	95	hit	#4283C9
#0D3A6B	40	0.12855323283344	95	miss	#0D3A6B
#0D3A6B	41	0.107164821508837	95	miss	#0D3A6B
#4283C9	42	0.134843942046558	95	hit	#4283C9
#4283C9	43	0.162523062584279	95	hit	#4283C9
#0D3A6B	44	0.140610425491917	95	miss	#0D3A6B
#4283C9	45	0.167136249340566	95	hit	#4283C9
#4283C9	46	0.193662073189215	95	hit	#4283C9
#4283C9	47	0.220187897037864	95	hit	#4283C9
#4283C9	48	0.246713720886513	95	hit	#4283C9
#4283C9	49	0.273239544735163	95	hit	#4283C9
#0D3A6B	50	0.247774753840459	95	miss	#0D3A6B
#0D3A6B	51	0.22426879301458	95	miss	#0D3A6B
#4283C9	52	0.248754168874871	95	hit	#4283C9
#0D3A6B	53	0.226082524559786	95	miss	#0D3A6B
#0D3A6B	54	0.205030283410065	95	miss	#0D3A6B
#4283C9	55	0.227766703851764	95	hit	#4283C9
#4283C9	56	0.250503124293463	95	hit	#4283C9
#0D3A6B	57	0.229334732847743	95	miss	#0D3A6B
#0D3A6B	58	0.209577567498405	95	miss	#0D3A6B
#4283C9	59	0.230798226577324	95	hit	#4283C9
#0D3A6B	60	0.211631179667332	95	miss	#0D3A6B
#4283C9	61	0.232167301356609	95	hit	#4283C9
#0D3A6B	62	0.213556441075702	95	miss	#0D3A6B
#0D3A6B	63	0.196073511720911	95	miss	#0D3A6B
#0D3A6B	64	0.179618989975224	95	miss	#0D3A6B
#0D3A6B	65	0.164104726615006	95	miss	#0D3A6B
#0D3A6B	66	0.1494523667748	95	miss	#0D3A6B
#4283C9	67	0.167136249340566	95	hit	#4283C9
#0D3A6B	68	0.152797966179134	95	miss	#0D3A6B
#0D3A6B	69	0.139214329499882	95	miss	#0D3A6B
#0D3A6B	70	0.126327289573413	95	miss	#0D3A6B
#4283C9	71	0.142650873480274	95	hit	#4283C9
#4283C9	72	0.158974457387135	95	hit	#4283C9
#0D3A6B	73	0.145915590261647	95	miss	#0D3A6B
#0D3A6B	74	0.133493741044718	95	miss	#0D3A6B
#0D3A6B	75	0.121663408457167	95	miss	#0D3A6B
#4283C9	76	0.136821022084967	95	hit	#4283C9
#0D3A6B	77	0.125188434882237	95	miss	#0D3A6B
#4283C9	78	0.139993545867529	95	hit	#4283C9
#0D3A6B	79	0.12855323283344	95	miss	#0D3A6B
#4283C9	80	0.143021864023612	95	hit	#4283C9
#0D3A6B	81	0.131768484209033	95	miss	#0D3A6B
#4283C9	82	0.145915590261647	95	hit	#4283C9
#0D3A6B	83	0.134843942046558	95	miss	#0D3A6B
#0D3A6B	84	0.124243427798069	95	miss	#0D3A6B
#4283C9	85	0.137788529337805	95	hit	#4283C9
#4283C9	86	0.151333630877541	95	hit	#4283C9
#4283C9	87	0.164878732417277	95	hit	#4283C9
#0D3A6B	88	0.153873337416241	95	miss	#0D3A6B
#4283C9	89	0.167136249340566	95	hit	#4283C9
#0D3A6B	90	0.156309382463566	95	miss	#0D3A6B
#0D3A6B	91	0.145915590261647	95	miss	#0D3A6B
#0D3A6B	92	0.13592939775392	95	miss	#0D3A6B
#0D3A6B	93	0.126327289573413	95	miss	#0D3A6B
#0D3A6B	94	0.117087525097832	95	miss	#0D3A6B
#0D3A6B	95	0.108189974121345	95	miss	#0D3A6B
#4283C9	96	0.119979229165189	95	hit	#4283C9
#0D3A6B	2	0.363380227632419	96	miss	#0D3A6B
#4283C9	3	0.273239544735163	96	hit	#4283C9
#4283C9	4	0.909859317102744	96	hit	#4283C9
#4283C9	5	1.54647908947033	96	hit	#4283C9
#0D3A6B	6	0.591549430918953	96	miss	#0D3A6B
#4283C9	7	0.909859317102744	96	hit	#4283C9
#0D3A6B	8	0.485446135524357	96	miss	#0D3A6B
#4283C9	9	0.69765272631355	96	hit	#4283C9
#4283C9	10	0.909859317102744	96	hit	#4283C9
#0D3A6B	11	0.591549430918953	96	miss	#0D3A6B
#4283C9	12	0.750704374010849	96	hit	#4283C9
#0D3A6B	13	0.527887453682195	96	miss	#0D3A6B
#4283C9	14	0.655211408155712	96	hit	#4283C9
#0D3A6B	15	0.485446135524357	96	miss	#0D3A6B
#0D3A6B	16	0.36418522650196	96	miss	#0D3A6B
#0D3A6B	17	0.273239544735163	96	miss	#0D3A6B
#0D3A6B	18	0.202504014472098	96	miss	#0D3A6B
#4283C9	19	0.273239544735163	96	hit	#4283C9
#0D3A6B	20	0.209577567498405	96	miss	#0D3A6B
#0D3A6B	21	0.157490495213784	96	miss	#0D3A6B
#0D3A6B	22	0.114084601643267	96	miss	#0D3A6B
#0D3A6B	23	0.07735653785283	96	miss	#0D3A6B
#0D3A6B	24	0.0458753403181694	96	miss	#0D3A6B
#4283C9	25	0.091348181201568	96	hit	#4283C9
#0D3A6B	26	0.061032953945969	96	miss	#0D3A6B
#4283C9	27	0.103474272103808	96	hit	#4283C9
#4283C9	28	0.145915590261647	96	hit	#4283C9
#4283C9	29	0.188356908419485	96	hit	#4283C9
#0D3A6B	30	0.153873337416241	96	miss	#0D3A6B
#4283C9	31	0.193662073189215	96	hit	#4283C9
#0D3A6B	32	0.160894879023237	96	miss	#0D3A6B
#0D3A6B	33	0.131768484209033	96	miss	#0D3A6B
#4283C9	34	0.167136249340566	96	hit	#4283C9
#0D3A6B	35	0.139214329499882	96	miss	#0D3A6B
#0D3A6B	36	0.114084601643267	96	miss	#0D3A6B
#0D3A6B	37	0.091348181201568	96	miss	#0D3A6B
#4283C9	38	0.121663408457167	96	hit	#4283C9
#4283C9	39	0.151978635712766	96	hit	#4283C9
#0D3A6B	40	0.12855323283344	96	miss	#0D3A6B
#0D3A6B	41	0.107164821508837	96	miss	#0D3A6B
#4283C9	42	0.134843942046558	96	hit	#4283C9
#4283C9	43	0.162523062584279	96	hit	#4283C9
#0D3A6B	44	0.140610425491917	96	miss	#0D3A6B
#4283C9	45	0.167136249340566	96	hit	#4283C9
#4283C9	46	0.193662073189215	96	hit	#4283C9
#4283C9	47	0.220187897037864	96	hit	#4283C9
#4283C9	48	0.246713720886513	96	hit	#4283C9
#4283C9	49	0.273239544735163	96	hit	#4283C9
#0D3A6B	50	0.247774753840459	96	miss	#0D3A6B
#0D3A6B	51	0.22426879301458	96	miss	#0D3A6B
#4283C9	52	0.248754168874871	96	hit	#4283C9
#0D3A6B	53	0.226082524559786	96	miss	#0D3A6B
#0D3A6B	54	0.205030283410065	96	miss	#0D3A6B
#4283C9	55	0.227766703851764	96	hit	#4283C9
#4283C9	56	0.250503124293463	96	hit	#4283C9
#0D3A6B	57	0.229334732847743	96	miss	#0D3A6B
#0D3A6B	58	0.209577567498405	96	miss	#0D3A6B
#4283C9	59	0.230798226577324	96	hit	#4283C9
#0D3A6B	60	0.211631179667332	96	miss	#0D3A6B
#4283C9	61	0.232167301356609	96	hit	#4283C9
#0D3A6B	62	0.213556441075702	96	miss	#0D3A6B
#0D3A6B	63	0.196073511720911	96	miss	#0D3A6B
#0D3A6B	64	0.179618989975224	96	miss	#0D3A6B
#0D3A6B	65	0.164104726615006	96	miss	#0D3A6B
#0D3A6B	66	0.1494523667748	96	miss	#0D3A6B
#4283C9	67	0.167136249340566	96	hit	#4283C9
#0D3A6B	68	0.152797966179134	96	miss	#0D3A6B
#0D3A6B	69	0.139214329499882	96	miss	#0D3A6B
#0D3A6B	70	0.126327289573413	96	miss	#0D3A6B
#4283C9	71	0.142650873480274	96	hit	#4283C9
#4283C9	72	0.158974457387135	96	hit	#4283C9
#0D3A6B	73	0.145915590261647	96	miss	#0D3A6B
#0D3A6B	74	0.133493741044718	96	miss	#0D3A6B
#0D3A6B	75	0.121663408457167	96	miss	#0D3A6B
#4283C9	76	0.136821022084967	96	hit	#4283C9
#0D3A6B	77	0.125188434882237	96	miss	#0D3A6B
#4283C9	78	0.139993545867529	96	hit	#4283C9
#0D3A6B	79	0.12855323283344	96	miss	#0D3A6B
#4283C9	80	0.143021864023612	96	hit	#4283C9
#0D3A6B	81	0.131768484209033	96	miss	#0D3A6B
#4283C9	82	0.145915590261647	96	hit	#4283C9
#0D3A6B	83	0.134843942046558	96	miss	#0D3A6B
#0D3A6B	84	0.124243427798069	96	miss	#0D3A6B
#4283C9	85	0.137788529337805	96	hit	#4283C9
#4283C9	86	0.151333630877541	96	hit	#4283C9
#4283C9	87	0.164878732417277	96	hit	#4283C9
#0D3A6B	88	0.153873337416241	96	miss	#0D3A6B
#4283C9	89	0.167136249340566	96	hit	#4283C9
#0D3A6B	90	0.156309382463566	96	miss	#0D3A6B
#0D3A6B	91	0.145915590261647	96	miss	#0D3A6B
#0D3A6B	92	0.13592939775392	96	miss	#0D3A6B
#0D3A6B	93	0.126327289573413	96	miss	#0D3A6B
#0D3A6B	94	0.117087525097832	96	miss	#0D3A6B
#0D3A6B	95	0.108189974121345	96	miss	#0D3A6B
#4283C9	96	0.119979229165189	96	hit	#4283C9
#4283C9	97	0.131768484209033	96	hit	#4283C9
#0D3A6B	2	0.363380227632419	97	miss	#0D3A6B
#4283C9	3	0.273239544735163	97	hit	#4283C9
#4283C9	4	0.909859317102744	97	hit	#4283C9
#4283C9	5	1.54647908947033	97	hit	#4283C9
#0D3A6B	6	0.591549430918953	97	miss	#0D3A6B
#4283C9	7	0.909859317102744	97	hit	#4283C9
#0D3A6B	8	0.485446135524357	97	miss	#0D3A6B
#4283C9	9	0.69765272631355	97	hit	#4283C9
#4283C9	10	0.909859317102744	97	hit	#4283C9
#0D3A6B	11	0.591549430918953	97	miss	#0D3A6B
#4283C9	12	0.750704374010849	97	hit	#4283C9
#0D3A6B	13	0.527887453682195	97	miss	#0D3A6B
#4283C9	14	0.655211408155712	97	hit	#4283C9
#0D3A6B	15	0.485446135524357	97	miss	#0D3A6B
#0D3A6B	16	0.36418522650196	97	miss	#0D3A6B
#0D3A6B	17	0.273239544735163	97	miss	#0D3A6B
#0D3A6B	18	0.202504014472098	97	miss	#0D3A6B
#4283C9	19	0.273239544735163	97	hit	#4283C9
#0D3A6B	20	0.209577567498405	97	miss	#0D3A6B
#0D3A6B	21	0.157490495213784	97	miss	#0D3A6B
#0D3A6B	22	0.114084601643267	97	miss	#0D3A6B
#0D3A6B	23	0.07735653785283	97	miss	#0D3A6B
#0D3A6B	24	0.0458753403181694	97	miss	#0D3A6B
#4283C9	25	0.091348181201568	97	hit	#4283C9
#0D3A6B	26	0.061032953945969	97	miss	#0D3A6B
#4283C9	27	0.103474272103808	97	hit	#4283C9
#4283C9	28	0.145915590261647	97	hit	#4283C9
#4283C9	29	0.188356908419485	97	hit	#4283C9
#0D3A6B	30	0.153873337416241	97	miss	#0D3A6B
#4283C9	31	0.193662073189215	97	hit	#4283C9
#0D3A6B	32	0.160894879023237	97	miss	#0D3A6B
#0D3A6B	33	0.131768484209033	97	miss	#0D3A6B
#4283C9	34	0.167136249340566	97	hit	#4283C9
#0D3A6B	35	0.139214329499882	97	miss	#0D3A6B
#0D3A6B	36	0.114084601643267	97	miss	#0D3A6B
#0D3A6B	37	0.091348181201568	97	miss	#0D3A6B
#4283C9	38	0.121663408457167	97	hit	#4283C9
#4283C9	39	0.151978635712766	97	hit	#4283C9
#0D3A6B	40	0.12855323283344	97	miss	#0D3A6B
#0D3A6B	41	0.107164821508837	97	miss	#0D3A6B
#4283C9	42	0.134843942046558	97	hit	#4283C9
#4283C9	43	0.162523062584279	97	hit	#4283C9
#0D3A6B	44	0.140610425491917	97	miss	#0D3A6B
#4283C9	45	0.167136249340566	97	hit	#4283C9
#4283C9	46	0.193662073189215	97	hit	#4283C9
#4283C9	47	0.220187897037864	97	hit	#4283C9
#4283C9	48	0.246713720886513	97	hit	#4283C9
#4283C9	49	0.273239544735163	97	hit	#4283C9
#0D3A6B	50	0.247774753840459	97	miss	#0D3A6B
#0D3A6B	51	0.22426879301458	97	miss	#0D3A6B
#4283C9	52	0.248754168874871	97	hit	#4283C9
#0D3A6B	53	0.226082524559786	97	miss	#0D3A6B
#0D3A6B	54	0.205030283410065	97	miss	#0D3A6B
#4283C9	55	0.227766703851764	97	hit	#4283C9
#4283C9	56	0.250503124293463	97	hit	#4283C9
#0D3A6B	57	0.229334732847743	97	miss	#0D3A6B
#0D3A6B	58	0.209577567498405	97	miss	#0D3A6B
#4283C9	59	0.230798226577324	97	hit	#4283C9
#0D3A6B	60	0.211631179667332	97	miss	#0D3A6B
#4283C9	61	0.232167301356609	97	hit	#4283C9
#0D3A6B	62	0.213556441075702	97	miss	#0D3A6B
#0D3A6B	63	0.196073511720911	97	miss	#0D3A6B
#0D3A6B	64	0.179618989975224	97	miss	#0D3A6B
#0D3A6B	65	0.164104726615006	97	miss	#0D3A6B
#0D3A6B	66	0.1494523667748	97	miss	#0D3A6B
#4283C9	67	0.167136249340566	97	hit	#4283C9
#0D3A6B	68	0.152797966179134	97	miss	#0D3A6B
#0D3A6B	69	0.139214329499882	97	miss	#0D3A6B
#0D3A6B	70	0.126327289573413	97	miss	#0D3A6B
#4283C9	71	0.142650873480274	97	hit	#4283C9
#4283C9	72	0.158974457387135	97	hit	#4283C9
#0D3A6B	73	0.145915590261647	97	miss	#0D3A6B
#0D3A6B	74	0.133493741044718	97	miss	#0D3A6B
#0D3A6B	75	0.121663408457167	97	miss	#0D3A6B
#4283C9	76	0.136821022084967	97	hit	#4283C9
#0D3A6B	77	0.125188434882237	97	miss	#0D3A6B
#4283C9	78	0.139993545867529	97	hit	#4283C9
#0D3A6B	79	0.12855323283344	97	miss	#0D3A6B
#4283C9	80	0.143021864023612	97	hit	#4283C9
#0D3A6B	81	0.131768484209033	97	miss	#0D3A6B
#4283C9	82	0.145915590261647	97	hit	#4283C9
#0D3A6B	83	0.134843942046558	97	miss	#0D3A6B
#0D3A6B	84	0.124243427798069	97	miss	#0D3A6B
#4283C9	85	0.137788529337805	97	hit	#4283C9
#4283C9	86	0.151333630877541	97	hit	#4283C9
#4283C9	87	0.164878732417277	97	hit	#4283C9
#0D3A6B	88	0.153873337416241	97	miss	#0D3A6B
#4283C9	89	0.167136249340566	97	hit	#4283C9
#0D3A6B	90	0.156309382463566	97	miss	#0D3A6B
#0D3A6B	91	0.145915590261647	97	miss	#0D3A6B
#0D3A6B	92	0.13592939775392	97	miss	#0D3A6B
#0D3A6B	93	0.126327289573413	97	miss	#0D3A6B
#0D3A6B	94	0.117087525097832	97	miss	#0D3A6B
#0D3A6B	95	0.108189974121345	97	miss	#0D3A6B
#4283C9	96	0.119979229165189	97	hit	#4283C9
#4283C9	97	0.131768484209033	97	hit	#4283C9
#0D3A6B	98	0.122765780357371	97	miss	#0D3A6B
#0D3A6B	2	0.363380227632419	98	miss	#0D3A6B
#4283C9	3	0.273239544735163	98	hit	#4283C9
#4283C9	4	0.909859317102744	98	hit	#4283C9
#4283C9	5	1.54647908947033	98	hit	#4283C9
#0D3A6B	6	0.591549430918953	98	miss	#0D3A6B
#4283C9	7	0.909859317102744	98	hit	#4283C9
#0D3A6B	8	0.485446135524357	98	miss	#0D3A6B
#4283C9	9	0.69765272631355	98	hit	#4283C9
#4283C9	10	0.909859317102744	98	hit	#4283C9
#0D3A6B	11	0.591549430918953	98	miss	#0D3A6B
#4283C9	12	0.750704374010849	98	hit	#4283C9
#0D3A6B	13	0.527887453682195	98	miss	#0D3A6B
#4283C9	14	0.655211408155712	98	hit	#4283C9
#0D3A6B	15	0.485446135524357	98	miss	#0D3A6B
#0D3A6B	16	0.36418522650196	98	miss	#0D3A6B
#0D3A6B	17	0.273239544735163	98	miss	#0D3A6B
#0D3A6B	18	0.202504014472098	98	miss	#0D3A6B
#4283C9	19	0.273239544735163	98	hit	#4283C9
#0D3A6B	20	0.209577567498405	98	miss	#0D3A6B
#0D3A6B	21	0.157490495213784	98	miss	#0D3A6B
#0D3A6B	22	0.114084601643267	98	miss	#0D3A6B
#0D3A6B	23	0.07735653785283	98	miss	#0D3A6B
#0D3A6B	24	0.0458753403181694	98	miss	#0D3A6B
#4283C9	25	0.091348181201568	98	hit	#4283C9
#0D3A6B	26	0.061032953945969	98	miss	#0D3A6B
#4283C9	27	0.103474272103808	98	hit	#4283C9
#4283C9	28	0.145915590261647	98	hit	#4283C9
#4283C9	29	0.188356908419485	98	hit	#4283C9
#0D3A6B	30	0.153873337416241	98	miss	#0D3A6B
#4283C9	31	0.193662073189215	98	hit	#4283C9
#0D3A6B	32	0.160894879023237	98	miss	#0D3A6B
#0D3A6B	33	0.131768484209033	98	miss	#0D3A6B
#4283C9	34	0.167136249340566	98	hit	#4283C9
#0D3A6B	35	0.139214329499882	98	miss	#0D3A6B
#0D3A6B	36	0.114084601643267	98	miss	#0D3A6B
#0D3A6B	37	0.091348181201568	98	miss	#0D3A6B
#4283C9	38	0.121663408457167	98	hit	#4283C9
#4283C9	39	0.151978635712766	98	hit	#4283C9
#0D3A6B	40	0.12855323283344	98	miss	#0D3A6B
#0D3A6B	41	0.107164821508837	98	miss	#0D3A6B
#4283C9	42	0.134843942046558	98	hit	#4283C9
#4283C9	43	0.162523062584279	98	hit	#4283C9
#0D3A6B	44	0.140610425491917	98	miss	#0D3A6B
#4283C9	45	0.167136249340566	98	hit	#4283C9
#4283C9	46	0.193662073189215	98	hit	#4283C9
#4283C9	47	0.220187897037864	98	hit	#4283C9
#4283C9	48	0.246713720886513	98	hit	#4283C9
#4283C9	49	0.273239544735163	98	hit	#4283C9
#0D3A6B	50	0.247774753840459	98	miss	#0D3A6B
#0D3A6B	51	0.22426879301458	98	miss	#0D3A6B
#4283C9	52	0.248754168874871	98	hit	#4283C9
#0D3A6B	53	0.226082524559786	98	miss	#0D3A6B
#0D3A6B	54	0.205030283410065	98	miss	#0D3A6B
#4283C9	55	0.227766703851764	98	hit	#4283C9
#4283C9	56	0.250503124293463	98	hit	#4283C9
#0D3A6B	57	0.229334732847743	98	miss	#0D3A6B
#0D3A6B	58	0.209577567498405	98	miss	#0D3A6B
#4283C9	59	0.230798226577324	98	hit	#4283C9
#0D3A6B	60	0.211631179667332	98	miss	#0D3A6B
#4283C9	61	0.232167301356609	98	hit	#4283C9
#0D3A6B	62	0.213556441075702	98	miss	#0D3A6B
#0D3A6B	63	0.196073511720911	98	miss	#0D3A6B
#0D3A6B	64	0.179618989975224	98	miss	#0D3A6B
#0D3A6B	65	0.164104726615006	98	miss	#0D3A6B
#0D3A6B	66	0.1494523667748	98	miss	#0D3A6B
#4283C9	67	0.167136249340566	98	hit	#4283C9
#0D3A6B	68	0.152797966179134	98	miss	#0D3A6B
#0D3A6B	69	0.139214329499882	98	miss	#0D3A6B
#0D3A6B	70	0.126327289573413	98	miss	#0D3A6B
#4283C9	71	0.142650873480274	98	hit	#4283C9
#4283C9	72	0.158974457387135	98	hit	#4283C9
#0D3A6B	73	0.145915590261647	98	miss	#0D3A6B
#0D3A6B	74	0.133493741044718	98	miss	#0D3A6B
#0D3A6B	75	0.121663408457167	98	miss	#0D3A6B
#4283C9	76	0.136821022084967	98	hit	#4283C9
#0D3A6B	77	0.125188434882237	98	miss	#0D3A6B
#4283C9	78	0.139993545867529	98	hit	#4283C9
#0D3A6B	79	0.12855323283344	98	miss	#0D3A6B
#4283C9	80	0.143021864023612	98	hit	#4283C9
#0D3A6B	81	0.131768484209033	98	miss	#0D3A6B
#4283C9	82	0.145915590261647	98	hit	#4283C9
#0D3A6B	83	0.134843942046558	98	miss	#0D3A6B
#0D3A6B	84	0.124243427798069	98	miss	#0D3A6B
#4283C9	85	0.137788529337805	98	hit	#4283C9
#4283C9	86	0.151333630877541	98	hit	#4283C9
#4283C9	87	0.164878732417277	98	hit	#4283C9
#0D3A6B	88	0.153873337416241	98	miss	#0D3A6B
#4283C9	89	0.167136249340566	98	hit	#4283C9
#0D3A6B	90	0.156309382463566	98	miss	#0D3A6B
#0D3A6B	91	0.145915590261647	98	miss	#0D3A6B
#0D3A6B	92	0.13592939775392	98	miss	#0D3A6B
#0D3A6B	93	0.126327289573413	98	miss	#0D3A6B
#0D3A6B	94	0.117087525097832	98	miss	#0D3A6B
#0D3A6B	95	0.108189974121345	98	miss	#0D3A6B
#4283C9	96	0.119979229165189	98	hit	#4283C9
#4283C9	97	0.131768484209033	98	hit	#4283C9
#0D3A6B	98	0.122765780357371	98	miss	#0D3A6B
#0D3A6B	99	0.114084601643267	98	miss	#0D3A6B
#0D3A6B	2	0.363380227632419	99	miss	#0D3A6B
#4283C9	3	0.273239544735163	99	hit	#4283C9
#4283C9	4	0.909859317102744	99	hit	#4283C9
#4283C9	5	1.54647908947033	99	hit	#4283C9
#0D3A6B	6	0.591549430918953	99	miss	#0D3A6B
#4283C9	7	0.909859317102744	99	hit	#4283C9
#0D3A6B	8	0.485446135524357	99	miss	#0D3A6B
#4283C9	9	0.69765272631355	99	hit	#4283C9
#4283C9	10	0.909859317102744	99	hit	#4283C9
#0D3A6B	11	0.591549430918953	99	miss	#0D3A6B
#4283C9	12	0.750704374010849	99	hit	#4283C9
#0D3A6B	13	0.527887453682195	99	miss	#0D3A6B
#4283C9	14	0.655211408155712	99	hit	#4283C9
#0D3A6B	15	0.485446135524357	99	miss	#0D3A6B
#0D3A6B	16	0.36418522650196	99	miss	#0D3A6B
#0D3A6B	17	0.273239544735163	99	miss	#0D3A6B
#0D3A6B	18	0.202504014472098	99	miss	#0D3A6B
#4283C9	19	0.273239544735163	99	hit	#4283C9
#0D3A6B	20	0.209577567498405	99	miss	#0D3A6B
#0D3A6B	21	0.157490495213784	99	miss	#0D3A6B
#0D3A6B	22	0.114084601643267	99	miss	#0D3A6B
#0D3A6B	23	0.07735653785283	99	miss	#0D3A6B
#0D3A6B	24	0.0458753403181694	99	miss	#0D3A6B
#4283C9	25	0.091348181201568	99	hit	#4283C9
#0D3A6B	26	0.061032953945969	99	miss	#0D3A6B
#4283C9	27	0.103474272103808	99	hit	#4283C9
#4283C9	28	0.145915590261647	99	hit	#4283C9
#4283C9	29	0.188356908419485	99	hit	#4283C9
#0D3A6B	30	0.153873337416241	99	miss	#0D3A6B
#4283C9	31	0.193662073189215	99	hit	#4283C9
#0D3A6B	32	0.160894879023237	99	miss	#0D3A6B
#0D3A6B	33	0.131768484209033	99	miss	#0D3A6B
#4283C9	34	0.167136249340566	99	hit	#4283C9
#0D3A6B	35	0.139214329499882	99	miss	#0D3A6B
#0D3A6B	36	0.114084601643267	99	miss	#0D3A6B
#0D3A6B	37	0.091348181201568	99	miss	#0D3A6B
#4283C9	38	0.121663408457167	99	hit	#4283C9
#4283C9	39	0.151978635712766	99	hit	#4283C9
#0D3A6B	40	0.12855323283344	99	miss	#0D3A6B
#0D3A6B	41	0.107164821508837	99	miss	#0D3A6B
#4283C9	42	0.134843942046558	99	hit	#4283C9
#4283C9	43	0.162523062584279	99	hit	#4283C9
#0D3A6B	44	0.140610425491917	99	miss	#0D3A6B
#4283C9	45	0.167136249340566	99	hit	#4283C9
#4283C9	46	0.193662073189215	99	hit	#4283C9
#4283C9	47	0.220187897037864	99	hit	#4283C9
#4283C9	48	0.246713720886513	99	hit	#4283C9
#4283C9	49	0.273239544735163	99	hit	#4283C9
#0D3A6B	50	0.247774753840459	99	miss	#0D3A6B
#0D3A6B	51	0.22426879301458	99	miss	#0D3A6B
#4283C9	52	0.248754168874871	99	hit	#4283C9
#0D3A6B	53	0.226082524559786	99	miss	#0D3A6B
#0D3A6B	54	0.205030283410065	99	miss	#0D3A6B
#4283C9	55	0.227766703851764	99	hit	#4283C9
#4283C9	56	0.250503124293463	99	hit	#4283C9
#0D3A6B	57	0.229334732847743	99	miss	#0D3A6B
#0D3A6B	58	0.209577567498405	99	miss	#0D3A6B
#4283C9	59	0.230798226577324	99	hit	#4283C9
#0D3A6B	60	0.211631179667332	99	miss	#0D3A6B
#4283C9	61	0.232167301356609	99	hit	#4283C9
#0D3A6B	62	0.213556441075702	99	miss	#0D3A6B
#0D3A6B	63	0.196073511720911	99	miss	#0D3A6B
#0D3A6B	64	0.179618989975224	99	miss	#0D3A6B
#0D3A6B	65	0.164104726615006	99	miss	#0D3A6B
#0D3A6B	66	0.1494523667748	99	miss	#0D3A6B
#4283C9	67	0.167136249340566	99	hit	#4283C9
#0D3A6B	68	0.152797966179134	99	miss	#0D3A6B
#0D3A6B	69	0.139214329499882	99	miss	#0D3A6B
#0D3A6B	70	0.126327289573413	99	miss	#0D3A6B
#4283C9	71	0.142650873480274	99	hit	#4283C9
#4283C9	72	0.158974457387135	99	hit	#4283C9
#0D3A6B	73	0.145915590261647	99	miss	#0D3A6B
#0D3A6B	74	0.133493741044718	99	miss	#0D3A6B
#0D3A6B	75	0.121663408457167	99	miss	#0D3A6B
#4283C9	76	0.136821022084967	99	hit	#4283C9
#0D3A6B	77	0.125188434882237	99	miss	#0D3A6B
#4283C9	78	0.139993545867529	99	hit	#4283C9
#0D3A6B	79	0.12855323283344	99	miss	#0D3A6B
#4283C9	80	0.143021864023612	99	hit	#4283C9
#0D3A6B	81	0.131768484209033	99	miss	#0D3A6B
#4283C9	82	0.145915590261647	99	hit	#4283C9
#0D3A6B	83	0.134843942046558	99	miss	#0D3A6B
#0D3A6B	84	0.124243427798069	99	miss	#0D3A6B
#4283C9	85	0.137788529337805	99	hit	#4283C9
#4283C9	86	0.151333630877541	99	hit	#4283C9
#4283C9	87	0.164878732417277	99	hit	#4283C9
#0D3A6B	88	0.153873337416241	99	miss	#0D3A6B
#4283C9	89	0.167136249340566	99	hit	#4283C9
#0D3A6B	90	0.156309382463566	99	miss	#0D3A6B
#0D3A6B	91	0.145915590261647	99	miss	#0D3A6B
#0D3A6B	92	0.13592939775392	99	miss	#0D3A6B
#0D3A6B	93	0.126327289573413	99	miss	#0D3A6B
#0D3A6B	94	0.117087525097832	99	miss	#0D3A6B
#0D3A6B	95	0.108189974121345	99	miss	#0D3A6B
#4283C9	96	0.119979229165189	99	hit	#4283C9
#4283C9	97	0.131768484209033	99	hit	#4283C9
#0D3A6B	98	0.122765780357371	99	miss	#0D3A6B
#0D3A6B	99	0.114084601643267	99	miss	#0D3A6B
#0D3A6B	100	0.105708025691062	99	miss	#0D3A6B
#0D3A6B	2	0.363380227632419	100	miss	#0D3A6B
#4283C9	3	0.273239544735163	100	hit	#4283C9
#4283C9	4	0.909859317102744	100	hit	#4283C9
#4283C9	5	1.54647908947033	100	hit	#4283C9
#0D3A6B	6	0.591549430918953	100	miss	#0D3A6B
#4283C9	7	0.909859317102744	100	hit	#4283C9
#0D3A6B	8	0.485446135524357	100	miss	#0D3A6B
#4283C9	9	0.69765272631355	100	hit	#4283C9
#4283C9	10	0.909859317102744	100	hit	#4283C9
#0D3A6B	11	0.591549430918953	100	miss	#0D3A6B
#4283C9	12	0.750704374010849	100	hit	#4283C9
#0D3A6B	13	0.527887453682195	100	miss	#0D3A6B
#4283C9	14	0.655211408155712	100	hit	#4283C9
#0D3A6B	15	0.485446135524357	100	miss	#0D3A6B
#0D3A6B	16	0.36418522650196	100	miss	#0D3A6B
#0D3A6B	17	0.273239544735163	100	miss	#0D3A6B
#0D3A6B	18	0.202504014472098	100	miss	#0D3A6B
#4283C9	19	0.273239544735163	100	hit	#4283C9
#0D3A6B	20	0.209577567498405	100	miss	#0D3A6B
#0D3A6B	21	0.157490495213784	100	miss	#0D3A6B
#0D3A6B	22	0.114084601643267	100	miss	#0D3A6B
#0D3A6B	23	0.07735653785283	100	miss	#0D3A6B
#0D3A6B	24	0.0458753403181694	100	miss	#0D3A6B
#4283C9	25	0.091348181201568	100	hit	#4283C9
#0D3A6B	26	0.061032953945969	100	miss	#0D3A6B
#4283C9	27	0.103474272103808	100	hit	#4283C9
#4283C9	28	0.145915590261647	100	hit	#4283C9
#4283C9	29	0.188356908419485	100	hit	#4283C9
#0D3A6B	30	0.153873337416241	100	miss	#0D3A6B
#4283C9	31	0.193662073189215	100	hit	#4283C9
#0D3A6B	32	0.160894879023237	100	miss	#0D3A6B
#0D3A6B	33	0.131768484209033	100	miss	#0D3A6B
#4283C9	34	0.167136249340566	100	hit	#4283C9
#0D3A6B	35	0.139214329499882	100	miss	#0D3A6B
#0D3A6B	36	0.114084601643267	100	miss	#0D3A6B
#0D3A6B	37	0.091348181201568	100	miss	#0D3A6B
#4283C9	38	0.121663408457167	100	hit	#4283C9
#4283C9	39	0.151978635712766	100	hit	#4283C9
#0D3A6B	40	0.12855323283344	100	miss	#0D3A6B
#0D3A6B	41	0.107164821508837	100	miss	#0D3A6B
#4283C9	42	0.134843942046558	100	hit	#4283C9
#4283C9	43	0.162523062584279	100	hit	#4283C9
#0D3A6B	44	0.140610425491917	100	miss	#0D3A6B
#4283C9	45	0.167136249340566	100	hit	#4283C9
#4283C9	46	0.193662073189215	100	hit	#4283C9
#4283C9	47	0.220187897037864	100	hit	#4283C9
#4283C9	48	0.246713720886513	100	hit	#4283C9
#4283C9	49	0.273239544735163	100	hit	#4283C9
#0D3A6B	50	0.247774753840459	100	miss	#0D3A6B
#0D3A6B	51	0.22426879301458	100	miss	#0D3A6B
#4283C9	52	0.248754168874871	100	hit	#4283C9
#0D3A6B	53	0.226082524559786	100	miss	#0D3A6B
#0D3A6B	54	0.205030283410065	100	miss	#0D3A6B
#4283C9	55	0.227766703851764	100	hit	#4283C9
#4283C9	56	0.250503124293463	100	hit	#4283C9
#0D3A6B	57	0.229334732847743	100	miss	#0D3A6B
#0D3A6B	58	0.209577567498405	100	miss	#0D3A6B
#4283C9	59	0.230798226577324	100	hit	#4283C9
#0D3A6B	60	0.211631179667332	100	miss	#0D3A6B
#4283C9	61	0.232167301356609	100	hit	#4283C9
#0D3A6B	62	0.213556441075702	100	miss	#0D3A6B
#0D3A6B	63	0.196073511720911	100	miss	#0D3A6B
#0D3A6B	64	0.179618989975224	100	miss	#0D3A6B
#0D3A6B	65	0.164104726615006	100	miss	#0D3A6B
#0D3A6B	66	0.1494523667748	100	miss	#0D3A6B
#4283C9	67	0.167136249340566	100	hit	#4283C9
#0D3A6B	68	0.152797966179134	100	miss	#0D3A6B
#0D3A6B	69	0.139214329499882	100	miss	#0D3A6B
#0D3A6B	70	0.126327289573413	100	miss	#0D3A6B
#4283C9	71	0.142650873480274	100	hit	#4283C9
#4283C9	72	0.158974457387135	100	hit	#4283C9
#0D3A6B	73	0.145915590261647	100	miss	#0D3A6B
#0D3A6B	74	0.133493741044718	100	miss	#0D3A6B
#0D3A6B	75	0.121663408457167	100	miss	#0D3A6B
#4283C9	76	0.136821022084967	100	hit	#4283C9
#0D3A6B	77	0.125188434882237	100	miss	#0D3A6B
#4283C9	78	0.139993545867529	100	hit	#4283C9
#0D3A6B	79	0.12855323283344	100	miss	#0D3A6B
#4283C9	80	0.143021864023612	100	hit	#4283C9
#0D3A6B	81	0.131768484209033	100	miss	#0D3A6B
#4283C9	82	0.145915590261647	100	hit	#4283C9
#0D3A6B	83	0.134843942046558	100	miss	#0D3A6B
#0D3A6B	84	0.124243427798069	100	miss	#0D3A6B
#4283C9	85	0.137788529337805	100	hit	#4283C9
#4283C9	86	0.151333630877541	100	hit	#4283C9
#4283C9	87	0.164878732417277	100	hit	#4283C9
#0D3A6B	88	0.153873337416241	100	miss	#0D3A6B
#4283C9	89	0.167136249340566	100	hit	#4283C9
#0D3A6B	90	0.156309382463566	100	miss	#0D3A6B
#0D3A6B	91	0.145915590261647	100	miss	#0D3A6B
#0D3A6B	92	0.13592939775392	100	miss	#0D3A6B
#0D3A6B	93	0.126327289573413	100	miss	#0D3A6B
#0D3A6B	94	0.117087525097832	100	miss	#0D3A6B
#0D3A6B	95	0.108189974121345	100	miss	#0D3A6B
#4283C9	96	0.119979229165189	100	hit	#4283C9
#4283C9	97	0.131768484209033	100	hit	#4283C9
#0D3A6B	98	0.122765780357371	100	miss	#0D3A6B
#0D3A6B	99	0.114084601643267	100	miss	#0D3A6B
#0D3A6B	100	0.105708025691062	100	miss	#0D3A6B
#4283C9	101	0.116876793627336	100	hit	#4283C9
#0D3A6B	2	0.363380227632419	101	miss	#0D3A6B
#4283C9	3	0.273239544735163	101	hit	#4283C9
#4283C9	4	0.909859317102744	101	hit	#4283C9
#4283C9	5	1.54647908947033	101	hit	#4283C9
#0D3A6B	6	0.591549430918953	101	miss	#0D3A6B
#4283C9	7	0.909859317102744	101	hit	#4283C9
#0D3A6B	8	0.485446135524357	101	miss	#0D3A6B
#4283C9	9	0.69765272631355	101	hit	#4283C9
#4283C9	10	0.909859317102744	101	hit	#4283C9
#0D3A6B	11	0.591549430918953	101	miss	#0D3A6B
#4283C9	12	0.750704374010849	101	hit	#4283C9
#0D3A6B	13	0.527887453682195	101	miss	#0D3A6B
#4283C9	14	0.655211408155712	101	hit	#4283C9
#0D3A6B	15	0.485446135524357	101	miss	#0D3A6B
#0D3A6B	16	0.36418522650196	101	miss	#0D3A6B
#0D3A6B	17	0.273239544735163	101	miss	#0D3A6B
#0D3A6B	18	0.202504014472098	101	miss	#0D3A6B
#4283C9	19	0.273239544735163	101	hit	#4283C9
#0D3A6B	20	0.209577567498405	101	miss	#0D3A6B
#0D3A6B	21	0.157490495213784	101	miss	#0D3A6B
#0D3A6B	22	0.114084601643267	101	miss	#0D3A6B
#0D3A6B	23	0.07735653785283	101	miss	#0D3A6B
#0D3A6B	24	0.0458753403181694	101	miss	#0D3A6B
#4283C9	25	0.091348181201568	101	hit	#4283C9
#0D3A6B	26	0.061032953945969	101	miss	#0D3A6B
#4283C9	27	0.103474272103808	101	hit	#4283C9
#4283C9	28	0.145915590261647	101	hit	#4283C9
#4283C9	29	0.188356908419485	101	hit	#4283C9
#0D3A6B	30	0.153873337416241	101	miss	#0D3A6B
#4283C9	31	0.193662073189215	101	hit	#4283C9
#0D3A6B	32	0.160894879023237	101	miss	#0D3A6B
#0D3A6B	33	0.131768484209033	101	miss	#0D3A6B
#4283C9	34	0.167136249340566	101	hit	#4283C9
#0D3A6B	35	0.139214329499882	101	miss	#0D3A6B
#0D3A6B	36	0.114084601643267	101	miss	#0D3A6B
#0D3A6B	37	0.091348181201568	101	miss	#0D3A6B
#4283C9	38	0.121663408457167	101	hit	#4283C9
#4283C9	39	0.151978635712766	101	hit	#4283C9
#0D3A6B	40	0.12855323283344	101	miss	#0D3A6B
#0D3A6B	41	0.107164821508837	101	miss	#0D3A6B
#4283C9	42	0.134843942046558	101	hit	#4283C9
#4283C9	43	0.162523062584279	101	hit	#4283C9
#0D3A6B	44	0.140610425491917	101	miss	#0D3A6B
#4283C9	45	0.167136249340566	101	hit	#4283C9
#4283C9	46	0.193662073189215	101	hit	#4283C9
#4283C9	47	0.220187897037864	101	hit	#4283C9
#4283C9	48	0.246713720886513	101	hit	#4283C9
#4283C9	49	0.273239544735163	101	hit	#4283C9
#0D3A6B	50	0.247774753840459	101	miss	#0D3A6B
#0D3A6B	51	0.22426879301458	101	miss	#0D3A6B
#4283C9	52	0.248754168874871	101	hit	#4283C9
#0D3A6B	53	0.226082524559786	101	miss	#0D3A6B
#0D3A6B	54	0.205030283410065	101	miss	#0D3A6B
#4283C9	55	0.227766703851764	101	hit	#4283C9
#4283C9	56	0.250503124293463	101	hit	#4283C9
#0D3A6B	57	0.229334732847743	101	miss	#0D3A6B
#0D3A6B	58	0.209577567498405	101	miss	#0D3A6B
#4283C9	59	0.230798226577324	101	hit	#4283C9
#0D3A6B	60	0.211631179667332	101	miss	#0D3A6B
#4283C9	61	0.232167301356609	101	hit	#4283C9
#0D3A6B	62	0.213556441075702	101	miss	#0D3A6B
#0D3A6B	63	0.196073511720911	101	miss	#0D3A6B
#0D3A6B	64	0.179618989975224	101	miss	#0D3A6B
#0D3A6B	65	0.164104726615006	101	miss	#0D3A6B
#0D3A6B	66	0.1494523667748	101	miss	#0D3A6B
#4283C9	67	0.167136249340566	101	hit	#4283C9
#0D3A6B	68	0.152797966179134	101	miss	#0D3A6B
#0D3A6B	69	0.139214329499882	101	miss	#0D3A6B
#0D3A6B	70	0.126327289573413	101	miss	#0D3A6B
#4283C9	71	0.142650873480274	101	hit	#4283C9
#4283C9	72	0.158974457387135	101	hit	#4283C9
#0D3A6B	73	0.145915590261647	101	miss	#0D3A6B
#0D3A6B	74	0.133493741044718	101	miss	#0D3A6B
#0D3A6B	75	0.121663408457167	101	miss	#0D3A6B
#4283C9	76	0.136821022084967	101	hit	#4283C9
#0D3A6B	77	0.125188434882237	101	miss	#0D3A6B
#4283C9	78	0.139993545867529	101	hit	#4283C9
#0D3A6B	79	0.12855323283344	101	miss	#0D3A6B
#4283C9	80	0.143021864023612	101	hit	#4283C9
#0D3A6B	81	0.131768484209033	101	miss	#0D3A6B
#4283C9	82	0.145915590261647	101	hit	#4283C9
#0D3A6B	83	0.134843942046558	101	miss	#0D3A6B
#0D3A6B	84	0.124243427798069	101	miss	#0D3A6B
#4283C9	85	0.137788529337805	101	hit	#4283C9
#4283C9	86	0.151333630877541	101	hit	#4283C9
#4283C9	87	0.164878732417277	101	hit	#4283C9
#0D3A6B	88	0.153873337416241	101	miss	#0D3A6B
#4283C9	89	0.167136249340566	101	hit	#4283C9
#0D3A6B	90	0.156309382463566	101	miss	#0D3A6B
#0D3A6B	91	0.145915590261647	101	miss	#0D3A6B
#0D3A6B	92	0.13592939775392	101	miss	#0D3A6B
#0D3A6B	93	0.126327289573413	101	miss	#0D3A6B
#0D3A6B	94	0.117087525097832	101	miss	#0D3A6B
#0D3A6B	95	0.108189974121345	101	miss	#0D3A6B
#4283C9	96	0.119979229165189	101	hit	#4283C9
#4283C9	97	0.131768484209033	101	hit	#4283C9
#0D3A6B	98	0.122765780357371	101	miss	#0D3A6B
#0D3A6B	99	0.114084601643267	101	miss	#0D3A6B
#0D3A6B	100	0.105708025691062	101	miss	#0D3A6B
#4283C9	101	0.116876793627336	101	hit	#4283C9
#4283C9	102	0.128045561563609	101	hit	#4283C9
#0D3A6B	2	0.363380227632419	102	miss	#0D3A6B
#4283C9	3	0.273239544735163	102	hit	#4283C9
#4283C9	4	0.909859317102744	102	hit	#4283C9
#4283C9	5	1.54647908947033	102	hit	#4283C9
#0D3A6B	6	0.591549430918953	102	miss	#0D3A6B
#4283C9	7	0.909859317102744	102	hit	#4283C9
#0D3A6B	8	0.485446135524357	102	miss	#0D3A6B
#4283C9	9	0.69765272631355	102	hit	#4283C9
#4283C9	10	0.909859317102744	102	hit	#4283C9
#0D3A6B	11	0.591549430918953	102	miss	#0D3A6B
#4283C9	12	0.750704374010849	102	hit	#4283C9
#0D3A6B	13	0.527887453682195	102	miss	#0D3A6B
#4283C9	14	0.655211408155712	102	hit	#4283C9
#0D3A6B	15	0.485446135524357	102	miss	#0D3A6B
#0D3A6B	16	0.36418522650196	102	miss	#0D3A6B
#0D3A6B	17	0.273239544735163	102	miss	#0D3A6B
#0D3A6B	18	0.202504014472098	102	miss	#0D3A6B
#4283C9	19	0.273239544735163	102	hit	#4283C9
#0D3A6B	20	0.209577567498405	102	miss	#0D3A6B
#0D3A6B	21	0.157490495213784	102	miss	#0D3A6B
#0D3A6B	22	0.114084601643267	102	miss	#0D3A6B
#0D3A6B	23	0.07735653785283	102	miss	#0D3A6B
#0D3A6B	24	0.0458753403181694	102	miss	#0D3A6B
#4283C9	25	0.091348181201568	102	hit	#4283C9
#0D3A6B	26	0.061032953945969	102	miss	#0D3A6B
#4283C9	27	0.103474272103808	102	hit	#4283C9
#4283C9	28	0.145915590261647	102	hit	#4283C9
#4283C9	29	0.188356908419485	102	hit	#4283C9
#0D3A6B	30	0.153873337416241	102	miss	#0D3A6B
#4283C9	31	0.193662073189215	102	hit	#4283C9
#0D3A6B	32	0.160894879023237	102	miss	#0D3A6B
#0D3A6B	33	0.131768484209033	102	miss	#0D3A6B
#4283C9	34	0.167136249340566	102	hit	#4283C9
#0D3A6B	35	0.139214329499882	102	miss	#0D3A6B
#0D3A6B	36	0.114084601643267	102	miss	#0D3A6B
#0D3A6B	37	0.091348181201568	102	miss	#0D3A6B
#4283C9	38	0.121663408457167	102	hit	#4283C9
#4283C9	39	0.151978635712766	102	hit	#4283C9
#0D3A6B	40	0.12855323283344	102	miss	#0D3A6B
#0D3A6B	41	0.107164821508837	102	miss	#0D3A6B
#4283C9	42	0.134843942046558	102	hit	#4283C9
#4283C9	43	0.162523062584279	102	hit	#4283C9
#0D3A6B	44	0.140610425491917	102	miss	#0D3A6B
#4283C9	45	0.167136249340566	102	hit	#4283C9
#4283C9	46	0.193662073189215	102	hit	#4283C9
#4283C9	47	0.220187897037864	102	hit	#4283C9
#4283C9	48	0.246713720886513	102	hit	#4283C9
#4283C9	49	0.273239544735163	102	hit	#4283C9
#0D3A6B	50	0.247774753840459	102	miss	#0D3A6B
#0D3A6B	51	0.22426879301458	102	miss	#0D3A6B
#4283C9	52	0.248754168874871	102	hit	#4283C9
#0D3A6B	53	0.226082524559786	102	miss	#0D3A6B
#0D3A6B	54	0.205030283410065	102	miss	#0D3A6B
#4283C9	55	0.227766703851764	102	hit	#4283C9
#4283C9	56	0.250503124293463	102	hit	#4283C9
#0D3A6B	57	0.229334732847743	102	miss	#0D3A6B
#0D3A6B	58	0.209577567498405	102	miss	#0D3A6B
#4283C9	59	0.230798226577324	102	hit	#4283C9
#0D3A6B	60	0.211631179667332	102	miss	#0D3A6B
#4283C9	61	0.232167301356609	102	hit	#4283C9
#0D3A6B	62	0.213556441075702	102	miss	#0D3A6B
#0D3A6B	63	0.196073511720911	102	miss	#0D3A6B
#0D3A6B	64	0.179618989975224	102	miss	#0D3A6B
#0D3A6B	65	0.164104726615006	102	miss	#0D3A6B
#0D3A6B	66	0.1494523667748	102	miss	#0D3A6B
#4283C9	67	0.167136249340566	102	hit	#4283C9
#0D3A6B	68	0.152797966179134	102	miss	#0D3A6B
#0D3A6B	69	0.139214329499882	102	miss	#0D3A6B
#0D3A6B	70	0.126327289573413	102	miss	#0D3A6B
#4283C9	71	0.142650873480274	102	hit	#4283C9
#4283C9	72	0.158974457387135	102	hit	#4283C9
#0D3A6B	73	0.145915590261647	102	miss	#0D3A6B
#0D3A6B	74	0.133493741044718	102	miss	#0D3A6B
#0D3A6B	75	0.121663408457167	102	miss	#0D3A6B
#4283C9	76	0.136821022084967	102	hit	#4283C9
#0D3A6B	77	0.125188434882237	102	miss	#0D3A6B
#4283C9	78	0.139993545867529	102	hit	#4283C9
#0D3A6B	79	0.12855323283344	102	miss	#0D3A6B
#4283C9	80	0.143021864023612	102	hit	#4283C9
#0D3A6B	81	0.131768484209033	102	miss	#0D3A6B
#4283C9	82	0.145915590261647	102	hit	#4283C9
#0D3A6B	83	0.134843942046558	102	miss	#0D3A6B
#0D3A6B	84	0.124243427798069	102	miss	#0D3A6B
#4283C9	85	0.137788529337805	102	hit	#4283C9
#4283C9	86	0.151333630877541	102	hit	#4283C9
#4283C9	87	0.164878732417277	102	hit	#4283C9
#0D3A6B	88	0.153873337416241	102	miss	#0D3A6B
#4283C9	89	0.167136249340566	102	hit	#4283C9
#0D3A6B	90	0.156309382463566	102	miss	#0D3A6B
#0D3A6B	91	0.145915590261647	102	miss	#0D3A6B
#0D3A6B	92	0.13592939775392	102	miss	#0D3A6B
#0D3A6B	93	0.126327289573413	102	miss	#0D3A6B
#0D3A6B	94	0.117087525097832	102	miss	#0D3A6B
#0D3A6B	95	0.108189974121345	102	miss	#0D3A6B
#4283C9	96	0.119979229165189	102	hit	#4283C9
#4283C9	97	0.131768484209033	102	hit	#4283C9
#0D3A6B	98	0.122765780357371	102	miss	#0D3A6B
#0D3A6B	99	0.114084601643267	102	miss	#0D3A6B
#0D3A6B	100	0.105708025691062	102	miss	#0D3A6B
#4283C9	101	0.116876793627336	102	hit	#4283C9
#4283C9	102	0.128045561563609	102	hit	#4283C9
#4283C9	103	0.139214329499882	102	hit	#4283C9
#0D3A6B	2	0.363380227632419	103	miss	#0D3A6B
#4283C9	3	0.273239544735163	103	hit	#4283C9
#4283C9	4	0.909859317102744	103	hit	#4283C9
#4283C9	5	1.54647908947033	103	hit	#4283C9
#0D3A6B	6	0.591549430918953	103	miss	#0D3A6B
#4283C9	7	0.909859317102744	103	hit	#4283C9
#0D3A6B	8	0.485446135524357	103	miss	#0D3A6B
#4283C9	9	0.69765272631355	103	hit	#4283C9
#4283C9	10	0.909859317102744	103	hit	#4283C9
#0D3A6B	11	0.591549430918953	103	miss	#0D3A6B
#4283C9	12	0.750704374010849	103	hit	#4283C9
#0D3A6B	13	0.527887453682195	103	miss	#0D3A6B
#4283C9	14	0.655211408155712	103	hit	#4283C9
#0D3A6B	15	0.485446135524357	103	miss	#0D3A6B
#0D3A6B	16	0.36418522650196	103	miss	#0D3A6B
#0D3A6B	17	0.273239544735163	103	miss	#0D3A6B
#0D3A6B	18	0.202504014472098	103	miss	#0D3A6B
#4283C9	19	0.273239544735163	103	hit	#4283C9
#0D3A6B	20	0.209577567498405	103	miss	#0D3A6B
#0D3A6B	21	0.157490495213784	103	miss	#0D3A6B
#0D3A6B	22	0.114084601643267	103	miss	#0D3A6B
#0D3A6B	23	0.07735653785283	103	miss	#0D3A6B
#0D3A6B	24	0.0458753403181694	103	miss	#0D3A6B
#4283C9	25	0.091348181201568	103	hit	#4283C9
#0D3A6B	26	0.061032953945969	103	miss	#0D3A6B
#4283C9	27	0.103474272103808	103	hit	#4283C9
#4283C9	28	0.145915590261647	103	hit	#4283C9
#4283C9	29	0.188356908419485	103	hit	#4283C9
#0D3A6B	30	0.153873337416241	103	miss	#0D3A6B
#4283C9	31	0.193662073189215	103	hit	#4283C9
#0D3A6B	32	0.160894879023237	103	miss	#0D3A6B
#0D3A6B	33	0.131768484209033	103	miss	#0D3A6B
#4283C9	34	0.167136249340566	103	hit	#4283C9
#0D3A6B	35	0.139214329499882	103	miss	#0D3A6B
#0D3A6B	36	0.114084601643267	103	miss	#0D3A6B
#0D3A6B	37	0.091348181201568	103	miss	#0D3A6B
#4283C9	38	0.121663408457167	103	hit	#4283C9
#4283C9	39	0.151978635712766	103	hit	#4283C9
#0D3A6B	40	0.12855323283344	103	miss	#0D3A6B
#0D3A6B	41	0.107164821508837	103	miss	#0D3A6B
#4283C9	42	0.134843942046558	103	hit	#4283C9
#4283C9	43	0.162523062584279	103	hit	#4283C9
#0D3A6B	44	0.140610425491917	103	miss	#0D3A6B
#4283C9	45	0.167136249340566	103	hit	#4283C9
#4283C9	46	0.193662073189215	103	hit	#4283C9
#4283C9	47	0.220187897037864	103	hit	#4283C9
#4283C9	48	0.246713720886513	103	hit	#4283C9
#4283C9	49	0.273239544735163	103	hit	#4283C9
#0D3A6B	50	0.247774753840459	103	miss	#0D3A6B
#0D3A6B	51	0.22426879301458	103	miss	#0D3A6B
#4283C9	52	0.248754168874871	103	hit	#4283C9
#0D3A6B	53	0.226082524559786	103	miss	#0D3A6B
#0D3A6B	54	0.205030283410065	103	miss	#0D3A6B
#4283C9	55	0.227766703851764	103	hit	#4283C9
#4283C9	56	0.250503124293463	103	hit	#4283C9
#0D3A6B	57	0.229334732847743	103	miss	#0D3A6B
#0D3A6B	58	0.209577567498405	103	miss	#0D3A6B
#4283C9	59	0.230798226577324	103	hit	#4283C9
#0D3A6B	60	0.211631179667332	103	miss	#0D3A6B
#4283C9	61	0.232167301356609	103	hit	#4283C9
#0D3A6B	62	0.213556441075702	103	miss	#0D3A6B
#0D3A6B	63	0.196073511720911	103	miss	#0D3A6B
#0D3A6B	64	0.179618989975224	103	miss	#0D3A6B
#0D3A6B	65	0.164104726615006	103	miss	#0D3A6B
#0D3A6B	66	0.1494523667748	103	miss	#0D3A6B
#4283C9	67	0.167136249340566	103	hit	#4283C9
#0D3A6B	68	0.152797966179134	103	miss	#0D3A6B
#0D3A6B	69	0.139214329499882	103	miss	#0D3A6B
#0D3A6B	70	0.126327289573413	103	miss	#0D3A6B
#4283C9	71	0.142650873480274	103	hit	#4283C9
#4283C9	72	0.158974457387135	103	hit	#4283C9
#0D3A6B	73	0.145915590261647	103	miss	#0D3A6B
#0D3A6B	74	0.133493741044718	103	miss	#0D3A6B
#0D3A6B	75	0.121663408457167	103	miss	#0D3A6B
#4283C9	76	0.136821022084967	103	hit	#4283C9
#0D3A6B	77	0.125188434882237	103	miss	#0D3A6B
#4283C9	78	0.139993545867529	103	hit	#4283C9
#0D3A6B	79	0.12855323283344	103	miss	#0D3A6B
#4283C9	80	0.143021864023612	103	hit	#4283C9
#0D3A6B	81	0.131768484209033	103	miss	#0D3A6B
#4283C9	82	0.145915590261647	103	hit	#4283C9
#0D3A6B	83	0.134843942046558	103	miss	#0D3A6B
#0D3A6B	84	0.124243427798069	103	miss	#0D3A6B
#4283C9	85	0.137788529337805	103	hit	#4283C9
#4283C9	86	0.151333630877541	103	hit	#4283C9
#4283C9	87	0.164878732417277	103	hit	#4283C9
#0D3A6B	88	0.153873337416241	103	miss	#0D3A6B
#4283C9	89	0.167136249340566	103	hit	#4283C9
#0D3A6B	90	0.156309382463566	103	miss	#0D3A6B
#0D3A6B	91	0.145915590261647	103	miss	#0D3A6B
#0D3A6B	92	0.13592939775392	103	miss	#0D3A6B
#0D3A6B	93	0.126327289573413	103	miss	#0D3A6B
#0D3A6B	94	0.117087525097832	103	miss	#0D3A6B
#0D3A6B	95	0.108189974121345	103	miss	#0D3A6B
#4283C9	96	0.119979229165189	103	hit	#4283C9
#4283C9	97	0.131768484209033	103	hit	#4283C9
#0D3A6B	98	0.122765780357371	103	miss	#0D3A6B
#0D3A6B	99	0.114084601643267	103	miss	#0D3A6B
#0D3A6B	100	0.105708025691062	103	miss	#0D3A6B
#4283C9	101	0.116876793627336	103	hit	#4283C9
#4283C9	102	0.128045561563609	103	hit	#4283C9
#4283C9	103	0.139214329499882	103	hit	#4283C9
#4283C9	104	0.150383097436156	103	hit	#4283C9
#0D3A6B	2	0.363380227632419	104	miss	#0D3A6B
#4283C9	3	0.273239544735163	104	hit	#4283C9
#4283C9	4	0.909859317102744	104	hit	#4283C9
#4283C9	5	1.54647908947033	104	hit	#4283C9
#0D3A6B	6	0.591549430918953	104	miss	#0D3A6B
#4283C9	7	0.909859317102744	104	hit	#4283C9
#0D3A6B	8	0.485446135524357	104	miss	#0D3A6B
#4283C9	9	0.69765272631355	104	hit	#4283C9
#4283C9	10	0.909859317102744	104	hit	#4283C9
#0D3A6B	11	0.591549430918953	104	miss	#0D3A6B
#4283C9	12	0.750704374010849	104	hit	#4283C9
#0D3A6B	13	0.527887453682195	104	miss	#0D3A6B
#4283C9	14	0.655211408155712	104	hit	#4283C9
#0D3A6B	15	0.485446135524357	104	miss	#0D3A6B
#0D3A6B	16	0.36418522650196	104	miss	#0D3A6B
#0D3A6B	17	0.273239544735163	104	miss	#0D3A6B
#0D3A6B	18	0.202504014472098	104	miss	#0D3A6B
#4283C9	19	0.273239544735163	104	hit	#4283C9
#0D3A6B	20	0.209577567498405	104	miss	#0D3A6B
#0D3A6B	21	0.157490495213784	104	miss	#0D3A6B
#0D3A6B	22	0.114084601643267	104	miss	#0D3A6B
#0D3A6B	23	0.07735653785283	104	miss	#0D3A6B
#0D3A6B	24	0.0458753403181694	104	miss	#0D3A6B
#4283C9	25	0.091348181201568	104	hit	#4283C9
#0D3A6B	26	0.061032953945969	104	miss	#0D3A6B
#4283C9	27	0.103474272103808	104	hit	#4283C9
#4283C9	28	0.145915590261647	104	hit	#4283C9
#4283C9	29	0.188356908419485	104	hit	#4283C9
#0D3A6B	30	0.153873337416241	104	miss	#0D3A6B
#4283C9	31	0.193662073189215	104	hit	#4283C9
#0D3A6B	32	0.160894879023237	104	miss	#0D3A6B
#0D3A6B	33	0.131768484209033	104	miss	#0D3A6B
#4283C9	34	0.167136249340566	104	hit	#4283C9
#0D3A6B	35	0.139214329499882	104	miss	#0D3A6B
#0D3A6B	36	0.114084601643267	104	miss	#0D3A6B
#0D3A6B	37	0.091348181201568	104	miss	#0D3A6B
#4283C9	38	0.121663408457167	104	hit	#4283C9
#4283C9	39	0.151978635712766	104	hit	#4283C9
#0D3A6B	40	0.12855323283344	104	miss	#0D3A6B
#0D3A6B	41	0.107164821508837	104	miss	#0D3A6B
#4283C9	42	0.134843942046558	104	hit	#4283C9
#4283C9	43	0.162523062584279	104	hit	#4283C9
#0D3A6B	44	0.140610425491917	104	miss	#0D3A6B
#4283C9	45	0.167136249340566	104	hit	#4283C9
#4283C9	46	0.193662073189215	104	hit	#4283C9
#4283C9	47	0.220187897037864	104	hit	#4283C9
#4283C9	48	0.246713720886513	104	hit	#4283C9
#4283C9	49	0.273239544735163	104	hit	#4283C9
#0D3A6B	50	0.247774753840459	104	miss	#0D3A6B
#0D3A6B	51	0.22426879301458	104	miss	#0D3A6B
#4283C9	52	0.248754168874871	104	hit	#4283C9
#0D3A6B	53	0.226082524559786	104	miss	#0D3A6B
#0D3A6B	54	0.205030283410065	104	miss	#0D3A6B
#4283C9	55	0.227766703851764	104	hit	#4283C9
#4283C9	56	0.250503124293463	104	hit	#4283C9
#0D3A6B	57	0.229334732847743	104	miss	#0D3A6B
#0D3A6B	58	0.209577567498405	104	miss	#0D3A6B
#4283C9	59	0.230798226577324	104	hit	#4283C9
#0D3A6B	60	0.211631179667332	104	miss	#0D3A6B
#4283C9	61	0.232167301356609	104	hit	#4283C9
#0D3A6B	62	0.213556441075702	104	miss	#0D3A6B
#0D3A6B	63	0.196073511720911	104	miss	#0D3A6B
#0D3A6B	64	0.179618989975224	104	miss	#0D3A6B
#0D3A6B	65	0.164104726615006	104	miss	#0D3A6B
#0D3A6B	66	0.1494523667748	104	miss	#0D3A6B
#4283C9	67	0.167136249340566	104	hit	#4283C9
#0D3A6B	68	0.152797966179134	104	miss	#0D3A6B
#0D3A6B	69	0.139214329499882	104	miss	#0D3A6B
#0D3A6B	70	0.126327289573413	104	miss	#0D3A6B
#4283C9	71	0.142650873480274	104	hit	#4283C9
#4283C9	72	0.158974457387135	104	hit	#4283C9
#0D3A6B	73	0.145915590261647	104	miss	#0D3A6B
#0D3A6B	74	0.133493741044718	104	miss	#0D3A6B
#0D3A6B	75	0.121663408457167	104	miss	#0D3A6B
#4283C9	76	0.136821022084967	104	hit	#4283C9
#0D3A6B	77	0.125188434882237	104	miss	#0D3A6B
#4283C9	78	0.139993545867529	104	hit	#4283C9
#0D3A6B	79	0.12855323283344	104	miss	#0D3A6B
#4283C9	80	0.143021864023612	104	hit	#4283C9
#0D3A6B	81	0.131768484209033	104	miss	#0D3A6B
#4283C9	82	0.145915590261647	104	hit	#4283C9
#0D3A6B	83	0.134843942046558	104	miss	#0D3A6B
#0D3A6B	84	0.124243427798069	104	miss	#0D3A6B
#4283C9	85	0.137788529337805	104	hit	#4283C9
#4283C9	86	0.151333630877541	104	hit	#4283C9
#4283C9	87	0.164878732417277	104	hit	#4283C9
#0D3A6B	88	0.153873337416241	104	miss	#0D3A6B
#4283C9	89	0.167136249340566	104	hit	#4283C9
#0D3A6B	90	0.156309382463566	104	miss	#0D3A6B
#0D3A6B	91	0.145915590261647	104	miss	#0D3A6B
#0D3A6B	92	0.13592939775392	104	miss	#0D3A6B
#0D3A6B	93	0.126327289573413	104	miss	#0D3A6B
#0D3A6B	94	0.117087525097832	104	miss	#0D3A6B
#0D3A6B	95	0.108189974121345	104	miss	#0D3A6B
#4283C9	96	0.119979229165189	104	hit	#4283C9
#4283C9	97	0.131768484209033	104	hit	#4283C9
#0D3A6B	98	0.122765780357371	104	miss	#0D3A6B
#0D3A6B	99	0.114084601643267	104	miss	#0D3A6B
#0D3A6B	100	0.105708025691062	104	miss	#0D3A6B
#4283C9	101	0.116876793627336	104	hit	#4283C9
#4283C9	102	0.128045561563609	104	hit	#4283C9
#4283C9	103	0.139214329499882	104	hit	#4283C9
#4283C9	104	0.150383097436156	104	hit	#4283C9
#4283C9	105	0.161551865372429	104	hit	#4283C9
#0D3A6B	2	0.363380227632419	105	miss	#0D3A6B
#4283C9	3	0.273239544735163	105	hit	#4283C9
#4283C9	4	0.909859317102744	105	hit	#4283C9
#4283C9	5	1.54647908947033	105	hit	#4283C9
#0D3A6B	6	0.591549430918953	105	miss	#0D3A6B
#4283C9	7	0.909859317102744	105	hit	#4283C9
#0D3A6B	8	0.485446135524357	105	miss	#0D3A6B
#4283C9	9	0.69765272631355	105	hit	#4283C9
#4283C9	10	0.909859317102744	105	hit	#4283C9
#0D3A6B	11	0.591549430918953	105	miss	#0D3A6B
#4283C9	12	0.750704374010849	105	hit	#4283C9
#0D3A6B	13	0.527887453682195	105	miss	#0D3A6B
#4283C9	14	0.655211408155712	105	hit	#4283C9
#0D3A6B	15	0.485446135524357	105	miss	#0D3A6B
#0D3A6B	16	0.36418522650196	105	miss	#0D3A6B
#0D3A6B	17	0.273239544735163	105	miss	#0D3A6B
#0D3A6B	18	0.202504014472098	105	miss	#0D3A6B
#4283C9	19	0.273239544735163	105	hit	#4283C9
#0D3A6B	20	0.209577567498405	105	miss	#0D3A6B
#0D3A6B	21	0.157490495213784	105	miss	#0D3A6B
#0D3A6B	22	0.114084601643267	105	miss	#0D3A6B
#0D3A6B	23	0.07735653785283	105	miss	#0D3A6B
#0D3A6B	24	0.0458753403181694	105	miss	#0D3A6B
#4283C9	25	0.091348181201568	105	hit	#4283C9
#0D3A6B	26	0.061032953945969	105	miss	#0D3A6B
#4283C9	27	0.103474272103808	105	hit	#4283C9
#4283C9	28	0.145915590261647	105	hit	#4283C9
#4283C9	29	0.188356908419485	105	hit	#4283C9
#0D3A6B	30	0.153873337416241	105	miss	#0D3A6B
#4283C9	31	0.193662073189215	105	hit	#4283C9
#0D3A6B	32	0.160894879023237	105	miss	#0D3A6B
#0D3A6B	33	0.131768484209033	105	miss	#0D3A6B
#4283C9	34	0.167136249340566	105	hit	#4283C9
#0D3A6B	35	0.139214329499882	105	miss	#0D3A6B
#0D3A6B	36	0.114084601643267	105	miss	#0D3A6B
#0D3A6B	37	0.091348181201568	105	miss	#0D3A6B
#4283C9	38	0.121663408457167	105	hit	#4283C9
#4283C9	39	0.151978635712766	105	hit	#4283C9
#0D3A6B	40	0.12855323283344	105	miss	#0D3A6B
#0D3A6B	41	0.107164821508837	105	miss	#0D3A6B
#4283C9	42	0.134843942046558	105	hit	#4283C9
#4283C9	43	0.162523062584279	105	hit	#4283C9
#0D3A6B	44	0.140610425491917	105	miss	#0D3A6B
#4283C9	45	0.167136249340566	105	hit	#4283C9
#4283C9	46	0.193662073189215	105	hit	#4283C9
#4283C9	47	0.220187897037864	105	hit	#4283C9
#4283C9	48	0.246713720886513	105	hit	#4283C9
#4283C9	49	0.273239544735163	105	hit	#4283C9
#0D3A6B	50	0.247774753840459	105	miss	#0D3A6B
#0D3A6B	51	0.22426879301458	105	miss	#0D3A6B
#4283C9	52	0.248754168874871	105	hit	#4283C9
#0D3A6B	53	0.226082524559786	105	miss	#0D3A6B
#0D3A6B	54	0.205030283410065	105	miss	#0D3A6B
#4283C9	55	0.227766703851764	105	hit	#4283C9
#4283C9	56	0.250503124293463	105	hit	#4283C9
#0D3A6B	57	0.229334732847743	105	miss	#0D3A6B
#0D3A6B	58	0.209577567498405	105	miss	#0D3A6B
#4283C9	59	0.230798226577324	105	hit	#4283C9
#0D3A6B	60	0.211631179667332	105	miss	#0D3A6B
#4283C9	61	0.232167301356609	105	hit	#4283C9
#0D3A6B	62	0.213556441075702	105	miss	#0D3A6B
#0D3A6B	63	0.196073511720911	105	miss	#0D3A6B
#0D3A6B	64	0.179618989975224	105	miss	#0D3A6B
#0D3A6B	65	0.164104726615006	105	miss	#0D3A6B
#0D3A6B	66	0.1494523667748	105	miss	#0D3A6B
#4283C9	67	0.167136249340566	105	hit	#4283C9
#0D3A6B	68	0.152797966179134	105	miss	#0D3A6B
#0D3A6B	69	0.139214329499882	105	miss	#0D3A6B
#0D3A6B	70	0.126327289573413	105	miss	#0D3A6B
#4283C9	71	0.142650873480274	105	hit	#4283C9
#4283C9	72	0.158974457387135	105	hit	#4283C9
#0D3A6B	73	0.145915590261647	105	miss	#0D3A6B
#0D3A6B	74	0.133493741044718	105	miss	#0D3A6B
#0D3A6B	75	0.121663408457167	105	miss	#0D3A6B
#4283C9	76	0.136821022084967	105	hit	#4283C9
#0D3A6B	77	0.125188434882237	105	miss	#0D3A6B
#4283C9	78	0.139993545867529	105	hit	#4283C9
#0D3A6B	79	0.12855323283344	105	miss	#0D3A6B
#4283C9	80	0.143021864023612	105	hit	#4283C9
#0D3A6B	81	0.131768484209033	105	miss	#0D3A6B
#4283C9	82	0.145915590261647	105	hit	#4283C9
#0D3A6B	83	0.134843942046558	105	miss	#0D3A6B
#0D3A6B	84	0.124243427798069	105	miss	#0D3A6B
#4283C9	85	0.137788529337805	105	hit	#4283C9
#4283C9	86	0.151333630877541	105	hit	#4283C9
#4283C9	87	0.164878732417277	105	hit	#4283C9
#0D3A6B	88	0.153873337416241	105	miss	#0D3A6B
#4283C9	89	0.167136249340566	105	hit	#4283C9
#0D3A6B	90	0.156309382463566	105	miss	#0D3A6B
#0D3A6B	91	0.145915590261647	105	miss	#0D3A6B
#0D3A6B	92	0.13592939775392	105	miss	#0D3A6B
#0D3A6B	93	0.126327289573413	105	miss	#0D3A6B
#0D3A6B	94	0.117087525097832	105	miss	#0D3A6B
#0D3A6B	95	0.108189974121345	105	miss	#0D3A6B
#4283C9	96	0.119979229165189	105	hit	#4283C9
#4283C9	97	0.131768484209033	105	hit	#4283C9
#0D3A6B	98	0.122765780357371	105	miss	#0D3A6B
#0D3A6B	99	0.114084601643267	105	miss	#0D3A6B
#0D3A6B	100	0.105708025691062	105	miss	#0D3A6B
#4283C9	101	0.116876793627336	105	hit	#4283C9
#4283C9	102	0.128045561563609	105	hit	#4283C9
#4283C9	103	0.139214329499882	105	hit	#4283C9
#4283C9	104	0.150383097436156	105	hit	#4283C9
#4283C9	105	0.161551865372429	105	hit	#4283C9
#4283C9	106	0.172720633308702	105	hit	#4283C9
