colour	y	yend	x	xend	showSelected1	showSelected2
#0D3A6B	1.56233441917788	2.41683233627487	1.50054211754189	0.981087297873333	1	miss
#0D3A6B	1.56233441917788	2.41683233627487	1.50054211754189	0.981087297873333	2	miss
#4283C9	5.25061492577388	5.8520913147162	8.24592171004299	7.44703113333996	2	hit
#0D3A6B	1.56233441917788	2.41683233627487	1.50054211754189	0.981087297873333	3	miss
#4283C9	5.25061492577388	5.8520913147162	8.24592171004299	7.44703113333996	3	hit
#4283C9	-0.0334661034170937	0.383092276682372	7.12091416275359	8.03002313090258	3	hit
#0D3A6B	1.56233441917788	2.41683233627487	1.50054211754189	0.981087297873333	4	miss
#4283C9	5.25061492577388	5.8520913147162	8.24592171004299	7.44703113333996	4	hit
#4283C9	-0.0334661034170937	0.383092276682372	7.12091416275359	8.03002313090258	4	hit
#4283C9	3.00850058585024	3.49494731374466	2.08223467700742	1.20852443847246	4	hit
#0D3A6B	1.56233441917788	2.41683233627487	1.50054211754189	0.981087297873333	5	miss
#4283C9	5.25061492577388	5.8520913147162	8.24592171004299	7.44703113333996	5	hit
#4283C9	-0.0334661034170937	0.383092276682372	7.12091416275359	8.03002313090258	5	hit
#4283C9	3.00850058585024	3.49494731374466	2.08223467700742	1.20852443847246	5	hit
#0D3A6B	1.86923610317457	2.83261098627996	7.52825648922807	7.2600982624259	5	miss
#0D3A6B	1.56233441917788	2.41683233627487	1.50054211754189	0.981087297873333	6	miss
#4283C9	5.25061492577388	5.8520913147162	8.24592171004299	7.44703113333996	6	hit
#4283C9	-0.0334661034170937	0.383092276682372	7.12091416275359	8.03002313090258	6	hit
#4283C9	3.00850058585024	3.49494731374466	2.08223467700742	1.20852443847246	6	hit
#0D3A6B	1.86923610317457	2.83261098627996	7.52825648922807	7.2600982624259	6	miss
#4283C9	3.5321544824767	3.94747589094163	8.27034377803498	7.36066904074109	6	hit
#0D3A6B	1.56233441917788	2.41683233627487	1.50054211754189	0.981087297873333	7	miss
#4283C9	5.25061492577388	5.8520913147162	8.24592171004299	7.44703113333996	7	hit
#4283C9	-0.0334661034170937	0.383092276682372	7.12091416275359	8.03002313090258	7	hit
#4283C9	3.00850058585024	3.49494731374466	2.08223467700742	1.20852443847246	7	hit
#0D3A6B	1.86923610317457	2.83261098627996	7.52825648922807	7.2600982624259	7	miss
#4283C9	3.5321544824767	3.94747589094163	8.27034377803498	7.36066904074109	7	hit
#0D3A6B	9.57643428422159	10.383650329191	9.10064236736705	8.51038627316396	7	miss
#0D3A6B	1.56233441917788	2.41683233627487	1.50054211754189	0.981087297873333	8	miss
#4283C9	5.25061492577388	5.8520913147162	8.24592171004299	7.44703113333996	8	hit
#4283C9	-0.0334661034170937	0.383092276682372	7.12091416275359	8.03002313090258	8	hit
#4283C9	3.00850058585024	3.49494731374466	2.08223467700742	1.20852443847246	8	hit
#0D3A6B	1.86923610317457	2.83261098627996	7.52825648922807	7.2600982624259	8	miss
#4283C9	3.5321544824767	3.94747589094163	8.27034377803498	7.36066904074109	8	hit
#0D3A6B	9.57643428422159	10.383650329191	9.10064236736705	8.51038627316396	8	miss
#4283C9	6.3036622488919	6.74013843666284	3.9851017742594	4.88481758356195	8	hit
#0D3A6B	1.56233441917788	2.41683233627487	1.50054211754189	0.981087297873333	9	miss
#4283C9	5.25061492577388	5.8520913147162	8.24592171004299	7.44703113333996	9	hit
#4283C9	-0.0334661034170937	0.383092276682372	7.12091416275359	8.03002313090258	9	hit
#4283C9	3.00850058585024	3.49494731374466	2.08223467700742	1.20852443847246	9	hit
#0D3A6B	1.86923610317457	2.83261098627996	7.52825648922807	7.2600982624259	9	miss
#4283C9	3.5321544824767	3.94747589094163	8.27034377803498	7.36066904074109	9	hit
#0D3A6B	9.57643428422159	10.383650329191	9.10064236736705	8.51038627316396	9	miss
#4283C9	6.3036622488919	6.74013843666284	3.9851017742594	4.88481758356195	9	hit
#4283C9	9.2804288935819	9.8279662684566	2.17883874812462	3.01561997587494	9	hit
#0D3A6B	1.56233441917788	2.41683233627487	1.50054211754189	0.981087297873333	10	miss
#4283C9	5.25061492577388	5.8520913147162	8.24592171004299	7.44703113333996	10	hit
#4283C9	-0.0334661034170937	0.383092276682372	7.12091416275359	8.03002313090258	10	hit
#4283C9	3.00850058585024	3.49494731374466	2.08223467700742	1.20852443847246	10	hit
#0D3A6B	1.86923610317457	2.83261098627996	7.52825648922807	7.2600982624259	10	miss
#4283C9	3.5321544824767	3.94747589094163	8.27034377803498	7.36066904074109	10	hit
#0D3A6B	9.57643428422159	10.383650329191	9.10064236736705	8.51038627316396	10	miss
#4283C9	6.3036622488919	6.74013843666284	3.9851017742594	4.88481758356195	10	hit
#4283C9	9.2804288935819	9.8279662684566	2.17883874812462	3.01561997587494	10	hit
#0D3A6B	2.60703855286875	3.45087224059215	6.5044373051276	7.04104210147508	10	miss
#0D3A6B	1.56233441917788	2.41683233627487	1.50054211754189	0.981087297873333	11	miss
#4283C9	5.25061492577388	5.8520913147162	8.24592171004299	7.44703113333996	11	hit
#4283C9	-0.0334661034170937	0.383092276682372	7.12091416275359	8.03002313090258	11	hit
#4283C9	3.00850058585024	3.49494731374466	2.08223467700742	1.20852443847246	11	hit
#0D3A6B	1.86923610317457	2.83261098627996	7.52825648922807	7.2600982624259	11	miss
#4283C9	3.5321544824767	3.94747589094163	8.27034377803498	7.36066904074109	11	hit
#0D3A6B	9.57643428422159	10.383650329191	9.10064236736705	8.51038627316396	11	miss
#4283C9	6.3036622488919	6.74013843666284	3.9851017742594	4.88481758356195	11	hit
#4283C9	9.2804288935819	9.8279662684566	2.17883874812462	3.01561997587494	11	hit
#0D3A6B	2.60703855286875	3.45087224059215	6.5044373051276	7.04104210147508	11	miss
#4283C9	9.44935387730299	9.53784942362757	0.0981682768099013	1.09424484930858	11	hit
#0D3A6B	1.56233441917788	2.41683233627487	1.50054211754189	0.981087297873333	12	miss
#4283C9	5.25061492577388	5.8520913147162	8.24592171004299	7.44703113333996	12	hit
#4283C9	-0.0334661034170937	0.383092276682372	7.12091416275359	8.03002313090258	12	hit
#4283C9	3.00850058585024	3.49494731374466	2.08223467700742	1.20852443847246	12	hit
#0D3A6B	1.86923610317457	2.83261098627996	7.52825648922807	7.2600982624259	12	miss
#4283C9	3.5321544824767	3.94747589094163	8.27034377803498	7.36066904074109	12	hit
#0D3A6B	9.57643428422159	10.383650329191	9.10064236736705	8.51038627316396	12	miss
#4283C9	6.3036622488919	6.74013843666284	3.9851017742594	4.88481758356195	12	hit
#4283C9	9.2804288935819	9.8279662684566	2.17883874812462	3.01561997587494	12	hit
#0D3A6B	2.60703855286875	3.45087224059215	6.5044373051276	7.04104210147508	12	miss
#4283C9	9.44935387730299	9.53784942362757	0.0981682768099013	1.09424484930858	12	hit
#0D3A6B	1.55412322966159	2.41261090958714	6.08072931160134	6.59356349865991	12	miss
#0D3A6B	1.56233441917788	2.41683233627487	1.50054211754189	0.981087297873333	13	miss
#4283C9	5.25061492577388	5.8520913147162	8.24592171004299	7.44703113333996	13	hit
#4283C9	-0.0334661034170937	0.383092276682372	7.12091416275359	8.03002313090258	13	hit
#4283C9	3.00850058585024	3.49494731374466	2.08223467700742	1.20852443847246	13	hit
#0D3A6B	1.86923610317457	2.83261098627996	7.52825648922807	7.2600982624259	13	miss
#4283C9	3.5321544824767	3.94747589094163	8.27034377803498	7.36066904074109	13	hit
#0D3A6B	9.57643428422159	10.383650329191	9.10064236736705	8.51038627316396	13	miss
#4283C9	6.3036622488919	6.74013843666284	3.9851017742594	4.88481758356195	13	hit
#4283C9	9.2804288935819	9.8279662684566	2.17883874812462	3.01561997587494	13	hit
#0D3A6B	2.60703855286875	3.45087224059215	6.5044373051276	7.04104210147508	13	miss
#4283C9	9.44935387730299	9.53784942362757	0.0981682768099013	1.09424484930858	13	hit
#0D3A6B	1.55412322966159	2.41261090958714	6.08072931160134	6.59356349865991	13	miss
#4283C9	5.34235492980771	5.87123260201223	8.01566518368147	7.16696711732127	13	hit
#0D3A6B	1.56233441917788	2.41683233627487	1.50054211754189	0.981087297873333	14	miss
#4283C9	5.25061492577388	5.8520913147162	8.24592171004299	7.44703113333996	14	hit
#4283C9	-0.0334661034170937	0.383092276682372	7.12091416275359	8.03002313090258	14	hit
#4283C9	3.00850058585024	3.49494731374466	2.08223467700742	1.20852443847246	14	hit
#0D3A6B	1.86923610317457	2.83261098627996	7.52825648922807	7.2600982624259	14	miss
#4283C9	3.5321544824767	3.94747589094163	8.27034377803498	7.36066904074109	14	hit
#0D3A6B	9.57643428422159	10.383650329191	9.10064236736705	8.51038627316396	14	miss
#4283C9	6.3036622488919	6.74013843666284	3.9851017742594	4.88481758356195	14	hit
#4283C9	9.2804288935819	9.8279662684566	2.17883874812462	3.01561997587494	14	hit
#0D3A6B	2.60703855286875	3.45087224059215	6.5044373051276	7.04104210147508	14	miss
#4283C9	9.44935387730299	9.53784942362757	0.0981682768099013	1.09424484930858	14	hit
#0D3A6B	1.55412322966159	2.41261090958714	6.08072931160134	6.59356349865991	14	miss
#4283C9	5.34235492980771	5.87123260201223	8.01566518368147	7.16696711732127	14	hit
#0D3A6B	5.60227136947534	6.59503487050214	6.36241008643778	6.4824960182908	14	miss
#0D3A6B	1.56233441917788	2.41683233627487	1.50054211754189	0.981087297873333	15	miss
#4283C9	5.25061492577388	5.8520913147162	8.24592171004299	7.44703113333996	15	hit
#4283C9	-0.0334661034170937	0.383092276682372	7.12091416275359	8.03002313090258	15	hit
#4283C9	3.00850058585024	3.49494731374466	2.08223467700742	1.20852443847246	15	hit
#0D3A6B	1.86923610317457	2.83261098627996	7.52825648922807	7.2600982624259	15	miss
#4283C9	3.5321544824767	3.94747589094163	8.27034377803498	7.36066904074109	15	hit
#0D3A6B	9.57643428422159	10.383650329191	9.10064236736705	8.51038627316396	15	miss
#4283C9	6.3036622488919	6.74013843666284	3.9851017742594	4.88481758356195	15	hit
#4283C9	9.2804288935819	9.8279662684566	2.17883874812462	3.01561997587494	15	hit
#0D3A6B	2.60703855286875	3.45087224059215	6.5044373051276	7.04104210147508	15	miss
#4283C9	9.44935387730299	9.53784942362757	0.0981682768099013	1.09424484930858	15	hit
#0D3A6B	1.55412322966159	2.41261090958714	6.08072931160134	6.59356349865991	15	miss
#4283C9	5.34235492980771	5.87123260201223	8.01566518368147	7.16696711732127	15	hit
#0D3A6B	5.60227136947534	6.59503487050214	6.36241008643778	6.4824960182908	15	miss
#0D3A6B	9.15462976355966	10.012921690597	0.578606023518125	0.0654442868477303	15	miss
#0D3A6B	1.56233441917788	2.41683233627487	1.50054211754189	0.981087297873333	16	miss
#4283C9	5.25061492577388	5.8520913147162	8.24592171004299	7.44703113333996	16	hit
#4283C9	-0.0334661034170937	0.383092276682372	7.12091416275359	8.03002313090258	16	hit
#4283C9	3.00850058585024	3.49494731374466	2.08223467700742	1.20852443847246	16	hit
#0D3A6B	1.86923610317457	2.83261098627996	7.52825648922807	7.2600982624259	16	miss
#4283C9	3.5321544824767	3.94747589094163	8.27034377803498	7.36066904074109	16	hit
#0D3A6B	9.57643428422159	10.383650329191	9.10064236736705	8.51038627316396	16	miss
#4283C9	6.3036622488919	6.74013843666284	3.9851017742594	4.88481758356195	16	hit
#4283C9	9.2804288935819	9.8279662684566	2.17883874812462	3.01561997587494	16	hit
#0D3A6B	2.60703855286875	3.45087224059215	6.5044373051276	7.04104210147508	16	miss
#4283C9	9.44935387730299	9.53784942362757	0.0981682768099013	1.09424484930858	16	hit
#0D3A6B	1.55412322966159	2.41261090958714	6.08072931160134	6.59356349865991	16	miss
#4283C9	5.34235492980771	5.87123260201223	8.01566518368147	7.16696711732127	16	hit
#0D3A6B	5.60227136947534	6.59503487050214	6.36241008643778	6.4824960182908	16	miss
#0D3A6B	9.15462976355966	10.012921690597	0.578606023518125	0.0654442868477303	16	miss
#0D3A6B	8.97952352212304	9.85291770166224	4.2506617383795	4.73767570855598	16	miss
#0D3A6B	1.56233441917788	2.41683233627487	1.50054211754189	0.981087297873333	17	miss
#4283C9	5.25061492577388	5.8520913147162	8.24592171004299	7.44703113333996	17	hit
#4283C9	-0.0334661034170937	0.383092276682372	7.12091416275359	8.03002313090258	17	hit
#4283C9	3.00850058585024	3.49494731374466	2.08223467700742	1.20852443847246	17	hit
#0D3A6B	1.86923610317457	2.83261098627996	7.52825648922807	7.2600982624259	17	miss
#4283C9	3.5321544824767	3.94747589094163	8.27034377803498	7.36066904074109	17	hit
#0D3A6B	9.57643428422159	10.383650329191	9.10064236736705	8.51038627316396	17	miss
#4283C9	6.3036622488919	6.74013843666284	3.9851017742594	4.88481758356195	17	hit
#4283C9	9.2804288935819	9.8279662684566	2.17883874812462	3.01561997587494	17	hit
#0D3A6B	2.60703855286875	3.45087224059215	6.5044373051276	7.04104210147508	17	miss
#4283C9	9.44935387730299	9.53784942362757	0.0981682768099013	1.09424484930858	17	hit
#0D3A6B	1.55412322966159	2.41261090958714	6.08072931160134	6.59356349865991	17	miss
#4283C9	5.34235492980771	5.87123260201223	8.01566518368147	7.16696711732127	17	hit
#0D3A6B	5.60227136947534	6.59503487050214	6.36241008643778	6.4824960182908	17	miss
#0D3A6B	9.15462976355966	10.012921690597	0.578606023518125	0.0654442868477303	17	miss
#0D3A6B	8.97952352212304	9.85291770166224	4.2506617383795	4.73767570855598	17	miss
#0D3A6B	9.52903699039218	10.1819635377944	1.23539832378641	1.99281955645516	17	miss
#0D3A6B	1.56233441917788	2.41683233627487	1.50054211754189	0.981087297873333	18	miss
#4283C9	5.25061492577388	5.8520913147162	8.24592171004299	7.44703113333996	18	hit
#4283C9	-0.0334661034170937	0.383092276682372	7.12091416275359	8.03002313090258	18	hit
#4283C9	3.00850058585024	3.49494731374466	2.08223467700742	1.20852443847246	18	hit
#0D3A6B	1.86923610317457	2.83261098627996	7.52825648922807	7.2600982624259	18	miss
#4283C9	3.5321544824767	3.94747589094163	8.27034377803498	7.36066904074109	18	hit
#0D3A6B	9.57643428422159	10.383650329191	9.10064236736705	8.51038627316396	18	miss
#4283C9	6.3036622488919	6.74013843666284	3.9851017742594	4.88481758356195	18	hit
#4283C9	9.2804288935819	9.8279662684566	2.17883874812462	3.01561997587494	18	hit
#0D3A6B	2.60703855286875	3.45087224059215	6.5044373051276	7.04104210147508	18	miss
#4283C9	9.44935387730299	9.53784942362757	0.0981682768099013	1.09424484930858	18	hit
#0D3A6B	1.55412322966159	2.41261090958714	6.08072931160134	6.59356349865991	18	miss
#4283C9	5.34235492980771	5.87123260201223	8.01566518368147	7.16696711732127	18	hit
#0D3A6B	5.60227136947534	6.59503487050214	6.36241008643778	6.4824960182908	18	miss
#0D3A6B	9.15462976355966	10.012921690597	0.578606023518125	0.0654442868477303	18	miss
#0D3A6B	8.97952352212304	9.85291770166224	4.2506617383795	4.73767570855598	18	miss
#0D3A6B	9.52903699039218	10.1819635377944	1.23539832378641	1.99281955645516	18	miss
#4283C9	3.16899323151594	3.73038952923233	4.58675464203957	5.41430173853036	18	hit
#0D3A6B	1.56233441917788	2.41683233627487	1.50054211754189	0.981087297873333	19	miss
#4283C9	5.25061492577388	5.8520913147162	8.24592171004299	7.44703113333996	19	hit
#4283C9	-0.0334661034170937	0.383092276682372	7.12091416275359	8.03002313090258	19	hit
#4283C9	3.00850058585024	3.49494731374466	2.08223467700742	1.20852443847246	19	hit
#0D3A6B	1.86923610317457	2.83261098627996	7.52825648922807	7.2600982624259	19	miss
#4283C9	3.5321544824767	3.94747589094163	8.27034377803498	7.36066904074109	19	hit
#0D3A6B	9.57643428422159	10.383650329191	9.10064236736705	8.51038627316396	19	miss
#4283C9	6.3036622488919	6.74013843666284	3.9851017742594	4.88481758356195	19	hit
#4283C9	9.2804288935819	9.8279662684566	2.17883874812462	3.01561997587494	19	hit
#0D3A6B	2.60703855286875	3.45087224059215	6.5044373051276	7.04104210147508	19	miss
#4283C9	9.44935387730299	9.53784942362757	0.0981682768099013	1.09424484930858	19	hit
#0D3A6B	1.55412322966159	2.41261090958714	6.08072931160134	6.59356349865991	19	miss
#4283C9	5.34235492980771	5.87123260201223	8.01566518368147	7.16696711732127	19	hit
#0D3A6B	5.60227136947534	6.59503487050214	6.36241008643778	6.4824960182908	19	miss
#0D3A6B	9.15462976355966	10.012921690597	0.578606023518125	0.0654442868477303	19	miss
#0D3A6B	8.97952352212304	9.85291770166224	4.2506617383795	4.73767570855598	19	miss
#0D3A6B	9.52903699039218	10.1819635377944	1.23539832378641	1.99281955645516	19	miss
#4283C9	3.16899323151594	3.73038952923233	4.58675464203957	5.41430173853036	19	hit
#0D3A6B	6.3896034786043	7.15704992995287	1.3440067032834	1.98511975440035	19	miss
#0D3A6B	1.56233441917788	2.41683233627487	1.50054211754189	0.981087297873333	20	miss
#4283C9	5.25061492577388	5.8520913147162	8.24592171004299	7.44703113333996	20	hit
#4283C9	-0.0334661034170937	0.383092276682372	7.12091416275359	8.03002313090258	20	hit
#4283C9	3.00850058585024	3.49494731374466	2.08223467700742	1.20852443847246	20	hit
#0D3A6B	1.86923610317457	2.83261098627996	7.52825648922807	7.2600982624259	20	miss
#4283C9	3.5321544824767	3.94747589094163	8.27034377803498	7.36066904074109	20	hit
#0D3A6B	9.57643428422159	10.383650329191	9.10064236736705	8.51038627316396	20	miss
#4283C9	6.3036622488919	6.74013843666284	3.9851017742594	4.88481758356195	20	hit
#4283C9	9.2804288935819	9.8279662684566	2.17883874812462	3.01561997587494	20	hit
#0D3A6B	2.60703855286875	3.45087224059215	6.5044373051276	7.04104210147508	20	miss
#4283C9	9.44935387730299	9.53784942362757	0.0981682768099013	1.09424484930858	20	hit
#0D3A6B	1.55412322966159	2.41261090958714	6.08072931160134	6.59356349865991	20	miss
#4283C9	5.34235492980771	5.87123260201223	8.01566518368147	7.16696711732127	20	hit
#0D3A6B	5.60227136947534	6.59503487050214	6.36241008643778	6.4824960182908	20	miss
#0D3A6B	9.15462976355966	10.012921690597	0.578606023518125	0.0654442868477303	20	miss
#0D3A6B	8.97952352212304	9.85291770166224	4.2506617383795	4.73767570855598	20	miss
#0D3A6B	9.52903699039218	10.1819635377944	1.23539832378641	1.99281955645516	20	miss
#4283C9	3.16899323151594	3.73038952923233	4.58675464203957	5.41430173853036	20	hit
#0D3A6B	6.3896034786043	7.15704992995287	1.3440067032834	1.98511975440035	20	miss
#0D3A6B	6.48673560134627	7.26482273880831	7.27727289336577	6.64911653821513	20	miss
#0D3A6B	1.56233441917788	2.41683233627487	1.50054211754189	0.981087297873333	21	miss
#4283C9	5.25061492577388	5.8520913147162	8.24592171004299	7.44703113333996	21	hit
#4283C9	-0.0334661034170937	0.383092276682372	7.12091416275359	8.03002313090258	21	hit
#4283C9	3.00850058585024	3.49494731374466	2.08223467700742	1.20852443847246	21	hit
#0D3A6B	1.86923610317457	2.83261098627996	7.52825648922807	7.2600982624259	21	miss
#4283C9	3.5321544824767	3.94747589094163	8.27034377803498	7.36066904074109	21	hit
#0D3A6B	9.57643428422159	10.383650329191	9.10064236736705	8.51038627316396	21	miss
#4283C9	6.3036622488919	6.74013843666284	3.9851017742594	4.88481758356195	21	hit
#4283C9	9.2804288935819	9.8279662684566	2.17883874812462	3.01561997587494	21	hit
#0D3A6B	2.60703855286875	3.45087224059215	6.5044373051276	7.04104210147508	21	miss
#4283C9	9.44935387730299	9.53784942362757	0.0981682768099013	1.09424484930858	21	hit
#0D3A6B	1.55412322966159	2.41261090958714	6.08072931160134	6.59356349865991	21	miss
#4283C9	5.34235492980771	5.87123260201223	8.01566518368147	7.16696711732127	21	hit
#0D3A6B	5.60227136947534	6.59503487050214	6.36241008643778	6.4824960182908	21	miss
#0D3A6B	9.15462976355966	10.012921690597	0.578606023518125	0.0654442868477303	21	miss
#0D3A6B	8.97952352212304	9.85291770166224	4.2506617383795	4.73767570855598	21	miss
#0D3A6B	9.52903699039218	10.1819635377944	1.23539832378641	1.99281955645516	21	miss
#4283C9	3.16899323151594	3.73038952923233	4.58675464203957	5.41430173853036	21	hit
#0D3A6B	6.3896034786043	7.15704992995287	1.3440067032834	1.98511975440035	21	miss
#0D3A6B	6.48673560134627	7.26482273880831	7.27727289336577	6.64911653821513	21	miss
#0D3A6B	6.55191098430765	7.52732879391301	9.57611004416772	9.35574648841343	21	miss
#0D3A6B	1.56233441917788	2.41683233627487	1.50054211754189	0.981087297873333	22	miss
#4283C9	5.25061492577388	5.8520913147162	8.24592171004299	7.44703113333996	22	hit
#4283C9	-0.0334661034170937	0.383092276682372	7.12091416275359	8.03002313090258	22	hit
#4283C9	3.00850058585024	3.49494731374466	2.08223467700742	1.20852443847246	22	hit
#0D3A6B	1.86923610317457	2.83261098627996	7.52825648922807	7.2600982624259	22	miss
#4283C9	3.5321544824767	3.94747589094163	8.27034377803498	7.36066904074109	22	hit
#0D3A6B	9.57643428422159	10.383650329191	9.10064236736705	8.51038627316396	22	miss
#4283C9	6.3036622488919	6.74013843666284	3.9851017742594	4.88481758356195	22	hit
#4283C9	9.2804288935819	9.8279662684566	2.17883874812462	3.01561997587494	22	hit
#0D3A6B	2.60703855286875	3.45087224059215	6.5044373051276	7.04104210147508	22	miss
#4283C9	9.44935387730299	9.53784942362757	0.0981682768099013	1.09424484930858	22	hit
#0D3A6B	1.55412322966159	2.41261090958714	6.08072931160134	6.59356349865991	22	miss
#4283C9	5.34235492980771	5.87123260201223	8.01566518368147	7.16696711732127	22	hit
#0D3A6B	5.60227136947534	6.59503487050214	6.36241008643778	6.4824960182908	22	miss
#0D3A6B	9.15462976355966	10.012921690597	0.578606023518125	0.0654442868477303	22	miss
#0D3A6B	8.97952352212304	9.85291770166224	4.2506617383795	4.73767570855598	22	miss
#0D3A6B	9.52903699039218	10.1819635377944	1.23539832378641	1.99281955645516	22	miss
#4283C9	3.16899323151594	3.73038952923233	4.58675464203957	5.41430173853036	22	hit
#0D3A6B	6.3896034786043	7.15704992995287	1.3440067032834	1.98511975440035	22	miss
#0D3A6B	6.48673560134627	7.26482273880831	7.27727289336577	6.64911653821513	22	miss
#0D3A6B	6.55191098430765	7.52732879391301	9.57611004416772	9.35574648841343	22	miss
#0D3A6B	3.83038989758562	4.18917592590232	6.02705894492586	5.0936391112579	22	miss
#0D3A6B	1.56233441917788	2.41683233627487	1.50054211754189	0.981087297873333	23	miss
#4283C9	5.25061492577388	5.8520913147162	8.24592171004299	7.44703113333996	23	hit
#4283C9	-0.0334661034170937	0.383092276682372	7.12091416275359	8.03002313090258	23	hit
#4283C9	3.00850058585024	3.49494731374466	2.08223467700742	1.20852443847246	23	hit
#0D3A6B	1.86923610317457	2.83261098627996	7.52825648922807	7.2600982624259	23	miss
#4283C9	3.5321544824767	3.94747589094163	8.27034377803498	7.36066904074109	23	hit
#0D3A6B	9.57643428422159	10.383650329191	9.10064236736705	8.51038627316396	23	miss
#4283C9	6.3036622488919	6.74013843666284	3.9851017742594	4.88481758356195	23	hit
#4283C9	9.2804288935819	9.8279662684566	2.17883874812462	3.01561997587494	23	hit
#0D3A6B	2.60703855286875	3.45087224059215	6.5044373051276	7.04104210147508	23	miss
#4283C9	9.44935387730299	9.53784942362757	0.0981682768099013	1.09424484930858	23	hit
#0D3A6B	1.55412322966159	2.41261090958714	6.08072931160134	6.59356349865991	23	miss
#4283C9	5.34235492980771	5.87123260201223	8.01566518368147	7.16696711732127	23	hit
#0D3A6B	5.60227136947534	6.59503487050214	6.36241008643778	6.4824960182908	23	miss
#0D3A6B	9.15462976355966	10.012921690597	0.578606023518125	0.0654442868477303	23	miss
#0D3A6B	8.97952352212304	9.85291770166224	4.2506617383795	4.73767570855598	23	miss
#0D3A6B	9.52903699039218	10.1819635377944	1.23539832378641	1.99281955645516	23	miss
#4283C9	3.16899323151594	3.73038952923233	4.58675464203957	5.41430173853036	23	hit
#0D3A6B	6.3896034786043	7.15704992995287	1.3440067032834	1.98511975440035	23	miss
#0D3A6B	6.48673560134627	7.26482273880831	7.27727289336577	6.64911653821513	23	miss
#0D3A6B	6.55191098430765	7.52732879391301	9.57611004416772	9.35574648841343	23	miss
#0D3A6B	3.83038989758562	4.18917592590232	6.02705894492586	5.0936391112579	23	miss
#0D3A6B	1.87544574184862	2.84297914089117	9.87512158338452	9.62237839012867	23	miss
#0D3A6B	1.56233441917788	2.41683233627487	1.50054211754189	0.981087297873333	24	miss
#4283C9	5.25061492577388	5.8520913147162	8.24592171004299	7.44703113333996	24	hit
#4283C9	-0.0334661034170937	0.383092276682372	7.12091416275359	8.03002313090258	24	hit
#4283C9	3.00850058585024	3.49494731374466	2.08223467700742	1.20852443847246	24	hit
#0D3A6B	1.86923610317457	2.83261098627996	7.52825648922807	7.2600982624259	24	miss
#4283C9	3.5321544824767	3.94747589094163	8.27034377803498	7.36066904074109	24	hit
#0D3A6B	9.57643428422159	10.383650329191	9.10064236736705	8.51038627316396	24	miss
#4283C9	6.3036622488919	6.74013843666284	3.9851017742594	4.88481758356195	24	hit
#4283C9	9.2804288935819	9.8279662684566	2.17883874812462	3.01561997587494	24	hit
#0D3A6B	2.60703855286875	3.45087224059215	6.5044373051276	7.04104210147508	24	miss
#4283C9	9.44935387730299	9.53784942362757	0.0981682768099013	1.09424484930858	24	hit
#0D3A6B	1.55412322966159	2.41261090958714	6.08072931160134	6.59356349865991	24	miss
#4283C9	5.34235492980771	5.87123260201223	8.01566518368147	7.16696711732127	24	hit
#0D3A6B	5.60227136947534	6.59503487050214	6.36241008643778	6.4824960182908	24	miss
#0D3A6B	9.15462976355966	10.012921690597	0.578606023518125	0.0654442868477303	24	miss
#0D3A6B	8.97952352212304	9.85291770166224	4.2506617383795	4.73767570855598	24	miss
#0D3A6B	9.52903699039218	10.1819635377944	1.23539832378641	1.99281955645516	24	miss
#4283C9	3.16899323151594	3.73038952923233	4.58675464203957	5.41430173853036	24	hit
#0D3A6B	6.3896034786043	7.15704992995287	1.3440067032834	1.98511975440035	24	miss
#0D3A6B	6.48673560134627	7.26482273880831	7.27727289336577	6.64911653821513	24	miss
#0D3A6B	6.55191098430765	7.52732879391301	9.57611004416772	9.35574648841343	24	miss
#0D3A6B	3.83038989758562	4.18917592590232	6.02705894492586	5.0936391112579	24	miss
#0D3A6B	1.87544574184862	2.84297914089117	9.87512158338452	9.62237839012867	24	miss
#4283C9	1.00202896261842	1.64385205039501	8.16585612911401	7.3990033896673	24	hit
#0D3A6B	1.56233441917788	2.41683233627487	1.50054211754189	0.981087297873333	25	miss
#4283C9	5.25061492577388	5.8520913147162	8.24592171004299	7.44703113333996	25	hit
#4283C9	-0.0334661034170937	0.383092276682372	7.12091416275359	8.03002313090258	25	hit
#4283C9	3.00850058585024	3.49494731374466	2.08223467700742	1.20852443847246	25	hit
#0D3A6B	1.86923610317457	2.83261098627996	7.52825648922807	7.2600982624259	25	miss
#4283C9	3.5321544824767	3.94747589094163	8.27034377803498	7.36066904074109	25	hit
#0D3A6B	9.57643428422159	10.383650329191	9.10064236736705	8.51038627316396	25	miss
#4283C9	6.3036622488919	6.74013843666284	3.9851017742594	4.88481758356195	25	hit
#4283C9	9.2804288935819	9.8279662684566	2.17883874812462	3.01561997587494	25	hit
#0D3A6B	2.60703855286875	3.45087224059215	6.5044373051276	7.04104210147508	25	miss
#4283C9	9.44935387730299	9.53784942362757	0.0981682768099013	1.09424484930858	25	hit
#0D3A6B	1.55412322966159	2.41261090958714	6.08072931160134	6.59356349865991	25	miss
#4283C9	5.34235492980771	5.87123260201223	8.01566518368147	7.16696711732127	25	hit
#0D3A6B	5.60227136947534	6.59503487050214	6.36241008643778	6.4824960182908	25	miss
#0D3A6B	9.15462976355966	10.012921690597	0.578606023518125	0.0654442868477303	25	miss
#0D3A6B	8.97952352212304	9.85291770166224	4.2506617383795	4.73767570855598	25	miss
#0D3A6B	9.52903699039218	10.1819635377944	1.23539832378641	1.99281955645516	25	miss
#4283C9	3.16899323151594	3.73038952923233	4.58675464203957	5.41430173853036	25	hit
#0D3A6B	6.3896034786043	7.15704992995287	1.3440067032834	1.98511975440035	25	miss
#0D3A6B	6.48673560134627	7.26482273880831	7.27727289336577	6.64911653821513	25	miss
#0D3A6B	6.55191098430765	7.52732879391301	9.57611004416772	9.35574648841343	25	miss
#0D3A6B	3.83038989758562	4.18917592590232	6.02705894492586	5.0936391112579	25	miss
#0D3A6B	1.87544574184862	2.84297914089117	9.87512158338452	9.62237839012867	25	miss
#4283C9	1.00202896261842	1.64385205039501	8.16585612911401	7.3990033896673	25	hit
#0D3A6B	3.54427647851181	4.51091394685435	0.622112076092719	0.878260479945482	25	miss
#0D3A6B	1.56233441917788	2.41683233627487	1.50054211754189	0.981087297873333	26	miss
#4283C9	5.25061492577388	5.8520913147162	8.24592171004299	7.44703113333996	26	hit
#4283C9	-0.0334661034170937	0.383092276682372	7.12091416275359	8.03002313090258	26	hit
#4283C9	3.00850058585024	3.49494731374466	2.08223467700742	1.20852443847246	26	hit
#0D3A6B	1.86923610317457	2.83261098627996	7.52825648922807	7.2600982624259	26	miss
#4283C9	3.5321544824767	3.94747589094163	8.27034377803498	7.36066904074109	26	hit
#0D3A6B	9.57643428422159	10.383650329191	9.10064236736705	8.51038627316396	26	miss
#4283C9	6.3036622488919	6.74013843666284	3.9851017742594	4.88481758356195	26	hit
#4283C9	9.2804288935819	9.8279662684566	2.17883874812462	3.01561997587494	26	hit
#0D3A6B	2.60703855286875	3.45087224059215	6.5044373051276	7.04104210147508	26	miss
#4283C9	9.44935387730299	9.53784942362757	0.0981682768099013	1.09424484930858	26	hit
#0D3A6B	1.55412322966159	2.41261090958714	6.08072931160134	6.59356349865991	26	miss
#4283C9	5.34235492980771	5.87123260201223	8.01566518368147	7.16696711732127	26	hit
#0D3A6B	5.60227136947534	6.59503487050214	6.36241008643778	6.4824960182908	26	miss
#0D3A6B	9.15462976355966	10.012921690597	0.578606023518125	0.0654442868477303	26	miss
#0D3A6B	8.97952352212304	9.85291770166224	4.2506617383795	4.73767570855598	26	miss
#0D3A6B	9.52903699039218	10.1819635377944	1.23539832378641	1.99281955645516	26	miss
#4283C9	3.16899323151594	3.73038952923233	4.58675464203957	5.41430173853036	26	hit
#0D3A6B	6.3896034786043	7.15704992995287	1.3440067032834	1.98511975440035	26	miss
#0D3A6B	6.48673560134627	7.26482273880831	7.27727289336577	6.64911653821513	26	miss
#0D3A6B	6.55191098430765	7.52732879391301	9.57611004416772	9.35574648841343	26	miss
#0D3A6B	3.83038989758562	4.18917592590232	6.02705894492586	5.0936391112579	26	miss
#0D3A6B	1.87544574184862	2.84297914089117	9.87512158338452	9.62237839012867	26	miss
#4283C9	1.00202896261842	1.64385205039501	8.16585612911401	7.3990033896673	26	hit
#0D3A6B	3.54427647851181	4.51091394685435	0.622112076092719	0.878260479945482	26	miss
#4283C9	-0.47716274146127	0.521362430752688	7.61426083449807	7.55997013128762	26	hit
#0D3A6B	1.56233441917788	2.41683233627487	1.50054211754189	0.981087297873333	27	miss
#4283C9	5.25061492577388	5.8520913147162	8.24592171004299	7.44703113333996	27	hit
#4283C9	-0.0334661034170937	0.383092276682372	7.12091416275359	8.03002313090258	27	hit
#4283C9	3.00850058585024	3.49494731374466	2.08223467700742	1.20852443847246	27	hit
#0D3A6B	1.86923610317457	2.83261098627996	7.52825648922807	7.2600982624259	27	miss
#4283C9	3.5321544824767	3.94747589094163	8.27034377803498	7.36066904074109	27	hit
#0D3A6B	9.57643428422159	10.383650329191	9.10064236736705	8.51038627316396	27	miss
#4283C9	6.3036622488919	6.74013843666284	3.9851017742594	4.88481758356195	27	hit
#4283C9	9.2804288935819	9.8279662684566	2.17883874812462	3.01561997587494	27	hit
#0D3A6B	2.60703855286875	3.45087224059215	6.5044373051276	7.04104210147508	27	miss
#4283C9	9.44935387730299	9.53784942362757	0.0981682768099013	1.09424484930858	27	hit
#0D3A6B	1.55412322966159	2.41261090958714	6.08072931160134	6.59356349865991	27	miss
#4283C9	5.34235492980771	5.87123260201223	8.01566518368147	7.16696711732127	27	hit
#0D3A6B	5.60227136947534	6.59503487050214	6.36241008643778	6.4824960182908	27	miss
#0D3A6B	9.15462976355966	10.012921690597	0.578606023518125	0.0654442868477303	27	miss
#0D3A6B	8.97952352212304	9.85291770166224	4.2506617383795	4.73767570855598	27	miss
#0D3A6B	9.52903699039218	10.1819635377944	1.23539832378641	1.99281955645516	27	miss
#4283C9	3.16899323151594	3.73038952923233	4.58675464203957	5.41430173853036	27	hit
#0D3A6B	6.3896034786043	7.15704992995287	1.3440067032834	1.98511975440035	27	miss
#0D3A6B	6.48673560134627	7.26482273880831	7.27727289336577	6.64911653821513	27	miss
#0D3A6B	6.55191098430765	7.52732879391301	9.57611004416772	9.35574648841343	27	miss
#0D3A6B	3.83038989758562	4.18917592590232	6.02705894492586	5.0936391112579	27	miss
#0D3A6B	1.87544574184862	2.84297914089117	9.87512158338452	9.62237839012867	27	miss
#4283C9	1.00202896261842	1.64385205039501	8.16585612911401	7.3990033896673	27	hit
#0D3A6B	3.54427647851181	4.51091394685435	0.622112076092719	0.878260479945482	27	miss
#4283C9	-0.47716274146127	0.521362430752688	7.61426083449807	7.55997013128762	27	hit
#4283C9	3.53153431615068	3.75141925351488	8.89208384891069	7.91655803463393	27	hit
#0D3A6B	1.56233441917788	2.41683233627487	1.50054211754189	0.981087297873333	28	miss
#4283C9	5.25061492577388	5.8520913147162	8.24592171004299	7.44703113333996	28	hit
#4283C9	-0.0334661034170937	0.383092276682372	7.12091416275359	8.03002313090258	28	hit
#4283C9	3.00850058585024	3.49494731374466	2.08223467700742	1.20852443847246	28	hit
#0D3A6B	1.86923610317457	2.83261098627996	7.52825648922807	7.2600982624259	28	miss
#4283C9	3.5321544824767	3.94747589094163	8.27034377803498	7.36066904074109	28	hit
#0D3A6B	9.57643428422159	10.383650329191	9.10064236736705	8.51038627316396	28	miss
#4283C9	6.3036622488919	6.74013843666284	3.9851017742594	4.88481758356195	28	hit
#4283C9	9.2804288935819	9.8279662684566	2.17883874812462	3.01561997587494	28	hit
#0D3A6B	2.60703855286875	3.45087224059215	6.5044373051276	7.04104210147508	28	miss
#4283C9	9.44935387730299	9.53784942362757	0.0981682768099013	1.09424484930858	28	hit
#0D3A6B	1.55412322966159	2.41261090958714	6.08072931160134	6.59356349865991	28	miss
#4283C9	5.34235492980771	5.87123260201223	8.01566518368147	7.16696711732127	28	hit
#0D3A6B	5.60227136947534	6.59503487050214	6.36241008643778	6.4824960182908	28	miss
#0D3A6B	9.15462976355966	10.012921690597	0.578606023518125	0.0654442868477303	28	miss
#0D3A6B	8.97952352212304	9.85291770166224	4.2506617383795	4.73767570855598	28	miss
#0D3A6B	9.52903699039218	10.1819635377944	1.23539832378641	1.99281955645516	28	miss
#4283C9	3.16899323151594	3.73038952923233	4.58675464203957	5.41430173853036	28	hit
#0D3A6B	6.3896034786043	7.15704992995287	1.3440067032834	1.98511975440035	28	miss
#0D3A6B	6.48673560134627	7.26482273880831	7.27727289336577	6.64911653821513	28	miss
#0D3A6B	6.55191098430765	7.52732879391301	9.57611004416772	9.35574648841343	28	miss
#0D3A6B	3.83038989758562	4.18917592590232	6.02705894492586	5.0936391112579	28	miss
#0D3A6B	1.87544574184862	2.84297914089117	9.87512158338452	9.62237839012867	28	miss
#4283C9	1.00202896261842	1.64385205039501	8.16585612911401	7.3990033896673	28	hit
#0D3A6B	3.54427647851181	4.51091394685435	0.622112076092719	0.878260479945482	28	miss
#4283C9	-0.47716274146127	0.521362430752688	7.61426083449807	7.55997013128762	28	hit
#4283C9	3.53153431615068	3.75141925351488	8.89208384891069	7.91655803463393	28	hit
#4283C9	7.60669511294966	7.74489198793615	6.90025225632574	5.90984747859899	28	hit
#0D3A6B	1.56233441917788	2.41683233627487	1.50054211754189	0.981087297873333	29	miss
#4283C9	5.25061492577388	5.8520913147162	8.24592171004299	7.44703113333996	29	hit
#4283C9	-0.0334661034170937	0.383092276682372	7.12091416275359	8.03002313090258	29	hit
#4283C9	3.00850058585024	3.49494731374466	2.08223467700742	1.20852443847246	29	hit
#0D3A6B	1.86923610317457	2.83261098627996	7.52825648922807	7.2600982624259	29	miss
#4283C9	3.5321544824767	3.94747589094163	8.27034377803498	7.36066904074109	29	hit
#0D3A6B	9.57643428422159	10.383650329191	9.10064236736705	8.51038627316396	29	miss
#4283C9	6.3036622488919	6.74013843666284	3.9851017742594	4.88481758356195	29	hit
#4283C9	9.2804288935819	9.8279662684566	2.17883874812462	3.01561997587494	29	hit
#0D3A6B	2.60703855286875	3.45087224059215	6.5044373051276	7.04104210147508	29	miss
#4283C9	9.44935387730299	9.53784942362757	0.0981682768099013	1.09424484930858	29	hit
#0D3A6B	1.55412322966159	2.41261090958714	6.08072931160134	6.59356349865991	29	miss
#4283C9	5.34235492980771	5.87123260201223	8.01566518368147	7.16696711732127	29	hit
#0D3A6B	5.60227136947534	6.59503487050214	6.36241008643778	6.4824960182908	29	miss
#0D3A6B	9.15462976355966	10.012921690597	0.578606023518125	0.0654442868477303	29	miss
#0D3A6B	8.97952352212304	9.85291770166224	4.2506617383795	4.73767570855598	29	miss
#0D3A6B	9.52903699039218	10.1819635377944	1.23539832378641	1.99281955645516	29	miss
#4283C9	3.16899323151594	3.73038952923233	4.58675464203957	5.41430173853036	29	hit
#0D3A6B	6.3896034786043	7.15704992995287	1.3440067032834	1.98511975440035	29	miss
#0D3A6B	6.48673560134627	7.26482273880831	7.27727289336577	6.64911653821513	29	miss
#0D3A6B	6.55191098430765	7.52732879391301	9.57611004416772	9.35574648841343	29	miss
#0D3A6B	3.83038989758562	4.18917592590232	6.02705894492586	5.0936391112579	29	miss
#0D3A6B	1.87544574184862	2.84297914089117	9.87512158338452	9.62237839012867	29	miss
#4283C9	1.00202896261842	1.64385205039501	8.16585612911401	7.3990033896673	29	hit
#0D3A6B	3.54427647851181	4.51091394685435	0.622112076092719	0.878260479945482	29	miss
#4283C9	-0.47716274146127	0.521362430752688	7.61426083449807	7.55997013128762	29	hit
#4283C9	3.53153431615068	3.75141925351488	8.89208384891069	7.91655803463393	29	hit
#4283C9	7.60669511294966	7.74489198793615	6.90025225632574	5.90984747859899	29	hit
#0D3A6B	4.37553458319724	5.11096485020846	2.12241163268225	1.44481121771498	29	miss
#0D3A6B	1.56233441917788	2.41683233627487	1.50054211754189	0.981087297873333	30	miss
#4283C9	5.25061492577388	5.8520913147162	8.24592171004299	7.44703113333996	30	hit
#4283C9	-0.0334661034170937	0.383092276682372	7.12091416275359	8.03002313090258	30	hit
#4283C9	3.00850058585024	3.49494731374466	2.08223467700742	1.20852443847246	30	hit
#0D3A6B	1.86923610317457	2.83261098627996	7.52825648922807	7.2600982624259	30	miss
#4283C9	3.5321544824767	3.94747589094163	8.27034377803498	7.36066904074109	30	hit
#0D3A6B	9.57643428422159	10.383650329191	9.10064236736705	8.51038627316396	30	miss
#4283C9	6.3036622488919	6.74013843666284	3.9851017742594	4.88481758356195	30	hit
#4283C9	9.2804288935819	9.8279662684566	2.17883874812462	3.01561997587494	30	hit
#0D3A6B	2.60703855286875	3.45087224059215	6.5044373051276	7.04104210147508	30	miss
#4283C9	9.44935387730299	9.53784942362757	0.0981682768099013	1.09424484930858	30	hit
#0D3A6B	1.55412322966159	2.41261090958714	6.08072931160134	6.59356349865991	30	miss
#4283C9	5.34235492980771	5.87123260201223	8.01566518368147	7.16696711732127	30	hit
#0D3A6B	5.60227136947534	6.59503487050214	6.36241008643778	6.4824960182908	30	miss
#0D3A6B	9.15462976355966	10.012921690597	0.578606023518125	0.0654442868477303	30	miss
#0D3A6B	8.97952352212304	9.85291770166224	4.2506617383795	4.73767570855598	30	miss
#0D3A6B	9.52903699039218	10.1819635377944	1.23539832378641	1.99281955645516	30	miss
#4283C9	3.16899323151594	3.73038952923233	4.58675464203957	5.41430173853036	30	hit
#0D3A6B	6.3896034786043	7.15704992995287	1.3440067032834	1.98511975440035	30	miss
#0D3A6B	6.48673560134627	7.26482273880831	7.27727289336577	6.64911653821513	30	miss
#0D3A6B	6.55191098430765	7.52732879391301	9.57611004416772	9.35574648841343	30	miss
#0D3A6B	3.83038989758562	4.18917592590232	6.02705894492586	5.0936391112579	30	miss
#0D3A6B	1.87544574184862	2.84297914089117	9.87512158338452	9.62237839012867	30	miss
#4283C9	1.00202896261842	1.64385205039501	8.16585612911401	7.3990033896673	30	hit
#0D3A6B	3.54427647851181	4.51091394685435	0.622112076092719	0.878260479945482	30	miss
#4283C9	-0.47716274146127	0.521362430752688	7.61426083449807	7.55997013128762	30	hit
#4283C9	3.53153431615068	3.75141925351488	8.89208384891069	7.91655803463393	30	hit
#4283C9	7.60669511294966	7.74489198793615	6.90025225632574	5.90984747859899	30	hit
#0D3A6B	4.37553458319724	5.11096485020846	2.12241163268225	1.44481121771498	30	miss
#4283C9	2.52590405932183	2.77753971339648	9.69346210853625	8.72564007035029	30	hit
#0D3A6B	1.56233441917788	2.41683233627487	1.50054211754189	0.981087297873333	31	miss
#4283C9	5.25061492577388	5.8520913147162	8.24592171004299	7.44703113333996	31	hit
#4283C9	-0.0334661034170937	0.383092276682372	7.12091416275359	8.03002313090258	31	hit
#4283C9	3.00850058585024	3.49494731374466	2.08223467700742	1.20852443847246	31	hit
#0D3A6B	1.86923610317457	2.83261098627996	7.52825648922807	7.2600982624259	31	miss
#4283C9	3.5321544824767	3.94747589094163	8.27034377803498	7.36066904074109	31	hit
#0D3A6B	9.57643428422159	10.383650329191	9.10064236736705	8.51038627316396	31	miss
#4283C9	6.3036622488919	6.74013843666284	3.9851017742594	4.88481758356195	31	hit
#4283C9	9.2804288935819	9.8279662684566	2.17883874812462	3.01561997587494	31	hit
#0D3A6B	2.60703855286875	3.45087224059215	6.5044373051276	7.04104210147508	31	miss
#4283C9	9.44935387730299	9.53784942362757	0.0981682768099013	1.09424484930858	31	hit
#0D3A6B	1.55412322966159	2.41261090958714	6.08072931160134	6.59356349865991	31	miss
#4283C9	5.34235492980771	5.87123260201223	8.01566518368147	7.16696711732127	31	hit
#0D3A6B	5.60227136947534	6.59503487050214	6.36241008643778	6.4824960182908	31	miss
#0D3A6B	9.15462976355966	10.012921690597	0.578606023518125	0.0654442868477303	31	miss
#0D3A6B	8.97952352212304	9.85291770166224	4.2506617383795	4.73767570855598	31	miss
#0D3A6B	9.52903699039218	10.1819635377944	1.23539832378641	1.99281955645516	31	miss
#4283C9	3.16899323151594	3.73038952923233	4.58675464203957	5.41430173853036	31	hit
#0D3A6B	6.3896034786043	7.15704992995287	1.3440067032834	1.98511975440035	31	miss
#0D3A6B	6.48673560134627	7.26482273880831	7.27727289336577	6.64911653821513	31	miss
#0D3A6B	6.55191098430765	7.52732879391301	9.57611004416772	9.35574648841343	31	miss
#0D3A6B	3.83038989758562	4.18917592590232	6.02705894492586	5.0936391112579	31	miss
#0D3A6B	1.87544574184862	2.84297914089117	9.87512158338452	9.62237839012867	31	miss
#4283C9	1.00202896261842	1.64385205039501	8.16585612911401	7.3990033896673	31	hit
#0D3A6B	3.54427647851181	4.51091394685435	0.622112076092719	0.878260479945482	31	miss
#4283C9	-0.47716274146127	0.521362430752688	7.61426083449807	7.55997013128762	31	hit
#4283C9	3.53153431615068	3.75141925351488	8.89208384891069	7.91655803463393	31	hit
#4283C9	7.60669511294966	7.74489198793615	6.90025225632574	5.90984747859899	31	hit
#0D3A6B	4.37553458319724	5.11096485020846	2.12241163268225	1.44481121771498	31	miss
#4283C9	2.52590405932183	2.77753971339648	9.69346210853625	8.72564007035029	31	hit
#0D3A6B	4.88137405984843	5.16248886785662	3.20361729803244	2.24394315296104	31	miss
#0D3A6B	1.56233441917788	2.41683233627487	1.50054211754189	0.981087297873333	32	miss
#4283C9	5.25061492577388	5.8520913147162	8.24592171004299	7.44703113333996	32	hit
#4283C9	-0.0334661034170937	0.383092276682372	7.12091416275359	8.03002313090258	32	hit
#4283C9	3.00850058585024	3.49494731374466	2.08223467700742	1.20852443847246	32	hit
#0D3A6B	1.86923610317457	2.83261098627996	7.52825648922807	7.2600982624259	32	miss
#4283C9	3.5321544824767	3.94747589094163	8.27034377803498	7.36066904074109	32	hit
#0D3A6B	9.57643428422159	10.383650329191	9.10064236736705	8.51038627316396	32	miss
#4283C9	6.3036622488919	6.74013843666284	3.9851017742594	4.88481758356195	32	hit
#4283C9	9.2804288935819	9.8279662684566	2.17883874812462	3.01561997587494	32	hit
#0D3A6B	2.60703855286875	3.45087224059215	6.5044373051276	7.04104210147508	32	miss
#4283C9	9.44935387730299	9.53784942362757	0.0981682768099013	1.09424484930858	32	hit
#0D3A6B	1.55412322966159	2.41261090958714	6.08072931160134	6.59356349865991	32	miss
#4283C9	5.34235492980771	5.87123260201223	8.01566518368147	7.16696711732127	32	hit
#0D3A6B	5.60227136947534	6.59503487050214	6.36241008643778	6.4824960182908	32	miss
#0D3A6B	9.15462976355966	10.012921690597	0.578606023518125	0.0654442868477303	32	miss
#0D3A6B	8.97952352212304	9.85291770166224	4.2506617383795	4.73767570855598	32	miss
#0D3A6B	9.52903699039218	10.1819635377944	1.23539832378641	1.99281955645516	32	miss
#4283C9	3.16899323151594	3.73038952923233	4.58675464203957	5.41430173853036	32	hit
#0D3A6B	6.3896034786043	7.15704992995287	1.3440067032834	1.98511975440035	32	miss
#0D3A6B	6.48673560134627	7.26482273880831	7.27727289336577	6.64911653821513	32	miss
#0D3A6B	6.55191098430765	7.52732879391301	9.57611004416772	9.35574648841343	32	miss
#0D3A6B	3.83038989758562	4.18917592590232	6.02705894492586	5.0936391112579	32	miss
#0D3A6B	1.87544574184862	2.84297914089117	9.87512158338452	9.62237839012867	32	miss
#4283C9	1.00202896261842	1.64385205039501	8.16585612911401	7.3990033896673	32	hit
#0D3A6B	3.54427647851181	4.51091394685435	0.622112076092719	0.878260479945482	32	miss
#4283C9	-0.47716274146127	0.521362430752688	7.61426083449807	7.55997013128762	32	hit
#4283C9	3.53153431615068	3.75141925351488	8.89208384891069	7.91655803463393	32	hit
#4283C9	7.60669511294966	7.74489198793615	6.90025225632574	5.90984747859899	32	hit
#0D3A6B	4.37553458319724	5.11096485020846	2.12241163268225	1.44481121771498	32	miss
#4283C9	2.52590405932183	2.77753971339648	9.69346210853625	8.72564007035029	32	hit
#0D3A6B	4.88137405984843	5.16248886785662	3.20361729803244	2.24394315296104	32	miss
#0D3A6B	4.83008491479837	5.75934810425109	0.405771307982044	0.0363529479508236	32	miss
#0D3A6B	1.56233441917788	2.41683233627487	1.50054211754189	0.981087297873333	33	miss
#4283C9	5.25061492577388	5.8520913147162	8.24592171004299	7.44703113333996	33	hit
#4283C9	-0.0334661034170937	0.383092276682372	7.12091416275359	8.03002313090258	33	hit
#4283C9	3.00850058585024	3.49494731374466	2.08223467700742	1.20852443847246	33	hit
#0D3A6B	1.86923610317457	2.83261098627996	7.52825648922807	7.2600982624259	33	miss
#4283C9	3.5321544824767	3.94747589094163	8.27034377803498	7.36066904074109	33	hit
#0D3A6B	9.57643428422159	10.383650329191	9.10064236736705	8.51038627316396	33	miss
#4283C9	6.3036622488919	6.74013843666284	3.9851017742594	4.88481758356195	33	hit
#4283C9	9.2804288935819	9.8279662684566	2.17883874812462	3.01561997587494	33	hit
#0D3A6B	2.60703855286875	3.45087224059215	6.5044373051276	7.04104210147508	33	miss
#4283C9	9.44935387730299	9.53784942362757	0.0981682768099013	1.09424484930858	33	hit
#0D3A6B	1.55412322966159	2.41261090958714	6.08072931160134	6.59356349865991	33	miss
#4283C9	5.34235492980771	5.87123260201223	8.01566518368147	7.16696711732127	33	hit
#0D3A6B	5.60227136947534	6.59503487050214	6.36241008643778	6.4824960182908	33	miss
#0D3A6B	9.15462976355966	10.012921690597	0.578606023518125	0.0654442868477303	33	miss
#0D3A6B	8.97952352212304	9.85291770166224	4.2506617383795	4.73767570855598	33	miss
#0D3A6B	9.52903699039218	10.1819635377944	1.23539832378641	1.99281955645516	33	miss
#4283C9	3.16899323151594	3.73038952923233	4.58675464203957	5.41430173853036	33	hit
#0D3A6B	6.3896034786043	7.15704992995287	1.3440067032834	1.98511975440035	33	miss
#0D3A6B	6.48673560134627	7.26482273880831	7.27727289336577	6.64911653821513	33	miss
#0D3A6B	6.55191098430765	7.52732879391301	9.57611004416772	9.35574648841343	33	miss
#0D3A6B	3.83038989758562	4.18917592590232	6.02705894492586	5.0936391112579	33	miss
#0D3A6B	1.87544574184862	2.84297914089117	9.87512158338452	9.62237839012867	33	miss
#4283C9	1.00202896261842	1.64385205039501	8.16585612911401	7.3990033896673	33	hit
#0D3A6B	3.54427647851181	4.51091394685435	0.622112076092719	0.878260479945482	33	miss
#4283C9	-0.47716274146127	0.521362430752688	7.61426083449807	7.55997013128762	33	hit
#4283C9	3.53153431615068	3.75141925351488	8.89208384891069	7.91655803463393	33	hit
#4283C9	7.60669511294966	7.74489198793615	6.90025225632574	5.90984747859899	33	hit
#0D3A6B	4.37553458319724	5.11096485020846	2.12241163268225	1.44481121771498	33	miss
#4283C9	2.52590405932183	2.77753971339648	9.69346210853625	8.72564007035029	33	hit
#0D3A6B	4.88137405984843	5.16248886785662	3.20361729803244	2.24394315296104	33	miss
#0D3A6B	4.83008491479837	5.75934810425109	0.405771307982044	0.0363529479508236	33	miss
#4283C9	-0.265025033435332	0.720434587268637	2.05932464898631	2.22923443670317	33	hit
#0D3A6B	1.56233441917788	2.41683233627487	1.50054211754189	0.981087297873333	34	miss
#4283C9	5.25061492577388	5.8520913147162	8.24592171004299	7.44703113333996	34	hit
#4283C9	-0.0334661034170937	0.383092276682372	7.12091416275359	8.03002313090258	34	hit
#4283C9	3.00850058585024	3.49494731374466	2.08223467700742	1.20852443847246	34	hit
#0D3A6B	1.86923610317457	2.83261098627996	7.52825648922807	7.2600982624259	34	miss
#4283C9	3.5321544824767	3.94747589094163	8.27034377803498	7.36066904074109	34	hit
#0D3A6B	9.57643428422159	10.383650329191	9.10064236736705	8.51038627316396	34	miss
#4283C9	6.3036622488919	6.74013843666284	3.9851017742594	4.88481758356195	34	hit
#4283C9	9.2804288935819	9.8279662684566	2.17883874812462	3.01561997587494	34	hit
#0D3A6B	2.60703855286875	3.45087224059215	6.5044373051276	7.04104210147508	34	miss
#4283C9	9.44935387730299	9.53784942362757	0.0981682768099013	1.09424484930858	34	hit
#0D3A6B	1.55412322966159	2.41261090958714	6.08072931160134	6.59356349865991	34	miss
#4283C9	5.34235492980771	5.87123260201223	8.01566518368147	7.16696711732127	34	hit
#0D3A6B	5.60227136947534	6.59503487050214	6.36241008643778	6.4824960182908	34	miss
#0D3A6B	9.15462976355966	10.012921690597	0.578606023518125	0.0654442868477303	34	miss
#0D3A6B	8.97952352212304	9.85291770166224	4.2506617383795	4.73767570855598	34	miss
#0D3A6B	9.52903699039218	10.1819635377944	1.23539832378641	1.99281955645516	34	miss
#4283C9	3.16899323151594	3.73038952923233	4.58675464203957	5.41430173853036	34	hit
#0D3A6B	6.3896034786043	7.15704992995287	1.3440067032834	1.98511975440035	34	miss
#0D3A6B	6.48673560134627	7.26482273880831	7.27727289336577	6.64911653821513	34	miss
#0D3A6B	6.55191098430765	7.52732879391301	9.57611004416772	9.35574648841343	34	miss
#0D3A6B	3.83038989758562	4.18917592590232	6.02705894492586	5.0936391112579	34	miss
#0D3A6B	1.87544574184862	2.84297914089117	9.87512158338452	9.62237839012867	34	miss
#4283C9	1.00202896261842	1.64385205039501	8.16585612911401	7.3990033896673	34	hit
#0D3A6B	3.54427647851181	4.51091394685435	0.622112076092719	0.878260479945482	34	miss
#4283C9	-0.47716274146127	0.521362430752688	7.61426083449807	7.55997013128762	34	hit
#4283C9	3.53153431615068	3.75141925351488	8.89208384891069	7.91655803463393	34	hit
#4283C9	7.60669511294966	7.74489198793615	6.90025225632574	5.90984747859899	34	hit
#0D3A6B	4.37553458319724	5.11096485020846	2.12241163268225	1.44481121771498	34	miss
#4283C9	2.52590405932183	2.77753971339648	9.69346210853625	8.72564007035029	34	hit
#0D3A6B	4.88137405984843	5.16248886785662	3.20361729803244	2.24394315296104	34	miss
#0D3A6B	4.83008491479837	5.75934810425109	0.405771307982044	0.0363529479508236	34	miss
#4283C9	-0.265025033435332	0.720434587268637	2.05932464898631	2.22923443670317	34	hit
#0D3A6B	0.974627292723468	1.96008702552963	3.27537898567961	3.44528812321378	34	miss
#0D3A6B	1.56233441917788	2.41683233627487	1.50054211754189	0.981087297873333	35	miss
#4283C9	5.25061492577388	5.8520913147162	8.24592171004299	7.44703113333996	35	hit
#4283C9	-0.0334661034170937	0.383092276682372	7.12091416275359	8.03002313090258	35	hit
#4283C9	3.00850058585024	3.49494731374466	2.08223467700742	1.20852443847246	35	hit
#0D3A6B	1.86923610317457	2.83261098627996	7.52825648922807	7.2600982624259	35	miss
#4283C9	3.5321544824767	3.94747589094163	8.27034377803498	7.36066904074109	35	hit
#0D3A6B	9.57643428422159	10.383650329191	9.10064236736705	8.51038627316396	35	miss
#4283C9	6.3036622488919	6.74013843666284	3.9851017742594	4.88481758356195	35	hit
#4283C9	9.2804288935819	9.8279662684566	2.17883874812462	3.01561997587494	35	hit
#0D3A6B	2.60703855286875	3.45087224059215	6.5044373051276	7.04104210147508	35	miss
#4283C9	9.44935387730299	9.53784942362757	0.0981682768099013	1.09424484930858	35	hit
#0D3A6B	1.55412322966159	2.41261090958714	6.08072931160134	6.59356349865991	35	miss
#4283C9	5.34235492980771	5.87123260201223	8.01566518368147	7.16696711732127	35	hit
#0D3A6B	5.60227136947534	6.59503487050214	6.36241008643778	6.4824960182908	35	miss
#0D3A6B	9.15462976355966	10.012921690597	0.578606023518125	0.0654442868477303	35	miss
#0D3A6B	8.97952352212304	9.85291770166224	4.2506617383795	4.73767570855598	35	miss
#0D3A6B	9.52903699039218	10.1819635377944	1.23539832378641	1.99281955645516	35	miss
#4283C9	3.16899323151594	3.73038952923233	4.58675464203957	5.41430173853036	35	hit
#0D3A6B	6.3896034786043	7.15704992995287	1.3440067032834	1.98511975440035	35	miss
#0D3A6B	6.48673560134627	7.26482273880831	7.27727289336577	6.64911653821513	35	miss
#0D3A6B	6.55191098430765	7.52732879391301	9.57611004416772	9.35574648841343	35	miss
#0D3A6B	3.83038989758562	4.18917592590232	6.02705894492586	5.0936391112579	35	miss
#0D3A6B	1.87544574184862	2.84297914089117	9.87512158338452	9.62237839012867	35	miss
#4283C9	1.00202896261842	1.64385205039501	8.16585612911401	7.3990033896673	35	hit
#0D3A6B	3.54427647851181	4.51091394685435	0.622112076092719	0.878260479945482	35	miss
#4283C9	-0.47716274146127	0.521362430752688	7.61426083449807	7.55997013128762	35	hit
#4283C9	3.53153431615068	3.75141925351488	8.89208384891069	7.91655803463393	35	hit
#4283C9	7.60669511294966	7.74489198793615	6.90025225632574	5.90984747859899	35	hit
#0D3A6B	4.37553458319724	5.11096485020846	2.12241163268225	1.44481121771498	35	miss
#4283C9	2.52590405932183	2.77753971339648	9.69346210853625	8.72564007035029	35	hit
#0D3A6B	4.88137405984843	5.16248886785662	3.20361729803244	2.24394315296104	35	miss
#0D3A6B	4.83008491479837	5.75934810425109	0.405771307982044	0.0363529479508236	35	miss
#4283C9	-0.265025033435332	0.720434587268637	2.05932464898631	2.22923443670317	35	hit
#0D3A6B	0.974627292723468	1.96008702552963	3.27537898567961	3.44528812321378	35	miss
#0D3A6B	2.23496405172352	3.08105692037191	5.82527980836341	5.29224429582944	35	miss
#0D3A6B	1.56233441917788	2.41683233627487	1.50054211754189	0.981087297873333	36	miss
#4283C9	5.25061492577388	5.8520913147162	8.24592171004299	7.44703113333996	36	hit
#4283C9	-0.0334661034170937	0.383092276682372	7.12091416275359	8.03002313090258	36	hit
#4283C9	3.00850058585024	3.49494731374466	2.08223467700742	1.20852443847246	36	hit
#0D3A6B	1.86923610317457	2.83261098627996	7.52825648922807	7.2600982624259	36	miss
#4283C9	3.5321544824767	3.94747589094163	8.27034377803498	7.36066904074109	36	hit
#0D3A6B	9.57643428422159	10.383650329191	9.10064236736705	8.51038627316396	36	miss
#4283C9	6.3036622488919	6.74013843666284	3.9851017742594	4.88481758356195	36	hit
#4283C9	9.2804288935819	9.8279662684566	2.17883874812462	3.01561997587494	36	hit
#0D3A6B	2.60703855286875	3.45087224059215	6.5044373051276	7.04104210147508	36	miss
#4283C9	9.44935387730299	9.53784942362757	0.0981682768099013	1.09424484930858	36	hit
#0D3A6B	1.55412322966159	2.41261090958714	6.08072931160134	6.59356349865991	36	miss
#4283C9	5.34235492980771	5.87123260201223	8.01566518368147	7.16696711732127	36	hit
#0D3A6B	5.60227136947534	6.59503487050214	6.36241008643778	6.4824960182908	36	miss
#0D3A6B	9.15462976355966	10.012921690597	0.578606023518125	0.0654442868477303	36	miss
#0D3A6B	8.97952352212304	9.85291770166224	4.2506617383795	4.73767570855598	36	miss
#0D3A6B	9.52903699039218	10.1819635377944	1.23539832378641	1.99281955645516	36	miss
#4283C9	3.16899323151594	3.73038952923233	4.58675464203957	5.41430173853036	36	hit
#0D3A6B	6.3896034786043	7.15704992995287	1.3440067032834	1.98511975440035	36	miss
#0D3A6B	6.48673560134627	7.26482273880831	7.27727289336577	6.64911653821513	36	miss
#0D3A6B	6.55191098430765	7.52732879391301	9.57611004416772	9.35574648841343	36	miss
#0D3A6B	3.83038989758562	4.18917592590232	6.02705894492586	5.0936391112579	36	miss
#0D3A6B	1.87544574184862	2.84297914089117	9.87512158338452	9.62237839012867	36	miss
#4283C9	1.00202896261842	1.64385205039501	8.16585612911401	7.3990033896673	36	hit
#0D3A6B	3.54427647851181	4.51091394685435	0.622112076092719	0.878260479945482	36	miss
#4283C9	-0.47716274146127	0.521362430752688	7.61426083449807	7.55997013128762	36	hit
#4283C9	3.53153431615068	3.75141925351488	8.89208384891069	7.91655803463393	36	hit
#4283C9	7.60669511294966	7.74489198793615	6.90025225632574	5.90984747859899	36	hit
#0D3A6B	4.37553458319724	5.11096485020846	2.12241163268225	1.44481121771498	36	miss
#4283C9	2.52590405932183	2.77753971339648	9.69346210853625	8.72564007035029	36	hit
#0D3A6B	4.88137405984843	5.16248886785662	3.20361729803244	2.24394315296104	36	miss
#0D3A6B	4.83008491479837	5.75934810425109	0.405771307982044	0.0363529479508236	36	miss
#4283C9	-0.265025033435332	0.720434587268637	2.05932464898631	2.22923443670317	36	hit
#0D3A6B	0.974627292723468	1.96008702552963	3.27537898567961	3.44528812321378	36	miss
#0D3A6B	2.23496405172352	3.08105692037191	5.82527980836341	5.29224429582944	36	miss
#0D3A6B	1.23256535299137	2.18990287248031	7.9709987427357	7.68202664411931	36	miss
#0D3A6B	1.56233441917788	2.41683233627487	1.50054211754189	0.981087297873333	37	miss
#4283C9	5.25061492577388	5.8520913147162	8.24592171004299	7.44703113333996	37	hit
#4283C9	-0.0334661034170937	0.383092276682372	7.12091416275359	8.03002313090258	37	hit
#4283C9	3.00850058585024	3.49494731374466	2.08223467700742	1.20852443847246	37	hit
#0D3A6B	1.86923610317457	2.83261098627996	7.52825648922807	7.2600982624259	37	miss
#4283C9	3.5321544824767	3.94747589094163	8.27034377803498	7.36066904074109	37	hit
#0D3A6B	9.57643428422159	10.383650329191	9.10064236736705	8.51038627316396	37	miss
#4283C9	6.3036622488919	6.74013843666284	3.9851017742594	4.88481758356195	37	hit
#4283C9	9.2804288935819	9.8279662684566	2.17883874812462	3.01561997587494	37	hit
#0D3A6B	2.60703855286875	3.45087224059215	6.5044373051276	7.04104210147508	37	miss
#4283C9	9.44935387730299	9.53784942362757	0.0981682768099013	1.09424484930858	37	hit
#0D3A6B	1.55412322966159	2.41261090958714	6.08072931160134	6.59356349865991	37	miss
#4283C9	5.34235492980771	5.87123260201223	8.01566518368147	7.16696711732127	37	hit
#0D3A6B	5.60227136947534	6.59503487050214	6.36241008643778	6.4824960182908	37	miss
#0D3A6B	9.15462976355966	10.012921690597	0.578606023518125	0.0654442868477303	37	miss
#0D3A6B	8.97952352212304	9.85291770166224	4.2506617383795	4.73767570855598	37	miss
#0D3A6B	9.52903699039218	10.1819635377944	1.23539832378641	1.99281955645516	37	miss
#4283C9	3.16899323151594	3.73038952923233	4.58675464203957	5.41430173853036	37	hit
#0D3A6B	6.3896034786043	7.15704992995287	1.3440067032834	1.98511975440035	37	miss
#0D3A6B	6.48673560134627	7.26482273880831	7.27727289336577	6.64911653821513	37	miss
#0D3A6B	6.55191098430765	7.52732879391301	9.57611004416772	9.35574648841343	37	miss
#0D3A6B	3.83038989758562	4.18917592590232	6.02705894492586	5.0936391112579	37	miss
#0D3A6B	1.87544574184862	2.84297914089117	9.87512158338452	9.62237839012867	37	miss
#4283C9	1.00202896261842	1.64385205039501	8.16585612911401	7.3990033896673	37	hit
#0D3A6B	3.54427647851181	4.51091394685435	0.622112076092719	0.878260479945482	37	miss
#4283C9	-0.47716274146127	0.521362430752688	7.61426083449807	7.55997013128762	37	hit
#4283C9	3.53153431615068	3.75141925351488	8.89208384891069	7.91655803463393	37	hit
#4283C9	7.60669511294966	7.74489198793615	6.90025225632574	5.90984747859899	37	hit
#0D3A6B	4.37553458319724	5.11096485020846	2.12241163268225	1.44481121771498	37	miss
#4283C9	2.52590405932183	2.77753971339648	9.69346210853625	8.72564007035029	37	hit
#0D3A6B	4.88137405984843	5.16248886785662	3.20361729803244	2.24394315296104	37	miss
#0D3A6B	4.83008491479837	5.75934810425109	0.405771307982044	0.0363529479508236	37	miss
#4283C9	-0.265025033435332	0.720434587268637	2.05932464898631	2.22923443670317	37	hit
#0D3A6B	0.974627292723468	1.96008702552963	3.27537898567961	3.44528812321378	37	miss
#0D3A6B	2.23496405172352	3.08105692037191	5.82527980836341	5.29224429582944	37	miss
#0D3A6B	1.23256535299137	2.18990287248031	7.9709987427357	7.68202664411931	37	miss
#4283C9	8.4054060326615	8.93127909398585	9.10312310130858	9.95368616385794	37	hit
#0D3A6B	1.56233441917788	2.41683233627487	1.50054211754189	0.981087297873333	38	miss
#4283C9	5.25061492577388	5.8520913147162	8.24592171004299	7.44703113333996	38	hit
#4283C9	-0.0334661034170937	0.383092276682372	7.12091416275359	8.03002313090258	38	hit
#4283C9	3.00850058585024	3.49494731374466	2.08223467700742	1.20852443847246	38	hit
#0D3A6B	1.86923610317457	2.83261098627996	7.52825648922807	7.2600982624259	38	miss
#4283C9	3.5321544824767	3.94747589094163	8.27034377803498	7.36066904074109	38	hit
#0D3A6B	9.57643428422159	10.383650329191	9.10064236736705	8.51038627316396	38	miss
#4283C9	6.3036622488919	6.74013843666284	3.9851017742594	4.88481758356195	38	hit
#4283C9	9.2804288935819	9.8279662684566	2.17883874812462	3.01561997587494	38	hit
#0D3A6B	2.60703855286875	3.45087224059215	6.5044373051276	7.04104210147508	38	miss
#4283C9	9.44935387730299	9.53784942362757	0.0981682768099013	1.09424484930858	38	hit
#0D3A6B	1.55412322966159	2.41261090958714	6.08072931160134	6.59356349865991	38	miss
#4283C9	5.34235492980771	5.87123260201223	8.01566518368147	7.16696711732127	38	hit
#0D3A6B	5.60227136947534	6.59503487050214	6.36241008643778	6.4824960182908	38	miss
#0D3A6B	9.15462976355966	10.012921690597	0.578606023518125	0.0654442868477303	38	miss
#0D3A6B	8.97952352212304	9.85291770166224	4.2506617383795	4.73767570855598	38	miss
#0D3A6B	9.52903699039218	10.1819635377944	1.23539832378641	1.99281955645516	38	miss
#4283C9	3.16899323151594	3.73038952923233	4.58675464203957	5.41430173853036	38	hit
#0D3A6B	6.3896034786043	7.15704992995287	1.3440067032834	1.98511975440035	38	miss
#0D3A6B	6.48673560134627	7.26482273880831	7.27727289336577	6.64911653821513	38	miss
#0D3A6B	6.55191098430765	7.52732879391301	9.57611004416772	9.35574648841343	38	miss
#0D3A6B	3.83038989758562	4.18917592590232	6.02705894492586	5.0936391112579	38	miss
#0D3A6B	1.87544574184862	2.84297914089117	9.87512158338452	9.62237839012867	38	miss
#4283C9	1.00202896261842	1.64385205039501	8.16585612911401	7.3990033896673	38	hit
#0D3A6B	3.54427647851181	4.51091394685435	0.622112076092719	0.878260479945482	38	miss
#4283C9	-0.47716274146127	0.521362430752688	7.61426083449807	7.55997013128762	38	hit
#4283C9	3.53153431615068	3.75141925351488	8.89208384891069	7.91655803463393	38	hit
#4283C9	7.60669511294966	7.74489198793615	6.90025225632574	5.90984747859899	38	hit
#0D3A6B	4.37553458319724	5.11096485020846	2.12241163268225	1.44481121771498	38	miss
#4283C9	2.52590405932183	2.77753971339648	9.69346210853625	8.72564007035029	38	hit
#0D3A6B	4.88137405984843	5.16248886785662	3.20361729803244	2.24394315296104	38	miss
#0D3A6B	4.83008491479837	5.75934810425109	0.405771307982044	0.0363529479508236	38	miss
#4283C9	-0.265025033435332	0.720434587268637	2.05932464898631	2.22923443670317	38	hit
#0D3A6B	0.974627292723468	1.96008702552963	3.27537898567961	3.44528812321378	38	miss
#0D3A6B	2.23496405172352	3.08105692037191	5.82527980836341	5.29224429582944	38	miss
#0D3A6B	1.23256535299137	2.18990287248031	7.9709987427357	7.68202664411931	38	miss
#4283C9	8.4054060326615	8.93127909398585	9.10312310130858	9.95368616385794	38	hit
#4283C9	0.567056484475457	0.924677067481256	4.72273559276451	3.78886862225394	38	hit
#0D3A6B	1.56233441917788	2.41683233627487	1.50054211754189	0.981087297873333	39	miss
#4283C9	5.25061492577388	5.8520913147162	8.24592171004299	7.44703113333996	39	hit
#4283C9	-0.0334661034170937	0.383092276682372	7.12091416275359	8.03002313090258	39	hit
#4283C9	3.00850058585024	3.49494731374466	2.08223467700742	1.20852443847246	39	hit
#0D3A6B	1.86923610317457	2.83261098627996	7.52825648922807	7.2600982624259	39	miss
#4283C9	3.5321544824767	3.94747589094163	8.27034377803498	7.36066904074109	39	hit
#0D3A6B	9.57643428422159	10.383650329191	9.10064236736705	8.51038627316396	39	miss
#4283C9	6.3036622488919	6.74013843666284	3.9851017742594	4.88481758356195	39	hit
#4283C9	9.2804288935819	9.8279662684566	2.17883874812462	3.01561997587494	39	hit
#0D3A6B	2.60703855286875	3.45087224059215	6.5044373051276	7.04104210147508	39	miss
#4283C9	9.44935387730299	9.53784942362757	0.0981682768099013	1.09424484930858	39	hit
#0D3A6B	1.55412322966159	2.41261090958714	6.08072931160134	6.59356349865991	39	miss
#4283C9	5.34235492980771	5.87123260201223	8.01566518368147	7.16696711732127	39	hit
#0D3A6B	5.60227136947534	6.59503487050214	6.36241008643778	6.4824960182908	39	miss
#0D3A6B	9.15462976355966	10.012921690597	0.578606023518125	0.0654442868477303	39	miss
#0D3A6B	8.97952352212304	9.85291770166224	4.2506617383795	4.73767570855598	39	miss
#0D3A6B	9.52903699039218	10.1819635377944	1.23539832378641	1.99281955645516	39	miss
#4283C9	3.16899323151594	3.73038952923233	4.58675464203957	5.41430173853036	39	hit
#0D3A6B	6.3896034786043	7.15704992995287	1.3440067032834	1.98511975440035	39	miss
#0D3A6B	6.48673560134627	7.26482273880831	7.27727289336577	6.64911653821513	39	miss
#0D3A6B	6.55191098430765	7.52732879391301	9.57611004416772	9.35574648841343	39	miss
#0D3A6B	3.83038989758562	4.18917592590232	6.02705894492586	5.0936391112579	39	miss
#0D3A6B	1.87544574184862	2.84297914089117	9.87512158338452	9.62237839012867	39	miss
#4283C9	1.00202896261842	1.64385205039501	8.16585612911401	7.3990033896673	39	hit
#0D3A6B	3.54427647851181	4.51091394685435	0.622112076092719	0.878260479945482	39	miss
#4283C9	-0.47716274146127	0.521362430752688	7.61426083449807	7.55997013128762	39	hit
#4283C9	3.53153431615068	3.75141925351488	8.89208384891069	7.91655803463393	39	hit
#4283C9	7.60669511294966	7.74489198793615	6.90025225632574	5.90984747859899	39	hit
#0D3A6B	4.37553458319724	5.11096485020846	2.12241163268225	1.44481121771498	39	miss
#4283C9	2.52590405932183	2.77753971339648	9.69346210853625	8.72564007035029	39	hit
#0D3A6B	4.88137405984843	5.16248886785662	3.20361729803244	2.24394315296104	39	miss
#0D3A6B	4.83008491479837	5.75934810425109	0.405771307982044	0.0363529479508236	39	miss
#4283C9	-0.265025033435332	0.720434587268637	2.05932464898631	2.22923443670317	39	hit
#0D3A6B	0.974627292723468	1.96008702552963	3.27537898567961	3.44528812321378	39	miss
#0D3A6B	2.23496405172352	3.08105692037191	5.82527980836341	5.29224429582944	39	miss
#0D3A6B	1.23256535299137	2.18990287248031	7.9709987427357	7.68202664411931	39	miss
#4283C9	8.4054060326615	8.93127909398585	9.10312310130858	9.95368616385794	39	hit
#4283C9	0.567056484475457	0.924677067481256	4.72273559276451	3.78886862225394	39	hit
#0D3A6B	8.6011666389276	9.59034169520245	4.42752151537271	4.57426178947507	39	miss
#0D3A6B	1.56233441917788	2.41683233627487	1.50054211754189	0.981087297873333	40	miss
#4283C9	5.25061492577388	5.8520913147162	8.24592171004299	7.44703113333996	40	hit
#4283C9	-0.0334661034170937	0.383092276682372	7.12091416275359	8.03002313090258	40	hit
#4283C9	3.00850058585024	3.49494731374466	2.08223467700742	1.20852443847246	40	hit
#0D3A6B	1.86923610317457	2.83261098627996	7.52825648922807	7.2600982624259	40	miss
#4283C9	3.5321544824767	3.94747589094163	8.27034377803498	7.36066904074109	40	hit
#0D3A6B	9.57643428422159	10.383650329191	9.10064236736705	8.51038627316396	40	miss
#4283C9	6.3036622488919	6.74013843666284	3.9851017742594	4.88481758356195	40	hit
#4283C9	9.2804288935819	9.8279662684566	2.17883874812462	3.01561997587494	40	hit
#0D3A6B	2.60703855286875	3.45087224059215	6.5044373051276	7.04104210147508	40	miss
#4283C9	9.44935387730299	9.53784942362757	0.0981682768099013	1.09424484930858	40	hit
#0D3A6B	1.55412322966159	2.41261090958714	6.08072931160134	6.59356349865991	40	miss
#4283C9	5.34235492980771	5.87123260201223	8.01566518368147	7.16696711732127	40	hit
#0D3A6B	5.60227136947534	6.59503487050214	6.36241008643778	6.4824960182908	40	miss
#0D3A6B	9.15462976355966	10.012921690597	0.578606023518125	0.0654442868477303	40	miss
#0D3A6B	8.97952352212304	9.85291770166224	4.2506617383795	4.73767570855598	40	miss
#0D3A6B	9.52903699039218	10.1819635377944	1.23539832378641	1.99281955645516	40	miss
#4283C9	3.16899323151594	3.73038952923233	4.58675464203957	5.41430173853036	40	hit
#0D3A6B	6.3896034786043	7.15704992995287	1.3440067032834	1.98511975440035	40	miss
#0D3A6B	6.48673560134627	7.26482273880831	7.27727289336577	6.64911653821513	40	miss
#0D3A6B	6.55191098430765	7.52732879391301	9.57611004416772	9.35574648841343	40	miss
#0D3A6B	3.83038989758562	4.18917592590232	6.02705894492586	5.0936391112579	40	miss
#0D3A6B	1.87544574184862	2.84297914089117	9.87512158338452	9.62237839012867	40	miss
#4283C9	1.00202896261842	1.64385205039501	8.16585612911401	7.3990033896673	40	hit
#0D3A6B	3.54427647851181	4.51091394685435	0.622112076092719	0.878260479945482	40	miss
#4283C9	-0.47716274146127	0.521362430752688	7.61426083449807	7.55997013128762	40	hit
#4283C9	3.53153431615068	3.75141925351488	8.89208384891069	7.91655803463393	40	hit
#4283C9	7.60669511294966	7.74489198793615	6.90025225632574	5.90984747859899	40	hit
#0D3A6B	4.37553458319724	5.11096485020846	2.12241163268225	1.44481121771498	40	miss
#4283C9	2.52590405932183	2.77753971339648	9.69346210853625	8.72564007035029	40	hit
#0D3A6B	4.88137405984843	5.16248886785662	3.20361729803244	2.24394315296104	40	miss
#0D3A6B	4.83008491479837	5.75934810425109	0.405771307982044	0.0363529479508236	40	miss
#4283C9	-0.265025033435332	0.720434587268637	2.05932464898631	2.22923443670317	40	hit
#0D3A6B	0.974627292723468	1.96008702552963	3.27537898567961	3.44528812321378	40	miss
#0D3A6B	2.23496405172352	3.08105692037191	5.82527980836341	5.29224429582944	40	miss
#0D3A6B	1.23256535299137	2.18990287248031	7.9709987427357	7.68202664411931	40	miss
#4283C9	8.4054060326615	8.93127909398585	9.10312310130858	9.95368616385794	40	hit
#4283C9	0.567056484475457	0.924677067481256	4.72273559276451	3.78886862225394	40	hit
#0D3A6B	8.6011666389276	9.59034169520245	4.42752151537271	4.57426178947507	40	miss
#0D3A6B	0.691632064030001	1.46458265002029	4.97792263864681	4.34345641289696	40	miss
#0D3A6B	1.56233441917788	2.41683233627487	1.50054211754189	0.981087297873333	41	miss
#4283C9	5.25061492577388	5.8520913147162	8.24592171004299	7.44703113333996	41	hit
#4283C9	-0.0334661034170937	0.383092276682372	7.12091416275359	8.03002313090258	41	hit
#4283C9	3.00850058585024	3.49494731374466	2.08223467700742	1.20852443847246	41	hit
#0D3A6B	1.86923610317457	2.83261098627996	7.52825648922807	7.2600982624259	41	miss
#4283C9	3.5321544824767	3.94747589094163	8.27034377803498	7.36066904074109	41	hit
#0D3A6B	9.57643428422159	10.383650329191	9.10064236736705	8.51038627316396	41	miss
#4283C9	6.3036622488919	6.74013843666284	3.9851017742594	4.88481758356195	41	hit
#4283C9	9.2804288935819	9.8279662684566	2.17883874812462	3.01561997587494	41	hit
#0D3A6B	2.60703855286875	3.45087224059215	6.5044373051276	7.04104210147508	41	miss
#4283C9	9.44935387730299	9.53784942362757	0.0981682768099013	1.09424484930858	41	hit
#0D3A6B	1.55412322966159	2.41261090958714	6.08072931160134	6.59356349865991	41	miss
#4283C9	5.34235492980771	5.87123260201223	8.01566518368147	7.16696711732127	41	hit
#0D3A6B	5.60227136947534	6.59503487050214	6.36241008643778	6.4824960182908	41	miss
#0D3A6B	9.15462976355966	10.012921690597	0.578606023518125	0.0654442868477303	41	miss
#0D3A6B	8.97952352212304	9.85291770166224	4.2506617383795	4.73767570855598	41	miss
#0D3A6B	9.52903699039218	10.1819635377944	1.23539832378641	1.99281955645516	41	miss
#4283C9	3.16899323151594	3.73038952923233	4.58675464203957	5.41430173853036	41	hit
#0D3A6B	6.3896034786043	7.15704992995287	1.3440067032834	1.98511975440035	41	miss
#0D3A6B	6.48673560134627	7.26482273880831	7.27727289336577	6.64911653821513	41	miss
#0D3A6B	6.55191098430765	7.52732879391301	9.57611004416772	9.35574648841343	41	miss
#0D3A6B	3.83038989758562	4.18917592590232	6.02705894492586	5.0936391112579	41	miss
#0D3A6B	1.87544574184862	2.84297914089117	9.87512158338452	9.62237839012867	41	miss
#4283C9	1.00202896261842	1.64385205039501	8.16585612911401	7.3990033896673	41	hit
#0D3A6B	3.54427647851181	4.51091394685435	0.622112076092719	0.878260479945482	41	miss
#4283C9	-0.47716274146127	0.521362430752688	7.61426083449807	7.55997013128762	41	hit
#4283C9	3.53153431615068	3.75141925351488	8.89208384891069	7.91655803463393	41	hit
#4283C9	7.60669511294966	7.74489198793615	6.90025225632574	5.90984747859899	41	hit
#0D3A6B	4.37553458319724	5.11096485020846	2.12241163268225	1.44481121771498	41	miss
#4283C9	2.52590405932183	2.77753971339648	9.69346210853625	8.72564007035029	41	hit
#0D3A6B	4.88137405984843	5.16248886785662	3.20361729803244	2.24394315296104	41	miss
#0D3A6B	4.83008491479837	5.75934810425109	0.405771307982044	0.0363529479508236	41	miss
#4283C9	-0.265025033435332	0.720434587268637	2.05932464898631	2.22923443670317	41	hit
#0D3A6B	0.974627292723468	1.96008702552963	3.27537898567961	3.44528812321378	41	miss
#0D3A6B	2.23496405172352	3.08105692037191	5.82527980836341	5.29224429582944	41	miss
#0D3A6B	1.23256535299137	2.18990287248031	7.9709987427357	7.68202664411931	41	miss
#4283C9	8.4054060326615	8.93127909398585	9.10312310130858	9.95368616385794	41	hit
#4283C9	0.567056484475457	0.924677067481256	4.72273559276451	3.78886862225394	41	hit
#0D3A6B	8.6011666389276	9.59034169520245	4.42752151537271	4.57426178947507	41	miss
#0D3A6B	0.691632064030001	1.46458265002029	4.97792263864681	4.34345641289696	41	miss
#4283C9	7.3478416162493	7.93200089177616	0.955990969466668	0.144351923575002	41	hit
#0D3A6B	1.56233441917788	2.41683233627487	1.50054211754189	0.981087297873333	42	miss
#4283C9	5.25061492577388	5.8520913147162	8.24592171004299	7.44703113333996	42	hit
#4283C9	-0.0334661034170937	0.383092276682372	7.12091416275359	8.03002313090258	42	hit
#4283C9	3.00850058585024	3.49494731374466	2.08223467700742	1.20852443847246	42	hit
#0D3A6B	1.86923610317457	2.83261098627996	7.52825648922807	7.2600982624259	42	miss
#4283C9	3.5321544824767	3.94747589094163	8.27034377803498	7.36066904074109	42	hit
#0D3A6B	9.57643428422159	10.383650329191	9.10064236736705	8.51038627316396	42	miss
#4283C9	6.3036622488919	6.74013843666284	3.9851017742594	4.88481758356195	42	hit
#4283C9	9.2804288935819	9.8279662684566	2.17883874812462	3.01561997587494	42	hit
#0D3A6B	2.60703855286875	3.45087224059215	6.5044373051276	7.04104210147508	42	miss
#4283C9	9.44935387730299	9.53784942362757	0.0981682768099013	1.09424484930858	42	hit
#0D3A6B	1.55412322966159	2.41261090958714	6.08072931160134	6.59356349865991	42	miss
#4283C9	5.34235492980771	5.87123260201223	8.01566518368147	7.16696711732127	42	hit
#0D3A6B	5.60227136947534	6.59503487050214	6.36241008643778	6.4824960182908	42	miss
#0D3A6B	9.15462976355966	10.012921690597	0.578606023518125	0.0654442868477303	42	miss
#0D3A6B	8.97952352212304	9.85291770166224	4.2506617383795	4.73767570855598	42	miss
#0D3A6B	9.52903699039218	10.1819635377944	1.23539832378641	1.99281955645516	42	miss
#4283C9	3.16899323151594	3.73038952923233	4.58675464203957	5.41430173853036	42	hit
#0D3A6B	6.3896034786043	7.15704992995287	1.3440067032834	1.98511975440035	42	miss
#0D3A6B	6.48673560134627	7.26482273880831	7.27727289336577	6.64911653821513	42	miss
#0D3A6B	6.55191098430765	7.52732879391301	9.57611004416772	9.35574648841343	42	miss
#0D3A6B	3.83038989758562	4.18917592590232	6.02705894492586	5.0936391112579	42	miss
#0D3A6B	1.87544574184862	2.84297914089117	9.87512158338452	9.62237839012867	42	miss
#4283C9	1.00202896261842	1.64385205039501	8.16585612911401	7.3990033896673	42	hit
#0D3A6B	3.54427647851181	4.51091394685435	0.622112076092719	0.878260479945482	42	miss
#4283C9	-0.47716274146127	0.521362430752688	7.61426083449807	7.55997013128762	42	hit
#4283C9	3.53153431615068	3.75141925351488	8.89208384891069	7.91655803463393	42	hit
#4283C9	7.60669511294966	7.74489198793615	6.90025225632574	5.90984747859899	42	hit
#0D3A6B	4.37553458319724	5.11096485020846	2.12241163268225	1.44481121771498	42	miss
#4283C9	2.52590405932183	2.77753971339648	9.69346210853625	8.72564007035029	42	hit
#0D3A6B	4.88137405984843	5.16248886785662	3.20361729803244	2.24394315296104	42	miss
#0D3A6B	4.83008491479837	5.75934810425109	0.405771307982044	0.0363529479508236	42	miss
#4283C9	-0.265025033435332	0.720434587268637	2.05932464898631	2.22923443670317	42	hit
#0D3A6B	0.974627292723468	1.96008702552963	3.27537898567961	3.44528812321378	42	miss
#0D3A6B	2.23496405172352	3.08105692037191	5.82527980836341	5.29224429582944	42	miss
#0D3A6B	1.23256535299137	2.18990287248031	7.9709987427357	7.68202664411931	42	miss
#4283C9	8.4054060326615	8.93127909398585	9.10312310130858	9.95368616385794	42	hit
#4283C9	0.567056484475457	0.924677067481256	4.72273559276451	3.78886862225394	42	hit
#0D3A6B	8.6011666389276	9.59034169520245	4.42752151537271	4.57426178947507	42	miss
#0D3A6B	0.691632064030001	1.46458265002029	4.97792263864681	4.34345641289696	42	miss
#4283C9	7.3478416162493	7.93200089177616	0.955990969466668	0.144351923575002	42	hit
#4283C9	5.05312048722132	5.8585023937367	0.772856991456584	1.36561325220601	42	hit
#0D3A6B	1.56233441917788	2.41683233627487	1.50054211754189	0.981087297873333	43	miss
#4283C9	5.25061492577388	5.8520913147162	8.24592171004299	7.44703113333996	43	hit
#4283C9	-0.0334661034170937	0.383092276682372	7.12091416275359	8.03002313090258	43	hit
#4283C9	3.00850058585024	3.49494731374466	2.08223467700742	1.20852443847246	43	hit
#0D3A6B	1.86923610317457	2.83261098627996	7.52825648922807	7.2600982624259	43	miss
#4283C9	3.5321544824767	3.94747589094163	8.27034377803498	7.36066904074109	43	hit
#0D3A6B	9.57643428422159	10.383650329191	9.10064236736705	8.51038627316396	43	miss
#4283C9	6.3036622488919	6.74013843666284	3.9851017742594	4.88481758356195	43	hit
#4283C9	9.2804288935819	9.8279662684566	2.17883874812462	3.01561997587494	43	hit
#0D3A6B	2.60703855286875	3.45087224059215	6.5044373051276	7.04104210147508	43	miss
#4283C9	9.44935387730299	9.53784942362757	0.0981682768099013	1.09424484930858	43	hit
#0D3A6B	1.55412322966159	2.41261090958714	6.08072931160134	6.59356349865991	43	miss
#4283C9	5.34235492980771	5.87123260201223	8.01566518368147	7.16696711732127	43	hit
#0D3A6B	5.60227136947534	6.59503487050214	6.36241008643778	6.4824960182908	43	miss
#0D3A6B	9.15462976355966	10.012921690597	0.578606023518125	0.0654442868477303	43	miss
#0D3A6B	8.97952352212304	9.85291770166224	4.2506617383795	4.73767570855598	43	miss
#0D3A6B	9.52903699039218	10.1819635377944	1.23539832378641	1.99281955645516	43	miss
#4283C9	3.16899323151594	3.73038952923233	4.58675464203957	5.41430173853036	43	hit
#0D3A6B	6.3896034786043	7.15704992995287	1.3440067032834	1.98511975440035	43	miss
#0D3A6B	6.48673560134627	7.26482273880831	7.27727289336577	6.64911653821513	43	miss
#0D3A6B	6.55191098430765	7.52732879391301	9.57611004416772	9.35574648841343	43	miss
#0D3A6B	3.83038989758562	4.18917592590232	6.02705894492586	5.0936391112579	43	miss
#0D3A6B	1.87544574184862	2.84297914089117	9.87512158338452	9.62237839012867	43	miss
#4283C9	1.00202896261842	1.64385205039501	8.16585612911401	7.3990033896673	43	hit
#0D3A6B	3.54427647851181	4.51091394685435	0.622112076092719	0.878260479945482	43	miss
#4283C9	-0.47716274146127	0.521362430752688	7.61426083449807	7.55997013128762	43	hit
#4283C9	3.53153431615068	3.75141925351488	8.89208384891069	7.91655803463393	43	hit
#4283C9	7.60669511294966	7.74489198793615	6.90025225632574	5.90984747859899	43	hit
#0D3A6B	4.37553458319724	5.11096485020846	2.12241163268225	1.44481121771498	43	miss
#4283C9	2.52590405932183	2.77753971339648	9.69346210853625	8.72564007035029	43	hit
#0D3A6B	4.88137405984843	5.16248886785662	3.20361729803244	2.24394315296104	43	miss
#0D3A6B	4.83008491479837	5.75934810425109	0.405771307982044	0.0363529479508236	43	miss
#4283C9	-0.265025033435332	0.720434587268637	2.05932464898631	2.22923443670317	43	hit
#0D3A6B	0.974627292723468	1.96008702552963	3.27537898567961	3.44528812321378	43	miss
#0D3A6B	2.23496405172352	3.08105692037191	5.82527980836341	5.29224429582944	43	miss
#0D3A6B	1.23256535299137	2.18990287248031	7.9709987427357	7.68202664411931	43	miss
#4283C9	8.4054060326615	8.93127909398585	9.10312310130858	9.95368616385794	43	hit
#4283C9	0.567056484475457	0.924677067481256	4.72273559276451	3.78886862225394	43	hit
#0D3A6B	8.6011666389276	9.59034169520245	4.42752151537271	4.57426178947507	43	miss
#0D3A6B	0.691632064030001	1.46458265002029	4.97792263864681	4.34345641289696	43	miss
#4283C9	7.3478416162493	7.93200089177616	0.955990969466668	0.144351923575002	43	hit
#4283C9	5.05312048722132	5.8585023937367	0.772856991456584	1.36561325220601	43	hit
#0D3A6B	5.44517086721007	6.24581359890308	3.56481147668275	4.16395354346421	43	miss
#0D3A6B	1.56233441917788	2.41683233627487	1.50054211754189	0.981087297873333	44	miss
#4283C9	5.25061492577388	5.8520913147162	8.24592171004299	7.44703113333996	44	hit
#4283C9	-0.0334661034170937	0.383092276682372	7.12091416275359	8.03002313090258	44	hit
#4283C9	3.00850058585024	3.49494731374466	2.08223467700742	1.20852443847246	44	hit
#0D3A6B	1.86923610317457	2.83261098627996	7.52825648922807	7.2600982624259	44	miss
#4283C9	3.5321544824767	3.94747589094163	8.27034377803498	7.36066904074109	44	hit
#0D3A6B	9.57643428422159	10.383650329191	9.10064236736705	8.51038627316396	44	miss
#4283C9	6.3036622488919	6.74013843666284	3.9851017742594	4.88481758356195	44	hit
#4283C9	9.2804288935819	9.8279662684566	2.17883874812462	3.01561997587494	44	hit
#0D3A6B	2.60703855286875	3.45087224059215	6.5044373051276	7.04104210147508	44	miss
#4283C9	9.44935387730299	9.53784942362757	0.0981682768099013	1.09424484930858	44	hit
#0D3A6B	1.55412322966159	2.41261090958714	6.08072931160134	6.59356349865991	44	miss
#4283C9	5.34235492980771	5.87123260201223	8.01566518368147	7.16696711732127	44	hit
#0D3A6B	5.60227136947534	6.59503487050214	6.36241008643778	6.4824960182908	44	miss
#0D3A6B	9.15462976355966	10.012921690597	0.578606023518125	0.0654442868477303	44	miss
#0D3A6B	8.97952352212304	9.85291770166224	4.2506617383795	4.73767570855598	44	miss
#0D3A6B	9.52903699039218	10.1819635377944	1.23539832378641	1.99281955645516	44	miss
#4283C9	3.16899323151594	3.73038952923233	4.58675464203957	5.41430173853036	44	hit
#0D3A6B	6.3896034786043	7.15704992995287	1.3440067032834	1.98511975440035	44	miss
#0D3A6B	6.48673560134627	7.26482273880831	7.27727289336577	6.64911653821513	44	miss
#0D3A6B	6.55191098430765	7.52732879391301	9.57611004416772	9.35574648841343	44	miss
#0D3A6B	3.83038989758562	4.18917592590232	6.02705894492586	5.0936391112579	44	miss
#0D3A6B	1.87544574184862	2.84297914089117	9.87512158338452	9.62237839012867	44	miss
#4283C9	1.00202896261842	1.64385205039501	8.16585612911401	7.3990033896673	44	hit
#0D3A6B	3.54427647851181	4.51091394685435	0.622112076092719	0.878260479945482	44	miss
#4283C9	-0.47716274146127	0.521362430752688	7.61426083449807	7.55997013128762	44	hit
#4283C9	3.53153431615068	3.75141925351488	8.89208384891069	7.91655803463393	44	hit
#4283C9	7.60669511294966	7.74489198793615	6.90025225632574	5.90984747859899	44	hit
#0D3A6B	4.37553458319724	5.11096485020846	2.12241163268225	1.44481121771498	44	miss
#4283C9	2.52590405932183	2.77753971339648	9.69346210853625	8.72564007035029	44	hit
#0D3A6B	4.88137405984843	5.16248886785662	3.20361729803244	2.24394315296104	44	miss
#0D3A6B	4.83008491479837	5.75934810425109	0.405771307982044	0.0363529479508236	44	miss
#4283C9	-0.265025033435332	0.720434587268637	2.05932464898631	2.22923443670317	44	hit
#0D3A6B	0.974627292723468	1.96008702552963	3.27537898567961	3.44528812321378	44	miss
#0D3A6B	2.23496405172352	3.08105692037191	5.82527980836341	5.29224429582944	44	miss
#0D3A6B	1.23256535299137	2.18990287248031	7.9709987427357	7.68202664411931	44	miss
#4283C9	8.4054060326615	8.93127909398585	9.10312310130858	9.95368616385794	44	hit
#4283C9	0.567056484475457	0.924677067481256	4.72273559276451	3.78886862225394	44	hit
#0D3A6B	8.6011666389276	9.59034169520245	4.42752151537271	4.57426178947507	44	miss
#0D3A6B	0.691632064030001	1.46458265002029	4.97792263864681	4.34345641289696	44	miss
#4283C9	7.3478416162493	7.93200089177616	0.955990969466668	0.144351923575002	44	hit
#4283C9	5.05312048722132	5.8585023937367	0.772856991456584	1.36561325220601	44	hit
#0D3A6B	5.44517086721007	6.24581359890308	3.56481147668275	4.16395354346421	44	miss
#4283C9	1.25364977432216	1.79413204981213	6.67819665403996	7.51955205449876	44	hit
#0D3A6B	1.56233441917788	2.41683233627487	1.50054211754189	0.981087297873333	45	miss
#4283C9	5.25061492577388	5.8520913147162	8.24592171004299	7.44703113333996	45	hit
#4283C9	-0.0334661034170937	0.383092276682372	7.12091416275359	8.03002313090258	45	hit
#4283C9	3.00850058585024	3.49494731374466	2.08223467700742	1.20852443847246	45	hit
#0D3A6B	1.86923610317457	2.83261098627996	7.52825648922807	7.2600982624259	45	miss
#4283C9	3.5321544824767	3.94747589094163	8.27034377803498	7.36066904074109	45	hit
#0D3A6B	9.57643428422159	10.383650329191	9.10064236736705	8.51038627316396	45	miss
#4283C9	6.3036622488919	6.74013843666284	3.9851017742594	4.88481758356195	45	hit
#4283C9	9.2804288935819	9.8279662684566	2.17883874812462	3.01561997587494	45	hit
#0D3A6B	2.60703855286875	3.45087224059215	6.5044373051276	7.04104210147508	45	miss
#4283C9	9.44935387730299	9.53784942362757	0.0981682768099013	1.09424484930858	45	hit
#0D3A6B	1.55412322966159	2.41261090958714	6.08072931160134	6.59356349865991	45	miss
#4283C9	5.34235492980771	5.87123260201223	8.01566518368147	7.16696711732127	45	hit
#0D3A6B	5.60227136947534	6.59503487050214	6.36241008643778	6.4824960182908	45	miss
#0D3A6B	9.15462976355966	10.012921690597	0.578606023518125	0.0654442868477303	45	miss
#0D3A6B	8.97952352212304	9.85291770166224	4.2506617383795	4.73767570855598	45	miss
#0D3A6B	9.52903699039218	10.1819635377944	1.23539832378641	1.99281955645516	45	miss
#4283C9	3.16899323151594	3.73038952923233	4.58675464203957	5.41430173853036	45	hit
#0D3A6B	6.3896034786043	7.15704992995287	1.3440067032834	1.98511975440035	45	miss
#0D3A6B	6.48673560134627	7.26482273880831	7.27727289336577	6.64911653821513	45	miss
#0D3A6B	6.55191098430765	7.52732879391301	9.57611004416772	9.35574648841343	45	miss
#0D3A6B	3.83038989758562	4.18917592590232	6.02705894492586	5.0936391112579	45	miss
#0D3A6B	1.87544574184862	2.84297914089117	9.87512158338452	9.62237839012867	45	miss
#4283C9	1.00202896261842	1.64385205039501	8.16585612911401	7.3990033896673	45	hit
#0D3A6B	3.54427647851181	4.51091394685435	0.622112076092719	0.878260479945482	45	miss
#4283C9	-0.47716274146127	0.521362430752688	7.61426083449807	7.55997013128762	45	hit
#4283C9	3.53153431615068	3.75141925351488	8.89208384891069	7.91655803463393	45	hit
#4283C9	7.60669511294966	7.74489198793615	6.90025225632574	5.90984747859899	45	hit
#0D3A6B	4.37553458319724	5.11096485020846	2.12241163268225	1.44481121771498	45	miss
#4283C9	2.52590405932183	2.77753971339648	9.69346210853625	8.72564007035029	45	hit
#0D3A6B	4.88137405984843	5.16248886785662	3.20361729803244	2.24394315296104	45	miss
#0D3A6B	4.83008491479837	5.75934810425109	0.405771307982044	0.0363529479508236	45	miss
#4283C9	-0.265025033435332	0.720434587268637	2.05932464898631	2.22923443670317	45	hit
#0D3A6B	0.974627292723468	1.96008702552963	3.27537898567961	3.44528812321378	45	miss
#0D3A6B	2.23496405172352	3.08105692037191	5.82527980836341	5.29224429582944	45	miss
#0D3A6B	1.23256535299137	2.18990287248031	7.9709987427357	7.68202664411931	45	miss
#4283C9	8.4054060326615	8.93127909398585	9.10312310130858	9.95368616385794	45	hit
#4283C9	0.567056484475457	0.924677067481256	4.72273559276451	3.78886862225394	45	hit
#0D3A6B	8.6011666389276	9.59034169520245	4.42752151537271	4.57426178947507	45	miss
#0D3A6B	0.691632064030001	1.46458265002029	4.97792263864681	4.34345641289696	45	miss
#4283C9	7.3478416162493	7.93200089177616	0.955990969466668	0.144351923575002	45	hit
#4283C9	5.05312048722132	5.8585023937367	0.772856991456584	1.36561325220601	45	hit
#0D3A6B	5.44517086721007	6.24581359890308	3.56481147668275	4.16395354346421	45	miss
#4283C9	1.25364977432216	1.79413204981213	6.67819665403996	7.51955205449876	45	hit
#4283C9	7.11708459859878	7.39052873713732	7.62884209770443	8.59072998259483	45	hit
#0D3A6B	1.56233441917788	2.41683233627487	1.50054211754189	0.981087297873333	46	miss
#4283C9	5.25061492577388	5.8520913147162	8.24592171004299	7.44703113333996	46	hit
#4283C9	-0.0334661034170937	0.383092276682372	7.12091416275359	8.03002313090258	46	hit
#4283C9	3.00850058585024	3.49494731374466	2.08223467700742	1.20852443847246	46	hit
#0D3A6B	1.86923610317457	2.83261098627996	7.52825648922807	7.2600982624259	46	miss
#4283C9	3.5321544824767	3.94747589094163	8.27034377803498	7.36066904074109	46	hit
#0D3A6B	9.57643428422159	10.383650329191	9.10064236736705	8.51038627316396	46	miss
#4283C9	6.3036622488919	6.74013843666284	3.9851017742594	4.88481758356195	46	hit
#4283C9	9.2804288935819	9.8279662684566	2.17883874812462	3.01561997587494	46	hit
#0D3A6B	2.60703855286875	3.45087224059215	6.5044373051276	7.04104210147508	46	miss
#4283C9	9.44935387730299	9.53784942362757	0.0981682768099013	1.09424484930858	46	hit
#0D3A6B	1.55412322966159	2.41261090958714	6.08072931160134	6.59356349865991	46	miss
#4283C9	5.34235492980771	5.87123260201223	8.01566518368147	7.16696711732127	46	hit
#0D3A6B	5.60227136947534	6.59503487050214	6.36241008643778	6.4824960182908	46	miss
#0D3A6B	9.15462976355966	10.012921690597	0.578606023518125	0.0654442868477303	46	miss
#0D3A6B	8.97952352212304	9.85291770166224	4.2506617383795	4.73767570855598	46	miss
#0D3A6B	9.52903699039218	10.1819635377944	1.23539832378641	1.99281955645516	46	miss
#4283C9	3.16899323151594	3.73038952923233	4.58675464203957	5.41430173853036	46	hit
#0D3A6B	6.3896034786043	7.15704992995287	1.3440067032834	1.98511975440035	46	miss
#0D3A6B	6.48673560134627	7.26482273880831	7.27727289336577	6.64911653821513	46	miss
#0D3A6B	6.55191098430765	7.52732879391301	9.57611004416772	9.35574648841343	46	miss
#0D3A6B	3.83038989758562	4.18917592590232	6.02705894492586	5.0936391112579	46	miss
#0D3A6B	1.87544574184862	2.84297914089117	9.87512158338452	9.62237839012867	46	miss
#4283C9	1.00202896261842	1.64385205039501	8.16585612911401	7.3990033896673	46	hit
#0D3A6B	3.54427647851181	4.51091394685435	0.622112076092719	0.878260479945482	46	miss
#4283C9	-0.47716274146127	0.521362430752688	7.61426083449807	7.55997013128762	46	hit
#4283C9	3.53153431615068	3.75141925351488	8.89208384891069	7.91655803463393	46	hit
#4283C9	7.60669511294966	7.74489198793615	6.90025225632574	5.90984747859899	46	hit
#0D3A6B	4.37553458319724	5.11096485020846	2.12241163268225	1.44481121771498	46	miss
#4283C9	2.52590405932183	2.77753971339648	9.69346210853625	8.72564007035029	46	hit
#0D3A6B	4.88137405984843	5.16248886785662	3.20361729803244	2.24394315296104	46	miss
#0D3A6B	4.83008491479837	5.75934810425109	0.405771307982044	0.0363529479508236	46	miss
#4283C9	-0.265025033435332	0.720434587268637	2.05932464898631	2.22923443670317	46	hit
#0D3A6B	0.974627292723468	1.96008702552963	3.27537898567961	3.44528812321378	46	miss
#0D3A6B	2.23496405172352	3.08105692037191	5.82527980836341	5.29224429582944	46	miss
#0D3A6B	1.23256535299137	2.18990287248031	7.9709987427357	7.68202664411931	46	miss
#4283C9	8.4054060326615	8.93127909398585	9.10312310130858	9.95368616385794	46	hit
#4283C9	0.567056484475457	0.924677067481256	4.72273559276451	3.78886862225394	46	hit
#0D3A6B	8.6011666389276	9.59034169520245	4.42752151537271	4.57426178947507	46	miss
#0D3A6B	0.691632064030001	1.46458265002029	4.97792263864681	4.34345641289696	46	miss
#4283C9	7.3478416162493	7.93200089177616	0.955990969466668	0.144351923575002	46	hit
#4283C9	5.05312048722132	5.8585023937367	0.772856991456584	1.36561325220601	46	hit
#0D3A6B	5.44517086721007	6.24581359890308	3.56481147668275	4.16395354346421	46	miss
#4283C9	1.25364977432216	1.79413204981213	6.67819665403996	7.51955205449876	46	hit
#4283C9	7.11708459859878	7.39052873713732	7.62884209770443	8.59072998259483	46	hit
#4283C9	0.577025773416674	0.597541568387831	3.77107398929478	2.77128446036546	46	hit
#0D3A6B	1.56233441917788	2.41683233627487	1.50054211754189	0.981087297873333	47	miss
#4283C9	5.25061492577388	5.8520913147162	8.24592171004299	7.44703113333996	47	hit
#4283C9	-0.0334661034170937	0.383092276682372	7.12091416275359	8.03002313090258	47	hit
#4283C9	3.00850058585024	3.49494731374466	2.08223467700742	1.20852443847246	47	hit
#0D3A6B	1.86923610317457	2.83261098627996	7.52825648922807	7.2600982624259	47	miss
#4283C9	3.5321544824767	3.94747589094163	8.27034377803498	7.36066904074109	47	hit
#0D3A6B	9.57643428422159	10.383650329191	9.10064236736705	8.51038627316396	47	miss
#4283C9	6.3036622488919	6.74013843666284	3.9851017742594	4.88481758356195	47	hit
#4283C9	9.2804288935819	9.8279662684566	2.17883874812462	3.01561997587494	47	hit
#0D3A6B	2.60703855286875	3.45087224059215	6.5044373051276	7.04104210147508	47	miss
#4283C9	9.44935387730299	9.53784942362757	0.0981682768099013	1.09424484930858	47	hit
#0D3A6B	1.55412322966159	2.41261090958714	6.08072931160134	6.59356349865991	47	miss
#4283C9	5.34235492980771	5.87123260201223	8.01566518368147	7.16696711732127	47	hit
#0D3A6B	5.60227136947534	6.59503487050214	6.36241008643778	6.4824960182908	47	miss
#0D3A6B	9.15462976355966	10.012921690597	0.578606023518125	0.0654442868477303	47	miss
#0D3A6B	8.97952352212304	9.85291770166224	4.2506617383795	4.73767570855598	47	miss
#0D3A6B	9.52903699039218	10.1819635377944	1.23539832378641	1.99281955645516	47	miss
#4283C9	3.16899323151594	3.73038952923233	4.58675464203957	5.41430173853036	47	hit
#0D3A6B	6.3896034786043	7.15704992995287	1.3440067032834	1.98511975440035	47	miss
#0D3A6B	6.48673560134627	7.26482273880831	7.27727289336577	6.64911653821513	47	miss
#0D3A6B	6.55191098430765	7.52732879391301	9.57611004416772	9.35574648841343	47	miss
#0D3A6B	3.83038989758562	4.18917592590232	6.02705894492586	5.0936391112579	47	miss
#0D3A6B	1.87544574184862	2.84297914089117	9.87512158338452	9.62237839012867	47	miss
#4283C9	1.00202896261842	1.64385205039501	8.16585612911401	7.3990033896673	47	hit
#0D3A6B	3.54427647851181	4.51091394685435	0.622112076092719	0.878260479945482	47	miss
#4283C9	-0.47716274146127	0.521362430752688	7.61426083449807	7.55997013128762	47	hit
#4283C9	3.53153431615068	3.75141925351488	8.89208384891069	7.91655803463393	47	hit
#4283C9	7.60669511294966	7.74489198793615	6.90025225632574	5.90984747859899	47	hit
#0D3A6B	4.37553458319724	5.11096485020846	2.12241163268225	1.44481121771498	47	miss
#4283C9	2.52590405932183	2.77753971339648	9.69346210853625	8.72564007035029	47	hit
#0D3A6B	4.88137405984843	5.16248886785662	3.20361729803244	2.24394315296104	47	miss
#0D3A6B	4.83008491479837	5.75934810425109	0.405771307982044	0.0363529479508236	47	miss
#4283C9	-0.265025033435332	0.720434587268637	2.05932464898631	2.22923443670317	47	hit
#0D3A6B	0.974627292723468	1.96008702552963	3.27537898567961	3.44528812321378	47	miss
#0D3A6B	2.23496405172352	3.08105692037191	5.82527980836341	5.29224429582944	47	miss
#0D3A6B	1.23256535299137	2.18990287248031	7.9709987427357	7.68202664411931	47	miss
#4283C9	8.4054060326615	8.93127909398585	9.10312310130858	9.95368616385794	47	hit
#4283C9	0.567056484475457	0.924677067481256	4.72273559276451	3.78886862225394	47	hit
#0D3A6B	8.6011666389276	9.59034169520245	4.42752151537271	4.57426178947507	47	miss
#0D3A6B	0.691632064030001	1.46458265002029	4.97792263864681	4.34345641289696	47	miss
#4283C9	7.3478416162493	7.93200089177616	0.955990969466668	0.144351923575002	47	hit
#4283C9	5.05312048722132	5.8585023937367	0.772856991456584	1.36561325220601	47	hit
#0D3A6B	5.44517086721007	6.24581359890308	3.56481147668275	4.16395354346421	47	miss
#4283C9	1.25364977432216	1.79413204981213	6.67819665403996	7.51955205449876	47	hit
#4283C9	7.11708459859878	7.39052873713732	7.62884209770443	8.59072998259483	47	hit
#4283C9	0.577025773416674	0.597541568387831	3.77107398929478	2.77128446036546	47	hit
#4283C9	5.0770361954126	5.25368236007509	6.57630336456581	7.56057778387682	47	hit
#0D3A6B	1.56233441917788	2.41683233627487	1.50054211754189	0.981087297873333	48	miss
#4283C9	5.25061492577388	5.8520913147162	8.24592171004299	7.44703113333996	48	hit
#4283C9	-0.0334661034170937	0.383092276682372	7.12091416275359	8.03002313090258	48	hit
#4283C9	3.00850058585024	3.49494731374466	2.08223467700742	1.20852443847246	48	hit
#0D3A6B	1.86923610317457	2.83261098627996	7.52825648922807	7.2600982624259	48	miss
#4283C9	3.5321544824767	3.94747589094163	8.27034377803498	7.36066904074109	48	hit
#0D3A6B	9.57643428422159	10.383650329191	9.10064236736705	8.51038627316396	48	miss
#4283C9	6.3036622488919	6.74013843666284	3.9851017742594	4.88481758356195	48	hit
#4283C9	9.2804288935819	9.8279662684566	2.17883874812462	3.01561997587494	48	hit
#0D3A6B	2.60703855286875	3.45087224059215	6.5044373051276	7.04104210147508	48	miss
#4283C9	9.44935387730299	9.53784942362757	0.0981682768099013	1.09424484930858	48	hit
#0D3A6B	1.55412322966159	2.41261090958714	6.08072931160134	6.59356349865991	48	miss
#4283C9	5.34235492980771	5.87123260201223	8.01566518368147	7.16696711732127	48	hit
#0D3A6B	5.60227136947534	6.59503487050214	6.36241008643778	6.4824960182908	48	miss
#0D3A6B	9.15462976355966	10.012921690597	0.578606023518125	0.0654442868477303	48	miss
#0D3A6B	8.97952352212304	9.85291770166224	4.2506617383795	4.73767570855598	48	miss
#0D3A6B	9.52903699039218	10.1819635377944	1.23539832378641	1.99281955645516	48	miss
#4283C9	3.16899323151594	3.73038952923233	4.58675464203957	5.41430173853036	48	hit
#0D3A6B	6.3896034786043	7.15704992995287	1.3440067032834	1.98511975440035	48	miss
#0D3A6B	6.48673560134627	7.26482273880831	7.27727289336577	6.64911653821513	48	miss
#0D3A6B	6.55191098430765	7.52732879391301	9.57611004416772	9.35574648841343	48	miss
#0D3A6B	3.83038989758562	4.18917592590232	6.02705894492586	5.0936391112579	48	miss
#0D3A6B	1.87544574184862	2.84297914089117	9.87512158338452	9.62237839012867	48	miss
#4283C9	1.00202896261842	1.64385205039501	8.16585612911401	7.3990033896673	48	hit
#0D3A6B	3.54427647851181	4.51091394685435	0.622112076092719	0.878260479945482	48	miss
#4283C9	-0.47716274146127	0.521362430752688	7.61426083449807	7.55997013128762	48	hit
#4283C9	3.53153431615068	3.75141925351488	8.89208384891069	7.91655803463393	48	hit
#4283C9	7.60669511294966	7.74489198793615	6.90025225632574	5.90984747859899	48	hit
#0D3A6B	4.37553458319724	5.11096485020846	2.12241163268225	1.44481121771498	48	miss
#4283C9	2.52590405932183	2.77753971339648	9.69346210853625	8.72564007035029	48	hit
#0D3A6B	4.88137405984843	5.16248886785662	3.20361729803244	2.24394315296104	48	miss
#0D3A6B	4.83008491479837	5.75934810425109	0.405771307982044	0.0363529479508236	48	miss
#4283C9	-0.265025033435332	0.720434587268637	2.05932464898631	2.22923443670317	48	hit
#0D3A6B	0.974627292723468	1.96008702552963	3.27537898567961	3.44528812321378	48	miss
#0D3A6B	2.23496405172352	3.08105692037191	5.82527980836341	5.29224429582944	48	miss
#0D3A6B	1.23256535299137	2.18990287248031	7.9709987427357	7.68202664411931	48	miss
#4283C9	8.4054060326615	8.93127909398585	9.10312310130858	9.95368616385794	48	hit
#4283C9	0.567056484475457	0.924677067481256	4.72273559276451	3.78886862225394	48	hit
#0D3A6B	8.6011666389276	9.59034169520245	4.42752151537271	4.57426178947507	48	miss
#0D3A6B	0.691632064030001	1.46458265002029	4.97792263864681	4.34345641289696	48	miss
#4283C9	7.3478416162493	7.93200089177616	0.955990969466668	0.144351923575002	48	hit
#4283C9	5.05312048722132	5.8585023937367	0.772856991456584	1.36561325220601	48	hit
#0D3A6B	5.44517086721007	6.24581359890308	3.56481147668275	4.16395354346421	48	miss
#4283C9	1.25364977432216	1.79413204981213	6.67819665403996	7.51955205449876	48	hit
#4283C9	7.11708459859878	7.39052873713732	7.62884209770443	8.59072998259483	48	hit
#4283C9	0.577025773416674	0.597541568387831	3.77107398929478	2.77128446036546	48	hit
#4283C9	5.0770361954126	5.25368236007509	6.57630336456581	7.56057778387682	48	hit
#4283C9	4.25269523210635	4.94155340787212	2.37247499334415	1.64757885341743	48	hit
#0D3A6B	1.56233441917788	2.41683233627487	1.50054211754189	0.981087297873333	49	miss
#4283C9	5.25061492577388	5.8520913147162	8.24592171004299	7.44703113333996	49	hit
#4283C9	-0.0334661034170937	0.383092276682372	7.12091416275359	8.03002313090258	49	hit
#4283C9	3.00850058585024	3.49494731374466	2.08223467700742	1.20852443847246	49	hit
#0D3A6B	1.86923610317457	2.83261098627996	7.52825648922807	7.2600982624259	49	miss
#4283C9	3.5321544824767	3.94747589094163	8.27034377803498	7.36066904074109	49	hit
#0D3A6B	9.57643428422159	10.383650329191	9.10064236736705	8.51038627316396	49	miss
#4283C9	6.3036622488919	6.74013843666284	3.9851017742594	4.88481758356195	49	hit
#4283C9	9.2804288935819	9.8279662684566	2.17883874812462	3.01561997587494	49	hit
#0D3A6B	2.60703855286875	3.45087224059215	6.5044373051276	7.04104210147508	49	miss
#4283C9	9.44935387730299	9.53784942362757	0.0981682768099013	1.09424484930858	49	hit
#0D3A6B	1.55412322966159	2.41261090958714	6.08072931160134	6.59356349865991	49	miss
#4283C9	5.34235492980771	5.87123260201223	8.01566518368147	7.16696711732127	49	hit
#0D3A6B	5.60227136947534	6.59503487050214	6.36241008643778	6.4824960182908	49	miss
#0D3A6B	9.15462976355966	10.012921690597	0.578606023518125	0.0654442868477303	49	miss
#0D3A6B	8.97952352212304	9.85291770166224	4.2506617383795	4.73767570855598	49	miss
#0D3A6B	9.52903699039218	10.1819635377944	1.23539832378641	1.99281955645516	49	miss
#4283C9	3.16899323151594	3.73038952923233	4.58675464203957	5.41430173853036	49	hit
#0D3A6B	6.3896034786043	7.15704992995287	1.3440067032834	1.98511975440035	49	miss
#0D3A6B	6.48673560134627	7.26482273880831	7.27727289336577	6.64911653821513	49	miss
#0D3A6B	6.55191098430765	7.52732879391301	9.57611004416772	9.35574648841343	49	miss
#0D3A6B	3.83038989758562	4.18917592590232	6.02705894492586	5.0936391112579	49	miss
#0D3A6B	1.87544574184862	2.84297914089117	9.87512158338452	9.62237839012867	49	miss
#4283C9	1.00202896261842	1.64385205039501	8.16585612911401	7.3990033896673	49	hit
#0D3A6B	3.54427647851181	4.51091394685435	0.622112076092719	0.878260479945482	49	miss
#4283C9	-0.47716274146127	0.521362430752688	7.61426083449807	7.55997013128762	49	hit
#4283C9	3.53153431615068	3.75141925351488	8.89208384891069	7.91655803463393	49	hit
#4283C9	7.60669511294966	7.74489198793615	6.90025225632574	5.90984747859899	49	hit
#0D3A6B	4.37553458319724	5.11096485020846	2.12241163268225	1.44481121771498	49	miss
#4283C9	2.52590405932183	2.77753971339648	9.69346210853625	8.72564007035029	49	hit
#0D3A6B	4.88137405984843	5.16248886785662	3.20361729803244	2.24394315296104	49	miss
#0D3A6B	4.83008491479837	5.75934810425109	0.405771307982044	0.0363529479508236	49	miss
#4283C9	-0.265025033435332	0.720434587268637	2.05932464898631	2.22923443670317	49	hit
#0D3A6B	0.974627292723468	1.96008702552963	3.27537898567961	3.44528812321378	49	miss
#0D3A6B	2.23496405172352	3.08105692037191	5.82527980836341	5.29224429582944	49	miss
#0D3A6B	1.23256535299137	2.18990287248031	7.9709987427357	7.68202664411931	49	miss
#4283C9	8.4054060326615	8.93127909398585	9.10312310130858	9.95368616385794	49	hit
#4283C9	0.567056484475457	0.924677067481256	4.72273559276451	3.78886862225394	49	hit
#0D3A6B	8.6011666389276	9.59034169520245	4.42752151537271	4.57426178947507	49	miss
#0D3A6B	0.691632064030001	1.46458265002029	4.97792263864681	4.34345641289696	49	miss
#4283C9	7.3478416162493	7.93200089177616	0.955990969466668	0.144351923575002	49	hit
#4283C9	5.05312048722132	5.8585023937367	0.772856991456584	1.36561325220601	49	hit
#0D3A6B	5.44517086721007	6.24581359890308	3.56481147668275	4.16395354346421	49	miss
#4283C9	1.25364977432216	1.79413204981213	6.67819665403996	7.51955205449876	49	hit
#4283C9	7.11708459859878	7.39052873713732	7.62884209770443	8.59072998259483	49	hit
#4283C9	0.577025773416674	0.597541568387831	3.77107398929478	2.77128446036546	49	hit
#4283C9	5.0770361954126	5.25368236007509	6.57630336456581	7.56057778387682	49	hit
#4283C9	4.25269523210635	4.94155340787212	2.37247499334415	1.64757885341743	49	hit
#0D3A6B	6.64059390834032	7.25752600414248	1.84810587530737	2.63512225961531	49	miss
#0D3A6B	1.56233441917788	2.41683233627487	1.50054211754189	0.981087297873333	50	miss
#4283C9	5.25061492577388	5.8520913147162	8.24592171004299	7.44703113333996	50	hit
#4283C9	-0.0334661034170937	0.383092276682372	7.12091416275359	8.03002313090258	50	hit
#4283C9	3.00850058585024	3.49494731374466	2.08223467700742	1.20852443847246	50	hit
#0D3A6B	1.86923610317457	2.83261098627996	7.52825648922807	7.2600982624259	50	miss
#4283C9	3.5321544824767	3.94747589094163	8.27034377803498	7.36066904074109	50	hit
#0D3A6B	9.57643428422159	10.383650329191	9.10064236736705	8.51038627316396	50	miss
#4283C9	6.3036622488919	6.74013843666284	3.9851017742594	4.88481758356195	50	hit
#4283C9	9.2804288935819	9.8279662684566	2.17883874812462	3.01561997587494	50	hit
#0D3A6B	2.60703855286875	3.45087224059215	6.5044373051276	7.04104210147508	50	miss
#4283C9	9.44935387730299	9.53784942362757	0.0981682768099013	1.09424484930858	50	hit
#0D3A6B	1.55412322966159	2.41261090958714	6.08072931160134	6.59356349865991	50	miss
#4283C9	5.34235492980771	5.87123260201223	8.01566518368147	7.16696711732127	50	hit
#0D3A6B	5.60227136947534	6.59503487050214	6.36241008643778	6.4824960182908	50	miss
#0D3A6B	9.15462976355966	10.012921690597	0.578606023518125	0.0654442868477303	50	miss
#0D3A6B	8.97952352212304	9.85291770166224	4.2506617383795	4.73767570855598	50	miss
#0D3A6B	9.52903699039218	10.1819635377944	1.23539832378641	1.99281955645516	50	miss
#4283C9	3.16899323151594	3.73038952923233	4.58675464203957	5.41430173853036	50	hit
#0D3A6B	6.3896034786043	7.15704992995287	1.3440067032834	1.98511975440035	50	miss
#0D3A6B	6.48673560134627	7.26482273880831	7.27727289336577	6.64911653821513	50	miss
#0D3A6B	6.55191098430765	7.52732879391301	9.57611004416772	9.35574648841343	50	miss
#0D3A6B	3.83038989758562	4.18917592590232	6.02705894492586	5.0936391112579	50	miss
#0D3A6B	1.87544574184862	2.84297914089117	9.87512158338452	9.62237839012867	50	miss
#4283C9	1.00202896261842	1.64385205039501	8.16585612911401	7.3990033896673	50	hit
#0D3A6B	3.54427647851181	4.51091394685435	0.622112076092719	0.878260479945482	50	miss
#4283C9	-0.47716274146127	0.521362430752688	7.61426083449807	7.55997013128762	50	hit
#4283C9	3.53153431615068	3.75141925351488	8.89208384891069	7.91655803463393	50	hit
#4283C9	7.60669511294966	7.74489198793615	6.90025225632574	5.90984747859899	50	hit
#0D3A6B	4.37553458319724	5.11096485020846	2.12241163268225	1.44481121771498	50	miss
#4283C9	2.52590405932183	2.77753971339648	9.69346210853625	8.72564007035029	50	hit
#0D3A6B	4.88137405984843	5.16248886785662	3.20361729803244	2.24394315296104	50	miss
#0D3A6B	4.83008491479837	5.75934810425109	0.405771307982044	0.0363529479508236	50	miss
#4283C9	-0.265025033435332	0.720434587268637	2.05932464898631	2.22923443670317	50	hit
#0D3A6B	0.974627292723468	1.96008702552963	3.27537898567961	3.44528812321378	50	miss
#0D3A6B	2.23496405172352	3.08105692037191	5.82527980836341	5.29224429582944	50	miss
#0D3A6B	1.23256535299137	2.18990287248031	7.9709987427357	7.68202664411931	50	miss
#4283C9	8.4054060326615	8.93127909398585	9.10312310130858	9.95368616385794	50	hit
#4283C9	0.567056484475457	0.924677067481256	4.72273559276451	3.78886862225394	50	hit
#0D3A6B	8.6011666389276	9.59034169520245	4.42752151537271	4.57426178947507	50	miss
#0D3A6B	0.691632064030001	1.46458265002029	4.97792263864681	4.34345641289696	50	miss
#4283C9	7.3478416162493	7.93200089177616	0.955990969466668	0.144351923575002	50	hit
#4283C9	5.05312048722132	5.8585023937367	0.772856991456584	1.36561325220601	50	hit
#0D3A6B	5.44517086721007	6.24581359890308	3.56481147668275	4.16395354346421	50	miss
#4283C9	1.25364977432216	1.79413204981213	6.67819665403996	7.51955205449876	50	hit
#4283C9	7.11708459859878	7.39052873713732	7.62884209770443	8.59072998259483	50	hit
#4283C9	0.577025773416674	0.597541568387831	3.77107398929478	2.77128446036546	50	hit
#4283C9	5.0770361954126	5.25368236007509	6.57630336456581	7.56057778387682	50	hit
#4283C9	4.25269523210635	4.94155340787212	2.37247499334415	1.64757885341743	50	hit
#0D3A6B	6.64059390834032	7.25752600414248	1.84810587530737	2.63512225961531	50	miss
#0D3A6B	7.47455283401258	8.47039908768885	1.23159481825566	1.14054406845684	50	miss
#0D3A6B	1.56233441917788	2.41683233627487	1.50054211754189	0.981087297873333	51	miss
#4283C9	5.25061492577388	5.8520913147162	8.24592171004299	7.44703113333996	51	hit
#4283C9	-0.0334661034170937	0.383092276682372	7.12091416275359	8.03002313090258	51	hit
#4283C9	3.00850058585024	3.49494731374466	2.08223467700742	1.20852443847246	51	hit
#0D3A6B	1.86923610317457	2.83261098627996	7.52825648922807	7.2600982624259	51	miss
#4283C9	3.5321544824767	3.94747589094163	8.27034377803498	7.36066904074109	51	hit
#0D3A6B	9.57643428422159	10.383650329191	9.10064236736705	8.51038627316396	51	miss
#4283C9	6.3036622488919	6.74013843666284	3.9851017742594	4.88481758356195	51	hit
#4283C9	9.2804288935819	9.8279662684566	2.17883874812462	3.01561997587494	51	hit
#0D3A6B	2.60703855286875	3.45087224059215	6.5044373051276	7.04104210147508	51	miss
#4283C9	9.44935387730299	9.53784942362757	0.0981682768099013	1.09424484930858	51	hit
#0D3A6B	1.55412322966159	2.41261090958714	6.08072931160134	6.59356349865991	51	miss
#4283C9	5.34235492980771	5.87123260201223	8.01566518368147	7.16696711732127	51	hit
#0D3A6B	5.60227136947534	6.59503487050214	6.36241008643778	6.4824960182908	51	miss
#0D3A6B	9.15462976355966	10.012921690597	0.578606023518125	0.0654442868477303	51	miss
#0D3A6B	8.97952352212304	9.85291770166224	4.2506617383795	4.73767570855598	51	miss
#0D3A6B	9.52903699039218	10.1819635377944	1.23539832378641	1.99281955645516	51	miss
#4283C9	3.16899323151594	3.73038952923233	4.58675464203957	5.41430173853036	51	hit
#0D3A6B	6.3896034786043	7.15704992995287	1.3440067032834	1.98511975440035	51	miss
#0D3A6B	6.48673560134627	7.26482273880831	7.27727289336577	6.64911653821513	51	miss
#0D3A6B	6.55191098430765	7.52732879391301	9.57611004416772	9.35574648841343	51	miss
#0D3A6B	3.83038989758562	4.18917592590232	6.02705894492586	5.0936391112579	51	miss
#0D3A6B	1.87544574184862	2.84297914089117	9.87512158338452	9.62237839012867	51	miss
#4283C9	1.00202896261842	1.64385205039501	8.16585612911401	7.3990033896673	51	hit
#0D3A6B	3.54427647851181	4.51091394685435	0.622112076092719	0.878260479945482	51	miss
#4283C9	-0.47716274146127	0.521362430752688	7.61426083449807	7.55997013128762	51	hit
#4283C9	3.53153431615068	3.75141925351488	8.89208384891069	7.91655803463393	51	hit
#4283C9	7.60669511294966	7.74489198793615	6.90025225632574	5.90984747859899	51	hit
#0D3A6B	4.37553458319724	5.11096485020846	2.12241163268225	1.44481121771498	51	miss
#4283C9	2.52590405932183	2.77753971339648	9.69346210853625	8.72564007035029	51	hit
#0D3A6B	4.88137405984843	5.16248886785662	3.20361729803244	2.24394315296104	51	miss
#0D3A6B	4.83008491479837	5.75934810425109	0.405771307982044	0.0363529479508236	51	miss
#4283C9	-0.265025033435332	0.720434587268637	2.05932464898631	2.22923443670317	51	hit
#0D3A6B	0.974627292723468	1.96008702552963	3.27537898567961	3.44528812321378	51	miss
#0D3A6B	2.23496405172352	3.08105692037191	5.82527980836341	5.29224429582944	51	miss
#0D3A6B	1.23256535299137	2.18990287248031	7.9709987427357	7.68202664411931	51	miss
#4283C9	8.4054060326615	8.93127909398585	9.10312310130858	9.95368616385794	51	hit
#4283C9	0.567056484475457	0.924677067481256	4.72273559276451	3.78886862225394	51	hit
#0D3A6B	8.6011666389276	9.59034169520245	4.42752151537271	4.57426178947507	51	miss
#0D3A6B	0.691632064030001	1.46458265002029	4.97792263864681	4.34345641289696	51	miss
#4283C9	7.3478416162493	7.93200089177616	0.955990969466668	0.144351923575002	51	hit
#4283C9	5.05312048722132	5.8585023937367	0.772856991456584	1.36561325220601	51	hit
#0D3A6B	5.44517086721007	6.24581359890308	3.56481147668275	4.16395354346421	51	miss
#4283C9	1.25364977432216	1.79413204981213	6.67819665403996	7.51955205449876	51	hit
#4283C9	7.11708459859878	7.39052873713732	7.62884209770443	8.59072998259483	51	hit
#4283C9	0.577025773416674	0.597541568387831	3.77107398929478	2.77128446036546	51	hit
#4283C9	5.0770361954126	5.25368236007509	6.57630336456581	7.56057778387682	51	hit
#4283C9	4.25269523210635	4.94155340787212	2.37247499334415	1.64757885341743	51	hit
#0D3A6B	6.64059390834032	7.25752600414248	1.84810587530737	2.63512225961531	51	miss
#0D3A6B	7.47455283401258	8.47039908768885	1.23159481825566	1.14054406845684	51	miss
#4283C9	6.06473326449075	6.87901811442545	5.6659174374159	6.24638292576712	51	hit
#0D3A6B	1.56233441917788	2.41683233627487	1.50054211754189	0.981087297873333	52	miss
#4283C9	5.25061492577388	5.8520913147162	8.24592171004299	7.44703113333996	52	hit
#4283C9	-0.0334661034170937	0.383092276682372	7.12091416275359	8.03002313090258	52	hit
#4283C9	3.00850058585024	3.49494731374466	2.08223467700742	1.20852443847246	52	hit
#0D3A6B	1.86923610317457	2.83261098627996	7.52825648922807	7.2600982624259	52	miss
#4283C9	3.5321544824767	3.94747589094163	8.27034377803498	7.36066904074109	52	hit
#0D3A6B	9.57643428422159	10.383650329191	9.10064236736705	8.51038627316396	52	miss
#4283C9	6.3036622488919	6.74013843666284	3.9851017742594	4.88481758356195	52	hit
#4283C9	9.2804288935819	9.8279662684566	2.17883874812462	3.01561997587494	52	hit
#0D3A6B	2.60703855286875	3.45087224059215	6.5044373051276	7.04104210147508	52	miss
#4283C9	9.44935387730299	9.53784942362757	0.0981682768099013	1.09424484930858	52	hit
#0D3A6B	1.55412322966159	2.41261090958714	6.08072931160134	6.59356349865991	52	miss
#4283C9	5.34235492980771	5.87123260201223	8.01566518368147	7.16696711732127	52	hit
#0D3A6B	5.60227136947534	6.59503487050214	6.36241008643778	6.4824960182908	52	miss
#0D3A6B	9.15462976355966	10.012921690597	0.578606023518125	0.0654442868477303	52	miss
#0D3A6B	8.97952352212304	9.85291770166224	4.2506617383795	4.73767570855598	52	miss
#0D3A6B	9.52903699039218	10.1819635377944	1.23539832378641	1.99281955645516	52	miss
#4283C9	3.16899323151594	3.73038952923233	4.58675464203957	5.41430173853036	52	hit
#0D3A6B	6.3896034786043	7.15704992995287	1.3440067032834	1.98511975440035	52	miss
#0D3A6B	6.48673560134627	7.26482273880831	7.27727289336577	6.64911653821513	52	miss
#0D3A6B	6.55191098430765	7.52732879391301	9.57611004416772	9.35574648841343	52	miss
#0D3A6B	3.83038989758562	4.18917592590232	6.02705894492586	5.0936391112579	52	miss
#0D3A6B	1.87544574184862	2.84297914089117	9.87512158338452	9.62237839012867	52	miss
#4283C9	1.00202896261842	1.64385205039501	8.16585612911401	7.3990033896673	52	hit
#0D3A6B	3.54427647851181	4.51091394685435	0.622112076092719	0.878260479945482	52	miss
#4283C9	-0.47716274146127	0.521362430752688	7.61426083449807	7.55997013128762	52	hit
#4283C9	3.53153431615068	3.75141925351488	8.89208384891069	7.91655803463393	52	hit
#4283C9	7.60669511294966	7.74489198793615	6.90025225632574	5.90984747859899	52	hit
#0D3A6B	4.37553458319724	5.11096485020846	2.12241163268225	1.44481121771498	52	miss
#4283C9	2.52590405932183	2.77753971339648	9.69346210853625	8.72564007035029	52	hit
#0D3A6B	4.88137405984843	5.16248886785662	3.20361729803244	2.24394315296104	52	miss
#0D3A6B	4.83008491479837	5.75934810425109	0.405771307982044	0.0363529479508236	52	miss
#4283C9	-0.265025033435332	0.720434587268637	2.05932464898631	2.22923443670317	52	hit
#0D3A6B	0.974627292723468	1.96008702552963	3.27537898567961	3.44528812321378	52	miss
#0D3A6B	2.23496405172352	3.08105692037191	5.82527980836341	5.29224429582944	52	miss
#0D3A6B	1.23256535299137	2.18990287248031	7.9709987427357	7.68202664411931	52	miss
#4283C9	8.4054060326615	8.93127909398585	9.10312310130858	9.95368616385794	52	hit
#4283C9	0.567056484475457	0.924677067481256	4.72273559276451	3.78886862225394	52	hit
#0D3A6B	8.6011666389276	9.59034169520245	4.42752151537271	4.57426178947507	52	miss
#0D3A6B	0.691632064030001	1.46458265002029	4.97792263864681	4.34345641289696	52	miss
#4283C9	7.3478416162493	7.93200089177616	0.955990969466668	0.144351923575002	52	hit
#4283C9	5.05312048722132	5.8585023937367	0.772856991456584	1.36561325220601	52	hit
#0D3A6B	5.44517086721007	6.24581359890308	3.56481147668275	4.16395354346421	52	miss
#4283C9	1.25364977432216	1.79413204981213	6.67819665403996	7.51955205449876	52	hit
#4283C9	7.11708459859878	7.39052873713732	7.62884209770443	8.59072998259483	52	hit
#4283C9	0.577025773416674	0.597541568387831	3.77107398929478	2.77128446036546	52	hit
#4283C9	5.0770361954126	5.25368236007509	6.57630336456581	7.56057778387682	52	hit
#4283C9	4.25269523210635	4.94155340787212	2.37247499334415	1.64757885341743	52	hit
#0D3A6B	6.64059390834032	7.25752600414248	1.84810587530737	2.63512225961531	52	miss
#0D3A6B	7.47455283401258	8.47039908768885	1.23159481825566	1.14054406845684	52	miss
#4283C9	6.06473326449075	6.87901811442545	5.6659174374159	6.24638292576712	52	hit
#0D3A6B	3.46516562218036	4.46208327019398	1.32140167274515	1.24294657043179	52	miss
#0D3A6B	1.56233441917788	2.41683233627487	1.50054211754189	0.981087297873333	53	miss
#4283C9	5.25061492577388	5.8520913147162	8.24592171004299	7.44703113333996	53	hit
#4283C9	-0.0334661034170937	0.383092276682372	7.12091416275359	8.03002313090258	53	hit
#4283C9	3.00850058585024	3.49494731374466	2.08223467700742	1.20852443847246	53	hit
#0D3A6B	1.86923610317457	2.83261098627996	7.52825648922807	7.2600982624259	53	miss
#4283C9	3.5321544824767	3.94747589094163	8.27034377803498	7.36066904074109	53	hit
#0D3A6B	9.57643428422159	10.383650329191	9.10064236736705	8.51038627316396	53	miss
#4283C9	6.3036622488919	6.74013843666284	3.9851017742594	4.88481758356195	53	hit
#4283C9	9.2804288935819	9.8279662684566	2.17883874812462	3.01561997587494	53	hit
#0D3A6B	2.60703855286875	3.45087224059215	6.5044373051276	7.04104210147508	53	miss
#4283C9	9.44935387730299	9.53784942362757	0.0981682768099013	1.09424484930858	53	hit
#0D3A6B	1.55412322966159	2.41261090958714	6.08072931160134	6.59356349865991	53	miss
#4283C9	5.34235492980771	5.87123260201223	8.01566518368147	7.16696711732127	53	hit
#0D3A6B	5.60227136947534	6.59503487050214	6.36241008643778	6.4824960182908	53	miss
#0D3A6B	9.15462976355966	10.012921690597	0.578606023518125	0.0654442868477303	53	miss
#0D3A6B	8.97952352212304	9.85291770166224	4.2506617383795	4.73767570855598	53	miss
#0D3A6B	9.52903699039218	10.1819635377944	1.23539832378641	1.99281955645516	53	miss
#4283C9	3.16899323151594	3.73038952923233	4.58675464203957	5.41430173853036	53	hit
#0D3A6B	6.3896034786043	7.15704992995287	1.3440067032834	1.98511975440035	53	miss
#0D3A6B	6.48673560134627	7.26482273880831	7.27727289336577	6.64911653821513	53	miss
#0D3A6B	6.55191098430765	7.52732879391301	9.57611004416772	9.35574648841343	53	miss
#0D3A6B	3.83038989758562	4.18917592590232	6.02705894492586	5.0936391112579	53	miss
#0D3A6B	1.87544574184862	2.84297914089117	9.87512158338452	9.62237839012867	53	miss
#4283C9	1.00202896261842	1.64385205039501	8.16585612911401	7.3990033896673	53	hit
#0D3A6B	3.54427647851181	4.51091394685435	0.622112076092719	0.878260479945482	53	miss
#4283C9	-0.47716274146127	0.521362430752688	7.61426083449807	7.55997013128762	53	hit
#4283C9	3.53153431615068	3.75141925351488	8.89208384891069	7.91655803463393	53	hit
#4283C9	7.60669511294966	7.74489198793615	6.90025225632574	5.90984747859899	53	hit
#0D3A6B	4.37553458319724	5.11096485020846	2.12241163268225	1.44481121771498	53	miss
#4283C9	2.52590405932183	2.77753971339648	9.69346210853625	8.72564007035029	53	hit
#0D3A6B	4.88137405984843	5.16248886785662	3.20361729803244	2.24394315296104	53	miss
#0D3A6B	4.83008491479837	5.75934810425109	0.405771307982044	0.0363529479508236	53	miss
#4283C9	-0.265025033435332	0.720434587268637	2.05932464898631	2.22923443670317	53	hit
#0D3A6B	0.974627292723468	1.96008702552963	3.27537898567961	3.44528812321378	53	miss
#0D3A6B	2.23496405172352	3.08105692037191	5.82527980836341	5.29224429582944	53	miss
#0D3A6B	1.23256535299137	2.18990287248031	7.9709987427357	7.68202664411931	53	miss
#4283C9	8.4054060326615	8.93127909398585	9.10312310130858	9.95368616385794	53	hit
#4283C9	0.567056484475457	0.924677067481256	4.72273559276451	3.78886862225394	53	hit
#0D3A6B	8.6011666389276	9.59034169520245	4.42752151537271	4.57426178947507	53	miss
#0D3A6B	0.691632064030001	1.46458265002029	4.97792263864681	4.34345641289696	53	miss
#4283C9	7.3478416162493	7.93200089177616	0.955990969466668	0.144351923575002	53	hit
#4283C9	5.05312048722132	5.8585023937367	0.772856991456584	1.36561325220601	53	hit
#0D3A6B	5.44517086721007	6.24581359890308	3.56481147668275	4.16395354346421	53	miss
#4283C9	1.25364977432216	1.79413204981213	6.67819665403996	7.51955205449876	53	hit
#4283C9	7.11708459859878	7.39052873713732	7.62884209770443	8.59072998259483	53	hit
#4283C9	0.577025773416674	0.597541568387831	3.77107398929478	2.77128446036546	53	hit
#4283C9	5.0770361954126	5.25368236007509	6.57630336456581	7.56057778387682	53	hit
#4283C9	4.25269523210635	4.94155340787212	2.37247499334415	1.64757885341743	53	hit
#0D3A6B	6.64059390834032	7.25752600414248	1.84810587530737	2.63512225961531	53	miss
#0D3A6B	7.47455283401258	8.47039908768885	1.23159481825566	1.14054406845684	53	miss
#4283C9	6.06473326449075	6.87901811442545	5.6659174374159	6.24638292576712	53	hit
#0D3A6B	3.46516562218036	4.46208327019398	1.32140167274515	1.24294657043179	53	miss
#0D3A6B	9.53562853847112	10.1342266705963	6.75986743035362	5.95881794610425	53	miss
#0D3A6B	1.56233441917788	2.41683233627487	1.50054211754189	0.981087297873333	54	miss
#4283C9	5.25061492577388	5.8520913147162	8.24592171004299	7.44703113333996	54	hit
#4283C9	-0.0334661034170937	0.383092276682372	7.12091416275359	8.03002313090258	54	hit
#4283C9	3.00850058585024	3.49494731374466	2.08223467700742	1.20852443847246	54	hit
#0D3A6B	1.86923610317457	2.83261098627996	7.52825648922807	7.2600982624259	54	miss
#4283C9	3.5321544824767	3.94747589094163	8.27034377803498	7.36066904074109	54	hit
#0D3A6B	9.57643428422159	10.383650329191	9.10064236736705	8.51038627316396	54	miss
#4283C9	6.3036622488919	6.74013843666284	3.9851017742594	4.88481758356195	54	hit
#4283C9	9.2804288935819	9.8279662684566	2.17883874812462	3.01561997587494	54	hit
#0D3A6B	2.60703855286875	3.45087224059215	6.5044373051276	7.04104210147508	54	miss
#4283C9	9.44935387730299	9.53784942362757	0.0981682768099013	1.09424484930858	54	hit
#0D3A6B	1.55412322966159	2.41261090958714	6.08072931160134	6.59356349865991	54	miss
#4283C9	5.34235492980771	5.87123260201223	8.01566518368147	7.16696711732127	54	hit
#0D3A6B	5.60227136947534	6.59503487050214	6.36241008643778	6.4824960182908	54	miss
#0D3A6B	9.15462976355966	10.012921690597	0.578606023518125	0.0654442868477303	54	miss
#0D3A6B	8.97952352212304	9.85291770166224	4.2506617383795	4.73767570855598	54	miss
#0D3A6B	9.52903699039218	10.1819635377944	1.23539832378641	1.99281955645516	54	miss
#4283C9	3.16899323151594	3.73038952923233	4.58675464203957	5.41430173853036	54	hit
#0D3A6B	6.3896034786043	7.15704992995287	1.3440067032834	1.98511975440035	54	miss
#0D3A6B	6.48673560134627	7.26482273880831	7.27727289336577	6.64911653821513	54	miss
#0D3A6B	6.55191098430765	7.52732879391301	9.57611004416772	9.35574648841343	54	miss
#0D3A6B	3.83038989758562	4.18917592590232	6.02705894492586	5.0936391112579	54	miss
#0D3A6B	1.87544574184862	2.84297914089117	9.87512158338452	9.62237839012867	54	miss
#4283C9	1.00202896261842	1.64385205039501	8.16585612911401	7.3990033896673	54	hit
#0D3A6B	3.54427647851181	4.51091394685435	0.622112076092719	0.878260479945482	54	miss
#4283C9	-0.47716274146127	0.521362430752688	7.61426083449807	7.55997013128762	54	hit
#4283C9	3.53153431615068	3.75141925351488	8.89208384891069	7.91655803463393	54	hit
#4283C9	7.60669511294966	7.74489198793615	6.90025225632574	5.90984747859899	54	hit
#0D3A6B	4.37553458319724	5.11096485020846	2.12241163268225	1.44481121771498	54	miss
#4283C9	2.52590405932183	2.77753971339648	9.69346210853625	8.72564007035029	54	hit
#0D3A6B	4.88137405984843	5.16248886785662	3.20361729803244	2.24394315296104	54	miss
#0D3A6B	4.83008491479837	5.75934810425109	0.405771307982044	0.0363529479508236	54	miss
#4283C9	-0.265025033435332	0.720434587268637	2.05932464898631	2.22923443670317	54	hit
#0D3A6B	0.974627292723468	1.96008702552963	3.27537898567961	3.44528812321378	54	miss
#0D3A6B	2.23496405172352	3.08105692037191	5.82527980836341	5.29224429582944	54	miss
#0D3A6B	1.23256535299137	2.18990287248031	7.9709987427357	7.68202664411931	54	miss
#4283C9	8.4054060326615	8.93127909398585	9.10312310130858	9.95368616385794	54	hit
#4283C9	0.567056484475457	0.924677067481256	4.72273559276451	3.78886862225394	54	hit
#0D3A6B	8.6011666389276	9.59034169520245	4.42752151537271	4.57426178947507	54	miss
#0D3A6B	0.691632064030001	1.46458265002029	4.97792263864681	4.34345641289696	54	miss
#4283C9	7.3478416162493	7.93200089177616	0.955990969466668	0.144351923575002	54	hit
#4283C9	5.05312048722132	5.8585023937367	0.772856991456584	1.36561325220601	54	hit
#0D3A6B	5.44517086721007	6.24581359890308	3.56481147668275	4.16395354346421	54	miss
#4283C9	1.25364977432216	1.79413204981213	6.67819665403996	7.51955205449876	54	hit
#4283C9	7.11708459859878	7.39052873713732	7.62884209770443	8.59072998259483	54	hit
#4283C9	0.577025773416674	0.597541568387831	3.77107398929478	2.77128446036546	54	hit
#4283C9	5.0770361954126	5.25368236007509	6.57630336456581	7.56057778387682	54	hit
#4283C9	4.25269523210635	4.94155340787212	2.37247499334415	1.64757885341743	54	hit
#0D3A6B	6.64059390834032	7.25752600414248	1.84810587530737	2.63512225961531	54	miss
#0D3A6B	7.47455283401258	8.47039908768885	1.23159481825566	1.14054406845684	54	miss
#4283C9	6.06473326449075	6.87901811442545	5.6659174374159	6.24638292576712	54	hit
#0D3A6B	3.46516562218036	4.46208327019398	1.32140167274515	1.24294657043179	54	miss
#0D3A6B	9.53562853847112	10.1342266705963	6.75986743035362	5.95881794610425	54	miss
#4283C9	3.13670302090399	3.17433557658292	0.607905272363857	1.60719691685663	54	hit
#0D3A6B	1.56233441917788	2.41683233627487	1.50054211754189	0.981087297873333	55	miss
#4283C9	5.25061492577388	5.8520913147162	8.24592171004299	7.44703113333996	55	hit
#4283C9	-0.0334661034170937	0.383092276682372	7.12091416275359	8.03002313090258	55	hit
#4283C9	3.00850058585024	3.49494731374466	2.08223467700742	1.20852443847246	55	hit
#0D3A6B	1.86923610317457	2.83261098627996	7.52825648922807	7.2600982624259	55	miss
#4283C9	3.5321544824767	3.94747589094163	8.27034377803498	7.36066904074109	55	hit
#0D3A6B	9.57643428422159	10.383650329191	9.10064236736705	8.51038627316396	55	miss
#4283C9	6.3036622488919	6.74013843666284	3.9851017742594	4.88481758356195	55	hit
#4283C9	9.2804288935819	9.8279662684566	2.17883874812462	3.01561997587494	55	hit
#0D3A6B	2.60703855286875	3.45087224059215	6.5044373051276	7.04104210147508	55	miss
#4283C9	9.44935387730299	9.53784942362757	0.0981682768099013	1.09424484930858	55	hit
#0D3A6B	1.55412322966159	2.41261090958714	6.08072931160134	6.59356349865991	55	miss
#4283C9	5.34235492980771	5.87123260201223	8.01566518368147	7.16696711732127	55	hit
#0D3A6B	5.60227136947534	6.59503487050214	6.36241008643778	6.4824960182908	55	miss
#0D3A6B	9.15462976355966	10.012921690597	0.578606023518125	0.0654442868477303	55	miss
#0D3A6B	8.97952352212304	9.85291770166224	4.2506617383795	4.73767570855598	55	miss
#0D3A6B	9.52903699039218	10.1819635377944	1.23539832378641	1.99281955645516	55	miss
#4283C9	3.16899323151594	3.73038952923233	4.58675464203957	5.41430173853036	55	hit
#0D3A6B	6.3896034786043	7.15704992995287	1.3440067032834	1.98511975440035	55	miss
#0D3A6B	6.48673560134627	7.26482273880831	7.27727289336577	6.64911653821513	55	miss
#0D3A6B	6.55191098430765	7.52732879391301	9.57611004416772	9.35574648841343	55	miss
#0D3A6B	3.83038989758562	4.18917592590232	6.02705894492586	5.0936391112579	55	miss
#0D3A6B	1.87544574184862	2.84297914089117	9.87512158338452	9.62237839012867	55	miss
#4283C9	1.00202896261842	1.64385205039501	8.16585612911401	7.3990033896673	55	hit
#0D3A6B	3.54427647851181	4.51091394685435	0.622112076092719	0.878260479945482	55	miss
#4283C9	-0.47716274146127	0.521362430752688	7.61426083449807	7.55997013128762	55	hit
#4283C9	3.53153431615068	3.75141925351488	8.89208384891069	7.91655803463393	55	hit
#4283C9	7.60669511294966	7.74489198793615	6.90025225632574	5.90984747859899	55	hit
#0D3A6B	4.37553458319724	5.11096485020846	2.12241163268225	1.44481121771498	55	miss
#4283C9	2.52590405932183	2.77753971339648	9.69346210853625	8.72564007035029	55	hit
#0D3A6B	4.88137405984843	5.16248886785662	3.20361729803244	2.24394315296104	55	miss
#0D3A6B	4.83008491479837	5.75934810425109	0.405771307982044	0.0363529479508236	55	miss
#4283C9	-0.265025033435332	0.720434587268637	2.05932464898631	2.22923443670317	55	hit
#0D3A6B	0.974627292723468	1.96008702552963	3.27537898567961	3.44528812321378	55	miss
#0D3A6B	2.23496405172352	3.08105692037191	5.82527980836341	5.29224429582944	55	miss
#0D3A6B	1.23256535299137	2.18990287248031	7.9709987427357	7.68202664411931	55	miss
#4283C9	8.4054060326615	8.93127909398585	9.10312310130858	9.95368616385794	55	hit
#4283C9	0.567056484475457	0.924677067481256	4.72273559276451	3.78886862225394	55	hit
#0D3A6B	8.6011666389276	9.59034169520245	4.42752151537271	4.57426178947507	55	miss
#0D3A6B	0.691632064030001	1.46458265002029	4.97792263864681	4.34345641289696	55	miss
#4283C9	7.3478416162493	7.93200089177616	0.955990969466668	0.144351923575002	55	hit
#4283C9	5.05312048722132	5.8585023937367	0.772856991456584	1.36561325220601	55	hit
#0D3A6B	5.44517086721007	6.24581359890308	3.56481147668275	4.16395354346421	55	miss
#4283C9	1.25364977432216	1.79413204981213	6.67819665403996	7.51955205449876	55	hit
#4283C9	7.11708459859878	7.39052873713732	7.62884209770443	8.59072998259483	55	hit
#4283C9	0.577025773416674	0.597541568387831	3.77107398929478	2.77128446036546	55	hit
#4283C9	5.0770361954126	5.25368236007509	6.57630336456581	7.56057778387682	55	hit
#4283C9	4.25269523210635	4.94155340787212	2.37247499334415	1.64757885341743	55	hit
#0D3A6B	6.64059390834032	7.25752600414248	1.84810587530737	2.63512225961531	55	miss
#0D3A6B	7.47455283401258	8.47039908768885	1.23159481825566	1.14054406845684	55	miss
#4283C9	6.06473326449075	6.87901811442545	5.6659174374159	6.24638292576712	55	hit
#0D3A6B	3.46516562218036	4.46208327019398	1.32140167274515	1.24294657043179	55	miss
#0D3A6B	9.53562853847112	10.1342266705963	6.75986743035362	5.95881794610425	55	miss
#4283C9	3.13670302090399	3.17433557658292	0.607905272363857	1.60719691685663	55	hit
#4283C9	6.6696266946209	6.7582529527309	5.28874805764358	4.29268310676266	55	hit
#0D3A6B	1.56233441917788	2.41683233627487	1.50054211754189	0.981087297873333	56	miss
#4283C9	5.25061492577388	5.8520913147162	8.24592171004299	7.44703113333996	56	hit
#4283C9	-0.0334661034170937	0.383092276682372	7.12091416275359	8.03002313090258	56	hit
#4283C9	3.00850058585024	3.49494731374466	2.08223467700742	1.20852443847246	56	hit
#0D3A6B	1.86923610317457	2.83261098627996	7.52825648922807	7.2600982624259	56	miss
#4283C9	3.5321544824767	3.94747589094163	8.27034377803498	7.36066904074109	56	hit
#0D3A6B	9.57643428422159	10.383650329191	9.10064236736705	8.51038627316396	56	miss
#4283C9	6.3036622488919	6.74013843666284	3.9851017742594	4.88481758356195	56	hit
#4283C9	9.2804288935819	9.8279662684566	2.17883874812462	3.01561997587494	56	hit
#0D3A6B	2.60703855286875	3.45087224059215	6.5044373051276	7.04104210147508	56	miss
#4283C9	9.44935387730299	9.53784942362757	0.0981682768099013	1.09424484930858	56	hit
#0D3A6B	1.55412322966159	2.41261090958714	6.08072931160134	6.59356349865991	56	miss
#4283C9	5.34235492980771	5.87123260201223	8.01566518368147	7.16696711732127	56	hit
#0D3A6B	5.60227136947534	6.59503487050214	6.36241008643778	6.4824960182908	56	miss
#0D3A6B	9.15462976355966	10.012921690597	0.578606023518125	0.0654442868477303	56	miss
#0D3A6B	8.97952352212304	9.85291770166224	4.2506617383795	4.73767570855598	56	miss
#0D3A6B	9.52903699039218	10.1819635377944	1.23539832378641	1.99281955645516	56	miss
#4283C9	3.16899323151594	3.73038952923233	4.58675464203957	5.41430173853036	56	hit
#0D3A6B	6.3896034786043	7.15704992995287	1.3440067032834	1.98511975440035	56	miss
#0D3A6B	6.48673560134627	7.26482273880831	7.27727289336577	6.64911653821513	56	miss
#0D3A6B	6.55191098430765	7.52732879391301	9.57611004416772	9.35574648841343	56	miss
#0D3A6B	3.83038989758562	4.18917592590232	6.02705894492586	5.0936391112579	56	miss
#0D3A6B	1.87544574184862	2.84297914089117	9.87512158338452	9.62237839012867	56	miss
#4283C9	1.00202896261842	1.64385205039501	8.16585612911401	7.3990033896673	56	hit
#0D3A6B	3.54427647851181	4.51091394685435	0.622112076092719	0.878260479945482	56	miss
#4283C9	-0.47716274146127	0.521362430752688	7.61426083449807	7.55997013128762	56	hit
#4283C9	3.53153431615068	3.75141925351488	8.89208384891069	7.91655803463393	56	hit
#4283C9	7.60669511294966	7.74489198793615	6.90025225632574	5.90984747859899	56	hit
#0D3A6B	4.37553458319724	5.11096485020846	2.12241163268225	1.44481121771498	56	miss
#4283C9	2.52590405932183	2.77753971339648	9.69346210853625	8.72564007035029	56	hit
#0D3A6B	4.88137405984843	5.16248886785662	3.20361729803244	2.24394315296104	56	miss
#0D3A6B	4.83008491479837	5.75934810425109	0.405771307982044	0.0363529479508236	56	miss
#4283C9	-0.265025033435332	0.720434587268637	2.05932464898631	2.22923443670317	56	hit
#0D3A6B	0.974627292723468	1.96008702552963	3.27537898567961	3.44528812321378	56	miss
#0D3A6B	2.23496405172352	3.08105692037191	5.82527980836341	5.29224429582944	56	miss
#0D3A6B	1.23256535299137	2.18990287248031	7.9709987427357	7.68202664411931	56	miss
#4283C9	8.4054060326615	8.93127909398585	9.10312310130858	9.95368616385794	56	hit
#4283C9	0.567056484475457	0.924677067481256	4.72273559276451	3.78886862225394	56	hit
#0D3A6B	8.6011666389276	9.59034169520245	4.42752151537271	4.57426178947507	56	miss
#0D3A6B	0.691632064030001	1.46458265002029	4.97792263864681	4.34345641289696	56	miss
#4283C9	7.3478416162493	7.93200089177616	0.955990969466668	0.144351923575002	56	hit
#4283C9	5.05312048722132	5.8585023937367	0.772856991456584	1.36561325220601	56	hit
#0D3A6B	5.44517086721007	6.24581359890308	3.56481147668275	4.16395354346421	56	miss
#4283C9	1.25364977432216	1.79413204981213	6.67819665403996	7.51955205449876	56	hit
#4283C9	7.11708459859878	7.39052873713732	7.62884209770443	8.59072998259483	56	hit
#4283C9	0.577025773416674	0.597541568387831	3.77107398929478	2.77128446036546	56	hit
#4283C9	5.0770361954126	5.25368236007509	6.57630336456581	7.56057778387682	56	hit
#4283C9	4.25269523210635	4.94155340787212	2.37247499334415	1.64757885341743	56	hit
#0D3A6B	6.64059390834032	7.25752600414248	1.84810587530737	2.63512225961531	56	miss
#0D3A6B	7.47455283401258	8.47039908768885	1.23159481825566	1.14054406845684	56	miss
#4283C9	6.06473326449075	6.87901811442545	5.6659174374159	6.24638292576712	56	hit
#0D3A6B	3.46516562218036	4.46208327019398	1.32140167274515	1.24294657043179	56	miss
#0D3A6B	9.53562853847112	10.1342266705963	6.75986743035362	5.95881794610425	56	miss
#4283C9	3.13670302090399	3.17433557658292	0.607905272363857	1.60719691685663	56	hit
#4283C9	6.6696266946209	6.7582529527309	5.28874805764358	4.29268310676266	56	hit
#0D3A6B	8.46226866286967	9.40286726760891	0.922743007109521	1.26226364678049	56	miss
#0D3A6B	1.56233441917788	2.41683233627487	1.50054211754189	0.981087297873333	57	miss
#4283C9	5.25061492577388	5.8520913147162	8.24592171004299	7.44703113333996	57	hit
#4283C9	-0.0334661034170937	0.383092276682372	7.12091416275359	8.03002313090258	57	hit
#4283C9	3.00850058585024	3.49494731374466	2.08223467700742	1.20852443847246	57	hit
#0D3A6B	1.86923610317457	2.83261098627996	7.52825648922807	7.2600982624259	57	miss
#4283C9	3.5321544824767	3.94747589094163	8.27034377803498	7.36066904074109	57	hit
#0D3A6B	9.57643428422159	10.383650329191	9.10064236736705	8.51038627316396	57	miss
#4283C9	6.3036622488919	6.74013843666284	3.9851017742594	4.88481758356195	57	hit
#4283C9	9.2804288935819	9.8279662684566	2.17883874812462	3.01561997587494	57	hit
#0D3A6B	2.60703855286875	3.45087224059215	6.5044373051276	7.04104210147508	57	miss
#4283C9	9.44935387730299	9.53784942362757	0.0981682768099013	1.09424484930858	57	hit
#0D3A6B	1.55412322966159	2.41261090958714	6.08072931160134	6.59356349865991	57	miss
#4283C9	5.34235492980771	5.87123260201223	8.01566518368147	7.16696711732127	57	hit
#0D3A6B	5.60227136947534	6.59503487050214	6.36241008643778	6.4824960182908	57	miss
#0D3A6B	9.15462976355966	10.012921690597	0.578606023518125	0.0654442868477303	57	miss
#0D3A6B	8.97952352212304	9.85291770166224	4.2506617383795	4.73767570855598	57	miss
#0D3A6B	9.52903699039218	10.1819635377944	1.23539832378641	1.99281955645516	57	miss
#4283C9	3.16899323151594	3.73038952923233	4.58675464203957	5.41430173853036	57	hit
#0D3A6B	6.3896034786043	7.15704992995287	1.3440067032834	1.98511975440035	57	miss
#0D3A6B	6.48673560134627	7.26482273880831	7.27727289336577	6.64911653821513	57	miss
#0D3A6B	6.55191098430765	7.52732879391301	9.57611004416772	9.35574648841343	57	miss
#0D3A6B	3.83038989758562	4.18917592590232	6.02705894492586	5.0936391112579	57	miss
#0D3A6B	1.87544574184862	2.84297914089117	9.87512158338452	9.62237839012867	57	miss
#4283C9	1.00202896261842	1.64385205039501	8.16585612911401	7.3990033896673	57	hit
#0D3A6B	3.54427647851181	4.51091394685435	0.622112076092719	0.878260479945482	57	miss
#4283C9	-0.47716274146127	0.521362430752688	7.61426083449807	7.55997013128762	57	hit
#4283C9	3.53153431615068	3.75141925351488	8.89208384891069	7.91655803463393	57	hit
#4283C9	7.60669511294966	7.74489198793615	6.90025225632574	5.90984747859899	57	hit
#0D3A6B	4.37553458319724	5.11096485020846	2.12241163268225	1.44481121771498	57	miss
#4283C9	2.52590405932183	2.77753971339648	9.69346210853625	8.72564007035029	57	hit
#0D3A6B	4.88137405984843	5.16248886785662	3.20361729803244	2.24394315296104	57	miss
#0D3A6B	4.83008491479837	5.75934810425109	0.405771307982044	0.0363529479508236	57	miss
#4283C9	-0.265025033435332	0.720434587268637	2.05932464898631	2.22923443670317	57	hit
#0D3A6B	0.974627292723468	1.96008702552963	3.27537898567961	3.44528812321378	57	miss
#0D3A6B	2.23496405172352	3.08105692037191	5.82527980836341	5.29224429582944	57	miss
#0D3A6B	1.23256535299137	2.18990287248031	7.9709987427357	7.68202664411931	57	miss
#4283C9	8.4054060326615	8.93127909398585	9.10312310130858	9.95368616385794	57	hit
#4283C9	0.567056484475457	0.924677067481256	4.72273559276451	3.78886862225394	57	hit
#0D3A6B	8.6011666389276	9.59034169520245	4.42752151537271	4.57426178947507	57	miss
#0D3A6B	0.691632064030001	1.46458265002029	4.97792263864681	4.34345641289696	57	miss
#4283C9	7.3478416162493	7.93200089177616	0.955990969466668	0.144351923575002	57	hit
#4283C9	5.05312048722132	5.8585023937367	0.772856991456584	1.36561325220601	57	hit
#0D3A6B	5.44517086721007	6.24581359890308	3.56481147668275	4.16395354346421	57	miss
#4283C9	1.25364977432216	1.79413204981213	6.67819665403996	7.51955205449876	57	hit
#4283C9	7.11708459859878	7.39052873713732	7.62884209770443	8.59072998259483	57	hit
#4283C9	0.577025773416674	0.597541568387831	3.77107398929478	2.77128446036546	57	hit
#4283C9	5.0770361954126	5.25368236007509	6.57630336456581	7.56057778387682	57	hit
#4283C9	4.25269523210635	4.94155340787212	2.37247499334415	1.64757885341743	57	hit
#0D3A6B	6.64059390834032	7.25752600414248	1.84810587530737	2.63512225961531	57	miss
#0D3A6B	7.47455283401258	8.47039908768885	1.23159481825566	1.14054406845684	57	miss
#4283C9	6.06473326449075	6.87901811442545	5.6659174374159	6.24638292576712	57	hit
#0D3A6B	3.46516562218036	4.46208327019398	1.32140167274515	1.24294657043179	57	miss
#0D3A6B	9.53562853847112	10.1342266705963	6.75986743035362	5.95881794610425	57	miss
#4283C9	3.13670302090399	3.17433557658292	0.607905272363857	1.60719691685663	57	hit
#4283C9	6.6696266946209	6.7582529527309	5.28874805764358	4.29268310676266	57	hit
#0D3A6B	8.46226866286967	9.40286726760891	0.922743007109521	1.26226364678049	57	miss
#0D3A6B	7.48914604090942	8.14849095869021	0.171774827784556	0.92361542219047	57	miss
#0D3A6B	1.56233441917788	2.41683233627487	1.50054211754189	0.981087297873333	58	miss
#4283C9	5.25061492577388	5.8520913147162	8.24592171004299	7.44703113333996	58	hit
#4283C9	-0.0334661034170937	0.383092276682372	7.12091416275359	8.03002313090258	58	hit
#4283C9	3.00850058585024	3.49494731374466	2.08223467700742	1.20852443847246	58	hit
#0D3A6B	1.86923610317457	2.83261098627996	7.52825648922807	7.2600982624259	58	miss
#4283C9	3.5321544824767	3.94747589094163	8.27034377803498	7.36066904074109	58	hit
#0D3A6B	9.57643428422159	10.383650329191	9.10064236736705	8.51038627316396	58	miss
#4283C9	6.3036622488919	6.74013843666284	3.9851017742594	4.88481758356195	58	hit
#4283C9	9.2804288935819	9.8279662684566	2.17883874812462	3.01561997587494	58	hit
#0D3A6B	2.60703855286875	3.45087224059215	6.5044373051276	7.04104210147508	58	miss
#4283C9	9.44935387730299	9.53784942362757	0.0981682768099013	1.09424484930858	58	hit
#0D3A6B	1.55412322966159	2.41261090958714	6.08072931160134	6.59356349865991	58	miss
#4283C9	5.34235492980771	5.87123260201223	8.01566518368147	7.16696711732127	58	hit
#0D3A6B	5.60227136947534	6.59503487050214	6.36241008643778	6.4824960182908	58	miss
#0D3A6B	9.15462976355966	10.012921690597	0.578606023518125	0.0654442868477303	58	miss
#0D3A6B	8.97952352212304	9.85291770166224	4.2506617383795	4.73767570855598	58	miss
#0D3A6B	9.52903699039218	10.1819635377944	1.23539832378641	1.99281955645516	58	miss
#4283C9	3.16899323151594	3.73038952923233	4.58675464203957	5.41430173853036	58	hit
#0D3A6B	6.3896034786043	7.15704992995287	1.3440067032834	1.98511975440035	58	miss
#0D3A6B	6.48673560134627	7.26482273880831	7.27727289336577	6.64911653821513	58	miss
#0D3A6B	6.55191098430765	7.52732879391301	9.57611004416772	9.35574648841343	58	miss
#0D3A6B	3.83038989758562	4.18917592590232	6.02705894492586	5.0936391112579	58	miss
#0D3A6B	1.87544574184862	2.84297914089117	9.87512158338452	9.62237839012867	58	miss
#4283C9	1.00202896261842	1.64385205039501	8.16585612911401	7.3990033896673	58	hit
#0D3A6B	3.54427647851181	4.51091394685435	0.622112076092719	0.878260479945482	58	miss
#4283C9	-0.47716274146127	0.521362430752688	7.61426083449807	7.55997013128762	58	hit
#4283C9	3.53153431615068	3.75141925351488	8.89208384891069	7.91655803463393	58	hit
#4283C9	7.60669511294966	7.74489198793615	6.90025225632574	5.90984747859899	58	hit
#0D3A6B	4.37553458319724	5.11096485020846	2.12241163268225	1.44481121771498	58	miss
#4283C9	2.52590405932183	2.77753971339648	9.69346210853625	8.72564007035029	58	hit
#0D3A6B	4.88137405984843	5.16248886785662	3.20361729803244	2.24394315296104	58	miss
#0D3A6B	4.83008491479837	5.75934810425109	0.405771307982044	0.0363529479508236	58	miss
#4283C9	-0.265025033435332	0.720434587268637	2.05932464898631	2.22923443670317	58	hit
#0D3A6B	0.974627292723468	1.96008702552963	3.27537898567961	3.44528812321378	58	miss
#0D3A6B	2.23496405172352	3.08105692037191	5.82527980836341	5.29224429582944	58	miss
#0D3A6B	1.23256535299137	2.18990287248031	7.9709987427357	7.68202664411931	58	miss
#4283C9	8.4054060326615	8.93127909398585	9.10312310130858	9.95368616385794	58	hit
#4283C9	0.567056484475457	0.924677067481256	4.72273559276451	3.78886862225394	58	hit
#0D3A6B	8.6011666389276	9.59034169520245	4.42752151537271	4.57426178947507	58	miss
#0D3A6B	0.691632064030001	1.46458265002029	4.97792263864681	4.34345641289696	58	miss
#4283C9	7.3478416162493	7.93200089177616	0.955990969466668	0.144351923575002	58	hit
#4283C9	5.05312048722132	5.8585023937367	0.772856991456584	1.36561325220601	58	hit
#0D3A6B	5.44517086721007	6.24581359890308	3.56481147668275	4.16395354346421	58	miss
#4283C9	1.25364977432216	1.79413204981213	6.67819665403996	7.51955205449876	58	hit
#4283C9	7.11708459859878	7.39052873713732	7.62884209770443	8.59072998259483	58	hit
#4283C9	0.577025773416674	0.597541568387831	3.77107398929478	2.77128446036546	58	hit
#4283C9	5.0770361954126	5.25368236007509	6.57630336456581	7.56057778387682	58	hit
#4283C9	4.25269523210635	4.94155340787212	2.37247499334415	1.64757885341743	58	hit
#0D3A6B	6.64059390834032	7.25752600414248	1.84810587530737	2.63512225961531	58	miss
#0D3A6B	7.47455283401258	8.47039908768885	1.23159481825566	1.14054406845684	58	miss
#4283C9	6.06473326449075	6.87901811442545	5.6659174374159	6.24638292576712	58	hit
#0D3A6B	3.46516562218036	4.46208327019398	1.32140167274515	1.24294657043179	58	miss
#0D3A6B	9.53562853847112	10.1342266705963	6.75986743035362	5.95881794610425	58	miss
#4283C9	3.13670302090399	3.17433557658292	0.607905272363857	1.60719691685663	58	hit
#4283C9	6.6696266946209	6.7582529527309	5.28874805764358	4.29268310676266	58	hit
#0D3A6B	8.46226866286967	9.40286726760891	0.922743007109521	1.26226364678049	58	miss
#0D3A6B	7.48914604090942	8.14849095869021	0.171774827784556	0.92361542219047	58	miss
#4283C9	1.24666641144385	1.64293004987458	4.32755083062051	5.24568760085555	58	hit
#0D3A6B	1.56233441917788	2.41683233627487	1.50054211754189	0.981087297873333	59	miss
#4283C9	5.25061492577388	5.8520913147162	8.24592171004299	7.44703113333996	59	hit
#4283C9	-0.0334661034170937	0.383092276682372	7.12091416275359	8.03002313090258	59	hit
#4283C9	3.00850058585024	3.49494731374466	2.08223467700742	1.20852443847246	59	hit
#0D3A6B	1.86923610317457	2.83261098627996	7.52825648922807	7.2600982624259	59	miss
#4283C9	3.5321544824767	3.94747589094163	8.27034377803498	7.36066904074109	59	hit
#0D3A6B	9.57643428422159	10.383650329191	9.10064236736705	8.51038627316396	59	miss
#4283C9	6.3036622488919	6.74013843666284	3.9851017742594	4.88481758356195	59	hit
#4283C9	9.2804288935819	9.8279662684566	2.17883874812462	3.01561997587494	59	hit
#0D3A6B	2.60703855286875	3.45087224059215	6.5044373051276	7.04104210147508	59	miss
#4283C9	9.44935387730299	9.53784942362757	0.0981682768099013	1.09424484930858	59	hit
#0D3A6B	1.55412322966159	2.41261090958714	6.08072931160134	6.59356349865991	59	miss
#4283C9	5.34235492980771	5.87123260201223	8.01566518368147	7.16696711732127	59	hit
#0D3A6B	5.60227136947534	6.59503487050214	6.36241008643778	6.4824960182908	59	miss
#0D3A6B	9.15462976355966	10.012921690597	0.578606023518125	0.0654442868477303	59	miss
#0D3A6B	8.97952352212304	9.85291770166224	4.2506617383795	4.73767570855598	59	miss
#0D3A6B	9.52903699039218	10.1819635377944	1.23539832378641	1.99281955645516	59	miss
#4283C9	3.16899323151594	3.73038952923233	4.58675464203957	5.41430173853036	59	hit
#0D3A6B	6.3896034786043	7.15704992995287	1.3440067032834	1.98511975440035	59	miss
#0D3A6B	6.48673560134627	7.26482273880831	7.27727289336577	6.64911653821513	59	miss
#0D3A6B	6.55191098430765	7.52732879391301	9.57611004416772	9.35574648841343	59	miss
#0D3A6B	3.83038989758562	4.18917592590232	6.02705894492586	5.0936391112579	59	miss
#0D3A6B	1.87544574184862	2.84297914089117	9.87512158338452	9.62237839012867	59	miss
#4283C9	1.00202896261842	1.64385205039501	8.16585612911401	7.3990033896673	59	hit
#0D3A6B	3.54427647851181	4.51091394685435	0.622112076092719	0.878260479945482	59	miss
#4283C9	-0.47716274146127	0.521362430752688	7.61426083449807	7.55997013128762	59	hit
#4283C9	3.53153431615068	3.75141925351488	8.89208384891069	7.91655803463393	59	hit
#4283C9	7.60669511294966	7.74489198793615	6.90025225632574	5.90984747859899	59	hit
#0D3A6B	4.37553458319724	5.11096485020846	2.12241163268225	1.44481121771498	59	miss
#4283C9	2.52590405932183	2.77753971339648	9.69346210853625	8.72564007035029	59	hit
#0D3A6B	4.88137405984843	5.16248886785662	3.20361729803244	2.24394315296104	59	miss
#0D3A6B	4.83008491479837	5.75934810425109	0.405771307982044	0.0363529479508236	59	miss
#4283C9	-0.265025033435332	0.720434587268637	2.05932464898631	2.22923443670317	59	hit
#0D3A6B	0.974627292723468	1.96008702552963	3.27537898567961	3.44528812321378	59	miss
#0D3A6B	2.23496405172352	3.08105692037191	5.82527980836341	5.29224429582944	59	miss
#0D3A6B	1.23256535299137	2.18990287248031	7.9709987427357	7.68202664411931	59	miss
#4283C9	8.4054060326615	8.93127909398585	9.10312310130858	9.95368616385794	59	hit
#4283C9	0.567056484475457	0.924677067481256	4.72273559276451	3.78886862225394	59	hit
#0D3A6B	8.6011666389276	9.59034169520245	4.42752151537271	4.57426178947507	59	miss
#0D3A6B	0.691632064030001	1.46458265002029	4.97792263864681	4.34345641289696	59	miss
#4283C9	7.3478416162493	7.93200089177616	0.955990969466668	0.144351923575002	59	hit
#4283C9	5.05312048722132	5.8585023937367	0.772856991456584	1.36561325220601	59	hit
#0D3A6B	5.44517086721007	6.24581359890308	3.56481147668275	4.16395354346421	59	miss
#4283C9	1.25364977432216	1.79413204981213	6.67819665403996	7.51955205449876	59	hit
#4283C9	7.11708459859878	7.39052873713732	7.62884209770443	8.59072998259483	59	hit
#4283C9	0.577025773416674	0.597541568387831	3.77107398929478	2.77128446036546	59	hit
#4283C9	5.0770361954126	5.25368236007509	6.57630336456581	7.56057778387682	59	hit
#4283C9	4.25269523210635	4.94155340787212	2.37247499334415	1.64757885341743	59	hit
#0D3A6B	6.64059390834032	7.25752600414248	1.84810587530737	2.63512225961531	59	miss
#0D3A6B	7.47455283401258	8.47039908768885	1.23159481825566	1.14054406845684	59	miss
#4283C9	6.06473326449075	6.87901811442545	5.6659174374159	6.24638292576712	59	hit
#0D3A6B	3.46516562218036	4.46208327019398	1.32140167274515	1.24294657043179	59	miss
#0D3A6B	9.53562853847112	10.1342266705963	6.75986743035362	5.95881794610425	59	miss
#4283C9	3.13670302090399	3.17433557658292	0.607905272363857	1.60719691685663	59	hit
#4283C9	6.6696266946209	6.7582529527309	5.28874805764358	4.29268310676266	59	hit
#0D3A6B	8.46226866286967	9.40286726760891	0.922743007109521	1.26226364678049	59	miss
#0D3A6B	7.48914604090942	8.14849095869021	0.171774827784556	0.92361542219047	59	miss
#4283C9	1.24666641144385	1.64293004987458	4.32755083062051	5.24568760085555	59	hit
#0D3A6B	5.13964837615228	6.0780220458951	5.08057147063701	4.73494905247899	59	miss
#0D3A6B	1.56233441917788	2.41683233627487	1.50054211754189	0.981087297873333	60	miss
#4283C9	5.25061492577388	5.8520913147162	8.24592171004299	7.44703113333996	60	hit
#4283C9	-0.0334661034170937	0.383092276682372	7.12091416275359	8.03002313090258	60	hit
#4283C9	3.00850058585024	3.49494731374466	2.08223467700742	1.20852443847246	60	hit
#0D3A6B	1.86923610317457	2.83261098627996	7.52825648922807	7.2600982624259	60	miss
#4283C9	3.5321544824767	3.94747589094163	8.27034377803498	7.36066904074109	60	hit
#0D3A6B	9.57643428422159	10.383650329191	9.10064236736705	8.51038627316396	60	miss
#4283C9	6.3036622488919	6.74013843666284	3.9851017742594	4.88481758356195	60	hit
#4283C9	9.2804288935819	9.8279662684566	2.17883874812462	3.01561997587494	60	hit
#0D3A6B	2.60703855286875	3.45087224059215	6.5044373051276	7.04104210147508	60	miss
#4283C9	9.44935387730299	9.53784942362757	0.0981682768099013	1.09424484930858	60	hit
#0D3A6B	1.55412322966159	2.41261090958714	6.08072931160134	6.59356349865991	60	miss
#4283C9	5.34235492980771	5.87123260201223	8.01566518368147	7.16696711732127	60	hit
#0D3A6B	5.60227136947534	6.59503487050214	6.36241008643778	6.4824960182908	60	miss
#0D3A6B	9.15462976355966	10.012921690597	0.578606023518125	0.0654442868477303	60	miss
#0D3A6B	8.97952352212304	9.85291770166224	4.2506617383795	4.73767570855598	60	miss
#0D3A6B	9.52903699039218	10.1819635377944	1.23539832378641	1.99281955645516	60	miss
#4283C9	3.16899323151594	3.73038952923233	4.58675464203957	5.41430173853036	60	hit
#0D3A6B	6.3896034786043	7.15704992995287	1.3440067032834	1.98511975440035	60	miss
#0D3A6B	6.48673560134627	7.26482273880831	7.27727289336577	6.64911653821513	60	miss
#0D3A6B	6.55191098430765	7.52732879391301	9.57611004416772	9.35574648841343	60	miss
#0D3A6B	3.83038989758562	4.18917592590232	6.02705894492586	5.0936391112579	60	miss
#0D3A6B	1.87544574184862	2.84297914089117	9.87512158338452	9.62237839012867	60	miss
#4283C9	1.00202896261842	1.64385205039501	8.16585612911401	7.3990033896673	60	hit
#0D3A6B	3.54427647851181	4.51091394685435	0.622112076092719	0.878260479945482	60	miss
#4283C9	-0.47716274146127	0.521362430752688	7.61426083449807	7.55997013128762	60	hit
#4283C9	3.53153431615068	3.75141925351488	8.89208384891069	7.91655803463393	60	hit
#4283C9	7.60669511294966	7.74489198793615	6.90025225632574	5.90984747859899	60	hit
#0D3A6B	4.37553458319724	5.11096485020846	2.12241163268225	1.44481121771498	60	miss
#4283C9	2.52590405932183	2.77753971339648	9.69346210853625	8.72564007035029	60	hit
#0D3A6B	4.88137405984843	5.16248886785662	3.20361729803244	2.24394315296104	60	miss
#0D3A6B	4.83008491479837	5.75934810425109	0.405771307982044	0.0363529479508236	60	miss
#4283C9	-0.265025033435332	0.720434587268637	2.05932464898631	2.22923443670317	60	hit
#0D3A6B	0.974627292723468	1.96008702552963	3.27537898567961	3.44528812321378	60	miss
#0D3A6B	2.23496405172352	3.08105692037191	5.82527980836341	5.29224429582944	60	miss
#0D3A6B	1.23256535299137	2.18990287248031	7.9709987427357	7.68202664411931	60	miss
#4283C9	8.4054060326615	8.93127909398585	9.10312310130858	9.95368616385794	60	hit
#4283C9	0.567056484475457	0.924677067481256	4.72273559276451	3.78886862225394	60	hit
#0D3A6B	8.6011666389276	9.59034169520245	4.42752151537271	4.57426178947507	60	miss
#0D3A6B	0.691632064030001	1.46458265002029	4.97792263864681	4.34345641289696	60	miss
#4283C9	7.3478416162493	7.93200089177616	0.955990969466668	0.144351923575002	60	hit
#4283C9	5.05312048722132	5.8585023937367	0.772856991456584	1.36561325220601	60	hit
#0D3A6B	5.44517086721007	6.24581359890308	3.56481147668275	4.16395354346421	60	miss
#4283C9	1.25364977432216	1.79413204981213	6.67819665403996	7.51955205449876	60	hit
#4283C9	7.11708459859878	7.39052873713732	7.62884209770443	8.59072998259483	60	hit
#4283C9	0.577025773416674	0.597541568387831	3.77107398929478	2.77128446036546	60	hit
#4283C9	5.0770361954126	5.25368236007509	6.57630336456581	7.56057778387682	60	hit
#4283C9	4.25269523210635	4.94155340787212	2.37247499334415	1.64757885341743	60	hit
#0D3A6B	6.64059390834032	7.25752600414248	1.84810587530737	2.63512225961531	60	miss
#0D3A6B	7.47455283401258	8.47039908768885	1.23159481825566	1.14054406845684	60	miss
#4283C9	6.06473326449075	6.87901811442545	5.6659174374159	6.24638292576712	60	hit
#0D3A6B	3.46516562218036	4.46208327019398	1.32140167274515	1.24294657043179	60	miss
#0D3A6B	9.53562853847112	10.1342266705963	6.75986743035362	5.95881794610425	60	miss
#4283C9	3.13670302090399	3.17433557658292	0.607905272363857	1.60719691685663	60	hit
#4283C9	6.6696266946209	6.7582529527309	5.28874805764358	4.29268310676266	60	hit
#0D3A6B	8.46226866286967	9.40286726760891	0.922743007109521	1.26226364678049	60	miss
#0D3A6B	7.48914604090942	8.14849095869021	0.171774827784556	0.92361542219047	60	miss
#4283C9	1.24666641144385	1.64293004987458	4.32755083062051	5.24568760085555	60	hit
#0D3A6B	5.13964837615228	6.0780220458951	5.08057147063701	4.73494905247899	60	miss
#4283C9	2.45284055395305	2.87794932221741	3.48067067533307	4.38581294876016	60	hit
#0D3A6B	1.56233441917788	2.41683233627487	1.50054211754189	0.981087297873333	61	miss
#4283C9	5.25061492577388	5.8520913147162	8.24592171004299	7.44703113333996	61	hit
#4283C9	-0.0334661034170937	0.383092276682372	7.12091416275359	8.03002313090258	61	hit
#4283C9	3.00850058585024	3.49494731374466	2.08223467700742	1.20852443847246	61	hit
#0D3A6B	1.86923610317457	2.83261098627996	7.52825648922807	7.2600982624259	61	miss
#4283C9	3.5321544824767	3.94747589094163	8.27034377803498	7.36066904074109	61	hit
#0D3A6B	9.57643428422159	10.383650329191	9.10064236736705	8.51038627316396	61	miss
#4283C9	6.3036622488919	6.74013843666284	3.9851017742594	4.88481758356195	61	hit
#4283C9	9.2804288935819	9.8279662684566	2.17883874812462	3.01561997587494	61	hit
#0D3A6B	2.60703855286875	3.45087224059215	6.5044373051276	7.04104210147508	61	miss
#4283C9	9.44935387730299	9.53784942362757	0.0981682768099013	1.09424484930858	61	hit
#0D3A6B	1.55412322966159	2.41261090958714	6.08072931160134	6.59356349865991	61	miss
#4283C9	5.34235492980771	5.87123260201223	8.01566518368147	7.16696711732127	61	hit
#0D3A6B	5.60227136947534	6.59503487050214	6.36241008643778	6.4824960182908	61	miss
#0D3A6B	9.15462976355966	10.012921690597	0.578606023518125	0.0654442868477303	61	miss
#0D3A6B	8.97952352212304	9.85291770166224	4.2506617383795	4.73767570855598	61	miss
#0D3A6B	9.52903699039218	10.1819635377944	1.23539832378641	1.99281955645516	61	miss
#4283C9	3.16899323151594	3.73038952923233	4.58675464203957	5.41430173853036	61	hit
#0D3A6B	6.3896034786043	7.15704992995287	1.3440067032834	1.98511975440035	61	miss
#0D3A6B	6.48673560134627	7.26482273880831	7.27727289336577	6.64911653821513	61	miss
#0D3A6B	6.55191098430765	7.52732879391301	9.57611004416772	9.35574648841343	61	miss
#0D3A6B	3.83038989758562	4.18917592590232	6.02705894492586	5.0936391112579	61	miss
#0D3A6B	1.87544574184862	2.84297914089117	9.87512158338452	9.62237839012867	61	miss
#4283C9	1.00202896261842	1.64385205039501	8.16585612911401	7.3990033896673	61	hit
#0D3A6B	3.54427647851181	4.51091394685435	0.622112076092719	0.878260479945482	61	miss
#4283C9	-0.47716274146127	0.521362430752688	7.61426083449807	7.55997013128762	61	hit
#4283C9	3.53153431615068	3.75141925351488	8.89208384891069	7.91655803463393	61	hit
#4283C9	7.60669511294966	7.74489198793615	6.90025225632574	5.90984747859899	61	hit
#0D3A6B	4.37553458319724	5.11096485020846	2.12241163268225	1.44481121771498	61	miss
#4283C9	2.52590405932183	2.77753971339648	9.69346210853625	8.72564007035029	61	hit
#0D3A6B	4.88137405984843	5.16248886785662	3.20361729803244	2.24394315296104	61	miss
#0D3A6B	4.83008491479837	5.75934810425109	0.405771307982044	0.0363529479508236	61	miss
#4283C9	-0.265025033435332	0.720434587268637	2.05932464898631	2.22923443670317	61	hit
#0D3A6B	0.974627292723468	1.96008702552963	3.27537898567961	3.44528812321378	61	miss
#0D3A6B	2.23496405172352	3.08105692037191	5.82527980836341	5.29224429582944	61	miss
#0D3A6B	1.23256535299137	2.18990287248031	7.9709987427357	7.68202664411931	61	miss
#4283C9	8.4054060326615	8.93127909398585	9.10312310130858	9.95368616385794	61	hit
#4283C9	0.567056484475457	0.924677067481256	4.72273559276451	3.78886862225394	61	hit
#0D3A6B	8.6011666389276	9.59034169520245	4.42752151537271	4.57426178947507	61	miss
#0D3A6B	0.691632064030001	1.46458265002029	4.97792263864681	4.34345641289696	61	miss
#4283C9	7.3478416162493	7.93200089177616	0.955990969466668	0.144351923575002	61	hit
#4283C9	5.05312048722132	5.8585023937367	0.772856991456584	1.36561325220601	61	hit
#0D3A6B	5.44517086721007	6.24581359890308	3.56481147668275	4.16395354346421	61	miss
#4283C9	1.25364977432216	1.79413204981213	6.67819665403996	7.51955205449876	61	hit
#4283C9	7.11708459859878	7.39052873713732	7.62884209770443	8.59072998259483	61	hit
#4283C9	0.577025773416674	0.597541568387831	3.77107398929478	2.77128446036546	61	hit
#4283C9	5.0770361954126	5.25368236007509	6.57630336456581	7.56057778387682	61	hit
#4283C9	4.25269523210635	4.94155340787212	2.37247499334415	1.64757885341743	61	hit
#0D3A6B	6.64059390834032	7.25752600414248	1.84810587530737	2.63512225961531	61	miss
#0D3A6B	7.47455283401258	8.47039908768885	1.23159481825566	1.14054406845684	61	miss
#4283C9	6.06473326449075	6.87901811442545	5.6659174374159	6.24638292576712	61	hit
#0D3A6B	3.46516562218036	4.46208327019398	1.32140167274515	1.24294657043179	61	miss
#0D3A6B	9.53562853847112	10.1342266705963	6.75986743035362	5.95881794610425	61	miss
#4283C9	3.13670302090399	3.17433557658292	0.607905272363857	1.60719691685663	61	hit
#4283C9	6.6696266946209	6.7582529527309	5.28874805764358	4.29268310676266	61	hit
#0D3A6B	8.46226866286967	9.40286726760891	0.922743007109521	1.26226364678049	61	miss
#0D3A6B	7.48914604090942	8.14849095869021	0.171774827784556	0.92361542219047	61	miss
#4283C9	1.24666641144385	1.64293004987458	4.32755083062051	5.24568760085555	61	hit
#0D3A6B	5.13964837615228	6.0780220458951	5.08057147063701	4.73494905247899	61	miss
#4283C9	2.45284055395305	2.87794932221741	3.48067067533307	4.38581294876016	61	hit
#0D3A6B	5.62505997907003	6.62260817639897	4.55824531268409	4.62822812490084	61	miss
#0D3A6B	1.56233441917788	2.41683233627487	1.50054211754189	0.981087297873333	62	miss
#4283C9	5.25061492577388	5.8520913147162	8.24592171004299	7.44703113333996	62	hit
#4283C9	-0.0334661034170937	0.383092276682372	7.12091416275359	8.03002313090258	62	hit
#4283C9	3.00850058585024	3.49494731374466	2.08223467700742	1.20852443847246	62	hit
#0D3A6B	1.86923610317457	2.83261098627996	7.52825648922807	7.2600982624259	62	miss
#4283C9	3.5321544824767	3.94747589094163	8.27034377803498	7.36066904074109	62	hit
#0D3A6B	9.57643428422159	10.383650329191	9.10064236736705	8.51038627316396	62	miss
#4283C9	6.3036622488919	6.74013843666284	3.9851017742594	4.88481758356195	62	hit
#4283C9	9.2804288935819	9.8279662684566	2.17883874812462	3.01561997587494	62	hit
#0D3A6B	2.60703855286875	3.45087224059215	6.5044373051276	7.04104210147508	62	miss
#4283C9	9.44935387730299	9.53784942362757	0.0981682768099013	1.09424484930858	62	hit
#0D3A6B	1.55412322966159	2.41261090958714	6.08072931160134	6.59356349865991	62	miss
#4283C9	5.34235492980771	5.87123260201223	8.01566518368147	7.16696711732127	62	hit
#0D3A6B	5.60227136947534	6.59503487050214	6.36241008643778	6.4824960182908	62	miss
#0D3A6B	9.15462976355966	10.012921690597	0.578606023518125	0.0654442868477303	62	miss
#0D3A6B	8.97952352212304	9.85291770166224	4.2506617383795	4.73767570855598	62	miss
#0D3A6B	9.52903699039218	10.1819635377944	1.23539832378641	1.99281955645516	62	miss
#4283C9	3.16899323151594	3.73038952923233	4.58675464203957	5.41430173853036	62	hit
#0D3A6B	6.3896034786043	7.15704992995287	1.3440067032834	1.98511975440035	62	miss
#0D3A6B	6.48673560134627	7.26482273880831	7.27727289336577	6.64911653821513	62	miss
#0D3A6B	6.55191098430765	7.52732879391301	9.57611004416772	9.35574648841343	62	miss
#0D3A6B	3.83038989758562	4.18917592590232	6.02705894492586	5.0936391112579	62	miss
#0D3A6B	1.87544574184862	2.84297914089117	9.87512158338452	9.62237839012867	62	miss
#4283C9	1.00202896261842	1.64385205039501	8.16585612911401	7.3990033896673	62	hit
#0D3A6B	3.54427647851181	4.51091394685435	0.622112076092719	0.878260479945482	62	miss
#4283C9	-0.47716274146127	0.521362430752688	7.61426083449807	7.55997013128762	62	hit
#4283C9	3.53153431615068	3.75141925351488	8.89208384891069	7.91655803463393	62	hit
#4283C9	7.60669511294966	7.74489198793615	6.90025225632574	5.90984747859899	62	hit
#0D3A6B	4.37553458319724	5.11096485020846	2.12241163268225	1.44481121771498	62	miss
#4283C9	2.52590405932183	2.77753971339648	9.69346210853625	8.72564007035029	62	hit
#0D3A6B	4.88137405984843	5.16248886785662	3.20361729803244	2.24394315296104	62	miss
#0D3A6B	4.83008491479837	5.75934810425109	0.405771307982044	0.0363529479508236	62	miss
#4283C9	-0.265025033435332	0.720434587268637	2.05932464898631	2.22923443670317	62	hit
#0D3A6B	0.974627292723468	1.96008702552963	3.27537898567961	3.44528812321378	62	miss
#0D3A6B	2.23496405172352	3.08105692037191	5.82527980836341	5.29224429582944	62	miss
#0D3A6B	1.23256535299137	2.18990287248031	7.9709987427357	7.68202664411931	62	miss
#4283C9	8.4054060326615	8.93127909398585	9.10312310130858	9.95368616385794	62	hit
#4283C9	0.567056484475457	0.924677067481256	4.72273559276451	3.78886862225394	62	hit
#0D3A6B	8.6011666389276	9.59034169520245	4.42752151537271	4.57426178947507	62	miss
#0D3A6B	0.691632064030001	1.46458265002029	4.97792263864681	4.34345641289696	62	miss
#4283C9	7.3478416162493	7.93200089177616	0.955990969466668	0.144351923575002	62	hit
#4283C9	5.05312048722132	5.8585023937367	0.772856991456584	1.36561325220601	62	hit
#0D3A6B	5.44517086721007	6.24581359890308	3.56481147668275	4.16395354346421	62	miss
#4283C9	1.25364977432216	1.79413204981213	6.67819665403996	7.51955205449876	62	hit
#4283C9	7.11708459859878	7.39052873713732	7.62884209770443	8.59072998259483	62	hit
#4283C9	0.577025773416674	0.597541568387831	3.77107398929478	2.77128446036546	62	hit
#4283C9	5.0770361954126	5.25368236007509	6.57630336456581	7.56057778387682	62	hit
#4283C9	4.25269523210635	4.94155340787212	2.37247499334415	1.64757885341743	62	hit
#0D3A6B	6.64059390834032	7.25752600414248	1.84810587530737	2.63512225961531	62	miss
#0D3A6B	7.47455283401258	8.47039908768885	1.23159481825566	1.14054406845684	62	miss
#4283C9	6.06473326449075	6.87901811442545	5.6659174374159	6.24638292576712	62	hit
#0D3A6B	3.46516562218036	4.46208327019398	1.32140167274515	1.24294657043179	62	miss
#0D3A6B	9.53562853847112	10.1342266705963	6.75986743035362	5.95881794610425	62	miss
#4283C9	3.13670302090399	3.17433557658292	0.607905272363857	1.60719691685663	62	hit
#4283C9	6.6696266946209	6.7582529527309	5.28874805764358	4.29268310676266	62	hit
#0D3A6B	8.46226866286967	9.40286726760891	0.922743007109521	1.26226364678049	62	miss
#0D3A6B	7.48914604090942	8.14849095869021	0.171774827784556	0.92361542219047	62	miss
#4283C9	1.24666641144385	1.64293004987458	4.32755083062051	5.24568760085555	62	hit
#0D3A6B	5.13964837615228	6.0780220458951	5.08057147063701	4.73494905247899	62	miss
#4283C9	2.45284055395305	2.87794932221741	3.48067067533307	4.38581294876016	62	hit
#0D3A6B	5.62505997907003	6.62260817639897	4.55824531268409	4.62822812490084	62	miss
#0D3A6B	6.65105708026246	7.65071602921083	1.81155958670781	1.78544472910806	62	miss
#0D3A6B	1.56233441917788	2.41683233627487	1.50054211754189	0.981087297873333	63	miss
#4283C9	5.25061492577388	5.8520913147162	8.24592171004299	7.44703113333996	63	hit
#4283C9	-0.0334661034170937	0.383092276682372	7.12091416275359	8.03002313090258	63	hit
#4283C9	3.00850058585024	3.49494731374466	2.08223467700742	1.20852443847246	63	hit
#0D3A6B	1.86923610317457	2.83261098627996	7.52825648922807	7.2600982624259	63	miss
#4283C9	3.5321544824767	3.94747589094163	8.27034377803498	7.36066904074109	63	hit
#0D3A6B	9.57643428422159	10.383650329191	9.10064236736705	8.51038627316396	63	miss
#4283C9	6.3036622488919	6.74013843666284	3.9851017742594	4.88481758356195	63	hit
#4283C9	9.2804288935819	9.8279662684566	2.17883874812462	3.01561997587494	63	hit
#0D3A6B	2.60703855286875	3.45087224059215	6.5044373051276	7.04104210147508	63	miss
#4283C9	9.44935387730299	9.53784942362757	0.0981682768099013	1.09424484930858	63	hit
#0D3A6B	1.55412322966159	2.41261090958714	6.08072931160134	6.59356349865991	63	miss
#4283C9	5.34235492980771	5.87123260201223	8.01566518368147	7.16696711732127	63	hit
#0D3A6B	5.60227136947534	6.59503487050214	6.36241008643778	6.4824960182908	63	miss
#0D3A6B	9.15462976355966	10.012921690597	0.578606023518125	0.0654442868477303	63	miss
#0D3A6B	8.97952352212304	9.85291770166224	4.2506617383795	4.73767570855598	63	miss
#0D3A6B	9.52903699039218	10.1819635377944	1.23539832378641	1.99281955645516	63	miss
#4283C9	3.16899323151594	3.73038952923233	4.58675464203957	5.41430173853036	63	hit
#0D3A6B	6.3896034786043	7.15704992995287	1.3440067032834	1.98511975440035	63	miss
#0D3A6B	6.48673560134627	7.26482273880831	7.27727289336577	6.64911653821513	63	miss
#0D3A6B	6.55191098430765	7.52732879391301	9.57611004416772	9.35574648841343	63	miss
#0D3A6B	3.83038989758562	4.18917592590232	6.02705894492586	5.0936391112579	63	miss
#0D3A6B	1.87544574184862	2.84297914089117	9.87512158338452	9.62237839012867	63	miss
#4283C9	1.00202896261842	1.64385205039501	8.16585612911401	7.3990033896673	63	hit
#0D3A6B	3.54427647851181	4.51091394685435	0.622112076092719	0.878260479945482	63	miss
#4283C9	-0.47716274146127	0.521362430752688	7.61426083449807	7.55997013128762	63	hit
#4283C9	3.53153431615068	3.75141925351488	8.89208384891069	7.91655803463393	63	hit
#4283C9	7.60669511294966	7.74489198793615	6.90025225632574	5.90984747859899	63	hit
#0D3A6B	4.37553458319724	5.11096485020846	2.12241163268225	1.44481121771498	63	miss
#4283C9	2.52590405932183	2.77753971339648	9.69346210853625	8.72564007035029	63	hit
#0D3A6B	4.88137405984843	5.16248886785662	3.20361729803244	2.24394315296104	63	miss
#0D3A6B	4.83008491479837	5.75934810425109	0.405771307982044	0.0363529479508236	63	miss
#4283C9	-0.265025033435332	0.720434587268637	2.05932464898631	2.22923443670317	63	hit
#0D3A6B	0.974627292723468	1.96008702552963	3.27537898567961	3.44528812321378	63	miss
#0D3A6B	2.23496405172352	3.08105692037191	5.82527980836341	5.29224429582944	63	miss
#0D3A6B	1.23256535299137	2.18990287248031	7.9709987427357	7.68202664411931	63	miss
#4283C9	8.4054060326615	8.93127909398585	9.10312310130858	9.95368616385794	63	hit
#4283C9	0.567056484475457	0.924677067481256	4.72273559276451	3.78886862225394	63	hit
#0D3A6B	8.6011666389276	9.59034169520245	4.42752151537271	4.57426178947507	63	miss
#0D3A6B	0.691632064030001	1.46458265002029	4.97792263864681	4.34345641289696	63	miss
#4283C9	7.3478416162493	7.93200089177616	0.955990969466668	0.144351923575002	63	hit
#4283C9	5.05312048722132	5.8585023937367	0.772856991456584	1.36561325220601	63	hit
#0D3A6B	5.44517086721007	6.24581359890308	3.56481147668275	4.16395354346421	63	miss
#4283C9	1.25364977432216	1.79413204981213	6.67819665403996	7.51955205449876	63	hit
#4283C9	7.11708459859878	7.39052873713732	7.62884209770443	8.59072998259483	63	hit
#4283C9	0.577025773416674	0.597541568387831	3.77107398929478	2.77128446036546	63	hit
#4283C9	5.0770361954126	5.25368236007509	6.57630336456581	7.56057778387682	63	hit
#4283C9	4.25269523210635	4.94155340787212	2.37247499334415	1.64757885341743	63	hit
#0D3A6B	6.64059390834032	7.25752600414248	1.84810587530737	2.63512225961531	63	miss
#0D3A6B	7.47455283401258	8.47039908768885	1.23159481825566	1.14054406845684	63	miss
#4283C9	6.06473326449075	6.87901811442545	5.6659174374159	6.24638292576712	63	hit
#0D3A6B	3.46516562218036	4.46208327019398	1.32140167274515	1.24294657043179	63	miss
#0D3A6B	9.53562853847112	10.1342266705963	6.75986743035362	5.95881794610425	63	miss
#4283C9	3.13670302090399	3.17433557658292	0.607905272363857	1.60719691685663	63	hit
#4283C9	6.6696266946209	6.7582529527309	5.28874805764358	4.29268310676266	63	hit
#0D3A6B	8.46226866286967	9.40286726760891	0.922743007109521	1.26226364678049	63	miss
#0D3A6B	7.48914604090942	8.14849095869021	0.171774827784556	0.92361542219047	63	miss
#4283C9	1.24666641144385	1.64293004987458	4.32755083062051	5.24568760085555	63	hit
#0D3A6B	5.13964837615228	6.0780220458951	5.08057147063701	4.73494905247899	63	miss
#4283C9	2.45284055395305	2.87794932221741	3.48067067533307	4.38581294876016	63	hit
#0D3A6B	5.62505997907003	6.62260817639897	4.55824531268409	4.62822812490084	63	miss
#0D3A6B	6.65105708026246	7.65071602921083	1.81155958670781	1.78544472910806	63	miss
#0D3A6B	5.92058313086484	6.90023161463584	6.62406421553194	6.42334339387864	63	miss
#0D3A6B	1.56233441917788	2.41683233627487	1.50054211754189	0.981087297873333	64	miss
#4283C9	5.25061492577388	5.8520913147162	8.24592171004299	7.44703113333996	64	hit
#4283C9	-0.0334661034170937	0.383092276682372	7.12091416275359	8.03002313090258	64	hit
#4283C9	3.00850058585024	3.49494731374466	2.08223467700742	1.20852443847246	64	hit
#0D3A6B	1.86923610317457	2.83261098627996	7.52825648922807	7.2600982624259	64	miss
#4283C9	3.5321544824767	3.94747589094163	8.27034377803498	7.36066904074109	64	hit
#0D3A6B	9.57643428422159	10.383650329191	9.10064236736705	8.51038627316396	64	miss
#4283C9	6.3036622488919	6.74013843666284	3.9851017742594	4.88481758356195	64	hit
#4283C9	9.2804288935819	9.8279662684566	2.17883874812462	3.01561997587494	64	hit
#0D3A6B	2.60703855286875	3.45087224059215	6.5044373051276	7.04104210147508	64	miss
#4283C9	9.44935387730299	9.53784942362757	0.0981682768099013	1.09424484930858	64	hit
#0D3A6B	1.55412322966159	2.41261090958714	6.08072931160134	6.59356349865991	64	miss
#4283C9	5.34235492980771	5.87123260201223	8.01566518368147	7.16696711732127	64	hit
#0D3A6B	5.60227136947534	6.59503487050214	6.36241008643778	6.4824960182908	64	miss
#0D3A6B	9.15462976355966	10.012921690597	0.578606023518125	0.0654442868477303	64	miss
#0D3A6B	8.97952352212304	9.85291770166224	4.2506617383795	4.73767570855598	64	miss
#0D3A6B	9.52903699039218	10.1819635377944	1.23539832378641	1.99281955645516	64	miss
#4283C9	3.16899323151594	3.73038952923233	4.58675464203957	5.41430173853036	64	hit
#0D3A6B	6.3896034786043	7.15704992995287	1.3440067032834	1.98511975440035	64	miss
#0D3A6B	6.48673560134627	7.26482273880831	7.27727289336577	6.64911653821513	64	miss
#0D3A6B	6.55191098430765	7.52732879391301	9.57611004416772	9.35574648841343	64	miss
#0D3A6B	3.83038989758562	4.18917592590232	6.02705894492586	5.0936391112579	64	miss
#0D3A6B	1.87544574184862	2.84297914089117	9.87512158338452	9.62237839012867	64	miss
#4283C9	1.00202896261842	1.64385205039501	8.16585612911401	7.3990033896673	64	hit
#0D3A6B	3.54427647851181	4.51091394685435	0.622112076092719	0.878260479945482	64	miss
#4283C9	-0.47716274146127	0.521362430752688	7.61426083449807	7.55997013128762	64	hit
#4283C9	3.53153431615068	3.75141925351488	8.89208384891069	7.91655803463393	64	hit
#4283C9	7.60669511294966	7.74489198793615	6.90025225632574	5.90984747859899	64	hit
#0D3A6B	4.37553458319724	5.11096485020846	2.12241163268225	1.44481121771498	64	miss
#4283C9	2.52590405932183	2.77753971339648	9.69346210853625	8.72564007035029	64	hit
#0D3A6B	4.88137405984843	5.16248886785662	3.20361729803244	2.24394315296104	64	miss
#0D3A6B	4.83008491479837	5.75934810425109	0.405771307982044	0.0363529479508236	64	miss
#4283C9	-0.265025033435332	0.720434587268637	2.05932464898631	2.22923443670317	64	hit
#0D3A6B	0.974627292723468	1.96008702552963	3.27537898567961	3.44528812321378	64	miss
#0D3A6B	2.23496405172352	3.08105692037191	5.82527980836341	5.29224429582944	64	miss
#0D3A6B	1.23256535299137	2.18990287248031	7.9709987427357	7.68202664411931	64	miss
#4283C9	8.4054060326615	8.93127909398585	9.10312310130858	9.95368616385794	64	hit
#4283C9	0.567056484475457	0.924677067481256	4.72273559276451	3.78886862225394	64	hit
#0D3A6B	8.6011666389276	9.59034169520245	4.42752151537271	4.57426178947507	64	miss
#0D3A6B	0.691632064030001	1.46458265002029	4.97792263864681	4.34345641289696	64	miss
#4283C9	7.3478416162493	7.93200089177616	0.955990969466668	0.144351923575002	64	hit
#4283C9	5.05312048722132	5.8585023937367	0.772856991456584	1.36561325220601	64	hit
#0D3A6B	5.44517086721007	6.24581359890308	3.56481147668275	4.16395354346421	64	miss
#4283C9	1.25364977432216	1.79413204981213	6.67819665403996	7.51955205449876	64	hit
#4283C9	7.11708459859878	7.39052873713732	7.62884209770443	8.59072998259483	64	hit
#4283C9	0.577025773416674	0.597541568387831	3.77107398929478	2.77128446036546	64	hit
#4283C9	5.0770361954126	5.25368236007509	6.57630336456581	7.56057778387682	64	hit
#4283C9	4.25269523210635	4.94155340787212	2.37247499334415	1.64757885341743	64	hit
#0D3A6B	6.64059390834032	7.25752600414248	1.84810587530737	2.63512225961531	64	miss
#0D3A6B	7.47455283401258	8.47039908768885	1.23159481825566	1.14054406845684	64	miss
#4283C9	6.06473326449075	6.87901811442545	5.6659174374159	6.24638292576712	64	hit
#0D3A6B	3.46516562218036	4.46208327019398	1.32140167274515	1.24294657043179	64	miss
#0D3A6B	9.53562853847112	10.1342266705963	6.75986743035362	5.95881794610425	64	miss
#4283C9	3.13670302090399	3.17433557658292	0.607905272363857	1.60719691685663	64	hit
#4283C9	6.6696266946209	6.7582529527309	5.28874805764358	4.29268310676266	64	hit
#0D3A6B	8.46226866286967	9.40286726760891	0.922743007109521	1.26226364678049	64	miss
#0D3A6B	7.48914604090942	8.14849095869021	0.171774827784556	0.92361542219047	64	miss
#4283C9	1.24666641144385	1.64293004987458	4.32755083062051	5.24568760085555	64	hit
#0D3A6B	5.13964837615228	6.0780220458951	5.08057147063701	4.73494905247899	64	miss
#4283C9	2.45284055395305	2.87794932221741	3.48067067533307	4.38581294876016	64	hit
#0D3A6B	5.62505997907003	6.62260817639897	4.55824531268409	4.62822812490084	64	miss
#0D3A6B	6.65105708026246	7.65071602921083	1.81155958670781	1.78544472910806	64	miss
#0D3A6B	5.92058313086484	6.90023161463584	6.62406421553194	6.42334339387864	64	miss
#0D3A6B	5.74268639624969	6.48695241122587	3.58535235746479	2.91746906006062	64	miss
#0D3A6B	1.56233441917788	2.41683233627487	1.50054211754189	0.981087297873333	65	miss
#4283C9	5.25061492577388	5.8520913147162	8.24592171004299	7.44703113333996	65	hit
#4283C9	-0.0334661034170937	0.383092276682372	7.12091416275359	8.03002313090258	65	hit
#4283C9	3.00850058585024	3.49494731374466	2.08223467700742	1.20852443847246	65	hit
#0D3A6B	1.86923610317457	2.83261098627996	7.52825648922807	7.2600982624259	65	miss
#4283C9	3.5321544824767	3.94747589094163	8.27034377803498	7.36066904074109	65	hit
#0D3A6B	9.57643428422159	10.383650329191	9.10064236736705	8.51038627316396	65	miss
#4283C9	6.3036622488919	6.74013843666284	3.9851017742594	4.88481758356195	65	hit
#4283C9	9.2804288935819	9.8279662684566	2.17883874812462	3.01561997587494	65	hit
#0D3A6B	2.60703855286875	3.45087224059215	6.5044373051276	7.04104210147508	65	miss
#4283C9	9.44935387730299	9.53784942362757	0.0981682768099013	1.09424484930858	65	hit
#0D3A6B	1.55412322966159	2.41261090958714	6.08072931160134	6.59356349865991	65	miss
#4283C9	5.34235492980771	5.87123260201223	8.01566518368147	7.16696711732127	65	hit
#0D3A6B	5.60227136947534	6.59503487050214	6.36241008643778	6.4824960182908	65	miss
#0D3A6B	9.15462976355966	10.012921690597	0.578606023518125	0.0654442868477303	65	miss
#0D3A6B	8.97952352212304	9.85291770166224	4.2506617383795	4.73767570855598	65	miss
#0D3A6B	9.52903699039218	10.1819635377944	1.23539832378641	1.99281955645516	65	miss
#4283C9	3.16899323151594	3.73038952923233	4.58675464203957	5.41430173853036	65	hit
#0D3A6B	6.3896034786043	7.15704992995287	1.3440067032834	1.98511975440035	65	miss
#0D3A6B	6.48673560134627	7.26482273880831	7.27727289336577	6.64911653821513	65	miss
#0D3A6B	6.55191098430765	7.52732879391301	9.57611004416772	9.35574648841343	65	miss
#0D3A6B	3.83038989758562	4.18917592590232	6.02705894492586	5.0936391112579	65	miss
#0D3A6B	1.87544574184862	2.84297914089117	9.87512158338452	9.62237839012867	65	miss
#4283C9	1.00202896261842	1.64385205039501	8.16585612911401	7.3990033896673	65	hit
#0D3A6B	3.54427647851181	4.51091394685435	0.622112076092719	0.878260479945482	65	miss
#4283C9	-0.47716274146127	0.521362430752688	7.61426083449807	7.55997013128762	65	hit
#4283C9	3.53153431615068	3.75141925351488	8.89208384891069	7.91655803463393	65	hit
#4283C9	7.60669511294966	7.74489198793615	6.90025225632574	5.90984747859899	65	hit
#0D3A6B	4.37553458319724	5.11096485020846	2.12241163268225	1.44481121771498	65	miss
#4283C9	2.52590405932183	2.77753971339648	9.69346210853625	8.72564007035029	65	hit
#0D3A6B	4.88137405984843	5.16248886785662	3.20361729803244	2.24394315296104	65	miss
#0D3A6B	4.83008491479837	5.75934810425109	0.405771307982044	0.0363529479508236	65	miss
#4283C9	-0.265025033435332	0.720434587268637	2.05932464898631	2.22923443670317	65	hit
#0D3A6B	0.974627292723468	1.96008702552963	3.27537898567961	3.44528812321378	65	miss
#0D3A6B	2.23496405172352	3.08105692037191	5.82527980836341	5.29224429582944	65	miss
#0D3A6B	1.23256535299137	2.18990287248031	7.9709987427357	7.68202664411931	65	miss
#4283C9	8.4054060326615	8.93127909398585	9.10312310130858	9.95368616385794	65	hit
#4283C9	0.567056484475457	0.924677067481256	4.72273559276451	3.78886862225394	65	hit
#0D3A6B	8.6011666389276	9.59034169520245	4.42752151537271	4.57426178947507	65	miss
#0D3A6B	0.691632064030001	1.46458265002029	4.97792263864681	4.34345641289696	65	miss
#4283C9	7.3478416162493	7.93200089177616	0.955990969466668	0.144351923575002	65	hit
#4283C9	5.05312048722132	5.8585023937367	0.772856991456584	1.36561325220601	65	hit
#0D3A6B	5.44517086721007	6.24581359890308	3.56481147668275	4.16395354346421	65	miss
#4283C9	1.25364977432216	1.79413204981213	6.67819665403996	7.51955205449876	65	hit
#4283C9	7.11708459859878	7.39052873713732	7.62884209770443	8.59072998259483	65	hit
#4283C9	0.577025773416674	0.597541568387831	3.77107398929478	2.77128446036546	65	hit
#4283C9	5.0770361954126	5.25368236007509	6.57630336456581	7.56057778387682	65	hit
#4283C9	4.25269523210635	4.94155340787212	2.37247499334415	1.64757885341743	65	hit
#0D3A6B	6.64059390834032	7.25752600414248	1.84810587530737	2.63512225961531	65	miss
#0D3A6B	7.47455283401258	8.47039908768885	1.23159481825566	1.14054406845684	65	miss
#4283C9	6.06473326449075	6.87901811442545	5.6659174374159	6.24638292576712	65	hit
#0D3A6B	3.46516562218036	4.46208327019398	1.32140167274515	1.24294657043179	65	miss
#0D3A6B	9.53562853847112	10.1342266705963	6.75986743035362	5.95881794610425	65	miss
#4283C9	3.13670302090399	3.17433557658292	0.607905272363857	1.60719691685663	65	hit
#4283C9	6.6696266946209	6.7582529527309	5.28874805764358	4.29268310676266	65	hit
#0D3A6B	8.46226866286967	9.40286726760891	0.922743007109521	1.26226364678049	65	miss
#0D3A6B	7.48914604090942	8.14849095869021	0.171774827784556	0.92361542219047	65	miss
#4283C9	1.24666641144385	1.64293004987458	4.32755083062051	5.24568760085555	65	hit
#0D3A6B	5.13964837615228	6.0780220458951	5.08057147063701	4.73494905247899	65	miss
#4283C9	2.45284055395305	2.87794932221741	3.48067067533307	4.38581294876016	65	hit
#0D3A6B	5.62505997907003	6.62260817639897	4.55824531268409	4.62822812490084	65	miss
#0D3A6B	6.65105708026246	7.65071602921083	1.81155958670781	1.78544472910806	65	miss
#0D3A6B	5.92058313086484	6.90023161463584	6.62406421553194	6.42334339387864	65	miss
#0D3A6B	5.74268639624969	6.48695241122587	3.58535235746479	2.91746906006062	65	miss
#0D3A6B	5.7082448653752	6.70647351668533	9.13284562078693	9.19233981969378	65	miss
#0D3A6B	1.56233441917788	2.41683233627487	1.50054211754189	0.981087297873333	66	miss
#4283C9	5.25061492577388	5.8520913147162	8.24592171004299	7.44703113333996	66	hit
#4283C9	-0.0334661034170937	0.383092276682372	7.12091416275359	8.03002313090258	66	hit
#4283C9	3.00850058585024	3.49494731374466	2.08223467700742	1.20852443847246	66	hit
#0D3A6B	1.86923610317457	2.83261098627996	7.52825648922807	7.2600982624259	66	miss
#4283C9	3.5321544824767	3.94747589094163	8.27034377803498	7.36066904074109	66	hit
#0D3A6B	9.57643428422159	10.383650329191	9.10064236736705	8.51038627316396	66	miss
#4283C9	6.3036622488919	6.74013843666284	3.9851017742594	4.88481758356195	66	hit
#4283C9	9.2804288935819	9.8279662684566	2.17883874812462	3.01561997587494	66	hit
#0D3A6B	2.60703855286875	3.45087224059215	6.5044373051276	7.04104210147508	66	miss
#4283C9	9.44935387730299	9.53784942362757	0.0981682768099013	1.09424484930858	66	hit
#0D3A6B	1.55412322966159	2.41261090958714	6.08072931160134	6.59356349865991	66	miss
#4283C9	5.34235492980771	5.87123260201223	8.01566518368147	7.16696711732127	66	hit
#0D3A6B	5.60227136947534	6.59503487050214	6.36241008643778	6.4824960182908	66	miss
#0D3A6B	9.15462976355966	10.012921690597	0.578606023518125	0.0654442868477303	66	miss
#0D3A6B	8.97952352212304	9.85291770166224	4.2506617383795	4.73767570855598	66	miss
#0D3A6B	9.52903699039218	10.1819635377944	1.23539832378641	1.99281955645516	66	miss
#4283C9	3.16899323151594	3.73038952923233	4.58675464203957	5.41430173853036	66	hit
#0D3A6B	6.3896034786043	7.15704992995287	1.3440067032834	1.98511975440035	66	miss
#0D3A6B	6.48673560134627	7.26482273880831	7.27727289336577	6.64911653821513	66	miss
#0D3A6B	6.55191098430765	7.52732879391301	9.57611004416772	9.35574648841343	66	miss
#0D3A6B	3.83038989758562	4.18917592590232	6.02705894492586	5.0936391112579	66	miss
#0D3A6B	1.87544574184862	2.84297914089117	9.87512158338452	9.62237839012867	66	miss
#4283C9	1.00202896261842	1.64385205039501	8.16585612911401	7.3990033896673	66	hit
#0D3A6B	3.54427647851181	4.51091394685435	0.622112076092719	0.878260479945482	66	miss
#4283C9	-0.47716274146127	0.521362430752688	7.61426083449807	7.55997013128762	66	hit
#4283C9	3.53153431615068	3.75141925351488	8.89208384891069	7.91655803463393	66	hit
#4283C9	7.60669511294966	7.74489198793615	6.90025225632574	5.90984747859899	66	hit
#0D3A6B	4.37553458319724	5.11096485020846	2.12241163268225	1.44481121771498	66	miss
#4283C9	2.52590405932183	2.77753971339648	9.69346210853625	8.72564007035029	66	hit
#0D3A6B	4.88137405984843	5.16248886785662	3.20361729803244	2.24394315296104	66	miss
#0D3A6B	4.83008491479837	5.75934810425109	0.405771307982044	0.0363529479508236	66	miss
#4283C9	-0.265025033435332	0.720434587268637	2.05932464898631	2.22923443670317	66	hit
#0D3A6B	0.974627292723468	1.96008702552963	3.27537898567961	3.44528812321378	66	miss
#0D3A6B	2.23496405172352	3.08105692037191	5.82527980836341	5.29224429582944	66	miss
#0D3A6B	1.23256535299137	2.18990287248031	7.9709987427357	7.68202664411931	66	miss
#4283C9	8.4054060326615	8.93127909398585	9.10312310130858	9.95368616385794	66	hit
#4283C9	0.567056484475457	0.924677067481256	4.72273559276451	3.78886862225394	66	hit
#0D3A6B	8.6011666389276	9.59034169520245	4.42752151537271	4.57426178947507	66	miss
#0D3A6B	0.691632064030001	1.46458265002029	4.97792263864681	4.34345641289696	66	miss
#4283C9	7.3478416162493	7.93200089177616	0.955990969466668	0.144351923575002	66	hit
#4283C9	5.05312048722132	5.8585023937367	0.772856991456584	1.36561325220601	66	hit
#0D3A6B	5.44517086721007	6.24581359890308	3.56481147668275	4.16395354346421	66	miss
#4283C9	1.25364977432216	1.79413204981213	6.67819665403996	7.51955205449876	66	hit
#4283C9	7.11708459859878	7.39052873713732	7.62884209770443	8.59072998259483	66	hit
#4283C9	0.577025773416674	0.597541568387831	3.77107398929478	2.77128446036546	66	hit
#4283C9	5.0770361954126	5.25368236007509	6.57630336456581	7.56057778387682	66	hit
#4283C9	4.25269523210635	4.94155340787212	2.37247499334415	1.64757885341743	66	hit
#0D3A6B	6.64059390834032	7.25752600414248	1.84810587530737	2.63512225961531	66	miss
#0D3A6B	7.47455283401258	8.47039908768885	1.23159481825566	1.14054406845684	66	miss
#4283C9	6.06473326449075	6.87901811442545	5.6659174374159	6.24638292576712	66	hit
#0D3A6B	3.46516562218036	4.46208327019398	1.32140167274515	1.24294657043179	66	miss
#0D3A6B	9.53562853847112	10.1342266705963	6.75986743035362	5.95881794610425	66	miss
#4283C9	3.13670302090399	3.17433557658292	0.607905272363857	1.60719691685663	66	hit
#4283C9	6.6696266946209	6.7582529527309	5.28874805764358	4.29268310676266	66	hit
#0D3A6B	8.46226866286967	9.40286726760891	0.922743007109521	1.26226364678049	66	miss
#0D3A6B	7.48914604090942	8.14849095869021	0.171774827784556	0.92361542219047	66	miss
#4283C9	1.24666641144385	1.64293004987458	4.32755083062051	5.24568760085555	66	hit
#0D3A6B	5.13964837615228	6.0780220458951	5.08057147063701	4.73494905247899	66	miss
#4283C9	2.45284055395305	2.87794932221741	3.48067067533307	4.38581294876016	66	hit
#0D3A6B	5.62505997907003	6.62260817639897	4.55824531268409	4.62822812490084	66	miss
#0D3A6B	6.65105708026246	7.65071602921083	1.81155958670781	1.78544472910806	66	miss
#0D3A6B	5.92058313086484	6.90023161463584	6.62406421553194	6.42334339387864	66	miss
#0D3A6B	5.74268639624969	6.48695241122587	3.58535235746479	2.91746906006062	66	miss
#0D3A6B	5.7082448653752	6.70647351668533	9.13284562078693	9.19233981969378	66	miss
#4283C9	0.667027042217244	0.829342060752522	5.70637266996165	4.71963367977331	66	hit
#0D3A6B	1.56233441917788	2.41683233627487	1.50054211754189	0.981087297873333	67	miss
#4283C9	5.25061492577388	5.8520913147162	8.24592171004299	7.44703113333996	67	hit
#4283C9	-0.0334661034170937	0.383092276682372	7.12091416275359	8.03002313090258	67	hit
#4283C9	3.00850058585024	3.49494731374466	2.08223467700742	1.20852443847246	67	hit
#0D3A6B	1.86923610317457	2.83261098627996	7.52825648922807	7.2600982624259	67	miss
#4283C9	3.5321544824767	3.94747589094163	8.27034377803498	7.36066904074109	67	hit
#0D3A6B	9.57643428422159	10.383650329191	9.10064236736705	8.51038627316396	67	miss
#4283C9	6.3036622488919	6.74013843666284	3.9851017742594	4.88481758356195	67	hit
#4283C9	9.2804288935819	9.8279662684566	2.17883874812462	3.01561997587494	67	hit
#0D3A6B	2.60703855286875	3.45087224059215	6.5044373051276	7.04104210147508	67	miss
#4283C9	9.44935387730299	9.53784942362757	0.0981682768099013	1.09424484930858	67	hit
#0D3A6B	1.55412322966159	2.41261090958714	6.08072931160134	6.59356349865991	67	miss
#4283C9	5.34235492980771	5.87123260201223	8.01566518368147	7.16696711732127	67	hit
#0D3A6B	5.60227136947534	6.59503487050214	6.36241008643778	6.4824960182908	67	miss
#0D3A6B	9.15462976355966	10.012921690597	0.578606023518125	0.0654442868477303	67	miss
#0D3A6B	8.97952352212304	9.85291770166224	4.2506617383795	4.73767570855598	67	miss
#0D3A6B	9.52903699039218	10.1819635377944	1.23539832378641	1.99281955645516	67	miss
#4283C9	3.16899323151594	3.73038952923233	4.58675464203957	5.41430173853036	67	hit
#0D3A6B	6.3896034786043	7.15704992995287	1.3440067032834	1.98511975440035	67	miss
#0D3A6B	6.48673560134627	7.26482273880831	7.27727289336577	6.64911653821513	67	miss
#0D3A6B	6.55191098430765	7.52732879391301	9.57611004416772	9.35574648841343	67	miss
#0D3A6B	3.83038989758562	4.18917592590232	6.02705894492586	5.0936391112579	67	miss
#0D3A6B	1.87544574184862	2.84297914089117	9.87512158338452	9.62237839012867	67	miss
#4283C9	1.00202896261842	1.64385205039501	8.16585612911401	7.3990033896673	67	hit
#0D3A6B	3.54427647851181	4.51091394685435	0.622112076092719	0.878260479945482	67	miss
#4283C9	-0.47716274146127	0.521362430752688	7.61426083449807	7.55997013128762	67	hit
#4283C9	3.53153431615068	3.75141925351488	8.89208384891069	7.91655803463393	67	hit
#4283C9	7.60669511294966	7.74489198793615	6.90025225632574	5.90984747859899	67	hit
#0D3A6B	4.37553458319724	5.11096485020846	2.12241163268225	1.44481121771498	67	miss
#4283C9	2.52590405932183	2.77753971339648	9.69346210853625	8.72564007035029	67	hit
#0D3A6B	4.88137405984843	5.16248886785662	3.20361729803244	2.24394315296104	67	miss
#0D3A6B	4.83008491479837	5.75934810425109	0.405771307982044	0.0363529479508236	67	miss
#4283C9	-0.265025033435332	0.720434587268637	2.05932464898631	2.22923443670317	67	hit
#0D3A6B	0.974627292723468	1.96008702552963	3.27537898567961	3.44528812321378	67	miss
#0D3A6B	2.23496405172352	3.08105692037191	5.82527980836341	5.29224429582944	67	miss
#0D3A6B	1.23256535299137	2.18990287248031	7.9709987427357	7.68202664411931	67	miss
#4283C9	8.4054060326615	8.93127909398585	9.10312310130858	9.95368616385794	67	hit
#4283C9	0.567056484475457	0.924677067481256	4.72273559276451	3.78886862225394	67	hit
#0D3A6B	8.6011666389276	9.59034169520245	4.42752151537271	4.57426178947507	67	miss
#0D3A6B	0.691632064030001	1.46458265002029	4.97792263864681	4.34345641289696	67	miss
#4283C9	7.3478416162493	7.93200089177616	0.955990969466668	0.144351923575002	67	hit
#4283C9	5.05312048722132	5.8585023937367	0.772856991456584	1.36561325220601	67	hit
#0D3A6B	5.44517086721007	6.24581359890308	3.56481147668275	4.16395354346421	67	miss
#4283C9	1.25364977432216	1.79413204981213	6.67819665403996	7.51955205449876	67	hit
#4283C9	7.11708459859878	7.39052873713732	7.62884209770443	8.59072998259483	67	hit
#4283C9	0.577025773416674	0.597541568387831	3.77107398929478	2.77128446036546	67	hit
#4283C9	5.0770361954126	5.25368236007509	6.57630336456581	7.56057778387682	67	hit
#4283C9	4.25269523210635	4.94155340787212	2.37247499334415	1.64757885341743	67	hit
#0D3A6B	6.64059390834032	7.25752600414248	1.84810587530737	2.63512225961531	67	miss
#0D3A6B	7.47455283401258	8.47039908768885	1.23159481825566	1.14054406845684	67	miss
#4283C9	6.06473326449075	6.87901811442545	5.6659174374159	6.24638292576712	67	hit
#0D3A6B	3.46516562218036	4.46208327019398	1.32140167274515	1.24294657043179	67	miss
#0D3A6B	9.53562853847112	10.1342266705963	6.75986743035362	5.95881794610425	67	miss
#4283C9	3.13670302090399	3.17433557658292	0.607905272363857	1.60719691685663	67	hit
#4283C9	6.6696266946209	6.7582529527309	5.28874805764358	4.29268310676266	67	hit
#0D3A6B	8.46226866286967	9.40286726760891	0.922743007109521	1.26226364678049	67	miss
#0D3A6B	7.48914604090942	8.14849095869021	0.171774827784556	0.92361542219047	67	miss
#4283C9	1.24666641144385	1.64293004987458	4.32755083062051	5.24568760085555	67	hit
#0D3A6B	5.13964837615228	6.0780220458951	5.08057147063701	4.73494905247899	67	miss
#4283C9	2.45284055395305	2.87794932221741	3.48067067533307	4.38581294876016	67	hit
#0D3A6B	5.62505997907003	6.62260817639897	4.55824531268409	4.62822812490084	67	miss
#0D3A6B	6.65105708026246	7.65071602921083	1.81155958670781	1.78544472910806	67	miss
#0D3A6B	5.92058313086484	6.90023161463584	6.62406421553194	6.42334339387864	67	miss
#0D3A6B	5.74268639624969	6.48695241122587	3.58535235746479	2.91746906006062	67	miss
#0D3A6B	5.7082448653752	6.70647351668533	9.13284562078693	9.19233981969378	67	miss
#4283C9	0.667027042217244	0.829342060752522	5.70637266996165	4.71963367977331	67	hit
#0D3A6B	8.19720372973069	9.15734723726229	9.67908886142995	9.39958135715697	67	miss
#0D3A6B	1.56233441917788	2.41683233627487	1.50054211754189	0.981087297873333	68	miss
#4283C9	5.25061492577388	5.8520913147162	8.24592171004299	7.44703113333996	68	hit
#4283C9	-0.0334661034170937	0.383092276682372	7.12091416275359	8.03002313090258	68	hit
#4283C9	3.00850058585024	3.49494731374466	2.08223467700742	1.20852443847246	68	hit
#0D3A6B	1.86923610317457	2.83261098627996	7.52825648922807	7.2600982624259	68	miss
#4283C9	3.5321544824767	3.94747589094163	8.27034377803498	7.36066904074109	68	hit
#0D3A6B	9.57643428422159	10.383650329191	9.10064236736705	8.51038627316396	68	miss
#4283C9	6.3036622488919	6.74013843666284	3.9851017742594	4.88481758356195	68	hit
#4283C9	9.2804288935819	9.8279662684566	2.17883874812462	3.01561997587494	68	hit
#0D3A6B	2.60703855286875	3.45087224059215	6.5044373051276	7.04104210147508	68	miss
#4283C9	9.44935387730299	9.53784942362757	0.0981682768099013	1.09424484930858	68	hit
#0D3A6B	1.55412322966159	2.41261090958714	6.08072931160134	6.59356349865991	68	miss
#4283C9	5.34235492980771	5.87123260201223	8.01566518368147	7.16696711732127	68	hit
#0D3A6B	5.60227136947534	6.59503487050214	6.36241008643778	6.4824960182908	68	miss
#0D3A6B	9.15462976355966	10.012921690597	0.578606023518125	0.0654442868477303	68	miss
#0D3A6B	8.97952352212304	9.85291770166224	4.2506617383795	4.73767570855598	68	miss
#0D3A6B	9.52903699039218	10.1819635377944	1.23539832378641	1.99281955645516	68	miss
#4283C9	3.16899323151594	3.73038952923233	4.58675464203957	5.41430173853036	68	hit
#0D3A6B	6.3896034786043	7.15704992995287	1.3440067032834	1.98511975440035	68	miss
#0D3A6B	6.48673560134627	7.26482273880831	7.27727289336577	6.64911653821513	68	miss
#0D3A6B	6.55191098430765	7.52732879391301	9.57611004416772	9.35574648841343	68	miss
#0D3A6B	3.83038989758562	4.18917592590232	6.02705894492586	5.0936391112579	68	miss
#0D3A6B	1.87544574184862	2.84297914089117	9.87512158338452	9.62237839012867	68	miss
#4283C9	1.00202896261842	1.64385205039501	8.16585612911401	7.3990033896673	68	hit
#0D3A6B	3.54427647851181	4.51091394685435	0.622112076092719	0.878260479945482	68	miss
#4283C9	-0.47716274146127	0.521362430752688	7.61426083449807	7.55997013128762	68	hit
#4283C9	3.53153431615068	3.75141925351488	8.89208384891069	7.91655803463393	68	hit
#4283C9	7.60669511294966	7.74489198793615	6.90025225632574	5.90984747859899	68	hit
#0D3A6B	4.37553458319724	5.11096485020846	2.12241163268225	1.44481121771498	68	miss
#4283C9	2.52590405932183	2.77753971339648	9.69346210853625	8.72564007035029	68	hit
#0D3A6B	4.88137405984843	5.16248886785662	3.20361729803244	2.24394315296104	68	miss
#0D3A6B	4.83008491479837	5.75934810425109	0.405771307982044	0.0363529479508236	68	miss
#4283C9	-0.265025033435332	0.720434587268637	2.05932464898631	2.22923443670317	68	hit
#0D3A6B	0.974627292723468	1.96008702552963	3.27537898567961	3.44528812321378	68	miss
#0D3A6B	2.23496405172352	3.08105692037191	5.82527980836341	5.29224429582944	68	miss
#0D3A6B	1.23256535299137	2.18990287248031	7.9709987427357	7.68202664411931	68	miss
#4283C9	8.4054060326615	8.93127909398585	9.10312310130858	9.95368616385794	68	hit
#4283C9	0.567056484475457	0.924677067481256	4.72273559276451	3.78886862225394	68	hit
#0D3A6B	8.6011666389276	9.59034169520245	4.42752151537271	4.57426178947507	68	miss
#0D3A6B	0.691632064030001	1.46458265002029	4.97792263864681	4.34345641289696	68	miss
#4283C9	7.3478416162493	7.93200089177616	0.955990969466668	0.144351923575002	68	hit
#4283C9	5.05312048722132	5.8585023937367	0.772856991456584	1.36561325220601	68	hit
#0D3A6B	5.44517086721007	6.24581359890308	3.56481147668275	4.16395354346421	68	miss
#4283C9	1.25364977432216	1.79413204981213	6.67819665403996	7.51955205449876	68	hit
#4283C9	7.11708459859878	7.39052873713732	7.62884209770443	8.59072998259483	68	hit
#4283C9	0.577025773416674	0.597541568387831	3.77107398929478	2.77128446036546	68	hit
#4283C9	5.0770361954126	5.25368236007509	6.57630336456581	7.56057778387682	68	hit
#4283C9	4.25269523210635	4.94155340787212	2.37247499334415	1.64757885341743	68	hit
#0D3A6B	6.64059390834032	7.25752600414248	1.84810587530737	2.63512225961531	68	miss
#0D3A6B	7.47455283401258	8.47039908768885	1.23159481825566	1.14054406845684	68	miss
#4283C9	6.06473326449075	6.87901811442545	5.6659174374159	6.24638292576712	68	hit
#0D3A6B	3.46516562218036	4.46208327019398	1.32140167274515	1.24294657043179	68	miss
#0D3A6B	9.53562853847112	10.1342266705963	6.75986743035362	5.95881794610425	68	miss
#4283C9	3.13670302090399	3.17433557658292	0.607905272363857	1.60719691685663	68	hit
#4283C9	6.6696266946209	6.7582529527309	5.28874805764358	4.29268310676266	68	hit
#0D3A6B	8.46226866286967	9.40286726760891	0.922743007109521	1.26226364678049	68	miss
#0D3A6B	7.48914604090942	8.14849095869021	0.171774827784556	0.92361542219047	68	miss
#4283C9	1.24666641144385	1.64293004987458	4.32755083062051	5.24568760085555	68	hit
#0D3A6B	5.13964837615228	6.0780220458951	5.08057147063701	4.73494905247899	68	miss
#4283C9	2.45284055395305	2.87794932221741	3.48067067533307	4.38581294876016	68	hit
#0D3A6B	5.62505997907003	6.62260817639897	4.55824531268409	4.62822812490084	68	miss
#0D3A6B	6.65105708026246	7.65071602921083	1.81155958670781	1.78544472910806	68	miss
#0D3A6B	5.92058313086484	6.90023161463584	6.62406421553194	6.42334339387864	68	miss
#0D3A6B	5.74268639624969	6.48695241122587	3.58535235746479	2.91746906006062	68	miss
#0D3A6B	5.7082448653752	6.70647351668533	9.13284562078693	9.19233981969378	68	miss
#4283C9	0.667027042217244	0.829342060752522	5.70637266996165	4.71963367977331	68	hit
#0D3A6B	8.19720372973069	9.15734723726229	9.67908886142995	9.39958135715697	68	miss
#0D3A6B	4.39255639593556	5.39171038978294	0.335358848515735	0.376484224852338	68	miss
#0D3A6B	1.56233441917788	2.41683233627487	1.50054211754189	0.981087297873333	69	miss
#4283C9	5.25061492577388	5.8520913147162	8.24592171004299	7.44703113333996	69	hit
#4283C9	-0.0334661034170937	0.383092276682372	7.12091416275359	8.03002313090258	69	hit
#4283C9	3.00850058585024	3.49494731374466	2.08223467700742	1.20852443847246	69	hit
#0D3A6B	1.86923610317457	2.83261098627996	7.52825648922807	7.2600982624259	69	miss
#4283C9	3.5321544824767	3.94747589094163	8.27034377803498	7.36066904074109	69	hit
#0D3A6B	9.57643428422159	10.383650329191	9.10064236736705	8.51038627316396	69	miss
#4283C9	6.3036622488919	6.74013843666284	3.9851017742594	4.88481758356195	69	hit
#4283C9	9.2804288935819	9.8279662684566	2.17883874812462	3.01561997587494	69	hit
#0D3A6B	2.60703855286875	3.45087224059215	6.5044373051276	7.04104210147508	69	miss
#4283C9	9.44935387730299	9.53784942362757	0.0981682768099013	1.09424484930858	69	hit
#0D3A6B	1.55412322966159	2.41261090958714	6.08072931160134	6.59356349865991	69	miss
#4283C9	5.34235492980771	5.87123260201223	8.01566518368147	7.16696711732127	69	hit
#0D3A6B	5.60227136947534	6.59503487050214	6.36241008643778	6.4824960182908	69	miss
#0D3A6B	9.15462976355966	10.012921690597	0.578606023518125	0.0654442868477303	69	miss
#0D3A6B	8.97952352212304	9.85291770166224	4.2506617383795	4.73767570855598	69	miss
#0D3A6B	9.52903699039218	10.1819635377944	1.23539832378641	1.99281955645516	69	miss
#4283C9	3.16899323151594	3.73038952923233	4.58675464203957	5.41430173853036	69	hit
#0D3A6B	6.3896034786043	7.15704992995287	1.3440067032834	1.98511975440035	69	miss
#0D3A6B	6.48673560134627	7.26482273880831	7.27727289336577	6.64911653821513	69	miss
#0D3A6B	6.55191098430765	7.52732879391301	9.57611004416772	9.35574648841343	69	miss
#0D3A6B	3.83038989758562	4.18917592590232	6.02705894492586	5.0936391112579	69	miss
#0D3A6B	1.87544574184862	2.84297914089117	9.87512158338452	9.62237839012867	69	miss
#4283C9	1.00202896261842	1.64385205039501	8.16585612911401	7.3990033896673	69	hit
#0D3A6B	3.54427647851181	4.51091394685435	0.622112076092719	0.878260479945482	69	miss
#4283C9	-0.47716274146127	0.521362430752688	7.61426083449807	7.55997013128762	69	hit
#4283C9	3.53153431615068	3.75141925351488	8.89208384891069	7.91655803463393	69	hit
#4283C9	7.60669511294966	7.74489198793615	6.90025225632574	5.90984747859899	69	hit
#0D3A6B	4.37553458319724	5.11096485020846	2.12241163268225	1.44481121771498	69	miss
#4283C9	2.52590405932183	2.77753971339648	9.69346210853625	8.72564007035029	69	hit
#0D3A6B	4.88137405984843	5.16248886785662	3.20361729803244	2.24394315296104	69	miss
#0D3A6B	4.83008491479837	5.75934810425109	0.405771307982044	0.0363529479508236	69	miss
#4283C9	-0.265025033435332	0.720434587268637	2.05932464898631	2.22923443670317	69	hit
#0D3A6B	0.974627292723468	1.96008702552963	3.27537898567961	3.44528812321378	69	miss
#0D3A6B	2.23496405172352	3.08105692037191	5.82527980836341	5.29224429582944	69	miss
#0D3A6B	1.23256535299137	2.18990287248031	7.9709987427357	7.68202664411931	69	miss
#4283C9	8.4054060326615	8.93127909398585	9.10312310130858	9.95368616385794	69	hit
#4283C9	0.567056484475457	0.924677067481256	4.72273559276451	3.78886862225394	69	hit
#0D3A6B	8.6011666389276	9.59034169520245	4.42752151537271	4.57426178947507	69	miss
#0D3A6B	0.691632064030001	1.46458265002029	4.97792263864681	4.34345641289696	69	miss
#4283C9	7.3478416162493	7.93200089177616	0.955990969466668	0.144351923575002	69	hit
#4283C9	5.05312048722132	5.8585023937367	0.772856991456584	1.36561325220601	69	hit
#0D3A6B	5.44517086721007	6.24581359890308	3.56481147668275	4.16395354346421	69	miss
#4283C9	1.25364977432216	1.79413204981213	6.67819665403996	7.51955205449876	69	hit
#4283C9	7.11708459859878	7.39052873713732	7.62884209770443	8.59072998259483	69	hit
#4283C9	0.577025773416674	0.597541568387831	3.77107398929478	2.77128446036546	69	hit
#4283C9	5.0770361954126	5.25368236007509	6.57630336456581	7.56057778387682	69	hit
#4283C9	4.25269523210635	4.94155340787212	2.37247499334415	1.64757885341743	69	hit
#0D3A6B	6.64059390834032	7.25752600414248	1.84810587530737	2.63512225961531	69	miss
#0D3A6B	7.47455283401258	8.47039908768885	1.23159481825566	1.14054406845684	69	miss
#4283C9	6.06473326449075	6.87901811442545	5.6659174374159	6.24638292576712	69	hit
#0D3A6B	3.46516562218036	4.46208327019398	1.32140167274515	1.24294657043179	69	miss
#0D3A6B	9.53562853847112	10.1342266705963	6.75986743035362	5.95881794610425	69	miss
#4283C9	3.13670302090399	3.17433557658292	0.607905272363857	1.60719691685663	69	hit
#4283C9	6.6696266946209	6.7582529527309	5.28874805764358	4.29268310676266	69	hit
#0D3A6B	8.46226866286967	9.40286726760891	0.922743007109521	1.26226364678049	69	miss
#0D3A6B	7.48914604090942	8.14849095869021	0.171774827784556	0.92361542219047	69	miss
#4283C9	1.24666641144385	1.64293004987458	4.32755083062051	5.24568760085555	69	hit
#0D3A6B	5.13964837615228	6.0780220458951	5.08057147063701	4.73494905247899	69	miss
#4283C9	2.45284055395305	2.87794932221741	3.48067067533307	4.38581294876016	69	hit
#0D3A6B	5.62505997907003	6.62260817639897	4.55824531268409	4.62822812490084	69	miss
#0D3A6B	6.65105708026246	7.65071602921083	1.81155958670781	1.78544472910806	69	miss
#0D3A6B	5.92058313086484	6.90023161463584	6.62406421553194	6.42334339387864	69	miss
#0D3A6B	5.74268639624969	6.48695241122587	3.58535235746479	2.91746906006062	69	miss
#0D3A6B	5.7082448653752	6.70647351668533	9.13284562078693	9.19233981969378	69	miss
#4283C9	0.667027042217244	0.829342060752522	5.70637266996165	4.71963367977331	69	hit
#0D3A6B	8.19720372973069	9.15734723726229	9.67908886142995	9.39958135715697	69	miss
#0D3A6B	4.39255639593556	5.39171038978294	0.335358848515735	0.376484224852338	69	miss
#0D3A6B	2.69808314829945	3.54025463484347	3.01875904812416	2.47954926774899	69	miss
#0D3A6B	1.56233441917788	2.41683233627487	1.50054211754189	0.981087297873333	70	miss
#4283C9	5.25061492577388	5.8520913147162	8.24592171004299	7.44703113333996	70	hit
#4283C9	-0.0334661034170937	0.383092276682372	7.12091416275359	8.03002313090258	70	hit
#4283C9	3.00850058585024	3.49494731374466	2.08223467700742	1.20852443847246	70	hit
#0D3A6B	1.86923610317457	2.83261098627996	7.52825648922807	7.2600982624259	70	miss
#4283C9	3.5321544824767	3.94747589094163	8.27034377803498	7.36066904074109	70	hit
#0D3A6B	9.57643428422159	10.383650329191	9.10064236736705	8.51038627316396	70	miss
#4283C9	6.3036622488919	6.74013843666284	3.9851017742594	4.88481758356195	70	hit
#4283C9	9.2804288935819	9.8279662684566	2.17883874812462	3.01561997587494	70	hit
#0D3A6B	2.60703855286875	3.45087224059215	6.5044373051276	7.04104210147508	70	miss
#4283C9	9.44935387730299	9.53784942362757	0.0981682768099013	1.09424484930858	70	hit
#0D3A6B	1.55412322966159	2.41261090958714	6.08072931160134	6.59356349865991	70	miss
#4283C9	5.34235492980771	5.87123260201223	8.01566518368147	7.16696711732127	70	hit
#0D3A6B	5.60227136947534	6.59503487050214	6.36241008643778	6.4824960182908	70	miss
#0D3A6B	9.15462976355966	10.012921690597	0.578606023518125	0.0654442868477303	70	miss
#0D3A6B	8.97952352212304	9.85291770166224	4.2506617383795	4.73767570855598	70	miss
#0D3A6B	9.52903699039218	10.1819635377944	1.23539832378641	1.99281955645516	70	miss
#4283C9	3.16899323151594	3.73038952923233	4.58675464203957	5.41430173853036	70	hit
#0D3A6B	6.3896034786043	7.15704992995287	1.3440067032834	1.98511975440035	70	miss
#0D3A6B	6.48673560134627	7.26482273880831	7.27727289336577	6.64911653821513	70	miss
#0D3A6B	6.55191098430765	7.52732879391301	9.57611004416772	9.35574648841343	70	miss
#0D3A6B	3.83038989758562	4.18917592590232	6.02705894492586	5.0936391112579	70	miss
#0D3A6B	1.87544574184862	2.84297914089117	9.87512158338452	9.62237839012867	70	miss
#4283C9	1.00202896261842	1.64385205039501	8.16585612911401	7.3990033896673	70	hit
#0D3A6B	3.54427647851181	4.51091394685435	0.622112076092719	0.878260479945482	70	miss
#4283C9	-0.47716274146127	0.521362430752688	7.61426083449807	7.55997013128762	70	hit
#4283C9	3.53153431615068	3.75141925351488	8.89208384891069	7.91655803463393	70	hit
#4283C9	7.60669511294966	7.74489198793615	6.90025225632574	5.90984747859899	70	hit
#0D3A6B	4.37553458319724	5.11096485020846	2.12241163268225	1.44481121771498	70	miss
#4283C9	2.52590405932183	2.77753971339648	9.69346210853625	8.72564007035029	70	hit
#0D3A6B	4.88137405984843	5.16248886785662	3.20361729803244	2.24394315296104	70	miss
#0D3A6B	4.83008491479837	5.75934810425109	0.405771307982044	0.0363529479508236	70	miss
#4283C9	-0.265025033435332	0.720434587268637	2.05932464898631	2.22923443670317	70	hit
#0D3A6B	0.974627292723468	1.96008702552963	3.27537898567961	3.44528812321378	70	miss
#0D3A6B	2.23496405172352	3.08105692037191	5.82527980836341	5.29224429582944	70	miss
#0D3A6B	1.23256535299137	2.18990287248031	7.9709987427357	7.68202664411931	70	miss
#4283C9	8.4054060326615	8.93127909398585	9.10312310130858	9.95368616385794	70	hit
#4283C9	0.567056484475457	0.924677067481256	4.72273559276451	3.78886862225394	70	hit
#0D3A6B	8.6011666389276	9.59034169520245	4.42752151537271	4.57426178947507	70	miss
#0D3A6B	0.691632064030001	1.46458265002029	4.97792263864681	4.34345641289696	70	miss
#4283C9	7.3478416162493	7.93200089177616	0.955990969466668	0.144351923575002	70	hit
#4283C9	5.05312048722132	5.8585023937367	0.772856991456584	1.36561325220601	70	hit
#0D3A6B	5.44517086721007	6.24581359890308	3.56481147668275	4.16395354346421	70	miss
#4283C9	1.25364977432216	1.79413204981213	6.67819665403996	7.51955205449876	70	hit
#4283C9	7.11708459859878	7.39052873713732	7.62884209770443	8.59072998259483	70	hit
#4283C9	0.577025773416674	0.597541568387831	3.77107398929478	2.77128446036546	70	hit
#4283C9	5.0770361954126	5.25368236007509	6.57630336456581	7.56057778387682	70	hit
#4283C9	4.25269523210635	4.94155340787212	2.37247499334415	1.64757885341743	70	hit
#0D3A6B	6.64059390834032	7.25752600414248	1.84810587530737	2.63512225961531	70	miss
#0D3A6B	7.47455283401258	8.47039908768885	1.23159481825566	1.14054406845684	70	miss
#4283C9	6.06473326449075	6.87901811442545	5.6659174374159	6.24638292576712	70	hit
#0D3A6B	3.46516562218036	4.46208327019398	1.32140167274515	1.24294657043179	70	miss
#0D3A6B	9.53562853847112	10.1342266705963	6.75986743035362	5.95881794610425	70	miss
#4283C9	3.13670302090399	3.17433557658292	0.607905272363857	1.60719691685663	70	hit
#4283C9	6.6696266946209	6.7582529527309	5.28874805764358	4.29268310676266	70	hit
#0D3A6B	8.46226866286967	9.40286726760891	0.922743007109521	1.26226364678049	70	miss
#0D3A6B	7.48914604090942	8.14849095869021	0.171774827784556	0.92361542219047	70	miss
#4283C9	1.24666641144385	1.64293004987458	4.32755083062051	5.24568760085555	70	hit
#0D3A6B	5.13964837615228	6.0780220458951	5.08057147063701	4.73494905247899	70	miss
#4283C9	2.45284055395305	2.87794932221741	3.48067067533307	4.38581294876016	70	hit
#0D3A6B	5.62505997907003	6.62260817639897	4.55824531268409	4.62822812490084	70	miss
#0D3A6B	6.65105708026246	7.65071602921083	1.81155958670781	1.78544472910806	70	miss
#0D3A6B	5.92058313086484	6.90023161463584	6.62406421553194	6.42334339387864	70	miss
#0D3A6B	5.74268639624969	6.48695241122587	3.58535235746479	2.91746906006062	70	miss
#0D3A6B	5.7082448653752	6.70647351668533	9.13284562078693	9.19233981969378	70	miss
#4283C9	0.667027042217244	0.829342060752522	5.70637266996165	4.71963367977331	70	hit
#0D3A6B	8.19720372973069	9.15734723726229	9.67908886142995	9.39958135715697	70	miss
#0D3A6B	4.39255639593556	5.39171038978294	0.335358848515735	0.376484224852338	70	miss
#0D3A6B	2.69808314829945	3.54025463484347	3.01875904812416	2.47954926774899	70	miss
#4283C9	9.54777593484808	9.56777886727165	3.9298026840363	4.92960260536779	70	hit
#0D3A6B	1.56233441917788	2.41683233627487	1.50054211754189	0.981087297873333	71	miss
#4283C9	5.25061492577388	5.8520913147162	8.24592171004299	7.44703113333996	71	hit
#4283C9	-0.0334661034170937	0.383092276682372	7.12091416275359	8.03002313090258	71	hit
#4283C9	3.00850058585024	3.49494731374466	2.08223467700742	1.20852443847246	71	hit
#0D3A6B	1.86923610317457	2.83261098627996	7.52825648922807	7.2600982624259	71	miss
#4283C9	3.5321544824767	3.94747589094163	8.27034377803498	7.36066904074109	71	hit
#0D3A6B	9.57643428422159	10.383650329191	9.10064236736705	8.51038627316396	71	miss
#4283C9	6.3036622488919	6.74013843666284	3.9851017742594	4.88481758356195	71	hit
#4283C9	9.2804288935819	9.8279662684566	2.17883874812462	3.01561997587494	71	hit
#0D3A6B	2.60703855286875	3.45087224059215	6.5044373051276	7.04104210147508	71	miss
#4283C9	9.44935387730299	9.53784942362757	0.0981682768099013	1.09424484930858	71	hit
#0D3A6B	1.55412322966159	2.41261090958714	6.08072931160134	6.59356349865991	71	miss
#4283C9	5.34235492980771	5.87123260201223	8.01566518368147	7.16696711732127	71	hit
#0D3A6B	5.60227136947534	6.59503487050214	6.36241008643778	6.4824960182908	71	miss
#0D3A6B	9.15462976355966	10.012921690597	0.578606023518125	0.0654442868477303	71	miss
#0D3A6B	8.97952352212304	9.85291770166224	4.2506617383795	4.73767570855598	71	miss
#0D3A6B	9.52903699039218	10.1819635377944	1.23539832378641	1.99281955645516	71	miss
#4283C9	3.16899323151594	3.73038952923233	4.58675464203957	5.41430173853036	71	hit
#0D3A6B	6.3896034786043	7.15704992995287	1.3440067032834	1.98511975440035	71	miss
#0D3A6B	6.48673560134627	7.26482273880831	7.27727289336577	6.64911653821513	71	miss
#0D3A6B	6.55191098430765	7.52732879391301	9.57611004416772	9.35574648841343	71	miss
#0D3A6B	3.83038989758562	4.18917592590232	6.02705894492586	5.0936391112579	71	miss
#0D3A6B	1.87544574184862	2.84297914089117	9.87512158338452	9.62237839012867	71	miss
#4283C9	1.00202896261842	1.64385205039501	8.16585612911401	7.3990033896673	71	hit
#0D3A6B	3.54427647851181	4.51091394685435	0.622112076092719	0.878260479945482	71	miss
#4283C9	-0.47716274146127	0.521362430752688	7.61426083449807	7.55997013128762	71	hit
#4283C9	3.53153431615068	3.75141925351488	8.89208384891069	7.91655803463393	71	hit
#4283C9	7.60669511294966	7.74489198793615	6.90025225632574	5.90984747859899	71	hit
#0D3A6B	4.37553458319724	5.11096485020846	2.12241163268225	1.44481121771498	71	miss
#4283C9	2.52590405932183	2.77753971339648	9.69346210853625	8.72564007035029	71	hit
#0D3A6B	4.88137405984843	5.16248886785662	3.20361729803244	2.24394315296104	71	miss
#0D3A6B	4.83008491479837	5.75934810425109	0.405771307982044	0.0363529479508236	71	miss
#4283C9	-0.265025033435332	0.720434587268637	2.05932464898631	2.22923443670317	71	hit
#0D3A6B	0.974627292723468	1.96008702552963	3.27537898567961	3.44528812321378	71	miss
#0D3A6B	2.23496405172352	3.08105692037191	5.82527980836341	5.29224429582944	71	miss
#0D3A6B	1.23256535299137	2.18990287248031	7.9709987427357	7.68202664411931	71	miss
#4283C9	8.4054060326615	8.93127909398585	9.10312310130858	9.95368616385794	71	hit
#4283C9	0.567056484475457	0.924677067481256	4.72273559276451	3.78886862225394	71	hit
#0D3A6B	8.6011666389276	9.59034169520245	4.42752151537271	4.57426178947507	71	miss
#0D3A6B	0.691632064030001	1.46458265002029	4.97792263864681	4.34345641289696	71	miss
#4283C9	7.3478416162493	7.93200089177616	0.955990969466668	0.144351923575002	71	hit
#4283C9	5.05312048722132	5.8585023937367	0.772856991456584	1.36561325220601	71	hit
#0D3A6B	5.44517086721007	6.24581359890308	3.56481147668275	4.16395354346421	71	miss
#4283C9	1.25364977432216	1.79413204981213	6.67819665403996	7.51955205449876	71	hit
#4283C9	7.11708459859878	7.39052873713732	7.62884209770443	8.59072998259483	71	hit
#4283C9	0.577025773416674	0.597541568387831	3.77107398929478	2.77128446036546	71	hit
#4283C9	5.0770361954126	5.25368236007509	6.57630336456581	7.56057778387682	71	hit
#4283C9	4.25269523210635	4.94155340787212	2.37247499334415	1.64757885341743	71	hit
#0D3A6B	6.64059390834032	7.25752600414248	1.84810587530737	2.63512225961531	71	miss
#0D3A6B	7.47455283401258	8.47039908768885	1.23159481825566	1.14054406845684	71	miss
#4283C9	6.06473326449075	6.87901811442545	5.6659174374159	6.24638292576712	71	hit
#0D3A6B	3.46516562218036	4.46208327019398	1.32140167274515	1.24294657043179	71	miss
#0D3A6B	9.53562853847112	10.1342266705963	6.75986743035362	5.95881794610425	71	miss
#4283C9	3.13670302090399	3.17433557658292	0.607905272363857	1.60719691685663	71	hit
#4283C9	6.6696266946209	6.7582529527309	5.28874805764358	4.29268310676266	71	hit
#0D3A6B	8.46226866286967	9.40286726760891	0.922743007109521	1.26226364678049	71	miss
#0D3A6B	7.48914604090942	8.14849095869021	0.171774827784556	0.92361542219047	71	miss
#4283C9	1.24666641144385	1.64293004987458	4.32755083062051	5.24568760085555	71	hit
#0D3A6B	5.13964837615228	6.0780220458951	5.08057147063701	4.73494905247899	71	miss
#4283C9	2.45284055395305	2.87794932221741	3.48067067533307	4.38581294876016	71	hit
#0D3A6B	5.62505997907003	6.62260817639897	4.55824531268409	4.62822812490084	71	miss
#0D3A6B	6.65105708026246	7.65071602921083	1.81155958670781	1.78544472910806	71	miss
#0D3A6B	5.92058313086484	6.90023161463584	6.62406421553194	6.42334339387864	71	miss
#0D3A6B	5.74268639624969	6.48695241122587	3.58535235746479	2.91746906006062	71	miss
#0D3A6B	5.7082448653752	6.70647351668533	9.13284562078693	9.19233981969378	71	miss
#4283C9	0.667027042217244	0.829342060752522	5.70637266996165	4.71963367977331	71	hit
#0D3A6B	8.19720372973069	9.15734723726229	9.67908886142995	9.39958135715697	71	miss
#0D3A6B	4.39255639593556	5.39171038978294	0.335358848515735	0.376484224852338	71	miss
#0D3A6B	2.69808314829945	3.54025463484347	3.01875904812416	2.47954926774899	71	miss
#4283C9	9.54777593484808	9.56777886727165	3.9298026840363	4.92960260536779	71	hit
#4283C9	4.26170531204165	4.67837250781982	3.66314529513625	2.75408619476798	71	hit
#0D3A6B	1.56233441917788	2.41683233627487	1.50054211754189	0.981087297873333	72	miss
#4283C9	5.25061492577388	5.8520913147162	8.24592171004299	7.44703113333996	72	hit
#4283C9	-0.0334661034170937	0.383092276682372	7.12091416275359	8.03002313090258	72	hit
#4283C9	3.00850058585024	3.49494731374466	2.08223467700742	1.20852443847246	72	hit
#0D3A6B	1.86923610317457	2.83261098627996	7.52825648922807	7.2600982624259	72	miss
#4283C9	3.5321544824767	3.94747589094163	8.27034377803498	7.36066904074109	72	hit
#0D3A6B	9.57643428422159	10.383650329191	9.10064236736705	8.51038627316396	72	miss
#4283C9	6.3036622488919	6.74013843666284	3.9851017742594	4.88481758356195	72	hit
#4283C9	9.2804288935819	9.8279662684566	2.17883874812462	3.01561997587494	72	hit
#0D3A6B	2.60703855286875	3.45087224059215	6.5044373051276	7.04104210147508	72	miss
#4283C9	9.44935387730299	9.53784942362757	0.0981682768099013	1.09424484930858	72	hit
#0D3A6B	1.55412322966159	2.41261090958714	6.08072931160134	6.59356349865991	72	miss
#4283C9	5.34235492980771	5.87123260201223	8.01566518368147	7.16696711732127	72	hit
#0D3A6B	5.60227136947534	6.59503487050214	6.36241008643778	6.4824960182908	72	miss
#0D3A6B	9.15462976355966	10.012921690597	0.578606023518125	0.0654442868477303	72	miss
#0D3A6B	8.97952352212304	9.85291770166224	4.2506617383795	4.73767570855598	72	miss
#0D3A6B	9.52903699039218	10.1819635377944	1.23539832378641	1.99281955645516	72	miss
#4283C9	3.16899323151594	3.73038952923233	4.58675464203957	5.41430173853036	72	hit
#0D3A6B	6.3896034786043	7.15704992995287	1.3440067032834	1.98511975440035	72	miss
#0D3A6B	6.48673560134627	7.26482273880831	7.27727289336577	6.64911653821513	72	miss
#0D3A6B	6.55191098430765	7.52732879391301	9.57611004416772	9.35574648841343	72	miss
#0D3A6B	3.83038989758562	4.18917592590232	6.02705894492586	5.0936391112579	72	miss
#0D3A6B	1.87544574184862	2.84297914089117	9.87512158338452	9.62237839012867	72	miss
#4283C9	1.00202896261842	1.64385205039501	8.16585612911401	7.3990033896673	72	hit
#0D3A6B	3.54427647851181	4.51091394685435	0.622112076092719	0.878260479945482	72	miss
#4283C9	-0.47716274146127	0.521362430752688	7.61426083449807	7.55997013128762	72	hit
#4283C9	3.53153431615068	3.75141925351488	8.89208384891069	7.91655803463393	72	hit
#4283C9	7.60669511294966	7.74489198793615	6.90025225632574	5.90984747859899	72	hit
#0D3A6B	4.37553458319724	5.11096485020846	2.12241163268225	1.44481121771498	72	miss
#4283C9	2.52590405932183	2.77753971339648	9.69346210853625	8.72564007035029	72	hit
#0D3A6B	4.88137405984843	5.16248886785662	3.20361729803244	2.24394315296104	72	miss
#0D3A6B	4.83008491479837	5.75934810425109	0.405771307982044	0.0363529479508236	72	miss
#4283C9	-0.265025033435332	0.720434587268637	2.05932464898631	2.22923443670317	72	hit
#0D3A6B	0.974627292723468	1.96008702552963	3.27537898567961	3.44528812321378	72	miss
#0D3A6B	2.23496405172352	3.08105692037191	5.82527980836341	5.29224429582944	72	miss
#0D3A6B	1.23256535299137	2.18990287248031	7.9709987427357	7.68202664411931	72	miss
#4283C9	8.4054060326615	8.93127909398585	9.10312310130858	9.95368616385794	72	hit
#4283C9	0.567056484475457	0.924677067481256	4.72273559276451	3.78886862225394	72	hit
#0D3A6B	8.6011666389276	9.59034169520245	4.42752151537271	4.57426178947507	72	miss
#0D3A6B	0.691632064030001	1.46458265002029	4.97792263864681	4.34345641289696	72	miss
#4283C9	7.3478416162493	7.93200089177616	0.955990969466668	0.144351923575002	72	hit
#4283C9	5.05312048722132	5.8585023937367	0.772856991456584	1.36561325220601	72	hit
#0D3A6B	5.44517086721007	6.24581359890308	3.56481147668275	4.16395354346421	72	miss
#4283C9	1.25364977432216	1.79413204981213	6.67819665403996	7.51955205449876	72	hit
#4283C9	7.11708459859878	7.39052873713732	7.62884209770443	8.59072998259483	72	hit
#4283C9	0.577025773416674	0.597541568387831	3.77107398929478	2.77128446036546	72	hit
#4283C9	5.0770361954126	5.25368236007509	6.57630336456581	7.56057778387682	72	hit
#4283C9	4.25269523210635	4.94155340787212	2.37247499334415	1.64757885341743	72	hit
#0D3A6B	6.64059390834032	7.25752600414248	1.84810587530737	2.63512225961531	72	miss
#0D3A6B	7.47455283401258	8.47039908768885	1.23159481825566	1.14054406845684	72	miss
#4283C9	6.06473326449075	6.87901811442545	5.6659174374159	6.24638292576712	72	hit
#0D3A6B	3.46516562218036	4.46208327019398	1.32140167274515	1.24294657043179	72	miss
#0D3A6B	9.53562853847112	10.1342266705963	6.75986743035362	5.95881794610425	72	miss
#4283C9	3.13670302090399	3.17433557658292	0.607905272363857	1.60719691685663	72	hit
#4283C9	6.6696266946209	6.7582529527309	5.28874805764358	4.29268310676266	72	hit
#0D3A6B	8.46226866286967	9.40286726760891	0.922743007109521	1.26226364678049	72	miss
#0D3A6B	7.48914604090942	8.14849095869021	0.171774827784556	0.92361542219047	72	miss
#4283C9	1.24666641144385	1.64293004987458	4.32755083062051	5.24568760085555	72	hit
#0D3A6B	5.13964837615228	6.0780220458951	5.08057147063701	4.73494905247899	72	miss
#4283C9	2.45284055395305	2.87794932221741	3.48067067533307	4.38581294876016	72	hit
#0D3A6B	5.62505997907003	6.62260817639897	4.55824531268409	4.62822812490084	72	miss
#0D3A6B	6.65105708026246	7.65071602921083	1.81155958670781	1.78544472910806	72	miss
#0D3A6B	5.92058313086484	6.90023161463584	6.62406421553194	6.42334339387864	72	miss
#0D3A6B	5.74268639624969	6.48695241122587	3.58535235746479	2.91746906006062	72	miss
#0D3A6B	5.7082448653752	6.70647351668533	9.13284562078693	9.19233981969378	72	miss
#4283C9	0.667027042217244	0.829342060752522	5.70637266996165	4.71963367977331	72	hit
#0D3A6B	8.19720372973069	9.15734723726229	9.67908886142995	9.39958135715697	72	miss
#0D3A6B	4.39255639593556	5.39171038978294	0.335358848515735	0.376484224852338	72	miss
#0D3A6B	2.69808314829945	3.54025463484347	3.01875904812416	2.47954926774899	72	miss
#4283C9	9.54777593484808	9.56777886727165	3.9298026840363	4.92960260536779	72	hit
#4283C9	4.26170531204165	4.67837250781982	3.66314529513625	2.75408619476798	72	hit
#0D3A6B	6.33948462906383	7.33945056439288	0.814059084161308	0.822313063898001	72	miss
#0D3A6B	1.56233441917788	2.41683233627487	1.50054211754189	0.981087297873333	73	miss
#4283C9	5.25061492577388	5.8520913147162	8.24592171004299	7.44703113333996	73	hit
#4283C9	-0.0334661034170937	0.383092276682372	7.12091416275359	8.03002313090258	73	hit
#4283C9	3.00850058585024	3.49494731374466	2.08223467700742	1.20852443847246	73	hit
#0D3A6B	1.86923610317457	2.83261098627996	7.52825648922807	7.2600982624259	73	miss
#4283C9	3.5321544824767	3.94747589094163	8.27034377803498	7.36066904074109	73	hit
#0D3A6B	9.57643428422159	10.383650329191	9.10064236736705	8.51038627316396	73	miss
#4283C9	6.3036622488919	6.74013843666284	3.9851017742594	4.88481758356195	73	hit
#4283C9	9.2804288935819	9.8279662684566	2.17883874812462	3.01561997587494	73	hit
#0D3A6B	2.60703855286875	3.45087224059215	6.5044373051276	7.04104210147508	73	miss
#4283C9	9.44935387730299	9.53784942362757	0.0981682768099013	1.09424484930858	73	hit
#0D3A6B	1.55412322966159	2.41261090958714	6.08072931160134	6.59356349865991	73	miss
#4283C9	5.34235492980771	5.87123260201223	8.01566518368147	7.16696711732127	73	hit
#0D3A6B	5.60227136947534	6.59503487050214	6.36241008643778	6.4824960182908	73	miss
#0D3A6B	9.15462976355966	10.012921690597	0.578606023518125	0.0654442868477303	73	miss
#0D3A6B	8.97952352212304	9.85291770166224	4.2506617383795	4.73767570855598	73	miss
#0D3A6B	9.52903699039218	10.1819635377944	1.23539832378641	1.99281955645516	73	miss
#4283C9	3.16899323151594	3.73038952923233	4.58675464203957	5.41430173853036	73	hit
#0D3A6B	6.3896034786043	7.15704992995287	1.3440067032834	1.98511975440035	73	miss
#0D3A6B	6.48673560134627	7.26482273880831	7.27727289336577	6.64911653821513	73	miss
#0D3A6B	6.55191098430765	7.52732879391301	9.57611004416772	9.35574648841343	73	miss
#0D3A6B	3.83038989758562	4.18917592590232	6.02705894492586	5.0936391112579	73	miss
#0D3A6B	1.87544574184862	2.84297914089117	9.87512158338452	9.62237839012867	73	miss
#4283C9	1.00202896261842	1.64385205039501	8.16585612911401	7.3990033896673	73	hit
#0D3A6B	3.54427647851181	4.51091394685435	0.622112076092719	0.878260479945482	73	miss
#4283C9	-0.47716274146127	0.521362430752688	7.61426083449807	7.55997013128762	73	hit
#4283C9	3.53153431615068	3.75141925351488	8.89208384891069	7.91655803463393	73	hit
#4283C9	7.60669511294966	7.74489198793615	6.90025225632574	5.90984747859899	73	hit
#0D3A6B	4.37553458319724	5.11096485020846	2.12241163268225	1.44481121771498	73	miss
#4283C9	2.52590405932183	2.77753971339648	9.69346210853625	8.72564007035029	73	hit
#0D3A6B	4.88137405984843	5.16248886785662	3.20361729803244	2.24394315296104	73	miss
#0D3A6B	4.83008491479837	5.75934810425109	0.405771307982044	0.0363529479508236	73	miss
#4283C9	-0.265025033435332	0.720434587268637	2.05932464898631	2.22923443670317	73	hit
#0D3A6B	0.974627292723468	1.96008702552963	3.27537898567961	3.44528812321378	73	miss
#0D3A6B	2.23496405172352	3.08105692037191	5.82527980836341	5.29224429582944	73	miss
#0D3A6B	1.23256535299137	2.18990287248031	7.9709987427357	7.68202664411931	73	miss
#4283C9	8.4054060326615	8.93127909398585	9.10312310130858	9.95368616385794	73	hit
#4283C9	0.567056484475457	0.924677067481256	4.72273559276451	3.78886862225394	73	hit
#0D3A6B	8.6011666389276	9.59034169520245	4.42752151537271	4.57426178947507	73	miss
#0D3A6B	0.691632064030001	1.46458265002029	4.97792263864681	4.34345641289696	73	miss
#4283C9	7.3478416162493	7.93200089177616	0.955990969466668	0.144351923575002	73	hit
#4283C9	5.05312048722132	5.8585023937367	0.772856991456584	1.36561325220601	73	hit
#0D3A6B	5.44517086721007	6.24581359890308	3.56481147668275	4.16395354346421	73	miss
#4283C9	1.25364977432216	1.79413204981213	6.67819665403996	7.51955205449876	73	hit
#4283C9	7.11708459859878	7.39052873713732	7.62884209770443	8.59072998259483	73	hit
#4283C9	0.577025773416674	0.597541568387831	3.77107398929478	2.77128446036546	73	hit
#4283C9	5.0770361954126	5.25368236007509	6.57630336456581	7.56057778387682	73	hit
#4283C9	4.25269523210635	4.94155340787212	2.37247499334415	1.64757885341743	73	hit
#0D3A6B	6.64059390834032	7.25752600414248	1.84810587530737	2.63512225961531	73	miss
#0D3A6B	7.47455283401258	8.47039908768885	1.23159481825566	1.14054406845684	73	miss
#4283C9	6.06473326449075	6.87901811442545	5.6659174374159	6.24638292576712	73	hit
#0D3A6B	3.46516562218036	4.46208327019398	1.32140167274515	1.24294657043179	73	miss
#0D3A6B	9.53562853847112	10.1342266705963	6.75986743035362	5.95881794610425	73	miss
#4283C9	3.13670302090399	3.17433557658292	0.607905272363857	1.60719691685663	73	hit
#4283C9	6.6696266946209	6.7582529527309	5.28874805764358	4.29268310676266	73	hit
#0D3A6B	8.46226866286967	9.40286726760891	0.922743007109521	1.26226364678049	73	miss
#0D3A6B	7.48914604090942	8.14849095869021	0.171774827784556	0.92361542219047	73	miss
#4283C9	1.24666641144385	1.64293004987458	4.32755083062051	5.24568760085555	73	hit
#0D3A6B	5.13964837615228	6.0780220458951	5.08057147063701	4.73494905247899	73	miss
#4283C9	2.45284055395305	2.87794932221741	3.48067067533307	4.38581294876016	73	hit
#0D3A6B	5.62505997907003	6.62260817639897	4.55824531268409	4.62822812490084	73	miss
#0D3A6B	6.65105708026246	7.65071602921083	1.81155958670781	1.78544472910806	73	miss
#0D3A6B	5.92058313086484	6.90023161463584	6.62406421553194	6.42334339387864	73	miss
#0D3A6B	5.74268639624969	6.48695241122587	3.58535235746479	2.91746906006062	73	miss
#0D3A6B	5.7082448653752	6.70647351668533	9.13284562078693	9.19233981969378	73	miss
#4283C9	0.667027042217244	0.829342060752522	5.70637266996165	4.71963367977331	73	hit
#0D3A6B	8.19720372973069	9.15734723726229	9.67908886142995	9.39958135715697	73	miss
#0D3A6B	4.39255639593556	5.39171038978294	0.335358848515735	0.376484224852338	73	miss
#0D3A6B	2.69808314829945	3.54025463484347	3.01875904812416	2.47954926774899	73	miss
#4283C9	9.54777593484808	9.56777886727165	3.9298026840363	4.92960260536779	73	hit
#4283C9	4.26170531204165	4.67837250781982	3.66314529513625	2.75408619476798	73	hit
#0D3A6B	6.33948462906383	7.33945056439288	0.814059084161308	0.822313063898001	73	miss
#0D3A6B	9.46249967002059	10.4023670262775	4.96278657420216	5.30432625365766	73	miss
#0D3A6B	1.56233441917788	2.41683233627487	1.50054211754189	0.981087297873333	74	miss
#4283C9	5.25061492577388	5.8520913147162	8.24592171004299	7.44703113333996	74	hit
#4283C9	-0.0334661034170937	0.383092276682372	7.12091416275359	8.03002313090258	74	hit
#4283C9	3.00850058585024	3.49494731374466	2.08223467700742	1.20852443847246	74	hit
#0D3A6B	1.86923610317457	2.83261098627996	7.52825648922807	7.2600982624259	74	miss
#4283C9	3.5321544824767	3.94747589094163	8.27034377803498	7.36066904074109	74	hit
#0D3A6B	9.57643428422159	10.383650329191	9.10064236736705	8.51038627316396	74	miss
#4283C9	6.3036622488919	6.74013843666284	3.9851017742594	4.88481758356195	74	hit
#4283C9	9.2804288935819	9.8279662684566	2.17883874812462	3.01561997587494	74	hit
#0D3A6B	2.60703855286875	3.45087224059215	6.5044373051276	7.04104210147508	74	miss
#4283C9	9.44935387730299	9.53784942362757	0.0981682768099013	1.09424484930858	74	hit
#0D3A6B	1.55412322966159	2.41261090958714	6.08072931160134	6.59356349865991	74	miss
#4283C9	5.34235492980771	5.87123260201223	8.01566518368147	7.16696711732127	74	hit
#0D3A6B	5.60227136947534	6.59503487050214	6.36241008643778	6.4824960182908	74	miss
#0D3A6B	9.15462976355966	10.012921690597	0.578606023518125	0.0654442868477303	74	miss
#0D3A6B	8.97952352212304	9.85291770166224	4.2506617383795	4.73767570855598	74	miss
#0D3A6B	9.52903699039218	10.1819635377944	1.23539832378641	1.99281955645516	74	miss
#4283C9	3.16899323151594	3.73038952923233	4.58675464203957	5.41430173853036	74	hit
#0D3A6B	6.3896034786043	7.15704992995287	1.3440067032834	1.98511975440035	74	miss
#0D3A6B	6.48673560134627	7.26482273880831	7.27727289336577	6.64911653821513	74	miss
#0D3A6B	6.55191098430765	7.52732879391301	9.57611004416772	9.35574648841343	74	miss
#0D3A6B	3.83038989758562	4.18917592590232	6.02705894492586	5.0936391112579	74	miss
#0D3A6B	1.87544574184862	2.84297914089117	9.87512158338452	9.62237839012867	74	miss
#4283C9	1.00202896261842	1.64385205039501	8.16585612911401	7.3990033896673	74	hit
#0D3A6B	3.54427647851181	4.51091394685435	0.622112076092719	0.878260479945482	74	miss
#4283C9	-0.47716274146127	0.521362430752688	7.61426083449807	7.55997013128762	74	hit
#4283C9	3.53153431615068	3.75141925351488	8.89208384891069	7.91655803463393	74	hit
#4283C9	7.60669511294966	7.74489198793615	6.90025225632574	5.90984747859899	74	hit
#0D3A6B	4.37553458319724	5.11096485020846	2.12241163268225	1.44481121771498	74	miss
#4283C9	2.52590405932183	2.77753971339648	9.69346210853625	8.72564007035029	74	hit
#0D3A6B	4.88137405984843	5.16248886785662	3.20361729803244	2.24394315296104	74	miss
#0D3A6B	4.83008491479837	5.75934810425109	0.405771307982044	0.0363529479508236	74	miss
#4283C9	-0.265025033435332	0.720434587268637	2.05932464898631	2.22923443670317	74	hit
#0D3A6B	0.974627292723468	1.96008702552963	3.27537898567961	3.44528812321378	74	miss
#0D3A6B	2.23496405172352	3.08105692037191	5.82527980836341	5.29224429582944	74	miss
#0D3A6B	1.23256535299137	2.18990287248031	7.9709987427357	7.68202664411931	74	miss
#4283C9	8.4054060326615	8.93127909398585	9.10312310130858	9.95368616385794	74	hit
#4283C9	0.567056484475457	0.924677067481256	4.72273559276451	3.78886862225394	74	hit
#0D3A6B	8.6011666389276	9.59034169520245	4.42752151537271	4.57426178947507	74	miss
#0D3A6B	0.691632064030001	1.46458265002029	4.97792263864681	4.34345641289696	74	miss
#4283C9	7.3478416162493	7.93200089177616	0.955990969466668	0.144351923575002	74	hit
#4283C9	5.05312048722132	5.8585023937367	0.772856991456584	1.36561325220601	74	hit
#0D3A6B	5.44517086721007	6.24581359890308	3.56481147668275	4.16395354346421	74	miss
#4283C9	1.25364977432216	1.79413204981213	6.67819665403996	7.51955205449876	74	hit
#4283C9	7.11708459859878	7.39052873713732	7.62884209770443	8.59072998259483	74	hit
#4283C9	0.577025773416674	0.597541568387831	3.77107398929478	2.77128446036546	74	hit
#4283C9	5.0770361954126	5.25368236007509	6.57630336456581	7.56057778387682	74	hit
#4283C9	4.25269523210635	4.94155340787212	2.37247499334415	1.64757885341743	74	hit
#0D3A6B	6.64059390834032	7.25752600414248	1.84810587530737	2.63512225961531	74	miss
#0D3A6B	7.47455283401258	8.47039908768885	1.23159481825566	1.14054406845684	74	miss
#4283C9	6.06473326449075	6.87901811442545	5.6659174374159	6.24638292576712	74	hit
#0D3A6B	3.46516562218036	4.46208327019398	1.32140167274515	1.24294657043179	74	miss
#0D3A6B	9.53562853847112	10.1342266705963	6.75986743035362	5.95881794610425	74	miss
#4283C9	3.13670302090399	3.17433557658292	0.607905272363857	1.60719691685663	74	hit
#4283C9	6.6696266946209	6.7582529527309	5.28874805764358	4.29268310676266	74	hit
#0D3A6B	8.46226866286967	9.40286726760891	0.922743007109521	1.26226364678049	74	miss
#0D3A6B	7.48914604090942	8.14849095869021	0.171774827784556	0.92361542219047	74	miss
#4283C9	1.24666641144385	1.64293004987458	4.32755083062051	5.24568760085555	74	hit
#0D3A6B	5.13964837615228	6.0780220458951	5.08057147063701	4.73494905247899	74	miss
#4283C9	2.45284055395305	2.87794932221741	3.48067067533307	4.38581294876016	74	hit
#0D3A6B	5.62505997907003	6.62260817639897	4.55824531268409	4.62822812490084	74	miss
#0D3A6B	6.65105708026246	7.65071602921083	1.81155958670781	1.78544472910806	74	miss
#0D3A6B	5.92058313086484	6.90023161463584	6.62406421553194	6.42334339387864	74	miss
#0D3A6B	5.74268639624969	6.48695241122587	3.58535235746479	2.91746906006062	74	miss
#0D3A6B	5.7082448653752	6.70647351668533	9.13284562078693	9.19233981969378	74	miss
#4283C9	0.667027042217244	0.829342060752522	5.70637266996165	4.71963367977331	74	hit
#0D3A6B	8.19720372973069	9.15734723726229	9.67908886142995	9.39958135715697	74	miss
#0D3A6B	4.39255639593556	5.39171038978294	0.335358848515735	0.376484224852338	74	miss
#0D3A6B	2.69808314829945	3.54025463484347	3.01875904812416	2.47954926774899	74	miss
#4283C9	9.54777593484808	9.56777886727165	3.9298026840363	4.92960260536779	74	hit
#4283C9	4.26170531204165	4.67837250781982	3.66314529513625	2.75408619476798	74	hit
#0D3A6B	6.33948462906383	7.33945056439288	0.814059084161308	0.822313063898001	74	miss
#0D3A6B	9.46249967002059	10.4023670262775	4.96278657420216	5.30432625365766	74	miss
#0D3A6B	7.85306744021955	8.71139178773729	3.12523401166594	2.6121265039658	74	miss
#0D3A6B	1.56233441917788	2.41683233627487	1.50054211754189	0.981087297873333	75	miss
#4283C9	5.25061492577388	5.8520913147162	8.24592171004299	7.44703113333996	75	hit
#4283C9	-0.0334661034170937	0.383092276682372	7.12091416275359	8.03002313090258	75	hit
#4283C9	3.00850058585024	3.49494731374466	2.08223467700742	1.20852443847246	75	hit
#0D3A6B	1.86923610317457	2.83261098627996	7.52825648922807	7.2600982624259	75	miss
#4283C9	3.5321544824767	3.94747589094163	8.27034377803498	7.36066904074109	75	hit
#0D3A6B	9.57643428422159	10.383650329191	9.10064236736705	8.51038627316396	75	miss
#4283C9	6.3036622488919	6.74013843666284	3.9851017742594	4.88481758356195	75	hit
#4283C9	9.2804288935819	9.8279662684566	2.17883874812462	3.01561997587494	75	hit
#0D3A6B	2.60703855286875	3.45087224059215	6.5044373051276	7.04104210147508	75	miss
#4283C9	9.44935387730299	9.53784942362757	0.0981682768099013	1.09424484930858	75	hit
#0D3A6B	1.55412322966159	2.41261090958714	6.08072931160134	6.59356349865991	75	miss
#4283C9	5.34235492980771	5.87123260201223	8.01566518368147	7.16696711732127	75	hit
#0D3A6B	5.60227136947534	6.59503487050214	6.36241008643778	6.4824960182908	75	miss
#0D3A6B	9.15462976355966	10.012921690597	0.578606023518125	0.0654442868477303	75	miss
#0D3A6B	8.97952352212304	9.85291770166224	4.2506617383795	4.73767570855598	75	miss
#0D3A6B	9.52903699039218	10.1819635377944	1.23539832378641	1.99281955645516	75	miss
#4283C9	3.16899323151594	3.73038952923233	4.58675464203957	5.41430173853036	75	hit
#0D3A6B	6.3896034786043	7.15704992995287	1.3440067032834	1.98511975440035	75	miss
#0D3A6B	6.48673560134627	7.26482273880831	7.27727289336577	6.64911653821513	75	miss
#0D3A6B	6.55191098430765	7.52732879391301	9.57611004416772	9.35574648841343	75	miss
#0D3A6B	3.83038989758562	4.18917592590232	6.02705894492586	5.0936391112579	75	miss
#0D3A6B	1.87544574184862	2.84297914089117	9.87512158338452	9.62237839012867	75	miss
#4283C9	1.00202896261842	1.64385205039501	8.16585612911401	7.3990033896673	75	hit
#0D3A6B	3.54427647851181	4.51091394685435	0.622112076092719	0.878260479945482	75	miss
#4283C9	-0.47716274146127	0.521362430752688	7.61426083449807	7.55997013128762	75	hit
#4283C9	3.53153431615068	3.75141925351488	8.89208384891069	7.91655803463393	75	hit
#4283C9	7.60669511294966	7.74489198793615	6.90025225632574	5.90984747859899	75	hit
#0D3A6B	4.37553458319724	5.11096485020846	2.12241163268225	1.44481121771498	75	miss
#4283C9	2.52590405932183	2.77753971339648	9.69346210853625	8.72564007035029	75	hit
#0D3A6B	4.88137405984843	5.16248886785662	3.20361729803244	2.24394315296104	75	miss
#0D3A6B	4.83008491479837	5.75934810425109	0.405771307982044	0.0363529479508236	75	miss
#4283C9	-0.265025033435332	0.720434587268637	2.05932464898631	2.22923443670317	75	hit
#0D3A6B	0.974627292723468	1.96008702552963	3.27537898567961	3.44528812321378	75	miss
#0D3A6B	2.23496405172352	3.08105692037191	5.82527980836341	5.29224429582944	75	miss
#0D3A6B	1.23256535299137	2.18990287248031	7.9709987427357	7.68202664411931	75	miss
#4283C9	8.4054060326615	8.93127909398585	9.10312310130858	9.95368616385794	75	hit
#4283C9	0.567056484475457	0.924677067481256	4.72273559276451	3.78886862225394	75	hit
#0D3A6B	8.6011666389276	9.59034169520245	4.42752151537271	4.57426178947507	75	miss
#0D3A6B	0.691632064030001	1.46458265002029	4.97792263864681	4.34345641289696	75	miss
#4283C9	7.3478416162493	7.93200089177616	0.955990969466668	0.144351923575002	75	hit
#4283C9	5.05312048722132	5.8585023937367	0.772856991456584	1.36561325220601	75	hit
#0D3A6B	5.44517086721007	6.24581359890308	3.56481147668275	4.16395354346421	75	miss
#4283C9	1.25364977432216	1.79413204981213	6.67819665403996	7.51955205449876	75	hit
#4283C9	7.11708459859878	7.39052873713732	7.62884209770443	8.59072998259483	75	hit
#4283C9	0.577025773416674	0.597541568387831	3.77107398929478	2.77128446036546	75	hit
#4283C9	5.0770361954126	5.25368236007509	6.57630336456581	7.56057778387682	75	hit
#4283C9	4.25269523210635	4.94155340787212	2.37247499334415	1.64757885341743	75	hit
#0D3A6B	6.64059390834032	7.25752600414248	1.84810587530737	2.63512225961531	75	miss
#0D3A6B	7.47455283401258	8.47039908768885	1.23159481825566	1.14054406845684	75	miss
#4283C9	6.06473326449075	6.87901811442545	5.6659174374159	6.24638292576712	75	hit
#0D3A6B	3.46516562218036	4.46208327019398	1.32140167274515	1.24294657043179	75	miss
#0D3A6B	9.53562853847112	10.1342266705963	6.75986743035362	5.95881794610425	75	miss
#4283C9	3.13670302090399	3.17433557658292	0.607905272363857	1.60719691685663	75	hit
#4283C9	6.6696266946209	6.7582529527309	5.28874805764358	4.29268310676266	75	hit
#0D3A6B	8.46226866286967	9.40286726760891	0.922743007109521	1.26226364678049	75	miss
#0D3A6B	7.48914604090942	8.14849095869021	0.171774827784556	0.92361542219047	75	miss
#4283C9	1.24666641144385	1.64293004987458	4.32755083062051	5.24568760085555	75	hit
#0D3A6B	5.13964837615228	6.0780220458951	5.08057147063701	4.73494905247899	75	miss
#4283C9	2.45284055395305	2.87794932221741	3.48067067533307	4.38581294876016	75	hit
#0D3A6B	5.62505997907003	6.62260817639897	4.55824531268409	4.62822812490084	75	miss
#0D3A6B	6.65105708026246	7.65071602921083	1.81155958670781	1.78544472910806	75	miss
#0D3A6B	5.92058313086484	6.90023161463584	6.62406421553194	6.42334339387864	75	miss
#0D3A6B	5.74268639624969	6.48695241122587	3.58535235746479	2.91746906006062	75	miss
#0D3A6B	5.7082448653752	6.70647351668533	9.13284562078693	9.19233981969378	75	miss
#4283C9	0.667027042217244	0.829342060752522	5.70637266996165	4.71963367977331	75	hit
#0D3A6B	8.19720372973069	9.15734723726229	9.67908886142995	9.39958135715697	75	miss
#0D3A6B	4.39255639593556	5.39171038978294	0.335358848515735	0.376484224852338	75	miss
#0D3A6B	2.69808314829945	3.54025463484347	3.01875904812416	2.47954926774899	75	miss
#4283C9	9.54777593484808	9.56777886727165	3.9298026840363	4.92960260536779	75	hit
#4283C9	4.26170531204165	4.67837250781982	3.66314529513625	2.75408619476798	75	hit
#0D3A6B	6.33948462906383	7.33945056439288	0.814059084161308	0.822313063898001	75	miss
#0D3A6B	9.46249967002059	10.4023670262775	4.96278657420216	5.30432625365766	75	miss
#0D3A6B	7.85306744021955	8.71139178773729	3.12523401166594	2.6121265039658	75	miss
#4283C9	8.14705067884406	8.27332368947336	4.2730095829859	3.28101405538176	75	hit
#0D3A6B	1.56233441917788	2.41683233627487	1.50054211754189	0.981087297873333	76	miss
#4283C9	5.25061492577388	5.8520913147162	8.24592171004299	7.44703113333996	76	hit
#4283C9	-0.0334661034170937	0.383092276682372	7.12091416275359	8.03002313090258	76	hit
#4283C9	3.00850058585024	3.49494731374466	2.08223467700742	1.20852443847246	76	hit
#0D3A6B	1.86923610317457	2.83261098627996	7.52825648922807	7.2600982624259	76	miss
#4283C9	3.5321544824767	3.94747589094163	8.27034377803498	7.36066904074109	76	hit
#0D3A6B	9.57643428422159	10.383650329191	9.10064236736705	8.51038627316396	76	miss
#4283C9	6.3036622488919	6.74013843666284	3.9851017742594	4.88481758356195	76	hit
#4283C9	9.2804288935819	9.8279662684566	2.17883874812462	3.01561997587494	76	hit
#0D3A6B	2.60703855286875	3.45087224059215	6.5044373051276	7.04104210147508	76	miss
#4283C9	9.44935387730299	9.53784942362757	0.0981682768099013	1.09424484930858	76	hit
#0D3A6B	1.55412322966159	2.41261090958714	6.08072931160134	6.59356349865991	76	miss
#4283C9	5.34235492980771	5.87123260201223	8.01566518368147	7.16696711732127	76	hit
#0D3A6B	5.60227136947534	6.59503487050214	6.36241008643778	6.4824960182908	76	miss
#0D3A6B	9.15462976355966	10.012921690597	0.578606023518125	0.0654442868477303	76	miss
#0D3A6B	8.97952352212304	9.85291770166224	4.2506617383795	4.73767570855598	76	miss
#0D3A6B	9.52903699039218	10.1819635377944	1.23539832378641	1.99281955645516	76	miss
#4283C9	3.16899323151594	3.73038952923233	4.58675464203957	5.41430173853036	76	hit
#0D3A6B	6.3896034786043	7.15704992995287	1.3440067032834	1.98511975440035	76	miss
#0D3A6B	6.48673560134627	7.26482273880831	7.27727289336577	6.64911653821513	76	miss
#0D3A6B	6.55191098430765	7.52732879391301	9.57611004416772	9.35574648841343	76	miss
#0D3A6B	3.83038989758562	4.18917592590232	6.02705894492586	5.0936391112579	76	miss
#0D3A6B	1.87544574184862	2.84297914089117	9.87512158338452	9.62237839012867	76	miss
#4283C9	1.00202896261842	1.64385205039501	8.16585612911401	7.3990033896673	76	hit
#0D3A6B	3.54427647851181	4.51091394685435	0.622112076092719	0.878260479945482	76	miss
#4283C9	-0.47716274146127	0.521362430752688	7.61426083449807	7.55997013128762	76	hit
#4283C9	3.53153431615068	3.75141925351488	8.89208384891069	7.91655803463393	76	hit
#4283C9	7.60669511294966	7.74489198793615	6.90025225632574	5.90984747859899	76	hit
#0D3A6B	4.37553458319724	5.11096485020846	2.12241163268225	1.44481121771498	76	miss
#4283C9	2.52590405932183	2.77753971339648	9.69346210853625	8.72564007035029	76	hit
#0D3A6B	4.88137405984843	5.16248886785662	3.20361729803244	2.24394315296104	76	miss
#0D3A6B	4.83008491479837	5.75934810425109	0.405771307982044	0.0363529479508236	76	miss
#4283C9	-0.265025033435332	0.720434587268637	2.05932464898631	2.22923443670317	76	hit
#0D3A6B	0.974627292723468	1.96008702552963	3.27537898567961	3.44528812321378	76	miss
#0D3A6B	2.23496405172352	3.08105692037191	5.82527980836341	5.29224429582944	76	miss
#0D3A6B	1.23256535299137	2.18990287248031	7.9709987427357	7.68202664411931	76	miss
#4283C9	8.4054060326615	8.93127909398585	9.10312310130858	9.95368616385794	76	hit
#4283C9	0.567056484475457	0.924677067481256	4.72273559276451	3.78886862225394	76	hit
#0D3A6B	8.6011666389276	9.59034169520245	4.42752151537271	4.57426178947507	76	miss
#0D3A6B	0.691632064030001	1.46458265002029	4.97792263864681	4.34345641289696	76	miss
#4283C9	7.3478416162493	7.93200089177616	0.955990969466668	0.144351923575002	76	hit
#4283C9	5.05312048722132	5.8585023937367	0.772856991456584	1.36561325220601	76	hit
#0D3A6B	5.44517086721007	6.24581359890308	3.56481147668275	4.16395354346421	76	miss
#4283C9	1.25364977432216	1.79413204981213	6.67819665403996	7.51955205449876	76	hit
#4283C9	7.11708459859878	7.39052873713732	7.62884209770443	8.59072998259483	76	hit
#4283C9	0.577025773416674	0.597541568387831	3.77107398929478	2.77128446036546	76	hit
#4283C9	5.0770361954126	5.25368236007509	6.57630336456581	7.56057778387682	76	hit
#4283C9	4.25269523210635	4.94155340787212	2.37247499334415	1.64757885341743	76	hit
#0D3A6B	6.64059390834032	7.25752600414248	1.84810587530737	2.63512225961531	76	miss
#0D3A6B	7.47455283401258	8.47039908768885	1.23159481825566	1.14054406845684	76	miss
#4283C9	6.06473326449075	6.87901811442545	5.6659174374159	6.24638292576712	76	hit
#0D3A6B	3.46516562218036	4.46208327019398	1.32140167274515	1.24294657043179	76	miss
#0D3A6B	9.53562853847112	10.1342266705963	6.75986743035362	5.95881794610425	76	miss
#4283C9	3.13670302090399	3.17433557658292	0.607905272363857	1.60719691685663	76	hit
#4283C9	6.6696266946209	6.7582529527309	5.28874805764358	4.29268310676266	76	hit
#0D3A6B	8.46226866286967	9.40286726760891	0.922743007109521	1.26226364678049	76	miss
#0D3A6B	7.48914604090942	8.14849095869021	0.171774827784556	0.92361542219047	76	miss
#4283C9	1.24666641144385	1.64293004987458	4.32755083062051	5.24568760085555	76	hit
#0D3A6B	5.13964837615228	6.0780220458951	5.08057147063701	4.73494905247899	76	miss
#4283C9	2.45284055395305	2.87794932221741	3.48067067533307	4.38581294876016	76	hit
#0D3A6B	5.62505997907003	6.62260817639897	4.55824531268409	4.62822812490084	76	miss
#0D3A6B	6.65105708026246	7.65071602921083	1.81155958670781	1.78544472910806	76	miss
#0D3A6B	5.92058313086484	6.90023161463584	6.62406421553194	6.42334339387864	76	miss
#0D3A6B	5.74268639624969	6.48695241122587	3.58535235746479	2.91746906006062	76	miss
#0D3A6B	5.7082448653752	6.70647351668533	9.13284562078693	9.19233981969378	76	miss
#4283C9	0.667027042217244	0.829342060752522	5.70637266996165	4.71963367977331	76	hit
#0D3A6B	8.19720372973069	9.15734723726229	9.67908886142995	9.39958135715697	76	miss
#0D3A6B	4.39255639593556	5.39171038978294	0.335358848515735	0.376484224852338	76	miss
#0D3A6B	2.69808314829945	3.54025463484347	3.01875904812416	2.47954926774899	76	miss
#4283C9	9.54777593484808	9.56777886727165	3.9298026840363	4.92960260536779	76	hit
#4283C9	4.26170531204165	4.67837250781982	3.66314529513625	2.75408619476798	76	hit
#0D3A6B	6.33948462906383	7.33945056439288	0.814059084161308	0.822313063898001	76	miss
#0D3A6B	9.46249967002059	10.4023670262775	4.96278657420216	5.30432625365766	76	miss
#0D3A6B	7.85306744021955	8.71139178773729	3.12523401166594	2.6121265039658	76	miss
#4283C9	8.14705067884406	8.27332368947336	4.2730095829859	3.28101405538176	76	hit
#0D3A6B	1.65706840016932	2.43195466092735	4.7921035819066	5.42420427237328	76	miss
#0D3A6B	1.56233441917788	2.41683233627487	1.50054211754189	0.981087297873333	77	miss
#4283C9	5.25061492577388	5.8520913147162	8.24592171004299	7.44703113333996	77	hit
#4283C9	-0.0334661034170937	0.383092276682372	7.12091416275359	8.03002313090258	77	hit
#4283C9	3.00850058585024	3.49494731374466	2.08223467700742	1.20852443847246	77	hit
#0D3A6B	1.86923610317457	2.83261098627996	7.52825648922807	7.2600982624259	77	miss
#4283C9	3.5321544824767	3.94747589094163	8.27034377803498	7.36066904074109	77	hit
#0D3A6B	9.57643428422159	10.383650329191	9.10064236736705	8.51038627316396	77	miss
#4283C9	6.3036622488919	6.74013843666284	3.9851017742594	4.88481758356195	77	hit
#4283C9	9.2804288935819	9.8279662684566	2.17883874812462	3.01561997587494	77	hit
#0D3A6B	2.60703855286875	3.45087224059215	6.5044373051276	7.04104210147508	77	miss
#4283C9	9.44935387730299	9.53784942362757	0.0981682768099013	1.09424484930858	77	hit
#0D3A6B	1.55412322966159	2.41261090958714	6.08072931160134	6.59356349865991	77	miss
#4283C9	5.34235492980771	5.87123260201223	8.01566518368147	7.16696711732127	77	hit
#0D3A6B	5.60227136947534	6.59503487050214	6.36241008643778	6.4824960182908	77	miss
#0D3A6B	9.15462976355966	10.012921690597	0.578606023518125	0.0654442868477303	77	miss
#0D3A6B	8.97952352212304	9.85291770166224	4.2506617383795	4.73767570855598	77	miss
#0D3A6B	9.52903699039218	10.1819635377944	1.23539832378641	1.99281955645516	77	miss
#4283C9	3.16899323151594	3.73038952923233	4.58675464203957	5.41430173853036	77	hit
#0D3A6B	6.3896034786043	7.15704992995287	1.3440067032834	1.98511975440035	77	miss
#0D3A6B	6.48673560134627	7.26482273880831	7.27727289336577	6.64911653821513	77	miss
#0D3A6B	6.55191098430765	7.52732879391301	9.57611004416772	9.35574648841343	77	miss
#0D3A6B	3.83038989758562	4.18917592590232	6.02705894492586	5.0936391112579	77	miss
#0D3A6B	1.87544574184862	2.84297914089117	9.87512158338452	9.62237839012867	77	miss
#4283C9	1.00202896261842	1.64385205039501	8.16585612911401	7.3990033896673	77	hit
#0D3A6B	3.54427647851181	4.51091394685435	0.622112076092719	0.878260479945482	77	miss
#4283C9	-0.47716274146127	0.521362430752688	7.61426083449807	7.55997013128762	77	hit
#4283C9	3.53153431615068	3.75141925351488	8.89208384891069	7.91655803463393	77	hit
#4283C9	7.60669511294966	7.74489198793615	6.90025225632574	5.90984747859899	77	hit
#0D3A6B	4.37553458319724	5.11096485020846	2.12241163268225	1.44481121771498	77	miss
#4283C9	2.52590405932183	2.77753971339648	9.69346210853625	8.72564007035029	77	hit
#0D3A6B	4.88137405984843	5.16248886785662	3.20361729803244	2.24394315296104	77	miss
#0D3A6B	4.83008491479837	5.75934810425109	0.405771307982044	0.0363529479508236	77	miss
#4283C9	-0.265025033435332	0.720434587268637	2.05932464898631	2.22923443670317	77	hit
#0D3A6B	0.974627292723468	1.96008702552963	3.27537898567961	3.44528812321378	77	miss
#0D3A6B	2.23496405172352	3.08105692037191	5.82527980836341	5.29224429582944	77	miss
#0D3A6B	1.23256535299137	2.18990287248031	7.9709987427357	7.68202664411931	77	miss
#4283C9	8.4054060326615	8.93127909398585	9.10312310130858	9.95368616385794	77	hit
#4283C9	0.567056484475457	0.924677067481256	4.72273559276451	3.78886862225394	77	hit
#0D3A6B	8.6011666389276	9.59034169520245	4.42752151537271	4.57426178947507	77	miss
#0D3A6B	0.691632064030001	1.46458265002029	4.97792263864681	4.34345641289696	77	miss
#4283C9	7.3478416162493	7.93200089177616	0.955990969466668	0.144351923575002	77	hit
#4283C9	5.05312048722132	5.8585023937367	0.772856991456584	1.36561325220601	77	hit
#0D3A6B	5.44517086721007	6.24581359890308	3.56481147668275	4.16395354346421	77	miss
#4283C9	1.25364977432216	1.79413204981213	6.67819665403996	7.51955205449876	77	hit
#4283C9	7.11708459859878	7.39052873713732	7.62884209770443	8.59072998259483	77	hit
#4283C9	0.577025773416674	0.597541568387831	3.77107398929478	2.77128446036546	77	hit
#4283C9	5.0770361954126	5.25368236007509	6.57630336456581	7.56057778387682	77	hit
#4283C9	4.25269523210635	4.94155340787212	2.37247499334415	1.64757885341743	77	hit
#0D3A6B	6.64059390834032	7.25752600414248	1.84810587530737	2.63512225961531	77	miss
#0D3A6B	7.47455283401258	8.47039908768885	1.23159481825566	1.14054406845684	77	miss
#4283C9	6.06473326449075	6.87901811442545	5.6659174374159	6.24638292576712	77	hit
#0D3A6B	3.46516562218036	4.46208327019398	1.32140167274515	1.24294657043179	77	miss
#0D3A6B	9.53562853847112	10.1342266705963	6.75986743035362	5.95881794610425	77	miss
#4283C9	3.13670302090399	3.17433557658292	0.607905272363857	1.60719691685663	77	hit
#4283C9	6.6696266946209	6.7582529527309	5.28874805764358	4.29268310676266	77	hit
#0D3A6B	8.46226866286967	9.40286726760891	0.922743007109521	1.26226364678049	77	miss
#0D3A6B	7.48914604090942	8.14849095869021	0.171774827784556	0.92361542219047	77	miss
#4283C9	1.24666641144385	1.64293004987458	4.32755083062051	5.24568760085555	77	hit
#0D3A6B	5.13964837615228	6.0780220458951	5.08057147063701	4.73494905247899	77	miss
#4283C9	2.45284055395305	2.87794932221741	3.48067067533307	4.38581294876016	77	hit
#0D3A6B	5.62505997907003	6.62260817639897	4.55824531268409	4.62822812490084	77	miss
#0D3A6B	6.65105708026246	7.65071602921083	1.81155958670781	1.78544472910806	77	miss
#0D3A6B	5.92058313086484	6.90023161463584	6.62406421553194	6.42334339387864	77	miss
#0D3A6B	5.74268639624969	6.48695241122587	3.58535235746479	2.91746906006062	77	miss
#0D3A6B	5.7082448653752	6.70647351668533	9.13284562078693	9.19233981969378	77	miss
#4283C9	0.667027042217244	0.829342060752522	5.70637266996165	4.71963367977331	77	hit
#0D3A6B	8.19720372973069	9.15734723726229	9.67908886142995	9.39958135715697	77	miss
#0D3A6B	4.39255639593556	5.39171038978294	0.335358848515735	0.376484224852338	77	miss
#0D3A6B	2.69808314829945	3.54025463484347	3.01875904812416	2.47954926774899	77	miss
#4283C9	9.54777593484808	9.56777886727165	3.9298026840363	4.92960260536779	77	hit
#4283C9	4.26170531204165	4.67837250781982	3.66314529513625	2.75408619476798	77	hit
#0D3A6B	6.33948462906383	7.33945056439288	0.814059084161308	0.822313063898001	77	miss
#0D3A6B	9.46249967002059	10.4023670262775	4.96278657420216	5.30432625365766	77	miss
#0D3A6B	7.85306744021955	8.71139178773729	3.12523401166594	2.6121265039658	77	miss
#4283C9	8.14705067884406	8.27332368947336	4.2730095829859	3.28101405538176	77	hit
#0D3A6B	1.65706840016932	2.43195466092735	4.7921035819066	5.42420427237328	77	miss
#4283C9	4.57195088971423	4.80092467967404	5.91119362150671	6.88462620957403	77	hit
#0D3A6B	1.56233441917788	2.41683233627487	1.50054211754189	0.981087297873333	78	miss
#4283C9	5.25061492577388	5.8520913147162	8.24592171004299	7.44703113333996	78	hit
#4283C9	-0.0334661034170937	0.383092276682372	7.12091416275359	8.03002313090258	78	hit
#4283C9	3.00850058585024	3.49494731374466	2.08223467700742	1.20852443847246	78	hit
#0D3A6B	1.86923610317457	2.83261098627996	7.52825648922807	7.2600982624259	78	miss
#4283C9	3.5321544824767	3.94747589094163	8.27034377803498	7.36066904074109	78	hit
#0D3A6B	9.57643428422159	10.383650329191	9.10064236736705	8.51038627316396	78	miss
#4283C9	6.3036622488919	6.74013843666284	3.9851017742594	4.88481758356195	78	hit
#4283C9	9.2804288935819	9.8279662684566	2.17883874812462	3.01561997587494	78	hit
#0D3A6B	2.60703855286875	3.45087224059215	6.5044373051276	7.04104210147508	78	miss
#4283C9	9.44935387730299	9.53784942362757	0.0981682768099013	1.09424484930858	78	hit
#0D3A6B	1.55412322966159	2.41261090958714	6.08072931160134	6.59356349865991	78	miss
#4283C9	5.34235492980771	5.87123260201223	8.01566518368147	7.16696711732127	78	hit
#0D3A6B	5.60227136947534	6.59503487050214	6.36241008643778	6.4824960182908	78	miss
#0D3A6B	9.15462976355966	10.012921690597	0.578606023518125	0.0654442868477303	78	miss
#0D3A6B	8.97952352212304	9.85291770166224	4.2506617383795	4.73767570855598	78	miss
#0D3A6B	9.52903699039218	10.1819635377944	1.23539832378641	1.99281955645516	78	miss
#4283C9	3.16899323151594	3.73038952923233	4.58675464203957	5.41430173853036	78	hit
#0D3A6B	6.3896034786043	7.15704992995287	1.3440067032834	1.98511975440035	78	miss
#0D3A6B	6.48673560134627	7.26482273880831	7.27727289336577	6.64911653821513	78	miss
#0D3A6B	6.55191098430765	7.52732879391301	9.57611004416772	9.35574648841343	78	miss
#0D3A6B	3.83038989758562	4.18917592590232	6.02705894492586	5.0936391112579	78	miss
#0D3A6B	1.87544574184862	2.84297914089117	9.87512158338452	9.62237839012867	78	miss
#4283C9	1.00202896261842	1.64385205039501	8.16585612911401	7.3990033896673	78	hit
#0D3A6B	3.54427647851181	4.51091394685435	0.622112076092719	0.878260479945482	78	miss
#4283C9	-0.47716274146127	0.521362430752688	7.61426083449807	7.55997013128762	78	hit
#4283C9	3.53153431615068	3.75141925351488	8.89208384891069	7.91655803463393	78	hit
#4283C9	7.60669511294966	7.74489198793615	6.90025225632574	5.90984747859899	78	hit
#0D3A6B	4.37553458319724	5.11096485020846	2.12241163268225	1.44481121771498	78	miss
#4283C9	2.52590405932183	2.77753971339648	9.69346210853625	8.72564007035029	78	hit
#0D3A6B	4.88137405984843	5.16248886785662	3.20361729803244	2.24394315296104	78	miss
#0D3A6B	4.83008491479837	5.75934810425109	0.405771307982044	0.0363529479508236	78	miss
#4283C9	-0.265025033435332	0.720434587268637	2.05932464898631	2.22923443670317	78	hit
#0D3A6B	0.974627292723468	1.96008702552963	3.27537898567961	3.44528812321378	78	miss
#0D3A6B	2.23496405172352	3.08105692037191	5.82527980836341	5.29224429582944	78	miss
#0D3A6B	1.23256535299137	2.18990287248031	7.9709987427357	7.68202664411931	78	miss
#4283C9	8.4054060326615	8.93127909398585	9.10312310130858	9.95368616385794	78	hit
#4283C9	0.567056484475457	0.924677067481256	4.72273559276451	3.78886862225394	78	hit
#0D3A6B	8.6011666389276	9.59034169520245	4.42752151537271	4.57426178947507	78	miss
#0D3A6B	0.691632064030001	1.46458265002029	4.97792263864681	4.34345641289696	78	miss
#4283C9	7.3478416162493	7.93200089177616	0.955990969466668	0.144351923575002	78	hit
#4283C9	5.05312048722132	5.8585023937367	0.772856991456584	1.36561325220601	78	hit
#0D3A6B	5.44517086721007	6.24581359890308	3.56481147668275	4.16395354346421	78	miss
#4283C9	1.25364977432216	1.79413204981213	6.67819665403996	7.51955205449876	78	hit
#4283C9	7.11708459859878	7.39052873713732	7.62884209770443	8.59072998259483	78	hit
#4283C9	0.577025773416674	0.597541568387831	3.77107398929478	2.77128446036546	78	hit
#4283C9	5.0770361954126	5.25368236007509	6.57630336456581	7.56057778387682	78	hit
#4283C9	4.25269523210635	4.94155340787212	2.37247499334415	1.64757885341743	78	hit
#0D3A6B	6.64059390834032	7.25752600414248	1.84810587530737	2.63512225961531	78	miss
#0D3A6B	7.47455283401258	8.47039908768885	1.23159481825566	1.14054406845684	78	miss
#4283C9	6.06473326449075	6.87901811442545	5.6659174374159	6.24638292576712	78	hit
#0D3A6B	3.46516562218036	4.46208327019398	1.32140167274515	1.24294657043179	78	miss
#0D3A6B	9.53562853847112	10.1342266705963	6.75986743035362	5.95881794610425	78	miss
#4283C9	3.13670302090399	3.17433557658292	0.607905272363857	1.60719691685663	78	hit
#4283C9	6.6696266946209	6.7582529527309	5.28874805764358	4.29268310676266	78	hit
#0D3A6B	8.46226866286967	9.40286726760891	0.922743007109521	1.26226364678049	78	miss
#0D3A6B	7.48914604090942	8.14849095869021	0.171774827784556	0.92361542219047	78	miss
#4283C9	1.24666641144385	1.64293004987458	4.32755083062051	5.24568760085555	78	hit
#0D3A6B	5.13964837615228	6.0780220458951	5.08057147063701	4.73494905247899	78	miss
#4283C9	2.45284055395305	2.87794932221741	3.48067067533307	4.38581294876016	78	hit
#0D3A6B	5.62505997907003	6.62260817639897	4.55824531268409	4.62822812490084	78	miss
#0D3A6B	6.65105708026246	7.65071602921083	1.81155958670781	1.78544472910806	78	miss
#0D3A6B	5.92058313086484	6.90023161463584	6.62406421553194	6.42334339387864	78	miss
#0D3A6B	5.74268639624969	6.48695241122587	3.58535235746479	2.91746906006062	78	miss
#0D3A6B	5.7082448653752	6.70647351668533	9.13284562078693	9.19233981969378	78	miss
#4283C9	0.667027042217244	0.829342060752522	5.70637266996165	4.71963367977331	78	hit
#0D3A6B	8.19720372973069	9.15734723726229	9.67908886142995	9.39958135715697	78	miss
#0D3A6B	4.39255639593556	5.39171038978294	0.335358848515735	0.376484224852338	78	miss
#0D3A6B	2.69808314829945	3.54025463484347	3.01875904812416	2.47954926774899	78	miss
#4283C9	9.54777593484808	9.56777886727165	3.9298026840363	4.92960260536779	78	hit
#4283C9	4.26170531204165	4.67837250781982	3.66314529513625	2.75408619476798	78	hit
#0D3A6B	6.33948462906383	7.33945056439288	0.814059084161308	0.822313063898001	78	miss
#0D3A6B	9.46249967002059	10.4023670262775	4.96278657420216	5.30432625365766	78	miss
#0D3A6B	7.85306744021955	8.71139178773729	3.12523401166594	2.6121265039658	78	miss
#4283C9	8.14705067884406	8.27332368947336	4.2730095829859	3.28101405538176	78	hit
#0D3A6B	1.65706840016932	2.43195466092735	4.7921035819066	5.42420427237328	78	miss
#4283C9	4.57195088971423	4.80092467967404	5.91119362150671	6.88462620957403	78	hit
#0D3A6B	6.86405314296767	7.30899901430771	1.32422474909441	2.21978221323474	78	miss
#0D3A6B	1.56233441917788	2.41683233627487	1.50054211754189	0.981087297873333	79	miss
#4283C9	5.25061492577388	5.8520913147162	8.24592171004299	7.44703113333996	79	hit
#4283C9	-0.0334661034170937	0.383092276682372	7.12091416275359	8.03002313090258	79	hit
#4283C9	3.00850058585024	3.49494731374466	2.08223467700742	1.20852443847246	79	hit
#0D3A6B	1.86923610317457	2.83261098627996	7.52825648922807	7.2600982624259	79	miss
#4283C9	3.5321544824767	3.94747589094163	8.27034377803498	7.36066904074109	79	hit
#0D3A6B	9.57643428422159	10.383650329191	9.10064236736705	8.51038627316396	79	miss
#4283C9	6.3036622488919	6.74013843666284	3.9851017742594	4.88481758356195	79	hit
#4283C9	9.2804288935819	9.8279662684566	2.17883874812462	3.01561997587494	79	hit
#0D3A6B	2.60703855286875	3.45087224059215	6.5044373051276	7.04104210147508	79	miss
#4283C9	9.44935387730299	9.53784942362757	0.0981682768099013	1.09424484930858	79	hit
#0D3A6B	1.55412322966159	2.41261090958714	6.08072931160134	6.59356349865991	79	miss
#4283C9	5.34235492980771	5.87123260201223	8.01566518368147	7.16696711732127	79	hit
#0D3A6B	5.60227136947534	6.59503487050214	6.36241008643778	6.4824960182908	79	miss
#0D3A6B	9.15462976355966	10.012921690597	0.578606023518125	0.0654442868477303	79	miss
#0D3A6B	8.97952352212304	9.85291770166224	4.2506617383795	4.73767570855598	79	miss
#0D3A6B	9.52903699039218	10.1819635377944	1.23539832378641	1.99281955645516	79	miss
#4283C9	3.16899323151594	3.73038952923233	4.58675464203957	5.41430173853036	79	hit
#0D3A6B	6.3896034786043	7.15704992995287	1.3440067032834	1.98511975440035	79	miss
#0D3A6B	6.48673560134627	7.26482273880831	7.27727289336577	6.64911653821513	79	miss
#0D3A6B	6.55191098430765	7.52732879391301	9.57611004416772	9.35574648841343	79	miss
#0D3A6B	3.83038989758562	4.18917592590232	6.02705894492586	5.0936391112579	79	miss
#0D3A6B	1.87544574184862	2.84297914089117	9.87512158338452	9.62237839012867	79	miss
#4283C9	1.00202896261842	1.64385205039501	8.16585612911401	7.3990033896673	79	hit
#0D3A6B	3.54427647851181	4.51091394685435	0.622112076092719	0.878260479945482	79	miss
#4283C9	-0.47716274146127	0.521362430752688	7.61426083449807	7.55997013128762	79	hit
#4283C9	3.53153431615068	3.75141925351488	8.89208384891069	7.91655803463393	79	hit
#4283C9	7.60669511294966	7.74489198793615	6.90025225632574	5.90984747859899	79	hit
#0D3A6B	4.37553458319724	5.11096485020846	2.12241163268225	1.44481121771498	79	miss
#4283C9	2.52590405932183	2.77753971339648	9.69346210853625	8.72564007035029	79	hit
#0D3A6B	4.88137405984843	5.16248886785662	3.20361729803244	2.24394315296104	79	miss
#0D3A6B	4.83008491479837	5.75934810425109	0.405771307982044	0.0363529479508236	79	miss
#4283C9	-0.265025033435332	0.720434587268637	2.05932464898631	2.22923443670317	79	hit
#0D3A6B	0.974627292723468	1.96008702552963	3.27537898567961	3.44528812321378	79	miss
#0D3A6B	2.23496405172352	3.08105692037191	5.82527980836341	5.29224429582944	79	miss
#0D3A6B	1.23256535299137	2.18990287248031	7.9709987427357	7.68202664411931	79	miss
#4283C9	8.4054060326615	8.93127909398585	9.10312310130858	9.95368616385794	79	hit
#4283C9	0.567056484475457	0.924677067481256	4.72273559276451	3.78886862225394	79	hit
#0D3A6B	8.6011666389276	9.59034169520245	4.42752151537271	4.57426178947507	79	miss
#0D3A6B	0.691632064030001	1.46458265002029	4.97792263864681	4.34345641289696	79	miss
#4283C9	7.3478416162493	7.93200089177616	0.955990969466668	0.144351923575002	79	hit
#4283C9	5.05312048722132	5.8585023937367	0.772856991456584	1.36561325220601	79	hit
#0D3A6B	5.44517086721007	6.24581359890308	3.56481147668275	4.16395354346421	79	miss
#4283C9	1.25364977432216	1.79413204981213	6.67819665403996	7.51955205449876	79	hit
#4283C9	7.11708459859878	7.39052873713732	7.62884209770443	8.59072998259483	79	hit
#4283C9	0.577025773416674	0.597541568387831	3.77107398929478	2.77128446036546	79	hit
#4283C9	5.0770361954126	5.25368236007509	6.57630336456581	7.56057778387682	79	hit
#4283C9	4.25269523210635	4.94155340787212	2.37247499334415	1.64757885341743	79	hit
#0D3A6B	6.64059390834032	7.25752600414248	1.84810587530737	2.63512225961531	79	miss
#0D3A6B	7.47455283401258	8.47039908768885	1.23159481825566	1.14054406845684	79	miss
#4283C9	6.06473326449075	6.87901811442545	5.6659174374159	6.24638292576712	79	hit
#0D3A6B	3.46516562218036	4.46208327019398	1.32140167274515	1.24294657043179	79	miss
#0D3A6B	9.53562853847112	10.1342266705963	6.75986743035362	5.95881794610425	79	miss
#4283C9	3.13670302090399	3.17433557658292	0.607905272363857	1.60719691685663	79	hit
#4283C9	6.6696266946209	6.7582529527309	5.28874805764358	4.29268310676266	79	hit
#0D3A6B	8.46226866286967	9.40286726760891	0.922743007109521	1.26226364678049	79	miss
#0D3A6B	7.48914604090942	8.14849095869021	0.171774827784556	0.92361542219047	79	miss
#4283C9	1.24666641144385	1.64293004987458	4.32755083062051	5.24568760085555	79	hit
#0D3A6B	5.13964837615228	6.0780220458951	5.08057147063701	4.73494905247899	79	miss
#4283C9	2.45284055395305	2.87794932221741	3.48067067533307	4.38581294876016	79	hit
#0D3A6B	5.62505997907003	6.62260817639897	4.55824531268409	4.62822812490084	79	miss
#0D3A6B	6.65105708026246	7.65071602921083	1.81155958670781	1.78544472910806	79	miss
#0D3A6B	5.92058313086484	6.90023161463584	6.62406421553194	6.42334339387864	79	miss
#0D3A6B	5.74268639624969	6.48695241122587	3.58535235746479	2.91746906006062	79	miss
#0D3A6B	5.7082448653752	6.70647351668533	9.13284562078693	9.19233981969378	79	miss
#4283C9	0.667027042217244	0.829342060752522	5.70637266996165	4.71963367977331	79	hit
#0D3A6B	8.19720372973069	9.15734723726229	9.67908886142995	9.39958135715697	79	miss
#0D3A6B	4.39255639593556	5.39171038978294	0.335358848515735	0.376484224852338	79	miss
#0D3A6B	2.69808314829945	3.54025463484347	3.01875904812416	2.47954926774899	79	miss
#4283C9	9.54777593484808	9.56777886727165	3.9298026840363	4.92960260536779	79	hit
#4283C9	4.26170531204165	4.67837250781982	3.66314529513625	2.75408619476798	79	hit
#0D3A6B	6.33948462906383	7.33945056439288	0.814059084161308	0.822313063898001	79	miss
#0D3A6B	9.46249967002059	10.4023670262775	4.96278657420216	5.30432625365766	79	miss
#0D3A6B	7.85306744021955	8.71139178773729	3.12523401166594	2.6121265039658	79	miss
#4283C9	8.14705067884406	8.27332368947336	4.2730095829859	3.28101405538176	79	hit
#0D3A6B	1.65706840016932	2.43195466092735	4.7921035819066	5.42420427237328	79	miss
#4283C9	4.57195088971423	4.80092467967404	5.91119362150671	6.88462620957403	79	hit
#0D3A6B	6.86405314296767	7.30899901430771	1.32422474909441	2.21978221323474	79	miss
#4283C9	9.690127707741	9.81410388862457	7.82769735002949	8.81998254420177	79	hit
#0D3A6B	1.56233441917788	2.41683233627487	1.50054211754189	0.981087297873333	80	miss
#4283C9	5.25061492577388	5.8520913147162	8.24592171004299	7.44703113333996	80	hit
#4283C9	-0.0334661034170937	0.383092276682372	7.12091416275359	8.03002313090258	80	hit
#4283C9	3.00850058585024	3.49494731374466	2.08223467700742	1.20852443847246	80	hit
#0D3A6B	1.86923610317457	2.83261098627996	7.52825648922807	7.2600982624259	80	miss
#4283C9	3.5321544824767	3.94747589094163	8.27034377803498	7.36066904074109	80	hit
#0D3A6B	9.57643428422159	10.383650329191	9.10064236736705	8.51038627316396	80	miss
#4283C9	6.3036622488919	6.74013843666284	3.9851017742594	4.88481758356195	80	hit
#4283C9	9.2804288935819	9.8279662684566	2.17883874812462	3.01561997587494	80	hit
#0D3A6B	2.60703855286875	3.45087224059215	6.5044373051276	7.04104210147508	80	miss
#4283C9	9.44935387730299	9.53784942362757	0.0981682768099013	1.09424484930858	80	hit
#0D3A6B	1.55412322966159	2.41261090958714	6.08072931160134	6.59356349865991	80	miss
#4283C9	5.34235492980771	5.87123260201223	8.01566518368147	7.16696711732127	80	hit
#0D3A6B	5.60227136947534	6.59503487050214	6.36241008643778	6.4824960182908	80	miss
#0D3A6B	9.15462976355966	10.012921690597	0.578606023518125	0.0654442868477303	80	miss
#0D3A6B	8.97952352212304	9.85291770166224	4.2506617383795	4.73767570855598	80	miss
#0D3A6B	9.52903699039218	10.1819635377944	1.23539832378641	1.99281955645516	80	miss
#4283C9	3.16899323151594	3.73038952923233	4.58675464203957	5.41430173853036	80	hit
#0D3A6B	6.3896034786043	7.15704992995287	1.3440067032834	1.98511975440035	80	miss
#0D3A6B	6.48673560134627	7.26482273880831	7.27727289336577	6.64911653821513	80	miss
#0D3A6B	6.55191098430765	7.52732879391301	9.57611004416772	9.35574648841343	80	miss
#0D3A6B	3.83038989758562	4.18917592590232	6.02705894492586	5.0936391112579	80	miss
#0D3A6B	1.87544574184862	2.84297914089117	9.87512158338452	9.62237839012867	80	miss
#4283C9	1.00202896261842	1.64385205039501	8.16585612911401	7.3990033896673	80	hit
#0D3A6B	3.54427647851181	4.51091394685435	0.622112076092719	0.878260479945482	80	miss
#4283C9	-0.47716274146127	0.521362430752688	7.61426083449807	7.55997013128762	80	hit
#4283C9	3.53153431615068	3.75141925351488	8.89208384891069	7.91655803463393	80	hit
#4283C9	7.60669511294966	7.74489198793615	6.90025225632574	5.90984747859899	80	hit
#0D3A6B	4.37553458319724	5.11096485020846	2.12241163268225	1.44481121771498	80	miss
#4283C9	2.52590405932183	2.77753971339648	9.69346210853625	8.72564007035029	80	hit
#0D3A6B	4.88137405984843	5.16248886785662	3.20361729803244	2.24394315296104	80	miss
#0D3A6B	4.83008491479837	5.75934810425109	0.405771307982044	0.0363529479508236	80	miss
#4283C9	-0.265025033435332	0.720434587268637	2.05932464898631	2.22923443670317	80	hit
#0D3A6B	0.974627292723468	1.96008702552963	3.27537898567961	3.44528812321378	80	miss
#0D3A6B	2.23496405172352	3.08105692037191	5.82527980836341	5.29224429582944	80	miss
#0D3A6B	1.23256535299137	2.18990287248031	7.9709987427357	7.68202664411931	80	miss
#4283C9	8.4054060326615	8.93127909398585	9.10312310130858	9.95368616385794	80	hit
#4283C9	0.567056484475457	0.924677067481256	4.72273559276451	3.78886862225394	80	hit
#0D3A6B	8.6011666389276	9.59034169520245	4.42752151537271	4.57426178947507	80	miss
#0D3A6B	0.691632064030001	1.46458265002029	4.97792263864681	4.34345641289696	80	miss
#4283C9	7.3478416162493	7.93200089177616	0.955990969466668	0.144351923575002	80	hit
#4283C9	5.05312048722132	5.8585023937367	0.772856991456584	1.36561325220601	80	hit
#0D3A6B	5.44517086721007	6.24581359890308	3.56481147668275	4.16395354346421	80	miss
#4283C9	1.25364977432216	1.79413204981213	6.67819665403996	7.51955205449876	80	hit
#4283C9	7.11708459859878	7.39052873713732	7.62884209770443	8.59072998259483	80	hit
#4283C9	0.577025773416674	0.597541568387831	3.77107398929478	2.77128446036546	80	hit
#4283C9	5.0770361954126	5.25368236007509	6.57630336456581	7.56057778387682	80	hit
#4283C9	4.25269523210635	4.94155340787212	2.37247499334415	1.64757885341743	80	hit
#0D3A6B	6.64059390834032	7.25752600414248	1.84810587530737	2.63512225961531	80	miss
#0D3A6B	7.47455283401258	8.47039908768885	1.23159481825566	1.14054406845684	80	miss
#4283C9	6.06473326449075	6.87901811442545	5.6659174374159	6.24638292576712	80	hit
#0D3A6B	3.46516562218036	4.46208327019398	1.32140167274515	1.24294657043179	80	miss
#0D3A6B	9.53562853847112	10.1342266705963	6.75986743035362	5.95881794610425	80	miss
#4283C9	3.13670302090399	3.17433557658292	0.607905272363857	1.60719691685663	80	hit
#4283C9	6.6696266946209	6.7582529527309	5.28874805764358	4.29268310676266	80	hit
#0D3A6B	8.46226866286967	9.40286726760891	0.922743007109521	1.26226364678049	80	miss
#0D3A6B	7.48914604090942	8.14849095869021	0.171774827784556	0.92361542219047	80	miss
#4283C9	1.24666641144385	1.64293004987458	4.32755083062051	5.24568760085555	80	hit
#0D3A6B	5.13964837615228	6.0780220458951	5.08057147063701	4.73494905247899	80	miss
#4283C9	2.45284055395305	2.87794932221741	3.48067067533307	4.38581294876016	80	hit
#0D3A6B	5.62505997907003	6.62260817639897	4.55824531268409	4.62822812490084	80	miss
#0D3A6B	6.65105708026246	7.65071602921083	1.81155958670781	1.78544472910806	80	miss
#0D3A6B	5.92058313086484	6.90023161463584	6.62406421553194	6.42334339387864	80	miss
#0D3A6B	5.74268639624969	6.48695241122587	3.58535235746479	2.91746906006062	80	miss
#0D3A6B	5.7082448653752	6.70647351668533	9.13284562078693	9.19233981969378	80	miss
#4283C9	0.667027042217244	0.829342060752522	5.70637266996165	4.71963367977331	80	hit
#0D3A6B	8.19720372973069	9.15734723726229	9.67908886142995	9.39958135715697	80	miss
#0D3A6B	4.39255639593556	5.39171038978294	0.335358848515735	0.376484224852338	80	miss
#0D3A6B	2.69808314829945	3.54025463484347	3.01875904812416	2.47954926774899	80	miss
#4283C9	9.54777593484808	9.56777886727165	3.9298026840363	4.92960260536779	80	hit
#4283C9	4.26170531204165	4.67837250781982	3.66314529513625	2.75408619476798	80	hit
#0D3A6B	6.33948462906383	7.33945056439288	0.814059084161308	0.822313063898001	80	miss
#0D3A6B	9.46249967002059	10.4023670262775	4.96278657420216	5.30432625365766	80	miss
#0D3A6B	7.85306744021955	8.71139178773729	3.12523401166594	2.6121265039658	80	miss
#4283C9	8.14705067884406	8.27332368947336	4.2730095829859	3.28101405538176	80	hit
#0D3A6B	1.65706840016932	2.43195466092735	4.7921035819066	5.42420427237328	80	miss
#4283C9	4.57195088971423	4.80092467967404	5.91119362150671	6.88462620957403	80	hit
#0D3A6B	6.86405314296767	7.30899901430771	1.32422474909441	2.21978221323474	80	miss
#4283C9	9.690127707741	9.81410388862457	7.82769735002949	8.81998254420177	80	hit
#0D3A6B	6.68924928221758	7.67579694233928	1.76871445172869	1.60524055684514	80	miss
#0D3A6B	1.56233441917788	2.41683233627487	1.50054211754189	0.981087297873333	81	miss
#4283C9	5.25061492577388	5.8520913147162	8.24592171004299	7.44703113333996	81	hit
#4283C9	-0.0334661034170937	0.383092276682372	7.12091416275359	8.03002313090258	81	hit
#4283C9	3.00850058585024	3.49494731374466	2.08223467700742	1.20852443847246	81	hit
#0D3A6B	1.86923610317457	2.83261098627996	7.52825648922807	7.2600982624259	81	miss
#4283C9	3.5321544824767	3.94747589094163	8.27034377803498	7.36066904074109	81	hit
#0D3A6B	9.57643428422159	10.383650329191	9.10064236736705	8.51038627316396	81	miss
#4283C9	6.3036622488919	6.74013843666284	3.9851017742594	4.88481758356195	81	hit
#4283C9	9.2804288935819	9.8279662684566	2.17883874812462	3.01561997587494	81	hit
#0D3A6B	2.60703855286875	3.45087224059215	6.5044373051276	7.04104210147508	81	miss
#4283C9	9.44935387730299	9.53784942362757	0.0981682768099013	1.09424484930858	81	hit
#0D3A6B	1.55412322966159	2.41261090958714	6.08072931160134	6.59356349865991	81	miss
#4283C9	5.34235492980771	5.87123260201223	8.01566518368147	7.16696711732127	81	hit
#0D3A6B	5.60227136947534	6.59503487050214	6.36241008643778	6.4824960182908	81	miss
#0D3A6B	9.15462976355966	10.012921690597	0.578606023518125	0.0654442868477303	81	miss
#0D3A6B	8.97952352212304	9.85291770166224	4.2506617383795	4.73767570855598	81	miss
#0D3A6B	9.52903699039218	10.1819635377944	1.23539832378641	1.99281955645516	81	miss
#4283C9	3.16899323151594	3.73038952923233	4.58675464203957	5.41430173853036	81	hit
#0D3A6B	6.3896034786043	7.15704992995287	1.3440067032834	1.98511975440035	81	miss
#0D3A6B	6.48673560134627	7.26482273880831	7.27727289336577	6.64911653821513	81	miss
#0D3A6B	6.55191098430765	7.52732879391301	9.57611004416772	9.35574648841343	81	miss
#0D3A6B	3.83038989758562	4.18917592590232	6.02705894492586	5.0936391112579	81	miss
#0D3A6B	1.87544574184862	2.84297914089117	9.87512158338452	9.62237839012867	81	miss
#4283C9	1.00202896261842	1.64385205039501	8.16585612911401	7.3990033896673	81	hit
#0D3A6B	3.54427647851181	4.51091394685435	0.622112076092719	0.878260479945482	81	miss
#4283C9	-0.47716274146127	0.521362430752688	7.61426083449807	7.55997013128762	81	hit
#4283C9	3.53153431615068	3.75141925351488	8.89208384891069	7.91655803463393	81	hit
#4283C9	7.60669511294966	7.74489198793615	6.90025225632574	5.90984747859899	81	hit
#0D3A6B	4.37553458319724	5.11096485020846	2.12241163268225	1.44481121771498	81	miss
#4283C9	2.52590405932183	2.77753971339648	9.69346210853625	8.72564007035029	81	hit
#0D3A6B	4.88137405984843	5.16248886785662	3.20361729803244	2.24394315296104	81	miss
#0D3A6B	4.83008491479837	5.75934810425109	0.405771307982044	0.0363529479508236	81	miss
#4283C9	-0.265025033435332	0.720434587268637	2.05932464898631	2.22923443670317	81	hit
#0D3A6B	0.974627292723468	1.96008702552963	3.27537898567961	3.44528812321378	81	miss
#0D3A6B	2.23496405172352	3.08105692037191	5.82527980836341	5.29224429582944	81	miss
#0D3A6B	1.23256535299137	2.18990287248031	7.9709987427357	7.68202664411931	81	miss
#4283C9	8.4054060326615	8.93127909398585	9.10312310130858	9.95368616385794	81	hit
#4283C9	0.567056484475457	0.924677067481256	4.72273559276451	3.78886862225394	81	hit
#0D3A6B	8.6011666389276	9.59034169520245	4.42752151537271	4.57426178947507	81	miss
#0D3A6B	0.691632064030001	1.46458265002029	4.97792263864681	4.34345641289696	81	miss
#4283C9	7.3478416162493	7.93200089177616	0.955990969466668	0.144351923575002	81	hit
#4283C9	5.05312048722132	5.8585023937367	0.772856991456584	1.36561325220601	81	hit
#0D3A6B	5.44517086721007	6.24581359890308	3.56481147668275	4.16395354346421	81	miss
#4283C9	1.25364977432216	1.79413204981213	6.67819665403996	7.51955205449876	81	hit
#4283C9	7.11708459859878	7.39052873713732	7.62884209770443	8.59072998259483	81	hit
#4283C9	0.577025773416674	0.597541568387831	3.77107398929478	2.77128446036546	81	hit
#4283C9	5.0770361954126	5.25368236007509	6.57630336456581	7.56057778387682	81	hit
#4283C9	4.25269523210635	4.94155340787212	2.37247499334415	1.64757885341743	81	hit
#0D3A6B	6.64059390834032	7.25752600414248	1.84810587530737	2.63512225961531	81	miss
#0D3A6B	7.47455283401258	8.47039908768885	1.23159481825566	1.14054406845684	81	miss
#4283C9	6.06473326449075	6.87901811442545	5.6659174374159	6.24638292576712	81	hit
#0D3A6B	3.46516562218036	4.46208327019398	1.32140167274515	1.24294657043179	81	miss
#0D3A6B	9.53562853847112	10.1342266705963	6.75986743035362	5.95881794610425	81	miss
#4283C9	3.13670302090399	3.17433557658292	0.607905272363857	1.60719691685663	81	hit
#4283C9	6.6696266946209	6.7582529527309	5.28874805764358	4.29268310676266	81	hit
#0D3A6B	8.46226866286967	9.40286726760891	0.922743007109521	1.26226364678049	81	miss
#0D3A6B	7.48914604090942	8.14849095869021	0.171774827784556	0.92361542219047	81	miss
#4283C9	1.24666641144385	1.64293004987458	4.32755083062051	5.24568760085555	81	hit
#0D3A6B	5.13964837615228	6.0780220458951	5.08057147063701	4.73494905247899	81	miss
#4283C9	2.45284055395305	2.87794932221741	3.48067067533307	4.38581294876016	81	hit
#0D3A6B	5.62505997907003	6.62260817639897	4.55824531268409	4.62822812490084	81	miss
#0D3A6B	6.65105708026246	7.65071602921083	1.81155958670781	1.78544472910806	81	miss
#0D3A6B	5.92058313086484	6.90023161463584	6.62406421553194	6.42334339387864	81	miss
#0D3A6B	5.74268639624969	6.48695241122587	3.58535235746479	2.91746906006062	81	miss
#0D3A6B	5.7082448653752	6.70647351668533	9.13284562078693	9.19233981969378	81	miss
#4283C9	0.667027042217244	0.829342060752522	5.70637266996165	4.71963367977331	81	hit
#0D3A6B	8.19720372973069	9.15734723726229	9.67908886142995	9.39958135715697	81	miss
#0D3A6B	4.39255639593556	5.39171038978294	0.335358848515735	0.376484224852338	81	miss
#0D3A6B	2.69808314829945	3.54025463484347	3.01875904812416	2.47954926774899	81	miss
#4283C9	9.54777593484808	9.56777886727165	3.9298026840363	4.92960260536779	81	hit
#4283C9	4.26170531204165	4.67837250781982	3.66314529513625	2.75408619476798	81	hit
#0D3A6B	6.33948462906383	7.33945056439288	0.814059084161308	0.822313063898001	81	miss
#0D3A6B	9.46249967002059	10.4023670262775	4.96278657420216	5.30432625365766	81	miss
#0D3A6B	7.85306744021955	8.71139178773729	3.12523401166594	2.6121265039658	81	miss
#4283C9	8.14705067884406	8.27332368947336	4.2730095829859	3.28101405538176	81	hit
#0D3A6B	1.65706840016932	2.43195466092735	4.7921035819066	5.42420427237328	81	miss
#4283C9	4.57195088971423	4.80092467967404	5.91119362150671	6.88462620957403	81	hit
#0D3A6B	6.86405314296767	7.30899901430771	1.32422474909441	2.21978221323474	81	miss
#4283C9	9.690127707741	9.81410388862457	7.82769735002949	8.81998254420177	81	hit
#0D3A6B	6.68924928221758	7.67579694233928	1.76871445172869	1.60524055684514	81	miss
#4283C9	0.586088934250004	0.620512448914521	7.0944384834773	6.09503114828401	81	hit
#0D3A6B	1.56233441917788	2.41683233627487	1.50054211754189	0.981087297873333	82	miss
#4283C9	5.25061492577388	5.8520913147162	8.24592171004299	7.44703113333996	82	hit
#4283C9	-0.0334661034170937	0.383092276682372	7.12091416275359	8.03002313090258	82	hit
#4283C9	3.00850058585024	3.49494731374466	2.08223467700742	1.20852443847246	82	hit
#0D3A6B	1.86923610317457	2.83261098627996	7.52825648922807	7.2600982624259	82	miss
#4283C9	3.5321544824767	3.94747589094163	8.27034377803498	7.36066904074109	82	hit
#0D3A6B	9.57643428422159	10.383650329191	9.10064236736705	8.51038627316396	82	miss
#4283C9	6.3036622488919	6.74013843666284	3.9851017742594	4.88481758356195	82	hit
#4283C9	9.2804288935819	9.8279662684566	2.17883874812462	3.01561997587494	82	hit
#0D3A6B	2.60703855286875	3.45087224059215	6.5044373051276	7.04104210147508	82	miss
#4283C9	9.44935387730299	9.53784942362757	0.0981682768099013	1.09424484930858	82	hit
#0D3A6B	1.55412322966159	2.41261090958714	6.08072931160134	6.59356349865991	82	miss
#4283C9	5.34235492980771	5.87123260201223	8.01566518368147	7.16696711732127	82	hit
#0D3A6B	5.60227136947534	6.59503487050214	6.36241008643778	6.4824960182908	82	miss
#0D3A6B	9.15462976355966	10.012921690597	0.578606023518125	0.0654442868477303	82	miss
#0D3A6B	8.97952352212304	9.85291770166224	4.2506617383795	4.73767570855598	82	miss
#0D3A6B	9.52903699039218	10.1819635377944	1.23539832378641	1.99281955645516	82	miss
#4283C9	3.16899323151594	3.73038952923233	4.58675464203957	5.41430173853036	82	hit
#0D3A6B	6.3896034786043	7.15704992995287	1.3440067032834	1.98511975440035	82	miss
#0D3A6B	6.48673560134627	7.26482273880831	7.27727289336577	6.64911653821513	82	miss
#0D3A6B	6.55191098430765	7.52732879391301	9.57611004416772	9.35574648841343	82	miss
#0D3A6B	3.83038989758562	4.18917592590232	6.02705894492586	5.0936391112579	82	miss
#0D3A6B	1.87544574184862	2.84297914089117	9.87512158338452	9.62237839012867	82	miss
#4283C9	1.00202896261842	1.64385205039501	8.16585612911401	7.3990033896673	82	hit
#0D3A6B	3.54427647851181	4.51091394685435	0.622112076092719	0.878260479945482	82	miss
#4283C9	-0.47716274146127	0.521362430752688	7.61426083449807	7.55997013128762	82	hit
#4283C9	3.53153431615068	3.75141925351488	8.89208384891069	7.91655803463393	82	hit
#4283C9	7.60669511294966	7.74489198793615	6.90025225632574	5.90984747859899	82	hit
#0D3A6B	4.37553458319724	5.11096485020846	2.12241163268225	1.44481121771498	82	miss
#4283C9	2.52590405932183	2.77753971339648	9.69346210853625	8.72564007035029	82	hit
#0D3A6B	4.88137405984843	5.16248886785662	3.20361729803244	2.24394315296104	82	miss
#0D3A6B	4.83008491479837	5.75934810425109	0.405771307982044	0.0363529479508236	82	miss
#4283C9	-0.265025033435332	0.720434587268637	2.05932464898631	2.22923443670317	82	hit
#0D3A6B	0.974627292723468	1.96008702552963	3.27537898567961	3.44528812321378	82	miss
#0D3A6B	2.23496405172352	3.08105692037191	5.82527980836341	5.29224429582944	82	miss
#0D3A6B	1.23256535299137	2.18990287248031	7.9709987427357	7.68202664411931	82	miss
#4283C9	8.4054060326615	8.93127909398585	9.10312310130858	9.95368616385794	82	hit
#4283C9	0.567056484475457	0.924677067481256	4.72273559276451	3.78886862225394	82	hit
#0D3A6B	8.6011666389276	9.59034169520245	4.42752151537271	4.57426178947507	82	miss
#0D3A6B	0.691632064030001	1.46458265002029	4.97792263864681	4.34345641289696	82	miss
#4283C9	7.3478416162493	7.93200089177616	0.955990969466668	0.144351923575002	82	hit
#4283C9	5.05312048722132	5.8585023937367	0.772856991456584	1.36561325220601	82	hit
#0D3A6B	5.44517086721007	6.24581359890308	3.56481147668275	4.16395354346421	82	miss
#4283C9	1.25364977432216	1.79413204981213	6.67819665403996	7.51955205449876	82	hit
#4283C9	7.11708459859878	7.39052873713732	7.62884209770443	8.59072998259483	82	hit
#4283C9	0.577025773416674	0.597541568387831	3.77107398929478	2.77128446036546	82	hit
#4283C9	5.0770361954126	5.25368236007509	6.57630336456581	7.56057778387682	82	hit
#4283C9	4.25269523210635	4.94155340787212	2.37247499334415	1.64757885341743	82	hit
#0D3A6B	6.64059390834032	7.25752600414248	1.84810587530737	2.63512225961531	82	miss
#0D3A6B	7.47455283401258	8.47039908768885	1.23159481825566	1.14054406845684	82	miss
#4283C9	6.06473326449075	6.87901811442545	5.6659174374159	6.24638292576712	82	hit
#0D3A6B	3.46516562218036	4.46208327019398	1.32140167274515	1.24294657043179	82	miss
#0D3A6B	9.53562853847112	10.1342266705963	6.75986743035362	5.95881794610425	82	miss
#4283C9	3.13670302090399	3.17433557658292	0.607905272363857	1.60719691685663	82	hit
#4283C9	6.6696266946209	6.7582529527309	5.28874805764358	4.29268310676266	82	hit
#0D3A6B	8.46226866286967	9.40286726760891	0.922743007109521	1.26226364678049	82	miss
#0D3A6B	7.48914604090942	8.14849095869021	0.171774827784556	0.92361542219047	82	miss
#4283C9	1.24666641144385	1.64293004987458	4.32755083062051	5.24568760085555	82	hit
#0D3A6B	5.13964837615228	6.0780220458951	5.08057147063701	4.73494905247899	82	miss
#4283C9	2.45284055395305	2.87794932221741	3.48067067533307	4.38581294876016	82	hit
#0D3A6B	5.62505997907003	6.62260817639897	4.55824531268409	4.62822812490084	82	miss
#0D3A6B	6.65105708026246	7.65071602921083	1.81155958670781	1.78544472910806	82	miss
#0D3A6B	5.92058313086484	6.90023161463584	6.62406421553194	6.42334339387864	82	miss
#0D3A6B	5.74268639624969	6.48695241122587	3.58535235746479	2.91746906006062	82	miss
#0D3A6B	5.7082448653752	6.70647351668533	9.13284562078693	9.19233981969378	82	miss
#4283C9	0.667027042217244	0.829342060752522	5.70637266996165	4.71963367977331	82	hit
#0D3A6B	8.19720372973069	9.15734723726229	9.67908886142995	9.39958135715697	82	miss
#0D3A6B	4.39255639593556	5.39171038978294	0.335358848515735	0.376484224852338	82	miss
#0D3A6B	2.69808314829945	3.54025463484347	3.01875904812416	2.47954926774899	82	miss
#4283C9	9.54777593484808	9.56777886727165	3.9298026840363	4.92960260536779	82	hit
#4283C9	4.26170531204165	4.67837250781982	3.66314529513625	2.75408619476798	82	hit
#0D3A6B	6.33948462906383	7.33945056439288	0.814059084161308	0.822313063898001	82	miss
#0D3A6B	9.46249967002059	10.4023670262775	4.96278657420216	5.30432625365766	82	miss
#0D3A6B	7.85306744021955	8.71139178773729	3.12523401166594	2.6121265039658	82	miss
#4283C9	8.14705067884406	8.27332368947336	4.2730095829859	3.28101405538176	82	hit
#0D3A6B	1.65706840016932	2.43195466092735	4.7921035819066	5.42420427237328	82	miss
#4283C9	4.57195088971423	4.80092467967404	5.91119362150671	6.88462620957403	82	hit
#0D3A6B	6.86405314296767	7.30899901430771	1.32422474909441	2.21978221323474	82	miss
#4283C9	9.690127707741	9.81410388862457	7.82769735002949	8.81998254420177	82	hit
#0D3A6B	6.68924928221758	7.67579694233928	1.76871445172869	1.60524055684514	82	miss
#4283C9	0.586088934250004	0.620512448914521	7.0944384834773	6.09503114828401	82	hit
#0D3A6B	9.51452226991068	10.4346879184409	7.56974747927344	7.17821819650525	82	miss
#0D3A6B	1.56233441917788	2.41683233627487	1.50054211754189	0.981087297873333	83	miss
#4283C9	5.25061492577388	5.8520913147162	8.24592171004299	7.44703113333996	83	hit
#4283C9	-0.0334661034170937	0.383092276682372	7.12091416275359	8.03002313090258	83	hit
#4283C9	3.00850058585024	3.49494731374466	2.08223467700742	1.20852443847246	83	hit
#0D3A6B	1.86923610317457	2.83261098627996	7.52825648922807	7.2600982624259	83	miss
#4283C9	3.5321544824767	3.94747589094163	8.27034377803498	7.36066904074109	83	hit
#0D3A6B	9.57643428422159	10.383650329191	9.10064236736705	8.51038627316396	83	miss
#4283C9	6.3036622488919	6.74013843666284	3.9851017742594	4.88481758356195	83	hit
#4283C9	9.2804288935819	9.8279662684566	2.17883874812462	3.01561997587494	83	hit
#0D3A6B	2.60703855286875	3.45087224059215	6.5044373051276	7.04104210147508	83	miss
#4283C9	9.44935387730299	9.53784942362757	0.0981682768099013	1.09424484930858	83	hit
#0D3A6B	1.55412322966159	2.41261090958714	6.08072931160134	6.59356349865991	83	miss
#4283C9	5.34235492980771	5.87123260201223	8.01566518368147	7.16696711732127	83	hit
#0D3A6B	5.60227136947534	6.59503487050214	6.36241008643778	6.4824960182908	83	miss
#0D3A6B	9.15462976355966	10.012921690597	0.578606023518125	0.0654442868477303	83	miss
#0D3A6B	8.97952352212304	9.85291770166224	4.2506617383795	4.73767570855598	83	miss
#0D3A6B	9.52903699039218	10.1819635377944	1.23539832378641	1.99281955645516	83	miss
#4283C9	3.16899323151594	3.73038952923233	4.58675464203957	5.41430173853036	83	hit
#0D3A6B	6.3896034786043	7.15704992995287	1.3440067032834	1.98511975440035	83	miss
#0D3A6B	6.48673560134627	7.26482273880831	7.27727289336577	6.64911653821513	83	miss
#0D3A6B	6.55191098430765	7.52732879391301	9.57611004416772	9.35574648841343	83	miss
#0D3A6B	3.83038989758562	4.18917592590232	6.02705894492586	5.0936391112579	83	miss
#0D3A6B	1.87544574184862	2.84297914089117	9.87512158338452	9.62237839012867	83	miss
#4283C9	1.00202896261842	1.64385205039501	8.16585612911401	7.3990033896673	83	hit
#0D3A6B	3.54427647851181	4.51091394685435	0.622112076092719	0.878260479945482	83	miss
#4283C9	-0.47716274146127	0.521362430752688	7.61426083449807	7.55997013128762	83	hit
#4283C9	3.53153431615068	3.75141925351488	8.89208384891069	7.91655803463393	83	hit
#4283C9	7.60669511294966	7.74489198793615	6.90025225632574	5.90984747859899	83	hit
#0D3A6B	4.37553458319724	5.11096485020846	2.12241163268225	1.44481121771498	83	miss
#4283C9	2.52590405932183	2.77753971339648	9.69346210853625	8.72564007035029	83	hit
#0D3A6B	4.88137405984843	5.16248886785662	3.20361729803244	2.24394315296104	83	miss
#0D3A6B	4.83008491479837	5.75934810425109	0.405771307982044	0.0363529479508236	83	miss
#4283C9	-0.265025033435332	0.720434587268637	2.05932464898631	2.22923443670317	83	hit
#0D3A6B	0.974627292723468	1.96008702552963	3.27537898567961	3.44528812321378	83	miss
#0D3A6B	2.23496405172352	3.08105692037191	5.82527980836341	5.29224429582944	83	miss
#0D3A6B	1.23256535299137	2.18990287248031	7.9709987427357	7.68202664411931	83	miss
#4283C9	8.4054060326615	8.93127909398585	9.10312310130858	9.95368616385794	83	hit
#4283C9	0.567056484475457	0.924677067481256	4.72273559276451	3.78886862225394	83	hit
#0D3A6B	8.6011666389276	9.59034169520245	4.42752151537271	4.57426178947507	83	miss
#0D3A6B	0.691632064030001	1.46458265002029	4.97792263864681	4.34345641289696	83	miss
#4283C9	7.3478416162493	7.93200089177616	0.955990969466668	0.144351923575002	83	hit
#4283C9	5.05312048722132	5.8585023937367	0.772856991456584	1.36561325220601	83	hit
#0D3A6B	5.44517086721007	6.24581359890308	3.56481147668275	4.16395354346421	83	miss
#4283C9	1.25364977432216	1.79413204981213	6.67819665403996	7.51955205449876	83	hit
#4283C9	7.11708459859878	7.39052873713732	7.62884209770443	8.59072998259483	83	hit
#4283C9	0.577025773416674	0.597541568387831	3.77107398929478	2.77128446036546	83	hit
#4283C9	5.0770361954126	5.25368236007509	6.57630336456581	7.56057778387682	83	hit
#4283C9	4.25269523210635	4.94155340787212	2.37247499334415	1.64757885341743	83	hit
#0D3A6B	6.64059390834032	7.25752600414248	1.84810587530737	2.63512225961531	83	miss
#0D3A6B	7.47455283401258	8.47039908768885	1.23159481825566	1.14054406845684	83	miss
#4283C9	6.06473326449075	6.87901811442545	5.6659174374159	6.24638292576712	83	hit
#0D3A6B	3.46516562218036	4.46208327019398	1.32140167274515	1.24294657043179	83	miss
#0D3A6B	9.53562853847112	10.1342266705963	6.75986743035362	5.95881794610425	83	miss
#4283C9	3.13670302090399	3.17433557658292	0.607905272363857	1.60719691685663	83	hit
#4283C9	6.6696266946209	6.7582529527309	5.28874805764358	4.29268310676266	83	hit
#0D3A6B	8.46226866286967	9.40286726760891	0.922743007109521	1.26226364678049	83	miss
#0D3A6B	7.48914604090942	8.14849095869021	0.171774827784556	0.92361542219047	83	miss
#4283C9	1.24666641144385	1.64293004987458	4.32755083062051	5.24568760085555	83	hit
#0D3A6B	5.13964837615228	6.0780220458951	5.08057147063701	4.73494905247899	83	miss
#4283C9	2.45284055395305	2.87794932221741	3.48067067533307	4.38581294876016	83	hit
#0D3A6B	5.62505997907003	6.62260817639897	4.55824531268409	4.62822812490084	83	miss
#0D3A6B	6.65105708026246	7.65071602921083	1.81155958670781	1.78544472910806	83	miss
#0D3A6B	5.92058313086484	6.90023161463584	6.62406421553194	6.42334339387864	83	miss
#0D3A6B	5.74268639624969	6.48695241122587	3.58535235746479	2.91746906006062	83	miss
#0D3A6B	5.7082448653752	6.70647351668533	9.13284562078693	9.19233981969378	83	miss
#4283C9	0.667027042217244	0.829342060752522	5.70637266996165	4.71963367977331	83	hit
#0D3A6B	8.19720372973069	9.15734723726229	9.67908886142995	9.39958135715697	83	miss
#0D3A6B	4.39255639593556	5.39171038978294	0.335358848515735	0.376484224852338	83	miss
#0D3A6B	2.69808314829945	3.54025463484347	3.01875904812416	2.47954926774899	83	miss
#4283C9	9.54777593484808	9.56777886727165	3.9298026840363	4.92960260536779	83	hit
#4283C9	4.26170531204165	4.67837250781982	3.66314529513625	2.75408619476798	83	hit
#0D3A6B	6.33948462906383	7.33945056439288	0.814059084161308	0.822313063898001	83	miss
#0D3A6B	9.46249967002059	10.4023670262775	4.96278657420216	5.30432625365766	83	miss
#0D3A6B	7.85306744021955	8.71139178773729	3.12523401166594	2.6121265039658	83	miss
#4283C9	8.14705067884406	8.27332368947336	4.2730095829859	3.28101405538176	83	hit
#0D3A6B	1.65706840016932	2.43195466092735	4.7921035819066	5.42420427237328	83	miss
#4283C9	4.57195088971423	4.80092467967404	5.91119362150671	6.88462620957403	83	hit
#0D3A6B	6.86405314296767	7.30899901430771	1.32422474909441	2.21978221323474	83	miss
#4283C9	9.690127707741	9.81410388862457	7.82769735002949	8.81998254420177	83	hit
#0D3A6B	6.68924928221758	7.67579694233928	1.76871445172869	1.60524055684514	83	miss
#4283C9	0.586088934250004	0.620512448914521	7.0944384834773	6.09503114828401	83	hit
#0D3A6B	9.51452226991068	10.4346879184409	7.56974747927344	7.17821819650525	83	miss
#0D3A6B	4.1362911559335	5.13354102581078	5.40860589823333	5.33449316633286	83	miss
#0D3A6B	1.56233441917788	2.41683233627487	1.50054211754189	0.981087297873333	84	miss
#4283C9	5.25061492577388	5.8520913147162	8.24592171004299	7.44703113333996	84	hit
#4283C9	-0.0334661034170937	0.383092276682372	7.12091416275359	8.03002313090258	84	hit
#4283C9	3.00850058585024	3.49494731374466	2.08223467700742	1.20852443847246	84	hit
#0D3A6B	1.86923610317457	2.83261098627996	7.52825648922807	7.2600982624259	84	miss
#4283C9	3.5321544824767	3.94747589094163	8.27034377803498	7.36066904074109	84	hit
#0D3A6B	9.57643428422159	10.383650329191	9.10064236736705	8.51038627316396	84	miss
#4283C9	6.3036622488919	6.74013843666284	3.9851017742594	4.88481758356195	84	hit
#4283C9	9.2804288935819	9.8279662684566	2.17883874812462	3.01561997587494	84	hit
#0D3A6B	2.60703855286875	3.45087224059215	6.5044373051276	7.04104210147508	84	miss
#4283C9	9.44935387730299	9.53784942362757	0.0981682768099013	1.09424484930858	84	hit
#0D3A6B	1.55412322966159	2.41261090958714	6.08072931160134	6.59356349865991	84	miss
#4283C9	5.34235492980771	5.87123260201223	8.01566518368147	7.16696711732127	84	hit
#0D3A6B	5.60227136947534	6.59503487050214	6.36241008643778	6.4824960182908	84	miss
#0D3A6B	9.15462976355966	10.012921690597	0.578606023518125	0.0654442868477303	84	miss
#0D3A6B	8.97952352212304	9.85291770166224	4.2506617383795	4.73767570855598	84	miss
#0D3A6B	9.52903699039218	10.1819635377944	1.23539832378641	1.99281955645516	84	miss
#4283C9	3.16899323151594	3.73038952923233	4.58675464203957	5.41430173853036	84	hit
#0D3A6B	6.3896034786043	7.15704992995287	1.3440067032834	1.98511975440035	84	miss
#0D3A6B	6.48673560134627	7.26482273880831	7.27727289336577	6.64911653821513	84	miss
#0D3A6B	6.55191098430765	7.52732879391301	9.57611004416772	9.35574648841343	84	miss
#0D3A6B	3.83038989758562	4.18917592590232	6.02705894492586	5.0936391112579	84	miss
#0D3A6B	1.87544574184862	2.84297914089117	9.87512158338452	9.62237839012867	84	miss
#4283C9	1.00202896261842	1.64385205039501	8.16585612911401	7.3990033896673	84	hit
#0D3A6B	3.54427647851181	4.51091394685435	0.622112076092719	0.878260479945482	84	miss
#4283C9	-0.47716274146127	0.521362430752688	7.61426083449807	7.55997013128762	84	hit
#4283C9	3.53153431615068	3.75141925351488	8.89208384891069	7.91655803463393	84	hit
#4283C9	7.60669511294966	7.74489198793615	6.90025225632574	5.90984747859899	84	hit
#0D3A6B	4.37553458319724	5.11096485020846	2.12241163268225	1.44481121771498	84	miss
#4283C9	2.52590405932183	2.77753971339648	9.69346210853625	8.72564007035029	84	hit
#0D3A6B	4.88137405984843	5.16248886785662	3.20361729803244	2.24394315296104	84	miss
#0D3A6B	4.83008491479837	5.75934810425109	0.405771307982044	0.0363529479508236	84	miss
#4283C9	-0.265025033435332	0.720434587268637	2.05932464898631	2.22923443670317	84	hit
#0D3A6B	0.974627292723468	1.96008702552963	3.27537898567961	3.44528812321378	84	miss
#0D3A6B	2.23496405172352	3.08105692037191	5.82527980836341	5.29224429582944	84	miss
#0D3A6B	1.23256535299137	2.18990287248031	7.9709987427357	7.68202664411931	84	miss
#4283C9	8.4054060326615	8.93127909398585	9.10312310130858	9.95368616385794	84	hit
#4283C9	0.567056484475457	0.924677067481256	4.72273559276451	3.78886862225394	84	hit
#0D3A6B	8.6011666389276	9.59034169520245	4.42752151537271	4.57426178947507	84	miss
#0D3A6B	0.691632064030001	1.46458265002029	4.97792263864681	4.34345641289696	84	miss
#4283C9	7.3478416162493	7.93200089177616	0.955990969466668	0.144351923575002	84	hit
#4283C9	5.05312048722132	5.8585023937367	0.772856991456584	1.36561325220601	84	hit
#0D3A6B	5.44517086721007	6.24581359890308	3.56481147668275	4.16395354346421	84	miss
#4283C9	1.25364977432216	1.79413204981213	6.67819665403996	7.51955205449876	84	hit
#4283C9	7.11708459859878	7.39052873713732	7.62884209770443	8.59072998259483	84	hit
#4283C9	0.577025773416674	0.597541568387831	3.77107398929478	2.77128446036546	84	hit
#4283C9	5.0770361954126	5.25368236007509	6.57630336456581	7.56057778387682	84	hit
#4283C9	4.25269523210635	4.94155340787212	2.37247499334415	1.64757885341743	84	hit
#0D3A6B	6.64059390834032	7.25752600414248	1.84810587530737	2.63512225961531	84	miss
#0D3A6B	7.47455283401258	8.47039908768885	1.23159481825566	1.14054406845684	84	miss
#4283C9	6.06473326449075	6.87901811442545	5.6659174374159	6.24638292576712	84	hit
#0D3A6B	3.46516562218036	4.46208327019398	1.32140167274515	1.24294657043179	84	miss
#0D3A6B	9.53562853847112	10.1342266705963	6.75986743035362	5.95881794610425	84	miss
#4283C9	3.13670302090399	3.17433557658292	0.607905272363857	1.60719691685663	84	hit
#4283C9	6.6696266946209	6.7582529527309	5.28874805764358	4.29268310676266	84	hit
#0D3A6B	8.46226866286967	9.40286726760891	0.922743007109521	1.26226364678049	84	miss
#0D3A6B	7.48914604090942	8.14849095869021	0.171774827784556	0.92361542219047	84	miss
#4283C9	1.24666641144385	1.64293004987458	4.32755083062051	5.24568760085555	84	hit
#0D3A6B	5.13964837615228	6.0780220458951	5.08057147063701	4.73494905247899	84	miss
#4283C9	2.45284055395305	2.87794932221741	3.48067067533307	4.38581294876016	84	hit
#0D3A6B	5.62505997907003	6.62260817639897	4.55824531268409	4.62822812490084	84	miss
#0D3A6B	6.65105708026246	7.65071602921083	1.81155958670781	1.78544472910806	84	miss
#0D3A6B	5.92058313086484	6.90023161463584	6.62406421553194	6.42334339387864	84	miss
#0D3A6B	5.74268639624969	6.48695241122587	3.58535235746479	2.91746906006062	84	miss
#0D3A6B	5.7082448653752	6.70647351668533	9.13284562078693	9.19233981969378	84	miss
#4283C9	0.667027042217244	0.829342060752522	5.70637266996165	4.71963367977331	84	hit
#0D3A6B	8.19720372973069	9.15734723726229	9.67908886142995	9.39958135715697	84	miss
#0D3A6B	4.39255639593556	5.39171038978294	0.335358848515735	0.376484224852338	84	miss
#0D3A6B	2.69808314829945	3.54025463484347	3.01875904812416	2.47954926774899	84	miss
#4283C9	9.54777593484808	9.56777886727165	3.9298026840363	4.92960260536779	84	hit
#4283C9	4.26170531204165	4.67837250781982	3.66314529513625	2.75408619476798	84	hit
#0D3A6B	6.33948462906383	7.33945056439288	0.814059084161308	0.822313063898001	84	miss
#0D3A6B	9.46249967002059	10.4023670262775	4.96278657420216	5.30432625365766	84	miss
#0D3A6B	7.85306744021955	8.71139178773729	3.12523401166594	2.6121265039658	84	miss
#4283C9	8.14705067884406	8.27332368947336	4.2730095829859	3.28101405538176	84	hit
#0D3A6B	1.65706840016932	2.43195466092735	4.7921035819066	5.42420427237328	84	miss
#4283C9	4.57195088971423	4.80092467967404	5.91119362150671	6.88462620957403	84	hit
#0D3A6B	6.86405314296767	7.30899901430771	1.32422474909441	2.21978221323474	84	miss
#4283C9	9.690127707741	9.81410388862457	7.82769735002949	8.81998254420177	84	hit
#0D3A6B	6.68924928221758	7.67579694233928	1.76871445172869	1.60524055684514	84	miss
#4283C9	0.586088934250004	0.620512448914521	7.0944384834773	6.09503114828401	84	hit
#0D3A6B	9.51452226991068	10.4346879184409	7.56974747927344	7.17821819650525	84	miss
#0D3A6B	4.1362911559335	5.13354102581078	5.40860589823333	5.33449316633286	84	miss
#4283C9	2.09013287482699	2.18029085973362	5.61544594812059	4.61951847196704	84	hit
#0D3A6B	1.56233441917788	2.41683233627487	1.50054211754189	0.981087297873333	85	miss
#4283C9	5.25061492577388	5.8520913147162	8.24592171004299	7.44703113333996	85	hit
#4283C9	-0.0334661034170937	0.383092276682372	7.12091416275359	8.03002313090258	85	hit
#4283C9	3.00850058585024	3.49494731374466	2.08223467700742	1.20852443847246	85	hit
#0D3A6B	1.86923610317457	2.83261098627996	7.52825648922807	7.2600982624259	85	miss
#4283C9	3.5321544824767	3.94747589094163	8.27034377803498	7.36066904074109	85	hit
#0D3A6B	9.57643428422159	10.383650329191	9.10064236736705	8.51038627316396	85	miss
#4283C9	6.3036622488919	6.74013843666284	3.9851017742594	4.88481758356195	85	hit
#4283C9	9.2804288935819	9.8279662684566	2.17883874812462	3.01561997587494	85	hit
#0D3A6B	2.60703855286875	3.45087224059215	6.5044373051276	7.04104210147508	85	miss
#4283C9	9.44935387730299	9.53784942362757	0.0981682768099013	1.09424484930858	85	hit
#0D3A6B	1.55412322966159	2.41261090958714	6.08072931160134	6.59356349865991	85	miss
#4283C9	5.34235492980771	5.87123260201223	8.01566518368147	7.16696711732127	85	hit
#0D3A6B	5.60227136947534	6.59503487050214	6.36241008643778	6.4824960182908	85	miss
#0D3A6B	9.15462976355966	10.012921690597	0.578606023518125	0.0654442868477303	85	miss
#0D3A6B	8.97952352212304	9.85291770166224	4.2506617383795	4.73767570855598	85	miss
#0D3A6B	9.52903699039218	10.1819635377944	1.23539832378641	1.99281955645516	85	miss
#4283C9	3.16899323151594	3.73038952923233	4.58675464203957	5.41430173853036	85	hit
#0D3A6B	6.3896034786043	7.15704992995287	1.3440067032834	1.98511975440035	85	miss
#0D3A6B	6.48673560134627	7.26482273880831	7.27727289336577	6.64911653821513	85	miss
#0D3A6B	6.55191098430765	7.52732879391301	9.57611004416772	9.35574648841343	85	miss
#0D3A6B	3.83038989758562	4.18917592590232	6.02705894492586	5.0936391112579	85	miss
#0D3A6B	1.87544574184862	2.84297914089117	9.87512158338452	9.62237839012867	85	miss
#4283C9	1.00202896261842	1.64385205039501	8.16585612911401	7.3990033896673	85	hit
#0D3A6B	3.54427647851181	4.51091394685435	0.622112076092719	0.878260479945482	85	miss
#4283C9	-0.47716274146127	0.521362430752688	7.61426083449807	7.55997013128762	85	hit
#4283C9	3.53153431615068	3.75141925351488	8.89208384891069	7.91655803463393	85	hit
#4283C9	7.60669511294966	7.74489198793615	6.90025225632574	5.90984747859899	85	hit
#0D3A6B	4.37553458319724	5.11096485020846	2.12241163268225	1.44481121771498	85	miss
#4283C9	2.52590405932183	2.77753971339648	9.69346210853625	8.72564007035029	85	hit
#0D3A6B	4.88137405984843	5.16248886785662	3.20361729803244	2.24394315296104	85	miss
#0D3A6B	4.83008491479837	5.75934810425109	0.405771307982044	0.0363529479508236	85	miss
#4283C9	-0.265025033435332	0.720434587268637	2.05932464898631	2.22923443670317	85	hit
#0D3A6B	0.974627292723468	1.96008702552963	3.27537898567961	3.44528812321378	85	miss
#0D3A6B	2.23496405172352	3.08105692037191	5.82527980836341	5.29224429582944	85	miss
#0D3A6B	1.23256535299137	2.18990287248031	7.9709987427357	7.68202664411931	85	miss
#4283C9	8.4054060326615	8.93127909398585	9.10312310130858	9.95368616385794	85	hit
#4283C9	0.567056484475457	0.924677067481256	4.72273559276451	3.78886862225394	85	hit
#0D3A6B	8.6011666389276	9.59034169520245	4.42752151537271	4.57426178947507	85	miss
#0D3A6B	0.691632064030001	1.46458265002029	4.97792263864681	4.34345641289696	85	miss
#4283C9	7.3478416162493	7.93200089177616	0.955990969466668	0.144351923575002	85	hit
#4283C9	5.05312048722132	5.8585023937367	0.772856991456584	1.36561325220601	85	hit
#0D3A6B	5.44517086721007	6.24581359890308	3.56481147668275	4.16395354346421	85	miss
#4283C9	1.25364977432216	1.79413204981213	6.67819665403996	7.51955205449876	85	hit
#4283C9	7.11708459859878	7.39052873713732	7.62884209770443	8.59072998259483	85	hit
#4283C9	0.577025773416674	0.597541568387831	3.77107398929478	2.77128446036546	85	hit
#4283C9	5.0770361954126	5.25368236007509	6.57630336456581	7.56057778387682	85	hit
#4283C9	4.25269523210635	4.94155340787212	2.37247499334415	1.64757885341743	85	hit
#0D3A6B	6.64059390834032	7.25752600414248	1.84810587530737	2.63512225961531	85	miss
#0D3A6B	7.47455283401258	8.47039908768885	1.23159481825566	1.14054406845684	85	miss
#4283C9	6.06473326449075	6.87901811442545	5.6659174374159	6.24638292576712	85	hit
#0D3A6B	3.46516562218036	4.46208327019398	1.32140167274515	1.24294657043179	85	miss
#0D3A6B	9.53562853847112	10.1342266705963	6.75986743035362	5.95881794610425	85	miss
#4283C9	3.13670302090399	3.17433557658292	0.607905272363857	1.60719691685663	85	hit
#4283C9	6.6696266946209	6.7582529527309	5.28874805764358	4.29268310676266	85	hit
#0D3A6B	8.46226866286967	9.40286726760891	0.922743007109521	1.26226364678049	85	miss
#0D3A6B	7.48914604090942	8.14849095869021	0.171774827784556	0.92361542219047	85	miss
#4283C9	1.24666641144385	1.64293004987458	4.32755083062051	5.24568760085555	85	hit
#0D3A6B	5.13964837615228	6.0780220458951	5.08057147063701	4.73494905247899	85	miss
#4283C9	2.45284055395305	2.87794932221741	3.48067067533307	4.38581294876016	85	hit
#0D3A6B	5.62505997907003	6.62260817639897	4.55824531268409	4.62822812490084	85	miss
#0D3A6B	6.65105708026246	7.65071602921083	1.81155958670781	1.78544472910806	85	miss
#0D3A6B	5.92058313086484	6.90023161463584	6.62406421553194	6.42334339387864	85	miss
#0D3A6B	5.74268639624969	6.48695241122587	3.58535235746479	2.91746906006062	85	miss
#0D3A6B	5.7082448653752	6.70647351668533	9.13284562078693	9.19233981969378	85	miss
#4283C9	0.667027042217244	0.829342060752522	5.70637266996165	4.71963367977331	85	hit
#0D3A6B	8.19720372973069	9.15734723726229	9.67908886142995	9.39958135715697	85	miss
#0D3A6B	4.39255639593556	5.39171038978294	0.335358848515735	0.376484224852338	85	miss
#0D3A6B	2.69808314829945	3.54025463484347	3.01875904812416	2.47954926774899	85	miss
#4283C9	9.54777593484808	9.56777886727165	3.9298026840363	4.92960260536779	85	hit
#4283C9	4.26170531204165	4.67837250781982	3.66314529513625	2.75408619476798	85	hit
#0D3A6B	6.33948462906383	7.33945056439288	0.814059084161308	0.822313063898001	85	miss
#0D3A6B	9.46249967002059	10.4023670262775	4.96278657420216	5.30432625365766	85	miss
#0D3A6B	7.85306744021955	8.71139178773729	3.12523401166594	2.6121265039658	85	miss
#4283C9	8.14705067884406	8.27332368947336	4.2730095829859	3.28101405538176	85	hit
#0D3A6B	1.65706840016932	2.43195466092735	4.7921035819066	5.42420427237328	85	miss
#4283C9	4.57195088971423	4.80092467967404	5.91119362150671	6.88462620957403	85	hit
#0D3A6B	6.86405314296767	7.30899901430771	1.32422474909441	2.21978221323474	85	miss
#4283C9	9.690127707741	9.81410388862457	7.82769735002949	8.81998254420177	85	hit
#0D3A6B	6.68924928221758	7.67579694233928	1.76871445172869	1.60524055684514	85	miss
#4283C9	0.586088934250004	0.620512448914521	7.0944384834773	6.09503114828401	85	hit
#0D3A6B	9.51452226991068	10.4346879184409	7.56974747927344	7.17821819650525	85	miss
#0D3A6B	4.1362911559335	5.13354102581078	5.40860589823333	5.33449316633286	85	miss
#4283C9	2.09013287482699	2.18029085973362	5.61544594812059	4.61951847196704	85	hit
#4283C9	6.76758210580219	6.87305830013584	6.01986693560512	7.01428876381933	85	hit
#0D3A6B	1.56233441917788	2.41683233627487	1.50054211754189	0.981087297873333	86	miss
#4283C9	5.25061492577388	5.8520913147162	8.24592171004299	7.44703113333996	86	hit
#4283C9	-0.0334661034170937	0.383092276682372	7.12091416275359	8.03002313090258	86	hit
#4283C9	3.00850058585024	3.49494731374466	2.08223467700742	1.20852443847246	86	hit
#0D3A6B	1.86923610317457	2.83261098627996	7.52825648922807	7.2600982624259	86	miss
#4283C9	3.5321544824767	3.94747589094163	8.27034377803498	7.36066904074109	86	hit
#0D3A6B	9.57643428422159	10.383650329191	9.10064236736705	8.51038627316396	86	miss
#4283C9	6.3036622488919	6.74013843666284	3.9851017742594	4.88481758356195	86	hit
#4283C9	9.2804288935819	9.8279662684566	2.17883874812462	3.01561997587494	86	hit
#0D3A6B	2.60703855286875	3.45087224059215	6.5044373051276	7.04104210147508	86	miss
#4283C9	9.44935387730299	9.53784942362757	0.0981682768099013	1.09424484930858	86	hit
#0D3A6B	1.55412322966159	2.41261090958714	6.08072931160134	6.59356349865991	86	miss
#4283C9	5.34235492980771	5.87123260201223	8.01566518368147	7.16696711732127	86	hit
#0D3A6B	5.60227136947534	6.59503487050214	6.36241008643778	6.4824960182908	86	miss
#0D3A6B	9.15462976355966	10.012921690597	0.578606023518125	0.0654442868477303	86	miss
#0D3A6B	8.97952352212304	9.85291770166224	4.2506617383795	4.73767570855598	86	miss
#0D3A6B	9.52903699039218	10.1819635377944	1.23539832378641	1.99281955645516	86	miss
#4283C9	3.16899323151594	3.73038952923233	4.58675464203957	5.41430173853036	86	hit
#0D3A6B	6.3896034786043	7.15704992995287	1.3440067032834	1.98511975440035	86	miss
#0D3A6B	6.48673560134627	7.26482273880831	7.27727289336577	6.64911653821513	86	miss
#0D3A6B	6.55191098430765	7.52732879391301	9.57611004416772	9.35574648841343	86	miss
#0D3A6B	3.83038989758562	4.18917592590232	6.02705894492586	5.0936391112579	86	miss
#0D3A6B	1.87544574184862	2.84297914089117	9.87512158338452	9.62237839012867	86	miss
#4283C9	1.00202896261842	1.64385205039501	8.16585612911401	7.3990033896673	86	hit
#0D3A6B	3.54427647851181	4.51091394685435	0.622112076092719	0.878260479945482	86	miss
#4283C9	-0.47716274146127	0.521362430752688	7.61426083449807	7.55997013128762	86	hit
#4283C9	3.53153431615068	3.75141925351488	8.89208384891069	7.91655803463393	86	hit
#4283C9	7.60669511294966	7.74489198793615	6.90025225632574	5.90984747859899	86	hit
#0D3A6B	4.37553458319724	5.11096485020846	2.12241163268225	1.44481121771498	86	miss
#4283C9	2.52590405932183	2.77753971339648	9.69346210853625	8.72564007035029	86	hit
#0D3A6B	4.88137405984843	5.16248886785662	3.20361729803244	2.24394315296104	86	miss
#0D3A6B	4.83008491479837	5.75934810425109	0.405771307982044	0.0363529479508236	86	miss
#4283C9	-0.265025033435332	0.720434587268637	2.05932464898631	2.22923443670317	86	hit
#0D3A6B	0.974627292723468	1.96008702552963	3.27537898567961	3.44528812321378	86	miss
#0D3A6B	2.23496405172352	3.08105692037191	5.82527980836341	5.29224429582944	86	miss
#0D3A6B	1.23256535299137	2.18990287248031	7.9709987427357	7.68202664411931	86	miss
#4283C9	8.4054060326615	8.93127909398585	9.10312310130858	9.95368616385794	86	hit
#4283C9	0.567056484475457	0.924677067481256	4.72273559276451	3.78886862225394	86	hit
#0D3A6B	8.6011666389276	9.59034169520245	4.42752151537271	4.57426178947507	86	miss
#0D3A6B	0.691632064030001	1.46458265002029	4.97792263864681	4.34345641289696	86	miss
#4283C9	7.3478416162493	7.93200089177616	0.955990969466668	0.144351923575002	86	hit
#4283C9	5.05312048722132	5.8585023937367	0.772856991456584	1.36561325220601	86	hit
#0D3A6B	5.44517086721007	6.24581359890308	3.56481147668275	4.16395354346421	86	miss
#4283C9	1.25364977432216	1.79413204981213	6.67819665403996	7.51955205449876	86	hit
#4283C9	7.11708459859878	7.39052873713732	7.62884209770443	8.59072998259483	86	hit
#4283C9	0.577025773416674	0.597541568387831	3.77107398929478	2.77128446036546	86	hit
#4283C9	5.0770361954126	5.25368236007509	6.57630336456581	7.56057778387682	86	hit
#4283C9	4.25269523210635	4.94155340787212	2.37247499334415	1.64757885341743	86	hit
#0D3A6B	6.64059390834032	7.25752600414248	1.84810587530737	2.63512225961531	86	miss
#0D3A6B	7.47455283401258	8.47039908768885	1.23159481825566	1.14054406845684	86	miss
#4283C9	6.06473326449075	6.87901811442545	5.6659174374159	6.24638292576712	86	hit
#0D3A6B	3.46516562218036	4.46208327019398	1.32140167274515	1.24294657043179	86	miss
#0D3A6B	9.53562853847112	10.1342266705963	6.75986743035362	5.95881794610425	86	miss
#4283C9	3.13670302090399	3.17433557658292	0.607905272363857	1.60719691685663	86	hit
#4283C9	6.6696266946209	6.7582529527309	5.28874805764358	4.29268310676266	86	hit
#0D3A6B	8.46226866286967	9.40286726760891	0.922743007109521	1.26226364678049	86	miss
#0D3A6B	7.48914604090942	8.14849095869021	0.171774827784556	0.92361542219047	86	miss
#4283C9	1.24666641144385	1.64293004987458	4.32755083062051	5.24568760085555	86	hit
#0D3A6B	5.13964837615228	6.0780220458951	5.08057147063701	4.73494905247899	86	miss
#4283C9	2.45284055395305	2.87794932221741	3.48067067533307	4.38581294876016	86	hit
#0D3A6B	5.62505997907003	6.62260817639897	4.55824531268409	4.62822812490084	86	miss
#0D3A6B	6.65105708026246	7.65071602921083	1.81155958670781	1.78544472910806	86	miss
#0D3A6B	5.92058313086484	6.90023161463584	6.62406421553194	6.42334339387864	86	miss
#0D3A6B	5.74268639624969	6.48695241122587	3.58535235746479	2.91746906006062	86	miss
#0D3A6B	5.7082448653752	6.70647351668533	9.13284562078693	9.19233981969378	86	miss
#4283C9	0.667027042217244	0.829342060752522	5.70637266996165	4.71963367977331	86	hit
#0D3A6B	8.19720372973069	9.15734723726229	9.67908886142995	9.39958135715697	86	miss
#0D3A6B	4.39255639593556	5.39171038978294	0.335358848515735	0.376484224852338	86	miss
#0D3A6B	2.69808314829945	3.54025463484347	3.01875904812416	2.47954926774899	86	miss
#4283C9	9.54777593484808	9.56777886727165	3.9298026840363	4.92960260536779	86	hit
#4283C9	4.26170531204165	4.67837250781982	3.66314529513625	2.75408619476798	86	hit
#0D3A6B	6.33948462906383	7.33945056439288	0.814059084161308	0.822313063898001	86	miss
#0D3A6B	9.46249967002059	10.4023670262775	4.96278657420216	5.30432625365766	86	miss
#0D3A6B	7.85306744021955	8.71139178773729	3.12523401166594	2.6121265039658	86	miss
#4283C9	8.14705067884406	8.27332368947336	4.2730095829859	3.28101405538176	86	hit
#0D3A6B	1.65706840016932	2.43195466092735	4.7921035819066	5.42420427237328	86	miss
#4283C9	4.57195088971423	4.80092467967404	5.91119362150671	6.88462620957403	86	hit
#0D3A6B	6.86405314296767	7.30899901430771	1.32422474909441	2.21978221323474	86	miss
#4283C9	9.690127707741	9.81410388862457	7.82769735002949	8.81998254420177	86	hit
#0D3A6B	6.68924928221758	7.67579694233928	1.76871445172869	1.60524055684514	86	miss
#4283C9	0.586088934250004	0.620512448914521	7.0944384834773	6.09503114828401	86	hit
#0D3A6B	9.51452226991068	10.4346879184409	7.56974747927344	7.17821819650525	86	miss
#0D3A6B	4.1362911559335	5.13354102581078	5.40860589823333	5.33449316633286	86	miss
#4283C9	2.09013287482699	2.18029085973362	5.61544594812059	4.61951847196704	86	hit
#4283C9	6.76758210580219	6.87305830013584	6.01986693560512	7.01428876381933	86	hit
#4283C9	2.20485394392027	2.93982957918332	1.39107141037361	2.06916492573096	86	hit
#0D3A6B	1.56233441917788	2.41683233627487	1.50054211754189	0.981087297873333	87	miss
#4283C9	5.25061492577388	5.8520913147162	8.24592171004299	7.44703113333996	87	hit
#4283C9	-0.0334661034170937	0.383092276682372	7.12091416275359	8.03002313090258	87	hit
#4283C9	3.00850058585024	3.49494731374466	2.08223467700742	1.20852443847246	87	hit
#0D3A6B	1.86923610317457	2.83261098627996	7.52825648922807	7.2600982624259	87	miss
#4283C9	3.5321544824767	3.94747589094163	8.27034377803498	7.36066904074109	87	hit
#0D3A6B	9.57643428422159	10.383650329191	9.10064236736705	8.51038627316396	87	miss
#4283C9	6.3036622488919	6.74013843666284	3.9851017742594	4.88481758356195	87	hit
#4283C9	9.2804288935819	9.8279662684566	2.17883874812462	3.01561997587494	87	hit
#0D3A6B	2.60703855286875	3.45087224059215	6.5044373051276	7.04104210147508	87	miss
#4283C9	9.44935387730299	9.53784942362757	0.0981682768099013	1.09424484930858	87	hit
#0D3A6B	1.55412322966159	2.41261090958714	6.08072931160134	6.59356349865991	87	miss
#4283C9	5.34235492980771	5.87123260201223	8.01566518368147	7.16696711732127	87	hit
#0D3A6B	5.60227136947534	6.59503487050214	6.36241008643778	6.4824960182908	87	miss
#0D3A6B	9.15462976355966	10.012921690597	0.578606023518125	0.0654442868477303	87	miss
#0D3A6B	8.97952352212304	9.85291770166224	4.2506617383795	4.73767570855598	87	miss
#0D3A6B	9.52903699039218	10.1819635377944	1.23539832378641	1.99281955645516	87	miss
#4283C9	3.16899323151594	3.73038952923233	4.58675464203957	5.41430173853036	87	hit
#0D3A6B	6.3896034786043	7.15704992995287	1.3440067032834	1.98511975440035	87	miss
#0D3A6B	6.48673560134627	7.26482273880831	7.27727289336577	6.64911653821513	87	miss
#0D3A6B	6.55191098430765	7.52732879391301	9.57611004416772	9.35574648841343	87	miss
#0D3A6B	3.83038989758562	4.18917592590232	6.02705894492586	5.0936391112579	87	miss
#0D3A6B	1.87544574184862	2.84297914089117	9.87512158338452	9.62237839012867	87	miss
#4283C9	1.00202896261842	1.64385205039501	8.16585612911401	7.3990033896673	87	hit
#0D3A6B	3.54427647851181	4.51091394685435	0.622112076092719	0.878260479945482	87	miss
#4283C9	-0.47716274146127	0.521362430752688	7.61426083449807	7.55997013128762	87	hit
#4283C9	3.53153431615068	3.75141925351488	8.89208384891069	7.91655803463393	87	hit
#4283C9	7.60669511294966	7.74489198793615	6.90025225632574	5.90984747859899	87	hit
#0D3A6B	4.37553458319724	5.11096485020846	2.12241163268225	1.44481121771498	87	miss
#4283C9	2.52590405932183	2.77753971339648	9.69346210853625	8.72564007035029	87	hit
#0D3A6B	4.88137405984843	5.16248886785662	3.20361729803244	2.24394315296104	87	miss
#0D3A6B	4.83008491479837	5.75934810425109	0.405771307982044	0.0363529479508236	87	miss
#4283C9	-0.265025033435332	0.720434587268637	2.05932464898631	2.22923443670317	87	hit
#0D3A6B	0.974627292723468	1.96008702552963	3.27537898567961	3.44528812321378	87	miss
#0D3A6B	2.23496405172352	3.08105692037191	5.82527980836341	5.29224429582944	87	miss
#0D3A6B	1.23256535299137	2.18990287248031	7.9709987427357	7.68202664411931	87	miss
#4283C9	8.4054060326615	8.93127909398585	9.10312310130858	9.95368616385794	87	hit
#4283C9	0.567056484475457	0.924677067481256	4.72273559276451	3.78886862225394	87	hit
#0D3A6B	8.6011666389276	9.59034169520245	4.42752151537271	4.57426178947507	87	miss
#0D3A6B	0.691632064030001	1.46458265002029	4.97792263864681	4.34345641289696	87	miss
#4283C9	7.3478416162493	7.93200089177616	0.955990969466668	0.144351923575002	87	hit
#4283C9	5.05312048722132	5.8585023937367	0.772856991456584	1.36561325220601	87	hit
#0D3A6B	5.44517086721007	6.24581359890308	3.56481147668275	4.16395354346421	87	miss
#4283C9	1.25364977432216	1.79413204981213	6.67819665403996	7.51955205449876	87	hit
#4283C9	7.11708459859878	7.39052873713732	7.62884209770443	8.59072998259483	87	hit
#4283C9	0.577025773416674	0.597541568387831	3.77107398929478	2.77128446036546	87	hit
#4283C9	5.0770361954126	5.25368236007509	6.57630336456581	7.56057778387682	87	hit
#4283C9	4.25269523210635	4.94155340787212	2.37247499334415	1.64757885341743	87	hit
#0D3A6B	6.64059390834032	7.25752600414248	1.84810587530737	2.63512225961531	87	miss
#0D3A6B	7.47455283401258	8.47039908768885	1.23159481825566	1.14054406845684	87	miss
#4283C9	6.06473326449075	6.87901811442545	5.6659174374159	6.24638292576712	87	hit
#0D3A6B	3.46516562218036	4.46208327019398	1.32140167274515	1.24294657043179	87	miss
#0D3A6B	9.53562853847112	10.1342266705963	6.75986743035362	5.95881794610425	87	miss
#4283C9	3.13670302090399	3.17433557658292	0.607905272363857	1.60719691685663	87	hit
#4283C9	6.6696266946209	6.7582529527309	5.28874805764358	4.29268310676266	87	hit
#0D3A6B	8.46226866286967	9.40286726760891	0.922743007109521	1.26226364678049	87	miss
#0D3A6B	7.48914604090942	8.14849095869021	0.171774827784556	0.92361542219047	87	miss
#4283C9	1.24666641144385	1.64293004987458	4.32755083062051	5.24568760085555	87	hit
#0D3A6B	5.13964837615228	6.0780220458951	5.08057147063701	4.73494905247899	87	miss
#4283C9	2.45284055395305	2.87794932221741	3.48067067533307	4.38581294876016	87	hit
#0D3A6B	5.62505997907003	6.62260817639897	4.55824531268409	4.62822812490084	87	miss
#0D3A6B	6.65105708026246	7.65071602921083	1.81155958670781	1.78544472910806	87	miss
#0D3A6B	5.92058313086484	6.90023161463584	6.62406421553194	6.42334339387864	87	miss
#0D3A6B	5.74268639624969	6.48695241122587	3.58535235746479	2.91746906006062	87	miss
#0D3A6B	5.7082448653752	6.70647351668533	9.13284562078693	9.19233981969378	87	miss
#4283C9	0.667027042217244	0.829342060752522	5.70637266996165	4.71963367977331	87	hit
#0D3A6B	8.19720372973069	9.15734723726229	9.67908886142995	9.39958135715697	87	miss
#0D3A6B	4.39255639593556	5.39171038978294	0.335358848515735	0.376484224852338	87	miss
#0D3A6B	2.69808314829945	3.54025463484347	3.01875904812416	2.47954926774899	87	miss
#4283C9	9.54777593484808	9.56777886727165	3.9298026840363	4.92960260536779	87	hit
#4283C9	4.26170531204165	4.67837250781982	3.66314529513625	2.75408619476798	87	hit
#0D3A6B	6.33948462906383	7.33945056439288	0.814059084161308	0.822313063898001	87	miss
#0D3A6B	9.46249967002059	10.4023670262775	4.96278657420216	5.30432625365766	87	miss
#0D3A6B	7.85306744021955	8.71139178773729	3.12523401166594	2.6121265039658	87	miss
#4283C9	8.14705067884406	8.27332368947336	4.2730095829859	3.28101405538176	87	hit
#0D3A6B	1.65706840016932	2.43195466092735	4.7921035819066	5.42420427237328	87	miss
#4283C9	4.57195088971423	4.80092467967404	5.91119362150671	6.88462620957403	87	hit
#0D3A6B	6.86405314296767	7.30899901430771	1.32422474909441	2.21978221323474	87	miss
#4283C9	9.690127707741	9.81410388862457	7.82769735002949	8.81998254420177	87	hit
#0D3A6B	6.68924928221758	7.67579694233928	1.76871445172869	1.60524055684514	87	miss
#4283C9	0.586088934250004	0.620512448914521	7.0944384834773	6.09503114828401	87	hit
#0D3A6B	9.51452226991068	10.4346879184409	7.56974747927344	7.17821819650525	87	miss
#0D3A6B	4.1362911559335	5.13354102581078	5.40860589823333	5.33449316633286	87	miss
#4283C9	2.09013287482699	2.18029085973362	5.61544594812059	4.61951847196704	87	hit
#4283C9	6.76758210580219	6.87305830013584	6.01986693560512	7.01428876381933	87	hit
#4283C9	2.20485394392027	2.93982957918332	1.39107141037361	2.06916492573096	87	hit
#0D3A6B	7.78783135922746	8.71902999592825	7.14453604226241	6.78002390390953	87	miss
#0D3A6B	1.56233441917788	2.41683233627487	1.50054211754189	0.981087297873333	88	miss
#4283C9	5.25061492577388	5.8520913147162	8.24592171004299	7.44703113333996	88	hit
#4283C9	-0.0334661034170937	0.383092276682372	7.12091416275359	8.03002313090258	88	hit
#4283C9	3.00850058585024	3.49494731374466	2.08223467700742	1.20852443847246	88	hit
#0D3A6B	1.86923610317457	2.83261098627996	7.52825648922807	7.2600982624259	88	miss
#4283C9	3.5321544824767	3.94747589094163	8.27034377803498	7.36066904074109	88	hit
#0D3A6B	9.57643428422159	10.383650329191	9.10064236736705	8.51038627316396	88	miss
#4283C9	6.3036622488919	6.74013843666284	3.9851017742594	4.88481758356195	88	hit
#4283C9	9.2804288935819	9.8279662684566	2.17883874812462	3.01561997587494	88	hit
#0D3A6B	2.60703855286875	3.45087224059215	6.5044373051276	7.04104210147508	88	miss
#4283C9	9.44935387730299	9.53784942362757	0.0981682768099013	1.09424484930858	88	hit
#0D3A6B	1.55412322966159	2.41261090958714	6.08072931160134	6.59356349865991	88	miss
#4283C9	5.34235492980771	5.87123260201223	8.01566518368147	7.16696711732127	88	hit
#0D3A6B	5.60227136947534	6.59503487050214	6.36241008643778	6.4824960182908	88	miss
#0D3A6B	9.15462976355966	10.012921690597	0.578606023518125	0.0654442868477303	88	miss
#0D3A6B	8.97952352212304	9.85291770166224	4.2506617383795	4.73767570855598	88	miss
#0D3A6B	9.52903699039218	10.1819635377944	1.23539832378641	1.99281955645516	88	miss
#4283C9	3.16899323151594	3.73038952923233	4.58675464203957	5.41430173853036	88	hit
#0D3A6B	6.3896034786043	7.15704992995287	1.3440067032834	1.98511975440035	88	miss
#0D3A6B	6.48673560134627	7.26482273880831	7.27727289336577	6.64911653821513	88	miss
#0D3A6B	6.55191098430765	7.52732879391301	9.57611004416772	9.35574648841343	88	miss
#0D3A6B	3.83038989758562	4.18917592590232	6.02705894492586	5.0936391112579	88	miss
#0D3A6B	1.87544574184862	2.84297914089117	9.87512158338452	9.62237839012867	88	miss
#4283C9	1.00202896261842	1.64385205039501	8.16585612911401	7.3990033896673	88	hit
#0D3A6B	3.54427647851181	4.51091394685435	0.622112076092719	0.878260479945482	88	miss
#4283C9	-0.47716274146127	0.521362430752688	7.61426083449807	7.55997013128762	88	hit
#4283C9	3.53153431615068	3.75141925351488	8.89208384891069	7.91655803463393	88	hit
#4283C9	7.60669511294966	7.74489198793615	6.90025225632574	5.90984747859899	88	hit
#0D3A6B	4.37553458319724	5.11096485020846	2.12241163268225	1.44481121771498	88	miss
#4283C9	2.52590405932183	2.77753971339648	9.69346210853625	8.72564007035029	88	hit
#0D3A6B	4.88137405984843	5.16248886785662	3.20361729803244	2.24394315296104	88	miss
#0D3A6B	4.83008491479837	5.75934810425109	0.405771307982044	0.0363529479508236	88	miss
#4283C9	-0.265025033435332	0.720434587268637	2.05932464898631	2.22923443670317	88	hit
#0D3A6B	0.974627292723468	1.96008702552963	3.27537898567961	3.44528812321378	88	miss
#0D3A6B	2.23496405172352	3.08105692037191	5.82527980836341	5.29224429582944	88	miss
#0D3A6B	1.23256535299137	2.18990287248031	7.9709987427357	7.68202664411931	88	miss
#4283C9	8.4054060326615	8.93127909398585	9.10312310130858	9.95368616385794	88	hit
#4283C9	0.567056484475457	0.924677067481256	4.72273559276451	3.78886862225394	88	hit
#0D3A6B	8.6011666389276	9.59034169520245	4.42752151537271	4.57426178947507	88	miss
#0D3A6B	0.691632064030001	1.46458265002029	4.97792263864681	4.34345641289696	88	miss
#4283C9	7.3478416162493	7.93200089177616	0.955990969466668	0.144351923575002	88	hit
#4283C9	5.05312048722132	5.8585023937367	0.772856991456584	1.36561325220601	88	hit
#0D3A6B	5.44517086721007	6.24581359890308	3.56481147668275	4.16395354346421	88	miss
#4283C9	1.25364977432216	1.79413204981213	6.67819665403996	7.51955205449876	88	hit
#4283C9	7.11708459859878	7.39052873713732	7.62884209770443	8.59072998259483	88	hit
#4283C9	0.577025773416674	0.597541568387831	3.77107398929478	2.77128446036546	88	hit
#4283C9	5.0770361954126	5.25368236007509	6.57630336456581	7.56057778387682	88	hit
#4283C9	4.25269523210635	4.94155340787212	2.37247499334415	1.64757885341743	88	hit
#0D3A6B	6.64059390834032	7.25752600414248	1.84810587530737	2.63512225961531	88	miss
#0D3A6B	7.47455283401258	8.47039908768885	1.23159481825566	1.14054406845684	88	miss
#4283C9	6.06473326449075	6.87901811442545	5.6659174374159	6.24638292576712	88	hit
#0D3A6B	3.46516562218036	4.46208327019398	1.32140167274515	1.24294657043179	88	miss
#0D3A6B	9.53562853847112	10.1342266705963	6.75986743035362	5.95881794610425	88	miss
#4283C9	3.13670302090399	3.17433557658292	0.607905272363857	1.60719691685663	88	hit
#4283C9	6.6696266946209	6.7582529527309	5.28874805764358	4.29268310676266	88	hit
#0D3A6B	8.46226866286967	9.40286726760891	0.922743007109521	1.26226364678049	88	miss
#0D3A6B	7.48914604090942	8.14849095869021	0.171774827784556	0.92361542219047	88	miss
#4283C9	1.24666641144385	1.64293004987458	4.32755083062051	5.24568760085555	88	hit
#0D3A6B	5.13964837615228	6.0780220458951	5.08057147063701	4.73494905247899	88	miss
#4283C9	2.45284055395305	2.87794932221741	3.48067067533307	4.38581294876016	88	hit
#0D3A6B	5.62505997907003	6.62260817639897	4.55824531268409	4.62822812490084	88	miss
#0D3A6B	6.65105708026246	7.65071602921083	1.81155958670781	1.78544472910806	88	miss
#0D3A6B	5.92058313086484	6.90023161463584	6.62406421553194	6.42334339387864	88	miss
#0D3A6B	5.74268639624969	6.48695241122587	3.58535235746479	2.91746906006062	88	miss
#0D3A6B	5.7082448653752	6.70647351668533	9.13284562078693	9.19233981969378	88	miss
#4283C9	0.667027042217244	0.829342060752522	5.70637266996165	4.71963367977331	88	hit
#0D3A6B	8.19720372973069	9.15734723726229	9.67908886142995	9.39958135715697	88	miss
#0D3A6B	4.39255639593556	5.39171038978294	0.335358848515735	0.376484224852338	88	miss
#0D3A6B	2.69808314829945	3.54025463484347	3.01875904812416	2.47954926774899	88	miss
#4283C9	9.54777593484808	9.56777886727165	3.9298026840363	4.92960260536779	88	hit
#4283C9	4.26170531204165	4.67837250781982	3.66314529513625	2.75408619476798	88	hit
#0D3A6B	6.33948462906383	7.33945056439288	0.814059084161308	0.822313063898001	88	miss
#0D3A6B	9.46249967002059	10.4023670262775	4.96278657420216	5.30432625365766	88	miss
#0D3A6B	7.85306744021955	8.71139178773729	3.12523401166594	2.6121265039658	88	miss
#4283C9	8.14705067884406	8.27332368947336	4.2730095829859	3.28101405538176	88	hit
#0D3A6B	1.65706840016932	2.43195466092735	4.7921035819066	5.42420427237328	88	miss
#4283C9	4.57195088971423	4.80092467967404	5.91119362150671	6.88462620957403	88	hit
#0D3A6B	6.86405314296767	7.30899901430771	1.32422474909441	2.21978221323474	88	miss
#4283C9	9.690127707741	9.81410388862457	7.82769735002949	8.81998254420177	88	hit
#0D3A6B	6.68924928221758	7.67579694233928	1.76871445172869	1.60524055684514	88	miss
#4283C9	0.586088934250004	0.620512448914521	7.0944384834773	6.09503114828401	88	hit
#0D3A6B	9.51452226991068	10.4346879184409	7.56974747927344	7.17821819650525	88	miss
#0D3A6B	4.1362911559335	5.13354102581078	5.40860589823333	5.33449316633286	88	miss
#4283C9	2.09013287482699	2.18029085973362	5.61544594812059	4.61951847196704	88	hit
#4283C9	6.76758210580219	6.87305830013584	6.01986693560512	7.01428876381933	88	hit
#4283C9	2.20485394392027	2.93982957918332	1.39107141037361	2.06916492573096	88	hit
#0D3A6B	7.78783135922746	8.71902999592825	7.14453604226241	6.78002390390953	88	miss
#4283C9	5.23611336275798	5.88800513390589	2.50671498516175	1.74840296579925	88	hit
#0D3A6B	1.56233441917788	2.41683233627487	1.50054211754189	0.981087297873333	89	miss
#4283C9	5.25061492577388	5.8520913147162	8.24592171004299	7.44703113333996	89	hit
#4283C9	-0.0334661034170937	0.383092276682372	7.12091416275359	8.03002313090258	89	hit
#4283C9	3.00850058585024	3.49494731374466	2.08223467700742	1.20852443847246	89	hit
#0D3A6B	1.86923610317457	2.83261098627996	7.52825648922807	7.2600982624259	89	miss
#4283C9	3.5321544824767	3.94747589094163	8.27034377803498	7.36066904074109	89	hit
#0D3A6B	9.57643428422159	10.383650329191	9.10064236736705	8.51038627316396	89	miss
#4283C9	6.3036622488919	6.74013843666284	3.9851017742594	4.88481758356195	89	hit
#4283C9	9.2804288935819	9.8279662684566	2.17883874812462	3.01561997587494	89	hit
#0D3A6B	2.60703855286875	3.45087224059215	6.5044373051276	7.04104210147508	89	miss
#4283C9	9.44935387730299	9.53784942362757	0.0981682768099013	1.09424484930858	89	hit
#0D3A6B	1.55412322966159	2.41261090958714	6.08072931160134	6.59356349865991	89	miss
#4283C9	5.34235492980771	5.87123260201223	8.01566518368147	7.16696711732127	89	hit
#0D3A6B	5.60227136947534	6.59503487050214	6.36241008643778	6.4824960182908	89	miss
#0D3A6B	9.15462976355966	10.012921690597	0.578606023518125	0.0654442868477303	89	miss
#0D3A6B	8.97952352212304	9.85291770166224	4.2506617383795	4.73767570855598	89	miss
#0D3A6B	9.52903699039218	10.1819635377944	1.23539832378641	1.99281955645516	89	miss
#4283C9	3.16899323151594	3.73038952923233	4.58675464203957	5.41430173853036	89	hit
#0D3A6B	6.3896034786043	7.15704992995287	1.3440067032834	1.98511975440035	89	miss
#0D3A6B	6.48673560134627	7.26482273880831	7.27727289336577	6.64911653821513	89	miss
#0D3A6B	6.55191098430765	7.52732879391301	9.57611004416772	9.35574648841343	89	miss
#0D3A6B	3.83038989758562	4.18917592590232	6.02705894492586	5.0936391112579	89	miss
#0D3A6B	1.87544574184862	2.84297914089117	9.87512158338452	9.62237839012867	89	miss
#4283C9	1.00202896261842	1.64385205039501	8.16585612911401	7.3990033896673	89	hit
#0D3A6B	3.54427647851181	4.51091394685435	0.622112076092719	0.878260479945482	89	miss
#4283C9	-0.47716274146127	0.521362430752688	7.61426083449807	7.55997013128762	89	hit
#4283C9	3.53153431615068	3.75141925351488	8.89208384891069	7.91655803463393	89	hit
#4283C9	7.60669511294966	7.74489198793615	6.90025225632574	5.90984747859899	89	hit
#0D3A6B	4.37553458319724	5.11096485020846	2.12241163268225	1.44481121771498	89	miss
#4283C9	2.52590405932183	2.77753971339648	9.69346210853625	8.72564007035029	89	hit
#0D3A6B	4.88137405984843	5.16248886785662	3.20361729803244	2.24394315296104	89	miss
#0D3A6B	4.83008491479837	5.75934810425109	0.405771307982044	0.0363529479508236	89	miss
#4283C9	-0.265025033435332	0.720434587268637	2.05932464898631	2.22923443670317	89	hit
#0D3A6B	0.974627292723468	1.96008702552963	3.27537898567961	3.44528812321378	89	miss
#0D3A6B	2.23496405172352	3.08105692037191	5.82527980836341	5.29224429582944	89	miss
#0D3A6B	1.23256535299137	2.18990287248031	7.9709987427357	7.68202664411931	89	miss
#4283C9	8.4054060326615	8.93127909398585	9.10312310130858	9.95368616385794	89	hit
#4283C9	0.567056484475457	0.924677067481256	4.72273559276451	3.78886862225394	89	hit
#0D3A6B	8.6011666389276	9.59034169520245	4.42752151537271	4.57426178947507	89	miss
#0D3A6B	0.691632064030001	1.46458265002029	4.97792263864681	4.34345641289696	89	miss
#4283C9	7.3478416162493	7.93200089177616	0.955990969466668	0.144351923575002	89	hit
#4283C9	5.05312048722132	5.8585023937367	0.772856991456584	1.36561325220601	89	hit
#0D3A6B	5.44517086721007	6.24581359890308	3.56481147668275	4.16395354346421	89	miss
#4283C9	1.25364977432216	1.79413204981213	6.67819665403996	7.51955205449876	89	hit
#4283C9	7.11708459859878	7.39052873713732	7.62884209770443	8.59072998259483	89	hit
#4283C9	0.577025773416674	0.597541568387831	3.77107398929478	2.77128446036546	89	hit
#4283C9	5.0770361954126	5.25368236007509	6.57630336456581	7.56057778387682	89	hit
#4283C9	4.25269523210635	4.94155340787212	2.37247499334415	1.64757885341743	89	hit
#0D3A6B	6.64059390834032	7.25752600414248	1.84810587530737	2.63512225961531	89	miss
#0D3A6B	7.47455283401258	8.47039908768885	1.23159481825566	1.14054406845684	89	miss
#4283C9	6.06473326449075	6.87901811442545	5.6659174374159	6.24638292576712	89	hit
#0D3A6B	3.46516562218036	4.46208327019398	1.32140167274515	1.24294657043179	89	miss
#0D3A6B	9.53562853847112	10.1342266705963	6.75986743035362	5.95881794610425	89	miss
#4283C9	3.13670302090399	3.17433557658292	0.607905272363857	1.60719691685663	89	hit
#4283C9	6.6696266946209	6.7582529527309	5.28874805764358	4.29268310676266	89	hit
#0D3A6B	8.46226866286967	9.40286726760891	0.922743007109521	1.26226364678049	89	miss
#0D3A6B	7.48914604090942	8.14849095869021	0.171774827784556	0.92361542219047	89	miss
#4283C9	1.24666641144385	1.64293004987458	4.32755083062051	5.24568760085555	89	hit
#0D3A6B	5.13964837615228	6.0780220458951	5.08057147063701	4.73494905247899	89	miss
#4283C9	2.45284055395305	2.87794932221741	3.48067067533307	4.38581294876016	89	hit
#0D3A6B	5.62505997907003	6.62260817639897	4.55824531268409	4.62822812490084	89	miss
#0D3A6B	6.65105708026246	7.65071602921083	1.81155958670781	1.78544472910806	89	miss
#0D3A6B	5.92058313086484	6.90023161463584	6.62406421553194	6.42334339387864	89	miss
#0D3A6B	5.74268639624969	6.48695241122587	3.58535235746479	2.91746906006062	89	miss
#0D3A6B	5.7082448653752	6.70647351668533	9.13284562078693	9.19233981969378	89	miss
#4283C9	0.667027042217244	0.829342060752522	5.70637266996165	4.71963367977331	89	hit
#0D3A6B	8.19720372973069	9.15734723726229	9.67908886142995	9.39958135715697	89	miss
#0D3A6B	4.39255639593556	5.39171038978294	0.335358848515735	0.376484224852338	89	miss
#0D3A6B	2.69808314829945	3.54025463484347	3.01875904812416	2.47954926774899	89	miss
#4283C9	9.54777593484808	9.56777886727165	3.9298026840363	4.92960260536779	89	hit
#4283C9	4.26170531204165	4.67837250781982	3.66314529513625	2.75408619476798	89	hit
#0D3A6B	6.33948462906383	7.33945056439288	0.814059084161308	0.822313063898001	89	miss
#0D3A6B	9.46249967002059	10.4023670262775	4.96278657420216	5.30432625365766	89	miss
#0D3A6B	7.85306744021955	8.71139178773729	3.12523401166594	2.6121265039658	89	miss
#4283C9	8.14705067884406	8.27332368947336	4.2730095829859	3.28101405538176	89	hit
#0D3A6B	1.65706840016932	2.43195466092735	4.7921035819066	5.42420427237328	89	miss
#4283C9	4.57195088971423	4.80092467967404	5.91119362150671	6.88462620957403	89	hit
#0D3A6B	6.86405314296767	7.30899901430771	1.32422474909441	2.21978221323474	89	miss
#4283C9	9.690127707741	9.81410388862457	7.82769735002949	8.81998254420177	89	hit
#0D3A6B	6.68924928221758	7.67579694233928	1.76871445172869	1.60524055684514	89	miss
#4283C9	0.586088934250004	0.620512448914521	7.0944384834773	6.09503114828401	89	hit
#0D3A6B	9.51452226991068	10.4346879184409	7.56974747927344	7.17821819650525	89	miss
#0D3A6B	4.1362911559335	5.13354102581078	5.40860589823333	5.33449316633286	89	miss
#4283C9	2.09013287482699	2.18029085973362	5.61544594812059	4.61951847196704	89	hit
#4283C9	6.76758210580219	6.87305830013584	6.01986693560512	7.01428876381933	89	hit
#4283C9	2.20485394392027	2.93982957918332	1.39107141037361	2.06916492573096	89	hit
#0D3A6B	7.78783135922746	8.71902999592825	7.14453604226241	6.78002390390953	89	miss
#4283C9	5.23611336275798	5.88800513390589	2.50671498516175	1.74840296579925	89	hit
#0D3A6B	3.13909457887548	4.10083436981749	8.24363802775828	8.51760257750663	89	miss
#0D3A6B	1.56233441917788	2.41683233627487	1.50054211754189	0.981087297873333	90	miss
#4283C9	5.25061492577388	5.8520913147162	8.24592171004299	7.44703113333996	90	hit
#4283C9	-0.0334661034170937	0.383092276682372	7.12091416275359	8.03002313090258	90	hit
#4283C9	3.00850058585024	3.49494731374466	2.08223467700742	1.20852443847246	90	hit
#0D3A6B	1.86923610317457	2.83261098627996	7.52825648922807	7.2600982624259	90	miss
#4283C9	3.5321544824767	3.94747589094163	8.27034377803498	7.36066904074109	90	hit
#0D3A6B	9.57643428422159	10.383650329191	9.10064236736705	8.51038627316396	90	miss
#4283C9	6.3036622488919	6.74013843666284	3.9851017742594	4.88481758356195	90	hit
#4283C9	9.2804288935819	9.8279662684566	2.17883874812462	3.01561997587494	90	hit
#0D3A6B	2.60703855286875	3.45087224059215	6.5044373051276	7.04104210147508	90	miss
#4283C9	9.44935387730299	9.53784942362757	0.0981682768099013	1.09424484930858	90	hit
#0D3A6B	1.55412322966159	2.41261090958714	6.08072931160134	6.59356349865991	90	miss
#4283C9	5.34235492980771	5.87123260201223	8.01566518368147	7.16696711732127	90	hit
#0D3A6B	5.60227136947534	6.59503487050214	6.36241008643778	6.4824960182908	90	miss
#0D3A6B	9.15462976355966	10.012921690597	0.578606023518125	0.0654442868477303	90	miss
#0D3A6B	8.97952352212304	9.85291770166224	4.2506617383795	4.73767570855598	90	miss
#0D3A6B	9.52903699039218	10.1819635377944	1.23539832378641	1.99281955645516	90	miss
#4283C9	3.16899323151594	3.73038952923233	4.58675464203957	5.41430173853036	90	hit
#0D3A6B	6.3896034786043	7.15704992995287	1.3440067032834	1.98511975440035	90	miss
#0D3A6B	6.48673560134627	7.26482273880831	7.27727289336577	6.64911653821513	90	miss
#0D3A6B	6.55191098430765	7.52732879391301	9.57611004416772	9.35574648841343	90	miss
#0D3A6B	3.83038989758562	4.18917592590232	6.02705894492586	5.0936391112579	90	miss
#0D3A6B	1.87544574184862	2.84297914089117	9.87512158338452	9.62237839012867	90	miss
#4283C9	1.00202896261842	1.64385205039501	8.16585612911401	7.3990033896673	90	hit
#0D3A6B	3.54427647851181	4.51091394685435	0.622112076092719	0.878260479945482	90	miss
#4283C9	-0.47716274146127	0.521362430752688	7.61426083449807	7.55997013128762	90	hit
#4283C9	3.53153431615068	3.75141925351488	8.89208384891069	7.91655803463393	90	hit
#4283C9	7.60669511294966	7.74489198793615	6.90025225632574	5.90984747859899	90	hit
#0D3A6B	4.37553458319724	5.11096485020846	2.12241163268225	1.44481121771498	90	miss
#4283C9	2.52590405932183	2.77753971339648	9.69346210853625	8.72564007035029	90	hit
#0D3A6B	4.88137405984843	5.16248886785662	3.20361729803244	2.24394315296104	90	miss
#0D3A6B	4.83008491479837	5.75934810425109	0.405771307982044	0.0363529479508236	90	miss
#4283C9	-0.265025033435332	0.720434587268637	2.05932464898631	2.22923443670317	90	hit
#0D3A6B	0.974627292723468	1.96008702552963	3.27537898567961	3.44528812321378	90	miss
#0D3A6B	2.23496405172352	3.08105692037191	5.82527980836341	5.29224429582944	90	miss
#0D3A6B	1.23256535299137	2.18990287248031	7.9709987427357	7.68202664411931	90	miss
#4283C9	8.4054060326615	8.93127909398585	9.10312310130858	9.95368616385794	90	hit
#4283C9	0.567056484475457	0.924677067481256	4.72273559276451	3.78886862225394	90	hit
#0D3A6B	8.6011666389276	9.59034169520245	4.42752151537271	4.57426178947507	90	miss
#0D3A6B	0.691632064030001	1.46458265002029	4.97792263864681	4.34345641289696	90	miss
#4283C9	7.3478416162493	7.93200089177616	0.955990969466668	0.144351923575002	90	hit
#4283C9	5.05312048722132	5.8585023937367	0.772856991456584	1.36561325220601	90	hit
#0D3A6B	5.44517086721007	6.24581359890308	3.56481147668275	4.16395354346421	90	miss
#4283C9	1.25364977432216	1.79413204981213	6.67819665403996	7.51955205449876	90	hit
#4283C9	7.11708459859878	7.39052873713732	7.62884209770443	8.59072998259483	90	hit
#4283C9	0.577025773416674	0.597541568387831	3.77107398929478	2.77128446036546	90	hit
#4283C9	5.0770361954126	5.25368236007509	6.57630336456581	7.56057778387682	90	hit
#4283C9	4.25269523210635	4.94155340787212	2.37247499334415	1.64757885341743	90	hit
#0D3A6B	6.64059390834032	7.25752600414248	1.84810587530737	2.63512225961531	90	miss
#0D3A6B	7.47455283401258	8.47039908768885	1.23159481825566	1.14054406845684	90	miss
#4283C9	6.06473326449075	6.87901811442545	5.6659174374159	6.24638292576712	90	hit
#0D3A6B	3.46516562218036	4.46208327019398	1.32140167274515	1.24294657043179	90	miss
#0D3A6B	9.53562853847112	10.1342266705963	6.75986743035362	5.95881794610425	90	miss
#4283C9	3.13670302090399	3.17433557658292	0.607905272363857	1.60719691685663	90	hit
#4283C9	6.6696266946209	6.7582529527309	5.28874805764358	4.29268310676266	90	hit
#0D3A6B	8.46226866286967	9.40286726760891	0.922743007109521	1.26226364678049	90	miss
#0D3A6B	7.48914604090942	8.14849095869021	0.171774827784556	0.92361542219047	90	miss
#4283C9	1.24666641144385	1.64293004987458	4.32755083062051	5.24568760085555	90	hit
#0D3A6B	5.13964837615228	6.0780220458951	5.08057147063701	4.73494905247899	90	miss
#4283C9	2.45284055395305	2.87794932221741	3.48067067533307	4.38581294876016	90	hit
#0D3A6B	5.62505997907003	6.62260817639897	4.55824531268409	4.62822812490084	90	miss
#0D3A6B	6.65105708026246	7.65071602921083	1.81155958670781	1.78544472910806	90	miss
#0D3A6B	5.92058313086484	6.90023161463584	6.62406421553194	6.42334339387864	90	miss
#0D3A6B	5.74268639624969	6.48695241122587	3.58535235746479	2.91746906006062	90	miss
#0D3A6B	5.7082448653752	6.70647351668533	9.13284562078693	9.19233981969378	90	miss
#4283C9	0.667027042217244	0.829342060752522	5.70637266996165	4.71963367977331	90	hit
#0D3A6B	8.19720372973069	9.15734723726229	9.67908886142995	9.39958135715697	90	miss
#0D3A6B	4.39255639593556	5.39171038978294	0.335358848515735	0.376484224852338	90	miss
#0D3A6B	2.69808314829945	3.54025463484347	3.01875904812416	2.47954926774899	90	miss
#4283C9	9.54777593484808	9.56777886727165	3.9298026840363	4.92960260536779	90	hit
#4283C9	4.26170531204165	4.67837250781982	3.66314529513625	2.75408619476798	90	hit
#0D3A6B	6.33948462906383	7.33945056439288	0.814059084161308	0.822313063898001	90	miss
#0D3A6B	9.46249967002059	10.4023670262775	4.96278657420216	5.30432625365766	90	miss
#0D3A6B	7.85306744021955	8.71139178773729	3.12523401166594	2.6121265039658	90	miss
#4283C9	8.14705067884406	8.27332368947336	4.2730095829859	3.28101405538176	90	hit
#0D3A6B	1.65706840016932	2.43195466092735	4.7921035819066	5.42420427237328	90	miss
#4283C9	4.57195088971423	4.80092467967404	5.91119362150671	6.88462620957403	90	hit
#0D3A6B	6.86405314296767	7.30899901430771	1.32422474909441	2.21978221323474	90	miss
#4283C9	9.690127707741	9.81410388862457	7.82769735002949	8.81998254420177	90	hit
#0D3A6B	6.68924928221758	7.67579694233928	1.76871445172869	1.60524055684514	90	miss
#4283C9	0.586088934250004	0.620512448914521	7.0944384834773	6.09503114828401	90	hit
#0D3A6B	9.51452226991068	10.4346879184409	7.56974747927344	7.17821819650525	90	miss
#0D3A6B	4.1362911559335	5.13354102581078	5.40860589823333	5.33449316633286	90	miss
#4283C9	2.09013287482699	2.18029085973362	5.61544594812059	4.61951847196704	90	hit
#4283C9	6.76758210580219	6.87305830013584	6.01986693560512	7.01428876381933	90	hit
#4283C9	2.20485394392027	2.93982957918332	1.39107141037361	2.06916492573096	90	hit
#0D3A6B	7.78783135922746	8.71902999592825	7.14453604226241	6.78002390390953	90	miss
#4283C9	5.23611336275798	5.88800513390589	2.50671498516175	1.74840296579925	90	hit
#0D3A6B	3.13909457887548	4.10083436981749	8.24363802775828	8.51760257750663	90	miss
#0D3A6B	2.39578449076399	3.05523809136466	2.7843189825032	2.03257371404133	90	miss
#0D3A6B	1.56233441917788	2.41683233627487	1.50054211754189	0.981087297873333	91	miss
#4283C9	5.25061492577388	5.8520913147162	8.24592171004299	7.44703113333996	91	hit
#4283C9	-0.0334661034170937	0.383092276682372	7.12091416275359	8.03002313090258	91	hit
#4283C9	3.00850058585024	3.49494731374466	2.08223467700742	1.20852443847246	91	hit
#0D3A6B	1.86923610317457	2.83261098627996	7.52825648922807	7.2600982624259	91	miss
#4283C9	3.5321544824767	3.94747589094163	8.27034377803498	7.36066904074109	91	hit
#0D3A6B	9.57643428422159	10.383650329191	9.10064236736705	8.51038627316396	91	miss
#4283C9	6.3036622488919	6.74013843666284	3.9851017742594	4.88481758356195	91	hit
#4283C9	9.2804288935819	9.8279662684566	2.17883874812462	3.01561997587494	91	hit
#0D3A6B	2.60703855286875	3.45087224059215	6.5044373051276	7.04104210147508	91	miss
#4283C9	9.44935387730299	9.53784942362757	0.0981682768099013	1.09424484930858	91	hit
#0D3A6B	1.55412322966159	2.41261090958714	6.08072931160134	6.59356349865991	91	miss
#4283C9	5.34235492980771	5.87123260201223	8.01566518368147	7.16696711732127	91	hit
#0D3A6B	5.60227136947534	6.59503487050214	6.36241008643778	6.4824960182908	91	miss
#0D3A6B	9.15462976355966	10.012921690597	0.578606023518125	0.0654442868477303	91	miss
#0D3A6B	8.97952352212304	9.85291770166224	4.2506617383795	4.73767570855598	91	miss
#0D3A6B	9.52903699039218	10.1819635377944	1.23539832378641	1.99281955645516	91	miss
#4283C9	3.16899323151594	3.73038952923233	4.58675464203957	5.41430173853036	91	hit
#0D3A6B	6.3896034786043	7.15704992995287	1.3440067032834	1.98511975440035	91	miss
#0D3A6B	6.48673560134627	7.26482273880831	7.27727289336577	6.64911653821513	91	miss
#0D3A6B	6.55191098430765	7.52732879391301	9.57611004416772	9.35574648841343	91	miss
#0D3A6B	3.83038989758562	4.18917592590232	6.02705894492586	5.0936391112579	91	miss
#0D3A6B	1.87544574184862	2.84297914089117	9.87512158338452	9.62237839012867	91	miss
#4283C9	1.00202896261842	1.64385205039501	8.16585612911401	7.3990033896673	91	hit
#0D3A6B	3.54427647851181	4.51091394685435	0.622112076092719	0.878260479945482	91	miss
#4283C9	-0.47716274146127	0.521362430752688	7.61426083449807	7.55997013128762	91	hit
#4283C9	3.53153431615068	3.75141925351488	8.89208384891069	7.91655803463393	91	hit
#4283C9	7.60669511294966	7.74489198793615	6.90025225632574	5.90984747859899	91	hit
#0D3A6B	4.37553458319724	5.11096485020846	2.12241163268225	1.44481121771498	91	miss
#4283C9	2.52590405932183	2.77753971339648	9.69346210853625	8.72564007035029	91	hit
#0D3A6B	4.88137405984843	5.16248886785662	3.20361729803244	2.24394315296104	91	miss
#0D3A6B	4.83008491479837	5.75934810425109	0.405771307982044	0.0363529479508236	91	miss
#4283C9	-0.265025033435332	0.720434587268637	2.05932464898631	2.22923443670317	91	hit
#0D3A6B	0.974627292723468	1.96008702552963	3.27537898567961	3.44528812321378	91	miss
#0D3A6B	2.23496405172352	3.08105692037191	5.82527980836341	5.29224429582944	91	miss
#0D3A6B	1.23256535299137	2.18990287248031	7.9709987427357	7.68202664411931	91	miss
#4283C9	8.4054060326615	8.93127909398585	9.10312310130858	9.95368616385794	91	hit
#4283C9	0.567056484475457	0.924677067481256	4.72273559276451	3.78886862225394	91	hit
#0D3A6B	8.6011666389276	9.59034169520245	4.42752151537271	4.57426178947507	91	miss
#0D3A6B	0.691632064030001	1.46458265002029	4.97792263864681	4.34345641289696	91	miss
#4283C9	7.3478416162493	7.93200089177616	0.955990969466668	0.144351923575002	91	hit
#4283C9	5.05312048722132	5.8585023937367	0.772856991456584	1.36561325220601	91	hit
#0D3A6B	5.44517086721007	6.24581359890308	3.56481147668275	4.16395354346421	91	miss
#4283C9	1.25364977432216	1.79413204981213	6.67819665403996	7.51955205449876	91	hit
#4283C9	7.11708459859878	7.39052873713732	7.62884209770443	8.59072998259483	91	hit
#4283C9	0.577025773416674	0.597541568387831	3.77107398929478	2.77128446036546	91	hit
#4283C9	5.0770361954126	5.25368236007509	6.57630336456581	7.56057778387682	91	hit
#4283C9	4.25269523210635	4.94155340787212	2.37247499334415	1.64757885341743	91	hit
#0D3A6B	6.64059390834032	7.25752600414248	1.84810587530737	2.63512225961531	91	miss
#0D3A6B	7.47455283401258	8.47039908768885	1.23159481825566	1.14054406845684	91	miss
#4283C9	6.06473326449075	6.87901811442545	5.6659174374159	6.24638292576712	91	hit
#0D3A6B	3.46516562218036	4.46208327019398	1.32140167274515	1.24294657043179	91	miss
#0D3A6B	9.53562853847112	10.1342266705963	6.75986743035362	5.95881794610425	91	miss
#4283C9	3.13670302090399	3.17433557658292	0.607905272363857	1.60719691685663	91	hit
#4283C9	6.6696266946209	6.7582529527309	5.28874805764358	4.29268310676266	91	hit
#0D3A6B	8.46226866286967	9.40286726760891	0.922743007109521	1.26226364678049	91	miss
#0D3A6B	7.48914604090942	8.14849095869021	0.171774827784556	0.92361542219047	91	miss
#4283C9	1.24666641144385	1.64293004987458	4.32755083062051	5.24568760085555	91	hit
#0D3A6B	5.13964837615228	6.0780220458951	5.08057147063701	4.73494905247899	91	miss
#4283C9	2.45284055395305	2.87794932221741	3.48067067533307	4.38581294876016	91	hit
#0D3A6B	5.62505997907003	6.62260817639897	4.55824531268409	4.62822812490084	91	miss
#0D3A6B	6.65105708026246	7.65071602921083	1.81155958670781	1.78544472910806	91	miss
#0D3A6B	5.92058313086484	6.90023161463584	6.62406421553194	6.42334339387864	91	miss
#0D3A6B	5.74268639624969	6.48695241122587	3.58535235746479	2.91746906006062	91	miss
#0D3A6B	5.7082448653752	6.70647351668533	9.13284562078693	9.19233981969378	91	miss
#4283C9	0.667027042217244	0.829342060752522	5.70637266996165	4.71963367977331	91	hit
#0D3A6B	8.19720372973069	9.15734723726229	9.67908886142995	9.39958135715697	91	miss
#0D3A6B	4.39255639593556	5.39171038978294	0.335358848515735	0.376484224852338	91	miss
#0D3A6B	2.69808314829945	3.54025463484347	3.01875904812416	2.47954926774899	91	miss
#4283C9	9.54777593484808	9.56777886727165	3.9298026840363	4.92960260536779	91	hit
#4283C9	4.26170531204165	4.67837250781982	3.66314529513625	2.75408619476798	91	hit
#0D3A6B	6.33948462906383	7.33945056439288	0.814059084161308	0.822313063898001	91	miss
#0D3A6B	9.46249967002059	10.4023670262775	4.96278657420216	5.30432625365766	91	miss
#0D3A6B	7.85306744021955	8.71139178773729	3.12523401166594	2.6121265039658	91	miss
#4283C9	8.14705067884406	8.27332368947336	4.2730095829859	3.28101405538176	91	hit
#0D3A6B	1.65706840016932	2.43195466092735	4.7921035819066	5.42420427237328	91	miss
#4283C9	4.57195088971423	4.80092467967404	5.91119362150671	6.88462620957403	91	hit
#0D3A6B	6.86405314296767	7.30899901430771	1.32422474909441	2.21978221323474	91	miss
#4283C9	9.690127707741	9.81410388862457	7.82769735002949	8.81998254420177	91	hit
#0D3A6B	6.68924928221758	7.67579694233928	1.76871445172869	1.60524055684514	91	miss
#4283C9	0.586088934250004	0.620512448914521	7.0944384834773	6.09503114828401	91	hit
#0D3A6B	9.51452226991068	10.4346879184409	7.56974747927344	7.17821819650525	91	miss
#0D3A6B	4.1362911559335	5.13354102581078	5.40860589823333	5.33449316633286	91	miss
#4283C9	2.09013287482699	2.18029085973362	5.61544594812059	4.61951847196704	91	hit
#4283C9	6.76758210580219	6.87305830013584	6.01986693560512	7.01428876381933	91	hit
#4283C9	2.20485394392027	2.93982957918332	1.39107141037361	2.06916492573096	91	hit
#0D3A6B	7.78783135922746	8.71902999592825	7.14453604226241	6.78002390390953	91	miss
#4283C9	5.23611336275798	5.88800513390589	2.50671498516175	1.74840296579925	91	hit
#0D3A6B	3.13909457887548	4.10083436981749	8.24363802775828	8.51760257750663	91	miss
#0D3A6B	2.39578449076399	3.05523809136466	2.7843189825032	2.03257371404133	91	miss
#0D3A6B	6.17000468457508	7.05833333162201	2.74156920771354	3.20077745550073	91	miss
#0D3A6B	1.56233441917788	2.41683233627487	1.50054211754189	0.981087297873333	92	miss
#4283C9	5.25061492577388	5.8520913147162	8.24592171004299	7.44703113333996	92	hit
#4283C9	-0.0334661034170937	0.383092276682372	7.12091416275359	8.03002313090258	92	hit
#4283C9	3.00850058585024	3.49494731374466	2.08223467700742	1.20852443847246	92	hit
#0D3A6B	1.86923610317457	2.83261098627996	7.52825648922807	7.2600982624259	92	miss
#4283C9	3.5321544824767	3.94747589094163	8.27034377803498	7.36066904074109	92	hit
#0D3A6B	9.57643428422159	10.383650329191	9.10064236736705	8.51038627316396	92	miss
#4283C9	6.3036622488919	6.74013843666284	3.9851017742594	4.88481758356195	92	hit
#4283C9	9.2804288935819	9.8279662684566	2.17883874812462	3.01561997587494	92	hit
#0D3A6B	2.60703855286875	3.45087224059215	6.5044373051276	7.04104210147508	92	miss
#4283C9	9.44935387730299	9.53784942362757	0.0981682768099013	1.09424484930858	92	hit
#0D3A6B	1.55412322966159	2.41261090958714	6.08072931160134	6.59356349865991	92	miss
#4283C9	5.34235492980771	5.87123260201223	8.01566518368147	7.16696711732127	92	hit
#0D3A6B	5.60227136947534	6.59503487050214	6.36241008643778	6.4824960182908	92	miss
#0D3A6B	9.15462976355966	10.012921690597	0.578606023518125	0.0654442868477303	92	miss
#0D3A6B	8.97952352212304	9.85291770166224	4.2506617383795	4.73767570855598	92	miss
#0D3A6B	9.52903699039218	10.1819635377944	1.23539832378641	1.99281955645516	92	miss
#4283C9	3.16899323151594	3.73038952923233	4.58675464203957	5.41430173853036	92	hit
#0D3A6B	6.3896034786043	7.15704992995287	1.3440067032834	1.98511975440035	92	miss
#0D3A6B	6.48673560134627	7.26482273880831	7.27727289336577	6.64911653821513	92	miss
#0D3A6B	6.55191098430765	7.52732879391301	9.57611004416772	9.35574648841343	92	miss
#0D3A6B	3.83038989758562	4.18917592590232	6.02705894492586	5.0936391112579	92	miss
#0D3A6B	1.87544574184862	2.84297914089117	9.87512158338452	9.62237839012867	92	miss
#4283C9	1.00202896261842	1.64385205039501	8.16585612911401	7.3990033896673	92	hit
#0D3A6B	3.54427647851181	4.51091394685435	0.622112076092719	0.878260479945482	92	miss
#4283C9	-0.47716274146127	0.521362430752688	7.61426083449807	7.55997013128762	92	hit
#4283C9	3.53153431615068	3.75141925351488	8.89208384891069	7.91655803463393	92	hit
#4283C9	7.60669511294966	7.74489198793615	6.90025225632574	5.90984747859899	92	hit
#0D3A6B	4.37553458319724	5.11096485020846	2.12241163268225	1.44481121771498	92	miss
#4283C9	2.52590405932183	2.77753971339648	9.69346210853625	8.72564007035029	92	hit
#0D3A6B	4.88137405984843	5.16248886785662	3.20361729803244	2.24394315296104	92	miss
#0D3A6B	4.83008491479837	5.75934810425109	0.405771307982044	0.0363529479508236	92	miss
#4283C9	-0.265025033435332	0.720434587268637	2.05932464898631	2.22923443670317	92	hit
#0D3A6B	0.974627292723468	1.96008702552963	3.27537898567961	3.44528812321378	92	miss
#0D3A6B	2.23496405172352	3.08105692037191	5.82527980836341	5.29224429582944	92	miss
#0D3A6B	1.23256535299137	2.18990287248031	7.9709987427357	7.68202664411931	92	miss
#4283C9	8.4054060326615	8.93127909398585	9.10312310130858	9.95368616385794	92	hit
#4283C9	0.567056484475457	0.924677067481256	4.72273559276451	3.78886862225394	92	hit
#0D3A6B	8.6011666389276	9.59034169520245	4.42752151537271	4.57426178947507	92	miss
#0D3A6B	0.691632064030001	1.46458265002029	4.97792263864681	4.34345641289696	92	miss
#4283C9	7.3478416162493	7.93200089177616	0.955990969466668	0.144351923575002	92	hit
#4283C9	5.05312048722132	5.8585023937367	0.772856991456584	1.36561325220601	92	hit
#0D3A6B	5.44517086721007	6.24581359890308	3.56481147668275	4.16395354346421	92	miss
#4283C9	1.25364977432216	1.79413204981213	6.67819665403996	7.51955205449876	92	hit
#4283C9	7.11708459859878	7.39052873713732	7.62884209770443	8.59072998259483	92	hit
#4283C9	0.577025773416674	0.597541568387831	3.77107398929478	2.77128446036546	92	hit
#4283C9	5.0770361954126	5.25368236007509	6.57630336456581	7.56057778387682	92	hit
#4283C9	4.25269523210635	4.94155340787212	2.37247499334415	1.64757885341743	92	hit
#0D3A6B	6.64059390834032	7.25752600414248	1.84810587530737	2.63512225961531	92	miss
#0D3A6B	7.47455283401258	8.47039908768885	1.23159481825566	1.14054406845684	92	miss
#4283C9	6.06473326449075	6.87901811442545	5.6659174374159	6.24638292576712	92	hit
#0D3A6B	3.46516562218036	4.46208327019398	1.32140167274515	1.24294657043179	92	miss
#0D3A6B	9.53562853847112	10.1342266705963	6.75986743035362	5.95881794610425	92	miss
#4283C9	3.13670302090399	3.17433557658292	0.607905272363857	1.60719691685663	92	hit
#4283C9	6.6696266946209	6.7582529527309	5.28874805764358	4.29268310676266	92	hit
#0D3A6B	8.46226866286967	9.40286726760891	0.922743007109521	1.26226364678049	92	miss
#0D3A6B	7.48914604090942	8.14849095869021	0.171774827784556	0.92361542219047	92	miss
#4283C9	1.24666641144385	1.64293004987458	4.32755083062051	5.24568760085555	92	hit
#0D3A6B	5.13964837615228	6.0780220458951	5.08057147063701	4.73494905247899	92	miss
#4283C9	2.45284055395305	2.87794932221741	3.48067067533307	4.38581294876016	92	hit
#0D3A6B	5.62505997907003	6.62260817639897	4.55824531268409	4.62822812490084	92	miss
#0D3A6B	6.65105708026246	7.65071602921083	1.81155958670781	1.78544472910806	92	miss
#0D3A6B	5.92058313086484	6.90023161463584	6.62406421553194	6.42334339387864	92	miss
#0D3A6B	5.74268639624969	6.48695241122587	3.58535235746479	2.91746906006062	92	miss
#0D3A6B	5.7082448653752	6.70647351668533	9.13284562078693	9.19233981969378	92	miss
#4283C9	0.667027042217244	0.829342060752522	5.70637266996165	4.71963367977331	92	hit
#0D3A6B	8.19720372973069	9.15734723726229	9.67908886142995	9.39958135715697	92	miss
#0D3A6B	4.39255639593556	5.39171038978294	0.335358848515735	0.376484224852338	92	miss
#0D3A6B	2.69808314829945	3.54025463484347	3.01875904812416	2.47954926774899	92	miss
#4283C9	9.54777593484808	9.56777886727165	3.9298026840363	4.92960260536779	92	hit
#4283C9	4.26170531204165	4.67837250781982	3.66314529513625	2.75408619476798	92	hit
#0D3A6B	6.33948462906383	7.33945056439288	0.814059084161308	0.822313063898001	92	miss
#0D3A6B	9.46249967002059	10.4023670262775	4.96278657420216	5.30432625365766	92	miss
#0D3A6B	7.85306744021955	8.71139178773729	3.12523401166594	2.6121265039658	92	miss
#4283C9	8.14705067884406	8.27332368947336	4.2730095829859	3.28101405538176	92	hit
#0D3A6B	1.65706840016932	2.43195466092735	4.7921035819066	5.42420427237328	92	miss
#4283C9	4.57195088971423	4.80092467967404	5.91119362150671	6.88462620957403	92	hit
#0D3A6B	6.86405314296767	7.30899901430771	1.32422474909441	2.21978221323474	92	miss
#4283C9	9.690127707741	9.81410388862457	7.82769735002949	8.81998254420177	92	hit
#0D3A6B	6.68924928221758	7.67579694233928	1.76871445172869	1.60524055684514	92	miss
#4283C9	0.586088934250004	0.620512448914521	7.0944384834773	6.09503114828401	92	hit
#0D3A6B	9.51452226991068	10.4346879184409	7.56974747927344	7.17821819650525	92	miss
#0D3A6B	4.1362911559335	5.13354102581078	5.40860589823333	5.33449316633286	92	miss
#4283C9	2.09013287482699	2.18029085973362	5.61544594812059	4.61951847196704	92	hit
#4283C9	6.76758210580219	6.87305830013584	6.01986693560512	7.01428876381933	92	hit
#4283C9	2.20485394392027	2.93982957918332	1.39107141037361	2.06916492573096	92	hit
#0D3A6B	7.78783135922746	8.71902999592825	7.14453604226241	6.78002390390953	92	miss
#4283C9	5.23611336275798	5.88800513390589	2.50671498516175	1.74840296579925	92	hit
#0D3A6B	3.13909457887548	4.10083436981749	8.24363802775828	8.51760257750663	92	miss
#0D3A6B	2.39578449076399	3.05523809136466	2.7843189825032	2.03257371404133	92	miss
#0D3A6B	6.17000468457508	7.05833333162201	2.74156920771354	3.20077745550073	92	miss
#0D3A6B	7.69416607798498	8.56938006939877	0.363806615961362	0.847542565869521	92	miss
#0D3A6B	1.56233441917788	2.41683233627487	1.50054211754189	0.981087297873333	93	miss
#4283C9	5.25061492577388	5.8520913147162	8.24592171004299	7.44703113333996	93	hit
#4283C9	-0.0334661034170937	0.383092276682372	7.12091416275359	8.03002313090258	93	hit
#4283C9	3.00850058585024	3.49494731374466	2.08223467700742	1.20852443847246	93	hit
#0D3A6B	1.86923610317457	2.83261098627996	7.52825648922807	7.2600982624259	93	miss
#4283C9	3.5321544824767	3.94747589094163	8.27034377803498	7.36066904074109	93	hit
#0D3A6B	9.57643428422159	10.383650329191	9.10064236736705	8.51038627316396	93	miss
#4283C9	6.3036622488919	6.74013843666284	3.9851017742594	4.88481758356195	93	hit
#4283C9	9.2804288935819	9.8279662684566	2.17883874812462	3.01561997587494	93	hit
#0D3A6B	2.60703855286875	3.45087224059215	6.5044373051276	7.04104210147508	93	miss
#4283C9	9.44935387730299	9.53784942362757	0.0981682768099013	1.09424484930858	93	hit
#0D3A6B	1.55412322966159	2.41261090958714	6.08072931160134	6.59356349865991	93	miss
#4283C9	5.34235492980771	5.87123260201223	8.01566518368147	7.16696711732127	93	hit
#0D3A6B	5.60227136947534	6.59503487050214	6.36241008643778	6.4824960182908	93	miss
#0D3A6B	9.15462976355966	10.012921690597	0.578606023518125	0.0654442868477303	93	miss
#0D3A6B	8.97952352212304	9.85291770166224	4.2506617383795	4.73767570855598	93	miss
#0D3A6B	9.52903699039218	10.1819635377944	1.23539832378641	1.99281955645516	93	miss
#4283C9	3.16899323151594	3.73038952923233	4.58675464203957	5.41430173853036	93	hit
#0D3A6B	6.3896034786043	7.15704992995287	1.3440067032834	1.98511975440035	93	miss
#0D3A6B	6.48673560134627	7.26482273880831	7.27727289336577	6.64911653821513	93	miss
#0D3A6B	6.55191098430765	7.52732879391301	9.57611004416772	9.35574648841343	93	miss
#0D3A6B	3.83038989758562	4.18917592590232	6.02705894492586	5.0936391112579	93	miss
#0D3A6B	1.87544574184862	2.84297914089117	9.87512158338452	9.62237839012867	93	miss
#4283C9	1.00202896261842	1.64385205039501	8.16585612911401	7.3990033896673	93	hit
#0D3A6B	3.54427647851181	4.51091394685435	0.622112076092719	0.878260479945482	93	miss
#4283C9	-0.47716274146127	0.521362430752688	7.61426083449807	7.55997013128762	93	hit
#4283C9	3.53153431615068	3.75141925351488	8.89208384891069	7.91655803463393	93	hit
#4283C9	7.60669511294966	7.74489198793615	6.90025225632574	5.90984747859899	93	hit
#0D3A6B	4.37553458319724	5.11096485020846	2.12241163268225	1.44481121771498	93	miss
#4283C9	2.52590405932183	2.77753971339648	9.69346210853625	8.72564007035029	93	hit
#0D3A6B	4.88137405984843	5.16248886785662	3.20361729803244	2.24394315296104	93	miss
#0D3A6B	4.83008491479837	5.75934810425109	0.405771307982044	0.0363529479508236	93	miss
#4283C9	-0.265025033435332	0.720434587268637	2.05932464898631	2.22923443670317	93	hit
#0D3A6B	0.974627292723468	1.96008702552963	3.27537898567961	3.44528812321378	93	miss
#0D3A6B	2.23496405172352	3.08105692037191	5.82527980836341	5.29224429582944	93	miss
#0D3A6B	1.23256535299137	2.18990287248031	7.9709987427357	7.68202664411931	93	miss
#4283C9	8.4054060326615	8.93127909398585	9.10312310130858	9.95368616385794	93	hit
#4283C9	0.567056484475457	0.924677067481256	4.72273559276451	3.78886862225394	93	hit
#0D3A6B	8.6011666389276	9.59034169520245	4.42752151537271	4.57426178947507	93	miss
#0D3A6B	0.691632064030001	1.46458265002029	4.97792263864681	4.34345641289696	93	miss
#4283C9	7.3478416162493	7.93200089177616	0.955990969466668	0.144351923575002	93	hit
#4283C9	5.05312048722132	5.8585023937367	0.772856991456584	1.36561325220601	93	hit
#0D3A6B	5.44517086721007	6.24581359890308	3.56481147668275	4.16395354346421	93	miss
#4283C9	1.25364977432216	1.79413204981213	6.67819665403996	7.51955205449876	93	hit
#4283C9	7.11708459859878	7.39052873713732	7.62884209770443	8.59072998259483	93	hit
#4283C9	0.577025773416674	0.597541568387831	3.77107398929478	2.77128446036546	93	hit
#4283C9	5.0770361954126	5.25368236007509	6.57630336456581	7.56057778387682	93	hit
#4283C9	4.25269523210635	4.94155340787212	2.37247499334415	1.64757885341743	93	hit
#0D3A6B	6.64059390834032	7.25752600414248	1.84810587530737	2.63512225961531	93	miss
#0D3A6B	7.47455283401258	8.47039908768885	1.23159481825566	1.14054406845684	93	miss
#4283C9	6.06473326449075	6.87901811442545	5.6659174374159	6.24638292576712	93	hit
#0D3A6B	3.46516562218036	4.46208327019398	1.32140167274515	1.24294657043179	93	miss
#0D3A6B	9.53562853847112	10.1342266705963	6.75986743035362	5.95881794610425	93	miss
#4283C9	3.13670302090399	3.17433557658292	0.607905272363857	1.60719691685663	93	hit
#4283C9	6.6696266946209	6.7582529527309	5.28874805764358	4.29268310676266	93	hit
#0D3A6B	8.46226866286967	9.40286726760891	0.922743007109521	1.26226364678049	93	miss
#0D3A6B	7.48914604090942	8.14849095869021	0.171774827784556	0.92361542219047	93	miss
#4283C9	1.24666641144385	1.64293004987458	4.32755083062051	5.24568760085555	93	hit
#0D3A6B	5.13964837615228	6.0780220458951	5.08057147063701	4.73494905247899	93	miss
#4283C9	2.45284055395305	2.87794932221741	3.48067067533307	4.38581294876016	93	hit
#0D3A6B	5.62505997907003	6.62260817639897	4.55824531268409	4.62822812490084	93	miss
#0D3A6B	6.65105708026246	7.65071602921083	1.81155958670781	1.78544472910806	93	miss
#0D3A6B	5.92058313086484	6.90023161463584	6.62406421553194	6.42334339387864	93	miss
#0D3A6B	5.74268639624969	6.48695241122587	3.58535235746479	2.91746906006062	93	miss
#0D3A6B	5.7082448653752	6.70647351668533	9.13284562078693	9.19233981969378	93	miss
#4283C9	0.667027042217244	0.829342060752522	5.70637266996165	4.71963367977331	93	hit
#0D3A6B	8.19720372973069	9.15734723726229	9.67908886142995	9.39958135715697	93	miss
#0D3A6B	4.39255639593556	5.39171038978294	0.335358848515735	0.376484224852338	93	miss
#0D3A6B	2.69808314829945	3.54025463484347	3.01875904812416	2.47954926774899	93	miss
#4283C9	9.54777593484808	9.56777886727165	3.9298026840363	4.92960260536779	93	hit
#4283C9	4.26170531204165	4.67837250781982	3.66314529513625	2.75408619476798	93	hit
#0D3A6B	6.33948462906383	7.33945056439288	0.814059084161308	0.822313063898001	93	miss
#0D3A6B	9.46249967002059	10.4023670262775	4.96278657420216	5.30432625365766	93	miss
#0D3A6B	7.85306744021955	8.71139178773729	3.12523401166594	2.6121265039658	93	miss
#4283C9	8.14705067884406	8.27332368947336	4.2730095829859	3.28101405538176	93	hit
#0D3A6B	1.65706840016932	2.43195466092735	4.7921035819066	5.42420427237328	93	miss
#4283C9	4.57195088971423	4.80092467967404	5.91119362150671	6.88462620957403	93	hit
#0D3A6B	6.86405314296767	7.30899901430771	1.32422474909441	2.21978221323474	93	miss
#4283C9	9.690127707741	9.81410388862457	7.82769735002949	8.81998254420177	93	hit
#0D3A6B	6.68924928221758	7.67579694233928	1.76871445172869	1.60524055684514	93	miss
#4283C9	0.586088934250004	0.620512448914521	7.0944384834773	6.09503114828401	93	hit
#0D3A6B	9.51452226991068	10.4346879184409	7.56974747927344	7.17821819650525	93	miss
#0D3A6B	4.1362911559335	5.13354102581078	5.40860589823333	5.33449316633286	93	miss
#4283C9	2.09013287482699	2.18029085973362	5.61544594812059	4.61951847196704	93	hit
#4283C9	6.76758210580219	6.87305830013584	6.01986693560512	7.01428876381933	93	hit
#4283C9	2.20485394392027	2.93982957918332	1.39107141037361	2.06916492573096	93	hit
#0D3A6B	7.78783135922746	8.71902999592825	7.14453604226241	6.78002390390953	93	miss
#4283C9	5.23611336275798	5.88800513390589	2.50671498516175	1.74840296579925	93	hit
#0D3A6B	3.13909457887548	4.10083436981749	8.24363802775828	8.51760257750663	93	miss
#0D3A6B	2.39578449076399	3.05523809136466	2.7843189825032	2.03257371404133	93	miss
#0D3A6B	6.17000468457508	7.05833333162201	2.74156920771354	3.20077745550073	93	miss
#0D3A6B	7.69416607798498	8.56938006939877	0.363806615961362	0.847542565869521	93	miss
#0D3A6B	2.43382183348811	3.21040171218985	6.26475490463434	6.89477370752486	93	miss
#0D3A6B	1.56233441917788	2.41683233627487	1.50054211754189	0.981087297873333	94	miss
#4283C9	5.25061492577388	5.8520913147162	8.24592171004299	7.44703113333996	94	hit
#4283C9	-0.0334661034170937	0.383092276682372	7.12091416275359	8.03002313090258	94	hit
#4283C9	3.00850058585024	3.49494731374466	2.08223467700742	1.20852443847246	94	hit
#0D3A6B	1.86923610317457	2.83261098627996	7.52825648922807	7.2600982624259	94	miss
#4283C9	3.5321544824767	3.94747589094163	8.27034377803498	7.36066904074109	94	hit
#0D3A6B	9.57643428422159	10.383650329191	9.10064236736705	8.51038627316396	94	miss
#4283C9	6.3036622488919	6.74013843666284	3.9851017742594	4.88481758356195	94	hit
#4283C9	9.2804288935819	9.8279662684566	2.17883874812462	3.01561997587494	94	hit
#0D3A6B	2.60703855286875	3.45087224059215	6.5044373051276	7.04104210147508	94	miss
#4283C9	9.44935387730299	9.53784942362757	0.0981682768099013	1.09424484930858	94	hit
#0D3A6B	1.55412322966159	2.41261090958714	6.08072931160134	6.59356349865991	94	miss
#4283C9	5.34235492980771	5.87123260201223	8.01566518368147	7.16696711732127	94	hit
#0D3A6B	5.60227136947534	6.59503487050214	6.36241008643778	6.4824960182908	94	miss
#0D3A6B	9.15462976355966	10.012921690597	0.578606023518125	0.0654442868477303	94	miss
#0D3A6B	8.97952352212304	9.85291770166224	4.2506617383795	4.73767570855598	94	miss
#0D3A6B	9.52903699039218	10.1819635377944	1.23539832378641	1.99281955645516	94	miss
#4283C9	3.16899323151594	3.73038952923233	4.58675464203957	5.41430173853036	94	hit
#0D3A6B	6.3896034786043	7.15704992995287	1.3440067032834	1.98511975440035	94	miss
#0D3A6B	6.48673560134627	7.26482273880831	7.27727289336577	6.64911653821513	94	miss
#0D3A6B	6.55191098430765	7.52732879391301	9.57611004416772	9.35574648841343	94	miss
#0D3A6B	3.83038989758562	4.18917592590232	6.02705894492586	5.0936391112579	94	miss
#0D3A6B	1.87544574184862	2.84297914089117	9.87512158338452	9.62237839012867	94	miss
#4283C9	1.00202896261842	1.64385205039501	8.16585612911401	7.3990033896673	94	hit
#0D3A6B	3.54427647851181	4.51091394685435	0.622112076092719	0.878260479945482	94	miss
#4283C9	-0.47716274146127	0.521362430752688	7.61426083449807	7.55997013128762	94	hit
#4283C9	3.53153431615068	3.75141925351488	8.89208384891069	7.91655803463393	94	hit
#4283C9	7.60669511294966	7.74489198793615	6.90025225632574	5.90984747859899	94	hit
#0D3A6B	4.37553458319724	5.11096485020846	2.12241163268225	1.44481121771498	94	miss
#4283C9	2.52590405932183	2.77753971339648	9.69346210853625	8.72564007035029	94	hit
#0D3A6B	4.88137405984843	5.16248886785662	3.20361729803244	2.24394315296104	94	miss
#0D3A6B	4.83008491479837	5.75934810425109	0.405771307982044	0.0363529479508236	94	miss
#4283C9	-0.265025033435332	0.720434587268637	2.05932464898631	2.22923443670317	94	hit
#0D3A6B	0.974627292723468	1.96008702552963	3.27537898567961	3.44528812321378	94	miss
#0D3A6B	2.23496405172352	3.08105692037191	5.82527980836341	5.29224429582944	94	miss
#0D3A6B	1.23256535299137	2.18990287248031	7.9709987427357	7.68202664411931	94	miss
#4283C9	8.4054060326615	8.93127909398585	9.10312310130858	9.95368616385794	94	hit
#4283C9	0.567056484475457	0.924677067481256	4.72273559276451	3.78886862225394	94	hit
#0D3A6B	8.6011666389276	9.59034169520245	4.42752151537271	4.57426178947507	94	miss
#0D3A6B	0.691632064030001	1.46458265002029	4.97792263864681	4.34345641289696	94	miss
#4283C9	7.3478416162493	7.93200089177616	0.955990969466668	0.144351923575002	94	hit
#4283C9	5.05312048722132	5.8585023937367	0.772856991456584	1.36561325220601	94	hit
#0D3A6B	5.44517086721007	6.24581359890308	3.56481147668275	4.16395354346421	94	miss
#4283C9	1.25364977432216	1.79413204981213	6.67819665403996	7.51955205449876	94	hit
#4283C9	7.11708459859878	7.39052873713732	7.62884209770443	8.59072998259483	94	hit
#4283C9	0.577025773416674	0.597541568387831	3.77107398929478	2.77128446036546	94	hit
#4283C9	5.0770361954126	5.25368236007509	6.57630336456581	7.56057778387682	94	hit
#4283C9	4.25269523210635	4.94155340787212	2.37247499334415	1.64757885341743	94	hit
#0D3A6B	6.64059390834032	7.25752600414248	1.84810587530737	2.63512225961531	94	miss
#0D3A6B	7.47455283401258	8.47039908768885	1.23159481825566	1.14054406845684	94	miss
#4283C9	6.06473326449075	6.87901811442545	5.6659174374159	6.24638292576712	94	hit
#0D3A6B	3.46516562218036	4.46208327019398	1.32140167274515	1.24294657043179	94	miss
#0D3A6B	9.53562853847112	10.1342266705963	6.75986743035362	5.95881794610425	94	miss
#4283C9	3.13670302090399	3.17433557658292	0.607905272363857	1.60719691685663	94	hit
#4283C9	6.6696266946209	6.7582529527309	5.28874805764358	4.29268310676266	94	hit
#0D3A6B	8.46226866286967	9.40286726760891	0.922743007109521	1.26226364678049	94	miss
#0D3A6B	7.48914604090942	8.14849095869021	0.171774827784556	0.92361542219047	94	miss
#4283C9	1.24666641144385	1.64293004987458	4.32755083062051	5.24568760085555	94	hit
#0D3A6B	5.13964837615228	6.0780220458951	5.08057147063701	4.73494905247899	94	miss
#4283C9	2.45284055395305	2.87794932221741	3.48067067533307	4.38581294876016	94	hit
#0D3A6B	5.62505997907003	6.62260817639897	4.55824531268409	4.62822812490084	94	miss
#0D3A6B	6.65105708026246	7.65071602921083	1.81155958670781	1.78544472910806	94	miss
#0D3A6B	5.92058313086484	6.90023161463584	6.62406421553194	6.42334339387864	94	miss
#0D3A6B	5.74268639624969	6.48695241122587	3.58535235746479	2.91746906006062	94	miss
#0D3A6B	5.7082448653752	6.70647351668533	9.13284562078693	9.19233981969378	94	miss
#4283C9	0.667027042217244	0.829342060752522	5.70637266996165	4.71963367977331	94	hit
#0D3A6B	8.19720372973069	9.15734723726229	9.67908886142995	9.39958135715697	94	miss
#0D3A6B	4.39255639593556	5.39171038978294	0.335358848515735	0.376484224852338	94	miss
#0D3A6B	2.69808314829945	3.54025463484347	3.01875904812416	2.47954926774899	94	miss
#4283C9	9.54777593484808	9.56777886727165	3.9298026840363	4.92960260536779	94	hit
#4283C9	4.26170531204165	4.67837250781982	3.66314529513625	2.75408619476798	94	hit
#0D3A6B	6.33948462906383	7.33945056439288	0.814059084161308	0.822313063898001	94	miss
#0D3A6B	9.46249967002059	10.4023670262775	4.96278657420216	5.30432625365766	94	miss
#0D3A6B	7.85306744021955	8.71139178773729	3.12523401166594	2.6121265039658	94	miss
#4283C9	8.14705067884406	8.27332368947336	4.2730095829859	3.28101405538176	94	hit
#0D3A6B	1.65706840016932	2.43195466092735	4.7921035819066	5.42420427237328	94	miss
#4283C9	4.57195088971423	4.80092467967404	5.91119362150671	6.88462620957403	94	hit
#0D3A6B	6.86405314296767	7.30899901430771	1.32422474909441	2.21978221323474	94	miss
#4283C9	9.690127707741	9.81410388862457	7.82769735002949	8.81998254420177	94	hit
#0D3A6B	6.68924928221758	7.67579694233928	1.76871445172869	1.60524055684514	94	miss
#4283C9	0.586088934250004	0.620512448914521	7.0944384834773	6.09503114828401	94	hit
#0D3A6B	9.51452226991068	10.4346879184409	7.56974747927344	7.17821819650525	94	miss
#0D3A6B	4.1362911559335	5.13354102581078	5.40860589823333	5.33449316633286	94	miss
#4283C9	2.09013287482699	2.18029085973362	5.61544594812059	4.61951847196704	94	hit
#4283C9	6.76758210580219	6.87305830013584	6.01986693560512	7.01428876381933	94	hit
#4283C9	2.20485394392027	2.93982957918332	1.39107141037361	2.06916492573096	94	hit
#0D3A6B	7.78783135922746	8.71902999592825	7.14453604226241	6.78002390390953	94	miss
#4283C9	5.23611336275798	5.88800513390589	2.50671498516175	1.74840296579925	94	hit
#0D3A6B	3.13909457887548	4.10083436981749	8.24363802775828	8.51760257750663	94	miss
#0D3A6B	2.39578449076399	3.05523809136466	2.7843189825032	2.03257371404133	94	miss
#0D3A6B	6.17000468457508	7.05833333162201	2.74156920771354	3.20077745550073	94	miss
#0D3A6B	7.69416607798498	8.56938006939877	0.363806615961362	0.847542565869521	94	miss
#0D3A6B	2.43382183348811	3.21040171218985	6.26475490463434	6.89477370752486	94	miss
#0D3A6B	5.25703704330435	6.21131009076426	2.67813826499386	2.97707463095086	94	miss
#0D3A6B	1.56233441917788	2.41683233627487	1.50054211754189	0.981087297873333	95	miss
#4283C9	5.25061492577388	5.8520913147162	8.24592171004299	7.44703113333996	95	hit
#4283C9	-0.0334661034170937	0.383092276682372	7.12091416275359	8.03002313090258	95	hit
#4283C9	3.00850058585024	3.49494731374466	2.08223467700742	1.20852443847246	95	hit
#0D3A6B	1.86923610317457	2.83261098627996	7.52825648922807	7.2600982624259	95	miss
#4283C9	3.5321544824767	3.94747589094163	8.27034377803498	7.36066904074109	95	hit
#0D3A6B	9.57643428422159	10.383650329191	9.10064236736705	8.51038627316396	95	miss
#4283C9	6.3036622488919	6.74013843666284	3.9851017742594	4.88481758356195	95	hit
#4283C9	9.2804288935819	9.8279662684566	2.17883874812462	3.01561997587494	95	hit
#0D3A6B	2.60703855286875	3.45087224059215	6.5044373051276	7.04104210147508	95	miss
#4283C9	9.44935387730299	9.53784942362757	0.0981682768099013	1.09424484930858	95	hit
#0D3A6B	1.55412322966159	2.41261090958714	6.08072931160134	6.59356349865991	95	miss
#4283C9	5.34235492980771	5.87123260201223	8.01566518368147	7.16696711732127	95	hit
#0D3A6B	5.60227136947534	6.59503487050214	6.36241008643778	6.4824960182908	95	miss
#0D3A6B	9.15462976355966	10.012921690597	0.578606023518125	0.0654442868477303	95	miss
#0D3A6B	8.97952352212304	9.85291770166224	4.2506617383795	4.73767570855598	95	miss
#0D3A6B	9.52903699039218	10.1819635377944	1.23539832378641	1.99281955645516	95	miss
#4283C9	3.16899323151594	3.73038952923233	4.58675464203957	5.41430173853036	95	hit
#0D3A6B	6.3896034786043	7.15704992995287	1.3440067032834	1.98511975440035	95	miss
#0D3A6B	6.48673560134627	7.26482273880831	7.27727289336577	6.64911653821513	95	miss
#0D3A6B	6.55191098430765	7.52732879391301	9.57611004416772	9.35574648841343	95	miss
#0D3A6B	3.83038989758562	4.18917592590232	6.02705894492586	5.0936391112579	95	miss
#0D3A6B	1.87544574184862	2.84297914089117	9.87512158338452	9.62237839012867	95	miss
#4283C9	1.00202896261842	1.64385205039501	8.16585612911401	7.3990033896673	95	hit
#0D3A6B	3.54427647851181	4.51091394685435	0.622112076092719	0.878260479945482	95	miss
#4283C9	-0.47716274146127	0.521362430752688	7.61426083449807	7.55997013128762	95	hit
#4283C9	3.53153431615068	3.75141925351488	8.89208384891069	7.91655803463393	95	hit
#4283C9	7.60669511294966	7.74489198793615	6.90025225632574	5.90984747859899	95	hit
#0D3A6B	4.37553458319724	5.11096485020846	2.12241163268225	1.44481121771498	95	miss
#4283C9	2.52590405932183	2.77753971339648	9.69346210853625	8.72564007035029	95	hit
#0D3A6B	4.88137405984843	5.16248886785662	3.20361729803244	2.24394315296104	95	miss
#0D3A6B	4.83008491479837	5.75934810425109	0.405771307982044	0.0363529479508236	95	miss
#4283C9	-0.265025033435332	0.720434587268637	2.05932464898631	2.22923443670317	95	hit
#0D3A6B	0.974627292723468	1.96008702552963	3.27537898567961	3.44528812321378	95	miss
#0D3A6B	2.23496405172352	3.08105692037191	5.82527980836341	5.29224429582944	95	miss
#0D3A6B	1.23256535299137	2.18990287248031	7.9709987427357	7.68202664411931	95	miss
#4283C9	8.4054060326615	8.93127909398585	9.10312310130858	9.95368616385794	95	hit
#4283C9	0.567056484475457	0.924677067481256	4.72273559276451	3.78886862225394	95	hit
#0D3A6B	8.6011666389276	9.59034169520245	4.42752151537271	4.57426178947507	95	miss
#0D3A6B	0.691632064030001	1.46458265002029	4.97792263864681	4.34345641289696	95	miss
#4283C9	7.3478416162493	7.93200089177616	0.955990969466668	0.144351923575002	95	hit
#4283C9	5.05312048722132	5.8585023937367	0.772856991456584	1.36561325220601	95	hit
#0D3A6B	5.44517086721007	6.24581359890308	3.56481147668275	4.16395354346421	95	miss
#4283C9	1.25364977432216	1.79413204981213	6.67819665403996	7.51955205449876	95	hit
#4283C9	7.11708459859878	7.39052873713732	7.62884209770443	8.59072998259483	95	hit
#4283C9	0.577025773416674	0.597541568387831	3.77107398929478	2.77128446036546	95	hit
#4283C9	5.0770361954126	5.25368236007509	6.57630336456581	7.56057778387682	95	hit
#4283C9	4.25269523210635	4.94155340787212	2.37247499334415	1.64757885341743	95	hit
#0D3A6B	6.64059390834032	7.25752600414248	1.84810587530737	2.63512225961531	95	miss
#0D3A6B	7.47455283401258	8.47039908768885	1.23159481825566	1.14054406845684	95	miss
#4283C9	6.06473326449075	6.87901811442545	5.6659174374159	6.24638292576712	95	hit
#0D3A6B	3.46516562218036	4.46208327019398	1.32140167274515	1.24294657043179	95	miss
#0D3A6B	9.53562853847112	10.1342266705963	6.75986743035362	5.95881794610425	95	miss
#4283C9	3.13670302090399	3.17433557658292	0.607905272363857	1.60719691685663	95	hit
#4283C9	6.6696266946209	6.7582529527309	5.28874805764358	4.29268310676266	95	hit
#0D3A6B	8.46226866286967	9.40286726760891	0.922743007109521	1.26226364678049	95	miss
#0D3A6B	7.48914604090942	8.14849095869021	0.171774827784556	0.92361542219047	95	miss
#4283C9	1.24666641144385	1.64293004987458	4.32755083062051	5.24568760085555	95	hit
#0D3A6B	5.13964837615228	6.0780220458951	5.08057147063701	4.73494905247899	95	miss
#4283C9	2.45284055395305	2.87794932221741	3.48067067533307	4.38581294876016	95	hit
#0D3A6B	5.62505997907003	6.62260817639897	4.55824531268409	4.62822812490084	95	miss
#0D3A6B	6.65105708026246	7.65071602921083	1.81155958670781	1.78544472910806	95	miss
#0D3A6B	5.92058313086484	6.90023161463584	6.62406421553194	6.42334339387864	95	miss
#0D3A6B	5.74268639624969	6.48695241122587	3.58535235746479	2.91746906006062	95	miss
#0D3A6B	5.7082448653752	6.70647351668533	9.13284562078693	9.19233981969378	95	miss
#4283C9	0.667027042217244	0.829342060752522	5.70637266996165	4.71963367977331	95	hit
#0D3A6B	8.19720372973069	9.15734723726229	9.67908886142995	9.39958135715697	95	miss
#0D3A6B	4.39255639593556	5.39171038978294	0.335358848515735	0.376484224852338	95	miss
#0D3A6B	2.69808314829945	3.54025463484347	3.01875904812416	2.47954926774899	95	miss
#4283C9	9.54777593484808	9.56777886727165	3.9298026840363	4.92960260536779	95	hit
#4283C9	4.26170531204165	4.67837250781982	3.66314529513625	2.75408619476798	95	hit
#0D3A6B	6.33948462906383	7.33945056439288	0.814059084161308	0.822313063898001	95	miss
#0D3A6B	9.46249967002059	10.4023670262775	4.96278657420216	5.30432625365766	95	miss
#0D3A6B	7.85306744021955	8.71139178773729	3.12523401166594	2.6121265039658	95	miss
#4283C9	8.14705067884406	8.27332368947336	4.2730095829859	3.28101405538176	95	hit
#0D3A6B	1.65706840016932	2.43195466092735	4.7921035819066	5.42420427237328	95	miss
#4283C9	4.57195088971423	4.80092467967404	5.91119362150671	6.88462620957403	95	hit
#0D3A6B	6.86405314296767	7.30899901430771	1.32422474909441	2.21978221323474	95	miss
#4283C9	9.690127707741	9.81410388862457	7.82769735002949	8.81998254420177	95	hit
#0D3A6B	6.68924928221758	7.67579694233928	1.76871445172869	1.60524055684514	95	miss
#4283C9	0.586088934250004	0.620512448914521	7.0944384834773	6.09503114828401	95	hit
#0D3A6B	9.51452226991068	10.4346879184409	7.56974747927344	7.17821819650525	95	miss
#0D3A6B	4.1362911559335	5.13354102581078	5.40860589823333	5.33449316633286	95	miss
#4283C9	2.09013287482699	2.18029085973362	5.61544594812059	4.61951847196704	95	hit
#4283C9	6.76758210580219	6.87305830013584	6.01986693560512	7.01428876381933	95	hit
#4283C9	2.20485394392027	2.93982957918332	1.39107141037361	2.06916492573096	95	hit
#0D3A6B	7.78783135922746	8.71902999592825	7.14453604226241	6.78002390390953	95	miss
#4283C9	5.23611336275798	5.88800513390589	2.50671498516175	1.74840296579925	95	hit
#0D3A6B	3.13909457887548	4.10083436981749	8.24363802775828	8.51760257750663	95	miss
#0D3A6B	2.39578449076399	3.05523809136466	2.7843189825032	2.03257371404133	95	miss
#0D3A6B	6.17000468457508	7.05833333162201	2.74156920771354	3.20077745550073	95	miss
#0D3A6B	7.69416607798498	8.56938006939877	0.363806615961362	0.847542565869521	95	miss
#0D3A6B	2.43382183348811	3.21040171218985	6.26475490463434	6.89477370752486	95	miss
#0D3A6B	5.25703704330435	6.21131009076426	2.67813826499386	2.97707463095086	95	miss
#4283C9	6.75857246681829	6.79376244716565	3.34282599987256	4.34220664071125	95	hit
#0D3A6B	1.56233441917788	2.41683233627487	1.50054211754189	0.981087297873333	96	miss
#4283C9	5.25061492577388	5.8520913147162	8.24592171004299	7.44703113333996	96	hit
#4283C9	-0.0334661034170937	0.383092276682372	7.12091416275359	8.03002313090258	96	hit
#4283C9	3.00850058585024	3.49494731374466	2.08223467700742	1.20852443847246	96	hit
#0D3A6B	1.86923610317457	2.83261098627996	7.52825648922807	7.2600982624259	96	miss
#4283C9	3.5321544824767	3.94747589094163	8.27034377803498	7.36066904074109	96	hit
#0D3A6B	9.57643428422159	10.383650329191	9.10064236736705	8.51038627316396	96	miss
#4283C9	6.3036622488919	6.74013843666284	3.9851017742594	4.88481758356195	96	hit
#4283C9	9.2804288935819	9.8279662684566	2.17883874812462	3.01561997587494	96	hit
#0D3A6B	2.60703855286875	3.45087224059215	6.5044373051276	7.04104210147508	96	miss
#4283C9	9.44935387730299	9.53784942362757	0.0981682768099013	1.09424484930858	96	hit
#0D3A6B	1.55412322966159	2.41261090958714	6.08072931160134	6.59356349865991	96	miss
#4283C9	5.34235492980771	5.87123260201223	8.01566518368147	7.16696711732127	96	hit
#0D3A6B	5.60227136947534	6.59503487050214	6.36241008643778	6.4824960182908	96	miss
#0D3A6B	9.15462976355966	10.012921690597	0.578606023518125	0.0654442868477303	96	miss
#0D3A6B	8.97952352212304	9.85291770166224	4.2506617383795	4.73767570855598	96	miss
#0D3A6B	9.52903699039218	10.1819635377944	1.23539832378641	1.99281955645516	96	miss
#4283C9	3.16899323151594	3.73038952923233	4.58675464203957	5.41430173853036	96	hit
#0D3A6B	6.3896034786043	7.15704992995287	1.3440067032834	1.98511975440035	96	miss
#0D3A6B	6.48673560134627	7.26482273880831	7.27727289336577	6.64911653821513	96	miss
#0D3A6B	6.55191098430765	7.52732879391301	9.57611004416772	9.35574648841343	96	miss
#0D3A6B	3.83038989758562	4.18917592590232	6.02705894492586	5.0936391112579	96	miss
#0D3A6B	1.87544574184862	2.84297914089117	9.87512158338452	9.62237839012867	96	miss
#4283C9	1.00202896261842	1.64385205039501	8.16585612911401	7.3990033896673	96	hit
#0D3A6B	3.54427647851181	4.51091394685435	0.622112076092719	0.878260479945482	96	miss
#4283C9	-0.47716274146127	0.521362430752688	7.61426083449807	7.55997013128762	96	hit
#4283C9	3.53153431615068	3.75141925351488	8.89208384891069	7.91655803463393	96	hit
#4283C9	7.60669511294966	7.74489198793615	6.90025225632574	5.90984747859899	96	hit
#0D3A6B	4.37553458319724	5.11096485020846	2.12241163268225	1.44481121771498	96	miss
#4283C9	2.52590405932183	2.77753971339648	9.69346210853625	8.72564007035029	96	hit
#0D3A6B	4.88137405984843	5.16248886785662	3.20361729803244	2.24394315296104	96	miss
#0D3A6B	4.83008491479837	5.75934810425109	0.405771307982044	0.0363529479508236	96	miss
#4283C9	-0.265025033435332	0.720434587268637	2.05932464898631	2.22923443670317	96	hit
#0D3A6B	0.974627292723468	1.96008702552963	3.27537898567961	3.44528812321378	96	miss
#0D3A6B	2.23496405172352	3.08105692037191	5.82527980836341	5.29224429582944	96	miss
#0D3A6B	1.23256535299137	2.18990287248031	7.9709987427357	7.68202664411931	96	miss
#4283C9	8.4054060326615	8.93127909398585	9.10312310130858	9.95368616385794	96	hit
#4283C9	0.567056484475457	0.924677067481256	4.72273559276451	3.78886862225394	96	hit
#0D3A6B	8.6011666389276	9.59034169520245	4.42752151537271	4.57426178947507	96	miss
#0D3A6B	0.691632064030001	1.46458265002029	4.97792263864681	4.34345641289696	96	miss
#4283C9	7.3478416162493	7.93200089177616	0.955990969466668	0.144351923575002	96	hit
#4283C9	5.05312048722132	5.8585023937367	0.772856991456584	1.36561325220601	96	hit
#0D3A6B	5.44517086721007	6.24581359890308	3.56481147668275	4.16395354346421	96	miss
#4283C9	1.25364977432216	1.79413204981213	6.67819665403996	7.51955205449876	96	hit
#4283C9	7.11708459859878	7.39052873713732	7.62884209770443	8.59072998259483	96	hit
#4283C9	0.577025773416674	0.597541568387831	3.77107398929478	2.77128446036546	96	hit
#4283C9	5.0770361954126	5.25368236007509	6.57630336456581	7.56057778387682	96	hit
#4283C9	4.25269523210635	4.94155340787212	2.37247499334415	1.64757885341743	96	hit
#0D3A6B	6.64059390834032	7.25752600414248	1.84810587530737	2.63512225961531	96	miss
#0D3A6B	7.47455283401258	8.47039908768885	1.23159481825566	1.14054406845684	96	miss
#4283C9	6.06473326449075	6.87901811442545	5.6659174374159	6.24638292576712	96	hit
#0D3A6B	3.46516562218036	4.46208327019398	1.32140167274515	1.24294657043179	96	miss
#0D3A6B	9.53562853847112	10.1342266705963	6.75986743035362	5.95881794610425	96	miss
#4283C9	3.13670302090399	3.17433557658292	0.607905272363857	1.60719691685663	96	hit
#4283C9	6.6696266946209	6.7582529527309	5.28874805764358	4.29268310676266	96	hit
#0D3A6B	8.46226866286967	9.40286726760891	0.922743007109521	1.26226364678049	96	miss
#0D3A6B	7.48914604090942	8.14849095869021	0.171774827784556	0.92361542219047	96	miss
#4283C9	1.24666641144385	1.64293004987458	4.32755083062051	5.24568760085555	96	hit
#0D3A6B	5.13964837615228	6.0780220458951	5.08057147063701	4.73494905247899	96	miss
#4283C9	2.45284055395305	2.87794932221741	3.48067067533307	4.38581294876016	96	hit
#0D3A6B	5.62505997907003	6.62260817639897	4.55824531268409	4.62822812490084	96	miss
#0D3A6B	6.65105708026246	7.65071602921083	1.81155958670781	1.78544472910806	96	miss
#0D3A6B	5.92058313086484	6.90023161463584	6.62406421553194	6.42334339387864	96	miss
#0D3A6B	5.74268639624969	6.48695241122587	3.58535235746479	2.91746906006062	96	miss
#0D3A6B	5.7082448653752	6.70647351668533	9.13284562078693	9.19233981969378	96	miss
#4283C9	0.667027042217244	0.829342060752522	5.70637266996165	4.71963367977331	96	hit
#0D3A6B	8.19720372973069	9.15734723726229	9.67908886142995	9.39958135715697	96	miss
#0D3A6B	4.39255639593556	5.39171038978294	0.335358848515735	0.376484224852338	96	miss
#0D3A6B	2.69808314829945	3.54025463484347	3.01875904812416	2.47954926774899	96	miss
#4283C9	9.54777593484808	9.56777886727165	3.9298026840363	4.92960260536779	96	hit
#4283C9	4.26170531204165	4.67837250781982	3.66314529513625	2.75408619476798	96	hit
#0D3A6B	6.33948462906383	7.33945056439288	0.814059084161308	0.822313063898001	96	miss
#0D3A6B	9.46249967002059	10.4023670262775	4.96278657420216	5.30432625365766	96	miss
#0D3A6B	7.85306744021955	8.71139178773729	3.12523401166594	2.6121265039658	96	miss
#4283C9	8.14705067884406	8.27332368947336	4.2730095829859	3.28101405538176	96	hit
#0D3A6B	1.65706840016932	2.43195466092735	4.7921035819066	5.42420427237328	96	miss
#4283C9	4.57195088971423	4.80092467967404	5.91119362150671	6.88462620957403	96	hit
#0D3A6B	6.86405314296767	7.30899901430771	1.32422474909441	2.21978221323474	96	miss
#4283C9	9.690127707741	9.81410388862457	7.82769735002949	8.81998254420177	96	hit
#0D3A6B	6.68924928221758	7.67579694233928	1.76871445172869	1.60524055684514	96	miss
#4283C9	0.586088934250004	0.620512448914521	7.0944384834773	6.09503114828401	96	hit
#0D3A6B	9.51452226991068	10.4346879184409	7.56974747927344	7.17821819650525	96	miss
#0D3A6B	4.1362911559335	5.13354102581078	5.40860589823333	5.33449316633286	96	miss
#4283C9	2.09013287482699	2.18029085973362	5.61544594812059	4.61951847196704	96	hit
#4283C9	6.76758210580219	6.87305830013584	6.01986693560512	7.01428876381933	96	hit
#4283C9	2.20485394392027	2.93982957918332	1.39107141037361	2.06916492573096	96	hit
#0D3A6B	7.78783135922746	8.71902999592825	7.14453604226241	6.78002390390953	96	miss
#4283C9	5.23611336275798	5.88800513390589	2.50671498516175	1.74840296579925	96	hit
#0D3A6B	3.13909457887548	4.10083436981749	8.24363802775828	8.51760257750663	96	miss
#0D3A6B	2.39578449076399	3.05523809136466	2.7843189825032	2.03257371404133	96	miss
#0D3A6B	6.17000468457508	7.05833333162201	2.74156920771354	3.20077745550073	96	miss
#0D3A6B	7.69416607798498	8.56938006939877	0.363806615961362	0.847542565869521	96	miss
#0D3A6B	2.43382183348811	3.21040171218985	6.26475490463434	6.89477370752486	96	miss
#0D3A6B	5.25703704330435	6.21131009076426	2.67813826499386	2.97707463095086	96	miss
#4283C9	6.75857246681829	6.79376244716565	3.34282599987256	4.34220664071125	96	hit
#4283C9	2.9016079162706	2.92739064754058	2.22493405447141	3.22460162460073	96	hit
#0D3A6B	1.56233441917788	2.41683233627487	1.50054211754189	0.981087297873333	97	miss
#4283C9	5.25061492577388	5.8520913147162	8.24592171004299	7.44703113333996	97	hit
#4283C9	-0.0334661034170937	0.383092276682372	7.12091416275359	8.03002313090258	97	hit
#4283C9	3.00850058585024	3.49494731374466	2.08223467700742	1.20852443847246	97	hit
#0D3A6B	1.86923610317457	2.83261098627996	7.52825648922807	7.2600982624259	97	miss
#4283C9	3.5321544824767	3.94747589094163	8.27034377803498	7.36066904074109	97	hit
#0D3A6B	9.57643428422159	10.383650329191	9.10064236736705	8.51038627316396	97	miss
#4283C9	6.3036622488919	6.74013843666284	3.9851017742594	4.88481758356195	97	hit
#4283C9	9.2804288935819	9.8279662684566	2.17883874812462	3.01561997587494	97	hit
#0D3A6B	2.60703855286875	3.45087224059215	6.5044373051276	7.04104210147508	97	miss
#4283C9	9.44935387730299	9.53784942362757	0.0981682768099013	1.09424484930858	97	hit
#0D3A6B	1.55412322966159	2.41261090958714	6.08072931160134	6.59356349865991	97	miss
#4283C9	5.34235492980771	5.87123260201223	8.01566518368147	7.16696711732127	97	hit
#0D3A6B	5.60227136947534	6.59503487050214	6.36241008643778	6.4824960182908	97	miss
#0D3A6B	9.15462976355966	10.012921690597	0.578606023518125	0.0654442868477303	97	miss
#0D3A6B	8.97952352212304	9.85291770166224	4.2506617383795	4.73767570855598	97	miss
#0D3A6B	9.52903699039218	10.1819635377944	1.23539832378641	1.99281955645516	97	miss
#4283C9	3.16899323151594	3.73038952923233	4.58675464203957	5.41430173853036	97	hit
#0D3A6B	6.3896034786043	7.15704992995287	1.3440067032834	1.98511975440035	97	miss
#0D3A6B	6.48673560134627	7.26482273880831	7.27727289336577	6.64911653821513	97	miss
#0D3A6B	6.55191098430765	7.52732879391301	9.57611004416772	9.35574648841343	97	miss
#0D3A6B	3.83038989758562	4.18917592590232	6.02705894492586	5.0936391112579	97	miss
#0D3A6B	1.87544574184862	2.84297914089117	9.87512158338452	9.62237839012867	97	miss
#4283C9	1.00202896261842	1.64385205039501	8.16585612911401	7.3990033896673	97	hit
#0D3A6B	3.54427647851181	4.51091394685435	0.622112076092719	0.878260479945482	97	miss
#4283C9	-0.47716274146127	0.521362430752688	7.61426083449807	7.55997013128762	97	hit
#4283C9	3.53153431615068	3.75141925351488	8.89208384891069	7.91655803463393	97	hit
#4283C9	7.60669511294966	7.74489198793615	6.90025225632574	5.90984747859899	97	hit
#0D3A6B	4.37553458319724	5.11096485020846	2.12241163268225	1.44481121771498	97	miss
#4283C9	2.52590405932183	2.77753971339648	9.69346210853625	8.72564007035029	97	hit
#0D3A6B	4.88137405984843	5.16248886785662	3.20361729803244	2.24394315296104	97	miss
#0D3A6B	4.83008491479837	5.75934810425109	0.405771307982044	0.0363529479508236	97	miss
#4283C9	-0.265025033435332	0.720434587268637	2.05932464898631	2.22923443670317	97	hit
#0D3A6B	0.974627292723468	1.96008702552963	3.27537898567961	3.44528812321378	97	miss
#0D3A6B	2.23496405172352	3.08105692037191	5.82527980836341	5.29224429582944	97	miss
#0D3A6B	1.23256535299137	2.18990287248031	7.9709987427357	7.68202664411931	97	miss
#4283C9	8.4054060326615	8.93127909398585	9.10312310130858	9.95368616385794	97	hit
#4283C9	0.567056484475457	0.924677067481256	4.72273559276451	3.78886862225394	97	hit
#0D3A6B	8.6011666389276	9.59034169520245	4.42752151537271	4.57426178947507	97	miss
#0D3A6B	0.691632064030001	1.46458265002029	4.97792263864681	4.34345641289696	97	miss
#4283C9	7.3478416162493	7.93200089177616	0.955990969466668	0.144351923575002	97	hit
#4283C9	5.05312048722132	5.8585023937367	0.772856991456584	1.36561325220601	97	hit
#0D3A6B	5.44517086721007	6.24581359890308	3.56481147668275	4.16395354346421	97	miss
#4283C9	1.25364977432216	1.79413204981213	6.67819665403996	7.51955205449876	97	hit
#4283C9	7.11708459859878	7.39052873713732	7.62884209770443	8.59072998259483	97	hit
#4283C9	0.577025773416674	0.597541568387831	3.77107398929478	2.77128446036546	97	hit
#4283C9	5.0770361954126	5.25368236007509	6.57630336456581	7.56057778387682	97	hit
#4283C9	4.25269523210635	4.94155340787212	2.37247499334415	1.64757885341743	97	hit
#0D3A6B	6.64059390834032	7.25752600414248	1.84810587530737	2.63512225961531	97	miss
#0D3A6B	7.47455283401258	8.47039908768885	1.23159481825566	1.14054406845684	97	miss
#4283C9	6.06473326449075	6.87901811442545	5.6659174374159	6.24638292576712	97	hit
#0D3A6B	3.46516562218036	4.46208327019398	1.32140167274515	1.24294657043179	97	miss
#0D3A6B	9.53562853847112	10.1342266705963	6.75986743035362	5.95881794610425	97	miss
#4283C9	3.13670302090399	3.17433557658292	0.607905272363857	1.60719691685663	97	hit
#4283C9	6.6696266946209	6.7582529527309	5.28874805764358	4.29268310676266	97	hit
#0D3A6B	8.46226866286967	9.40286726760891	0.922743007109521	1.26226364678049	97	miss
#0D3A6B	7.48914604090942	8.14849095869021	0.171774827784556	0.92361542219047	97	miss
#4283C9	1.24666641144385	1.64293004987458	4.32755083062051	5.24568760085555	97	hit
#0D3A6B	5.13964837615228	6.0780220458951	5.08057147063701	4.73494905247899	97	miss
#4283C9	2.45284055395305	2.87794932221741	3.48067067533307	4.38581294876016	97	hit
#0D3A6B	5.62505997907003	6.62260817639897	4.55824531268409	4.62822812490084	97	miss
#0D3A6B	6.65105708026246	7.65071602921083	1.81155958670781	1.78544472910806	97	miss
#0D3A6B	5.92058313086484	6.90023161463584	6.62406421553194	6.42334339387864	97	miss
#0D3A6B	5.74268639624969	6.48695241122587	3.58535235746479	2.91746906006062	97	miss
#0D3A6B	5.7082448653752	6.70647351668533	9.13284562078693	9.19233981969378	97	miss
#4283C9	0.667027042217244	0.829342060752522	5.70637266996165	4.71963367977331	97	hit
#0D3A6B	8.19720372973069	9.15734723726229	9.67908886142995	9.39958135715697	97	miss
#0D3A6B	4.39255639593556	5.39171038978294	0.335358848515735	0.376484224852338	97	miss
#0D3A6B	2.69808314829945	3.54025463484347	3.01875904812416	2.47954926774899	97	miss
#4283C9	9.54777593484808	9.56777886727165	3.9298026840363	4.92960260536779	97	hit
#4283C9	4.26170531204165	4.67837250781982	3.66314529513625	2.75408619476798	97	hit
#0D3A6B	6.33948462906383	7.33945056439288	0.814059084161308	0.822313063898001	97	miss
#0D3A6B	9.46249967002059	10.4023670262775	4.96278657420216	5.30432625365766	97	miss
#0D3A6B	7.85306744021955	8.71139178773729	3.12523401166594	2.6121265039658	97	miss
#4283C9	8.14705067884406	8.27332368947336	4.2730095829859	3.28101405538176	97	hit
#0D3A6B	1.65706840016932	2.43195466092735	4.7921035819066	5.42420427237328	97	miss
#4283C9	4.57195088971423	4.80092467967404	5.91119362150671	6.88462620957403	97	hit
#0D3A6B	6.86405314296767	7.30899901430771	1.32422474909441	2.21978221323474	97	miss
#4283C9	9.690127707741	9.81410388862457	7.82769735002949	8.81998254420177	97	hit
#0D3A6B	6.68924928221758	7.67579694233928	1.76871445172869	1.60524055684514	97	miss
#4283C9	0.586088934250004	0.620512448914521	7.0944384834773	6.09503114828401	97	hit
#0D3A6B	9.51452226991068	10.4346879184409	7.56974747927344	7.17821819650525	97	miss
#0D3A6B	4.1362911559335	5.13354102581078	5.40860589823333	5.33449316633286	97	miss
#4283C9	2.09013287482699	2.18029085973362	5.61544594812059	4.61951847196704	97	hit
#4283C9	6.76758210580219	6.87305830013584	6.01986693560512	7.01428876381933	97	hit
#4283C9	2.20485394392027	2.93982957918332	1.39107141037361	2.06916492573096	97	hit
#0D3A6B	7.78783135922746	8.71902999592825	7.14453604226241	6.78002390390953	97	miss
#4283C9	5.23611336275798	5.88800513390589	2.50671498516175	1.74840296579925	97	hit
#0D3A6B	3.13909457887548	4.10083436981749	8.24363802775828	8.51760257750663	97	miss
#0D3A6B	2.39578449076399	3.05523809136466	2.7843189825032	2.03257371404133	97	miss
#0D3A6B	6.17000468457508	7.05833333162201	2.74156920771354	3.20077745550073	97	miss
#0D3A6B	7.69416607798498	8.56938006939877	0.363806615961362	0.847542565869521	97	miss
#0D3A6B	2.43382183348811	3.21040171218985	6.26475490463434	6.89477370752486	97	miss
#0D3A6B	5.25703704330435	6.21131009076426	2.67813826499386	2.97707463095086	97	miss
#4283C9	6.75857246681829	6.79376244716565	3.34282599987256	4.34220664071125	97	hit
#4283C9	2.9016079162706	2.92739064754058	2.22493405447141	3.22460162460073	97	hit
#0D3A6B	5.54003288344314	6.37733831229786	6.34268432923414	5.79594890984885	97	miss
#0D3A6B	1.56233441917788	2.41683233627487	1.50054211754189	0.981087297873333	98	miss
#4283C9	5.25061492577388	5.8520913147162	8.24592171004299	7.44703113333996	98	hit
#4283C9	-0.0334661034170937	0.383092276682372	7.12091416275359	8.03002313090258	98	hit
#4283C9	3.00850058585024	3.49494731374466	2.08223467700742	1.20852443847246	98	hit
#0D3A6B	1.86923610317457	2.83261098627996	7.52825648922807	7.2600982624259	98	miss
#4283C9	3.5321544824767	3.94747589094163	8.27034377803498	7.36066904074109	98	hit
#0D3A6B	9.57643428422159	10.383650329191	9.10064236736705	8.51038627316396	98	miss
#4283C9	6.3036622488919	6.74013843666284	3.9851017742594	4.88481758356195	98	hit
#4283C9	9.2804288935819	9.8279662684566	2.17883874812462	3.01561997587494	98	hit
#0D3A6B	2.60703855286875	3.45087224059215	6.5044373051276	7.04104210147508	98	miss
#4283C9	9.44935387730299	9.53784942362757	0.0981682768099013	1.09424484930858	98	hit
#0D3A6B	1.55412322966159	2.41261090958714	6.08072931160134	6.59356349865991	98	miss
#4283C9	5.34235492980771	5.87123260201223	8.01566518368147	7.16696711732127	98	hit
#0D3A6B	5.60227136947534	6.59503487050214	6.36241008643778	6.4824960182908	98	miss
#0D3A6B	9.15462976355966	10.012921690597	0.578606023518125	0.0654442868477303	98	miss
#0D3A6B	8.97952352212304	9.85291770166224	4.2506617383795	4.73767570855598	98	miss
#0D3A6B	9.52903699039218	10.1819635377944	1.23539832378641	1.99281955645516	98	miss
#4283C9	3.16899323151594	3.73038952923233	4.58675464203957	5.41430173853036	98	hit
#0D3A6B	6.3896034786043	7.15704992995287	1.3440067032834	1.98511975440035	98	miss
#0D3A6B	6.48673560134627	7.26482273880831	7.27727289336577	6.64911653821513	98	miss
#0D3A6B	6.55191098430765	7.52732879391301	9.57611004416772	9.35574648841343	98	miss
#0D3A6B	3.83038989758562	4.18917592590232	6.02705894492586	5.0936391112579	98	miss
#0D3A6B	1.87544574184862	2.84297914089117	9.87512158338452	9.62237839012867	98	miss
#4283C9	1.00202896261842	1.64385205039501	8.16585612911401	7.3990033896673	98	hit
#0D3A6B	3.54427647851181	4.51091394685435	0.622112076092719	0.878260479945482	98	miss
#4283C9	-0.47716274146127	0.521362430752688	7.61426083449807	7.55997013128762	98	hit
#4283C9	3.53153431615068	3.75141925351488	8.89208384891069	7.91655803463393	98	hit
#4283C9	7.60669511294966	7.74489198793615	6.90025225632574	5.90984747859899	98	hit
#0D3A6B	4.37553458319724	5.11096485020846	2.12241163268225	1.44481121771498	98	miss
#4283C9	2.52590405932183	2.77753971339648	9.69346210853625	8.72564007035029	98	hit
#0D3A6B	4.88137405984843	5.16248886785662	3.20361729803244	2.24394315296104	98	miss
#0D3A6B	4.83008491479837	5.75934810425109	0.405771307982044	0.0363529479508236	98	miss
#4283C9	-0.265025033435332	0.720434587268637	2.05932464898631	2.22923443670317	98	hit
#0D3A6B	0.974627292723468	1.96008702552963	3.27537898567961	3.44528812321378	98	miss
#0D3A6B	2.23496405172352	3.08105692037191	5.82527980836341	5.29224429582944	98	miss
#0D3A6B	1.23256535299137	2.18990287248031	7.9709987427357	7.68202664411931	98	miss
#4283C9	8.4054060326615	8.93127909398585	9.10312310130858	9.95368616385794	98	hit
#4283C9	0.567056484475457	0.924677067481256	4.72273559276451	3.78886862225394	98	hit
#0D3A6B	8.6011666389276	9.59034169520245	4.42752151537271	4.57426178947507	98	miss
#0D3A6B	0.691632064030001	1.46458265002029	4.97792263864681	4.34345641289696	98	miss
#4283C9	7.3478416162493	7.93200089177616	0.955990969466668	0.144351923575002	98	hit
#4283C9	5.05312048722132	5.8585023937367	0.772856991456584	1.36561325220601	98	hit
#0D3A6B	5.44517086721007	6.24581359890308	3.56481147668275	4.16395354346421	98	miss
#4283C9	1.25364977432216	1.79413204981213	6.67819665403996	7.51955205449876	98	hit
#4283C9	7.11708459859878	7.39052873713732	7.62884209770443	8.59072998259483	98	hit
#4283C9	0.577025773416674	0.597541568387831	3.77107398929478	2.77128446036546	98	hit
#4283C9	5.0770361954126	5.25368236007509	6.57630336456581	7.56057778387682	98	hit
#4283C9	4.25269523210635	4.94155340787212	2.37247499334415	1.64757885341743	98	hit
#0D3A6B	6.64059390834032	7.25752600414248	1.84810587530737	2.63512225961531	98	miss
#0D3A6B	7.47455283401258	8.47039908768885	1.23159481825566	1.14054406845684	98	miss
#4283C9	6.06473326449075	6.87901811442545	5.6659174374159	6.24638292576712	98	hit
#0D3A6B	3.46516562218036	4.46208327019398	1.32140167274515	1.24294657043179	98	miss
#0D3A6B	9.53562853847112	10.1342266705963	6.75986743035362	5.95881794610425	98	miss
#4283C9	3.13670302090399	3.17433557658292	0.607905272363857	1.60719691685663	98	hit
#4283C9	6.6696266946209	6.7582529527309	5.28874805764358	4.29268310676266	98	hit
#0D3A6B	8.46226866286967	9.40286726760891	0.922743007109521	1.26226364678049	98	miss
#0D3A6B	7.48914604090942	8.14849095869021	0.171774827784556	0.92361542219047	98	miss
#4283C9	1.24666641144385	1.64293004987458	4.32755083062051	5.24568760085555	98	hit
#0D3A6B	5.13964837615228	6.0780220458951	5.08057147063701	4.73494905247899	98	miss
#4283C9	2.45284055395305	2.87794932221741	3.48067067533307	4.38581294876016	98	hit
#0D3A6B	5.62505997907003	6.62260817639897	4.55824531268409	4.62822812490084	98	miss
#0D3A6B	6.65105708026246	7.65071602921083	1.81155958670781	1.78544472910806	98	miss
#0D3A6B	5.92058313086484	6.90023161463584	6.62406421553194	6.42334339387864	98	miss
#0D3A6B	5.74268639624969	6.48695241122587	3.58535235746479	2.91746906006062	98	miss
#0D3A6B	5.7082448653752	6.70647351668533	9.13284562078693	9.19233981969378	98	miss
#4283C9	0.667027042217244	0.829342060752522	5.70637266996165	4.71963367977331	98	hit
#0D3A6B	8.19720372973069	9.15734723726229	9.67908886142995	9.39958135715697	98	miss
#0D3A6B	4.39255639593556	5.39171038978294	0.335358848515735	0.376484224852338	98	miss
#0D3A6B	2.69808314829945	3.54025463484347	3.01875904812416	2.47954926774899	98	miss
#4283C9	9.54777593484808	9.56777886727165	3.9298026840363	4.92960260536779	98	hit
#4283C9	4.26170531204165	4.67837250781982	3.66314529513625	2.75408619476798	98	hit
#0D3A6B	6.33948462906383	7.33945056439288	0.814059084161308	0.822313063898001	98	miss
#0D3A6B	9.46249967002059	10.4023670262775	4.96278657420216	5.30432625365766	98	miss
#0D3A6B	7.85306744021955	8.71139178773729	3.12523401166594	2.6121265039658	98	miss
#4283C9	8.14705067884406	8.27332368947336	4.2730095829859	3.28101405538176	98	hit
#0D3A6B	1.65706840016932	2.43195466092735	4.7921035819066	5.42420427237328	98	miss
#4283C9	4.57195088971423	4.80092467967404	5.91119362150671	6.88462620957403	98	hit
#0D3A6B	6.86405314296767	7.30899901430771	1.32422474909441	2.21978221323474	98	miss
#4283C9	9.690127707741	9.81410388862457	7.82769735002949	8.81998254420177	98	hit
#0D3A6B	6.68924928221758	7.67579694233928	1.76871445172869	1.60524055684514	98	miss
#4283C9	0.586088934250004	0.620512448914521	7.0944384834773	6.09503114828401	98	hit
#0D3A6B	9.51452226991068	10.4346879184409	7.56974747927344	7.17821819650525	98	miss
#0D3A6B	4.1362911559335	5.13354102581078	5.40860589823333	5.33449316633286	98	miss
#4283C9	2.09013287482699	2.18029085973362	5.61544594812059	4.61951847196704	98	hit
#4283C9	6.76758210580219	6.87305830013584	6.01986693560512	7.01428876381933	98	hit
#4283C9	2.20485394392027	2.93982957918332	1.39107141037361	2.06916492573096	98	hit
#0D3A6B	7.78783135922746	8.71902999592825	7.14453604226241	6.78002390390953	98	miss
#4283C9	5.23611336275798	5.88800513390589	2.50671498516175	1.74840296579925	98	hit
#0D3A6B	3.13909457887548	4.10083436981749	8.24363802775828	8.51760257750663	98	miss
#0D3A6B	2.39578449076399	3.05523809136466	2.7843189825032	2.03257371404133	98	miss
#0D3A6B	6.17000468457508	7.05833333162201	2.74156920771354	3.20077745550073	98	miss
#0D3A6B	7.69416607798498	8.56938006939877	0.363806615961362	0.847542565869521	98	miss
#0D3A6B	2.43382183348811	3.21040171218985	6.26475490463434	6.89477370752486	98	miss
#0D3A6B	5.25703704330435	6.21131009076426	2.67813826499386	2.97707463095086	98	miss
#4283C9	6.75857246681829	6.79376244716565	3.34282599987256	4.34220664071125	98	hit
#4283C9	2.9016079162706	2.92739064754058	2.22493405447141	3.22460162460073	98	hit
#0D3A6B	5.54003288344314	6.37733831229786	6.34268432923414	5.79594890984885	98	miss
#0D3A6B	0.847982836819261	1.24798628694657	1.85776246001047	2.7742760932349	98	miss
#0D3A6B	1.56233441917788	2.41683233627487	1.50054211754189	0.981087297873333	99	miss
#4283C9	5.25061492577388	5.8520913147162	8.24592171004299	7.44703113333996	99	hit
#4283C9	-0.0334661034170937	0.383092276682372	7.12091416275359	8.03002313090258	99	hit
#4283C9	3.00850058585024	3.49494731374466	2.08223467700742	1.20852443847246	99	hit
#0D3A6B	1.86923610317457	2.83261098627996	7.52825648922807	7.2600982624259	99	miss
#4283C9	3.5321544824767	3.94747589094163	8.27034377803498	7.36066904074109	99	hit
#0D3A6B	9.57643428422159	10.383650329191	9.10064236736705	8.51038627316396	99	miss
#4283C9	6.3036622488919	6.74013843666284	3.9851017742594	4.88481758356195	99	hit
#4283C9	9.2804288935819	9.8279662684566	2.17883874812462	3.01561997587494	99	hit
#0D3A6B	2.60703855286875	3.45087224059215	6.5044373051276	7.04104210147508	99	miss
#4283C9	9.44935387730299	9.53784942362757	0.0981682768099013	1.09424484930858	99	hit
#0D3A6B	1.55412322966159	2.41261090958714	6.08072931160134	6.59356349865991	99	miss
#4283C9	5.34235492980771	5.87123260201223	8.01566518368147	7.16696711732127	99	hit
#0D3A6B	5.60227136947534	6.59503487050214	6.36241008643778	6.4824960182908	99	miss
#0D3A6B	9.15462976355966	10.012921690597	0.578606023518125	0.0654442868477303	99	miss
#0D3A6B	8.97952352212304	9.85291770166224	4.2506617383795	4.73767570855598	99	miss
#0D3A6B	9.52903699039218	10.1819635377944	1.23539832378641	1.99281955645516	99	miss
#4283C9	3.16899323151594	3.73038952923233	4.58675464203957	5.41430173853036	99	hit
#0D3A6B	6.3896034786043	7.15704992995287	1.3440067032834	1.98511975440035	99	miss
#0D3A6B	6.48673560134627	7.26482273880831	7.27727289336577	6.64911653821513	99	miss
#0D3A6B	6.55191098430765	7.52732879391301	9.57611004416772	9.35574648841343	99	miss
#0D3A6B	3.83038989758562	4.18917592590232	6.02705894492586	5.0936391112579	99	miss
#0D3A6B	1.87544574184862	2.84297914089117	9.87512158338452	9.62237839012867	99	miss
#4283C9	1.00202896261842	1.64385205039501	8.16585612911401	7.3990033896673	99	hit
#0D3A6B	3.54427647851181	4.51091394685435	0.622112076092719	0.878260479945482	99	miss
#4283C9	-0.47716274146127	0.521362430752688	7.61426083449807	7.55997013128762	99	hit
#4283C9	3.53153431615068	3.75141925351488	8.89208384891069	7.91655803463393	99	hit
#4283C9	7.60669511294966	7.74489198793615	6.90025225632574	5.90984747859899	99	hit
#0D3A6B	4.37553458319724	5.11096485020846	2.12241163268225	1.44481121771498	99	miss
#4283C9	2.52590405932183	2.77753971339648	9.69346210853625	8.72564007035029	99	hit
#0D3A6B	4.88137405984843	5.16248886785662	3.20361729803244	2.24394315296104	99	miss
#0D3A6B	4.83008491479837	5.75934810425109	0.405771307982044	0.0363529479508236	99	miss
#4283C9	-0.265025033435332	0.720434587268637	2.05932464898631	2.22923443670317	99	hit
#0D3A6B	0.974627292723468	1.96008702552963	3.27537898567961	3.44528812321378	99	miss
#0D3A6B	2.23496405172352	3.08105692037191	5.82527980836341	5.29224429582944	99	miss
#0D3A6B	1.23256535299137	2.18990287248031	7.9709987427357	7.68202664411931	99	miss
#4283C9	8.4054060326615	8.93127909398585	9.10312310130858	9.95368616385794	99	hit
#4283C9	0.567056484475457	0.924677067481256	4.72273559276451	3.78886862225394	99	hit
#0D3A6B	8.6011666389276	9.59034169520245	4.42752151537271	4.57426178947507	99	miss
#0D3A6B	0.691632064030001	1.46458265002029	4.97792263864681	4.34345641289696	99	miss
#4283C9	7.3478416162493	7.93200089177616	0.955990969466668	0.144351923575002	99	hit
#4283C9	5.05312048722132	5.8585023937367	0.772856991456584	1.36561325220601	99	hit
#0D3A6B	5.44517086721007	6.24581359890308	3.56481147668275	4.16395354346421	99	miss
#4283C9	1.25364977432216	1.79413204981213	6.67819665403996	7.51955205449876	99	hit
#4283C9	7.11708459859878	7.39052873713732	7.62884209770443	8.59072998259483	99	hit
#4283C9	0.577025773416674	0.597541568387831	3.77107398929478	2.77128446036546	99	hit
#4283C9	5.0770361954126	5.25368236007509	6.57630336456581	7.56057778387682	99	hit
#4283C9	4.25269523210635	4.94155340787212	2.37247499334415	1.64757885341743	99	hit
#0D3A6B	6.64059390834032	7.25752600414248	1.84810587530737	2.63512225961531	99	miss
#0D3A6B	7.47455283401258	8.47039908768885	1.23159481825566	1.14054406845684	99	miss
#4283C9	6.06473326449075	6.87901811442545	5.6659174374159	6.24638292576712	99	hit
#0D3A6B	3.46516562218036	4.46208327019398	1.32140167274515	1.24294657043179	99	miss
#0D3A6B	9.53562853847112	10.1342266705963	6.75986743035362	5.95881794610425	99	miss
#4283C9	3.13670302090399	3.17433557658292	0.607905272363857	1.60719691685663	99	hit
#4283C9	6.6696266946209	6.7582529527309	5.28874805764358	4.29268310676266	99	hit
#0D3A6B	8.46226866286967	9.40286726760891	0.922743007109521	1.26226364678049	99	miss
#0D3A6B	7.48914604090942	8.14849095869021	0.171774827784556	0.92361542219047	99	miss
#4283C9	1.24666641144385	1.64293004987458	4.32755083062051	5.24568760085555	99	hit
#0D3A6B	5.13964837615228	6.0780220458951	5.08057147063701	4.73494905247899	99	miss
#4283C9	2.45284055395305	2.87794932221741	3.48067067533307	4.38581294876016	99	hit
#0D3A6B	5.62505997907003	6.62260817639897	4.55824531268409	4.62822812490084	99	miss
#0D3A6B	6.65105708026246	7.65071602921083	1.81155958670781	1.78544472910806	99	miss
#0D3A6B	5.92058313086484	6.90023161463584	6.62406421553194	6.42334339387864	99	miss
#0D3A6B	5.74268639624969	6.48695241122587	3.58535235746479	2.91746906006062	99	miss
#0D3A6B	5.7082448653752	6.70647351668533	9.13284562078693	9.19233981969378	99	miss
#4283C9	0.667027042217244	0.829342060752522	5.70637266996165	4.71963367977331	99	hit
#0D3A6B	8.19720372973069	9.15734723726229	9.67908886142995	9.39958135715697	99	miss
#0D3A6B	4.39255639593556	5.39171038978294	0.335358848515735	0.376484224852338	99	miss
#0D3A6B	2.69808314829945	3.54025463484347	3.01875904812416	2.47954926774899	99	miss
#4283C9	9.54777593484808	9.56777886727165	3.9298026840363	4.92960260536779	99	hit
#4283C9	4.26170531204165	4.67837250781982	3.66314529513625	2.75408619476798	99	hit
#0D3A6B	6.33948462906383	7.33945056439288	0.814059084161308	0.822313063898001	99	miss
#0D3A6B	9.46249967002059	10.4023670262775	4.96278657420216	5.30432625365766	99	miss
#0D3A6B	7.85306744021955	8.71139178773729	3.12523401166594	2.6121265039658	99	miss
#4283C9	8.14705067884406	8.27332368947336	4.2730095829859	3.28101405538176	99	hit
#0D3A6B	1.65706840016932	2.43195466092735	4.7921035819066	5.42420427237328	99	miss
#4283C9	4.57195088971423	4.80092467967404	5.91119362150671	6.88462620957403	99	hit
#0D3A6B	6.86405314296767	7.30899901430771	1.32422474909441	2.21978221323474	99	miss
#4283C9	9.690127707741	9.81410388862457	7.82769735002949	8.81998254420177	99	hit
#0D3A6B	6.68924928221758	7.67579694233928	1.76871445172869	1.60524055684514	99	miss
#4283C9	0.586088934250004	0.620512448914521	7.0944384834773	6.09503114828401	99	hit
#0D3A6B	9.51452226991068	10.4346879184409	7.56974747927344	7.17821819650525	99	miss
#0D3A6B	4.1362911559335	5.13354102581078	5.40860589823333	5.33449316633286	99	miss
#4283C9	2.09013287482699	2.18029085973362	5.61544594812059	4.61951847196704	99	hit
#4283C9	6.76758210580219	6.87305830013584	6.01986693560512	7.01428876381933	99	hit
#4283C9	2.20485394392027	2.93982957918332	1.39107141037361	2.06916492573096	99	hit
#0D3A6B	7.78783135922746	8.71902999592825	7.14453604226241	6.78002390390953	99	miss
#4283C9	5.23611336275798	5.88800513390589	2.50671498516175	1.74840296579925	99	hit
#0D3A6B	3.13909457887548	4.10083436981749	8.24363802775828	8.51760257750663	99	miss
#0D3A6B	2.39578449076399	3.05523809136466	2.7843189825032	2.03257371404133	99	miss
#0D3A6B	6.17000468457508	7.05833333162201	2.74156920771354	3.20077745550073	99	miss
#0D3A6B	7.69416607798498	8.56938006939877	0.363806615961362	0.847542565869521	99	miss
#0D3A6B	2.43382183348811	3.21040171218985	6.26475490463434	6.89477370752486	99	miss
#0D3A6B	5.25703704330435	6.21131009076426	2.67813826499386	2.97707463095086	99	miss
#4283C9	6.75857246681829	6.79376244716565	3.34282599987256	4.34220664071125	99	hit
#4283C9	2.9016079162706	2.92739064754058	2.22493405447141	3.22460162460073	99	hit
#0D3A6B	5.54003288344314	6.37733831229786	6.34268432923414	5.79594890984885	99	miss
#0D3A6B	0.847982836819261	1.24798628694657	1.85776246001047	2.7742760932349	99	miss
#0D3A6B	4.73036484310487	5.59584078395656	8.39623004682934	7.8952795544582	99	miss
#0D3A6B	1.56233441917788	2.41683233627487	1.50054211754189	0.981087297873333	100	miss
#4283C9	5.25061492577388	5.8520913147162	8.24592171004299	7.44703113333996	100	hit
#4283C9	-0.0334661034170937	0.383092276682372	7.12091416275359	8.03002313090258	100	hit
#4283C9	3.00850058585024	3.49494731374466	2.08223467700742	1.20852443847246	100	hit
#0D3A6B	1.86923610317457	2.83261098627996	7.52825648922807	7.2600982624259	100	miss
#4283C9	3.5321544824767	3.94747589094163	8.27034377803498	7.36066904074109	100	hit
#0D3A6B	9.57643428422159	10.383650329191	9.10064236736705	8.51038627316396	100	miss
#4283C9	6.3036622488919	6.74013843666284	3.9851017742594	4.88481758356195	100	hit
#4283C9	9.2804288935819	9.8279662684566	2.17883874812462	3.01561997587494	100	hit
#0D3A6B	2.60703855286875	3.45087224059215	6.5044373051276	7.04104210147508	100	miss
#4283C9	9.44935387730299	9.53784942362757	0.0981682768099013	1.09424484930858	100	hit
#0D3A6B	1.55412322966159	2.41261090958714	6.08072931160134	6.59356349865991	100	miss
#4283C9	5.34235492980771	5.87123260201223	8.01566518368147	7.16696711732127	100	hit
#0D3A6B	5.60227136947534	6.59503487050214	6.36241008643778	6.4824960182908	100	miss
#0D3A6B	9.15462976355966	10.012921690597	0.578606023518125	0.0654442868477303	100	miss
#0D3A6B	8.97952352212304	9.85291770166224	4.2506617383795	4.73767570855598	100	miss
#0D3A6B	9.52903699039218	10.1819635377944	1.23539832378641	1.99281955645516	100	miss
#4283C9	3.16899323151594	3.73038952923233	4.58675464203957	5.41430173853036	100	hit
#0D3A6B	6.3896034786043	7.15704992995287	1.3440067032834	1.98511975440035	100	miss
#0D3A6B	6.48673560134627	7.26482273880831	7.27727289336577	6.64911653821513	100	miss
#0D3A6B	6.55191098430765	7.52732879391301	9.57611004416772	9.35574648841343	100	miss
#0D3A6B	3.83038989758562	4.18917592590232	6.02705894492586	5.0936391112579	100	miss
#0D3A6B	1.87544574184862	2.84297914089117	9.87512158338452	9.62237839012867	100	miss
#4283C9	1.00202896261842	1.64385205039501	8.16585612911401	7.3990033896673	100	hit
#0D3A6B	3.54427647851181	4.51091394685435	0.622112076092719	0.878260479945482	100	miss
#4283C9	-0.47716274146127	0.521362430752688	7.61426083449807	7.55997013128762	100	hit
#4283C9	3.53153431615068	3.75141925351488	8.89208384891069	7.91655803463393	100	hit
#4283C9	7.60669511294966	7.74489198793615	6.90025225632574	5.90984747859899	100	hit
#0D3A6B	4.37553458319724	5.11096485020846	2.12241163268225	1.44481121771498	100	miss
#4283C9	2.52590405932183	2.77753971339648	9.69346210853625	8.72564007035029	100	hit
#0D3A6B	4.88137405984843	5.16248886785662	3.20361729803244	2.24394315296104	100	miss
#0D3A6B	4.83008491479837	5.75934810425109	0.405771307982044	0.0363529479508236	100	miss
#4283C9	-0.265025033435332	0.720434587268637	2.05932464898631	2.22923443670317	100	hit
#0D3A6B	0.974627292723468	1.96008702552963	3.27537898567961	3.44528812321378	100	miss
#0D3A6B	2.23496405172352	3.08105692037191	5.82527980836341	5.29224429582944	100	miss
#0D3A6B	1.23256535299137	2.18990287248031	7.9709987427357	7.68202664411931	100	miss
#4283C9	8.4054060326615	8.93127909398585	9.10312310130858	9.95368616385794	100	hit
#4283C9	0.567056484475457	0.924677067481256	4.72273559276451	3.78886862225394	100	hit
#0D3A6B	8.6011666389276	9.59034169520245	4.42752151537271	4.57426178947507	100	miss
#0D3A6B	0.691632064030001	1.46458265002029	4.97792263864681	4.34345641289696	100	miss
#4283C9	7.3478416162493	7.93200089177616	0.955990969466668	0.144351923575002	100	hit
#4283C9	5.05312048722132	5.8585023937367	0.772856991456584	1.36561325220601	100	hit
#0D3A6B	5.44517086721007	6.24581359890308	3.56481147668275	4.16395354346421	100	miss
#4283C9	1.25364977432216	1.79413204981213	6.67819665403996	7.51955205449876	100	hit
#4283C9	7.11708459859878	7.39052873713732	7.62884209770443	8.59072998259483	100	hit
#4283C9	0.577025773416674	0.597541568387831	3.77107398929478	2.77128446036546	100	hit
#4283C9	5.0770361954126	5.25368236007509	6.57630336456581	7.56057778387682	100	hit
#4283C9	4.25269523210635	4.94155340787212	2.37247499334415	1.64757885341743	100	hit
#0D3A6B	6.64059390834032	7.25752600414248	1.84810587530737	2.63512225961531	100	miss
#0D3A6B	7.47455283401258	8.47039908768885	1.23159481825566	1.14054406845684	100	miss
#4283C9	6.06473326449075	6.87901811442545	5.6659174374159	6.24638292576712	100	hit
#0D3A6B	3.46516562218036	4.46208327019398	1.32140167274515	1.24294657043179	100	miss
#0D3A6B	9.53562853847112	10.1342266705963	6.75986743035362	5.95881794610425	100	miss
#4283C9	3.13670302090399	3.17433557658292	0.607905272363857	1.60719691685663	100	hit
#4283C9	6.6696266946209	6.7582529527309	5.28874805764358	4.29268310676266	100	hit
#0D3A6B	8.46226866286967	9.40286726760891	0.922743007109521	1.26226364678049	100	miss
#0D3A6B	7.48914604090942	8.14849095869021	0.171774827784556	0.92361542219047	100	miss
#4283C9	1.24666641144385	1.64293004987458	4.32755083062051	5.24568760085555	100	hit
#0D3A6B	5.13964837615228	6.0780220458951	5.08057147063701	4.73494905247899	100	miss
#4283C9	2.45284055395305	2.87794932221741	3.48067067533307	4.38581294876016	100	hit
#0D3A6B	5.62505997907003	6.62260817639897	4.55824531268409	4.62822812490084	100	miss
#0D3A6B	6.65105708026246	7.65071602921083	1.81155958670781	1.78544472910806	100	miss
#0D3A6B	5.92058313086484	6.90023161463584	6.62406421553194	6.42334339387864	100	miss
#0D3A6B	5.74268639624969	6.48695241122587	3.58535235746479	2.91746906006062	100	miss
#0D3A6B	5.7082448653752	6.70647351668533	9.13284562078693	9.19233981969378	100	miss
#4283C9	0.667027042217244	0.829342060752522	5.70637266996165	4.71963367977331	100	hit
#0D3A6B	8.19720372973069	9.15734723726229	9.67908886142995	9.39958135715697	100	miss
#0D3A6B	4.39255639593556	5.39171038978294	0.335358848515735	0.376484224852338	100	miss
#0D3A6B	2.69808314829945	3.54025463484347	3.01875904812416	2.47954926774899	100	miss
#4283C9	9.54777593484808	9.56777886727165	3.9298026840363	4.92960260536779	100	hit
#4283C9	4.26170531204165	4.67837250781982	3.66314529513625	2.75408619476798	100	hit
#0D3A6B	6.33948462906383	7.33945056439288	0.814059084161308	0.822313063898001	100	miss
#0D3A6B	9.46249967002059	10.4023670262775	4.96278657420216	5.30432625365766	100	miss
#0D3A6B	7.85306744021955	8.71139178773729	3.12523401166594	2.6121265039658	100	miss
#4283C9	8.14705067884406	8.27332368947336	4.2730095829859	3.28101405538176	100	hit
#0D3A6B	1.65706840016932	2.43195466092735	4.7921035819066	5.42420427237328	100	miss
#4283C9	4.57195088971423	4.80092467967404	5.91119362150671	6.88462620957403	100	hit
#0D3A6B	6.86405314296767	7.30899901430771	1.32422474909441	2.21978221323474	100	miss
#4283C9	9.690127707741	9.81410388862457	7.82769735002949	8.81998254420177	100	hit
#0D3A6B	6.68924928221758	7.67579694233928	1.76871445172869	1.60524055684514	100	miss
#4283C9	0.586088934250004	0.620512448914521	7.0944384834773	6.09503114828401	100	hit
#0D3A6B	9.51452226991068	10.4346879184409	7.56974747927344	7.17821819650525	100	miss
#0D3A6B	4.1362911559335	5.13354102581078	5.40860589823333	5.33449316633286	100	miss
#4283C9	2.09013287482699	2.18029085973362	5.61544594812059	4.61951847196704	100	hit
#4283C9	6.76758210580219	6.87305830013584	6.01986693560512	7.01428876381933	100	hit
#4283C9	2.20485394392027	2.93982957918332	1.39107141037361	2.06916492573096	100	hit
#0D3A6B	7.78783135922746	8.71902999592825	7.14453604226241	6.78002390390953	100	miss
#4283C9	5.23611336275798	5.88800513390589	2.50671498516175	1.74840296579925	100	hit
#0D3A6B	3.13909457887548	4.10083436981749	8.24363802775828	8.51760257750663	100	miss
#0D3A6B	2.39578449076399	3.05523809136466	2.7843189825032	2.03257371404133	100	miss
#0D3A6B	6.17000468457508	7.05833333162201	2.74156920771354	3.20077745550073	100	miss
#0D3A6B	7.69416607798498	8.56938006939877	0.363806615961362	0.847542565869521	100	miss
#0D3A6B	2.43382183348811	3.21040171218985	6.26475490463434	6.89477370752486	100	miss
#0D3A6B	5.25703704330435	6.21131009076426	2.67813826499386	2.97707463095086	100	miss
#4283C9	6.75857246681829	6.79376244716565	3.34282599987256	4.34220664071125	100	hit
#4283C9	2.9016079162706	2.92739064754058	2.22493405447141	3.22460162460073	100	hit
#0D3A6B	5.54003288344314	6.37733831229786	6.34268432923414	5.79594890984885	100	miss
#0D3A6B	0.847982836819261	1.24798628694657	1.85776246001047	2.7742760932349	100	miss
#0D3A6B	4.73036484310487	5.59584078395656	8.39623004682934	7.8952795544582	100	miss
#4283C9	-0.0455386059970273	0.681301453957023	3.07730542706274	2.39049866585112	100	hit
#0D3A6B	1.56233441917788	2.41683233627487	1.50054211754189	0.981087297873333	101	miss
#4283C9	5.25061492577388	5.8520913147162	8.24592171004299	7.44703113333996	101	hit
#4283C9	-0.0334661034170937	0.383092276682372	7.12091416275359	8.03002313090258	101	hit
#4283C9	3.00850058585024	3.49494731374466	2.08223467700742	1.20852443847246	101	hit
#0D3A6B	1.86923610317457	2.83261098627996	7.52825648922807	7.2600982624259	101	miss
#4283C9	3.5321544824767	3.94747589094163	8.27034377803498	7.36066904074109	101	hit
#0D3A6B	9.57643428422159	10.383650329191	9.10064236736705	8.51038627316396	101	miss
#4283C9	6.3036622488919	6.74013843666284	3.9851017742594	4.88481758356195	101	hit
#4283C9	9.2804288935819	9.8279662684566	2.17883874812462	3.01561997587494	101	hit
#0D3A6B	2.60703855286875	3.45087224059215	6.5044373051276	7.04104210147508	101	miss
#4283C9	9.44935387730299	9.53784942362757	0.0981682768099013	1.09424484930858	101	hit
#0D3A6B	1.55412322966159	2.41261090958714	6.08072931160134	6.59356349865991	101	miss
#4283C9	5.34235492980771	5.87123260201223	8.01566518368147	7.16696711732127	101	hit
#0D3A6B	5.60227136947534	6.59503487050214	6.36241008643778	6.4824960182908	101	miss
#0D3A6B	9.15462976355966	10.012921690597	0.578606023518125	0.0654442868477303	101	miss
#0D3A6B	8.97952352212304	9.85291770166224	4.2506617383795	4.73767570855598	101	miss
#0D3A6B	9.52903699039218	10.1819635377944	1.23539832378641	1.99281955645516	101	miss
#4283C9	3.16899323151594	3.73038952923233	4.58675464203957	5.41430173853036	101	hit
#0D3A6B	6.3896034786043	7.15704992995287	1.3440067032834	1.98511975440035	101	miss
#0D3A6B	6.48673560134627	7.26482273880831	7.27727289336577	6.64911653821513	101	miss
#0D3A6B	6.55191098430765	7.52732879391301	9.57611004416772	9.35574648841343	101	miss
#0D3A6B	3.83038989758562	4.18917592590232	6.02705894492586	5.0936391112579	101	miss
#0D3A6B	1.87544574184862	2.84297914089117	9.87512158338452	9.62237839012867	101	miss
#4283C9	1.00202896261842	1.64385205039501	8.16585612911401	7.3990033896673	101	hit
#0D3A6B	3.54427647851181	4.51091394685435	0.622112076092719	0.878260479945482	101	miss
#4283C9	-0.47716274146127	0.521362430752688	7.61426083449807	7.55997013128762	101	hit
#4283C9	3.53153431615068	3.75141925351488	8.89208384891069	7.91655803463393	101	hit
#4283C9	7.60669511294966	7.74489198793615	6.90025225632574	5.90984747859899	101	hit
#0D3A6B	4.37553458319724	5.11096485020846	2.12241163268225	1.44481121771498	101	miss
#4283C9	2.52590405932183	2.77753971339648	9.69346210853625	8.72564007035029	101	hit
#0D3A6B	4.88137405984843	5.16248886785662	3.20361729803244	2.24394315296104	101	miss
#0D3A6B	4.83008491479837	5.75934810425109	0.405771307982044	0.0363529479508236	101	miss
#4283C9	-0.265025033435332	0.720434587268637	2.05932464898631	2.22923443670317	101	hit
#0D3A6B	0.974627292723468	1.96008702552963	3.27537898567961	3.44528812321378	101	miss
#0D3A6B	2.23496405172352	3.08105692037191	5.82527980836341	5.29224429582944	101	miss
#0D3A6B	1.23256535299137	2.18990287248031	7.9709987427357	7.68202664411931	101	miss
#4283C9	8.4054060326615	8.93127909398585	9.10312310130858	9.95368616385794	101	hit
#4283C9	0.567056484475457	0.924677067481256	4.72273559276451	3.78886862225394	101	hit
#0D3A6B	8.6011666389276	9.59034169520245	4.42752151537271	4.57426178947507	101	miss
#0D3A6B	0.691632064030001	1.46458265002029	4.97792263864681	4.34345641289696	101	miss
#4283C9	7.3478416162493	7.93200089177616	0.955990969466668	0.144351923575002	101	hit
#4283C9	5.05312048722132	5.8585023937367	0.772856991456584	1.36561325220601	101	hit
#0D3A6B	5.44517086721007	6.24581359890308	3.56481147668275	4.16395354346421	101	miss
#4283C9	1.25364977432216	1.79413204981213	6.67819665403996	7.51955205449876	101	hit
#4283C9	7.11708459859878	7.39052873713732	7.62884209770443	8.59072998259483	101	hit
#4283C9	0.577025773416674	0.597541568387831	3.77107398929478	2.77128446036546	101	hit
#4283C9	5.0770361954126	5.25368236007509	6.57630336456581	7.56057778387682	101	hit
#4283C9	4.25269523210635	4.94155340787212	2.37247499334415	1.64757885341743	101	hit
#0D3A6B	6.64059390834032	7.25752600414248	1.84810587530737	2.63512225961531	101	miss
#0D3A6B	7.47455283401258	8.47039908768885	1.23159481825566	1.14054406845684	101	miss
#4283C9	6.06473326449075	6.87901811442545	5.6659174374159	6.24638292576712	101	hit
#0D3A6B	3.46516562218036	4.46208327019398	1.32140167274515	1.24294657043179	101	miss
#0D3A6B	9.53562853847112	10.1342266705963	6.75986743035362	5.95881794610425	101	miss
#4283C9	3.13670302090399	3.17433557658292	0.607905272363857	1.60719691685663	101	hit
#4283C9	6.6696266946209	6.7582529527309	5.28874805764358	4.29268310676266	101	hit
#0D3A6B	8.46226866286967	9.40286726760891	0.922743007109521	1.26226364678049	101	miss
#0D3A6B	7.48914604090942	8.14849095869021	0.171774827784556	0.92361542219047	101	miss
#4283C9	1.24666641144385	1.64293004987458	4.32755083062051	5.24568760085555	101	hit
#0D3A6B	5.13964837615228	6.0780220458951	5.08057147063701	4.73494905247899	101	miss
#4283C9	2.45284055395305	2.87794932221741	3.48067067533307	4.38581294876016	101	hit
#0D3A6B	5.62505997907003	6.62260817639897	4.55824531268409	4.62822812490084	101	miss
#0D3A6B	6.65105708026246	7.65071602921083	1.81155958670781	1.78544472910806	101	miss
#0D3A6B	5.92058313086484	6.90023161463584	6.62406421553194	6.42334339387864	101	miss
#0D3A6B	5.74268639624969	6.48695241122587	3.58535235746479	2.91746906006062	101	miss
#0D3A6B	5.7082448653752	6.70647351668533	9.13284562078693	9.19233981969378	101	miss
#4283C9	0.667027042217244	0.829342060752522	5.70637266996165	4.71963367977331	101	hit
#0D3A6B	8.19720372973069	9.15734723726229	9.67908886142995	9.39958135715697	101	miss
#0D3A6B	4.39255639593556	5.39171038978294	0.335358848515735	0.376484224852338	101	miss
#0D3A6B	2.69808314829945	3.54025463484347	3.01875904812416	2.47954926774899	101	miss
#4283C9	9.54777593484808	9.56777886727165	3.9298026840363	4.92960260536779	101	hit
#4283C9	4.26170531204165	4.67837250781982	3.66314529513625	2.75408619476798	101	hit
#0D3A6B	6.33948462906383	7.33945056439288	0.814059084161308	0.822313063898001	101	miss
#0D3A6B	9.46249967002059	10.4023670262775	4.96278657420216	5.30432625365766	101	miss
#0D3A6B	7.85306744021955	8.71139178773729	3.12523401166594	2.6121265039658	101	miss
#4283C9	8.14705067884406	8.27332368947336	4.2730095829859	3.28101405538176	101	hit
#0D3A6B	1.65706840016932	2.43195466092735	4.7921035819066	5.42420427237328	101	miss
#4283C9	4.57195088971423	4.80092467967404	5.91119362150671	6.88462620957403	101	hit
#0D3A6B	6.86405314296767	7.30899901430771	1.32422474909441	2.21978221323474	101	miss
#4283C9	9.690127707741	9.81410388862457	7.82769735002949	8.81998254420177	101	hit
#0D3A6B	6.68924928221758	7.67579694233928	1.76871445172869	1.60524055684514	101	miss
#4283C9	0.586088934250004	0.620512448914521	7.0944384834773	6.09503114828401	101	hit
#0D3A6B	9.51452226991068	10.4346879184409	7.56974747927344	7.17821819650525	101	miss
#0D3A6B	4.1362911559335	5.13354102581078	5.40860589823333	5.33449316633286	101	miss
#4283C9	2.09013287482699	2.18029085973362	5.61544594812059	4.61951847196704	101	hit
#4283C9	6.76758210580219	6.87305830013584	6.01986693560512	7.01428876381933	101	hit
#4283C9	2.20485394392027	2.93982957918332	1.39107141037361	2.06916492573096	101	hit
#0D3A6B	7.78783135922746	8.71902999592825	7.14453604226241	6.78002390390953	101	miss
#4283C9	5.23611336275798	5.88800513390589	2.50671498516175	1.74840296579925	101	hit
#0D3A6B	3.13909457887548	4.10083436981749	8.24363802775828	8.51760257750663	101	miss
#0D3A6B	2.39578449076399	3.05523809136466	2.7843189825032	2.03257371404133	101	miss
#0D3A6B	6.17000468457508	7.05833333162201	2.74156920771354	3.20077745550073	101	miss
#0D3A6B	7.69416607798498	8.56938006939877	0.363806615961362	0.847542565869521	101	miss
#0D3A6B	2.43382183348811	3.21040171218985	6.26475490463434	6.89477370752486	101	miss
#0D3A6B	5.25703704330435	6.21131009076426	2.67813826499386	2.97707463095086	101	miss
#4283C9	6.75857246681829	6.79376244716565	3.34282599987256	4.34220664071125	101	hit
#4283C9	2.9016079162706	2.92739064754058	2.22493405447141	3.22460162460073	101	hit
#0D3A6B	5.54003288344314	6.37733831229786	6.34268432923414	5.79594890984885	101	miss
#0D3A6B	0.847982836819261	1.24798628694657	1.85776246001047	2.7742760932349	101	miss
#0D3A6B	4.73036484310487	5.59584078395656	8.39623004682934	7.8952795544582	101	miss
#4283C9	-0.0455386059970273	0.681301453957023	3.07730542706274	2.39049866585112	101	hit
#4283C9	5.44023831137313	5.6335331663038	6.95801683420755	5.97687612102858	101	hit
#0D3A6B	1.56233441917788	2.41683233627487	1.50054211754189	0.981087297873333	102	miss
#4283C9	5.25061492577388	5.8520913147162	8.24592171004299	7.44703113333996	102	hit
#4283C9	-0.0334661034170937	0.383092276682372	7.12091416275359	8.03002313090258	102	hit
#4283C9	3.00850058585024	3.49494731374466	2.08223467700742	1.20852443847246	102	hit
#0D3A6B	1.86923610317457	2.83261098627996	7.52825648922807	7.2600982624259	102	miss
#4283C9	3.5321544824767	3.94747589094163	8.27034377803498	7.36066904074109	102	hit
#0D3A6B	9.57643428422159	10.383650329191	9.10064236736705	8.51038627316396	102	miss
#4283C9	6.3036622488919	6.74013843666284	3.9851017742594	4.88481758356195	102	hit
#4283C9	9.2804288935819	9.8279662684566	2.17883874812462	3.01561997587494	102	hit
#0D3A6B	2.60703855286875	3.45087224059215	6.5044373051276	7.04104210147508	102	miss
#4283C9	9.44935387730299	9.53784942362757	0.0981682768099013	1.09424484930858	102	hit
#0D3A6B	1.55412322966159	2.41261090958714	6.08072931160134	6.59356349865991	102	miss
#4283C9	5.34235492980771	5.87123260201223	8.01566518368147	7.16696711732127	102	hit
#0D3A6B	5.60227136947534	6.59503487050214	6.36241008643778	6.4824960182908	102	miss
#0D3A6B	9.15462976355966	10.012921690597	0.578606023518125	0.0654442868477303	102	miss
#0D3A6B	8.97952352212304	9.85291770166224	4.2506617383795	4.73767570855598	102	miss
#0D3A6B	9.52903699039218	10.1819635377944	1.23539832378641	1.99281955645516	102	miss
#4283C9	3.16899323151594	3.73038952923233	4.58675464203957	5.41430173853036	102	hit
#0D3A6B	6.3896034786043	7.15704992995287	1.3440067032834	1.98511975440035	102	miss
#0D3A6B	6.48673560134627	7.26482273880831	7.27727289336577	6.64911653821513	102	miss
#0D3A6B	6.55191098430765	7.52732879391301	9.57611004416772	9.35574648841343	102	miss
#0D3A6B	3.83038989758562	4.18917592590232	6.02705894492586	5.0936391112579	102	miss
#0D3A6B	1.87544574184862	2.84297914089117	9.87512158338452	9.62237839012867	102	miss
#4283C9	1.00202896261842	1.64385205039501	8.16585612911401	7.3990033896673	102	hit
#0D3A6B	3.54427647851181	4.51091394685435	0.622112076092719	0.878260479945482	102	miss
#4283C9	-0.47716274146127	0.521362430752688	7.61426083449807	7.55997013128762	102	hit
#4283C9	3.53153431615068	3.75141925351488	8.89208384891069	7.91655803463393	102	hit
#4283C9	7.60669511294966	7.74489198793615	6.90025225632574	5.90984747859899	102	hit
#0D3A6B	4.37553458319724	5.11096485020846	2.12241163268225	1.44481121771498	102	miss
#4283C9	2.52590405932183	2.77753971339648	9.69346210853625	8.72564007035029	102	hit
#0D3A6B	4.88137405984843	5.16248886785662	3.20361729803244	2.24394315296104	102	miss
#0D3A6B	4.83008491479837	5.75934810425109	0.405771307982044	0.0363529479508236	102	miss
#4283C9	-0.265025033435332	0.720434587268637	2.05932464898631	2.22923443670317	102	hit
#0D3A6B	0.974627292723468	1.96008702552963	3.27537898567961	3.44528812321378	102	miss
#0D3A6B	2.23496405172352	3.08105692037191	5.82527980836341	5.29224429582944	102	miss
#0D3A6B	1.23256535299137	2.18990287248031	7.9709987427357	7.68202664411931	102	miss
#4283C9	8.4054060326615	8.93127909398585	9.10312310130858	9.95368616385794	102	hit
#4283C9	0.567056484475457	0.924677067481256	4.72273559276451	3.78886862225394	102	hit
#0D3A6B	8.6011666389276	9.59034169520245	4.42752151537271	4.57426178947507	102	miss
#0D3A6B	0.691632064030001	1.46458265002029	4.97792263864681	4.34345641289696	102	miss
#4283C9	7.3478416162493	7.93200089177616	0.955990969466668	0.144351923575002	102	hit
#4283C9	5.05312048722132	5.8585023937367	0.772856991456584	1.36561325220601	102	hit
#0D3A6B	5.44517086721007	6.24581359890308	3.56481147668275	4.16395354346421	102	miss
#4283C9	1.25364977432216	1.79413204981213	6.67819665403996	7.51955205449876	102	hit
#4283C9	7.11708459859878	7.39052873713732	7.62884209770443	8.59072998259483	102	hit
#4283C9	0.577025773416674	0.597541568387831	3.77107398929478	2.77128446036546	102	hit
#4283C9	5.0770361954126	5.25368236007509	6.57630336456581	7.56057778387682	102	hit
#4283C9	4.25269523210635	4.94155340787212	2.37247499334415	1.64757885341743	102	hit
#0D3A6B	6.64059390834032	7.25752600414248	1.84810587530737	2.63512225961531	102	miss
#0D3A6B	7.47455283401258	8.47039908768885	1.23159481825566	1.14054406845684	102	miss
#4283C9	6.06473326449075	6.87901811442545	5.6659174374159	6.24638292576712	102	hit
#0D3A6B	3.46516562218036	4.46208327019398	1.32140167274515	1.24294657043179	102	miss
#0D3A6B	9.53562853847112	10.1342266705963	6.75986743035362	5.95881794610425	102	miss
#4283C9	3.13670302090399	3.17433557658292	0.607905272363857	1.60719691685663	102	hit
#4283C9	6.6696266946209	6.7582529527309	5.28874805764358	4.29268310676266	102	hit
#0D3A6B	8.46226866286967	9.40286726760891	0.922743007109521	1.26226364678049	102	miss
#0D3A6B	7.48914604090942	8.14849095869021	0.171774827784556	0.92361542219047	102	miss
#4283C9	1.24666641144385	1.64293004987458	4.32755083062051	5.24568760085555	102	hit
#0D3A6B	5.13964837615228	6.0780220458951	5.08057147063701	4.73494905247899	102	miss
#4283C9	2.45284055395305	2.87794932221741	3.48067067533307	4.38581294876016	102	hit
#0D3A6B	5.62505997907003	6.62260817639897	4.55824531268409	4.62822812490084	102	miss
#0D3A6B	6.65105708026246	7.65071602921083	1.81155958670781	1.78544472910806	102	miss
#0D3A6B	5.92058313086484	6.90023161463584	6.62406421553194	6.42334339387864	102	miss
#0D3A6B	5.74268639624969	6.48695241122587	3.58535235746479	2.91746906006062	102	miss
#0D3A6B	5.7082448653752	6.70647351668533	9.13284562078693	9.19233981969378	102	miss
#4283C9	0.667027042217244	0.829342060752522	5.70637266996165	4.71963367977331	102	hit
#0D3A6B	8.19720372973069	9.15734723726229	9.67908886142995	9.39958135715697	102	miss
#0D3A6B	4.39255639593556	5.39171038978294	0.335358848515735	0.376484224852338	102	miss
#0D3A6B	2.69808314829945	3.54025463484347	3.01875904812416	2.47954926774899	102	miss
#4283C9	9.54777593484808	9.56777886727165	3.9298026840363	4.92960260536779	102	hit
#4283C9	4.26170531204165	4.67837250781982	3.66314529513625	2.75408619476798	102	hit
#0D3A6B	6.33948462906383	7.33945056439288	0.814059084161308	0.822313063898001	102	miss
#0D3A6B	9.46249967002059	10.4023670262775	4.96278657420216	5.30432625365766	102	miss
#0D3A6B	7.85306744021955	8.71139178773729	3.12523401166594	2.6121265039658	102	miss
#4283C9	8.14705067884406	8.27332368947336	4.2730095829859	3.28101405538176	102	hit
#0D3A6B	1.65706840016932	2.43195466092735	4.7921035819066	5.42420427237328	102	miss
#4283C9	4.57195088971423	4.80092467967404	5.91119362150671	6.88462620957403	102	hit
#0D3A6B	6.86405314296767	7.30899901430771	1.32422474909441	2.21978221323474	102	miss
#4283C9	9.690127707741	9.81410388862457	7.82769735002949	8.81998254420177	102	hit
#0D3A6B	6.68924928221758	7.67579694233928	1.76871445172869	1.60524055684514	102	miss
#4283C9	0.586088934250004	0.620512448914521	7.0944384834773	6.09503114828401	102	hit
#0D3A6B	9.51452226991068	10.4346879184409	7.56974747927344	7.17821819650525	102	miss
#0D3A6B	4.1362911559335	5.13354102581078	5.40860589823333	5.33449316633286	102	miss
#4283C9	2.09013287482699	2.18029085973362	5.61544594812059	4.61951847196704	102	hit
#4283C9	6.76758210580219	6.87305830013584	6.01986693560512	7.01428876381933	102	hit
#4283C9	2.20485394392027	2.93982957918332	1.39107141037361	2.06916492573096	102	hit
#0D3A6B	7.78783135922746	8.71902999592825	7.14453604226241	6.78002390390953	102	miss
#4283C9	5.23611336275798	5.88800513390589	2.50671498516175	1.74840296579925	102	hit
#0D3A6B	3.13909457887548	4.10083436981749	8.24363802775828	8.51760257750663	102	miss
#0D3A6B	2.39578449076399	3.05523809136466	2.7843189825032	2.03257371404133	102	miss
#0D3A6B	6.17000468457508	7.05833333162201	2.74156920771354	3.20077745550073	102	miss
#0D3A6B	7.69416607798498	8.56938006939877	0.363806615961362	0.847542565869521	102	miss
#0D3A6B	2.43382183348811	3.21040171218985	6.26475490463434	6.89477370752486	102	miss
#0D3A6B	5.25703704330435	6.21131009076426	2.67813826499386	2.97707463095086	102	miss
#4283C9	6.75857246681829	6.79376244716565	3.34282599987256	4.34220664071125	102	hit
#4283C9	2.9016079162706	2.92739064754058	2.22493405447141	3.22460162460073	102	hit
#0D3A6B	5.54003288344314	6.37733831229786	6.34268432923414	5.79594890984885	102	miss
#0D3A6B	0.847982836819261	1.24798628694657	1.85776246001047	2.7742760932349	102	miss
#0D3A6B	4.73036484310487	5.59584078395656	8.39623004682934	7.8952795544582	102	miss
#4283C9	-0.0455386059970273	0.681301453957023	3.07730542706274	2.39049866585112	102	hit
#4283C9	5.44023831137313	5.6335331663038	6.95801683420755	5.97687612102858	102	hit
#4283C9	8.10241227976267	8.96919421379234	0.828071976533247	1.32675933233826	102	hit
#0D3A6B	1.56233441917788	2.41683233627487	1.50054211754189	0.981087297873333	103	miss
#4283C9	5.25061492577388	5.8520913147162	8.24592171004299	7.44703113333996	103	hit
#4283C9	-0.0334661034170937	0.383092276682372	7.12091416275359	8.03002313090258	103	hit
#4283C9	3.00850058585024	3.49494731374466	2.08223467700742	1.20852443847246	103	hit
#0D3A6B	1.86923610317457	2.83261098627996	7.52825648922807	7.2600982624259	103	miss
#4283C9	3.5321544824767	3.94747589094163	8.27034377803498	7.36066904074109	103	hit
#0D3A6B	9.57643428422159	10.383650329191	9.10064236736705	8.51038627316396	103	miss
#4283C9	6.3036622488919	6.74013843666284	3.9851017742594	4.88481758356195	103	hit
#4283C9	9.2804288935819	9.8279662684566	2.17883874812462	3.01561997587494	103	hit
#0D3A6B	2.60703855286875	3.45087224059215	6.5044373051276	7.04104210147508	103	miss
#4283C9	9.44935387730299	9.53784942362757	0.0981682768099013	1.09424484930858	103	hit
#0D3A6B	1.55412322966159	2.41261090958714	6.08072931160134	6.59356349865991	103	miss
#4283C9	5.34235492980771	5.87123260201223	8.01566518368147	7.16696711732127	103	hit
#0D3A6B	5.60227136947534	6.59503487050214	6.36241008643778	6.4824960182908	103	miss
#0D3A6B	9.15462976355966	10.012921690597	0.578606023518125	0.0654442868477303	103	miss
#0D3A6B	8.97952352212304	9.85291770166224	4.2506617383795	4.73767570855598	103	miss
#0D3A6B	9.52903699039218	10.1819635377944	1.23539832378641	1.99281955645516	103	miss
#4283C9	3.16899323151594	3.73038952923233	4.58675464203957	5.41430173853036	103	hit
#0D3A6B	6.3896034786043	7.15704992995287	1.3440067032834	1.98511975440035	103	miss
#0D3A6B	6.48673560134627	7.26482273880831	7.27727289336577	6.64911653821513	103	miss
#0D3A6B	6.55191098430765	7.52732879391301	9.57611004416772	9.35574648841343	103	miss
#0D3A6B	3.83038989758562	4.18917592590232	6.02705894492586	5.0936391112579	103	miss
#0D3A6B	1.87544574184862	2.84297914089117	9.87512158338452	9.62237839012867	103	miss
#4283C9	1.00202896261842	1.64385205039501	8.16585612911401	7.3990033896673	103	hit
#0D3A6B	3.54427647851181	4.51091394685435	0.622112076092719	0.878260479945482	103	miss
#4283C9	-0.47716274146127	0.521362430752688	7.61426083449807	7.55997013128762	103	hit
#4283C9	3.53153431615068	3.75141925351488	8.89208384891069	7.91655803463393	103	hit
#4283C9	7.60669511294966	7.74489198793615	6.90025225632574	5.90984747859899	103	hit
#0D3A6B	4.37553458319724	5.11096485020846	2.12241163268225	1.44481121771498	103	miss
#4283C9	2.52590405932183	2.77753971339648	9.69346210853625	8.72564007035029	103	hit
#0D3A6B	4.88137405984843	5.16248886785662	3.20361729803244	2.24394315296104	103	miss
#0D3A6B	4.83008491479837	5.75934810425109	0.405771307982044	0.0363529479508236	103	miss
#4283C9	-0.265025033435332	0.720434587268637	2.05932464898631	2.22923443670317	103	hit
#0D3A6B	0.974627292723468	1.96008702552963	3.27537898567961	3.44528812321378	103	miss
#0D3A6B	2.23496405172352	3.08105692037191	5.82527980836341	5.29224429582944	103	miss
#0D3A6B	1.23256535299137	2.18990287248031	7.9709987427357	7.68202664411931	103	miss
#4283C9	8.4054060326615	8.93127909398585	9.10312310130858	9.95368616385794	103	hit
#4283C9	0.567056484475457	0.924677067481256	4.72273559276451	3.78886862225394	103	hit
#0D3A6B	8.6011666389276	9.59034169520245	4.42752151537271	4.57426178947507	103	miss
#0D3A6B	0.691632064030001	1.46458265002029	4.97792263864681	4.34345641289696	103	miss
#4283C9	7.3478416162493	7.93200089177616	0.955990969466668	0.144351923575002	103	hit
#4283C9	5.05312048722132	5.8585023937367	0.772856991456584	1.36561325220601	103	hit
#0D3A6B	5.44517086721007	6.24581359890308	3.56481147668275	4.16395354346421	103	miss
#4283C9	1.25364977432216	1.79413204981213	6.67819665403996	7.51955205449876	103	hit
#4283C9	7.11708459859878	7.39052873713732	7.62884209770443	8.59072998259483	103	hit
#4283C9	0.577025773416674	0.597541568387831	3.77107398929478	2.77128446036546	103	hit
#4283C9	5.0770361954126	5.25368236007509	6.57630336456581	7.56057778387682	103	hit
#4283C9	4.25269523210635	4.94155340787212	2.37247499334415	1.64757885341743	103	hit
#0D3A6B	6.64059390834032	7.25752600414248	1.84810587530737	2.63512225961531	103	miss
#0D3A6B	7.47455283401258	8.47039908768885	1.23159481825566	1.14054406845684	103	miss
#4283C9	6.06473326449075	6.87901811442545	5.6659174374159	6.24638292576712	103	hit
#0D3A6B	3.46516562218036	4.46208327019398	1.32140167274515	1.24294657043179	103	miss
#0D3A6B	9.53562853847112	10.1342266705963	6.75986743035362	5.95881794610425	103	miss
#4283C9	3.13670302090399	3.17433557658292	0.607905272363857	1.60719691685663	103	hit
#4283C9	6.6696266946209	6.7582529527309	5.28874805764358	4.29268310676266	103	hit
#0D3A6B	8.46226866286967	9.40286726760891	0.922743007109521	1.26226364678049	103	miss
#0D3A6B	7.48914604090942	8.14849095869021	0.171774827784556	0.92361542219047	103	miss
#4283C9	1.24666641144385	1.64293004987458	4.32755083062051	5.24568760085555	103	hit
#0D3A6B	5.13964837615228	6.0780220458951	5.08057147063701	4.73494905247899	103	miss
#4283C9	2.45284055395305	2.87794932221741	3.48067067533307	4.38581294876016	103	hit
#0D3A6B	5.62505997907003	6.62260817639897	4.55824531268409	4.62822812490084	103	miss
#0D3A6B	6.65105708026246	7.65071602921083	1.81155958670781	1.78544472910806	103	miss
#0D3A6B	5.92058313086484	6.90023161463584	6.62406421553194	6.42334339387864	103	miss
#0D3A6B	5.74268639624969	6.48695241122587	3.58535235746479	2.91746906006062	103	miss
#0D3A6B	5.7082448653752	6.70647351668533	9.13284562078693	9.19233981969378	103	miss
#4283C9	0.667027042217244	0.829342060752522	5.70637266996165	4.71963367977331	103	hit
#0D3A6B	8.19720372973069	9.15734723726229	9.67908886142995	9.39958135715697	103	miss
#0D3A6B	4.39255639593556	5.39171038978294	0.335358848515735	0.376484224852338	103	miss
#0D3A6B	2.69808314829945	3.54025463484347	3.01875904812416	2.47954926774899	103	miss
#4283C9	9.54777593484808	9.56777886727165	3.9298026840363	4.92960260536779	103	hit
#4283C9	4.26170531204165	4.67837250781982	3.66314529513625	2.75408619476798	103	hit
#0D3A6B	6.33948462906383	7.33945056439288	0.814059084161308	0.822313063898001	103	miss
#0D3A6B	9.46249967002059	10.4023670262775	4.96278657420216	5.30432625365766	103	miss
#0D3A6B	7.85306744021955	8.71139178773729	3.12523401166594	2.6121265039658	103	miss
#4283C9	8.14705067884406	8.27332368947336	4.2730095829859	3.28101405538176	103	hit
#0D3A6B	1.65706840016932	2.43195466092735	4.7921035819066	5.42420427237328	103	miss
#4283C9	4.57195088971423	4.80092467967404	5.91119362150671	6.88462620957403	103	hit
#0D3A6B	6.86405314296767	7.30899901430771	1.32422474909441	2.21978221323474	103	miss
#4283C9	9.690127707741	9.81410388862457	7.82769735002949	8.81998254420177	103	hit
#0D3A6B	6.68924928221758	7.67579694233928	1.76871445172869	1.60524055684514	103	miss
#4283C9	0.586088934250004	0.620512448914521	7.0944384834773	6.09503114828401	103	hit
#0D3A6B	9.51452226991068	10.4346879184409	7.56974747927344	7.17821819650525	103	miss
#0D3A6B	4.1362911559335	5.13354102581078	5.40860589823333	5.33449316633286	103	miss
#4283C9	2.09013287482699	2.18029085973362	5.61544594812059	4.61951847196704	103	hit
#4283C9	6.76758210580219	6.87305830013584	6.01986693560512	7.01428876381933	103	hit
#4283C9	2.20485394392027	2.93982957918332	1.39107141037361	2.06916492573096	103	hit
#0D3A6B	7.78783135922746	8.71902999592825	7.14453604226241	6.78002390390953	103	miss
#4283C9	5.23611336275798	5.88800513390589	2.50671498516175	1.74840296579925	103	hit
#0D3A6B	3.13909457887548	4.10083436981749	8.24363802775828	8.51760257750663	103	miss
#0D3A6B	2.39578449076399	3.05523809136466	2.7843189825032	2.03257371404133	103	miss
#0D3A6B	6.17000468457508	7.05833333162201	2.74156920771354	3.20077745550073	103	miss
#0D3A6B	7.69416607798498	8.56938006939877	0.363806615961362	0.847542565869521	103	miss
#0D3A6B	2.43382183348811	3.21040171218985	6.26475490463434	6.89477370752486	103	miss
#0D3A6B	5.25703704330435	6.21131009076426	2.67813826499386	2.97707463095086	103	miss
#4283C9	6.75857246681829	6.79376244716565	3.34282599987256	4.34220664071125	103	hit
#4283C9	2.9016079162706	2.92739064754058	2.22493405447141	3.22460162460073	103	hit
#0D3A6B	5.54003288344314	6.37733831229786	6.34268432923414	5.79594890984885	103	miss
#0D3A6B	0.847982836819261	1.24798628694657	1.85776246001047	2.7742760932349	103	miss
#0D3A6B	4.73036484310487	5.59584078395656	8.39623004682934	7.8952795544582	103	miss
#4283C9	-0.0455386059970273	0.681301453957023	3.07730542706274	2.39049866585112	103	hit
#4283C9	5.44023831137313	5.6335331663038	6.95801683420755	5.97687612102858	103	hit
#4283C9	8.10241227976267	8.96919421379234	0.828071976533247	1.32675933233826	103	hit
#4283C9	8.49859939859171	8.97108439385037	6.57273661642683	7.45407533068794	103	hit
#0D3A6B	1.56233441917788	2.41683233627487	1.50054211754189	0.981087297873333	104	miss
#4283C9	5.25061492577388	5.8520913147162	8.24592171004299	7.44703113333996	104	hit
#4283C9	-0.0334661034170937	0.383092276682372	7.12091416275359	8.03002313090258	104	hit
#4283C9	3.00850058585024	3.49494731374466	2.08223467700742	1.20852443847246	104	hit
#0D3A6B	1.86923610317457	2.83261098627996	7.52825648922807	7.2600982624259	104	miss
#4283C9	3.5321544824767	3.94747589094163	8.27034377803498	7.36066904074109	104	hit
#0D3A6B	9.57643428422159	10.383650329191	9.10064236736705	8.51038627316396	104	miss
#4283C9	6.3036622488919	6.74013843666284	3.9851017742594	4.88481758356195	104	hit
#4283C9	9.2804288935819	9.8279662684566	2.17883874812462	3.01561997587494	104	hit
#0D3A6B	2.60703855286875	3.45087224059215	6.5044373051276	7.04104210147508	104	miss
#4283C9	9.44935387730299	9.53784942362757	0.0981682768099013	1.09424484930858	104	hit
#0D3A6B	1.55412322966159	2.41261090958714	6.08072931160134	6.59356349865991	104	miss
#4283C9	5.34235492980771	5.87123260201223	8.01566518368147	7.16696711732127	104	hit
#0D3A6B	5.60227136947534	6.59503487050214	6.36241008643778	6.4824960182908	104	miss
#0D3A6B	9.15462976355966	10.012921690597	0.578606023518125	0.0654442868477303	104	miss
#0D3A6B	8.97952352212304	9.85291770166224	4.2506617383795	4.73767570855598	104	miss
#0D3A6B	9.52903699039218	10.1819635377944	1.23539832378641	1.99281955645516	104	miss
#4283C9	3.16899323151594	3.73038952923233	4.58675464203957	5.41430173853036	104	hit
#0D3A6B	6.3896034786043	7.15704992995287	1.3440067032834	1.98511975440035	104	miss
#0D3A6B	6.48673560134627	7.26482273880831	7.27727289336577	6.64911653821513	104	miss
#0D3A6B	6.55191098430765	7.52732879391301	9.57611004416772	9.35574648841343	104	miss
#0D3A6B	3.83038989758562	4.18917592590232	6.02705894492586	5.0936391112579	104	miss
#0D3A6B	1.87544574184862	2.84297914089117	9.87512158338452	9.62237839012867	104	miss
#4283C9	1.00202896261842	1.64385205039501	8.16585612911401	7.3990033896673	104	hit
#0D3A6B	3.54427647851181	4.51091394685435	0.622112076092719	0.878260479945482	104	miss
#4283C9	-0.47716274146127	0.521362430752688	7.61426083449807	7.55997013128762	104	hit
#4283C9	3.53153431615068	3.75141925351488	8.89208384891069	7.91655803463393	104	hit
#4283C9	7.60669511294966	7.74489198793615	6.90025225632574	5.90984747859899	104	hit
#0D3A6B	4.37553458319724	5.11096485020846	2.12241163268225	1.44481121771498	104	miss
#4283C9	2.52590405932183	2.77753971339648	9.69346210853625	8.72564007035029	104	hit
#0D3A6B	4.88137405984843	5.16248886785662	3.20361729803244	2.24394315296104	104	miss
#0D3A6B	4.83008491479837	5.75934810425109	0.405771307982044	0.0363529479508236	104	miss
#4283C9	-0.265025033435332	0.720434587268637	2.05932464898631	2.22923443670317	104	hit
#0D3A6B	0.974627292723468	1.96008702552963	3.27537898567961	3.44528812321378	104	miss
#0D3A6B	2.23496405172352	3.08105692037191	5.82527980836341	5.29224429582944	104	miss
#0D3A6B	1.23256535299137	2.18990287248031	7.9709987427357	7.68202664411931	104	miss
#4283C9	8.4054060326615	8.93127909398585	9.10312310130858	9.95368616385794	104	hit
#4283C9	0.567056484475457	0.924677067481256	4.72273559276451	3.78886862225394	104	hit
#0D3A6B	8.6011666389276	9.59034169520245	4.42752151537271	4.57426178947507	104	miss
#0D3A6B	0.691632064030001	1.46458265002029	4.97792263864681	4.34345641289696	104	miss
#4283C9	7.3478416162493	7.93200089177616	0.955990969466668	0.144351923575002	104	hit
#4283C9	5.05312048722132	5.8585023937367	0.772856991456584	1.36561325220601	104	hit
#0D3A6B	5.44517086721007	6.24581359890308	3.56481147668275	4.16395354346421	104	miss
#4283C9	1.25364977432216	1.79413204981213	6.67819665403996	7.51955205449876	104	hit
#4283C9	7.11708459859878	7.39052873713732	7.62884209770443	8.59072998259483	104	hit
#4283C9	0.577025773416674	0.597541568387831	3.77107398929478	2.77128446036546	104	hit
#4283C9	5.0770361954126	5.25368236007509	6.57630336456581	7.56057778387682	104	hit
#4283C9	4.25269523210635	4.94155340787212	2.37247499334415	1.64757885341743	104	hit
#0D3A6B	6.64059390834032	7.25752600414248	1.84810587530737	2.63512225961531	104	miss
#0D3A6B	7.47455283401258	8.47039908768885	1.23159481825566	1.14054406845684	104	miss
#4283C9	6.06473326449075	6.87901811442545	5.6659174374159	6.24638292576712	104	hit
#0D3A6B	3.46516562218036	4.46208327019398	1.32140167274515	1.24294657043179	104	miss
#0D3A6B	9.53562853847112	10.1342266705963	6.75986743035362	5.95881794610425	104	miss
#4283C9	3.13670302090399	3.17433557658292	0.607905272363857	1.60719691685663	104	hit
#4283C9	6.6696266946209	6.7582529527309	5.28874805764358	4.29268310676266	104	hit
#0D3A6B	8.46226866286967	9.40286726760891	0.922743007109521	1.26226364678049	104	miss
#0D3A6B	7.48914604090942	8.14849095869021	0.171774827784556	0.92361542219047	104	miss
#4283C9	1.24666641144385	1.64293004987458	4.32755083062051	5.24568760085555	104	hit
#0D3A6B	5.13964837615228	6.0780220458951	5.08057147063701	4.73494905247899	104	miss
#4283C9	2.45284055395305	2.87794932221741	3.48067067533307	4.38581294876016	104	hit
#0D3A6B	5.62505997907003	6.62260817639897	4.55824531268409	4.62822812490084	104	miss
#0D3A6B	6.65105708026246	7.65071602921083	1.81155958670781	1.78544472910806	104	miss
#0D3A6B	5.92058313086484	6.90023161463584	6.62406421553194	6.42334339387864	104	miss
#0D3A6B	5.74268639624969	6.48695241122587	3.58535235746479	2.91746906006062	104	miss
#0D3A6B	5.7082448653752	6.70647351668533	9.13284562078693	9.19233981969378	104	miss
#4283C9	0.667027042217244	0.829342060752522	5.70637266996165	4.71963367977331	104	hit
#0D3A6B	8.19720372973069	9.15734723726229	9.67908886142995	9.39958135715697	104	miss
#0D3A6B	4.39255639593556	5.39171038978294	0.335358848515735	0.376484224852338	104	miss
#0D3A6B	2.69808314829945	3.54025463484347	3.01875904812416	2.47954926774899	104	miss
#4283C9	9.54777593484808	9.56777886727165	3.9298026840363	4.92960260536779	104	hit
#4283C9	4.26170531204165	4.67837250781982	3.66314529513625	2.75408619476798	104	hit
#0D3A6B	6.33948462906383	7.33945056439288	0.814059084161308	0.822313063898001	104	miss
#0D3A6B	9.46249967002059	10.4023670262775	4.96278657420216	5.30432625365766	104	miss
#0D3A6B	7.85306744021955	8.71139178773729	3.12523401166594	2.6121265039658	104	miss
#4283C9	8.14705067884406	8.27332368947336	4.2730095829859	3.28101405538176	104	hit
#0D3A6B	1.65706840016932	2.43195466092735	4.7921035819066	5.42420427237328	104	miss
#4283C9	4.57195088971423	4.80092467967404	5.91119362150671	6.88462620957403	104	hit
#0D3A6B	6.86405314296767	7.30899901430771	1.32422474909441	2.21978221323474	104	miss
#4283C9	9.690127707741	9.81410388862457	7.82769735002949	8.81998254420177	104	hit
#0D3A6B	6.68924928221758	7.67579694233928	1.76871445172869	1.60524055684514	104	miss
#4283C9	0.586088934250004	0.620512448914521	7.0944384834773	6.09503114828401	104	hit
#0D3A6B	9.51452226991068	10.4346879184409	7.56974747927344	7.17821819650525	104	miss
#0D3A6B	4.1362911559335	5.13354102581078	5.40860589823333	5.33449316633286	104	miss
#4283C9	2.09013287482699	2.18029085973362	5.61544594812059	4.61951847196704	104	hit
#4283C9	6.76758210580219	6.87305830013584	6.01986693560512	7.01428876381933	104	hit
#4283C9	2.20485394392027	2.93982957918332	1.39107141037361	2.06916492573096	104	hit
#0D3A6B	7.78783135922746	8.71902999592825	7.14453604226241	6.78002390390953	104	miss
#4283C9	5.23611336275798	5.88800513390589	2.50671498516175	1.74840296579925	104	hit
#0D3A6B	3.13909457887548	4.10083436981749	8.24363802775828	8.51760257750663	104	miss
#0D3A6B	2.39578449076399	3.05523809136466	2.7843189825032	2.03257371404133	104	miss
#0D3A6B	6.17000468457508	7.05833333162201	2.74156920771354	3.20077745550073	104	miss
#0D3A6B	7.69416607798498	8.56938006939877	0.363806615961362	0.847542565869521	104	miss
#0D3A6B	2.43382183348811	3.21040171218985	6.26475490463434	6.89477370752486	104	miss
#0D3A6B	5.25703704330435	6.21131009076426	2.67813826499386	2.97707463095086	104	miss
#4283C9	6.75857246681829	6.79376244716565	3.34282599987256	4.34220664071125	104	hit
#4283C9	2.9016079162706	2.92739064754058	2.22493405447141	3.22460162460073	104	hit
#0D3A6B	5.54003288344314	6.37733831229786	6.34268432923414	5.79594890984885	104	miss
#0D3A6B	0.847982836819261	1.24798628694657	1.85776246001047	2.7742760932349	104	miss
#0D3A6B	4.73036484310487	5.59584078395656	8.39623004682934	7.8952795544582	104	miss
#4283C9	-0.0455386059970273	0.681301453957023	3.07730542706274	2.39049866585112	104	hit
#4283C9	5.44023831137313	5.6335331663038	6.95801683420755	5.97687612102858	104	hit
#4283C9	8.10241227976267	8.96919421379234	0.828071976533247	1.32675933233826	104	hit
#4283C9	8.49859939859171	8.97108439385037	6.57273661642683	7.45407533068794	104	hit
#4283C9	8.62486761436137	8.71154891885547	3.27398680439218	4.27022289661691	104	hit
#0D3A6B	1.56233441917788	2.41683233627487	1.50054211754189	0.981087297873333	105	miss
#4283C9	5.25061492577388	5.8520913147162	8.24592171004299	7.44703113333996	105	hit
#4283C9	-0.0334661034170937	0.383092276682372	7.12091416275359	8.03002313090258	105	hit
#4283C9	3.00850058585024	3.49494731374466	2.08223467700742	1.20852443847246	105	hit
#0D3A6B	1.86923610317457	2.83261098627996	7.52825648922807	7.2600982624259	105	miss
#4283C9	3.5321544824767	3.94747589094163	8.27034377803498	7.36066904074109	105	hit
#0D3A6B	9.57643428422159	10.383650329191	9.10064236736705	8.51038627316396	105	miss
#4283C9	6.3036622488919	6.74013843666284	3.9851017742594	4.88481758356195	105	hit
#4283C9	9.2804288935819	9.8279662684566	2.17883874812462	3.01561997587494	105	hit
#0D3A6B	2.60703855286875	3.45087224059215	6.5044373051276	7.04104210147508	105	miss
#4283C9	9.44935387730299	9.53784942362757	0.0981682768099013	1.09424484930858	105	hit
#0D3A6B	1.55412322966159	2.41261090958714	6.08072931160134	6.59356349865991	105	miss
#4283C9	5.34235492980771	5.87123260201223	8.01566518368147	7.16696711732127	105	hit
#0D3A6B	5.60227136947534	6.59503487050214	6.36241008643778	6.4824960182908	105	miss
#0D3A6B	9.15462976355966	10.012921690597	0.578606023518125	0.0654442868477303	105	miss
#0D3A6B	8.97952352212304	9.85291770166224	4.2506617383795	4.73767570855598	105	miss
#0D3A6B	9.52903699039218	10.1819635377944	1.23539832378641	1.99281955645516	105	miss
#4283C9	3.16899323151594	3.73038952923233	4.58675464203957	5.41430173853036	105	hit
#0D3A6B	6.3896034786043	7.15704992995287	1.3440067032834	1.98511975440035	105	miss
#0D3A6B	6.48673560134627	7.26482273880831	7.27727289336577	6.64911653821513	105	miss
#0D3A6B	6.55191098430765	7.52732879391301	9.57611004416772	9.35574648841343	105	miss
#0D3A6B	3.83038989758562	4.18917592590232	6.02705894492586	5.0936391112579	105	miss
#0D3A6B	1.87544574184862	2.84297914089117	9.87512158338452	9.62237839012867	105	miss
#4283C9	1.00202896261842	1.64385205039501	8.16585612911401	7.3990033896673	105	hit
#0D3A6B	3.54427647851181	4.51091394685435	0.622112076092719	0.878260479945482	105	miss
#4283C9	-0.47716274146127	0.521362430752688	7.61426083449807	7.55997013128762	105	hit
#4283C9	3.53153431615068	3.75141925351488	8.89208384891069	7.91655803463393	105	hit
#4283C9	7.60669511294966	7.74489198793615	6.90025225632574	5.90984747859899	105	hit
#0D3A6B	4.37553458319724	5.11096485020846	2.12241163268225	1.44481121771498	105	miss
#4283C9	2.52590405932183	2.77753971339648	9.69346210853625	8.72564007035029	105	hit
#0D3A6B	4.88137405984843	5.16248886785662	3.20361729803244	2.24394315296104	105	miss
#0D3A6B	4.83008491479837	5.75934810425109	0.405771307982044	0.0363529479508236	105	miss
#4283C9	-0.265025033435332	0.720434587268637	2.05932464898631	2.22923443670317	105	hit
#0D3A6B	0.974627292723468	1.96008702552963	3.27537898567961	3.44528812321378	105	miss
#0D3A6B	2.23496405172352	3.08105692037191	5.82527980836341	5.29224429582944	105	miss
#0D3A6B	1.23256535299137	2.18990287248031	7.9709987427357	7.68202664411931	105	miss
#4283C9	8.4054060326615	8.93127909398585	9.10312310130858	9.95368616385794	105	hit
#4283C9	0.567056484475457	0.924677067481256	4.72273559276451	3.78886862225394	105	hit
#0D3A6B	8.6011666389276	9.59034169520245	4.42752151537271	4.57426178947507	105	miss
#0D3A6B	0.691632064030001	1.46458265002029	4.97792263864681	4.34345641289696	105	miss
#4283C9	7.3478416162493	7.93200089177616	0.955990969466668	0.144351923575002	105	hit
#4283C9	5.05312048722132	5.8585023937367	0.772856991456584	1.36561325220601	105	hit
#0D3A6B	5.44517086721007	6.24581359890308	3.56481147668275	4.16395354346421	105	miss
#4283C9	1.25364977432216	1.79413204981213	6.67819665403996	7.51955205449876	105	hit
#4283C9	7.11708459859878	7.39052873713732	7.62884209770443	8.59072998259483	105	hit
#4283C9	0.577025773416674	0.597541568387831	3.77107398929478	2.77128446036546	105	hit
#4283C9	5.0770361954126	5.25368236007509	6.57630336456581	7.56057778387682	105	hit
#4283C9	4.25269523210635	4.94155340787212	2.37247499334415	1.64757885341743	105	hit
#0D3A6B	6.64059390834032	7.25752600414248	1.84810587530737	2.63512225961531	105	miss
#0D3A6B	7.47455283401258	8.47039908768885	1.23159481825566	1.14054406845684	105	miss
#4283C9	6.06473326449075	6.87901811442545	5.6659174374159	6.24638292576712	105	hit
#0D3A6B	3.46516562218036	4.46208327019398	1.32140167274515	1.24294657043179	105	miss
#0D3A6B	9.53562853847112	10.1342266705963	6.75986743035362	5.95881794610425	105	miss
#4283C9	3.13670302090399	3.17433557658292	0.607905272363857	1.60719691685663	105	hit
#4283C9	6.6696266946209	6.7582529527309	5.28874805764358	4.29268310676266	105	hit
#0D3A6B	8.46226866286967	9.40286726760891	0.922743007109521	1.26226364678049	105	miss
#0D3A6B	7.48914604090942	8.14849095869021	0.171774827784556	0.92361542219047	105	miss
#4283C9	1.24666641144385	1.64293004987458	4.32755083062051	5.24568760085555	105	hit
#0D3A6B	5.13964837615228	6.0780220458951	5.08057147063701	4.73494905247899	105	miss
#4283C9	2.45284055395305	2.87794932221741	3.48067067533307	4.38581294876016	105	hit
#0D3A6B	5.62505997907003	6.62260817639897	4.55824531268409	4.62822812490084	105	miss
#0D3A6B	6.65105708026246	7.65071602921083	1.81155958670781	1.78544472910806	105	miss
#0D3A6B	5.92058313086484	6.90023161463584	6.62406421553194	6.42334339387864	105	miss
#0D3A6B	5.74268639624969	6.48695241122587	3.58535235746479	2.91746906006062	105	miss
#0D3A6B	5.7082448653752	6.70647351668533	9.13284562078693	9.19233981969378	105	miss
#4283C9	0.667027042217244	0.829342060752522	5.70637266996165	4.71963367977331	105	hit
#0D3A6B	8.19720372973069	9.15734723726229	9.67908886142995	9.39958135715697	105	miss
#0D3A6B	4.39255639593556	5.39171038978294	0.335358848515735	0.376484224852338	105	miss
#0D3A6B	2.69808314829945	3.54025463484347	3.01875904812416	2.47954926774899	105	miss
#4283C9	9.54777593484808	9.56777886727165	3.9298026840363	4.92960260536779	105	hit
#4283C9	4.26170531204165	4.67837250781982	3.66314529513625	2.75408619476798	105	hit
#0D3A6B	6.33948462906383	7.33945056439288	0.814059084161308	0.822313063898001	105	miss
#0D3A6B	9.46249967002059	10.4023670262775	4.96278657420216	5.30432625365766	105	miss
#0D3A6B	7.85306744021955	8.71139178773729	3.12523401166594	2.6121265039658	105	miss
#4283C9	8.14705067884406	8.27332368947336	4.2730095829859	3.28101405538176	105	hit
#0D3A6B	1.65706840016932	2.43195466092735	4.7921035819066	5.42420427237328	105	miss
#4283C9	4.57195088971423	4.80092467967404	5.91119362150671	6.88462620957403	105	hit
#0D3A6B	6.86405314296767	7.30899901430771	1.32422474909441	2.21978221323474	105	miss
#4283C9	9.690127707741	9.81410388862457	7.82769735002949	8.81998254420177	105	hit
#0D3A6B	6.68924928221758	7.67579694233928	1.76871445172869	1.60524055684514	105	miss
#4283C9	0.586088934250004	0.620512448914521	7.0944384834773	6.09503114828401	105	hit
#0D3A6B	9.51452226991068	10.4346879184409	7.56974747927344	7.17821819650525	105	miss
#0D3A6B	4.1362911559335	5.13354102581078	5.40860589823333	5.33449316633286	105	miss
#4283C9	2.09013287482699	2.18029085973362	5.61544594812059	4.61951847196704	105	hit
#4283C9	6.76758210580219	6.87305830013584	6.01986693560512	7.01428876381933	105	hit
#4283C9	2.20485394392027	2.93982957918332	1.39107141037361	2.06916492573096	105	hit
#0D3A6B	7.78783135922746	8.71902999592825	7.14453604226241	6.78002390390953	105	miss
#4283C9	5.23611336275798	5.88800513390589	2.50671498516175	1.74840296579925	105	hit
#0D3A6B	3.13909457887548	4.10083436981749	8.24363802775828	8.51760257750663	105	miss
#0D3A6B	2.39578449076399	3.05523809136466	2.7843189825032	2.03257371404133	105	miss
#0D3A6B	6.17000468457508	7.05833333162201	2.74156920771354	3.20077745550073	105	miss
#0D3A6B	7.69416607798498	8.56938006939877	0.363806615961362	0.847542565869521	105	miss
#0D3A6B	2.43382183348811	3.21040171218985	6.26475490463434	6.89477370752486	105	miss
#0D3A6B	5.25703704330435	6.21131009076426	2.67813826499386	2.97707463095086	105	miss
#4283C9	6.75857246681829	6.79376244716565	3.34282599987256	4.34220664071125	105	hit
#4283C9	2.9016079162706	2.92739064754058	2.22493405447141	3.22460162460073	105	hit
#0D3A6B	5.54003288344314	6.37733831229786	6.34268432923414	5.79594890984885	105	miss
#0D3A6B	0.847982836819261	1.24798628694657	1.85776246001047	2.7742760932349	105	miss
#0D3A6B	4.73036484310487	5.59584078395656	8.39623004682934	7.8952795544582	105	miss
#4283C9	-0.0455386059970273	0.681301453957023	3.07730542706274	2.39049866585112	105	hit
#4283C9	5.44023831137313	5.6335331663038	6.95801683420755	5.97687612102858	105	hit
#4283C9	8.10241227976267	8.96919421379234	0.828071976533247	1.32675933233826	105	hit
#4283C9	8.49859939859171	8.97108439385037	6.57273661642683	7.45407533068794	105	hit
#4283C9	8.62486761436137	8.71154891885547	3.27398680439218	4.27022289661691	105	hit
#4283C9	8.34968954553835	8.83388784950591	4.72168739002809	3.84672910391673	105	hit
