country,region,hdicode,hdi_rank_2022,hdi,le,eys,gni,pop,year
Afghanistan,SA,Low,182.0,0.284,45.967,2.936460018,3115.670448,10.694796,1990
Albania,ECA,High,74.0,0.649,73.144,11.57933998,4964.172443,3.2950655,1990
Algeria,AS,High,93.0,0.593,67.416,9.797889709,8592.763017,25.518074,1990
Andorra,,Very High,35.0,,78.406,9.567166927,44541.25413,0.0535695,1990
Angola,SSA,Medium,150.0,,41.893,3.755630016,5146.487368,11.8286375,1990
Antigua and Barbuda,LAC,Very High,54.0,,73.492,,13415.08201,0.063328,1990
Argentina,LAC,Very High,48.0,0.724,71.784,13.39248967,13588.67644,32.6376565,1990
Armenia,ECA,High,76.0,0.658,68.821,11.20504035,5183.292903,3.5565395,1990
Australia,,Very High,10.0,0.864,77.044,17.4329358,28963.94423,17.048003,1990
Austria,,Very High,22.0,0.823,75.74,13.84039021,37786.54033,7.678729,1990
Azerbaijan,ECA,High,89.0,,62.352,11.10480649,7427.298016,7.427836,1990
Bahamas,LAC,Very High,57.0,0.76,70.133,11.29223459,34032.56457,0.270679,1990
Bahrain,AS,Very High,34.0,0.733,72.668,13.29489804,39137.16858,0.5174185,1990
Bangladesh,SA,Medium,129.0,0.399,55.989,5.540100098,1771.688554,107.147651,1990
Barbados,LAC,Very High,62.0,0.728,72.752,12.94987011,13706.56564,0.258868,1990
Belarus,ECA,Very High,69.0,,69.935,12.5394001,8890.425224,10.428525,1990
Belgium,,Very High,12.0,0.814,76.055,14.09537029,35675.32938,9.9595605,1990
Belize,LAC,High,118.0,0.609,70.744,10.14398371,6293.162351,0.1825895,1990
Benin,SSA,Low,173.0,0.35,53.292,4.814975057,2068.828449,5.1334195,1990
Bhutan,SA,Medium,125.0,,55.968,5.531229076,2565.273986,0.558442,1990
Bolivia (Plurinational State of),LAC,Medium,120.0,0.546,56.422,11.34760553,4210.133687,7.0961935,1990
Bosnia and Herzegovina,ECA,High,80.0,,72.349,,,4.4943105,1990
Botswana,SSA,High,114.0,0.587,60.533,10.59220615,8945.25068,1.341474,1990
Brazil,LAC,High,89.0,0.62,65.985,12.92652101,10130.85589,150.706446,1990
Brunei Darussalam,EAP,Very High,55.0,0.779,71.656,12.60107709,70593.80145,0.2619275,1990
Bulgaria,,High,70.0,0.698,71.357,12.29901028,14970.03505,8.7677775,1990
Burkina Faso,SSA,Low,185.0,,49.44,2.411689997,980.2683606,9.1313605,1990
Burundi,SSA,Low,187.0,0.285,44.86,4.218900204,1114.726878,5.4837935,1990
Cabo Verde,SSA,Medium,131.0,,65.023,,2963.289558,0.3645635,1990
Cambodia,EAP,Medium,148.0,0.379,55.434,6.885230713,1013.44038,8.910808,1990
Cameroon,SSA,Medium,151.0,0.44,54.868,8.211890221,3362.222816,11.43052,1990
Canada,,Very High,18.0,0.861,77.431,16.68971062,33355.6034,27.6572045,1990
Central African Republic,SSA,Low,191.0,0.333,49.635,5.280560017,1299.64873,2.809221,1990
Chad,SSA,Low,189.0,,44.686,2.534906066,1011.609431,5.827069,1990
Chile,LAC,Very High,44.0,0.705,72.574,12.74779872,9302.786094,13.342868,1990
China,EAP,High,75.0,0.482,68.005,8.605669975,1425.257315,1153.704253,1990
Colombia,LAC,High,91.0,0.614,68.644,9.167188807,8054.813305,32.6013925,1990
Comoros,SSA,Medium,152.0,,55.84,7.426238172,2916.971817,0.431119,1990
Congo,SSA,Medium,149.0,0.541,55.926,11.11108971,4320.851334,2.385435,1990
Congo (Democratic Republic of the),SSA,Low,180.0,0.377,48.601,6.191844261,1633.639887,35.9875405,1990
Costa Rica,LAC,Very High,64.0,0.659,76.63,9.739709854,9381.0255,3.1582535,1990
Côte d'Ivoire,SSA,Low,166.0,0.425,52.603,5.348631403,2861.19546,11.9105405,1990
Croatia,,Very High,39.0,,72.25,9.719560833,,4.8737065,1990
Cuba,LAC,High,85.0,0.684,74.039,12.60223961,5254.767284,10.62668,1990
Cyprus,,Very High,29.0,0.733,73.539,10.67582622,25086.06836,0.7885,1990
Czechia,,Very High,32.0,0.748,71.409,12.10068035,23880.293,10.3011925,1990
Denmark,,Very High,5.0,0.839,74.864,14.31334019,37930.23837,5.1446235,1990
Djibouti,AS,Low,171.0,,55.498,2.617539506,1958.504277,0.5771735,1990
Dominica,LAC,High,97.0,,69.852,,9030.486653,0.0694815,1990
Dominican Republic,LAC,High,82.0,0.579,67.11,9.284750781,5945.853794,7.129004,1990
Ecuador,LAC,High,83.0,0.645,69.348,11.40330029,7482.469619,10.4498375,1990
Egypt,AS,High,105.0,0.567,64.146,9.206990242,6131.438951,57.2146305,1990
El Salvador,LAC,Medium,127.0,0.519,62.55,8.514767823,5047.765852,5.367179,1990
Equatorial Guinea,SSA,Medium,133.0,,50.86,,3209.99055,0.465549,1990
Eritrea,SSA,Low,175.0,,49.769,,920.5783622,2.14996,1990
Estonia,,Very High,31.0,0.741,69.831,13.0799799,16707.58181,1.570674,1990
Eswatini (Kingdom of),SSA,Medium,142.0,0.546,63.072,9.644469458,5175.991722,0.854011,1990
Ethiopia,SSA,Low,176.0,,44.557,2.954899966,762.9289101,47.8780735,1990
Fiji,EAP,High,104.0,0.63,65.508,11.63193653,7780.496138,0.78043,1990
Finland,,Very High,12.0,0.811,74.989,15.05280972,32062.58871,4.986545,1990
France,,Very High,28.0,0.79,76.834,13.98425961,33961.63957,56.412897,1990
Gabon,SSA,Medium,123.0,0.599,60.311,11.06384079,16224.83635,0.9830275,1990
Gambia,SSA,Low,174.0,0.323,51.319,3.84434068,2039.632056,1.0406155,1990
Georgia,ECA,Very High,60.0,,68.389,13.03065177,10016.03662,5.3916355,1990
Germany,,Very High,7.0,0.828,75.359,14.37678802,37292.77245,79.370196,1990
Ghana,SSA,Medium,145.0,0.445,55.62,5.655748717,2263.132657,15.446982,1990
Greece,,Very High,33.0,0.762,77.296,12.61826992,24756.05028,10.302255,1990
Grenada,LAC,High,73.0,,70.683,14.92853619,7923.011956,0.099047,1990
Guatemala,LAC,Medium,136.0,0.49,62.473,6.89961844,5418.050785,9.08478,1990
Guinea,SSA,Low,181.0,0.27,47.004,2.694149971,1403.309843,6.3541445,1990
Guinea-Bissau,SSA,Low,179.0,,47.084,6.612446919,1695.444942,0.9735505,1990
Guyana,LAC,High,95.0,0.496,62.415,8.467954444,2038.707505,0.7471165,1990
Haiti,LAC,Medium,158.0,0.441,52.975,8.003592771,3598.510892,6.9253305,1990
Honduras,LAC,Medium,138.0,0.513,65.243,8.164045768,3696.388877,5.053234,1990
"Hong Kong, China (SAR)",,Very High,4.0,0.739,77.472,8.938858703,27604.71689,5.8385735,1990
Hungary,,Very High,47.0,0.721,69.371,11.34864044,17784.62119,10.3759895,1990
Iceland,,Very High,3.0,0.834,78.163,14.14389992,32512.76527,0.2550195,1990
India,SA,Medium,134.0,0.434,58.652,8.016785911,1795.941836,870.452165,1990
Indonesia,EAP,High,112.0,0.526,63.181,10.15548038,4184.535574,182.159874,1990
Iran (Islamic Republic of),SA,High,78.0,0.613,64.367,10.80354888,9438.505018,55.793629,1990
Iraq,AS,Medium,128.0,0.497,58.435,7.300449555,7153.107833,17.6583815,1990
Ireland,,Very High,7.0,0.743,74.842,12.67891026,24605.84983,3.4853745,1990
Israel,,Very High,25.0,0.781,77.194,12.10217953,21602.0835,4.803254,1990
Italy,,Very High,30.0,0.78,76.991,12.96341991,36105.56309,56.756561,1990
Jamaica,LAC,High,115.0,0.664,72.304,11.20173568,9071.383773,2.3920295,1990
Japan,,Very High,24.0,0.846,78.984,13.3987999,33095.49924,123.686321,1990
Jordan,AS,High,99.0,0.622,69.854,11.38271999,7329.316799,3.480587,1990
Kazakhstan,ECA,Very High,67.0,0.672,64.876,12.20178986,13967.87015,16.866563,1990
Kenya,SSA,Medium,146.0,0.48,58.614,7.874494036,3530.979505,23.1622695,1990
Kiribati,EAP,Medium,137.0,,60.917,10.13856983,1728.646758,0.0751235,1990
Korea (Democratic People's Rep. of),EAP,,,,70.21,,,20.7995235,1990
Korea (Republic of),,Very High,19.0,0.731,71.94,12.95363998,12641.31667,44.1200385,1990
Kuwait,AS,Very High,49.0,0.698,73.281,8.914629936,54641.72695,1.6749375,1990
Kyrgyzstan,ECA,High,117.0,0.637,64.272,11.89770031,5158.771317,4.394734,1990
Lao People's Democratic Republic,EAP,Medium,139.0,0.408,53.713,6.493869781,1918.79479,4.3144425,1990
Latvia,,Very High,37.0,0.732,69.196,12.65927029,18581.94167,2.689391,1990
Lebanon,AS,High,109.0,,64.475,8.497730443,7130.315281,3.5936995,1990
Lesotho,SSA,Low,168.0,0.479,59.398,8.905960083,2264.706006,1.798997,1990
Liberia,SSA,Low,177.0,,36.688,,1715.215813,2.2097305,1990
Libya,AS,High,92.0,0.724,69.423,16.67563061,26943.62201,4.236983,1990
Liechtenstein,,Very High,12.0,,75.863,,86970.73037,0.0287645,1990
Lithuania,,Very High,37.0,0.74,71.008,12.74308968,17863.28863,3.785847,1990
Luxembourg,,Very High,20.0,0.793,75.605,10.49890687,73136.96979,0.3812665,1990
Madagascar,SSA,Low,177.0,,51.701,6.070099831,1739.064659,11.882762,1990
Malawi,SSA,Low,172.0,0.299,43.323,5.295790195,915.0086761,9.539665,1990
Malaysia,EAP,Very High,63.0,0.649,71.307,10.47682953,10209.35456,17.5170545,1990
Maldives,SA,High,87.0,,63.578,,8119.111629,0.224957,1990
Mali,SSA,Low,188.0,0.236,46.62,1.942090034,1330.966126,8.945026,1990
Malta,,Very High,25.0,0.726,75.985,12.54930019,18370.31742,0.3653915,1990
Marshall Islands,EAP,High,102.0,,62.176,,4022.056974,0.0460475,1990
Mauritania,SSA,Low,164.0,0.397,59.77,3.684839964,4448.710057,2.006027,1990
Mauritius,SSA,High,72.0,0.62,69.387,9.971670151,8174.476757,1.09029,1990
Mexico,LAC,High,77.0,0.666,69.971,11.18052959,14735.41298,81.720428,1990
Micronesia (Federated States of),EAP,Medium,135.0,,67.425,,3323.376667,0.098603,1990
Moldova (Republic of),ECA,High,86.0,0.688,68.067,10.29488796,14067.23025,4.4801985,1990
Monaco,,,,,75.808,16.49440145,,0.030329,1990
Mongolia,EAP,High,96.0,0.579,58.765,10.12985992,4551.658099,2.161433,1990
Montenegro,ECA,Very High,50.0,,75.521,,,0.6214415,1990
Morocco,AS,Medium,120.0,0.448,62.448,6.382909775,3999.676758,24.5708135,1990
Mozambique,SSA,Low,183.0,0.239,44.469,3.871253902,443.6287718,13.3034585,1990
Myanmar,EAP,Medium,144.0,0.333,56.661,6.440790176,552.4215807,40.099553,1990
Namibia,SSA,Medium,142.0,0.595,62.496,11.65740713,6331.557309,1.369011,1990
Nauru,EAP,Medium,122.0,,61.356,,,0.0095975,1990
Nepal,SA,Medium,146.0,0.395,54.833,7.272699833,1515.347144,19.61653,1990
Netherlands,,Very High,10.0,0.847,77.007,14.7744503,35604.21453,14.944548,1990
New Zealand,,Very High,16.0,0.812,75.424,14.59095001,26939.40337,3.3973885,1990
Nicaragua,LAC,Medium,130.0,0.487,63.096,7.302750111,2981.449734,4.22782,1990
Niger,SSA,Low,189.0,0.212,41.852,1.964450002,1085.825979,8.3706485,1990
Nigeria,SSA,Low,161.0,,46.037,5.83456407,3067.329442,95.2142565,1990
North Macedonia,ECA,High,83.0,,71.197,11.32026995,,2.044174,1990
Norway,,Very High,2.0,0.845,76.587,14.01183033,41306.27469,4.2416355,1990
Oman,AS,Very High,59.0,,69.782,7.651329994,26467.86445,1.8045235,1990
Pakistan,SA,Low,164.0,0.394,60.066,4.238239765,2982.54961,115.4140695,1990
Palau,EAP,High,71.0,,61.582,,13567.98305,0.0152935,1990
"Palestine, State of",AS,High,111.0,,67.934,7.92247848,4182.32851,2.124609,1990
Panama,LAC,Very High,57.0,0.672,71.097,10.88070965,10525.95704,2.4499675,1990
Papua New Guinea,EAP,Medium,154.0,0.394,59.721,4.600746032,2432.642116,3.8649725,1990
Paraguay,LAC,High,102.0,0.604,67.944,9.1561203,8543.997289,4.0591945,1990
Peru,LAC,High,87.0,0.62,65.106,11.68725967,4934.983851,22.1090985,1990
Philippines,EAP,High,113.0,0.598,65.909,10.73402023,4162.196674,61.558898,1990
Poland,,Very High,36.0,0.715,70.678,12.11456966,11022.39058,38.0642545,1990
Portugal,,Very High,42.0,0.703,74.304,11.83831978,23493.47597,10.007346,1990
Qatar,AS,Very High,40.0,0.764,73.982,12.08216,64498.10583,0.4416745,1990
Romania,,Very High,53.0,0.709,69.729,12.47976971,13363.57669,22.836234,1990
Russian Federation,,Very High,56.0,0.741,68.535,12.65668964,21447.82422,148.0057035,1990
Rwanda,SSA,Low,161.0,,48.431,5.753600121,929.7830247,7.3199625,1990
Saint Kitts and Nevis,LAC,Very High,51.0,,65.188,12.99134617,14154.97749,0.040636,1990
Saint Lucia,LAC,High,108.0,0.666,70.326,11.76698299,10161.15395,0.142301,1990
Saint Vincent and the Grenadines,LAC,High,81.0,,72.38,10.55753964,5816.946414,0.1124875,1990
Samoa,EAP,High,116.0,,67.658,11.6098,,0.168186,1990
San Marino,,Very High,43.0,0.841,78.67,14.92971307,55065.87318,0.023132,1990
Sao Tome and Principe,SSA,Medium,141.0,0.48,61.471,8.134058091,2370.941188,0.120343,1990
Saudi Arabia,AS,Very High,40.0,0.699,68.948,11.09114828,43800.34381,16.0047625,1990
Senegal,SSA,Low,169.0,0.371,56.948,4.31622616,2412.13208,7.5360005,1990
Serbia,ECA,Very High,65.0,,70.315,12.46817025,,7.9875285,1990
Seychelles,SSA,Very High,67.0,,69.014,12.05688046,15115.28533,0.071057,1990
Sierra Leone,SSA,Low,184.0,0.314,44.057,4.661960125,1763.808912,4.325388,1990
Singapore,EAP,Very High,9.0,0.78,74.944,14.87521681,38458.13117,3.022209,1990
Slovakia,,Very High,45.0,,70.82,11.45825015,,5.261305,1990
Slovenia,,Very High,22.0,,73.515,12.0217104,,1.986024,1990
Solomon Islands,EAP,Medium,156.0,,65.392,5.876540184,2112.852973,0.3241705,1990
Somalia,AS,Low,193.0,,47.105,,677.3976106,6.9990955,1990
South Africa,SSA,High,110.0,0.635,63.375,11.99145985,10089.58306,39.87757,1990
South Sudan,SSA,Low,192.0,,29.935,,,4.750817,1990
Spain,,Very High,27.0,0.762,77.002,14.35657978,27272.88253,38.889889,1990
Sri Lanka,SA,High,78.0,0.641,71.927,11.49196747,4013.652282,17.204094,1990
Sudan,AS,Low,170.0,0.322,49.732,3.575123192,2521.390381,21.090886,1990
Suriname,LAC,Medium,124.0,,64.23,10.76805019,11636.31668,0.412756,1990
Sweden,,Very High,5.0,0.808,77.588,12.94981956,33453.89666,8.5484055,1990
Switzerland,,Very High,1.0,0.85,77.385,13.49625969,57311.6616,6.711693,1990
Syrian Arab Republic,AS,Medium,157.0,0.563,69.817,10.29174995,4211.144863,12.4089965,1990
Tajikistan,ECA,Medium,126.0,0.616,61.879,11.81420321,4337.052097,5.4178605,1990
Tanzania (United Republic of),SSA,Low,167.0,0.366,51.485,5.407980348,1291.370117,26.206012,1990
Thailand,EAP,Very High,66.0,0.581,70.445,8.760849953,7074.217175,55.2284095,1990
Timor-Leste,EAP,Medium,155.0,,44.953,,2723.175861,0.758106,1990
Togo,SSA,Low,163.0,0.399,54.37,7.330160141,1713.751025,3.875947,1990
Tonga,EAP,High,98.0,0.64,67.294,11.7700367,4363.895971,0.098727,1990
Trinidad and Tobago,LAC,Very High,60.0,0.656,68.272,10.69306493,10700.27231,1.2665185,1990
Tunisia,AS,High,101.0,0.566,70.11,9.835510254,5520.324892,8.4400235,1990
Türkiye,ECA,Very High,45.0,0.598,67.709,8.922039986,12909.7283,54.324142,1990
Turkmenistan,ECA,High,94.0,,63.939,,10092.33207,3.7202785,1990
Tuvalu,EAP,Medium,132.0,0.564,61.661,10.82742023,3115.564477,0.0091825,1990
Uganda,SSA,Medium,159.0,0.329,46.443,5.745009899,885.1965355,17.58663,1990
Ukraine,ECA,High,100.0,0.731,69.802,12.5736599,16807.19409,51.589817,1990
United Arab Emirates,AS,Very High,17.0,0.717,71.9,9.683460236,97331.0236,1.9001515,1990
United Kingdom,,Very High,15.0,0.804,75.736,13.64140034,31075.28973,57.2104425,1990
United States,,Very High,20.0,0.875,75.37,15.60052013,40920.16756,248.083732,1990
Uruguay,LAC,Very High,52.0,0.702,73.162,12.9682703,10742.34299,3.1170125,1990
Uzbekistan,ECA,High,106.0,,65.346,11.07470989,3278.453321,20.5790995,1990
Vanuatu,EAP,Medium,140.0,,66.675,7.575694146,2716.686219,0.1508825,1990
Venezuela (Bolivarian Republic of),LAC,Medium,119.0,0.657,71.532,10.27801037,16424.921,19.750579,1990
Viet Nam,EAP,High,107.0,0.492,69.213,7.688290119,1970.993078,66.912613,1990
Yemen,AS,Low,186.0,0.357,58.699,5.393598749,2390.861687,13.375121,1990
Zambia,SSA,Medium,153.0,0.417,47.926,7.79542017,2107.377323,7.686401,1990
Zimbabwe,SSA,Medium,159.0,0.479,59.426,9.529560089,1594.410211,10.113893,1990
Very high human development,,,,0.785,73.77951457,13.08105198,28089.07694,1351.60093,1990
High human development,,,,0.56,67.26856286,9.654699769,4363.238,2125.24334,1990
Medium human development,,,,0.443,58.24910283,7.673743022,2296.391549,1278.592546,1990
Low human development,,,,0.354,50.49567213,4.610756572,2149.147928,510.115128,1990
Arab States,,,,0.55,62.9732351,8.357227118,9983.791936,223.632542,1990
East Asia and the Pacific,,,,0.507,67.16165912,8.801723878,2227.227622,1623.050321,1990
Europe and Central Asia,,,,0.663,67.78188974,10.95244413,11776.45182,206.619749,1990
Latin America and the Caribbean,,,,0.637,67.7707227,11.49483656,10321.7421,437.670793,1990
South Asia,,,,0.444,58.83087843,7.53111497,2304.981484,1197.106334,1990
Sub-Saharan Africa,,,,0.404,49.86866114,5.932589665,2788.764364,488.5727695,1990
World,,,,0.601,65.14486612,9.255073437,9678.083495,5286.381795,1990
Afghanistan,SA,Low,182.0,0.292,46.663,3.228456167,2817.304736,10.745167,1991
Albania,ECA,High,74.0,0.632,73.378,11.78129959,3501.732374,3.3020815,1991
Algeria,AS,High,93.0,0.596,67.688,9.823940277,8177.384759,26.133905,1991
Andorra,,Very High,35.0,,77.981,9.660870218,44138.59346,0.0554345,1991
Angola,SSA,Medium,150.0,,43.813,3.521440029,5742.195111,12.2286905,1991
Antigua and Barbuda,LAC,Very High,54.0,,73.435,,14122.47387,0.063634,1991
Argentina,LAC,Very High,48.0,0.731,72.319,13.35243988,14790.84536,33.105763,1991
Armenia,ECA,High,76.0,0.646,68.643,10.74901009,4489.995708,3.617631,1991
Australia,,Very High,10.0,0.866,77.483,17.43243413,28760.16478,17.2710855,1991
Austria,,Very High,22.0,0.826,75.793,13.9349699,38510.28148,7.755638,1991
Azerbaijan,ECA,High,89.0,,62.052,11.17784913,7267.263181,7.538267,1991
Bahamas,LAC,Very High,57.0,0.757,69.616,11.30924636,31934.95537,0.2760575,1991
Bahrain,AS,Very High,34.0,0.727,72.764,12.49958038,38598.50737,0.535415,1991
Bangladesh,SA,Medium,129.0,0.397,54.154,5.742722766,1798.660986,109.2428345,1991
Barbados,LAC,Very High,62.0,0.729,72.843,13.08701791,13181.2988,0.259402,1991
Belarus,ECA,Very High,69.0,,69.716,12.34269047,8779.68902,10.4576165,1991
Belgium,,Very High,12.0,0.818,76.196,14.17916965,36326.46811,9.98707,1991
Belize,LAC,High,118.0,0.616,70.248,10.30649433,6864.326151,0.1864615,1991
Benin,SSA,Low,173.0,0.355,53.624,4.95554642,2099.865916,5.2930455,1991
Bhutan,SA,Medium,125.0,,56.642,5.730776592,2448.173109,0.56771,1991
Bolivia (Plurinational State of),LAC,Medium,120.0,0.556,57.097,11.66413465,4369.305938,7.244891,1991
Bosnia and Herzegovina,ECA,High,80.0,,72.089,,,4.502386,1991
Botswana,SSA,High,114.0,0.588,59.473,10.55210972,9616.017456,1.380584,1991
Brazil,LAC,High,89.0,0.624,66.31,12.97149303,10100.89968,153.3364445,1991
Brunei Darussalam,EAP,Very High,55.0,0.779,71.871,12.40764402,70674.39895,0.26986,1991
Bulgaria,,High,70.0,0.698,71.227,12.35459995,13790.48012,8.7216605,1991
Burkina Faso,SSA,Low,185.0,,49.45,2.523999929,1041.922372,9.365064,1991
Burundi,SSA,Low,187.0,0.287,44.227,4.333489895,1162.769569,5.5948285,1991
Cabo Verde,SSA,Medium,131.0,,65.176,,2928.397528,0.3727215,1991
Cambodia,EAP,Medium,148.0,0.384,55.793,6.991089821,1043.226312,9.2593615,1991
Cameroon,SSA,Medium,151.0,0.436,54.658,8.174260139,3079.656349,11.7777195,1991
Canada,,Very High,18.0,0.865,77.592,16.96995926,32352.86919,28.0157605,1991
Central African Republic,SSA,Low,191.0,0.327,49.252,4.918749809,1279.689299,2.8980525,1991
Chad,SSA,Low,189.0,,45.941,2.705789648,1071.34645,6.0424285,1991
Chile,LAC,Very High,44.0,0.714,73.574,12.73688984,9876.861493,13.5619455,1991
China,EAP,High,75.0,0.489,68.169,8.595879555,1533.782148,1170.626171,1991
Colombia,LAC,High,91.0,0.622,68.813,9.698809624,8094.480599,33.2726275,1991
Comoros,SSA,Medium,152.0,,56.194,7.47828182,2691.136191,0.442277,1991
Congo,SSA,Medium,149.0,0.538,55.243,10.84885025,4352.372496,2.4526745,1991
Congo (Democratic Republic of the),SSA,Low,180.0,0.377,48.948,6.262680053,1448.403465,37.194812,1991
Costa Rica,LAC,Very High,64.0,0.662,76.591,9.978110313,9537.263146,3.2394145,1991
Côte d'Ivoire,SSA,Low,166.0,0.426,52.323,5.452453121,2722.826283,12.369269,1991
Croatia,,Very High,39.0,,70.488,10.07700715,,4.844522,1991
Cuba,LAC,High,85.0,0.678,74.093,12.52694988,4667.303907,10.713812,1991
Cyprus,,Very High,29.0,0.737,73.716,10.83719334,24642.24609,0.7990605,1991
Czechia,,Very High,32.0,0.746,71.97,12.02169037,21102.16546,10.3033615,1991
Denmark,,Very High,5.0,0.843,75.226,14.47774982,38299.43054,5.158325,1991
Djibouti,AS,Low,171.0,,55.156,2.599849939,1751.546131,0.628521,1991
Dominica,LAC,High,97.0,,69.646,,8935.653569,0.069141,1991
Dominican Republic,LAC,High,82.0,0.585,67.625,9.453856966,5909.462105,7.278402,1991
Ecuador,LAC,High,83.0,0.647,69.625,11.24228001,7742.107316,10.686279,1991
Egypt,AS,High,105.0,0.574,64.755,9.250329971,6252.494422,58.611032,1991
El Salvador,LAC,Medium,127.0,0.528,63.856,8.662059784,5058.032711,5.4610705,1991
Equatorial Guinea,SSA,Medium,133.0,,50.969,,3179.607434,0.4831425,1991
Eritrea,SSA,Low,175.0,,50.607,,1084.553461,2.03922,1991
Estonia,,Very High,31.0,0.736,69.712,12.78081989,15414.75445,1.565627,1991
Eswatini (Kingdom of),SSA,Medium,142.0,0.543,62.685,9.572581933,5094.409068,0.8897115,1991
Ethiopia,SSA,Low,176.0,,46.13,2.780019999,678.8778014,49.93743,1991
Fiji,EAP,High,104.0,0.633,65.643,11.67753029,7583.644738,0.784832,1991
Finland,,Very High,12.0,0.815,75.407,15.2710104,29766.09843,5.013854,1991
France,,Very High,28.0,0.799,77.014,14.46944046,33987.64794,56.6452155,1991
Gabon,SSA,Medium,123.0,0.604,60.397,11.10699025,16802.65958,1.009995,1991
Gambia,SSA,Low,174.0,0.331,52.127,4.00602438,2026.658179,1.083536,1991
Georgia,ECA,Very High,60.0,,68.245,12.67749023,7982.754984,5.3221055,1991
Germany,,Very High,7.0,0.835,75.576,14.56478977,38706.81317,79.8019875,1991
Ghana,SSA,Medium,145.0,0.452,56.012,5.7762367,2325.438691,15.8434715,1991
Greece,,Very High,33.0,0.773,77.369,13.21514988,25409.14306,10.391547,1991
Grenada,LAC,High,73.0,,70.974,14.99842811,8213.709386,0.099758,1991
Guatemala,LAC,Medium,136.0,0.494,62.725,6.942571071,5550.41194,9.3295565,1991
Guinea,SSA,Low,181.0,0.274,47.546,2.820280075,1382.658952,6.6157345,1991
Guinea-Bissau,SSA,Low,179.0,,47.465,6.7346524,1670.396592,0.9938555,1991
Guyana,LAC,High,95.0,0.493,62.622,8.627023927,1822.275961,0.7440965,1991
Haiti,LAC,Medium,158.0,0.445,53.391,8.101668637,3594.783218,7.066055,1991
Honduras,LAC,Medium,138.0,0.514,65.752,8.22233963,3450.916948,5.1968875,1991
"Hong Kong, China (SAR)",,Very High,4.0,0.748,77.698,9.241380787,28609.29059,5.923447,1991
Hungary,,Very High,47.0,0.715,69.441,11.31017017,15415.69025,10.374747,1991
Iceland,,Very High,3.0,0.845,77.836,15.23260021,32301.79101,0.257991,1991
India,SA,Medium,134.0,0.437,59.055,8.038411685,1773.797716,888.941756,1991
Indonesia,EAP,High,112.0,0.533,63.537,9.956439972,4488.487289,185.3612285,1991
Iran (Islamic Republic of),SA,High,78.0,0.631,66.459,10.89911541,10257.45404,57.990883,1991
Iraq,AS,Medium,128.0,0.471,62.519,7.405083679,2399.427379,17.8463785,1991
Ireland,,Very High,7.0,0.749,75.031,12.74100018,25044.10138,3.5048045,1991
Israel,,Very High,25.0,0.786,77.0,12.33714008,22834.98819,4.942812,1991
Italy,,Very High,30.0,0.785,76.989,13.15884018,36570.99563,56.794489,1991
Jamaica,LAC,High,115.0,0.664,72.186,11.1233902,9087.130726,2.411867,1991
Japan,,Very High,24.0,0.85,79.252,13.53038025,34135.31669,124.073993,1991
Jordan,AS,High,99.0,0.629,70.093,11.68529034,7165.494217,3.666379,1991
Kazakhstan,ECA,Very High,67.0,0.666,64.488,12.06552029,12344.57542,16.993792,1991
Kenya,SSA,Medium,146.0,0.48,58.005,7.946765161,3453.770636,23.9182355,1991
Kiribati,EAP,Medium,137.0,,61.422,10.50164032,1683.155732,0.076612,1991
Korea (Democratic People's Rep. of),EAP,,,,70.313,,,21.1155335,1991
Korea (Republic of),,Very High,19.0,0.742,72.421,13.19594955,13865.72172,44.4874125,1991
Kuwait,AS,Very High,49.0,0.687,74.216,8.509994984,42617.60836,1.3395,1991
Kyrgyzstan,ECA,High,117.0,0.631,64.28,11.66786957,4678.506292,4.456094,1991
Lao People's Democratic Republic,EAP,Medium,139.0,0.414,54.46,6.573736509,1945.861004,4.4372245,1991
Latvia,,Very High,37.0,0.73,69.17,12.52396011,16696.00858,2.678964,1991
Lebanon,AS,High,109.0,,71.176,8.569829349,8711.886935,3.666734,1991
Lesotho,SSA,Low,168.0,0.478,59.193,9.011739731,2179.802838,1.8295095,1991
Liberia,SSA,Low,177.0,,42.795,,1676.436739,1.9392355,1991
Libya,AS,High,92.0,0.733,69.82,16.62977335,30405.51736,4.341971,1991
Liechtenstein,,Very High,12.0,,76.507,,90435.80827,0.029168,1991
Lithuania,,Very High,37.0,0.735,70.566,12.52606964,16840.49214,3.7934255,1991
Luxembourg,,Very High,20.0,0.802,75.833,10.79678407,79231.59681,0.3863985,1991
Madagascar,SSA,Low,177.0,,52.357,6.245442518,1569.12086,12.24526,1991
Malawi,SSA,Low,172.0,0.303,43.312,5.38188982,965.3507886,9.8315835,1991
Malaysia,EAP,Very High,63.0,0.657,71.442,10.62166023,10766.66043,18.0174645,1991
Maldives,SA,High,87.0,,64.304,,8469.654996,0.23215,1991
Mali,SSA,Low,188.0,0.244,47.216,2.014780045,1465.712189,9.1239685,1991
Malta,,Very High,25.0,0.73,75.458,12.75677013,19106.19226,0.3686695,1991
Marshall Islands,EAP,High,102.0,,62.282,,3939.523563,0.0470535,1991
Mauritania,SSA,Low,164.0,0.401,59.936,3.783710003,4442.628326,2.0663025,1991
Mauritius,SSA,High,72.0,0.627,70.099,10.10330677,8487.315781,1.1042595,1991
Mexico,LAC,High,77.0,0.668,70.298,11.02836037,15114.65832,83.3515955,1991
Micronesia (Federated States of),EAP,Medium,135.0,,67.619,,3505.371351,0.1004275,1991
Moldova (Republic of),ECA,High,86.0,0.677,66.977,10.40025811,11579.7015,4.4909275,1991
Monaco,,,,,76.301,16.86821938,,0.030564,1991
Mongolia,EAP,High,96.0,0.575,59.237,9.677269936,4357.159185,2.2000765,1991
Montenegro,ECA,Very High,50.0,,75.533,,,0.624954,1991
Morocco,AS,Medium,120.0,0.454,62.946,6.373549938,4205.175293,24.9880825,1991
Mozambique,SSA,Low,183.0,0.242,44.66,3.898401763,460.4362423,13.5611755,1991
Myanmar,EAP,Medium,144.0,0.344,57.014,7.037065029,568.8031638,40.680533,1991
Namibia,SSA,Medium,142.0,0.6,62.098,12.05757999,6727.326775,1.415617,1991
Nauru,EAP,Medium,122.0,,61.303,,,0.009902,1991
Nepal,SA,Medium,146.0,0.403,55.712,7.440219879,1569.31315,20.1307785,1991
Netherlands,,Very High,10.0,0.852,77.156,15.01319981,36321.72519,15.046584,1991
New Zealand,,Very High,16.0,0.815,76.079,14.64754963,24769.85294,3.481599,1991
Nicaragua,LAC,Medium,130.0,0.497,63.931,7.832270145,2910.3501,4.3272895,1991
Niger,SSA,Low,189.0,0.214,42.218,1.994314969,1048.36369,8.6346405,1991
Nigeria,SSA,Low,161.0,,45.691,6.015241351,3006.151269,97.6853595,1991
North Macedonia,ECA,High,83.0,,71.815,11.25326751,,2.036686,1991
Norway,,Very High,2.0,0.853,77.038,14.33248043,42257.54568,4.2618865,1991
Oman,AS,Very High,59.0,,70.189,8.033869743,26737.46902,1.895187,1991
Pakistan,SA,Low,164.0,0.399,60.259,4.280649002,3030.800622,119.203569,1991
Palau,EAP,High,71.0,,61.89,,14728.40358,0.0156405,1991
"Palestine, State of",AS,High,111.0,,68.306,8.202121271,3815.710628,2.214272,1991
Panama,LAC,Very High,57.0,0.675,71.207,10.82633972,10967.51617,2.5020435,1991
Papua New Guinea,EAP,Medium,154.0,0.402,59.908,4.735701708,2595.40594,3.9909955,1991
Paraguay,LAC,High,102.0,0.609,68.173,9.445473671,8457.030817,4.167996,1991
Peru,LAC,High,87.0,0.624,65.434,11.63395023,5123.446734,22.5830065,1991
Philippines,EAP,High,113.0,0.6,66.304,10.75755978,4093.484916,63.0397505,1991
Poland,,Very High,36.0,0.711,70.378,12.14548016,10045.81519,38.1673815,1991
Portugal,,Very High,42.0,0.714,74.24,12.34136963,24625.51602,9.9864155,1991
Qatar,AS,Very High,40.0,0.761,73.966,11.86357021,61310.36565,0.4564855,1991
Romania,,Very High,53.0,0.694,69.884,11.46459007,11776.74263,22.8424825,1991
Russian Federation,,Very High,56.0,0.738,68.425,12.43470001,20289.24805,148.4554015,1991
Rwanda,SSA,Low,161.0,,46.519,5.741516749,885.203655,7.485681,1991
Saint Kitts and Nevis,LAC,Very High,51.0,,66.15,13.04926873,13714.72219,0.040542,1991
Saint Lucia,LAC,High,108.0,0.668,70.602,11.81594472,10032.70704,0.1442685,1991
Saint Vincent and the Grenadines,LAC,High,81.0,,72.937,10.70005541,5861.545654,0.11278,1991
Samoa,EAP,High,116.0,,67.881,11.6194,,0.168701,1991
San Marino,,Very High,43.0,0.844,78.854,14.94565391,55133.63524,0.0234585,1991
Sao Tome and Principe,SSA,Medium,141.0,0.48,61.429,8.220432674,2290.53508,0.123084,1991
Saudi Arabia,AS,Very High,40.0,0.707,69.366,11.21455822,47543.4521,16.6542765,1991
Senegal,SSA,Low,169.0,0.372,57.139,4.406959376,2405.442152,7.7542895,1991
Serbia,ECA,Very High,65.0,,70.706,12.52387189,,7.9644555,1991
Seychelles,SSA,Very High,67.0,,68.935,12.17313957,15441.38886,0.0717535,1991
Sierra Leone,SSA,Low,184.0,0.304,43.506,4.208509922,1657.205334,4.3781695,1991
Singapore,EAP,Very High,9.0,0.788,75.329,14.93952918,39533.66,3.12062,1991
Slovakia,,Very High,45.0,,70.922,11.58051417,,5.2802265,1991
Slovenia,,Very High,22.0,,73.278,12.12808037,,1.9897975,1991
Solomon Islands,EAP,Medium,156.0,,65.579,5.97480011,2151.969205,0.3339525,1991
Somalia,AS,Low,193.0,,26.565,,746.6444314,6.7327015,1991
South Africa,SSA,High,110.0,0.643,63.265,12.4724102,9820.946922,40.9109585,1991
South Sudan,SSA,Low,192.0,,30.148,,,4.867185,1991
Spain,,Very High,27.0,0.769,77.13,14.61468029,27882.35814,38.997063,1991
Sri Lanka,SA,High,78.0,0.645,71.751,11.5777626,4142.882796,17.4165965,1991
Sudan,AS,Low,170.0,0.328,50.213,3.716464477,2459.860352,21.453711,1991
Suriname,LAC,Medium,124.0,,64.453,10.80250605,12176.45442,0.415981,1991
Sweden,,Very High,5.0,0.811,77.728,13.11555004,32539.68144,8.5941705,1991
Switzerland,,Very High,1.0,0.852,77.648,13.60527039,56136.94057,6.795393,1991
Syrian Arab Republic,AS,Medium,157.0,0.568,70.036,10.33014965,4401.058436,12.7822805,1991
Tajikistan,ECA,Medium,126.0,0.61,61.379,11.68820953,3969.314868,5.5563055,1991
Tanzania (United Republic of),SSA,Low,167.0,0.366,51.306,5.409420013,1290.115356,26.8909055,1991
Thailand,EAP,Very High,66.0,0.591,70.717,9.050733248,7544.220603,56.0998645,1991
Timor-Leste,EAP,Medium,155.0,,44.985,,2959.648433,0.7726555,1991
Togo,SSA,Low,163.0,0.403,54.268,7.685070038,1653.616492,3.9902155,1991
Tonga,EAP,High,98.0,0.647,67.518,11.92300359,4594.757527,0.0990095,1991
Trinidad and Tobago,LAC,Very High,60.0,0.661,68.859,10.63512039,10842.94442,1.276224,1991
Tunisia,AS,High,101.0,0.572,70.521,9.925450325,5575.189467,8.622853,1991
Türkiye,ECA,Very High,45.0,0.602,68.169,9.085129738,12747.81481,55.321172,1991
Turkmenistan,ECA,High,94.0,,64.035,,9372.560078,3.8217815,1991
Tuvalu,EAP,Medium,132.0,0.567,61.909,10.79214144,3168.059814,0.0093535,1991
Uganda,SSA,Medium,159.0,0.331,46.316,5.766660213,905.1977962,18.1719355,1991
Ukraine,ECA,High,100.0,0.724,69.073,12.49063015,15250.33008,51.6728165,1991
United Arab Emirates,AS,Very High,17.0,0.729,72.241,10.05986023,91672.60196,2.0083835,1991
United Kingdom,,Very High,15.0,0.809,75.91,13.9190197,30657.90315,57.3594535,1991
United States,,Very High,20.0,0.875,75.523,15.53299046,40306.76709,251.560189,1991
Uruguay,LAC,Very High,52.0,0.706,73.305,13.05552959,11187.93462,3.135374,1991
Uzbekistan,ECA,High,106.0,,65.131,10.98771954,3185.66524,21.0743035,1991
Vanuatu,EAP,Medium,140.0,,67.203,7.722767663,2580.584206,0.1546775,1991
Venezuela (Bolivarian Republic of),LAC,Medium,119.0,0.668,71.832,10.53991032,17598.874,20.2262135,1991
Viet Nam,EAP,High,107.0,0.503,69.849,8.000851333,2066.965496,68.35882,1991
Yemen,AS,Low,186.0,0.361,59.049,5.551342272,2278.853573,13.895851,1991
Zambia,SSA,Medium,153.0,0.411,47.097,7.854483475,1952.58334,7.8804655,1991
Zimbabwe,SSA,Medium,159.0,0.481,58.091,9.931150436,1639.409722,10.377815,1991
Very high human development,,,,0.788,73.9344201,13.1480024,28039.0773,1362.679618,1991
High human development,,,,0.565,67.52342958,9.669732745,4438.269599,2161.387031,1991
Medium human development,,,,0.446,58.47655414,7.744088387,2247.789286,1306.537322,1991
Low human development,,,,0.356,50.48809188,4.678833481,2112.839296,524.3702775,1991
Arab States,,,,0.555,63.22573513,8.430654733,9865.379812,228.4739195,1991
East Asia and the Pacific,,,,0.514,67.38391428,8.815625587,2370.356308,1649.150321,1991
Europe and Central Asia,,,,0.66,67.60945972,10.93994329,10937.55466,208.7533755,1991
Latin America and the Caribbean,,,,0.642,68.12741082,11.54005833,10552.80959,445.88688,1991
South Asia,,,,0.448,59.10237141,7.580438753,2341.24664,1224.471445,1991
Sub-Saharan Africa,,,,0.408,49.98912823,6.017762809,2735.867723,502.5658685,1991
World,,,,0.604,65.29922202,9.276774878,9623.944964,5376.120345,1991
Afghanistan,SA,Low,182.0,0.299,47.596,3.520452316,2474.681985,12.057433,1992
Albania,ECA,High,74.0,0.616,73.715,10.65800953,3177.137422,3.303739,1992
Algeria,AS,High,93.0,0.601,67.757,9.909230232,8208.306614,26.7483025,1992
Andorra,,Very High,35.0,,80.324,9.755491263,43110.77696,0.0572835,1992
Angola,SSA,Medium,150.0,,42.209,3.488090038,2203.524644,12.632507,1992
Antigua and Barbuda,LAC,Very High,54.0,,73.417,,14171.53243,0.064659,1992
Argentina,LAC,Very High,48.0,0.736,72.43,13.31250985,15920.94513,33.5682855,1992
Armenia,ECA,High,76.0,0.611,68.627,10.31153965,2640.652135,3.5745555,1992
Australia,,Very High,10.0,0.868,77.477,17.43193246,29964.00387,17.462504,1992
Austria,,Very High,22.0,0.832,75.993,14.23005962,38808.53857,7.8408165,1992
Azerbaijan,ECA,High,89.0,,61.296,11.25137221,5547.538173,7.643338,1992
Bahamas,LAC,Very High,57.0,0.762,70.668,11.32628377,30862.45104,0.2819725,1992
Bahrain,AS,Very High,34.0,0.727,72.953,11.75183964,42416.39005,0.55447,1992
Bangladesh,SA,Medium,129.0,0.416,57.635,5.945345434,1866.833172,111.2721025,1992
Barbados,LAC,Very High,62.0,0.729,72.915,13.2241657,12260.67319,0.2602125,1992
Belarus,ECA,Very High,69.0,,69.4,12.08434963,7919.421393,10.4759075,1992
Belgium,,Very High,12.0,0.835,76.355,15.44893503,36726.77183,10.016455,1992
Belize,LAC,High,118.0,0.624,69.979,10.47160844,7490.385265,0.1902995,1992
Benin,SSA,Low,173.0,0.36,54.089,5.10022171,2054.547255,5.4577775,1992
Bhutan,SA,Medium,125.0,,57.423,5.937523089,2587.000432,0.545944,1992
Bolivia (Plurinational State of),LAC,Medium,120.0,0.563,57.629,11.98949299,4402.735354,7.394419,1992
Bosnia and Herzegovina,ECA,High,80.0,,51.785,,,4.2757295,1992
Botswana,SSA,High,114.0,0.585,58.348,10.51216507,9685.754105,1.420695,1992
Brazil,LAC,High,89.0,0.627,66.708,13.0166215,9914.314828,155.9007895,1992
Brunei Darussalam,EAP,Very High,55.0,0.78,72.081,12.21718025,72020.9326,0.2774155,1992
Bulgaria,,High,70.0,0.7,71.215,12.12901974,14087.79153,8.6685405,1992
Burkina Faso,SSA,Low,185.0,,49.437,2.58694005,1018.267861,9.598555,1992
Burundi,SSA,Low,187.0,0.284,43.895,4.203050137,1149.78945,5.743085,1992
Cabo Verde,SSA,Medium,131.0,,65.318,,2944.176539,0.381947,1992
Cambodia,EAP,Medium,148.0,0.388,56.021,7.098576493,1067.800294,9.718215,1992
Cameroon,SSA,Medium,151.0,0.433,54.481,8.047991395,2930.428651,12.1286045,1992
Canada,,Very High,18.0,0.869,77.85,17.10577011,32176.65544,28.3476405,1992
Central African Republic,SSA,Low,191.0,0.312,48.793,4.094940186,1224.029174,2.9917275,1992
Chad,SSA,Low,189.0,,46.102,2.888192867,1113.365991,6.3029265,1992
Chile,LAC,Very High,44.0,0.722,74.135,12.7259903,10895.25699,13.782297,1992
China,EAP,High,75.0,0.501,68.734,8.599749565,1729.802757,1183.813389,1992
Colombia,LAC,High,91.0,0.631,69.038,10.26126003,8290.867446,33.939039,1992
Comoros,SSA,Medium,152.0,,56.733,7.530690193,2879.087281,0.4529895,1992
Congo,SSA,Medium,149.0,0.536,54.663,10.69184017,4455.562336,2.520958,1992
Congo (Democratic Republic of the),SSA,Low,180.0,0.375,49.244,6.334326219,1253.664528,38.3323025,1992
Costa Rica,LAC,Very High,64.0,0.673,76.627,10.24223995,10179.63677,3.3219395,1992
Côte d'Ivoire,SSA,Low,166.0,0.428,52.138,5.55829011,2654.233463,12.8383135,1992
Croatia,,Very High,39.0,,72.709,10.44759891,,4.798321,1992
Cuba,LAC,High,85.0,0.671,74.162,12.36981964,4116.573864,10.783748,1992
Cyprus,,Very High,29.0,0.746,74.177,11.00099957,26217.69336,0.810431,1992
Czechia,,Very High,32.0,0.747,72.33,11.74785995,20979.81107,10.3109555,1992
Denmark,,Very High,5.0,0.845,75.267,14.52451038,39007.06848,5.175469,1992
Djibouti,AS,Low,171.0,,54.452,2.582279921,1848.284711,0.6231965,1992
Dominica,LAC,High,97.0,,70.282,,9085.282226,0.0691115,1992
Dominican Republic,LAC,High,82.0,0.595,68.084,9.626043137,6435.250532,7.42734,1992
Ecuador,LAC,High,83.0,0.652,70.117,11.42147714,7847.554358,10.914222,1992
Egypt,AS,High,105.0,0.58,65.031,9.430852532,6374.101778,59.989142,1992
El Salvador,LAC,Medium,127.0,0.538,64.657,8.811899662,5360.780075,5.5522055,1992
Equatorial Guinea,SSA,Medium,133.0,,51.113,,3051.540687,0.5013345,1992
Eritrea,SSA,Low,175.0,,52.465,,1281.299459,1.921153,1992
Estonia,,Very High,31.0,0.726,69.344,12.62077999,12667.06039,1.5403815,1992
Eswatini (Kingdom of),SSA,Medium,142.0,0.537,61.735,9.50123024,5078.874892,0.925165,1992
Ethiopia,SSA,Low,176.0,,46.901,2.61548996,593.0373873,52.011554,1992
Fiji,EAP,High,104.0,0.639,65.827,11.72330276,7827.262346,0.7868585,1992
Finland,,Very High,12.0,0.821,75.647,15.73964977,28319.73093,5.042121,1992
France,,Very High,28.0,0.806,77.296,14.69909954,34403.69799,56.864048,1992
Gabon,SSA,Medium,123.0,0.605,60.545,11.15030799,15496.14728,1.037446,1992
Gambia,SSA,Low,174.0,0.34,52.941,4.174508107,2018.092951,1.1271525,1992
Georgia,ECA,Very High,60.0,,67.783,12.33390021,4791.87596,5.2393275,1992
Germany,,Very High,7.0,0.842,76.019,14.75524998,39093.61132,80.20503,1992
Ghana,SSA,Medium,145.0,0.457,56.231,5.899291515,2360.348952,16.2415475,1992
Greece,,Very High,33.0,0.774,77.282,13.24009991,25453.79412,10.478388,1992
Grenada,LAC,High,73.0,,71.291,15.06864725,8132.501501,0.10104,1992
Guatemala,LAC,Medium,136.0,0.497,62.913,6.985791098,5654.353468,9.5766305,1992
Guinea,SSA,Low,181.0,0.281,48.363,2.996155024,1400.370763,6.832195,1992
Guinea-Bissau,SSA,Low,179.0,,47.92,6.859116377,1684.767099,1.0229045,1992
Guyana,LAC,High,95.0,0.509,62.787,8.789081511,2257.479401,0.744998,1992
Haiti,LAC,Medium,158.0,0.447,53.842,8.200946323,3337.484514,7.20578,1992
Honduras,LAC,Medium,138.0,0.518,65.991,8.281049728,3535.322234,5.3447735,1992
"Hong Kong, China (SAR)",,Very High,4.0,0.758,78.015,9.554141271,29922.25005,6.0076855,1992
Hungary,,Very High,47.0,0.714,69.167,11.2968502,15054.71764,10.3700605,1992
Iceland,,Very High,3.0,0.852,78.618,15.55963993,30944.55726,0.2612625,1992
India,SA,Medium,134.0,0.442,59.452,8.060095796,1832.898784,907.5740485,1992
Indonesia,EAP,High,112.0,0.541,64.126,9.874369621,4727.331292,188.558416,1992
Iran (Islamic Republic of),SA,High,78.0,0.638,66.776,10.99552731,10336.76699,59.372016,1992
Iraq,AS,Medium,128.0,0.502,66.708,7.511217477,2973.008714,18.385673,1992
Ireland,,Very High,7.0,0.757,75.428,12.93768978,25382.10655,3.528367,1992
Israel,,Very High,25.0,0.791,76.869,12.53806496,23880.63732,5.0793885,1992
Italy,,Very High,30.0,0.793,77.364,13.53209972,36795.15932,56.8331855,1992
Jamaica,LAC,High,115.0,0.665,72.189,11.04559267,9270.018404,2.434574,1992
Japan,,Very High,24.0,0.852,79.292,13.63418961,34366.30731,124.444693,1992
Jordan,AS,High,99.0,0.643,70.316,11.97716999,7987.826065,3.8668875,1992
Kazakhstan,ECA,Very High,67.0,0.663,64.159,11.90870953,11653.92983,17.043417,1992
Kenya,SSA,Medium,146.0,0.479,57.259,8.019699581,3329.577545,24.655723,1992
Kiribati,EAP,Medium,137.0,,61.893,10.62782955,2098.365429,0.0779015,1992
Korea (Democratic People's Rep. of),EAP,,,,70.824,,,21.439991,1992
Korea (Republic of),,Very High,19.0,0.751,72.956,13.35581017,14567.79055,44.703709,1992
Kuwait,AS,Very High,49.0,0.697,75.691,8.105360031,54511.7619,1.620633,1992
Kyrgyzstan,ECA,High,117.0,0.62,64.052,11.42310047,3991.41314,4.5012595,1992
Lao People's Democratic Republic,EAP,Medium,139.0,0.42,54.952,6.653603236,1998.259549,4.561106,1992
Latvia,,Very High,37.0,0.707,68.74,12.27167988,10789.09401,2.6628835,1992
Lebanon,AS,High,109.0,,71.192,8.642539978,10125.98103,3.7454065,1992
Lesotho,SSA,Low,168.0,0.476,58.555,8.964779854,2180.439172,1.858507,1992
Liberia,SSA,Low,177.0,,42.738,,1028.13114,2.0526255,1992
Libya,AS,High,92.0,0.735,70.232,16.5840422,28898.14989,4.4448205,1992
Liechtenstein,,Very High,12.0,,77.221,,90010.39909,0.029581,1992
Lithuania,,Very High,37.0,0.72,70.443,12.04401016,13268.22755,3.7957415,1992
Luxembourg,,Very High,20.0,0.806,75.388,11.1031127,78632.7918,0.391516,1992
Madagascar,SSA,Low,177.0,,53.039,6.420785205,1555.684958,12.6233415,1992
Malawi,SSA,Low,172.0,0.31,43.413,6.293459892,869.4606571,10.11542,1992
Malaysia,EAP,Very High,63.0,0.665,71.526,10.79524994,11404.81276,18.526708,1992
Maldives,SA,High,87.0,,65.007,,8736.602984,0.2391355,1992
Mali,SSA,Low,188.0,0.248,47.496,2.152940035,1387.941777,9.310572,1992
Malta,,Very High,25.0,0.734,75.382,12.94281006,19570.4261,0.3718795,1992
Marshall Islands,EAP,High,102.0,,62.383,,4154.766434,0.048015,1992
Mauritania,SSA,Low,164.0,0.41,60.261,4.091469765,4363.648173,2.147527,1992
Mauritius,SSA,High,72.0,0.633,70.288,10.23494339,8909.856498,1.118714,1992
Mexico,LAC,High,77.0,0.67,70.616,10.99157524,15356.6141,84.993164,1992
Micronesia (Federated States of),EAP,Medium,135.0,,67.832,,3558.487992,0.102893,1992
Moldova (Republic of),ECA,High,86.0,0.662,66.96,10.50670675,8134.997648,4.494902,1992
Monaco,,,,,76.842,17.25050926,,0.0307945,1992
Mongolia,EAP,High,96.0,0.564,59.641,8.751159668,3964.611052,2.2364935,1992
Montenegro,ECA,Very High,50.0,,74.353,,,0.6276655,1992
Morocco,AS,Medium,120.0,0.459,63.401,6.500289917,4063.695801,25.4006755,1992
Mozambique,SSA,Low,183.0,0.237,44.949,3.925740004,415.6825682,13.8168815,1992
Myanmar,EAP,Medium,144.0,0.356,57.251,7.633339882,604.735266,41.237813,1992
Namibia,SSA,Medium,142.0,0.603,61.545,12.47148991,6825.340105,1.461687,1992
Nauru,EAP,Medium,122.0,,61.223,,,0.0101285,1992
Nepal,SA,Medium,146.0,0.411,56.71,7.672130108,1589.199428,20.702133,1992
Netherlands,,Very High,10.0,0.853,77.359,14.94740009,36519.68504,15.150685,1992
New Zealand,,Very High,16.0,0.823,76.19,15.08668041,24840.46452,3.5325625,1992
Nicaragua,LAC,Medium,130.0,0.502,64.266,8.017729759,2912.180083,4.427172,1992
Niger,SSA,Low,189.0,0.218,42.947,2.024179935,1036.395354,8.907644,1992
Nigeria,SSA,Low,161.0,,45.668,6.201513613,3021.145876,100.182045,1992
North Macedonia,ECA,High,83.0,,71.2,11.18666165,,2.0180225,1992
Norway,,Very High,2.0,0.859,77.246,14.64008999,43940.60938,4.286557,1992
Oman,AS,Very High,59.0,,70.656,8.417209625,27350.66734,1.9852275,1992
Pakistan,SA,Low,164.0,0.403,60.116,4.323058238,3177.853976,122.3751795,1992
Palau,EAP,High,71.0,,62.236,,13465.20689,0.016004,1992
"Palestine, State of",AS,High,111.0,,68.592,8.491634722,4564.664748,2.3099985,1992
Panama,LAC,Very High,57.0,0.681,71.462,10.9026804,11785.22423,2.554382,1992
Papua New Guinea,EAP,Medium,154.0,0.412,60.218,4.874616097,2868.873494,4.1366435,1992
Paraguay,LAC,High,102.0,0.614,68.395,9.734827042,8293.900308,4.2770515,1992
Peru,LAC,High,87.0,0.624,66.149,11.39299011,4972.636475,23.0472475,1992
Philippines,EAP,High,113.0,0.604,67.088,10.79934025,4073.206529,64.543525,1992
Poland,,Very High,36.0,0.716,70.907,12.16026974,10167.90798,38.2522765,1992
Portugal,,Very High,42.0,0.731,74.87,13.21854973,25023.05999,9.9787435,1992
Qatar,AS,Very High,40.0,0.766,74.122,11.79516983,66118.0704,0.4712925,1992
Romania,,Very High,53.0,0.683,69.406,10.93377972,10806.18023,22.800963,1992
Russian Federation,,Very High,56.0,0.726,67.56,12.17432022,17177.25781,148.7256005,1992
Rwanda,SSA,Low,161.0,,44.319,5.729433378,916.8629551,7.6572075,1992
Saint Kitts and Nevis,LAC,Very High,51.0,,66.972,13.10744953,13963.79869,0.0409,1992
Saint Lucia,LAC,High,108.0,0.674,70.799,11.86511018,10716.15416,0.14642,1992
Saint Vincent and the Grenadines,LAC,High,81.0,,72.624,10.844495,6305.574803,0.1132215,1992
Samoa,EAP,High,116.0,,68.385,11.629,,0.1697995,1992
San Marino,,Very High,43.0,0.845,78.844,14.96161176,54778.6864,0.0238075,1992
Sao Tome and Principe,SSA,Medium,141.0,0.481,61.284,8.307724459,2259.475358,0.125648,1992
Saudi Arabia,AS,Very High,40.0,0.713,69.925,11.33934133,47251.24759,17.2813495,1992
Senegal,SSA,Low,169.0,0.373,57.112,4.499599934,2391.680607,7.9745135,1992
Serbia,ECA,Very High,65.0,,70.884,12.57982237,,7.9435015,1992
Seychelles,SSA,Very High,67.0,,69.082,12.29051971,16553.39192,0.072417,1992
Sierra Leone,SSA,Low,184.0,0.305,43.621,4.427687931,1470.476903,4.301566,1992
Singapore,EAP,Very High,9.0,0.796,75.601,15.00411961,41403.02564,3.228231,1992
Slovakia,,Very High,45.0,,71.367,11.7040828,,5.3018925,1992
Slovenia,,Very High,22.0,,73.545,12.38166046,,1.99134,1992
Solomon Islands,EAP,Medium,156.0,,65.767,6.316740036,2361.732128,0.3439155,1992
Somalia,AS,Low,193.0,,27.312,,716.7249987,6.4281415,1992
South Africa,SSA,High,110.0,0.648,63.341,12.7001435,9442.636784,41.760755,1992
South Sudan,SSA,Low,192.0,,22.724,,,4.956969,1992
Spain,,Very High,27.0,0.776,77.59,14.79841995,27946.01669,39.2022505,1992
Sri Lanka,SA,High,78.0,0.654,72.53,11.66419824,4298.35861,17.624457,1992
Sudan,AS,Low,170.0,0.318,45.891,3.863393641,2662.749512,21.7800595,1992
Suriname,LAC,Medium,124.0,,64.65,10.83696191,11521.65534,0.4195205,1992
Sweden,,Very High,5.0,0.818,78.071,13.40452003,31424.75405,8.640272,1992
Switzerland,,Very High,1.0,0.855,77.944,13.8107996,55321.60241,6.873179,1992
Syrian Arab Republic,AS,Medium,157.0,0.573,70.263,10.17481041,4873.146259,13.1564055,1992
Tajikistan,ECA,Medium,126.0,0.558,55.074,11.56355953,2752.381411,5.6562075,1992
Tanzania (United Republic of),SSA,Low,167.0,0.365,50.989,5.410860062,1263.125488,27.580723,1992
Thailand,EAP,Very High,66.0,0.601,70.885,9.340616544,8093.436837,56.93902,1992
Timor-Leste,EAP,Medium,155.0,,46.276,,3247.241925,0.783705,1992
Togo,SSA,Low,163.0,0.395,54.299,7.212769985,1546.364263,4.106219,1992
Tonga,EAP,High,98.0,0.651,67.686,12.07795849,4566.105508,0.0992605,1992
Trinidad and Tobago,LAC,Very High,60.0,0.659,68.391,10.57748985,10598.42007,1.285502,1992
Tunisia,AS,High,101.0,0.578,70.701,10.0225296,5868.244069,8.80254,1992
Türkiye,ECA,Very High,45.0,0.608,68.486,9.221639633,13309.27221,56.302037,1992
Turkmenistan,ECA,High,94.0,,63.875,,7757.374293,3.9263695,1992
Tuvalu,EAP,Medium,132.0,0.562,60.491,10.75686264,3232.120579,0.009466,1992
Uganda,SSA,Medium,159.0,0.325,46.368,5.242869854,893.5719568,18.8019665,1992
Ukraine,ECA,High,100.0,0.715,68.629,12.18871021,13428.01367,51.7851535,1992
United Arab Emirates,AS,Very High,17.0,0.734,72.306,10.09360981,89126.91514,2.116231,1992
United Kingdom,,Very High,15.0,0.815,76.306,14.26535988,30780.88406,57.50924,1992
United States,,Very High,20.0,0.88,75.778,15.72849035,41136.80498,255.1753385,1992
Uruguay,LAC,Very High,52.0,0.709,73.441,12.86606026,12063.69411,3.153732,1992
Uzbekistan,ECA,High,106.0,,65.109,10.63961983,2761.538829,21.588138,1992
Vanuatu,EAP,Medium,140.0,,67.353,7.872696445,2418.956017,0.1585775,1992
Venezuela (Bolivarian Republic of),LAC,Medium,119.0,0.675,71.806,10.67339039,18236.231,20.7004605,1992
Viet Nam,EAP,High,107.0,0.514,69.958,8.313412547,2244.106015,69.7887475,1992
Yemen,AS,Low,186.0,0.368,59.428,5.71369923,2288.669529,14.433771,1992
Zambia,SSA,Medium,153.0,0.408,46.512,7.91354678,1903.504771,8.0743375,1992
Zimbabwe,SSA,Medium,159.0,0.465,56.435,9.542510033,1474.269816,10.641501,1992
Very high human development,,,,0.791,74.0612599,13.25212267,28042.65151,1373.893239,1992
High human development,,,,0.57,67.93042375,9.69548015,4510.526419,2192.365392,1992
Medium human development,,,,0.451,59.07025936,7.798045216,2274.275853,1335.037878,1992
Low human development,,,,0.359,50.36798985,4.756653511,2115.808726,539.469189,1992
Arab States,,,,0.561,63.5201252,8.550043772,10176.11013,234.1442235,1992
East Asia and the Pacific,,,,0.523,67.90511658,8.85330391,2582.38186,1671.612239,1992
Europe and Central Asia,,,,0.654,66.89610048,10.81495074,10094.98092,210.3992705,1992
Latin America and the Caribbean,,,,0.646,68.45893063,11.59775345,10699.54521,454.0171095,1992
South Asia,,,,0.454,59.7275407,7.625471227,2409.258183,1251.762449,1992
Sub-Saharan Africa,,,,0.407,49.90041418,6.058985012,2564.74313,516.727351,1992
World,,,,0.607,65.58383549,9.3077645,9609.546238,5462.236483,1992
Afghanistan,SA,Low,182.0,0.307,51.466,3.812448465,1723.019763,14.00376,1993
Albania,ECA,High,74.0,0.618,73.939,10.07353973,3595.914885,3.3007105,1993
Algeria,AS,High,93.0,0.602,67.719,9.915590286,7917.633629,27.3543275,1993
Andorra,,Very High,35.0,,78.663,9.851039052,41315.19703,0.059156,1993
Angola,SSA,Medium,150.0,,42.101,3.568055034,2162.632601,13.0382695,1993
Antigua and Barbuda,LAC,Very High,54.0,,73.482,,14911.44446,0.0658335,1993
Argentina,LAC,Very High,48.0,0.74,72.565,13.27257983,17102.54385,34.0272395,1993
Armenia,ECA,High,76.0,0.613,68.841,10.7276001,2491.056752,3.4573495,1993
Australia,,Very High,10.0,0.873,78.01,17.43143082,31005.34711,17.6315105,1993
Austria,,Very High,22.0,0.836,76.226,14.41880989,38720.41386,7.9052775,1993
Azerbaijan,ECA,High,89.0,,61.286,11.3253789,4214.389084,7.740107,1993
Bahamas,LAC,Very High,57.0,0.762,70.656,11.34334683,29916.29929,0.2881645,1993
Bahrain,AS,Very High,34.0,0.732,73.375,11.5489397,44239.02663,0.5737555,1993
Bangladesh,SA,Medium,129.0,0.423,57.927,6.147968102,1922.69547,113.418757,1993
Barbados,LAC,Very High,62.0,0.733,73.19,13.3613135,12232.15263,0.2609955,1993
Belarus,ECA,Very High,69.0,,68.641,12.00782013,7301.407965,10.4804835,1993
Belgium,,Very High,12.0,0.849,76.361,16.71870041,36585.91285,10.0437385,1993
Belize,LAC,High,118.0,0.63,69.988,10.63936773,7770.092443,0.1941765,1993
Benin,SSA,Low,173.0,0.367,54.537,5.24912074,2118.743621,5.7061805,1993
Bhutan,SA,Medium,125.0,,58.117,6.151728281,2813.095502,0.520838,1993
Bolivia (Plurinational State of),LAC,Medium,120.0,0.573,58.418,12.32392686,4498.276839,7.5444885,1993
Bosnia and Herzegovina,ECA,High,80.0,,51.519,,,3.9429805,1993
Botswana,SSA,High,114.0,0.586,57.719,10.47222042,9867.230002,1.4622615,1993
Brazil,LAC,High,89.0,0.633,67.109,13.06190699,10180.02345,158.440875,1993
Brunei Darussalam,EAP,Very High,55.0,0.78,72.312,12.0296402,70388.81949,0.284713,1993
Bulgaria,,High,70.0,0.702,71.226,12.01152039,13951.33181,8.6115355,1993
Burkina Faso,SSA,Low,185.0,,49.209,2.674679995,1025.249724,9.840075,1993
Burundi,SSA,Low,187.0,0.257,37.105,4.479829788,1107.490065,5.55522,1993
Cabo Verde,SSA,Medium,131.0,,65.312,,3075.465407,0.391749,1993
Cambodia,EAP,Medium,148.0,0.39,56.08,7.206063165,1064.974439,10.2435505,1993
Cameroon,SSA,Medium,151.0,0.426,54.062,7.921722651,2629.803657,12.486773,1993
Canada,,Very High,18.0,0.867,77.723,16.72765923,32737.52266,28.6681665,1993
Central African Republic,SSA,Low,191.0,0.311,48.353,4.196776643,1176.919719,3.089146,1993
Chad,SSA,Low,189.0,,46.318,3.082892287,883.4916888,6.4482805,1993
Chile,LAC,Very High,44.0,0.716,74.195,11.73915958,11503.52562,13.998386,1993
China,EAP,High,75.0,0.512,69.216,8.60599041,1945.10019,1195.855558,1993
Colombia,LAC,High,91.0,0.637,69.342,10.41952991,8643.444566,34.614735,1993
Comoros,SSA,Medium,152.0,,57.276,7.583465849,2886.840862,0.463318,1993
Congo,SSA,Medium,149.0,0.53,54.146,10.50271711,4077.458565,2.594168,1993
Congo (Democratic Republic of the),SSA,Low,180.0,0.372,49.551,6.406792029,1080.65848,39.5808445,1993
Costa Rica,LAC,Very High,64.0,0.681,76.703,10.39446497,10650.85026,3.405372,1993
Côte d'Ivoire,SSA,Low,166.0,0.431,51.925,5.666181491,2588.694654,13.316448,1993
Croatia,,Very High,39.0,,73.217,10.83181953,,4.7924025,1993
Cuba,LAC,High,85.0,0.662,74.261,12.27513027,3483.09519,10.840934,1993
Cyprus,,Very High,29.0,0.752,74.65,11.16728175,25802.52344,0.8259855,1993
Czechia,,Very High,32.0,0.755,72.853,11.96282959,20928.76775,10.3189165,1993
Denmark,,Very High,5.0,0.848,75.188,14.79776001,39072.20133,5.1937755,1993
Djibouti,AS,Low,171.0,,55.774,2.609400034,1988.448236,0.6112305,1993
Dominica,LAC,High,97.0,,70.937,,9225.13044,0.069169,1993
Dominican Republic,LAC,High,82.0,0.602,68.472,9.80136539,6662.256843,7.576074,1993
Ecuador,LAC,High,83.0,0.656,70.345,11.60067427,7930.413238,11.132829,1993
Egypt,AS,High,105.0,0.587,65.468,9.611375093,6407.29682,61.3822,1993
El Salvador,LAC,Medium,127.0,0.546,65.235,8.96173954,5591.500446,5.630987,1993
Equatorial Guinea,SSA,Medium,133.0,,51.308,,3304.266489,0.520236,1993
Eritrea,SSA,Low,175.0,,53.234,,1402.365782,1.9814195,1993
Estonia,,Very High,31.0,0.718,68.579,12.32798004,11693.7397,1.5044355,1993
Eswatini (Kingdom of),SSA,Medium,142.0,0.529,60.233,9.430410385,4944.725873,0.953451,1993
Ethiopia,SSA,Low,176.0,,47.394,2.450959921,645.5342182,53.791672,1993
Fiji,EAP,High,104.0,0.643,65.928,11.76907523,7934.856877,0.7891985,1993
Finland,,Very High,12.0,0.826,75.885,15.96156025,27826.45668,5.066605,1993
France,,Very High,28.0,0.809,77.348,14.81359005,34071.06603,57.0537315,1993
Gabon,SSA,Medium,123.0,0.609,60.718,11.19379468,15518.9761,1.0653905,1993
Gambia,SSA,Low,174.0,0.348,53.748,4.350077852,1983.417545,1.1683085,1993
Georgia,ECA,Very High,60.0,,67.656,11.99031019,3203.732485,5.127511,1993
Germany,,Very High,7.0,0.852,76.096,15.47786045,38392.59837,80.573488,1993
Ghana,SSA,Medium,145.0,0.463,56.416,6.024967843,2406.689212,16.6436335,1993
Greece,,Very High,33.0,0.776,77.654,13.17138958,24763.95179,10.5634405,1993
Grenada,LAC,High,73.0,,71.576,15.13919514,7749.203538,0.102173,1993
Guatemala,LAC,Medium,136.0,0.502,63.349,7.029280186,5746.259446,9.831868,1993
Guinea,SSA,Low,181.0,0.288,48.962,3.172029972,1452.52753,7.0460975,1993
Guinea-Bissau,SSA,Low,179.0,,48.228,6.985880588,1659.148693,1.056761,1993
Guyana,LAC,High,95.0,0.524,63.152,8.954183327,2759.99501,0.7471895,1993
Haiti,LAC,Medium,158.0,0.449,54.35,8.301440555,3095.193846,7.34594,1993
Honduras,LAC,Medium,138.0,0.523,66.251,8.339759827,3738.299973,5.4968405,1993
"Hong Kong, China (SAR)",,Very High,4.0,0.77,78.326,9.877486659,32648.68515,6.089808,1993
Hungary,,Very High,47.0,0.721,69.18,11.77652025,15451.0627,10.3574205,1993
Iceland,,Very High,3.0,0.853,78.73,15.5397501,30977.53564,0.2639315,1993
India,SA,Medium,134.0,0.446,59.815,8.081838401,1882.700959,926.3512965,1993
Indonesia,EAP,High,112.0,0.549,64.598,9.861129761,5019.323652,191.737287,1993
Iran (Islamic Republic of),SA,High,78.0,0.644,67.139,11.09279205,10117.23334,59.75543,1993
Iraq,AS,Medium,128.0,0.524,66.897,7.618872444,4209.081276,19.295818,1993
Ireland,,Very High,7.0,0.767,75.294,13.40929985,26052.7516,3.5457,1993
Israel,,Very High,25.0,0.797,77.45,12.73898983,24217.84361,5.212998,1993
Italy,,Very High,30.0,0.799,77.652,13.82783031,36546.303,56.869454,1993
Jamaica,LAC,High,115.0,0.665,71.921,10.96779513,9397.061321,2.459062,1993
Japan,,Very High,24.0,0.858,79.434,14.09312487,34106.01975,124.7795765,1993
Jordan,AS,High,99.0,0.648,70.518,12.00277042,8027.151124,4.075759,1993
Kazakhstan,ECA,Very High,67.0,0.659,64.198,11.66178465,10591.41835,16.979697,1993
Kenya,SSA,Medium,146.0,0.477,56.617,8.093303384,3177.904655,25.39183,1993
Kiribati,EAP,Medium,137.0,,62.321,10.60419464,2065.987077,0.0790925,1993
Korea (Democratic People's Rep. of),EAP,,,,71.871,,,21.7730165,1993
Korea (Republic of),,Very High,19.0,0.761,73.283,13.73884964,15412.08635,44.9328615,1993
Kuwait,AS,Very High,49.0,0.703,75.794,7.967619896,64998.8981,1.6536445,1993
Kyrgyzstan,ECA,High,117.0,0.607,63.822,11.02869034,3361.234013,4.5076335,1993
Lao People's Democratic Republic,EAP,Medium,139.0,0.426,55.435,6.733469963,2059.548231,4.685296,1993
Latvia,,Very High,37.0,0.691,67.231,11.73342037,9250.381017,2.6388885,1993
Lebanon,AS,High,109.0,,71.382,8.715867519,10834.89827,3.8187965,1993
Lesotho,SSA,Low,168.0,0.472,57.991,8.696909904,2194.667326,1.885478,1993
Liberia,SSA,Low,177.0,,42.166,,663.205926,2.1327705,1993
Libya,AS,High,92.0,0.735,70.42,16.53843681,27207.9712,4.5449695,1993
Liechtenstein,,Very High,12.0,,76.686,,89250.87289,0.030012,1993
Lithuania,,Very High,37.0,0.702,68.991,11.60953999,11127.71645,3.7885275,1993
Luxembourg,,Very High,20.0,0.815,75.942,11.41813256,79859.86319,0.3966975,1993
Madagascar,SSA,Low,177.0,,53.906,6.596127892,1543.335917,13.0200995,1993
Malawi,SSA,Low,172.0,0.316,43.388,6.444399834,940.5414888,10.257233,1993
Malaysia,EAP,Very High,63.0,0.671,71.826,10.74794006,12217.88443,19.050077,1993
Maldives,SA,High,87.0,,65.739,,9021.26686,0.2458455,1993
Mali,SSA,Low,188.0,0.255,47.733,2.360039949,1407.147937,9.5065095,1993
Malta,,Very High,25.0,0.745,76.696,13.15359974,20072.29458,0.3752415,1993
Marshall Islands,EAP,High,102.0,,62.476,,4340.037097,0.0489445,1993
Mauritania,SSA,Low,164.0,0.421,60.379,4.563419819,4410.507929,2.2370645,1993
Mauritius,SSA,High,72.0,0.636,70.271,10.36658001,9216.954344,1.133252,1993
Mexico,LAC,High,77.0,0.673,70.942,10.95479012,15574.05843,86.6484465,1993
Micronesia (Federated States of),EAP,Medium,135.0,,68.059,,3734.320333,0.10603,1993
Moldova (Republic of),ECA,High,86.0,0.662,66.543,10.61424491,8062.764081,4.493689,1993
Monaco,,,,,77.439,17.52141953,,0.031024,1993
Mongolia,EAP,High,96.0,0.55,60.038,7.619840145,3641.462652,2.2703115,1993
Montenegro,ECA,Very High,50.0,,74.652,,,0.629554,1993
Morocco,AS,Medium,120.0,0.465,63.872,6.738800049,3945.784424,25.806777,1993
Mozambique,SSA,Low,183.0,0.243,45.354,3.953269958,448.7568989,14.2062535,1993
Myanmar,EAP,Medium,144.0,0.363,57.631,7.771729946,637.2056598,41.7883015,1993
Namibia,SSA,Medium,142.0,0.601,60.86,12.88539982,6487.800409,1.5098345,1993
Nauru,EAP,Medium,122.0,,61.338,,,0.0102255,1993
Nepal,SA,Medium,146.0,0.416,57.619,7.676449776,1607.544356,21.267359,1993
Netherlands,,Very High,10.0,0.855,77.035,15.20777035,36927.07844,15.251086,1993
New Zealand,,Very High,16.0,0.839,76.5,16.02350998,25935.30209,3.573742,1993
Nicaragua,LAC,Medium,130.0,0.505,64.685,8.188419978,2786.183763,4.5266885,1993
Niger,SSA,Low,189.0,0.223,43.817,2.110269937,1007.985321,9.193078,1993
Nigeria,SSA,Low,161.0,,45.788,6.393554115,2822.597654,102.7754645,1993
North Macedonia,ECA,High,83.0,,71.88,11.12045002,,1.996893,1993
Norway,,Very High,2.0,0.867,77.221,15.17529964,44857.3876,4.312136,1993
Oman,AS,Very High,59.0,,71.165,8.903459549,28133.44627,2.071868,1993
Pakistan,SA,Low,164.0,0.405,59.934,4.365467475,3141.995514,125.546615,1993
Palau,EAP,High,71.0,,62.593,,11990.28009,0.0163795,1993
"Palestine, State of",AS,High,111.0,,68.853,8.791367242,4825.294508,2.4106445,1993
Panama,LAC,Very High,57.0,0.687,71.8,11.05078983,12444.37608,2.6074995,1993
Papua New Guinea,EAP,Medium,154.0,0.425,60.506,5.017605322,3373.802103,4.2915885,1993
Paraguay,LAC,High,102.0,0.621,68.633,10.02418041,8433.452815,4.3862015,1993
Peru,LAC,High,87.0,0.628,66.681,11.35470963,5110.309806,23.5138825,1993
Philippines,EAP,High,113.0,0.606,67.542,10.83234692,4086.322568,66.0833205,1993
Poland,,Very High,36.0,0.73,71.42,12.82264996,10603.10304,38.3192965,1993
Portugal,,Very High,42.0,0.747,74.761,14.48209953,24502.31381,9.992103,1993
Qatar,AS,Very High,40.0,0.772,74.243,12.20510006,63262.09601,0.4860405,1993
Romania,,Very High,53.0,0.683,69.578,10.64280987,10967.35351,22.721656,1993
Russian Federation,,Very High,56.0,0.708,65.019,11.85124969,15713.39941,148.89727,1993
Rwanda,SSA,Low,161.0,,42.166,5.717350006,814.3036219,7.90474,1993
Saint Kitts and Nevis,LAC,Very High,51.0,,67.58,13.16588974,14665.09468,0.0414465,1993
Saint Lucia,LAC,High,108.0,0.676,71.114,11.91448021,10469.26832,0.1485955,1993
Saint Vincent and the Grenadines,LAC,High,81.0,,72.458,10.99088437,6531.783837,0.113621,1993
Samoa,EAP,High,116.0,,68.701,11.6386,,0.171362,1993
San Marino,,Very High,43.0,0.85,78.929,14.97758666,58653.7939,0.0241815,1993
Sao Tome and Principe,SSA,Medium,141.0,0.481,61.138,8.395943185,2227.246552,0.128182,1993
Saudi Arabia,AS,Very High,40.0,0.717,70.303,11.46551288,45504.93087,17.8464605,1993
Senegal,SSA,Low,169.0,0.373,56.996,4.594187927,2338.461338,8.1965515,1993
Serbia,ECA,Very High,65.0,,71.048,12.63602281,,7.957071,1993
Seychelles,SSA,Very High,67.0,,69.042,12.4240799,17351.11239,0.0730405,1993
Sierra Leone,SSA,Low,184.0,0.312,43.594,4.64686594,1560.348198,4.295689,1993
Singapore,EAP,Very High,9.0,0.805,75.802,15.06898929,43713.64289,3.334131,1993
Slovakia,,Very High,45.0,,71.882,11.82896996,,5.3218595,1993
Slovenia,,Very High,22.0,,73.468,12.29267979,,1.9916845,1993
Solomon Islands,EAP,Medium,156.0,,65.958,6.647099972,2451.744258,0.3540855,1993
Somalia,AS,Low,193.0,,50.648,,724.0982718,6.620729,1993
South Africa,SSA,High,110.0,0.652,63.045,12.92787679,9399.529866,42.5254405,1993
South Sudan,SSA,Low,192.0,,22.704,,,5.0181725,1993
Spain,,Very High,27.0,0.784,77.73,15.25714016,27665.87608,39.4205455,1993
Sri Lanka,SA,High,78.0,0.662,73.052,11.75127918,4553.142977,17.8256115,1993
Sudan,AS,Low,170.0,0.328,46.575,4.0161316,2824.555176,22.163251,1993
Suriname,LAC,Medium,124.0,,64.98,10.87141776,9818.520253,0.422375,1993
Sweden,,Very High,5.0,0.84,78.135,15.38564968,30368.18444,8.6834045,1993
Switzerland,,Very High,1.0,0.859,78.233,14.12714958,54999.98515,6.936121,1993
Syrian Arab Republic,AS,Medium,157.0,0.574,70.193,10.0685997,4994.444403,13.5370605,1993
Tajikistan,ECA,Medium,126.0,0.531,52.867,10.82005024,2246.896892,5.7178055,1993
Tanzania (United Republic of),SSA,Low,167.0,0.367,50.87,5.497560024,1241.88269,28.469017,1993
Thailand,EAP,Very High,66.0,0.611,71.068,9.63049984,8682.172192,57.776082,1993
Timor-Leste,EAP,Medium,155.0,,47.254,,3549.534646,0.7951795,1993
Togo,SSA,Low,163.0,0.392,54.195,7.488199949,1319.98356,4.078392,1993
Tonga,EAP,High,98.0,0.657,67.855,12.23492723,4708.78122,0.0994915,1993
Trinidad and Tobago,LAC,Very High,60.0,0.663,68.811,10.59889984,10466.06893,1.293974,1993
Tunisia,AS,High,101.0,0.585,71.235,10.24203014,5809.242633,8.977173,1993
Türkiye,ECA,Very High,45.0,0.615,68.911,9.371190071,14108.25104,57.296008,1993
Turkmenistan,ECA,High,94.0,,63.804,,7668.027153,4.0316985,1993
Tuvalu,EAP,Medium,132.0,0.575,62.654,10.72158384,3341.27662,0.009517,1993
Uganda,SSA,Medium,159.0,0.333,46.237,5.566840172,948.585039,19.462958,1993
Ukraine,ECA,High,100.0,0.702,67.873,11.90876961,11302.57813,51.7784175,1993
United Arab Emirates,AS,Very High,17.0,0.743,72.521,10.2863102,89285.19434,2.223284,1993
United Kingdom,,Very High,15.0,0.819,76.163,14.46231492,31440.69852,57.6474625,1993
United States,,Very High,20.0,0.882,75.567,15.92399025,41705.91862,258.7797535,1993
Uruguay,LAC,Very High,52.0,0.712,73.579,12.98691773,12331.46378,3.1717475,1993
Uzbekistan,ECA,High,106.0,,64.829,10.63850416,2642.090493,22.085918,1993
Vanuatu,EAP,Medium,140.0,,67.528,8.025535925,2426.766542,0.162548,1993
Venezuela (Bolivarian Republic of),LAC,Medium,119.0,0.678,71.925,10.6458478,17875.426,21.1721,1993
Viet Nam,EAP,High,107.0,0.526,70.621,8.625973761,2368.245113,71.1764055,1993
Yemen,AS,Low,186.0,0.374,59.859,5.880804551,2309.043653,14.9880465,1993
Zambia,SSA,Medium,153.0,0.412,46.209,7.972610085,2031.306647,8.2709175,1993
Zimbabwe,SSA,Medium,159.0,0.46,54.426,9.644214358,1488.866446,10.794918,1993
Very high human development,,,,0.793,73.85497632,13.43017336,28089.05862,1384.358128,1993
High human development,,,,0.576,68.321918,9.730515166,4628.950675,2220.694866,1993
Medium human development,,,,0.455,59.35158915,7.850065501,2321.883262,1364.128042,1993
Low human development,,,,0.362,50.78179745,4.844344732,2044.50162,555.690598,1993
Arab States,,,,0.57,64.5128198,8.678825861,10222.00492,240.4418355,1993
East Asia and the Pacific,,,,0.533,68.37540808,8.885961946,2817.987056,1692.991693,1993
Europe and Central Asia,,,,0.65,66.71837908,10.74339102,9507.575947,211.523527,1993
Latin America and the Caribbean,,,,0.65,68.7868437,11.60594583,10957.88645,462.11991,1993
South Asia,,,,0.458,60.05845506,7.662266695,2427.253951,1278.935513,1993
Sub-Saharan Africa,,,,0.409,49.81715422,6.156974965,2490.606518,530.666589,1993
World,,,,0.61,65.75348481,9.356144317,9620.985581,5546.675675,1993
Afghanistan,SA,Low,182.0,0.3,51.495,4.104444614,1202.010488,15.4555545,1994
Albania,ECA,High,74.0,0.623,74.131,9.992659569,3950.845018,3.2939985,1994
Algeria,AS,High,93.0,0.603,67.361,9.986069679,7651.361892,27.937006,1994
Andorra,,Very High,35.0,,82.638,9.947522659,40996.24957,0.061037,1994
Angola,SSA,Medium,150.0,,43.422,3.648020029,1655.982339,13.462031,1994
Antigua and Barbuda,LAC,Very High,54.0,,73.591,,15577.57708,0.067072,1994
Argentina,LAC,Very High,48.0,0.746,73.172,13.2326498,17828.82733,34.488696,1994
Armenia,ECA,High,76.0,0.617,69.073,10.47511005,2679.180791,3.3737135,1994
Australia,,Very High,10.0,0.873,77.856,17.43092918,31489.40915,17.805504,1994
Austria,,Very High,22.0,0.841,76.543,14.62075996,39418.02542,7.935365,1994
Azerbaijan,ECA,High,89.0,,61.594,11.39987237,3351.166003,7.8218795,1994
Bahamas,LAC,Very High,57.0,0.765,70.851,11.36043561,30232.33113,0.2939965,1994
Bahrain,AS,Very High,34.0,0.732,73.517,11.29162979,41633.74867,0.593254,1994
Bangladesh,SA,Medium,129.0,0.431,58.617,6.350590769,1968.361761,115.6148915,1994
Barbados,LAC,Very High,62.0,0.738,73.211,13.4984613,12666.26181,0.2617115,1994
Belarus,ECA,Very High,69.0,,69.232,11.95841026,6431.140315,10.4753945,1994
Belgium,,Very High,12.0,0.857,76.714,17.01412964,37925.67505,10.069182,1994
Belize,LAC,High,118.0,0.634,70.316,10.8098146,7536.229596,0.198416,1994
Benin,SSA,Low,173.0,0.372,54.91,5.402366821,2074.388033,5.923394,1994
Bhutan,SA,Medium,125.0,,58.635,6.373661251,3032.312953,0.5212595,1994
Bolivia (Plurinational State of),LAC,Medium,120.0,0.582,58.989,12.66768939,4641.332516,7.6937225,1994
Bosnia and Herzegovina,ECA,High,80.0,,67.209,,,3.76233,1994
Botswana,SSA,High,114.0,0.576,56.154,10.34175014,9169.908136,1.5035445,1994
Brazil,LAC,High,89.0,0.638,67.568,13.10735002,10454.40246,160.980472,1994
Brunei Darussalam,EAP,Very High,55.0,0.78,72.553,11.76173973,70806.75099,0.2919355,1994
Bulgaria,,High,70.0,0.704,70.901,11.88076019,14269.29976,8.548466,1994
Burkina Faso,SSA,Low,185.0,,49.307,2.788160086,1011.678748,10.091256,1994
Burundi,SSA,Low,187.0,0.288,44.08,4.496963561,1065.349796,5.5864085,1994
Cabo Verde,SSA,Medium,131.0,,65.25,,3198.439043,0.401655,1994
Cambodia,EAP,Medium,148.0,0.392,56.035,7.313549836,1070.465939,10.636353,1994
Cameroon,SSA,Medium,151.0,0.423,53.528,7.795453906,2585.755977,12.8488625,1994
Canada,,Very High,18.0,0.873,77.899,16.88726044,33776.50531,28.9811885,1994
Central African Republic,SSA,Low,191.0,0.313,47.853,4.298613099,1187.592907,3.187844,1994
Chad,SSA,Low,189.0,,46.449,3.290716823,978.5783966,6.5929985,1994
Chile,LAC,Very High,44.0,0.722,74.614,11.91450367,11786.4719,14.210674,1994
China,EAP,High,75.0,0.522,69.52,8.580659866,2178.377089,1207.286675,1994
Colombia,LAC,High,91.0,0.643,69.613,10.52149963,9058.024654,35.295461,1994
Comoros,SSA,Medium,152.0,,57.694,7.636241504,2668.912138,0.4734785,1994
Congo,SSA,Medium,149.0,0.525,53.738,10.31359406,3849.832269,2.6692205,1994
Congo (Democratic Republic of the),SSA,Low,180.0,0.369,49.884,6.480086862,928.2228098,41.511985,1994
Costa Rica,LAC,Very High,64.0,0.684,76.67,10.54668999,11003.08651,3.489152,1994
Côte d'Ivoire,SSA,Low,166.0,0.434,51.737,5.776167139,2599.924258,13.802285,1994
Croatia,,Very High,39.0,,73.782,11.23017025,,4.8194255,1994
Cuba,LAC,High,85.0,0.659,74.411,11.70328045,3491.729852,10.8872065,1994
Cyprus,,Very High,29.0,0.758,74.72,11.33607732,26733.88086,0.844444,1994
Czechia,,Very High,32.0,0.766,73.082,12.55356979,21533.0343,10.3213025,1994
Denmark,,Very High,5.0,0.854,75.439,15.0534296,41068.65151,5.2137995,1994
Djibouti,AS,Low,171.0,,55.505,2.710540056,1872.680652,0.6234775,1994
Dominica,LAC,High,97.0,,71.076,,8626.032587,0.0691985,1994
Dominican Republic,LAC,High,82.0,0.608,68.792,9.979880845,6749.281125,7.723934,1994
Ecuador,LAC,High,83.0,0.662,70.757,11.7798714,8142.906835,11.347652,1994
Egypt,AS,High,105.0,0.594,65.816,9.791897655,6509.645046,62.775847,1994
El Salvador,LAC,Medium,127.0,0.557,65.838,9.286313629,5816.686235,5.693038,1994
Equatorial Guinea,SSA,Medium,133.0,,51.415,,3247.829768,0.539992,1994
Eritrea,SSA,Low,175.0,,54.1,,1536.257201,2.0425,1994
Estonia,,Very High,31.0,0.72,67.885,12.54491997,11752.53455,1.475727,1994
Eswatini (Kingdom of),SSA,Medium,142.0,0.52,58.268,9.520150185,4833.899673,0.9537375,1994
Ethiopia,SSA,Low,176.0,,47.861,2.286429882,645.5822413,55.6202105,1994
Fiji,EAP,High,104.0,0.649,66.125,11.81484771,8201.826161,0.7908035,1994
Finland,,Very High,12.0,0.838,76.575,16.29762077,29135.50046,5.08849,1994
France,,Very High,28.0,0.824,77.768,15.6441803,34689.66499,57.2300645,1994
Gabon,SSA,Medium,123.0,0.613,60.701,11.23745096,16030.64865,1.093611,1994
Gambia,SSA,Low,174.0,0.356,54.721,4.533031638,1926.385989,1.2058825,1994
Georgia,ECA,Very High,60.0,,68.554,11.64672017,2967.763696,4.997913,1994
Germany,,Very High,7.0,0.858,76.393,15.64466953,38914.99498,80.882126,1994
Ghana,SSA,Medium,145.0,0.465,56.112,6.153321534,2423.57955,17.0408535,1994
Greece,,Very High,33.0,0.782,77.803,13.38531971,25068.87718,10.6474165,1994
Grenada,LAC,High,73.0,,71.786,15.21007332,7887.255807,0.103174,1994
Guatemala,LAC,Medium,136.0,0.506,63.726,7.073040009,5832.852874,10.094921,1994
Guinea,SSA,Low,181.0,0.294,49.171,3.392210007,1471.369422,7.262112,1994
Guinea-Bissau,SSA,Low,179.0,,48.156,7.114987546,1665.277459,1.089617,1994
Guyana,LAC,High,95.0,0.535,63.372,9.122386559,3170.398688,0.749546,1994
Haiti,LAC,Medium,158.0,0.447,54.653,8.403166242,2682.380641,7.4860905,1994
Honduras,LAC,Medium,138.0,0.526,66.574,8.457868512,3634.314924,5.652934,1994
"Hong Kong, China (SAR)",,Very High,4.0,0.78,78.732,10.21177518,34059.58314,6.168707,1994
Hungary,,Very High,47.0,0.73,69.604,12.2561903,15898.05086,10.342434,1994
Iceland,,Very High,3.0,0.86,79.166,15.78847027,31602.3898,0.2662245,1994
India,SA,Medium,134.0,0.452,60.216,8.103639658,1970.353279,945.2619585,1994
Indonesia,EAP,High,112.0,0.56,64.856,10.0645504,5371.530656,194.9285335,1994
Iran (Islamic Republic of),SA,High,78.0,0.649,67.468,11.19091718,9857.982956,59.9857485,1994
Iraq,AS,Medium,128.0,0.524,66.744,7.728070382,3823.556966,20.248073,1994
Ireland,,Very High,7.0,0.779,75.801,13.76459026,27572.42083,3.5593975,1994
Israel,,Very High,25.0,0.803,77.689,12.90746498,25330.34783,5.346292,1994
Italy,,Very High,30.0,0.809,77.872,14.36686993,37267.68132,56.8838195,1994
Jamaica,LAC,High,115.0,0.665,71.739,10.8899976,9489.681144,2.4841815,1994
Japan,,Very High,24.0,0.865,79.824,14.55206013,34349.67891,125.1192685,1994
Jordan,AS,High,99.0,0.652,70.699,11.92829037,8059.733787,4.278166,1994
Kazakhstan,ECA,Very High,67.0,0.652,63.963,11.41485977,9366.238725,16.747151,1994
Kenya,SSA,Medium,146.0,0.48,56.273,8.168958679,3198.70541,26.1337435,1994
Kiribati,EAP,Medium,137.0,,62.697,10.58055973,2061.281553,0.080264,1994
Korea (Democratic People's Rep. of),EAP,,,,70.718,,,22.1052245,1994
Korea (Republic of),,Very High,19.0,0.77,73.611,13.98118019,16649.35858,45.16578,1994
Kuwait,AS,Very High,49.0,0.732,75.763,9.732179642,68814.29026,1.641106,1994
Kyrgyzstan,ECA,High,117.0,0.59,63.748,10.63169003,2628.271232,4.5308945,1994
Lao People's Democratic Republic,EAP,Medium,139.0,0.434,55.749,7.006539822,2159.833942,4.8079505,1994
Latvia,,Very High,37.0,0.687,66.233,11.35453987,9415.64485,2.6064545,1994
Lebanon,AS,High,109.0,,71.681,8.789195061,11643.75362,3.888144,1994
Lesotho,SSA,Low,168.0,0.477,58.018,9.00813961,2173.281703,1.910642,1994
Liberia,SSA,Low,177.0,,41.796,,520.7257144,2.1251975,1994
Libya,AS,High,92.0,0.738,70.706,16.49295684,27153.59291,4.641296,1994
Liechtenstein,,Very High,12.0,,78.628,,90170.89993,0.0304465,1994
Lithuania,,Very High,37.0,0.697,68.911,11.43422031,10079.36068,3.7704565,1994
Luxembourg,,Very High,20.0,0.824,76.466,11.74209023,78492.97476,0.4020435,1994
Madagascar,SSA,Low,177.0,,54.436,6.771470579,1484.881565,13.4361215,1994
Malawi,SSA,Low,172.0,0.317,43.561,6.838300228,854.680072,10.1317995,1994
Malaysia,EAP,Very High,63.0,0.679,72.163,10.79310036,12995.37815,19.588703,1994
Maldives,SA,High,87.0,,66.511,,9377.70931,0.252201,1994
Mali,SSA,Low,188.0,0.262,47.742,2.593649983,1413.235637,9.7117965,1994
Malta,,Very High,25.0,0.748,76.621,13.23785019,20636.84213,0.378563,1994
Marshall Islands,EAP,High,102.0,,62.558,,4532.704358,0.0498395,1994
Mauritania,SSA,Low,164.0,0.432,60.336,5.220449924,4123.036439,2.3151915,1994
Mauritius,SSA,High,72.0,0.64,70.339,10.49821663,9415.180476,1.147161,1994
Mexico,LAC,High,77.0,0.678,71.279,11.06476974,16021.08213,88.3144235,1994
Micronesia (Federated States of),EAP,Medium,135.0,,68.095,,3618.330348,0.1088435,1994
Moldova (Republic of),ECA,High,86.0,0.639,65.07,10.72288375,5591.631758,4.4825075,1994
Monaco,,,,,78.113,17.79232979,,0.031253,1994
Mongolia,EAP,High,96.0,0.553,60.405,7.526760101,3789.919078,2.3015105,1994
Montenegro,ECA,Very High,50.0,,73.389,,,0.6309685,1994
Morocco,AS,Medium,120.0,0.477,64.346,7.013629913,4321.581543,26.201551,1994
Mozambique,SSA,Low,183.0,0.245,45.606,4.043809891,455.0614818,14.9128735,1994
Myanmar,EAP,Medium,144.0,0.369,57.956,7.86823988,674.2402521,42.3371095,1994
Namibia,SSA,Medium,142.0,0.6,59.846,13.29930973,6387.712482,1.558449,1994
Nauru,EAP,Medium,122.0,,61.463,,,0.010274,1994
Nepal,SA,Medium,146.0,0.423,58.553,7.713659763,1698.480308,21.794751,1994
Netherlands,,Very High,10.0,0.88,77.513,17.33371925,37998.08258,15.3494785,1994
New Zealand,,Very High,16.0,0.852,76.92,16.65543938,27006.97037,3.6208905,1994
Nicaragua,LAC,Medium,130.0,0.511,65.181,8.359110196,2784.307192,4.62526,1994
Niger,SSA,Low,189.0,0.229,44.714,2.196359938,991.4271307,9.4933235,1994
Nigeria,SSA,Low,161.0,,45.513,6.59154148,2761.122303,105.456121,1994
North Macedonia,ECA,High,83.0,,71.491,11.05463028,,1.9824585,1994
Norway,,Very High,2.0,0.883,77.773,16.23529053,47102.72648,4.3367395,1994
Oman,AS,Very High,59.0,,71.385,9.119059563,28778.406,2.1336755,1994
Pakistan,SA,Low,164.0,0.409,60.116,4.407876712,3160.124325,129.2451385,1994
Palau,EAP,High,71.0,,62.918,,12505.29799,0.0167705,1994
"Palestine, State of",AS,High,111.0,,69.413,9.101679536,4458.782253,2.5151635,1994
Panama,LAC,Very High,57.0,0.689,72.096,10.98091984,12690.88655,2.6613845,1994
Papua New Guinea,EAP,Medium,154.0,0.438,60.756,5.164788912,4011.942721,4.4516935,1994
Paraguay,LAC,High,102.0,0.626,68.824,10.21538544,8497.619443,4.4953015,1994
Peru,LAC,High,87.0,0.637,67.227,11.47558975,5598.380839,23.9832585,1994
Philippines,EAP,High,113.0,0.611,67.942,10.86535358,4211.247913,67.650283,1994
Poland,,Very High,36.0,0.74,71.71,13.08220005,11506.63124,38.375459,1994
Portugal,,Very High,42.0,0.76,75.73,15.04316044,24604.02681,10.0181045,1994
Qatar,AS,Very High,40.0,0.778,74.348,12.48740005,62283.31523,0.5006825,1994
Romania,,Very High,53.0,0.686,69.579,10.62135983,11424.33334,22.632776,1994
Russian Federation,,Very High,56.0,0.696,63.935,11.58718967,13825.24609,148.829113,1994
Rwanda,SSA,Low,161.0,,14.098,5.705266635,476.6623367,6.732665,1994
Saint Kitts and Nevis,LAC,Very High,51.0,,67.294,13.26058846,15258.67911,0.0420005,1994
Saint Lucia,LAC,High,108.0,0.677,70.992,11.96405567,10550.92238,0.1505615,1994
Saint Vincent and the Grenadines,LAC,High,81.0,,71.922,11.13924985,6312.370131,0.1139435,1994
Samoa,EAP,High,116.0,,68.98,11.6482,,0.173107,1994
San Marino,,Very High,43.0,0.855,79.214,14.99357861,61843.67631,0.0245355,1994
Sao Tome and Principe,SSA,Medium,141.0,0.483,61.069,8.485098694,2245.456274,0.130666,1994
Saudi Arabia,AS,Very High,40.0,0.72,70.705,11.59308833,43849.13444,18.3675275,1994
Senegal,SSA,Low,169.0,0.373,56.955,4.688775921,2277.084954,8.4169975,1994
Serbia,ECA,Very High,65.0,,71.329,12.69247433,,7.969951,1994
Seychelles,SSA,Very High,67.0,,68.976,12.69624043,16722.65889,0.0738455,1994
Sierra Leone,SSA,Low,184.0,0.312,42.925,4.866043949,1493.206886,4.3149525,1994
Singapore,EAP,Very High,9.0,0.814,75.885,15.13413944,48167.33664,3.4386135,1994
Slovakia,,Very High,45.0,,72.331,11.9551897,,5.338811,1994
Slovenia,,Very High,22.0,,74.073,12.43846989,,1.991449,1994
Solomon Islands,EAP,Medium,156.0,,66.188,6.86634016,2590.097553,0.3645045,1994
Somalia,AS,Low,193.0,,50.327,,562.9020014,6.9598285,1994
South Africa,SSA,High,110.0,0.657,62.612,13.15561008,9556.131371,43.2679815,1994
South Sudan,SSA,Low,192.0,,44.384,,,5.142863,1994
Spain,,Very High,27.0,0.792,78.117,15.57324028,27714.995,39.623725,1994
Sri Lanka,SA,High,78.0,0.667,72.882,11.83901024,4730.869603,18.011744,1994
Sudan,AS,Low,170.0,0.371,56.644,4.174908003,2852.896973,22.703631,1994
Suriname,LAC,Medium,124.0,,65.272,10.90587362,11317.77647,0.4265475,1994
Sweden,,Very High,5.0,0.852,78.746,15.79784012,32012.24876,8.7234605,1994
Switzerland,,Very High,1.0,0.861,78.494,14.25086021,54802.43016,6.9915375,1994
Syrian Arab Republic,AS,Medium,157.0,0.578,70.141,9.92553997,5424.152825,13.922626,1994
Tajikistan,ECA,Medium,126.0,0.522,57.48,10.10999012,1401.85848,5.8039925,1994
Tanzania (United Republic of),SSA,Low,167.0,0.365,50.797,5.371089935,1217.434326,29.5983235,1994
Thailand,EAP,Very High,66.0,0.619,71.227,9.848629951,9233.462764,58.6100105,1994
Timor-Leste,EAP,Medium,155.0,,48.252,,3650.849608,0.8071145,1994
Togo,SSA,Low,163.0,0.402,54.037,7.763629913,1478.528438,4.092612,1994
Tonga,EAP,High,98.0,0.666,68.014,12.39393598,5114.01067,0.0997315,1994
Trinidad and Tobago,LAC,Very High,60.0,0.666,68.511,10.71014716,10626.56707,1.3013935,1994
Tunisia,AS,High,101.0,0.596,71.615,10.69999027,5914.364503,9.1431415,1994
Türkiye,ECA,Very High,45.0,0.616,69.295,9.482930183,13070.59363,58.310245,1994
Turkmenistan,ECA,High,94.0,,63.756,,6364.975962,4.1330365,1994
Tuvalu,EAP,Medium,132.0,0.582,62.924,10.68630505,3655.677594,0.009559,1994
Uganda,SSA,Medium,159.0,0.336,46.353,5.590559959,975.7395584,20.1250215,1994
Ukraine,ECA,High,100.0,0.689,67.443,11.75526047,8865.405273,51.487372,1994
United Arab Emirates,AS,Very High,17.0,0.75,72.598,10.39297062,94149.48241,2.329024,1994
United Kingdom,,Very High,15.0,0.827,76.722,14.65926997,32677.68972,57.7859,1994
United States,,Very High,20.0,0.885,75.738,15.95798969,42798.10178,262.2735885,1994
Uruguay,LAC,Very High,52.0,0.718,73.728,13.10777521,13122.38405,3.189945,1994
Uzbekistan,ECA,High,106.0,,64.685,10.6373885,2452.504129,22.5647325,1994
Vanuatu,EAP,Medium,140.0,,67.739,8.18134261,2407.613451,0.1665595,1994
Venezuela (Bolivarian Republic of),LAC,Medium,119.0,0.679,71.853,10.61830521,17071.747,21.640833,1994
Viet Nam,EAP,High,107.0,0.536,70.759,8.938534975,2564.172484,72.501087,1994
Yemen,AS,Low,186.0,0.378,59.714,6.052797106,2275.655882,15.553171,1994
Zambia,SSA,Medium,153.0,0.407,45.854,8.03167339,1837.600116,8.474216,1994
Zimbabwe,SSA,Medium,159.0,0.457,52.588,9.745918683,1557.751403,10.858594,1994
Very high human development,,,,0.798,74.00957599,13.60545968,28457.42082,1394.036553,1994
High human development,,,,0.581,68.60176775,9.78245166,4782.759416,2248.023605,1994
Medium human development,,,,0.46,59.72370259,7.898947096,2376.533118,1393.226807,1994
Low human development,,,,0.366,51.23382767,4.928846246,2000.770244,572.248774,1994
Arab States,,,,0.579,65.56242864,8.828600885,10203.38917,246.9563915,1994
East Asia and the Pacific,,,,0.541,68.64049699,8.925336,3085.770573,1713.613054,1994
Europe and Central Asia,,,,0.646,67.13680873,10.68188907,8244.940698,212.3685385,1994
Latin America and the Caribbean,,,,0.655,69.166565,11.6714931,11236.00267,470.216102,1994
South Asia,,,,0.462,60.44192591,7.700542074,2476.446382,1306.143247,1994
Sub-Saharan Africa,,,,0.411,49.72244853,6.237376028,2449.7261,544.464637,1994
World,,,,0.614,65.98666321,9.409090102,9729.570277,5629.672216,1994
Afghanistan,SA,Low,182.0,0.318,52.544,4.396440763,1477.061709,16.418912,1995
Albania,ECA,High,74.0,0.632,74.362,10.05914021,4559.593062,3.284364,1995
Algeria,AS,High,93.0,0.607,67.454,9.958029747,7737.878323,28.478022,1995
Andorra,,Very High,35.0,,78.962,10.04495125,40860.80171,0.0629275,1995
Angola,SSA,Medium,150.0,,45.849,3.727985024,3625.707421,13.9122525,1995
Antigua and Barbuda,LAC,Very High,54.0,,73.636,,14587.15284,0.068398,1995
Argentina,LAC,Very High,48.0,0.747,73.133,13.45425487,17032.72048,34.94611,1995
Armenia,ECA,High,76.0,0.623,69.311,10.17511988,2999.253304,3.3227825,1995
Australia,,Very High,10.0,0.882,78.262,18.97002983,32314.90021,18.002999,1995
Austria,,Very High,22.0,0.847,76.777,14.82771015,40264.30902,7.9472955,1995
Azerbaijan,ECA,High,89.0,0.6,62.305,11.47485582,2923.538298,7.88933,1995
Bahamas,LAC,Very High,57.0,0.773,70.763,11.37755013,35502.41846,0.299554,1995
Bahrain,AS,Very High,34.0,0.737,73.799,11.17031956,42316.54989,0.612934,1995
Bangladesh,SA,Medium,129.0,0.44,59.467,6.553213437,2028.477204,117.7933385,1995
Barbados,LAC,Very High,62.0,0.742,73.298,13.6356091,12832.92603,0.2623035,1995
Belarus,ECA,Very High,69.0,0.674,68.797,12.00144958,5784.510234,10.461696,1995
Belgium,,Very High,12.0,0.864,76.838,17.4025898,38656.26548,10.095198,1995
Belize,LAC,High,118.0,0.636,69.887,10.98299209,7440.956292,0.2035565,1995
Benin,SSA,Low,173.0,0.379,55.295,5.560086862,2157.891314,6.0465105,1995
Bhutan,SA,Medium,125.0,,59.516,6.603600792,3039.045992,0.527536,1995
Bolivia (Plurinational State of),LAC,Medium,120.0,0.592,59.534,13.23278436,4764.63554,7.8414715,1995
Bosnia and Herzegovina,ECA,High,80.0,,70.284,,2252.745253,3.750527,1995
Botswana,SSA,High,114.0,0.58,55.059,10.70094013,9857.028923,1.543634,1995
Brazil,LAC,High,89.0,0.645,67.919,13.15295115,10995.11598,163.5153275,1995
Brunei Darussalam,EAP,Very High,55.0,0.782,72.816,11.65198731,72206.5452,0.299097,1995
Bulgaria,,High,70.0,0.7,71.002,12.17436981,11111.07317,8.4775795,1995
Burkina Faso,SSA,Low,185.0,,49.446,2.887354088,1045.712667,10.3532625,1995
Burundi,SSA,Low,187.0,0.284,44.059,4.514097333,932.6173662,5.932783,1995
Cabo Verde,SSA,Medium,131.0,,64.093,,3341.791414,0.4113815,1995
Cambodia,EAP,Medium,148.0,0.399,56.308,7.421036508,1140.746943,10.919528,1995
Cameroon,SSA,Medium,151.0,0.421,53.222,7.669185162,2583.612086,13.2116475,1995
Canada,,Very High,18.0,0.877,78.019,16.8725605,34364.78485,29.2894225,1995
Central African Republic,SSA,Low,191.0,0.315,47.35,4.400449556,1221.907209,3.2767065,1995
Chad,SSA,Low,189.0,,46.711,3.512551267,951.5866719,6.888856,1995
Chile,LAC,Very High,44.0,0.728,74.609,12.08984776,12708.47824,14.416796,1995
China,EAP,High,75.0,0.532,70.008,8.725359917,2361.387409,1218.144426,1995
Colombia,LAC,High,91.0,0.647,69.933,10.55655956,9359.493056,35.970101,1995
Comoros,SSA,Medium,152.0,,58.015,7.68901716,2709.556051,0.4837605,1995
Congo,SSA,Medium,149.0,0.515,53.644,10.124471,3129.988983,2.742309,1995
Congo (Democratic Republic of the),SSA,Low,180.0,0.372,50.411,6.5542202,877.4273298,43.2857915,1995
Costa Rica,LAC,Very High,64.0,0.69,76.552,10.698915,11144.96184,3.572856,1995
Côte d'Ivoire,SSA,Low,166.0,0.44,51.61,5.888287707,2698.968844,14.2997265,1995
Croatia,,Very High,39.0,0.709,73.186,10.98812008,15083.83038,4.8071,1995
Cuba,LAC,High,85.0,0.661,74.623,11.52468967,3541.308523,10.926703,1995
Cyprus,,Very High,29.0,0.765,75.133,11.50742427,27212.56836,0.8624175,1995
Czechia,,Very High,32.0,0.775,73.177,12.94954014,22720.385,10.311702,1995
Denmark,,Very High,5.0,0.857,75.286,15.18115044,42277.20618,5.2351965,1995
Djibouti,AS,Low,171.0,0.32,56.302,2.83547008,1966.632339,0.6296185,1995
Dominica,LAC,High,97.0,,71.52,,8741.127444,0.069201,1995
Dominican Republic,LAC,High,82.0,0.614,68.988,10.16164766,7001.230525,7.869753,1995
Ecuador,LAC,High,83.0,0.667,71.041,11.95906853,8201.14736,11.5616825,1995
Egypt,AS,High,105.0,0.601,66.312,9.972420216,6672.971727,64.1669075,1995
El Salvador,LAC,Medium,127.0,0.567,66.33,9.610887718,6065.118403,5.7481955,1995
Equatorial Guinea,SSA,Medium,133.0,,51.592,,3543.363389,0.5607405,1995
Eritrea,SSA,Low,175.0,,54.914,5.933259964,1781.129512,2.1572205,1995
Estonia,,Very High,31.0,0.733,68.726,12.79681015,12654.27446,1.452775,1995
Eswatini (Kingdom of),SSA,Medium,142.0,0.515,56.148,9.609889984,5369.727576,0.953573,1995
Ethiopia,SSA,Low,176.0,,48.302,2.531869888,666.3974479,57.476536,1995
Fiji,EAP,High,104.0,0.654,66.286,11.86062018,8485.322965,0.792246,1995
Finland,,Very High,12.0,0.844,76.604,16.41723061,30505.82669,5.107943,1995
France,,Very High,28.0,0.829,77.871,15.77266979,35295.01798,57.420354,1995
Gabon,SSA,Medium,123.0,0.617,60.704,11.28127751,16195.38787,1.121964,1995
Gambia,SSA,Low,174.0,0.364,55.464,4.723680019,1895.534335,1.2421545,1995
Georgia,ECA,Very High,60.0,,68.851,11.30313015,3076.200192,4.877676,1995
Germany,,Very High,7.0,0.863,76.562,15.75277996,39309.73971,81.1232625,1995
Ghana,SSA,Medium,145.0,0.472,56.565,6.284409625,2464.499391,17.438874,1995
Greece,,Very High,33.0,0.784,77.821,13.39009953,25390.62335,10.727927,1995
Grenada,LAC,High,73.0,,72.109,15.28128333,7886.654698,0.10406,1995
Guatemala,LAC,Medium,136.0,0.511,64.195,7.169149876,5967.304,10.36309,1995
Guinea,SSA,Low,181.0,0.302,49.866,3.624340057,1497.405394,7.468347,1995
Guinea-Bissau,SSA,Low,179.0,,48.952,7.246480545,1669.30552,1.117222,1995
Guyana,LAC,High,95.0,0.54,63.136,9.293749469,3373.274226,0.7516895,1995
Haiti,LAC,Medium,158.0,0.457,55.547,8.506138473,2900.999095,7.627316,1995
Honduras,LAC,Medium,138.0,0.532,67.139,8.575977198,3744.727633,5.8128315,1995
"Hong Kong, China (SAR)",,Very High,4.0,0.79,79.15,10.55737719,34676.14204,6.243859,1995
Hungary,,Very High,47.0,0.736,69.969,12.55263996,16066.19505,10.3271695,1995
Iceland,,Very High,3.0,0.857,78.224,15.85289955,31432.60218,0.267681,1995
India,SA,Medium,134.0,0.458,60.596,8.125499725,2081.525728,964.279129,1995
Indonesia,EAP,High,112.0,0.571,65.237,10.25559044,5703.679635,198.140162,1995
Iran (Islamic Republic of),SA,High,78.0,0.656,67.785,11.28991032,9957.626077,60.794809,1995
Iraq,AS,Medium,128.0,0.516,66.464,7.838833406,3023.975591,20.948858,1995
Ireland,,Very High,7.0,0.786,75.478,13.86139011,29864.69864,3.579482,1995
Israel,,Very High,25.0,0.807,77.635,13.07594013,26227.60201,5.4787345,1995
Italy,,Very High,30.0,0.815,78.116,14.54401016,38470.6132,56.8851265,1995
Jamaica,LAC,High,115.0,0.665,71.549,10.81220007,9641.175177,2.509372,1995
Japan,,Very High,24.0,0.867,79.67,14.6657896,35177.31895,125.4339685,1995
Jordan,AS,High,99.0,0.658,70.87,11.98447037,8296.402983,4.458195,1995
Kazakhstan,ECA,Very High,67.0,0.652,63.722,11.55536385,8763.226512,16.434324,1995
Kenya,SSA,Medium,146.0,0.481,55.617,8.244613974,3297.633835,26.8783475,1995
Kiribati,EAP,Medium,137.0,,63.014,10.47607994,2020.366142,0.0814805,1995
Korea (Democratic People's Rep. of),EAP,,,,60.894,,,22.3855365,1995
Korea (Republic of),,Very High,19.0,0.78,73.941,14.27350044,18043.99441,45.3934175,1995
Kuwait,AS,Very High,49.0,0.762,75.537,11.67164993,73630.7009,1.6552215,1995
Kyrgyzstan,ECA,High,117.0,0.584,63.927,10.29623985,2453.120945,4.596456,1995
Lao People's Democratic Republic,EAP,Medium,139.0,0.437,56.385,6.697710037,2259.491181,4.927432,1995
Latvia,,Very High,37.0,0.696,67.015,11.36966991,9669.771939,2.5701505,1995
Lebanon,AS,High,109.0,,72.043,8.862522602,12262.86917,3.95964,1995
Lesotho,SSA,Low,168.0,0.473,56.723,9.087889671,2186.02873,1.9340785,1995
Liberia,SSA,Low,177.0,,43.917,,494.5026813,2.142422,1995
Libya,AS,High,92.0,0.74,71.09,16.44760193,26021.79719,4.733063,1995
Liechtenstein,,Very High,12.0,,77.576,,90601.61663,0.03089,1995
Lithuania,,Very High,37.0,0.704,69.327,11.58563995,10433.43604,3.7472675,1995
Luxembourg,,Very High,20.0,0.828,76.705,11.80346966,81516.95564,0.4076355,1995
Madagascar,SSA,Low,177.0,,54.961,6.946813265,1463.639765,13.8691375,1995
Malawi,SSA,Low,172.0,0.362,43.641,10.48311996,999.5306665,10.1128155,1995
Malaysia,EAP,Very High,63.0,0.686,72.384,10.84197998,13862.95753,20.136888,1995
Maldives,SA,High,87.0,0.588,67.476,9.679223577,9809.157585,0.258208,1995
Mali,SSA,Low,188.0,0.268,47.816,2.827260017,1386.833868,9.9210935,1995
Malta,,Very High,25.0,0.755,77.091,13.34193993,21578.28722,0.3818485,1995
Marshall Islands,EAP,High,102.0,,62.774,,4843.155189,0.050702,1995
Mauritania,SSA,Low,164.0,0.438,60.259,5.381599903,4405.201048,2.3803415,1995
Mauritius,SSA,High,72.0,0.644,70.526,10.62985325,9741.958532,1.1602075,1995
Mexico,LAC,High,77.0,0.678,71.646,11.21502972,14534.79383,89.9695725,1995
Micronesia (Federated States of),EAP,Medium,135.0,,68.553,,3820.053515,0.110328,1995
Moldova (Republic of),ECA,High,86.0,0.642,65.099,10.83263452,5569.29,4.4612315,1995
Monaco,,,,,78.78,17.88990021,,0.031482,1995
Mongolia,EAP,High,96.0,0.558,60.612,7.490560055,4086.943169,2.3303335,1995
Montenegro,ECA,Very High,50.0,,74.195,,8572.412173,0.6320655,1995
Morocco,AS,Medium,120.0,0.481,64.736,7.261839867,4007.58252,26.5990475,1995
Mozambique,SSA,Low,183.0,0.248,46.04,4.153170109,450.0676175,15.59483,1995
Myanmar,EAP,Medium,144.0,0.373,58.259,7.768799782,710.5219103,42.880186,1995
Namibia,SSA,Medium,142.0,0.593,58.634,13.08613968,6578.587336,1.6053705,1995
Nauru,EAP,Medium,122.0,,61.321,,,0.0103155,1995
Nepal,SA,Medium,146.0,0.428,59.318,7.769179821,1721.511896,22.3055705,1995
Netherlands,,Very High,10.0,0.878,77.545,16.81469917,39267.83509,15.4466685,1995
New Zealand,,Very High,16.0,0.859,76.789,16.94636917,28027.1675,3.673893,1995
Nicaragua,LAC,Medium,130.0,0.52,65.608,8.529800415,3009.725649,4.721929,1995
Niger,SSA,Low,189.0,0.235,45.774,2.282449939,986.2339502,9.8139185,1995
Nigeria,SSA,Low,161.0,,45.487,6.795659864,2733.063746,108.1876095,1995
North Macedonia,ECA,High,83.0,0.644,71.674,11.13234997,8966.709822,1.983964,1995
Norway,,Very High,2.0,0.88,77.797,15.66366005,48989.95576,4.3593325,1995
Oman,AS,Very High,59.0,,71.99,9.283040047,30759.87312,2.172672,1995
Pakistan,SA,Low,164.0,0.411,59.878,4.450285948,3223.902127,133.117476,1995
Palau,EAP,High,71.0,,63.221,,13779.08027,0.0172095,1995
"Palestine, State of",AS,High,111.0,,69.662,9.422945044,4591.311016,2.6231445,1995
Panama,LAC,Very High,57.0,0.692,72.385,11.18601036,12415.76977,2.716067,1995
Papua New Guinea,EAP,Medium,154.0,0.44,61.049,5.316289902,3681.325126,4.6164385,1995
Paraguay,LAC,High,102.0,0.631,69.009,10.40659046,8673.989901,4.603917,1995
Peru,LAC,High,87.0,0.646,67.644,11.8151598,5876.337978,24.4490555,1995
Philippines,EAP,High,113.0,0.614,68.223,10.89836025,4313.552086,69.250468,1995
Poland,,Very High,36.0,0.747,71.919,13.10087967,12226.05927,38.4019775,1995
Portugal,,Very High,42.0,0.768,75.55,15.41711998,25717.86845,10.0512485,1995
Qatar,AS,Very High,40.0,0.779,74.25,12.51344967,61988.61217,0.5151325,1995
Romania,,Very High,53.0,0.692,69.56,10.81352043,12138.00805,22.533134,1995
Russian Federation,,Very High,56.0,0.696,64.101,11.57287979,13206.55957,148.5574515,1995
Rwanda,SSA,Low,161.0,0.279,39.969,5.693183263,768.9260202,5.686897,1995
Saint Kitts and Nevis,LAC,Very High,51.0,,67.152,13.35528717,16062.6932,0.04255,1995
Saint Lucia,LAC,High,108.0,0.679,71.002,12.01363113,10469.43177,0.152348,1995
Saint Vincent and the Grenadines,LAC,High,81.0,,72.097,11.2896181,6873.467531,0.114174,1995
Samoa,EAP,High,116.0,0.651,69.298,11.6578,3572.764424,0.174902,1995
San Marino,,Very High,43.0,0.861,79.606,15.00958763,66636.95379,0.0248855,1995
Sao Tome and Principe,SSA,Medium,141.0,0.484,61.056,8.575200936,2221.77101,0.133077,1995
Saudi Arabia,AS,Very High,40.0,0.724,71.011,11.7220833,43142.31937,18.888857,1995
Senegal,SSA,Low,169.0,0.375,56.839,4.783363914,2346.804589,8.6326805,1995
Serbia,ECA,Very High,65.0,0.675,71.769,12.74917805,7852.203883,7.9824615,1995
Seychelles,SSA,Very High,67.0,,68.528,12.42249966,16055.48106,0.074735,1995
Sierra Leone,SSA,Low,184.0,0.314,42.716,5.085221958,1439.197156,4.324149,1995
Singapore,EAP,Very High,9.0,0.821,75.976,15.19957125,50398.97515,3.543875,1995
Slovakia,,Very High,45.0,0.716,72.255,12.14776039,13367.02129,5.3499965,1995
Slovenia,,Very High,22.0,0.761,74.578,12.66938972,21564.35967,1.991106,1995
Solomon Islands,EAP,Medium,156.0,,66.381,6.87553215,2738.556687,0.375189,1995
Somalia,AS,Low,193.0,,50.6,,565.8351925,7.21093,1995
South Africa,SSA,High,110.0,0.66,62.262,13.17712731,9680.697666,43.986084,1995
South Sudan,SSA,Low,192.0,,30.948,,,5.3020425,1995
Spain,,Very High,27.0,0.799,78.203,15.75236034,28873.97836,39.814573,1995
Sri Lanka,SA,High,78.0,0.669,72.26,11.92872584,4915.829317,18.1775725,1995
Sudan,AS,Low,170.0,0.361,51.991,4.339961577,2969.043945,23.290602,1995
Suriname,LAC,Medium,124.0,,65.337,10.94032947,11059.6869,0.43449,1995
Sweden,,Very High,5.0,0.859,78.821,16.10770035,33143.79328,8.7584955,1995
Switzerland,,Very High,1.0,0.863,78.565,14.39243984,55163.99829,7.038297,1995
Syrian Arab Republic,AS,Medium,157.0,0.58,70.416,9.720040321,5649.00802,14.3134495,1995
Tajikistan,ECA,Medium,126.0,0.533,59.338,10.06548023,1435.460897,5.916173,1995
Tanzania (United Republic of),SSA,Low,167.0,0.366,50.786,5.269070148,1229.447266,30.560071,1995
Thailand,EAP,Very High,66.0,0.625,70.948,10.06676006,9831.295053,59.4248345,1995
Timor-Leste,EAP,Medium,155.0,,48.024,,3931.372535,0.8192255,1995
Togo,SSA,Low,163.0,0.414,54.037,8.474849701,1544.86079,4.279566,1995
Tonga,EAP,High,98.0,0.67,68.17,12.55501126,5111.271349,0.0999765,1995
Trinidad and Tobago,LAC,Very High,60.0,0.674,69.17,10.82139449,10951.3054,1.307822,1995
Tunisia,AS,High,101.0,0.603,71.988,10.98894024,5996.86581,9.294102,1995
Türkiye,ECA,Very High,45.0,0.623,69.609,9.600279808,13869.62032,59.3054895,1995
Turkmenistan,ECA,High,94.0,,63.684,,5613.801238,4.226623,1995
Tuvalu,EAP,Medium,132.0,0.581,63.098,10.65102625,3447.579277,0.009585,1995
Uganda,SSA,Medium,159.0,0.342,46.567,5.621990204,1064.024067,20.680831,1995
Ukraine,ECA,High,100.0,0.683,66.828,11.9802084,7831.555664,51.061265,1995
United Arab Emirates,AS,Very High,17.0,0.756,72.695,10.49963105,99256.39533,2.4339885,1995
United Kingdom,,Very High,15.0,0.83,76.616,14.85622501,33339.90034,57.930364,1995
United States,,Very High,20.0,0.886,75.854,15.94429016,43448.41116,265.6605555,1995
Uruguay,LAC,Very High,52.0,0.72,73.896,13.22863269,12891.76112,3.2083,1995
Uzbekistan,ECA,High,106.0,,64.646,10.63627284,2383.595739,23.0262055,1995
Vanuatu,EAP,Medium,140.0,,67.885,8.340174105,2512.404449,0.1706115,1995
Venezuela (Bolivarian Republic of),LAC,Medium,119.0,0.685,72.143,10.59076262,17364.625,22.1072855,1995
Viet Nam,EAP,High,107.0,0.55,71.384,9.251096189,2829.904985,73.7591105,1995
Yemen,AS,Low,186.0,0.389,60.453,6.229819829,2492.917305,16.103339,1995
Zambia,SSA,Medium,153.0,0.407,45.553,8.090736695,1847.272074,8.6841345,1995
Zimbabwe,SSA,Medium,159.0,0.449,50.531,9.847623008,1531.688765,10.9940415,1995
Very high human development,,,,0.801,74.10530144,13.71741346,28787.09216,1403.078433,1995
High human development,,,,0.589,68.98370001,9.925779732,4894.475808,2275.243966,1995
Medium human development,,,,0.466,60.10784954,7.943263714,2476.051402,1422.072335,1995
Low human development,,,,0.372,51.39942946,5.119618063,2037.617734,589.0576465,1995
Arab States,,,,0.583,65.41421294,8.954787829,10247.51332,253.087724,1995
East Asia and the Pacific,,,,0.551,68.93852043,9.073104221,3314.808119,1733.470087,1995
Europe and Central Asia,,,,0.651,67.20060397,10.75811799,8008.631315,213.212634,1995
Latin America and the Caribbean,,,,0.659,69.47753763,11.78209558,11187.65833,478.2678785,1995
South Asia,,,,0.468,60.79170411,7.742714631,2576.935026,1333.672552,1995
Sub-Saharan Africa,,,,0.418,50.03091808,6.404851365,2517.263277,558.863734,1995
World,,,,0.618,66.18688785,9.496987636,9893.711962,5711.869399,1995
Afghanistan,SA,Low,182.0,0.326,53.243,4.688436912,1468.355839,17.1065955,1996
Albania,ECA,High,74.0,0.644,74.592,10.16149998,5016.104303,3.271331,1996
Algeria,AS,High,93.0,0.618,68.749,10.12388992,7902.659495,28.984634,1996
Andorra,,Very High,35.0,,80.334,10.14333409,41150.76762,0.0641475,1996
Angola,SSA,Medium,150.0,,46.033,3.80795002,3580.204497,14.3833495,1996
Antigua and Barbuda,LAC,Very High,54.0,,73.829,,15321.08537,0.069798,1996
Argentina,LAC,Very High,48.0,0.752,73.307,13.67585993,17709.57534,35.389362,1996
Armenia,ECA,High,76.0,0.627,69.783,9.8751297,3202.572549,3.2988975,1996
Australia,,Very High,10.0,0.884,78.349,19.51165962,33255.27122,18.2118455,1996
Austria,,Very High,22.0,0.852,77.027,14.96805954,41294.77151,7.958041,1996
Azerbaijan,ECA,High,89.0,0.603,62.622,11.55033249,2934.137741,7.9491015,1996
Bahamas,LAC,Very High,57.0,0.778,70.71,11.39469043,38757.3737,0.3049325,1996
Bahrain,AS,Very High,34.0,0.742,74.355,11.00928974,42547.12886,0.632756,1996
Bangladesh,SA,Medium,129.0,0.446,59.492,6.755836105,2073.218801,119.876868,1996
Barbados,LAC,Very High,62.0,0.746,73.546,13.77275689,13300.64547,0.2627935,1996
Belarus,ECA,Very High,69.0,0.681,68.901,12.36343956,5976.669455,10.436459,1996
Belgium,,Very High,12.0,0.87,77.183,17.6801796,39138.3287,10.1232295,1996
Belize,LAC,High,118.0,0.639,69.806,11.15894396,7264.537028,0.2098405,1996
Benin,SSA,Low,173.0,0.385,55.558,5.72241148,2195.039706,6.20386,1996
Bhutan,SA,Medium,125.0,,60.212,6.841835752,3193.884897,0.537494,1996
Bolivia (Plurinational State of),LAC,Medium,120.0,0.603,60.084,13.79787932,4891.651522,7.989367,1996
Bosnia and Herzegovina,ECA,High,80.0,,73.43,,3525.357555,3.9077505,1996
Botswana,SSA,High,114.0,0.58,54.357,10.88468329,9833.966032,1.5821695,1996
Brazil,LAC,High,89.0,0.65,68.409,13.19871093,11078.18691,166.0371225,1996
Brunei Darussalam,EAP,Very High,55.0,0.783,73.1,11.5422349,72562.62151,0.306196,1996
Bulgaria,,High,70.0,0.709,70.874,12.5159502,11657.4475,8.401376,1996
Burkina Faso,SSA,Low,185.0,,49.614,2.98654809,1139.184291,10.6212105,1996
Burundi,SSA,Low,187.0,0.282,44.373,4.531231105,849.5595576,5.9305065,1996
Cabo Verde,SSA,Medium,131.0,,65.763,,3471.856944,0.421007,1996
Cambodia,EAP,Medium,148.0,0.403,56.346,7.52852318,1171.362825,11.1826125,1996
Cameroon,SSA,Medium,151.0,0.42,52.82,7.542916417,2618.518759,13.5753235,1996
Canada,,Very High,18.0,0.88,78.271,16.83344078,34593.93629,29.593849,1996
Central African Republic,SSA,Low,191.0,0.311,46.831,4.502286013,1098.157056,3.36357,1996
Chad,SSA,Low,189.0,,47.013,3.749340057,927.45945,7.2002905,1996
Chile,LAC,Very High,44.0,0.735,74.899,12.26519184,13461.31832,14.6154825,1996
China,EAP,High,75.0,0.543,70.266,8.975049973,2571.202181,1228.298836,1996
Colombia,LAC,High,91.0,0.654,70.189,11.07009983,9341.902594,36.632573,1996
Comoros,SSA,Medium,152.0,,58.344,7.741792815,2613.366086,0.4942875,1996
Congo,SSA,Medium,149.0,0.514,53.491,9.935347939,3159.914076,2.816595,1996
Congo (Democratic Republic of the),SSA,Low,180.0,0.372,49.307,6.630936861,922.3916858,44.1187095,1996
Costa Rica,LAC,Very High,64.0,0.692,76.804,10.85114002,11087.58534,3.656234,1996
Côte d'Ivoire,SSA,Low,166.0,0.446,51.52,6.002584636,2738.937062,14.810946,1996
Croatia,,Very High,39.0,0.722,73.91,11.19351959,16216.00385,4.7586285,1996
Cuba,LAC,High,85.0,0.672,74.903,11.97091961,3816.200957,10.963031,1996
Cyprus,,Very High,29.0,0.771,75.522,11.68136116,27178.33008,0.8800585,1996
Czechia,,Very High,32.0,0.786,73.835,13.34667969,23556.67853,10.295651,1996
Denmark,,Very High,5.0,0.864,75.662,15.40884972,43189.09821,5.2560075,1996
Djibouti,AS,Low,171.0,0.321,56.186,2.960400105,1816.954748,0.644649,1996
Dominica,LAC,High,97.0,,71.194,,8883.021056,0.0691665,1996
Dominican Republic,LAC,High,82.0,0.621,69.097,10.34672505,7340.967283,8.0123135,1996
Ecuador,LAC,High,83.0,0.67,71.362,12.13826566,8166.640353,11.7752215,1996
Egypt,AS,High,105.0,0.61,66.742,10.15294278,6863.449114,65.565195,1996
El Salvador,LAC,Medium,127.0,0.576,67.076,9.935461807,6049.94575,5.7971395,1996
Equatorial Guinea,SSA,Medium,133.0,,51.727,,4338.054951,0.582573,1996
Eritrea,SSA,Low,175.0,,55.756,5.995250225,1695.097761,2.2640735,1996
Estonia,,Very High,31.0,0.749,70.145,13.15272999,13439.19489,1.43467,1996
Eswatini (Kingdom of),SSA,Medium,142.0,0.506,53.873,9.699629784,5622.868849,0.9735875,1996
Ethiopia,SSA,Low,176.0,,48.924,2.927730083,735.6013401,59.3476485,1996
Fiji,EAP,High,104.0,0.658,66.408,11.90639265,8915.734328,0.7965385,1996
Finland,,Very High,12.0,0.852,76.87,16.58016968,31765.21818,5.1247185,1996
France,,Very High,28.0,0.834,78.061,15.86017036,35848.99859,57.623178,1996
Gabon,SSA,Medium,123.0,0.62,60.612,11.32527499,16320.5367,1.150601,1996
Gambia,SSA,Low,174.0,0.371,56.009,4.939758484,1920.135859,1.27907,1996
Georgia,ECA,Very High,60.0,,68.974,11.30494976,3499.930539,4.761272,1996
Germany,,Very High,7.0,0.868,76.792,15.86441994,39572.1531,81.300865,1996
Ghana,SSA,Medium,145.0,0.477,56.82,6.418290368,2520.793347,17.8440095,1996
Greece,,Very High,33.0,0.789,77.957,13.50638962,25652.49473,10.8038055,1996
Grenada,LAC,High,73.0,,72.331,15.35282673,8152.125083,0.1048455,1996
Guatemala,LAC,Medium,136.0,0.519,64.863,7.418882779,5974.438778,10.632293,1996
Guinea,SSA,Low,181.0,0.31,50.544,3.856470108,1528.806135,7.6831155,1996
Guinea-Bissau,SSA,Low,179.0,,49.065,7.380403683,1700.314716,1.1406045,1996
Guyana,LAC,High,95.0,0.55,63.205,9.468331411,3901.162654,0.7535705,1996
Haiti,LAC,Medium,158.0,0.463,56.154,8.610372524,2970.323838,7.7705935,1996
Honduras,LAC,Medium,138.0,0.536,67.439,8.694085884,3714.130975,5.9765495,1996
"Hong Kong, China (SAR)",,Very High,4.0,0.799,79.472,10.91467557,35026.39524,6.3334435,1996
Hungary,,Very High,47.0,0.744,70.597,12.91569042,16021.12877,10.3082675,1996
Iceland,,Very High,3.0,0.864,78.617,15.92556,32814.56989,0.2691365,1996
India,SA,Medium,134.0,0.465,60.984,8.135709763,2198.363959,983.2812175,1996
Indonesia,EAP,High,112.0,0.58,65.355,10.40863037,6067.146458,201.3737905,1996
Iran (Islamic Republic of),SA,High,78.0,0.664,68.07,11.42303514,10456.98135,61.5983785,1996
Iraq,AS,Medium,128.0,0.539,66.391,7.951183948,4386.107247,21.6393315,1996
Ireland,,Very High,7.0,0.795,75.83,13.90684986,31994.08788,3.606728,1996
Israel,,Very High,25.0,0.814,78.279,13.21335983,26959.6047,5.6124945,1996
Italy,,Very High,30.0,0.821,78.437,14.72264957,39043.29703,56.8989725,1996
Jamaica,LAC,High,115.0,0.665,71.488,10.73440254,9573.767346,2.532894,1996
Japan,,Very High,24.0,0.874,80.349,14.74849319,36330.75173,125.726223,1996
Jordan,AS,High,99.0,0.662,71.064,12.04065037,8209.607765,4.6086755,1996
Kazakhstan,ECA,Very High,67.0,0.656,63.633,11.69586792,8916.285685,16.1442475,1996
Kenya,SSA,Medium,146.0,0.483,55.161,8.320269269,3396.215997,27.6157365,1996
Kiribati,EAP,Medium,137.0,,63.291,10.60443974,2016.421048,0.0828315,1996
Korea (Democratic People's Rep. of),EAP,,,,60.956,,,22.6143475,1996
Korea (Republic of),,Very High,19.0,0.791,74.276,14.66940975,19287.69497,45.6601675,1996
Kuwait,AS,Very High,49.0,0.768,75.618,12.07579041,72486.5308,1.7033175,1996
Kyrgyzstan,ECA,High,117.0,0.591,64.276,10.29428005,2603.298478,4.666585,1996
Lao People's Democratic Republic,EAP,Medium,139.0,0.449,56.891,7.272669792,2358.571103,5.043914,1996
Latvia,,Very High,37.0,0.711,68.933,11.65540981,10022.93129,2.5342875,1996
Lebanon,AS,High,109.0,,72.293,8.935850143,13242.08676,4.034243,1996
Lesotho,SSA,Low,168.0,0.469,55.232,8.989769936,2268.667591,1.9550975,1996
Liberia,SSA,Low,177.0,,44.419,,538.9600336,2.2039665,1996
Libya,AS,High,92.0,0.743,71.284,16.40237174,26093.69593,4.8200665,1996
Liechtenstein,,Very High,12.0,,76.836,,93379.613,0.031337,1996
Lithuania,,Very High,37.0,0.717,70.231,11.9837904,10949.9366,3.722022,1996
Luxembourg,,Very High,20.0,0.834,76.597,12.15493011,81642.37031,0.4132015,1996
Madagascar,SSA,Low,177.0,,55.522,7.122155952,1462.735996,14.317454,1996
Malawi,SSA,Low,172.0,0.365,43.441,10.50319004,1052.094036,10.310528,1996
Malaysia,EAP,Very High,63.0,0.696,72.327,11.29596011,14854.03536,20.6890505,1996
Maldives,SA,High,87.0,0.599,68.702,9.94855838,10756.89603,0.2638415,1996
Mali,SSA,Low,188.0,0.275,47.792,3.064179897,1453.054575,10.131906,1996
Malta,,Very High,25.0,0.754,76.189,13.35453987,22043.00423,0.385269,1996
Marshall Islands,EAP,High,102.0,,63.034,,4292.813285,0.051538,1996
Mauritania,SSA,Low,164.0,0.447,60.063,5.645699978,4756.648393,2.4288165,1996
Mauritius,SSA,High,72.0,0.648,70.418,10.76148987,10081.35696,1.172542,1996
Mexico,LAC,High,77.0,0.685,72.037,11.3673296,15302.01171,91.586555,1996
Micronesia (Federated States of),EAP,Medium,135.0,,68.776,,3683.228572,0.110785,1996
Moldova (Republic of),ECA,High,86.0,0.639,64.241,10.94350862,5462.932438,4.430195,1996
Monaco,,,,,79.419,18.14352036,,0.031719,1996
Mongolia,EAP,High,96.0,0.561,60.305,7.820310116,4127.745414,2.357033,1996
Montenegro,ECA,Very High,50.0,,73.583,,10921.51437,0.633004,1996
Morocco,AS,Medium,120.0,0.493,65.238,7.432979822,4472.651855,26.999093,1996
Mozambique,SSA,Low,183.0,0.26,46.636,4.507280111,491.6361237,16.0795535,1996
Myanmar,EAP,Medium,144.0,0.38,58.941,7.797009786,744.3328739,43.423369,1996
Namibia,SSA,Medium,142.0,0.581,56.918,12.81157494,6476.253615,1.6500665,1996
Nauru,EAP,Medium,122.0,,60.504,,,0.0103455,1996
Nepal,SA,Medium,146.0,0.437,59.981,8.120109558,1762.032821,22.783969,1996
Netherlands,,Very High,10.0,0.882,77.55,16.95819092,40686.01274,15.538616,1996
New Zealand,,Very High,16.0,0.863,76.809,16.97283936,28259.27133,3.7284575,1996
Nicaragua,LAC,Medium,130.0,0.53,66.052,8.830456053,3203.272874,4.8123915,1996
Niger,SSA,Low,189.0,0.24,46.676,2.36853994,967.6557278,10.149937,1996
Nigeria,SSA,Low,161.0,,45.567,7.006099123,2787.431396,110.956183,1996
North Macedonia,ECA,High,83.0,0.65,72.235,11.16586018,9007.265586,1.9942255,1996
Norway,,Very High,2.0,0.887,78.233,15.81328964,51216.10752,4.38151,1996
Oman,AS,Very High,59.0,,72.191,9.410770416,31832.48689,2.209958,1996
Pakistan,SA,Low,164.0,0.417,60.398,4.492695185,3272.778564,137.2348095,1996
Palau,EAP,High,71.0,,63.566,,14132.2579,0.017732,1996
"Palestine, State of",AS,High,111.0,,70.055,9.755550385,4402.74169,2.7340005,1996
Panama,LAC,Very High,57.0,0.697,72.675,11.37605953,12628.99689,2.7716055,1996
Papua New Guinea,EAP,Medium,154.0,0.445,61.105,5.46355327,3739.979955,4.7858945,1996
Paraguay,LAC,High,102.0,0.64,69.202,10.73869038,9128.401774,4.7116555,1996
Peru,LAC,High,87.0,0.65,68.147,11.79951,6004.283028,24.9073035,1996
Philippines,EAP,High,113.0,0.622,68.614,11.29183006,4486.757809,70.944969,1996
Poland,,Very High,36.0,0.756,72.247,13.3831501,13061.14707,38.401408,1996
Portugal,,Very High,42.0,0.777,75.476,15.93179035,26469.62843,10.087645,1996
Qatar,AS,Very High,40.0,0.783,74.685,12.61415958,60714.5116,0.5292655,1996
Romania,,Very High,53.0,0.698,68.982,11.30706978,12628.89634,22.4178685,1996
Russian Federation,,Very High,56.0,0.706,65.422,11.68416023,12659.25684,148.233411,1996
Rwanda,SSA,Low,161.0,0.28,40.698,5.681099892,725.6764399,6.7155095,1996
Saint Kitts and Nevis,LAC,Very High,51.0,,67.313,13.44998589,16504.60878,0.0430975,1996
Saint Lucia,LAC,High,108.0,0.683,70.904,12.06320659,11090.10405,0.153969,1996
Saint Vincent and the Grenadines,LAC,High,81.0,,71.266,11.44201617,7058.74406,0.1142905,1996
Samoa,EAP,High,116.0,0.659,69.588,11.6675,3956.530239,0.176713,1996
San Marino,,Very High,43.0,0.862,79.244,15.02561375,68908.03574,0.0252355,1996
Sao Tome and Principe,SSA,Medium,141.0,0.487,61.097,8.666259962,2257.606215,0.1354125,1996
Saudi Arabia,AS,Very High,40.0,0.728,71.273,11.85251359,42449.99359,19.4102795,1996
Senegal,SSA,Low,169.0,0.376,56.672,4.877951908,2365.931491,8.8434225,1996
Serbia,ECA,Very High,65.0,0.679,71.554,12.80613509,8308.540717,7.993446,1996
Seychelles,SSA,Very High,67.0,,68.931,12.51216984,17560.03592,0.07555,1996
Sierra Leone,SSA,Low,184.0,0.312,43.68,5.304399967,1105.923229,4.3473705,1996
Singapore,EAP,Very High,9.0,0.829,76.536,15.26528596,51809.93925,3.6519025,1996
Slovakia,,Very High,45.0,0.728,72.74,12.36956024,14265.55226,5.358289,1996
Slovenia,,Very High,22.0,0.771,75.077,12.86124992,22207.98777,1.9906665,1996
Solomon Islands,EAP,Medium,156.0,,66.59,6.88472414,2718.712006,0.386069,1996
Somalia,AS,Low,193.0,,50.447,,593.2257327,7.47245,1996
South Africa,SSA,High,110.0,0.655,61.459,13.19864453,9922.534064,44.6616035,1996
South Sudan,SSA,Low,192.0,,31.297,,,5.434894,1996
Spain,,Very High,27.0,0.805,78.342,15.92306995,29425.61332,39.9964725,1996
Sri Lanka,SA,High,78.0,0.674,72.261,12.01844144,5056.504694,18.322506,1996
Sudan,AS,Low,170.0,0.369,52.276,4.511540488,3178.595459,23.862258,1996
Suriname,LAC,Medium,124.0,,65.668,10.97478533,11124.87151,0.4438345,1996
Sweden,,Very High,5.0,0.867,79.043,16.5232296,33676.148,8.7854935,1996
Switzerland,,Very High,1.0,0.867,79.049,14.45893955,55313.53266,7.069691,1996
Syrian Arab Republic,AS,Medium,157.0,0.583,70.347,9.778423173,5908.22523,14.708879,1996
Tajikistan,ECA,Medium,126.0,0.516,59.129,9.887817621,1137.415456,6.0355995,1996
Tanzania (United Republic of),SSA,Low,167.0,0.368,50.744,5.242219925,1275.772095,31.1407335,1996
Thailand,EAP,Very High,66.0,0.634,71.653,10.24217987,10190.13714,60.211096,1996
Timor-Leste,EAP,Medium,155.0,,48.816,,4245.501844,0.831269,1996
Togo,SSA,Low,163.0,0.422,54.098,8.817979813,1635.241436,4.4458835,1996
Tonga,EAP,High,98.0,0.672,68.323,12.71817992,5129.571125,0.100195,1996
Trinidad and Tobago,LAC,Very High,60.0,0.68,69.009,10.93264181,11689.18188,1.313434,1996
Tunisia,AS,High,101.0,0.613,72.38,11.2537899,6303.363696,9.43055,1996
Türkiye,ECA,Very High,45.0,0.63,70.141,9.661584854,14627.3185,60.293786,1996
Turkmenistan,ECA,High,94.0,,63.596,,5884.516395,4.301093,1996
Tuvalu,EAP,Medium,132.0,0.579,63.21,10.61574745,3247.677093,0.009611,1996
Uganda,SSA,Medium,159.0,0.353,46.67,6.179591285,1132.975772,21.2495725,1996
Ukraine,ECA,High,100.0,0.683,67.148,12.20515633,7106.45166,50.6161055,1996
United Arab Emirates,AS,Very High,17.0,0.762,72.767,10.60629148,98908.50028,2.572735,1996
United Kingdom,,Very High,15.0,0.836,76.875,15.05318006,33909.03948,58.0785865,1996
United States,,Very High,20.0,0.887,76.175,15.84595966,44573.24058,268.9843475,1996
Uruguay,LAC,Very High,52.0,0.726,74.088,13.34949017,13558.58329,3.2266335,1996
Uzbekistan,ECA,High,106.0,,64.712,10.63515718,2372.308032,23.465926,1996
Vanuatu,EAP,Medium,140.0,,68.63,8.502089134,2552.758887,0.1747145,1996
Venezuela (Bolivarian Republic of),LAC,Medium,119.0,0.687,72.111,10.56322002,16965.327,22.5721105,1996
Viet Nam,EAP,High,107.0,0.56,71.51,9.563657403,3024.853031,74.9464485,1996
Yemen,AS,Low,186.0,0.4,60.568,6.412019836,2778.053943,16.6143265,1996
Zambia,SSA,Medium,153.0,0.409,45.233,8.1498,1926.997628,8.902019,1996
Zimbabwe,SSA,Medium,159.0,0.448,48.955,9.949327333,1679.138625,11.178171,1996
Very high human development,,,,0.807,74.54422317,13.84303027,29440.25261,1411.915637,1996
High human development,,,,0.597,69.24540362,10.1440664,5119.401862,2301.709138,1996
Medium human development,,,,0.472,60.4039682,8.002967568,2594.169522,1450.870458,1996
Low human development,,,,0.377,51.61117453,5.268377432,2090.428147,606.359949,1996
Arab States,,,,0.59,65.78790989,9.10388692,10529.71368,259.176663,1996
East Asia and the Pacific,,,,0.561,69.19324977,9.317043648,3558.850882,1752.577802,1996
Europe and Central Asia,,,,0.655,67.4964277,10.8381913,8142.805824,214.1990245,1996
Latin America and the Caribbean,,,,0.665,69.85260029,11.92712874,11448.92665,486.212004,1996
South Asia,,,,0.474,61.15312496,7.783818785,2693.508615,1361.00568,1996
Sub-Saharan Africa,,,,0.421,49.95189917,6.552903732,2570.875704,573.889037,1996
World,,,,0.624,66.44465886,9.618450899,10124.25749,5793.501248,1996
Afghanistan,SA,Low,182.0,0.33,53.634,4.980433061,1338.724144,17.788819,1997
Albania,ECA,High,74.0,0.641,73.904,10.36505985,4496.157339,3.253719,1997
Algeria,AS,High,93.0,0.626,69.171,10.41034667,7901.092981,29.476031,1997
Andorra,,Very High,35.0,,80.944,10.24268051,44510.95435,0.064682,1997
Angola,SSA,Medium,150.0,,46.306,3.887915015,4220.368194,14.871146,1997
Antigua and Barbuda,LAC,Very High,54.0,,73.96,,15982.84313,0.0712175,1997
Argentina,LAC,Very High,48.0,0.758,73.09,13.89746499,18899.05591,35.8159705,1997
Armenia,ECA,High,76.0,0.635,69.91,10.15093994,3444.418605,3.271418,1997
Australia,,Very High,10.0,0.887,78.632,20.28628922,34488.03062,18.4102505,1997
Austria,,Very High,22.0,0.856,77.429,15.00072956,41935.75294,7.967093,1997
Azerbaijan,ECA,High,89.0,0.609,62.973,11.6263056,3086.558038,8.0000615,1997
Bahamas,LAC,Very High,57.0,0.775,71.054,11.41185655,33618.32155,0.3101705,1997
Bahrain,AS,Very High,34.0,0.747,74.535,11.06060664,40988.27681,0.6526425,1997
Bangladesh,SA,Medium,129.0,0.458,61.427,6.958458773,2131.335897,122.0392255,1997
Barbados,LAC,Very High,62.0,0.75,73.547,13.90990469,13985.25656,0.2632245,1997
Belarus,ECA,Very High,69.0,0.687,68.652,12.48472023,6669.021893,10.4009235,1997
Belgium,,Very High,12.0,0.874,77.4,17.6545728,40566.36119,10.1548725,1997
Belize,LAC,High,118.0,0.641,69.212,11.33771464,7330.748737,0.217117,1997
Benin,SSA,Low,173.0,0.393,55.978,5.899514256,2268.62409,6.387026,1997
Bhutan,SA,Medium,125.0,,60.852,7.088665401,3396.854079,0.546865,1997
Bolivia (Plurinational State of),LAC,Medium,120.0,0.615,60.752,14.36297429,5056.399808,8.1376195,1997
Bosnia and Herzegovina,ECA,High,80.0,,73.686,,4739.358283,4.047748,1997
Botswana,SSA,High,114.0,0.582,53.448,11.06842645,10593.58067,1.619354,1997
Brazil,LAC,High,89.0,0.656,68.813,13.24462991,11249.3889,168.546707,1997
Brunei Darussalam,EAP,Very High,55.0,0.782,73.364,11.43248248,69892.92946,0.313215,1997
Bulgaria,,High,70.0,0.704,70.351,12.61157036,10111.5874,8.3189655,1997
Burkina Faso,SSA,Low,185.0,,49.4,3.085742092,1176.425457,10.897353,1997
Burundi,SSA,Low,187.0,0.288,45.387,4.548364878,856.479383,5.923862,1997
Cabo Verde,SSA,Medium,131.0,,66.378,,3658.705689,0.4306535,1997
Cambodia,EAP,Medium,148.0,0.408,56.743,7.636009852,1207.284928,11.431569,1997
Cameroon,SSA,Medium,151.0,0.42,52.737,7.416647673,2658.635054,13.941181,1997
Canada,,Very High,18.0,0.88,78.464,16.3625102,35801.13356,29.882752,1997
Central African Republic,SSA,Low,191.0,0.313,46.319,4.60412247,1138.177943,3.4584715,1997
Chad,SSA,Low,189.0,,47.217,4.067180157,942.1086773,7.450874,1997
Chile,LAC,Very High,44.0,0.744,75.596,12.44053593,14285.47084,14.809289,1997
China,EAP,High,75.0,0.554,70.672,9.136859894,2786.750799,1237.801448,1997
Colombia,LAC,High,91.0,0.661,70.492,11.42187977,9485.167725,37.2919455,1997
Comoros,SSA,Medium,152.0,,58.39,7.794568471,2660.083174,0.505033,1997
Congo,SSA,Medium,149.0,0.483,47.19,9.74622488,3470.752858,2.8750365,1997
Congo (Democratic Republic of the),SSA,Low,180.0,0.374,50.402,6.707653522,852.4033573,44.8221985,1997
Costa Rica,LAC,Very High,64.0,0.699,77.07,11.00336504,11424.99402,3.7394215,1997
Côte d'Ivoire,SSA,Low,166.0,0.454,51.449,6.11910017,2894.091253,15.3354535,1997
Croatia,,Very High,39.0,0.731,73.846,11.34228992,17302.11382,4.7113725,1997
Cuba,LAC,High,85.0,0.676,75.222,11.95853043,3912.348403,10.998129,1997
Cyprus,,Very High,29.0,0.777,75.841,11.85792714,27322.88672,0.8974705,1997
Czechia,,Very High,32.0,0.791,73.946,13.49812984,23469.43622,10.2790445,1997
Denmark,,Very High,5.0,0.871,76.04,15.57523966,44478.32458,5.2773815,1997
Djibouti,AS,Low,171.0,0.325,55.967,3.059509993,1834.175621,0.667786,1997
Dominica,LAC,High,97.0,,71.634,,9198.411367,0.069081,1997
Dominican Republic,LAC,High,82.0,0.628,69.166,10.53517332,7854.665257,8.150076,1997
Ecuador,LAC,High,83.0,0.676,71.681,12.31746278,8401.045523,11.9878385,1997
Egypt,AS,High,105.0,0.615,67.197,10.33346534,7085.944612,66.9937285,1997
El Salvador,LAC,Medium,127.0,0.586,67.895,10.2600359,6145.504905,5.842638,1997
Equatorial Guinea,SSA,Medium,133.0,,52.061,,7783.997062,0.60557,1997
Eritrea,SSA,Low,175.0,,56.312,6.231336753,1839.740117,2.291561,1997
Estonia,,Very High,31.0,0.764,70.732,13.56027508,14897.4201,1.42149,1997
Eswatini (Kingdom of),SSA,Medium,142.0,0.496,52.044,9.702963193,5698.025271,0.990734,1997
Ethiopia,SSA,Low,176.0,,49.514,3.250910044,734.5727707,61.2334795,1997
Fiji,EAP,High,104.0,0.658,66.448,11.95216513,8581.776308,0.804572,1997
Finland,,Very High,12.0,0.86,77.064,16.71985054,33955.54121,5.1399425,1997
France,,Very High,28.0,0.839,78.425,15.81939983,36687.4798,57.8393635,1997
Gabon,SSA,Medium,123.0,0.624,60.662,11.36944405,16707.22217,1.179806,1997
Gambia,SSA,Low,174.0,0.374,56.06,5.155836949,1852.477592,1.317002,1997
Georgia,ECA,Very High,60.0,,69.059,11.64982986,4210.007148,4.640032,1997
Germany,,Very High,7.0,0.874,77.226,15.94838047,40139.76283,81.436087,1997
Ghana,SSA,Medium,145.0,0.483,57.199,6.555023256,2565.622219,18.2680405,1997
Greece,,Very High,33.0,0.796,78.319,13.69067955,26474.16607,10.8752735,1997
Grenada,LAC,High,73.0,,72.568,15.42470508,8493.033661,0.1055485,1997
Guatemala,LAC,Medium,136.0,0.527,65.536,7.668615682,6096.621971,10.905381,1997
Guinea,SSA,Low,181.0,0.32,51.356,4.202220082,1565.061837,7.8428055,1997
Guinea-Bissau,SSA,Low,179.0,,47.997,7.516801872,1795.037303,1.1624425,1997
Guyana,LAC,High,95.0,0.556,63.356,9.646192852,4027.250501,0.755211,1997
Haiti,LAC,Medium,158.0,0.468,56.516,8.715883857,2992.215871,7.9151725,1997
Honduras,LAC,Medium,138.0,0.541,67.777,8.81219457,3829.133362,6.144112,1997
"Hong Kong, China (SAR)",,Very High,4.0,0.808,79.745,11.28406617,36482.51645,6.441236,1997
Hungary,,Very High,47.0,0.75,71.004,13.17006969,16284.74303,10.28622,1997
Iceland,,Very High,3.0,0.874,78.994,16.35976982,34449.87392,0.2713555,1997
India,SA,Medium,134.0,0.471,61.388,8.169839859,2245.879528,1002.335231,1997
Indonesia,EAP,High,112.0,0.59,65.733,10.71074009,6235.593763,204.628007,1997
Iran (Islamic Republic of),SA,High,78.0,0.671,68.359,11.55615997,10473.2327,62.4805325,1997
Iraq,AS,Medium,128.0,0.549,65.837,8.06514476,5152.167573,22.33077,1997
Ireland,,Very High,7.0,0.803,75.98,13.98873043,34667.17767,3.64015,1997
Israel,,Very High,25.0,0.82,78.272,13.7025067,27178.35661,5.743283,1997
Italy,,Very High,30.0,0.828,78.733,14.98873997,39943.36103,56.9258005,1997
Jamaica,LAC,High,115.0,0.662,71.207,10.65660501,9325.819123,2.5549545,1997
Japan,,Very High,24.0,0.877,80.572,14.83119678,36638.73207,126.0279845,1997
Jordan,AS,High,99.0,0.667,71.272,12.08108521,8372.43336,4.733665,1997
Kazakhstan,ECA,Very High,67.0,0.662,63.711,11.83637199,9183.221889,15.8204315,1997
Kenya,SSA,Medium,146.0,0.484,54.816,8.395924564,3338.965038,28.364264,1997
Kiribati,EAP,Medium,137.0,,63.575,10.2416598,1996.714238,0.0843085,1997
Korea (Democratic People's Rep. of),EAP,,,,60.974,,,22.827373,1997
Korea (Republic of),,Very High,19.0,0.804,74.971,15.26414013,20246.02269,45.962393,1997
Kuwait,AS,Very High,49.0,0.766,75.879,11.66936016,74455.68487,1.7614685,1997
Kyrgyzstan,ECA,High,117.0,0.6,64.585,10.57585684,2776.016503,4.738386,1997
Lao People's Democratic Republic,EAP,Medium,139.0,0.455,57.292,7.483970165,2418.488679,5.1505375,1997
Latvia,,Very High,37.0,0.725,69.309,12.15748024,11026.71271,2.498879,1997
Lebanon,AS,High,109.0,,72.778,9.909558732,13038.93255,4.1075505,1997
Lesotho,SSA,Low,168.0,0.465,53.594,8.938233376,2386.097872,1.9725785,1997
Liberia,SSA,Low,177.0,,47.847,,1028.10971,2.3833,1997
Libya,AS,High,92.0,0.745,71.129,16.35726594,27015.01693,4.9023455,1997
Liechtenstein,,Very High,12.0,,76.091,,101479.0836,0.0317705,1997
Lithuania,,Very High,37.0,0.732,70.913,12.49730968,11843.77686,3.6948955,1997
Luxembourg,,Very High,20.0,0.84,76.889,12.32374001,88624.8808,0.4184115,1997
Madagascar,SSA,Low,177.0,,56.223,7.297498639,1473.185589,14.7789025,1997
Malawi,SSA,Low,172.0,0.367,43.131,10.73113664,1070.995723,10.512678,1997
Malaysia,EAP,Very High,63.0,0.707,72.284,11.74994024,15397.48971,21.2491775,1997
Maldives,SA,High,87.0,0.606,69.225,10.22538771,11505.08356,0.26904,1997
Mali,SSA,Low,188.0,0.286,48.531,3.414890051,1486.838605,10.3593015,1997
Malta,,Very High,25.0,0.763,77.323,13.46306038,23004.4197,0.3888385,1997
Marshall Islands,EAP,High,102.0,,63.225,,4016.737645,0.052358,1997
Mauritania,SSA,Low,164.0,0.448,60.452,5.710609913,4451.063771,2.484278,1997
Mauritius,SSA,High,72.0,0.654,70.645,10.96531963,10622.44025,1.184257,1997
Mexico,LAC,High,77.0,0.692,72.445,11.46714973,16204.28467,93.183094,1997
Micronesia (Federated States of),EAP,Medium,135.0,,69.229,,3449.155837,0.111133,1997
Moldova (Republic of),ECA,High,86.0,0.646,65.172,11.05551753,5568.207085,4.3937895,1997
Monaco,,,,,80.061,17.85522079,,0.0319685,1997
Mongolia,EAP,High,96.0,0.569,60.815,8.067250252,4243.431048,2.3817715,1997
Montenegro,ECA,Very High,50.0,,73.569,,11629.24655,0.6336075,1997
Morocco,AS,Medium,120.0,0.497,65.629,7.604119778,4333.90918,27.397118,1997
Mozambique,SSA,Low,183.0,0.272,47.408,4.861390114,535.3138931,16.521724,1997
Myanmar,EAP,Medium,144.0,0.383,59.243,7.82521979,759.7736504,43.9720455,1997
Namibia,SSA,Medium,142.0,0.572,55.558,12.53701019,6555.396255,1.693242,1997
Nauru,EAP,Medium,122.0,,59.644,,,0.0103625,1997
Nepal,SA,Medium,146.0,0.444,60.771,8.235124588,1821.694612,23.2494175,1997
Netherlands,,Very High,10.0,0.883,77.924,16.57000923,42081.85558,15.629905,1997
New Zealand,,Very High,16.0,0.871,77.348,17.10215468,28877.87784,3.775852,1997
Nicaragua,LAC,Medium,130.0,0.539,66.515,9.13111169,3333.838063,4.8959625,1997
Niger,SSA,Low,189.0,0.245,47.505,2.454629941,951.9675714,10.494201,1997
Nigeria,SSA,Low,161.0,,45.792,7.223054995,2809.535336,113.7911805,1997
North Macedonia,ECA,High,83.0,0.654,72.274,11.17652035,9108.074085,2.0042335,1997
Norway,,Very High,2.0,0.893,78.239,16.06620026,53663.40514,4.4053335,1997
Oman,AS,Very High,59.0,,72.415,9.541600227,34358.73346,2.245588,1997
Pakistan,SA,Low,164.0,0.419,60.603,4.535104421,3196.014702,141.3302675,1997
Palau,EAP,High,71.0,,63.981,,13773.85161,0.0182975,1997
"Palestine, State of",AS,High,111.0,,70.396,10.14822006,4883.846091,2.8472135,1997
Panama,LAC,Very High,57.0,0.703,72.97,11.6153663,13032.66694,2.8279915,1997
Papua New Guinea,EAP,Medium,154.0,0.445,61.377,5.610816638,3384.436561,4.960439,1997
Paraguay,LAC,High,102.0,0.646,69.325,11.14942678,8996.955745,4.818289,1997
Peru,LAC,High,87.0,0.655,68.605,11.74619007,6295.889543,25.365386,1997
Philippines,EAP,High,113.0,0.627,68.884,11.34047508,4671.185665,72.7188375,1997
Poland,,Very High,36.0,0.767,72.595,13.91362,13890.47784,38.3961295,1997
Portugal,,Very High,42.0,0.784,75.923,16.0445199,27321.3088,10.130549,1997
Qatar,AS,Very High,40.0,0.794,74.787,12.62568474,76041.00114,0.550591,1997
Romania,,Very High,53.0,0.701,69.448,11.46730995,12041.66995,22.289535,1997
Russian Federation,,Very High,56.0,0.715,66.365,11.81155968,12768.81836,147.939972,1997
Rwanda,SSA,Low,161.0,0.281,40.64,5.66901652,724.0771646,7.666732,1997
Saint Kitts and Nevis,LAC,Very High,51.0,,67.853,13.5446846,17266.55897,0.0436555,1997
Saint Lucia,LAC,High,108.0,0.683,70.775,12.11278204,10916.89527,0.155454,1997
Saint Vincent and the Grenadines,LAC,High,81.0,,70.922,11.59647145,7266.816962,0.1142765,1997
Samoa,EAP,High,116.0,0.661,69.875,11.6771,3945.31669,0.1785435,1997
San Marino,,Very High,43.0,0.867,79.609,15.04165698,71346.08686,0.025596,1997
Sao Tome and Principe,SSA,Medium,141.0,0.488,61.181,8.758285933,2227.341685,0.137656,1997
Saudi Arabia,AS,Very High,40.0,0.732,71.483,11.98439515,41758.50868,19.938377,1997
Senegal,SSA,Low,169.0,0.377,56.591,4.972539902,2379.005825,9.0515385,1997
Serbia,ECA,Very High,65.0,0.685,71.649,12.86334659,8876.612405,7.9975245,1997
Seychelles,SSA,Very High,67.0,,68.998,12.67035484,19622.6409,0.0765315,1997
Sierra Leone,SSA,Low,184.0,0.307,43.715,5.523577976,912.5966085,4.4050275,1997
Singapore,EAP,Very High,9.0,0.841,77.228,15.33128478,55967.49739,3.7606495,1997
Slovakia,,Very High,45.0,0.735,72.69,12.45487976,14980.73872,5.365829,1997
Slovenia,,Very High,22.0,0.782,75.178,13.2104702,23267.44775,1.989828,1997
Solomon Islands,EAP,Medium,156.0,,66.742,6.89391613,2609.477782,0.3970495,1997
Somalia,AS,Low,193.0,,50.195,,580.3555823,7.734313,1997
South Africa,SSA,High,110.0,0.65,60.805,13.22016176,10040.72755,45.2850485,1997
South Sudan,SSA,Low,192.0,,32.242,,,5.5894105,1997
Spain,,Very High,27.0,0.811,78.853,15.8614502,30396.64589,40.1800495,1997
Sri Lanka,SA,High,78.0,0.68,72.136,12.10815704,5356.131484,18.4491225,1997
Sudan,AS,Low,170.0,0.382,52.833,4.689902714,3700.599609,24.454372,1997
Suriname,LAC,Medium,124.0,,65.697,11.00924118,11272.70588,0.4528865,1997
Sweden,,Very High,5.0,0.878,79.271,17.15633011,34722.81602,8.807869,1997
Switzerland,,Very High,1.0,0.872,79.232,14.69438457,57352.8834,7.0869975,1997
Syrian Arab Republic,AS,Medium,157.0,0.586,70.283,9.836806025,6179.203264,15.1039965,1997
Tajikistan,ECA,Medium,126.0,0.524,60.348,9.71015501,1190.154636,6.1170685,1997
Tanzania (United Republic of),SSA,Low,167.0,0.371,50.624,5.394370079,1287.885986,31.785846,1997
Thailand,EAP,Very High,66.0,0.639,72.501,10.46321011,9736.829228,60.989108,1997
Timor-Leste,EAP,Medium,155.0,,49.517,,4462.675302,0.843341,1997
Togo,SSA,Low,163.0,0.43,54.192,8.984359741,1812.561517,4.5925495,1997
Tonga,EAP,High,98.0,0.674,68.49,12.88346916,5078.225163,0.100658,1997
Trinidad and Tobago,LAC,Very High,60.0,0.686,68.719,11.04388913,12836.26822,1.3181715,1997
Tunisia,AS,High,101.0,0.621,72.863,11.34475994,6609.508655,9.5579475,1997
Türkiye,ECA,Very High,45.0,0.638,70.57,9.7228899,15558.32548,61.277426,1997
Turkmenistan,ECA,High,94.0,,63.646,,5279.542141,4.3636725,1997
Tuvalu,EAP,Medium,132.0,0.585,63.356,10.58046865,3517.644005,0.0096295,1997
Uganda,SSA,Medium,159.0,0.363,46.977,6.737192366,1162.645001,21.876935,1997
Ukraine,ECA,High,100.0,0.688,67.632,12.43010426,6954.604492,50.1693535,1997
United Arab Emirates,AS,Very High,17.0,0.768,72.937,10.71295191,99484.41674,2.7461185,1997
United Kingdom,,Very High,15.0,0.843,77.142,15.2501351,35400.62586,58.2501975,1997
United States,,Very High,20.0,0.889,76.498,15.78919983,45948.07406,272.3954385,1997
Uruguay,LAC,Very High,52.0,0.738,74.298,13.72067022,14726.01123,3.245069,1997
Uzbekistan,ECA,High,106.0,,64.764,10.63404151,2436.312078,23.8772895,1997
Vanuatu,EAP,Medium,140.0,,68.708,8.66714756,2571.073761,0.178871,1997
Venezuela (Bolivarian Republic of),LAC,Medium,119.0,0.694,72.703,10.53567743,17681.779,23.037561,1997
Viet Nam,EAP,High,107.0,0.571,71.802,9.876218617,3202.98998,76.058603,1997
Yemen,AS,Low,186.0,0.408,61.119,6.599548543,2866.336779,17.1086815,1997
Zambia,SSA,Medium,153.0,0.41,44.945,8.252778915,1947.768259,9.1331565,1997
Zimbabwe,SSA,Medium,159.0,0.445,47.993,10.05103166,1654.38789,11.3624015,1997
Very high human development,,,,0.813,74.94824626,13.96705892,30270.48411,1420.854967,1997
High human development,,,,0.605,69.59594194,10.31900904,5337.016181,2327.400676,1997
Medium human development,,,,0.478,60.87087171,8.073693604,2668.871412,1479.835167,1997
Low human development,,,,0.383,51.96428445,5.428131436,2100.674514,623.596016,1997
Arab States,,,,0.596,66.06312636,9.271269592,10800.17764,265.310304,1997
East Asia and the Pacific,,,,0.57,69.58220251,9.505293866,3754.216214,1771.031905,1997
Europe and Central Asia,,,,0.661,67.8172886,10.93063734,8506.532462,215.0066845,1997
Latin America and the Caribbean,,,,0.671,70.21351248,12.04256045,11883.11181,494.0886215,1997
South Asia,,,,0.48,61.65965812,7.83828715,2727.594795,1388.488521,1997
Sub-Saharan Africa,,,,0.425,50.10830646,6.713258469,2607.827466,588.9118235,1997
World,,,,0.629,66.78749849,9.726251055,10379.42731,5874.546167,1997
Afghanistan,SA,Low,182.0,0.329,52.943,5.272429209,1227.293565,18.493132,1998
Albania,ECA,High,74.0,0.656,74.99,10.54819012,4952.589971,3.2321755,1998
Algeria,AS,High,93.0,0.635,69.451,10.69680341,8215.514922,29.9246685,1998
Andorra,,Very High,35.0,,79.426,10.34299995,45577.84403,0.0651855,1998
Angola,SSA,Medium,150.0,,45.057,3.967880011,4135.376204,15.366864,1998
Antigua and Barbuda,LAC,Very High,54.0,,74.041,,16488.73781,0.072572,1998
Argentina,LAC,Very High,48.0,0.764,73.474,14.11907005,19334.52072,36.233195,1998
Armenia,ECA,High,76.0,0.647,70.514,10.73042965,3624.935347,3.24055,1998
Australia,,Very High,10.0,0.891,79.028,20.45081096,35835.98832,18.601667,1998
Austria,,Very High,22.0,0.861,77.783,15.08288002,43325.1685,7.975862,1998
Azerbaijan,ECA,High,89.0,0.618,63.561,11.70277844,3396.101783,8.0410955,1998
Bahamas,LAC,Very High,57.0,0.776,71.456,11.42904853,31447.06156,0.315398,1998
Bahrain,AS,Very High,34.0,0.753,74.641,11.11192354,42114.69975,0.6724835,1998
Bangladesh,SA,Medium,129.0,0.473,63.917,7.161081441,2200.008762,124.350471,1998
Barbados,LAC,Very High,62.0,0.751,73.728,14.04705249,13517.40992,0.2636415,1998
Belarus,ECA,Very High,69.0,0.693,68.641,12.49038982,7260.979924,10.357466,1998
Belgium,,Very High,12.0,0.876,77.474,17.62896601,41274.56139,10.1885375,1998
Belize,LAC,High,118.0,0.642,68.599,11.5193493,7284.130573,0.224907,1998
Benin,SSA,Low,173.0,0.398,56.218,6.076617031,2305.352143,6.584183,1998
Bhutan,SA,Medium,125.0,,61.549,7.344399805,3288.254653,0.5571425,1998
Bolivia (Plurinational State of),LAC,Medium,120.0,0.626,61.332,14.92806925,5244.387245,8.286928,1998
Bosnia and Herzegovina,ECA,High,80.0,,73.901,,6935.564212,4.115059,1998
Botswana,SSA,High,114.0,0.581,52.523,11.25216961,10804.31476,1.6556995,1998
Brazil,LAC,High,89.0,0.66,69.189,13.29070864,11075.55445,171.0398035,1998
Brunei Darussalam,EAP,Very High,55.0,0.782,73.619,11.32273006,67996.60117,0.3201525,1998
Bulgaria,,High,70.0,0.714,70.912,12.7276001,10677.56158,8.234927,1998
Burkina Faso,SSA,Low,185.0,,49.991,3.184936094,1228.024157,11.201063,1998
Burundi,SSA,Low,187.0,0.294,46.552,4.56549865,883.9014923,6.03534,1998
Cabo Verde,SSA,Medium,131.0,,66.993,,3867.537039,0.440214,1998
Cambodia,EAP,Medium,148.0,0.412,57.028,7.743496524,1230.644695,11.669077,1998
Cameroon,SSA,Medium,151.0,0.42,52.582,7.290378928,2741.775891,14.3145985,1998
Canada,,Very High,18.0,0.88,78.674,15.89157963,36810.57903,30.144812,1998
Central African Republic,SSA,Low,191.0,0.315,46.025,4.705958927,1154.625281,3.5550635,1998
Chad,SSA,Low,189.0,,47.224,4.540239811,985.7625604,7.709115,1998
Chile,LAC,Very High,44.0,0.749,75.669,12.61588001,14800.68814,14.996742,1998
China,EAP,High,75.0,0.565,71.172,9.392760038,2964.656868,1246.836105,1998
Colombia,LAC,High,91.0,0.666,70.738,11.77365971,9421.122491,37.9444145,1998
Comoros,SSA,Medium,152.0,,58.407,7.847344126,2632.860588,0.515959,1998
Congo,SSA,Medium,149.0,0.508,50.894,9.557101822,3822.195546,2.9371665,1998
Congo (Democratic Republic of the),SSA,Low,180.0,0.371,49.696,6.784370184,823.6099221,45.8955245,1998
Costa Rica,LAC,Very High,64.0,0.705,76.896,11.15559006,11853.95147,3.8214215,1998
Côte d'Ivoire,SSA,Low,166.0,0.459,51.108,6.237877375,2946.790144,15.85899,1998
Croatia,,Very High,39.0,0.74,73.906,11.71883011,17702.44472,4.6599325,1998
Cuba,LAC,High,85.0,0.68,75.564,12.09601498,3912.233281,11.033758,1998
Cyprus,,Very High,29.0,0.789,76.182,12.03716194,31186.93359,0.91466,1998
Czechia,,Very High,32.0,0.794,74.553,13.32468033,23426.89178,10.2638325,1998
Denmark,,Very High,5.0,0.878,76.434,15.7416296,45472.65911,5.298992,1998
Djibouti,AS,Low,171.0,0.326,56.176,3.082350016,1759.406405,0.69492,1998
Dominica,LAC,High,97.0,,71.472,,9623.265228,0.068938,1998
Dominican Republic,LAC,High,82.0,0.634,69.096,10.72705386,8228.843672,8.2821255,1998
Ecuador,LAC,High,83.0,0.681,72.045,12.49665991,8488.663934,12.1996935,1998
Egypt,AS,High,105.0,0.62,67.471,10.5139879,7346.256061,68.4460115,1998
El Salvador,LAC,Medium,127.0,0.595,68.478,10.58460999,6269.585716,5.8850825,1998
Equatorial Guinea,SSA,Medium,133.0,,52.382,,9333.482339,0.629734,1998
Eritrea,SSA,Low,175.0,,49.158,6.46742328,1978.889757,2.3227535,1998
Estonia,,Very High,31.0,0.772,70.217,13.96782017,15880.84344,1.4111465,1998
Eswatini (Kingdom of),SSA,Medium,142.0,0.485,50.333,9.706296603,5531.503407,1.0051575,1998
Ethiopia,SSA,Low,176.0,,49.927,3.574090004,683.5374897,63.1364935,1998
Fiji,EAP,High,104.0,0.661,66.68,11.9979376,8461.538917,0.8139475,1998
Finland,,Very High,12.0,0.868,77.259,16.95726967,35538.9226,5.1535445,1998
France,,Very High,28.0,0.843,78.588,15.76198959,37897.32879,58.0803445,1998
Gabon,SSA,Medium,123.0,0.63,60.79,11.41378538,17509.15059,1.209832,1998
Gambia,SSA,Low,174.0,0.38,56.554,5.371915414,1863.633755,1.356189,1998
Georgia,ECA,Very High,60.0,,69.102,11.8832798,4529.566114,4.518405,1998
Germany,,Very High,7.0,0.879,77.577,16.02003354,40784.2348,81.524383,1998
Ghana,SSA,Medium,145.0,0.488,57.6,6.694669052,2619.581078,18.7147075,1998
Greece,,Very High,33.0,0.806,78.231,14.39577007,27215.36602,10.939475,1998
Grenada,LAC,High,73.0,,72.805,15.49691995,9345.09686,0.1062,1998
Guatemala,LAC,Medium,136.0,0.535,66.114,7.918348585,6277.393885,11.1840325,1998
Guinea,SSA,Low,181.0,0.33,52.049,4.547970057,1599.506574,7.992545,1998
Guinea-Bissau,SSA,Low,179.0,,47.716,7.655720854,1443.265402,1.184071,1998
Guyana,LAC,High,95.0,0.561,63.9,9.827395399,4037.289443,0.7566965,1998
Haiti,LAC,Medium,158.0,0.474,57.135,8.822688123,2999.33834,8.060896,1998
Honduras,LAC,Medium,138.0,0.524,62.721,8.930303256,3878.443925,6.308537,1998
"Hong Kong, China (SAR)",,Very High,4.0,0.813,80.137,11.66595824,34474.80404,6.5460575,1998
Hungary,,Very High,47.0,0.755,70.918,13.52241039,16920.6646,10.2609665,1998
Iceland,,Very High,3.0,0.885,79.453,16.79397964,36628.07455,0.274285,1998
India,SA,Medium,134.0,0.477,61.792,8.191783269,2340.371029,1021.434576,1998
Indonesia,EAP,High,112.0,0.587,65.962,10.78509998,5183.858696,207.8554855,1998
Iran (Islamic Republic of),SA,High,78.0,0.677,68.73,11.6892848,10541.10453,63.461421,1998
Iraq,AS,Medium,128.0,0.564,65.486,8.180738923,6754.537031,23.0534885,1998
Ireland,,Very High,7.0,0.837,76.189,16.49492073,37059.74228,3.678667,1998
Israel,,Very High,25.0,0.828,78.44,14.19165357,27655.1053,5.869504,1998
Italy,,Very High,30.0,0.832,78.806,15.09490967,40615.63606,56.9387375,1998
Jamaica,LAC,High,115.0,0.661,70.99,10.57880747,9123.232058,2.576567,1998
Japan,,Very High,24.0,0.877,80.64,14.91390038,36047.87438,126.30839,1998
Jordan,AS,High,99.0,0.671,71.474,12.12152004,8497.18537,4.844403,1998
Kazakhstan,ECA,Very High,67.0,0.666,63.812,11.97687607,9171.225356,15.4742545,1998
Kenya,SSA,Medium,146.0,0.486,54.526,8.471579859,3369.564787,29.137373,1998
Kiribati,EAP,Medium,137.0,,63.854,9.878879865,2053.630256,0.0858045,1998
Korea (Democratic People's Rep. of),EAP,,,,60.906,,,23.023636,1998
Korea (Republic of),,Very High,19.0,0.802,75.464,15.01350975,18907.77671,46.250259,1998
Kuwait,AS,Very High,49.0,0.772,76.157,11.90672493,75912.36778,1.8195445,1998
Kyrgyzstan,ECA,High,117.0,0.606,65.114,10.85743364,2766.706583,4.8104115,1998
Lao People's Democratic Republic,EAP,Medium,139.0,0.462,57.665,7.761219978,2457.219282,5.2469215,1998
Latvia,,Very High,37.0,0.736,69.163,12.87520027,11826.80718,2.462337,1998
Lebanon,AS,High,109.0,,72.944,9.956774483,13140.44628,4.1787845,1998
Lesotho,SSA,Low,168.0,0.464,51.783,8.886696815,2763.4791,1.985639,1998
Liberia,SSA,Low,177.0,,48.901,,1215.108204,2.6392245,1998
Libya,AS,High,92.0,0.745,71.079,16.31228418,25693.51408,4.9809615,1998
Liechtenstein,,Very High,12.0,,77.832,,112555.6502,0.0321895,1998
Lithuania,,Very High,37.0,0.744,71.189,12.9811697,12786.38129,3.6655105,1998
Luxembourg,,Very High,20.0,0.847,77.002,12.71479034,89055.26374,0.4235735,1998
Madagascar,SSA,Low,177.0,,56.917,7.472841326,1486.874291,15.2509345,1998
Malawi,SSA,Low,172.0,0.369,42.848,10.95908324,1089.927698,10.732456,1998
Malaysia,EAP,Very High,63.0,0.71,72.168,12.20392036,13872.98364,21.810542,1998
Maldives,SA,High,87.0,0.611,69.572,10.50992012,11839.40851,0.273796,1998
Mali,SSA,Low,188.0,0.297,49.164,3.705430031,1562.322879,10.6204745,1998
Malta,,Very High,25.0,0.772,77.717,13.84552002,23510.23264,0.3924825,1998
Marshall Islands,EAP,High,102.0,,63.364,,4054.278595,0.0531645,1998
Mauritania,SSA,Low,164.0,0.456,60.609,6.089719772,4475.891099,2.5505015,1998
Mauritius,SSA,High,72.0,0.662,70.788,11.3348999,11143.29173,1.19488,1998
Mexico,LAC,High,77.0,0.699,72.845,11.70351982,16755.68444,94.7672845,1998
Micronesia (Federated States of),EAP,Medium,135.0,,69.465,,3538.781498,0.111406,1998
Moldova (Republic of),ECA,High,86.0,0.646,65.505,11.16867288,5135.334622,4.353534,1998
Monaco,,,,,80.586,17.89152547,,0.0322095,1998
Mongolia,EAP,High,96.0,0.579,61.765,8.431200027,4392.191472,2.4051485,1998
Montenegro,ECA,Very High,50.0,,73.366,,12158.4972,0.633903,1998
Morocco,AS,Medium,120.0,0.505,66.018,7.678740025,4610.281738,27.791825,1998
Mozambique,SSA,Low,183.0,0.283,48.024,5.215500116,570.7682118,16.9231945,1998
Myanmar,EAP,Medium,144.0,0.39,59.794,7.853429794,800.2251056,44.516185,1998
Namibia,SSA,Medium,142.0,0.564,54.101,12.44921017,6647.116329,1.735953,1998
Nauru,EAP,Medium,122.0,,59.224,,,0.0103765,1998
Nepal,SA,Medium,146.0,0.449,61.549,8.350139618,1845.558911,23.703328,1998
Netherlands,,Very High,10.0,0.884,77.997,16.47043037,43138.42434,15.7225945,1998
New Zealand,,Very High,16.0,0.88,78.172,17.23147,29266.40783,3.810044,1998
Nicaragua,LAC,Medium,130.0,0.541,65.209,9.431767327,3483.113331,4.974552,1998
Niger,SSA,Low,189.0,0.253,48.191,2.540719943,1025.110369,10.85492,1998
Nigeria,SSA,Low,161.0,,46.036,7.446729277,2794.824833,116.6905275,1998
North Macedonia,ECA,High,83.0,0.661,72.405,11.28462029,9367.385141,2.0128445,1998
Norway,,Very High,2.0,0.903,78.408,16.86597061,54745.86492,4.4316755,1998
Oman,AS,Very High,59.0,,72.97,9.735070229,35144.99399,2.2797265,1998
Pakistan,SA,Low,164.0,0.423,61.09,4.577513658,3170.443087,145.4761055,1998
Palau,EAP,High,71.0,,64.554,,13224.7937,0.0188515,1998
"Palestine, State of",AS,High,111.0,,70.632,10.57936525,5616.567865,2.950918,1998
Panama,LAC,Very High,57.0,0.71,73.279,11.85467307,13674.55231,2.8851765,1998
Papua New Guinea,EAP,Medium,154.0,0.447,60.629,5.758080006,3419.456006,5.138829,1998
Paraguay,LAC,High,102.0,0.652,69.478,11.56016318,8796.934016,4.9234495,1998
Peru,LAC,High,87.0,0.663,69.082,12.36009502,6221.847349,25.818226,1998
Philippines,EAP,High,113.0,0.632,69.1,11.3891201,4943.990385,74.4919185,1998
Poland,,Very High,36.0,0.777,72.952,14.35941029,14534.44735,38.3799905,1998
Portugal,,Very High,42.0,0.791,76.116,16.15724945,28447.00197,10.1794155,1998
Qatar,AS,Very High,40.0,0.796,74.809,12.63720989,79965.7025,0.5809975,1998
Romania,,Very High,53.0,0.706,70.125,11.69460011,11786.99933,22.161242,1998
Russian Federation,,Very High,56.0,0.719,66.772,12.01319027,11865.19336,147.6727285,1998
Rwanda,SSA,Low,161.0,0.289,41.681,5.656933149,763.0930585,7.9146455,1998
Saint Kitts and Nevis,LAC,Very High,51.0,,67.69,13.63938332,16626.36447,0.0442305,1998
Saint Lucia,LAC,High,108.0,0.687,70.69,12.1623575,11559.68774,0.156855,1998
Saint Vincent and the Grenadines,LAC,High,81.0,,71.097,11.75301172,7651.932875,0.1141645,1998
Samoa,EAP,High,116.0,0.664,70.171,11.68673992,4010.239512,0.180385,1998
San Marino,,Very High,43.0,0.872,80.034,15.05771734,74501.56341,0.025997,1998
Sao Tome and Principe,SSA,Medium,141.0,0.49,61.187,8.851289117,2216.386205,0.1397895,1998
Saudi Arabia,AS,Very High,40.0,0.738,71.879,12.11774415,42231.59459,20.47258,1998
Senegal,SSA,Low,169.0,0.379,56.418,5.093080044,2470.22911,9.2615265,1998
Serbia,ECA,Very High,65.0,0.686,71.243,12.92081367,9203.299869,7.985506,1998
Seychelles,SSA,Very High,67.0,,69.864,12.82853985,19444.23667,0.077664,1998
Sierra Leone,SSA,Low,184.0,0.304,42.789,5.742755985,866.7408228,4.449975,1998
Singapore,EAP,Very High,9.0,0.846,77.987,15.39756895,52990.24165,3.8662925,1998
Slovakia,,Very High,45.0,0.746,72.574,12.99370003,15564.01069,5.3710805,1998
Slovenia,,Very High,22.0,0.794,75.341,13.80179977,24023.60708,1.988279,1998
Solomon Islands,EAP,Medium,156.0,,66.92,6.90310812,2576.135169,0.408145,1998
Somalia,AS,Low,193.0,,50.66,,594.1876327,8.056862,1998
South Africa,SSA,High,110.0,0.643,60.001,13.24167898,9949.670575,45.8521665,1998
South Sudan,SSA,Low,192.0,,18.385,,,5.699436,1998
Spain,,Very High,27.0,0.815,78.943,15.76968956,31576.02422,40.3623565,1998
Sri Lanka,SA,High,78.0,0.685,72.081,12.19787264,5549.195575,18.5607975,1998
Sudan,AS,Low,170.0,0.371,48.81,4.875316429,3758.767578,25.0291445,1998
Suriname,LAC,Medium,124.0,,65.594,11.04369704,11491.86201,0.461749,1998
Sweden,,Very High,5.0,0.891,79.415,18.52182007,36557.61204,8.828633,1998
Switzerland,,Very High,1.0,0.878,79.475,14.9298296,59154.46145,7.108221,1998
Syrian Arab Republic,AS,Medium,157.0,0.587,70.196,9.895188877,6293.197774,15.5005425,1998
Tajikistan,ECA,Medium,126.0,0.532,61.519,9.532492399,1251.681891,6.1568045,1998
Tanzania (United Republic of),SSA,Low,167.0,0.378,50.914,5.699363929,1308.61145,32.6264975,1998
Thailand,EAP,Very High,66.0,0.643,72.862,10.87125969,8800.848424,61.745217,1998
Timor-Leste,EAP,Medium,155.0,,49.123,,4235.92973,0.8554095,1998
Togo,SSA,Low,163.0,0.43,54.199,9.15073967,1722.703034,4.728297,1998
Tonga,EAP,High,98.0,0.678,68.642,13.05090656,5249.06785,0.101343,1998
Trinidad and Tobago,LAC,Very High,60.0,0.696,69.16,11.15513646,14022.6755,1.3225725,1998
Tunisia,AS,High,101.0,0.633,73.169,11.93177986,6862.890554,9.677148,1998
Türkiye,ECA,Very High,45.0,0.648,71.039,10.12756014,15874.96705,62.2422045,1998
Turkmenistan,ECA,High,94.0,,64.106,,5449.066589,4.4315175,1998
Tuvalu,EAP,Medium,132.0,0.595,63.418,10.54518986,4077.402203,0.009634,1998
Uganda,SSA,Medium,159.0,0.372,47.175,7.294793447,1185.715234,22.5376575,1998
Ukraine,ECA,High,100.0,0.694,68.399,12.65505219,6837.216309,49.745874,1998
United Arab Emirates,AS,Very High,17.0,0.774,73.066,10.81961234,95018.03515,2.92113,1998
United Kingdom,,Very High,15.0,0.848,77.277,15.44709015,36606.70727,58.438321,1998
United States,,Very High,20.0,0.891,76.66,15.73243999,47413.69771,275.8350175,1998
Uruguay,LAC,Very High,52.0,0.747,74.527,14.09185028,15303.23661,3.262683,1998
Uzbekistan,ECA,High,106.0,,65.035,10.63292585,2516.717243,24.256775,1998
Vanuatu,EAP,Medium,140.0,,68.763,8.835410408,2613.906131,0.183088,1998
Venezuela (Bolivarian Republic of),LAC,Medium,119.0,0.697,72.668,10.50813484,17386.052,23.503819,1998
Viet Nam,EAP,High,107.0,0.58,72.107,10.18877983,3320.441232,77.1284235,1998
Yemen,AS,Low,186.0,0.417,61.375,6.792561796,3022.688391,17.6081335,1998
Zambia,SSA,Medium,153.0,0.409,44.701,8.355757831,1881.348762,9.37243,1998
Zimbabwe,SSA,Medium,159.0,0.439,46.819,10.15273598,1608.662564,11.548364,1998
Very high human development,,,,0.817,75.19072615,14.10528365,30714.75923,1429.636632,1998
High human development,,,,0.611,69.98661679,10.53481379,5389.568965,2352.374275,1998
Medium human development,,,,0.485,61.34950488,8.135238509,2774.714385,1509.05445,1998
Low human development,,,,0.387,51.89496572,5.600405613,2099.592976,641.117878,1998
Arab States,,,,0.6,65.87371018,9.436482519,11144.62826,271.484273,1998
East Asia and the Pacific,,,,0.576,70.00131081,9.734235229,3724.173837,1788.885489,1998
Europe and Central Asia,,,,0.668,68.27588613,11.13415041,8710.383339,215.60838,1998
Latin America and the Caribbean,,,,0.677,70.46762922,12.22448793,11980.0342,501.8963115,1998
South Asia,,,,0.487,62.23397717,7.88401489,2802.208937,1416.31077,1998
Sub-Saharan Africa,,,,0.427,49.96558309,6.887810499,2602.581972,604.1457905,1998
World,,,,0.634,67.06456867,9.85176733,10480.18109,5955.23908,1998
Afghanistan,SA,Low,182.0,0.337,54.846,5.564425358,1122.32257,19.2628475,1999
Albania,ECA,High,74.0,0.668,75.183,10.63376045,5595.604803,3.20826,1999
Algeria,AS,High,93.0,0.644,70.032,10.98326015,8327.85387,30.3460825,1999
Andorra,,Very High,35.0,,81.317,10.44430195,47107.19032,0.065655,1999
Angola,SSA,Medium,150.0,0.369,45.386,4.39485838,3735.262419,15.8707525,1999
Antigua and Barbuda,LAC,Very High,54.0,,74.347,,16781.32837,0.073821,1999
Argentina,LAC,Very High,48.0,0.774,73.722,15.17325974,18440.33403,36.653031,1999
Armenia,ECA,High,76.0,0.651,70.257,10.87100983,3780.554474,3.2060295,1999
Australia,,Very High,10.0,0.894,79.285,20.61533271,36929.69602,18.8008915,1999
Austria,,Very High,22.0,0.865,77.956,15.15789445,44329.53112,7.9913765,1999
Azerbaijan,ECA,High,89.0,0.628,64.189,11.77975428,3754.972664,8.1014495,1999
Bahamas,LAC,Very High,57.0,0.784,71.771,11.44626642,35181.8708,0.3202715,1999
Bahrain,AS,Very High,34.0,0.761,74.98,11.16324043,42802.19131,0.6921325,1999
Bangladesh,SA,Medium,129.0,0.487,66.228,7.363704109,2263.311054,126.754824,1999
Barbados,LAC,Very High,62.0,0.753,74.039,14.18420029,13513.28294,0.2641695,1999
Belarus,ECA,Very High,69.0,0.698,68.375,12.7841938,7576.539267,10.308283,1999
Belgium,,Very High,12.0,0.879,77.646,17.60335922,42589.24891,10.2242205,1999
Belize,LAC,High,118.0,0.65,68.773,11.70389382,7619.149621,0.2327335,1999
Benin,SSA,Low,173.0,0.405,56.526,6.253719807,2360.272215,6.788589,1999
Bhutan,SA,Medium,125.0,,62.23,7.609360218,3364.103475,0.57099,1999
Bolivia (Plurinational State of),LAC,Medium,120.0,0.625,61.871,14.50795112,5148.785817,8.4390525,1999
Bosnia and Herzegovina,ECA,High,80.0,,75.076,,7267.531878,4.153014,1999
Botswana,SSA,High,114.0,0.583,51.694,11.63829994,11018.7782,1.691558,1999
Brazil,LAC,High,89.0,0.663,69.524,13.33694769,10861.1073,173.486281,1999
Brunei Darussalam,EAP,Very High,55.0,0.787,73.863,11.57223034,68595.08481,0.3270445,1999
Bulgaria,,High,70.0,0.718,71.596,12.89875984,9879.275247,8.162301,1999
Burkina Faso,SSA,Low,185.0,0.294,50.325,3.284130096,1283.448144,11.533554,1999
Burundi,SSA,Low,187.0,0.297,47.528,4.582632422,850.4489808,6.18018,1999
Cabo Verde,SSA,Medium,131.0,,67.569,,4216.974199,0.449627,1999
Cambodia,EAP,Medium,148.0,0.421,57.69,7.850983196,1346.119054,11.8990065,1999
Cameroon,SSA,Medium,151.0,0.421,52.695,7.164110184,2799.801396,14.698973,1999
Canada,,Very High,18.0,0.884,78.885,15.80797958,38390.1943,30.3997775,1999
Central African Republic,SSA,Low,191.0,0.319,45.75,4.807795384,1203.23173,3.65536,1999
Chad,SSA,Low,189.0,,47.372,4.717639923,944.8397907,7.981889,1999
Chile,LAC,Very High,44.0,0.756,76.018,13.08310032,14505.38661,15.1764105,1999
China,EAP,High,75.0,0.575,71.419,9.648660183,3171.528369,1255.433236,1999
Colombia,LAC,High,91.0,0.665,70.926,11.71802044,8887.309223,38.585033,1999
Comoros,SSA,Medium,152.0,,58.781,7.900119781,2634.071967,0.5264435,1999
Congo,SSA,Medium,149.0,0.509,52.757,9.367978764,3200.889389,3.016659,1999
Congo (Democratic Republic of the),SSA,Low,180.0,0.368,49.945,6.861086845,739.5545061,47.2272385,1999
Costa Rica,LAC,Very High,64.0,0.707,77.138,11.30781507,11895.06534,3.90143,1999
Côte d'Ivoire,SSA,Low,166.0,0.456,50.957,6.358960152,2847.48535,16.345894,1999
Croatia,,Very High,39.0,0.748,74.119,12.10394001,17279.49278,4.605329,1999
Cuba,LAC,High,85.0,0.687,75.893,12.23349953,4137.826531,11.0700945,1999
Cyprus,,Very High,29.0,0.791,76.295,12.21910592,29635.21289,0.9316,1999
Czechia,,Very High,32.0,0.799,74.742,13.39109993,23693.35997,10.249147,1999
Denmark,,Very High,5.0,0.888,76.576,16.43011093,46826.20887,5.319854,1999
Djibouti,AS,Low,171.0,0.33,56.427,3.105190039,1797.061389,0.719371,1999
Dominica,LAC,High,97.0,,70.631,,9337.02435,0.0686975,1999
Dominican Republic,LAC,High,82.0,0.64,69.279,10.92242918,8560.607799,8.411374,1999
Ecuador,LAC,High,83.0,0.681,72.463,12.67585704,7761.917078,12.412046,1999
Egypt,AS,High,105.0,0.625,67.737,10.69451046,7595.306914,69.907887,1999
El Salvador,LAC,Medium,127.0,0.6,69.379,10.5519104,6291.962566,5.923852,1999
Equatorial Guinea,SSA,Medium,133.0,,52.752,,12053.39676,0.6550285,1999
Eritrea,SSA,Low,175.0,,43.397,6.703509808,1994.986697,2.3564765,1999
Estonia,,Very High,31.0,0.781,71.115,14.21566963,15846.88238,1.4034985,1999
Eswatini (Kingdom of),SSA,Medium,142.0,0.477,48.733,9.709630013,5713.621351,1.01837,1999
Ethiopia,SSA,Low,176.0,,49.425,3.897269964,697.393382,65.0775795,1999
Fiji,EAP,High,104.0,0.667,66.763,12.04371007,9124.075545,0.8234215,1999
Finland,,Very High,12.0,0.877,77.451,17.27002907,37389.97343,5.165491,1999
France,,Very High,28.0,0.847,78.751,15.72313976,39258.21318,58.352208,1999
Gabon,SSA,Medium,123.0,0.627,60.849,11.45829964,15224.66488,1.2407645,1999
Gambia,SSA,Low,174.0,0.387,56.816,5.587993879,1923.100469,1.396499,1999
Georgia,ECA,Very High,60.0,,69.319,12.11672974,4785.577864,4.3945005,1999
Germany,,Very High,7.0,0.884,77.806,16.09168661,41476.39057,81.556965,1999
Ghana,SSA,Medium,145.0,0.494,58.03,6.83728981,2667.123059,19.1767915,1999
Greece,,Very High,33.0,0.809,78.35,14.34626961,27468.12702,10.9938615,1999
Grenada,LAC,High,73.0,,72.903,15.56947291,9905.987646,0.1068235,1999
Guatemala,LAC,Medium,136.0,0.544,66.869,8.168081488,6354.988104,11.4635045,1999
Guinea,SSA,Low,181.0,0.338,52.356,4.893720031,1652.150345,8.174897,1999
Guinea-Bissau,SSA,Low,179.0,,48.006,7.797207215,1611.727879,1.206474,1999
Guyana,LAC,High,95.0,0.566,64.17,10.01200181,4057.640019,0.758014,1999
Haiti,LAC,Medium,158.0,0.481,57.961,8.930801167,3021.694631,8.208941,1999
Honduras,LAC,Medium,138.0,0.548,68.422,9.048411942,3777.661664,6.477365,1999
"Hong Kong, China (SAR)",,Very High,4.0,0.821,80.345,12.06077486,34855.74418,6.6419645,1999
Hungary,,Very High,47.0,0.762,71.04,13.95783043,17274.6065,10.230256,1999
Iceland,,Very High,3.0,0.886,79.23,16.77102089,37749.61029,0.277626,1999
India,SA,Medium,134.0,0.485,62.207,8.213726679,2503.444446,1040.500054,1999
Indonesia,EAP,High,112.0,0.592,66.221,10.88426971,5059.942717,210.9969105,1999
Iran (Islamic Republic of),SA,High,78.0,0.685,69.297,11.82240963,10615.17191,64.4747445,1999
Iraq,AS,Medium,128.0,0.577,66.182,8.297989845,7654.717627,23.820734,1999
Ireland,,Very High,7.0,0.841,76.094,16.32534027,39498.84064,3.7199115,1999
Israel,,Very High,25.0,0.835,78.697,14.68080044,27584.75631,5.994088,1999
Italy,,Very High,30.0,0.837,79.204,15.09480953,41418.66666,56.945068,1999
Jamaica,LAC,High,115.0,0.661,70.968,10.50100994,9124.672288,2.5962705,1999
Japan,,Very High,24.0,0.878,80.608,14.95662022,35858.51421,126.555063,1999
Jordan,AS,High,99.0,0.676,71.694,12.16195488,8592.309756,4.9507745,1999
Kazakhstan,ECA,Very High,67.0,0.672,63.985,12.11738014,9349.748318,15.256255,1999
Kenya,SSA,Medium,146.0,0.487,54.495,8.431369935,3338.90853,29.965129,1999
Kiribati,EAP,Medium,137.0,,64.136,9.51609993,1956.465291,0.087289,1999
Korea (Democratic People's Rep. of),EAP,,,,60.798,,,23.2044975,1999
Korea (Republic of),,Very High,19.0,0.814,76.003,15.30259037,20978.02754,46.5204435,1999
Kuwait,AS,Very High,49.0,0.774,76.416,12.1440897,68924.13258,1.877427,1999
Kyrgyzstan,ECA,High,117.0,0.613,65.582,11.13901043,2782.348363,4.878911,1999
Lao People's Democratic Republic,EAP,Medium,139.0,0.469,57.873,7.882800102,2625.378884,5.3400555,1999
Latvia,,Very High,37.0,0.75,69.913,13.67022991,12060.96447,2.4263505,1999
Lebanon,AS,High,109.0,,73.49,10.0042152,12898.59407,4.25002,1999
Lesotho,SSA,Low,168.0,0.456,50.081,8.835160255,2781.430159,1.994243,1999
Liberia,SSA,Low,177.0,0.392,49.953,8.424929619,1187.014421,2.789743,1999
Libya,AS,High,92.0,0.746,71.058,16.26742611,25415.30802,5.057998,1999
Liechtenstein,,Very High,12.0,,79.28,,120653.974,0.032615,1999
Lithuania,,Very High,37.0,0.753,71.563,13.58395958,12731.29223,3.633944,1999
Luxembourg,,Very High,20.0,0.861,77.621,13.49341965,91804.01146,0.4293485,1999
Madagascar,SSA,Low,177.0,0.431,57.372,7.648184013,1514.43536,15.7308845,1999
Malawi,SSA,Low,172.0,0.376,43.568,11.18702984,1098.370963,10.9739555,1999
Malaysia,EAP,Very High,63.0,0.715,72.283,12.15513039,14100.85328,22.3686545,1999
Maldives,SA,High,87.0,0.625,70.088,11.32818031,12519.03231,0.278111,1999
Mali,SSA,Low,188.0,0.308,49.797,4.100180149,1615.144307,10.916993,1999
Malta,,Very High,25.0,0.776,77.865,13.76667023,24986.28812,0.3959825,1999
Marshall Islands,EAP,High,102.0,,63.48,,4053.751564,0.0538335,1999
Mauritania,SSA,Low,164.0,0.462,60.819,6.27229023,4524.648298,2.6206115,1999
Mauritius,SSA,High,72.0,0.67,71.365,11.70448017,11344.12607,1.205413,1999
Mexico,LAC,High,77.0,0.704,73.225,11.84465981,16998.5177,96.33481,1999
Micronesia (Federated States of),EAP,Medium,135.0,,69.706,,3583.142201,0.111539,1999
Moldova (Republic of),ECA,High,86.0,0.647,65.561,11.28298639,5020.586462,4.3039375,1999
Monaco,,,,,81.085,17.92783014,,0.0323935,1999
Mongolia,EAP,High,96.0,0.587,62.529,8.68225956,4464.577078,2.4284875,1999
Montenegro,ECA,Very High,50.0,,72.755,,11150.89691,0.633723,1999
Morocco,AS,Medium,120.0,0.515,66.406,8.090929985,4626.713379,28.1769965,1999
Mozambique,SSA,Low,183.0,0.296,48.812,5.569610119,624.7418202,17.3378935,1999
Myanmar,EAP,Medium,144.0,0.398,59.881,7.881639798,889.0781902,45.041636,1999
Namibia,SSA,Medium,142.0,0.553,53.036,12.01422024,6540.349379,1.7782775,1999
Nauru,EAP,Medium,122.0,,58.803,,,0.010383,1999
Nepal,SA,Medium,146.0,0.455,62.113,8.465154648,1915.053502,24.143157,1999
Netherlands,,Very High,10.0,0.886,77.96,16.31699944,45626.52692,15.8124865,1999
New Zealand,,Very High,16.0,0.885,77.918,17.36078532,30277.15037,3.8334935,1999
Nicaragua,LAC,Medium,130.0,0.556,67.12,9.732422965,3674.588988,5.049878,1999
Niger,SSA,Low,189.0,0.256,48.738,2.626809944,991.7716725,11.2314695,1999
Nigeria,SSA,Low,161.0,,46.614,7.677330017,2806.780287,119.6955655,1999
North Macedonia,ECA,High,83.0,0.669,72.774,11.45849991,9687.88331,2.0237785,1999
Norway,,Very High,2.0,0.907,78.387,17.09806061,55612.51309,4.4621425,1999
Oman,AS,Very High,59.0,,73.184,10.10132618,34552.07754,2.3126,1999
Pakistan,SA,Low,164.0,0.429,61.679,4.619922895,3227.96665,149.694462,1999
Palau,EAP,High,71.0,,65.169,,12899.1429,0.0193795,1999
"Palestine, State of",AS,High,111.0,,70.855,11.01051044,5925.44906,3.044486,1999
Panama,LAC,Very High,57.0,0.716,73.622,12.09397984,13755.2053,2.94312,1999
Papua New Guinea,EAP,Medium,154.0,0.454,61.672,5.950537146,3374.725387,5.321388,1999
Paraguay,LAC,High,102.0,0.656,69.634,11.97089958,8479.1611,5.026031,1999
Peru,LAC,High,87.0,0.672,69.743,12.97399998,6209.678426,26.2522395,1999
Philippines,EAP,High,113.0,0.635,69.298,11.54117012,4972.013116,76.2490645,1999
Poland,,Very High,36.0,0.784,72.995,14.73620033,15224.77698,38.354956,1999
Portugal,,Very High,42.0,0.788,76.322,15.66067028,29381.34469,10.233369,1999
Qatar,AS,Very High,40.0,0.795,74.8,12.43021965,78861.74791,0.613302,1999
Romania,,Very High,53.0,0.714,70.601,12.15116024,11757.38592,22.0390075,1999
Russian Federation,,Very High,56.0,0.722,65.631,12.2757597,12709.26563,147.3363875,1999
Rwanda,SSA,Low,161.0,0.303,44.616,5.644849777,789.2675029,8.009587,1999
Saint Kitts and Nevis,LAC,Very High,51.0,,68.709,13.73408203,16858.8409,0.0448255,1999
Saint Lucia,LAC,High,108.0,0.691,70.709,12.21193296,11905.5544,0.1582555,1999
Saint Vincent and the Grenadines,LAC,High,81.0,,71.3,11.91166512,7986.083603,0.1139945,1999
Samoa,EAP,High,116.0,0.668,70.456,11.75737953,4087.430972,0.182211,1999
San Marino,,Very High,43.0,0.875,80.257,15.07379485,77897.05969,0.0264035,1999
Sao Tome and Principe,SSA,Medium,141.0,0.495,61.393,8.94527989,2298.303456,0.141808,1999
Saudi Arabia,AS,Very High,40.0,0.74,72.136,12.2525769,39771.54266,21.00966,1999
Senegal,SSA,Low,169.0,0.382,56.609,5.213620186,2550.588935,9.4785635,1999
Serbia,ECA,Very High,65.0,0.677,69.758,12.9785375,8367.898299,7.9597445,1999
Seychelles,SSA,Very High,67.0,,69.544,13.19526005,19341.679,0.078833,1999
Sierra Leone,SSA,Low,184.0,0.301,42.071,5.961933994,804.9557108,4.4751455,1999
Singapore,EAP,Very High,9.0,0.854,78.47,15.46413969,54424.06896,3.9664815,1999
Slovakia,,Very High,45.0,0.752,72.964,13.15174007,15428.92307,5.3746205,1999
Slovenia,,Very High,22.0,0.812,75.72,14.70131969,25347.41243,1.986261,1999
Solomon Islands,EAP,Medium,156.0,0.501,67.069,6.91230011,2443.413614,0.4192295,1999
Somalia,AS,Low,193.0,,50.525,,613.1386545,8.384479,1999
South Africa,SSA,High,110.0,0.638,59.241,13.2631962,10073.19719,46.3646815,1999
South Sudan,SSA,Low,192.0,,43.223,,,5.850145,1999
Spain,,Very High,27.0,0.819,78.948,15.7280798,32874.30766,40.542232,1999
Sri Lanka,SA,High,78.0,0.693,72.618,12.28758824,5741.119139,18.6704115,1999
Sudan,AS,Low,170.0,0.409,57.015,5.068060413,3742.456055,25.634162,1999
Suriname,LAC,Medium,124.0,,65.443,11.07815289,10957.40865,0.470458,1999
Sweden,,Very High,5.0,0.897,79.508,18.8115406,38777.5579,8.848876,1999
Switzerland,,Very High,1.0,0.881,79.723,14.97961998,60288.42779,7.1421975,1999
Syrian Arab Republic,AS,Medium,157.0,0.586,70.425,9.953571728,5931.483261,15.9012015,1999
Tajikistan,ECA,Medium,126.0,0.539,62.621,9.354829788,1290.919001,6.1895645,1999
Tanzania (United Republic of),SSA,Low,167.0,0.388,51.748,6.004357778,1331.025879,33.4997725,1999
Thailand,EAP,Very High,66.0,0.653,72.542,11.47934977,9177.64281,62.4426515,1999
Timor-Leste,EAP,Medium,155.0,,45.701,,2055.099291,0.866649,1999
Togo,SSA,Low,163.0,0.434,54.538,9.317119598,1702.564894,4.8679415,1999
Tonga,EAP,High,98.0,0.681,68.809,13.22052002,5291.193452,0.101982,1999
Trinidad and Tobago,LAC,Very High,60.0,0.699,68.377,11.26638378,15062.2152,1.3270625,1999
Tunisia,AS,High,101.0,0.644,73.508,12.28584957,7199.617531,9.788067,1999
Türkiye,ECA,Very High,45.0,0.652,70.695,10.53223038,14901.99002,63.185615,1999
Turkmenistan,ECA,High,94.0,,64.518,,6158.260497,4.5010795,1999
Tuvalu,EAP,Medium,132.0,0.596,63.427,10.68955644,4000.975986,0.0096405,1999
Uganda,SSA,Medium,159.0,0.383,47.786,7.852394528,1239.083341,23.2792465,1999
Ukraine,ECA,High,100.0,0.696,68.12,12.88000011,6842.411133,49.320119,1999
United Arab Emirates,AS,Very High,17.0,0.781,73.67,10.92627277,93200.29755,3.097563,1999
United Kingdom,,Very High,15.0,0.855,77.376,15.80356979,37332.78054,58.6352025,1999
United States,,Very High,20.0,0.891,76.672,15.59130001,49182.35497,279.1815815,1999
Uruguay,LAC,Very High,52.0,0.751,74.769,14.13204002,15088.18472,3.278963,1999
Uzbekistan,ECA,High,106.0,,65.383,10.63181019,2582.427191,24.602708,1999
Vanuatu,EAP,Medium,140.0,,68.237,9.006939888,2701.47003,0.187432,1999
Venezuela (Bolivarian Republic of),LAC,Medium,119.0,0.695,72.254,10.48059225,16027.475,23.9669595,1999
Viet Nam,EAP,High,107.0,0.589,72.317,10.52868585,3447.760276,78.1237135,1999
Yemen,AS,Low,186.0,0.424,61.975,6.991219997,2954.53351,18.1145515,1999
Zambia,SSA,Medium,153.0,0.412,44.659,8.458736746,1948.215386,9.6212385,1999
Zimbabwe,SSA,Medium,159.0,0.431,45.206,10.25444031,1561.673459,11.7164545,1999
Very high human development,,,,0.821,75.15363027,14.27326287,31502.51871,1438.179328,1999
High human development,,,,0.618,70.23389416,10.74292001,5505.012313,2376.51676,1999
Medium human development,,,,0.492,61.90605821,8.196784895,2881.09884,1538.507344,1999
Low human development,,,,0.394,52.86196722,5.783551199,2108.439585,659.2070175,1999
Arab States,,,,0.609,66.95204918,9.628112333,11064.47348,277.699495,1999
East Asia and the Pacific,,,,0.585,70.2141479,9.970994793,3890.847261,1806.015817,1999
Europe and Central Asia,,,,0.67,68.20546307,11.34135864,8505.945936,216.226972,1999
Latin America and the Caribbean,,,,0.681,70.87356471,12.39399145,11769.03118,509.595813,1999
South Asia,,,,0.494,62.85801116,7.928956673,2935.428564,1444.349602,1999
Sub-Saharan Africa,,,,0.429,50.38013765,7.070836779,2593.865319,619.8931935,1999
World,,,,0.639,67.3498168,9.978093617,10688.19062,6035.64734,1999
Afghanistan,SA,Low,182.0,0.34,55.298,5.856421507,1047.342686,19.5429825,2000
Albania,ECA,High,74.0,0.678,75.404,10.70049,6065.186702,3.1820205,2000
Algeria,AS,High,93.0,0.652,70.478,11.22196007,8459.649799,30.774621,2000
Andorra,,Very High,35.0,0.815,80.919,10.54659613,47337.67509,0.0660975,2000
Angola,SSA,Medium,150.0,0.38,46.024,4.82183675,3912.938567,16.394062,2000
Antigua and Barbuda,LAC,Very High,54.0,,74.606,,16303.23213,0.075055,2000
Argentina,LAC,Very High,48.0,0.78,73.926,15.68756962,18080.92481,37.0707735,2000
Armenia,ECA,High,76.0,0.656,70.624,10.72482014,4047.936378,3.1685235,2000
Australia,,Very High,10.0,0.896,79.631,20.77985446,37285.52817,19.017963,2000
Austria,,Very High,22.0,0.87,78.236,15.23290888,46056.68451,8.0104285,2000
Azerbaijan,ECA,High,89.0,0.635,64.891,11.85723644,3893.550199,8.190337,2000
Bahamas,LAC,Very High,57.0,0.788,72.041,11.46351024,36076.12626,0.325014,2000
Bahrain,AS,Very High,34.0,0.775,75.496,11.61752534,45069.75225,0.711442,2000
Bangladesh,SA,Medium,129.0,0.491,65.779,7.566326777,2342.487219,129.193327,2000
Barbados,LAC,Very High,62.0,0.76,74.089,14.2673502,15001.52448,0.264657,2000
Belarus,ECA,Very High,69.0,0.708,69.18,13.07799778,8026.399109,10.2564825,2000
Belgium,,Very High,12.0,0.884,77.766,17.77131081,44162.28162,10.2643425,2000
Belize,LAC,High,118.0,0.657,68.564,11.89139481,8276.974953,0.240406,2000
Benin,SSA,Low,173.0,0.412,56.578,6.516719818,2423.301401,6.998023,2000
Bhutan,SA,Medium,125.0,,62.01,7.90440011,4079.646908,0.587207,2000
Bolivia (Plurinational State of),LAC,Medium,120.0,0.625,62.346,14.08783298,5168.398742,8.592656,2000
Bosnia and Herzegovina,ECA,High,80.0,0.656,74.496,11.2798642,7445.600593,4.17935,2000
Botswana,SSA,High,114.0,0.581,51.011,11.74394989,10909.68254,1.7269845,2000
Brazil,LAC,High,89.0,0.668,69.737,13.3833476,11209.66683,175.8737195,2000
Brunei Darussalam,EAP,Very High,55.0,0.789,74.08,11.53234005,69095.87657,0.3339265,2000
Bulgaria,,High,70.0,0.723,71.609,12.80523014,10279.59768,8.0976915,2000
Burkina Faso,SSA,Low,185.0,0.296,50.847,3.367840052,1266.382218,11.882888,2000
Burundi,SSA,Low,187.0,0.298,47.514,4.599766195,850.1308118,6.3076595,2000
Cabo Verde,SSA,Medium,131.0,0.59,68.618,10.89157009,4388.312922,0.458251,2000
Cambodia,EAP,Medium,148.0,0.431,58.625,7.958469868,1446.761838,12.118841,2000
Cameroon,SSA,Medium,151.0,0.426,52.932,7.393889904,2778.869194,15.0915945,2000
Canada,,Very High,18.0,0.89,79.234,15.75918961,40279.8912,30.6833125,2000
Central African Republic,SSA,Low,191.0,0.319,45.406,4.909631841,1185.110741,3.75917,2000
Chad,SSA,Low,189.0,0.292,47.443,4.895040035,892.7627008,8.259137,2000
Chile,LAC,Very High,44.0,0.763,76.87,13.13626003,14965.909,15.3517985,2000
China,EAP,High,75.0,0.586,71.881,9.904560328,3416.481283,1264.099069,2000
Colombia,LAC,High,91.0,0.672,71.32,12.15445042,8951.095656,39.2151355,2000
Comoros,SSA,Medium,152.0,0.458,58.757,8.182189941,2864.976133,0.5367575,2000
Congo,SSA,Medium,149.0,0.509,53.682,9.178855705,2970.375681,3.13403,2000
Congo (Democratic Republic of the),SSA,Low,180.0,0.376,51.781,6.937803507,719.0529603,48.616317,2000
Costa Rica,LAC,Very High,64.0,0.709,77.586,11.46004009,12000.36025,3.9791925,2000
Côte d'Ivoire,SSA,Low,166.0,0.454,50.842,6.487278112,2777.411129,16.79967,2000
Croatia,,Very High,39.0,0.764,74.584,12.82217979,18016.28127,4.548434,2000
Cuba,LAC,High,85.0,0.694,76.183,12.44509983,4358.602934,11.105791,2000
Cyprus,,Very High,29.0,0.797,76.568,12.40380001,30131.12109,0.9482375,2000
Czechia,,Very High,32.0,0.81,74.979,14.02147961,24653.55077,10.23471,2000
Denmark,,Very High,5.0,0.89,76.814,16.20286942,47842.31045,5.340655,2000
Djibouti,AS,Low,171.0,0.33,56.573,3.053519964,1770.234158,0.7420325,2000
Dominica,LAC,High,97.0,0.721,72.693,14.92225705,9283.587576,0.068346,2000
Dominican Republic,LAC,High,82.0,0.646,69.423,11.12136293,8841.374814,8.5407915,2000
Ecuador,LAC,High,83.0,0.684,72.839,12.85505417,7695.853471,12.626507,2000
Egypt,AS,High,105.0,0.629,68.007,10.77771521,7906.167983,71.3713715,2000
El Salvador,LAC,Medium,127.0,0.609,69.865,10.89731979,6354.106152,5.958482,2000
Equatorial Guinea,SSA,Medium,133.0,0.511,53.226,6.095940113,9186.112394,0.684977,2000
Eritrea,SSA,Low,175.0,,56.111,7.421460152,1952.351498,2.3928795,2000
Estonia,,Very High,31.0,0.798,71.33,15.16271973,17200.8951,1.3968765,2000
Eswatini (Kingdom of),SSA,Medium,142.0,0.465,47.256,9.558130264,5572.211204,1.0304965,2000
Ethiopia,SSA,Low,176.0,0.286,50.538,4.218190193,716.8392405,67.0318675,2000
Fiji,EAP,High,104.0,0.669,66.31,12.08948255,9405.877372,0.8325085,2000
Finland,,Very High,12.0,0.887,77.671,17.68334961,39632.35595,5.176209,2000
France,,Very High,28.0,0.844,79.047,14.93727016,40350.3746,58.665453,2000
Gabon,SSA,Medium,123.0,0.626,61.069,11.50307465,13494.88066,1.2729345,2000
Gambia,SSA,Low,174.0,0.392,56.942,5.804072343,1976.287843,1.437539,2000
Georgia,ECA,Very High,60.0,0.694,69.575,12.59049034,4956.864887,4.265172,2000
Germany,,Very High,7.0,0.89,78.064,16.16333967,42685.48083,81.551677,2000
Ghana,SSA,Medium,145.0,0.5,58.195,7.17249012,2687.349308,19.665502,2000
Greece,,Very High,33.0,0.818,78.377,14.74936962,28951.66142,11.038109,2000
Grenada,LAC,High,73.0,,72.783,15.64236555,10218.41135,0.107432,2000
Guatemala,LAC,Medium,136.0,0.551,67.446,8.417814391,6429.049836,11.735894,2000
Guinea,SSA,Low,181.0,0.345,52.479,5.239470005,1664.039457,8.336967,2000
Guinea-Bissau,SSA,Low,179.0,,50.121,7.941308404,1627.700958,1.230849,2000
Guyana,LAC,High,95.0,0.57,64.483,10.20007604,4083.913284,0.759051,2000
Haiti,LAC,Medium,158.0,0.485,58.365,9.040239026,2986.177335,8.3602245,2000
Honduras,LAC,Medium,138.0,0.553,68.662,9.166520627,3921.567496,6.656725,2000
"Hong Kong, China (SAR)",,Very High,4.0,0.831,80.746,12.46895345,36582.94686,6.731195,2000
Hungary,,Very High,47.0,0.773,71.758,14.31949997,18229.1813,10.202055,2000
Iceland,,Very High,3.0,0.895,79.891,17.02371025,38780.13507,0.281462,2000
India,SA,Medium,134.0,0.49,62.669,8.23567009,2545.183936,1059.633676,2000
Indonesia,EAP,High,112.0,0.597,66.433,10.76461029,5251.356382,214.0724215,2000
Iran (Islamic Republic of),SA,High,78.0,0.692,69.691,11.79728985,11046.11524,65.5443825,2000
Iraq,AS,Medium,128.0,0.583,66.817,8.340339661,7605.960499,24.628858,2000
Ireland,,Very High,7.0,0.851,76.542,16.4296093,42575.65618,3.7689505,2000
Israel,,Very High,25.0,0.835,78.928,14.3139801,28625.12631,6.116958,2000
Italy,,Very High,30.0,0.842,79.607,15.08230972,42888.16173,56.9663975,2000
Jamaica,LAC,High,115.0,0.657,70.944,10.10260963,9111.326968,2.612205,2000
Japan,,Very High,24.0,0.883,81.176,14.98795945,36868.79904,126.803861,2000
Jordan,AS,High,99.0,0.681,71.918,12.20238972,8887.857615,5.056174,2000
Kazakhstan,ECA,Very High,67.0,0.68,64.178,12.23789978,9993.544494,15.2362525,2000
Kenya,SSA,Medium,146.0,0.487,54.411,8.391160011,3272.439595,30.851606,2000
Kiribati,EAP,Medium,137.0,0.547,64.409,9.880260468,2029.65093,0.0888255,2000
Korea (Democratic People's Rep. of),EAP,,,,60.763,,,23.3670595,2000
Korea (Republic of),,Very High,19.0,0.824,76.466,15.53610992,22801.04448,46.788591,2000
Kuwait,AS,Very High,49.0,0.78,76.722,12.26894999,70491.08881,1.9349015,2000
Kyrgyzstan,ECA,High,117.0,0.617,65.398,11.43684006,2888.322386,4.935182,2000
Lao People's Democratic Republic,EAP,Medium,139.0,0.473,58.378,7.925909996,2661.489139,5.430853,2000
Latvia,,Very High,37.0,0.761,70.252,14.19244003,12975.12257,2.3925295,2000
Lebanon,AS,High,109.0,,73.931,10.05188196,12943.87905,4.320642,2000
Lesotho,SSA,Low,168.0,0.456,48.427,9.67057991,2724.177209,1.99863,2000
Liberia,SSA,Low,177.0,0.434,51.356,10.43476963,1571.038532,2.895224,2000
Libya,AS,High,92.0,0.746,70.68,16.2226914,25462.67182,5.15479,2000
Liechtenstein,,Very High,12.0,0.871,76.98,13.79127445,124684.1444,0.0330265,2000
Lithuania,,Very High,37.0,0.769,72.089,14.49923992,13407.53757,3.5996365,2000
Luxembourg,,Very High,20.0,0.864,77.811,13.41460991,94964.10887,0.435628,2000
Madagascar,SSA,Low,177.0,0.438,57.938,7.8235267,1539.726532,16.216431,2000
Malawi,SSA,Low,172.0,0.378,44.518,10.67986965,1090.304104,11.229387,2000
Malaysia,EAP,Very High,63.0,0.726,72.775,12.39342976,14747.65195,22.94515,2000
Maldives,SA,High,87.0,0.635,70.876,11.83312988,13052.91883,0.2825065,2000
Mali,SSA,Low,188.0,0.315,50.539,4.327819824,1572.586564,11.239101,2000
Malta,,Very High,25.0,0.779,77.58,14.05391026,25126.45959,0.3992115,2000
Marshall Islands,EAP,High,102.0,,63.275,,4108.617991,0.0542245,2000
Mauritania,SSA,Low,164.0,0.461,61.028,6.303480148,4200.996191,2.6950035,2000
Mauritius,SSA,High,72.0,0.682,71.637,12.24652958,12147.79935,1.2159305,2000
Mexico,LAC,High,77.0,0.709,73.569,11.96185017,17562.61123,97.8734415,2000
Micronesia (Federated States of),EAP,Medium,135.0,0.637,69.769,12.79847803,3750.631395,0.1117085,2000
Moldova (Republic of),ECA,High,86.0,0.655,66.417,11.39846992,5234.577163,4.251573,2000
Monaco,,,,,81.566,17.96413482,,0.0324655,2000
Mongolia,EAP,High,96.0,0.595,62.882,9.16119957,4469.021128,2.4509795,2000
Montenegro,ECA,Very High,50.0,,73.979,10.78076731,12778.09343,0.6333245,2000
Morocco,AS,Medium,120.0,0.525,66.787,8.56276989,4677.170898,28.5544155,2000
Mozambique,SSA,Low,183.0,0.303,49.491,6.018149853,608.6782352,17.7685055,2000
Myanmar,EAP,Medium,144.0,0.407,60.155,7.909849803,989.0004727,45.538332,2000
Namibia,SSA,Medium,142.0,0.549,51.99,12.02659512,6753.356049,1.819141,2000
Nauru,EAP,Medium,122.0,,58.732,8.635109901,,0.0103765,2000
Nepal,SA,Medium,146.0,0.461,62.614,8.580169678,2003.086757,24.5595005,2000
Netherlands,,Very High,10.0,0.892,78.122,16.53998947,47137.94542,15.899135,2000
New Zealand,,Very High,16.0,0.894,78.678,17.49010064,31046.70518,3.855266,2000
Nicaragua,LAC,Medium,130.0,0.563,67.234,10.0330786,3778.170721,5.1232225,2000
Niger,SSA,Low,189.0,0.26,49.322,2.712899945,948.8671662,11.622665,2000
Nigeria,SSA,Low,161.0,,47.193,8.045780182,2643.706668,122.8519835,2000
North Macedonia,ECA,High,83.0,0.676,72.857,11.62119961,10065.56521,2.0379355,2000
Norway,,Very High,2.0,0.914,78.692,17.42749023,56763.62524,4.4912015,2000
Oman,AS,Very High,59.0,0.702,73.466,10.46758213,36239.05971,2.3442535,2000
Pakistan,SA,Low,164.0,0.434,62.102,4.662332131,3280.205862,154.3699235,2000
Palau,EAP,High,71.0,0.747,65.891,13.70697021,13503.50576,0.0197255,2000
"Palestine, State of",AS,High,111.0,,70.388,11.10002041,5051.975671,3.1399535,2000
Panama,LAC,Very High,57.0,0.722,74.001,12.33343983,14071.01154,3.0017315,2000
Papua New Guinea,EAP,Medium,154.0,0.456,61.72,6.142994287,3181.884573,5.5082975,2000
Paraguay,LAC,High,102.0,0.656,69.75,12.14581013,7770.279171,5.123819,2000
Peru,LAC,High,87.0,0.675,70.424,12.81503963,6251.81907,26.654439,2000
Philippines,EAP,High,113.0,0.635,69.413,11.53904009,4897.683239,77.9582235,2000
Poland,,Very High,36.0,0.794,73.734,14.89494991,16114.73479,38.504431,2000
Portugal,,Very High,42.0,0.793,76.83,15.70591587,29911.28941,10.3006255,2000
Qatar,AS,Very High,40.0,0.793,74.828,12.12788963,80031.43108,0.645937,2000
Romania,,Very High,53.0,0.721,71.282,12.20909977,12127.89148,21.9198765,2000
Russian Federation,,Very High,56.0,0.733,65.271,12.77926731,14185.34668,146.844839,2000
Rwanda,SSA,Low,161.0,0.328,47.129,6.472990036,842.8199317,8.1099885,2000
Saint Kitts and Nevis,LAC,Very High,51.0,,69.781,13.82878075,18839.07114,0.045461,2000
Saint Lucia,LAC,High,108.0,0.692,70.768,12.26150842,11797.39912,0.1595,2000
Saint Vincent and the Grenadines,LAC,High,81.0,0.691,71.377,12.07246017,8207.074082,0.1138125,2000
Samoa,EAP,High,116.0,0.672,70.746,11.60974026,4325.414266,0.184008,2000
San Marino,,Very High,43.0,0.875,79.949,15.08988953,77456.09837,0.0268225,2000
Sao Tome and Principe,SSA,Medium,141.0,0.498,61.655,9.04026874,2311.972472,0.1437135,2000
Saudi Arabia,AS,Very High,40.0,0.746,72.467,12.38890993,40619.64523,21.5473895,2000
Senegal,SSA,Low,169.0,0.388,56.943,5.490004158,2586.824432,9.7042865,2000
Serbia,ECA,Very High,65.0,0.689,71.439,13.0365192,8902.230736,7.935022,2000
Seychelles,SSA,Very High,67.0,0.755,69.722,13.0225296,19883.10516,0.08006,2000
Sierra Leone,SSA,Low,184.0,0.319,45.05,6.181112003,820.2979131,4.584067,2000
Singapore,EAP,Very High,9.0,0.863,79.069,15.53099825,57066.75373,4.0536025,2000
Slovakia,,Very High,45.0,0.761,73.141,13.4864502,15635.48924,5.3766895,2000
Slovenia,,Very High,22.0,0.823,76.196,14.97756004,26262.18094,1.984339,2000
Solomon Islands,EAP,Medium,156.0,0.488,67.225,6.390880108,2103.825243,0.4299785,2000
Somalia,AS,Low,193.0,,50.66,,632.5020802,8.721465,2000
South Africa,SSA,High,110.0,0.633,58.47,13.28471343,10396.38655,46.8132655,2000
South Sudan,SSA,Low,192.0,,46.028,,,6.1144405,2000
Spain,,Very High,27.0,0.828,79.417,15.8646698,34513.80526,40.7416515,2000
Sri Lanka,SA,High,78.0,0.689,70.355,12.37730384,6046.577677,18.776371,2000
Sudan,AS,Low,170.0,0.42,58.319,5.268424466,3845.069092,26.298773,2000
Suriname,LAC,Medium,124.0,,65.508,11.11260875,10953.76688,0.4789985,2000
Sweden,,Very High,5.0,0.903,79.738,18.69342995,40652.78817,8.8710435,2000
Switzerland,,Very High,1.0,0.885,79.834,15.03796959,62899.70268,7.182059,2000
Syrian Arab Republic,AS,Medium,157.0,0.587,70.764,10.01195458,5740.938887,16.307654,2000
Tajikistan,ECA,Medium,126.0,0.548,63.26,9.621109962,1354.625741,6.2729985,2000
Tanzania (United Republic of),SSA,Low,167.0,0.396,52.362,6.309351628,1357.884277,34.463704,2000
Thailand,EAP,Very High,66.0,0.663,72.316,12.08743985,9598.83384,63.0666025,2000
Timor-Leste,EAP,Medium,155.0,0.495,58.568,9.691092949,3070.412969,0.8783595,2000
Togo,SSA,Low,163.0,0.436,54.742,9.483499527,1646.427804,5.0080355,2000
Tonga,EAP,High,98.0,0.679,68.978,12.8110199,5352.917987,0.1026025,2000
Trinidad and Tobago,LAC,Very High,60.0,0.708,69.102,11.3776311,15730.56333,1.3322025,2000
Tunisia,AS,High,101.0,0.651,73.69,12.53472996,7430.758085,9.8933155,2000
Türkiye,ECA,Very High,45.0,0.669,71.861,11.13335514,15619.34637,64.113547,2000
Turkmenistan,ECA,High,94.0,,65.026,,6131.46524,4.569132,2000
Tuvalu,EAP,Medium,132.0,0.599,63.499,10.83392302,3981.648168,0.009638,2000
Uganda,SSA,Medium,159.0,0.392,48.342,8.409995609,1220.293668,24.0206975,2000
Ukraine,ECA,High,100.0,0.698,67.856,12.79876041,7100.424805,48.8797555,2000
United Arab Emirates,AS,Very High,17.0,0.79,74.38,11.03293319,98871.50425,3.275333,2000
United Kingdom,,Very High,15.0,0.863,77.853,15.99559975,38952.38027,58.8500435,2000
United States,,Very High,20.0,0.894,76.811,15.67743349,50647.93178,282.398554,2000
Uruguay,LAC,Very High,52.0,0.754,75.025,14.16732025,14723.67466,3.2922245,2000
Uzbekistan,ECA,High,106.0,0.603,65.724,10.75372982,2594.415779,24.9255545,2000
Vanuatu,EAP,Medium,140.0,,68.966,9.334440231,2692.233589,0.192074,2000
Venezuela (Bolivarian Republic of),LAC,Medium,119.0,0.699,72.478,10.45304966,16072.354,24.4277285,2000
Viet Nam,EAP,High,107.0,0.599,72.462,10.86859187,3653.8733,79.001142,2000
Yemen,AS,Low,186.0,0.434,62.588,7.207654953,3116.124283,18.6287005,2000
Zambia,SSA,Medium,153.0,0.418,45.231,8.561715662,1978.821232,9.8911355,2000
Zimbabwe,SSA,Medium,159.0,0.426,44.686,10.41816044,1427.806736,11.8346765,2000
Very high human development,,,,0.828,75.45842859,14.46941852,32730.28023,1446.825093,2000
High human development,,,,0.626,70.5434656,10.90379129,5757.202259,2400.336664,2000
Medium human development,,,,0.497,62.26400587,8.270240365,2920.444563,1568.218427,2000
Low human development,,,,0.398,53.63512547,5.994473904,2097.019584,677.858296,2000
Arab States,,,,0.615,67.37532088,9.781493823,11373.99287,284.0520225,2000
East Asia and the Pacific,,,,0.594,70.58532359,10.17308169,4129.79831,1822.85853,2000
Europe and Central Asia,,,,0.68,68.71878253,11.58557971,8921.604463,217.0321625,2000
Latin America and the Caribbean,,,,0.686,71.18967785,12.51102828,11999.74633,517.1464375,2000
South Asia,,,,0.5,63.19556444,7.965170293,3001.209893,1472.489877,2000
Sub-Saharan Africa,,,,0.429,50.98168975,7.306913908,2567.95707,636.2202345,2000
World,,,,0.645,67.6721904,10.10066395,11033.59372,6116.638004,2000
Afghanistan,SA,Low,182.0,0.344,55.798,6.148417656,981.1335542,19.6886325,2001
Albania,ECA,High,74.0,0.687,75.639,10.91763973,6645.338962,3.153612,2001
Algeria,AS,High,93.0,0.659,70.823,11.46065998,8724.944875,31.2009855,2001
Andorra,,Very High,35.0,0.823,81.686,10.6498922,49880.86201,0.06782,2001
Angola,SSA,Medium,150.0,0.39,46.59,5.248815119,3950.498475,16.9415865,2001
Antigua and Barbuda,LAC,Very High,54.0,,75.078,,15914.57643,0.076215,2001
Argentina,LAC,Very High,48.0,0.785,74.186,16.30578041,17058.178,37.4804925,2001
Armenia,ECA,High,76.0,0.661,70.932,10.50561047,4481.334166,3.1331335,2001
Australia,,Very High,10.0,0.9,80.016,20.9443762,38345.47319,19.2481425,2001
Austria,,Very High,22.0,0.874,78.719,15.30792332,46225.3902,8.0396255,2001
Azerbaijan,ECA,High,89.0,0.644,65.51,11.93522824,4199.720351,8.282023,2001
Bahamas,LAC,Very High,57.0,0.79,72.11,11.48078004,36287.9169,0.329626,2001
Bahrain,AS,Very High,34.0,0.786,75.908,12.07181025,44596.96124,0.730257,2001
Bangladesh,SA,Medium,129.0,0.498,66.135,7.768949445,2410.183801,131.670484,2001
Barbados,LAC,Very High,62.0,0.761,74.247,14.36353016,14540.47,0.2653765,2001
Belarus,ECA,Very High,69.0,0.713,68.864,13.37180176,8451.600971,10.2012085,2001
Belgium,,Very High,12.0,0.889,78.081,18.30985069,44180.86287,10.3092555,2001
Belize,LAC,High,118.0,0.661,68.357,12.08189964,8324.982719,0.2480995,2001
Benin,SSA,Low,173.0,0.423,56.66,7.11894989,2475.681569,7.2120405,2001
Bhutan,SA,Medium,125.0,,63.444,8.199440002,4305.624087,0.603234,2001
Bolivia (Plurinational State of),LAC,Medium,120.0,0.625,62.843,13.66771484,5167.767416,8.746084,2001
Bosnia and Herzegovina,ECA,High,80.0,0.661,75.06,11.44111532,7521.305885,4.194932,2001
Botswana,SSA,High,114.0,0.581,50.676,11.72593021,11010.19943,1.76193,2001
Brazil,LAC,High,89.0,0.673,70.195,13.42990894,11177.32528,178.2118815,2001
Brunei Darussalam,EAP,Very High,55.0,0.792,74.276,11.63160038,69570.59079,0.3407485,2001
Bulgaria,,High,70.0,0.732,71.915,12.79557037,11147.51903,8.0348605,2001
Burkina Faso,SSA,Low,185.0,0.299,51.071,3.451550007,1306.606484,12.2497645,2001
Burundi,SSA,Low,187.0,0.301,48.431,4.616899967,822.6957005,6.465729,2001
Cabo Verde,SSA,Medium,131.0,0.598,69.929,10.8199501,4652.537405,0.465958,2001
Cambodia,EAP,Medium,148.0,0.447,59.966,8.594880104,1532.826941,12.338192,2001
Cameroon,SSA,Medium,151.0,0.445,53.142,8.67166996,2806.071824,15.493253,2001
Canada,,Very High,18.0,0.893,79.451,15.67950685,40484.86603,31.0027625,2001
Central African Republic,SSA,Low,191.0,0.321,45.393,5.011468298,1172.997596,3.8447725,2001
Chad,SSA,Low,189.0,0.302,47.85,5.185319901,963.1731045,8.538804,2001
Chile,LAC,Very High,44.0,0.767,76.773,13.33110523,15298.65217,15.5239785,2001
China,EAP,High,75.0,0.597,72.606,10.16046047,3666.403293,1272.739582,2001
Colombia,LAC,High,91.0,0.674,71.502,12.15618515,8935.03927,39.837875,2001
Comoros,SSA,Medium,152.0,0.466,59.163,8.464260101,2875.627979,0.547741,2001
Congo,SSA,Medium,149.0,0.515,54.395,8.989732647,3195.031651,3.254101,2001
Congo (Democratic Republic of the),SSA,Low,180.0,0.373,52.116,7.014520168,662.0357196,50.106657,2001
Costa Rica,LAC,Very High,64.0,0.714,77.545,11.61226511,12190.95763,4.0532225,2001
Côte d'Ivoire,SSA,Low,166.0,0.453,50.81,6.615596072,2721.813638,17.2454685,2001
Croatia,,Very High,39.0,0.779,74.644,13.54041958,19255.44382,4.506759,2001
Cuba,LAC,High,85.0,0.701,76.421,12.71877003,4504.573989,11.139127,2001
Cyprus,,Very High,29.0,0.804,76.989,12.50660992,31446.98438,0.96483,2001
Czechia,,Very High,32.0,0.82,75.315,14.46613979,25188.91608,10.230276,2001
Denmark,,Very High,5.0,0.897,76.972,16.54718018,48441.93979,5.3607485,2001
Djibouti,AS,Low,171.0,0.34,56.903,3.432120085,1741.210842,0.7654905,2001
Dominica,LAC,High,97.0,0.718,71.713,14.85053286,9769.144346,0.0681525,2001
Dominican Republic,LAC,High,82.0,0.651,69.642,11.33143273,8922.636231,8.6690395,2001
Ecuador,LAC,High,83.0,0.691,73.24,13.0342513,8009.910819,12.845521,2001
Egypt,AS,High,105.0,0.633,68.308,10.86091995,8071.54527,72.854261,2001
El Salvador,LAC,Medium,127.0,0.612,69.598,11.10416985,6376.278975,5.988095,2001
Equatorial Guinea,SSA,Medium,133.0,0.524,53.636,6.397709479,10712.97844,0.7192705,2001
Eritrea,SSA,Low,175.0,,58.298,7.457499981,1656.827803,2.4619265,2001
Estonia,,Very High,31.0,0.807,71.418,15.65767956,18210.60853,1.3879945,2001
Eswatini (Kingdom of),SSA,Medium,142.0,0.456,45.975,9.475719929,5845.046142,1.041396,2001
Ethiopia,SSA,Low,176.0,0.299,51.043,4.730609894,753.1816363,69.0189325,2001
Fiji,EAP,High,104.0,0.67,66.34,12.13525502,9299.200375,0.84132,2001
Finland,,Very High,12.0,0.897,78.142,17.98135948,40826.60127,5.1880025,2001
France,,Very High,28.0,0.847,79.224,14.8516798,40941.12729,59.0147725,2001
Gabon,SSA,Medium,123.0,0.632,61.27,11.54784966,14215.05962,1.30659,2001
Gambia,SSA,Low,174.0,0.398,57.043,6.020150808,2016.996725,1.4794495,2001
Georgia,ECA,Very High,60.0,0.7,69.606,12.86779022,5200.732696,4.1444815,2001
Germany,,Very High,7.0,0.897,78.409,16.23499274,43269.57868,81.5145685,2001
Ghana,SSA,Medium,145.0,0.499,58.107,6.862949848,2761.404199,20.195577,2001
Greece,,Very High,33.0,0.827,78.836,15.11172009,30078.67883,11.0721815,2001
Grenada,LAC,High,73.0,,73.118,15.71559945,9807.824337,0.1079355,2001
Guatemala,LAC,Medium,136.0,0.556,67.946,8.667547294,6466.892675,12.009194,2001
Guinea,SSA,Low,181.0,0.352,52.662,5.585219979,1692.285811,8.445717,2001
Guinea-Bissau,SSA,Low,179.0,,50.445,8.088072745,1612.259702,1.25738,2001
Guyana,LAC,High,95.0,0.578,64.788,10.28467396,4476.458067,0.7598095,2001
Haiti,LAC,Medium,158.0,0.487,58.489,9.151017935,2922.572697,8.5117275,2001
Honduras,LAC,Medium,138.0,0.557,69.006,9.284629313,3911.380055,6.8378615,2001
"Hong Kong, China (SAR)",,Very High,4.0,0.839,81.111,12.89094623,36949.98592,6.8015415,2001
Hungary,,Very High,47.0,0.782,72.394,14.66399956,19017.68609,10.177955,2001
Iceland,,Very High,3.0,0.902,80.704,17.05023956,39800.57663,0.285238,2001
India,SA,Medium,134.0,0.495,63.091,8.242340088,2625.90017,1078.970907,2001
Indonesia,EAP,High,112.0,0.605,66.758,10.81116009,5534.488717,217.1124365,2001
Iran (Islamic Republic of),SA,High,78.0,0.7,69.955,12.14344978,11125.95555,66.674851,2001
Iraq,AS,Medium,128.0,0.588,67.034,8.612099648,7531.255315,25.425663,2001
Ireland,,Very High,7.0,0.859,77.109,16.56286049,43202.74827,3.829018,2001
Israel,,Very High,25.0,0.838,79.345,14.37794971,28658.76363,6.237982,2001
Italy,,Very High,30.0,0.849,79.886,15.40861988,43733.2825,56.9949925,2001
Jamaica,LAC,High,115.0,0.666,70.758,10.83096981,9147.500452,2.6254055,2001
Japan,,Very High,24.0,0.885,81.509,15.01929869,36963.27194,127.0657305,2001
Jordan,AS,High,99.0,0.687,72.147,12.25586462,9217.719513,5.16331,2001
Kazakhstan,ECA,Very High,67.0,0.695,64.368,12.63942146,11521.95903,15.281285,2001
Kenya,SSA,Medium,146.0,0.49,54.508,8.470129967,3292.064469,31.8003435,2001
Kiribati,EAP,Medium,137.0,0.587,64.655,11.1278801,3195.447724,0.090531,2001
Korea (Democratic People's Rep. of),EAP,,,,60.745,,,23.512522,2001
Korea (Republic of),,Very High,19.0,0.832,77.27,15.63733006,23724.11341,47.06479,2001
Kuwait,AS,Very High,49.0,0.779,76.891,12.39381027,66464.81335,1.991674,2001
Kyrgyzstan,ECA,High,117.0,0.626,65.763,11.74946976,3086.618842,4.981444,2001
Lao People's Democratic Republic,EAP,Medium,139.0,0.48,59.07,7.976659775,2774.992803,5.519707,2001
Latvia,,Very High,37.0,0.772,70.07,14.88010025,14032.52506,2.3592495,2001
Lebanon,AS,High,109.0,,74.365,10.09977583,12928.26323,4.3892,2001
Lesotho,SSA,Low,168.0,0.452,46.849,9.886770248,2694.181263,1.999473,2001
Liberia,SSA,Low,177.0,0.44,52.752,10.36094625,1570.050324,2.9816485,2001
Libya,AS,High,92.0,0.748,70.861,16.17807971,25051.8943,5.275916,2001
Liechtenstein,,Very High,12.0,0.887,79.479,13.93968357,112370.2513,0.0333755,2001
Lithuania,,Very High,37.0,0.779,71.79,15.09012985,14506.49145,3.560142,2001
Luxembourg,,Very High,20.0,0.867,78.161,13.30146027,99649.60383,0.4412495,2001
Madagascar,SSA,Low,177.0,0.445,58.57,7.998869387,1586.596491,16.709665,2001
Malawi,SSA,Low,172.0,0.386,45.895,11.06842041,1011.785708,11.4988185,2001
Malaysia,EAP,Very High,63.0,0.726,73.344,12.32275009,14692.03684,23.5425165,2001
Maldives,SA,High,87.0,0.639,72.181,11.9653101,12280.06378,0.2873235,2001
Mali,SSA,Low,188.0,0.327,51.284,4.64327985,1694.504955,11.5838235,2001
Malta,,Very High,25.0,0.793,79.015,14.05865002,25611.86201,0.4021515,2001
Marshall Islands,EAP,High,102.0,,63.642,,4344.974155,0.054413,2001
Mauritania,SSA,Low,164.0,0.462,61.185,6.334670067,3975.02927,2.7618225,2001
Mauritius,SSA,High,72.0,0.692,71.887,12.63938999,12582.88275,1.225272,2001
Mexico,LAC,High,77.0,0.712,73.867,11.99468994,17273.12543,99.394288,2001
Micronesia (Federated States of),EAP,Medium,135.0,0.641,70.479,12.80668899,3823.74931,0.1119485,2001
Moldova (Republic of),ECA,High,86.0,0.662,66.787,11.32754993,5695.230344,4.200501,2001
Monaco,,,,,82.054,18.00043949,,0.0324435,2001
Mongolia,EAP,High,96.0,0.606,63.279,9.925230026,4518.701182,2.472601,2001
Montenegro,ECA,Very High,50.0,,74.233,11.16317021,12916.9908,0.633065,2001
Morocco,AS,Medium,120.0,0.536,67.18,8.933050156,4978.098633,28.930097,2001
Mozambique,SSA,Low,183.0,0.317,50.065,6.493030071,660.4795327,18.2207165,2001
Myanmar,EAP,Medium,144.0,0.415,60.416,7.938059807,1093.333572,46.014826,2001
Namibia,SSA,Medium,142.0,0.544,51.26,12.03896999,6643.826043,1.8564025,2001
Nauru,EAP,Medium,122.0,,58.278,8.710160255,,0.010363,2001
Nepal,SA,Medium,146.0,0.462,63.336,8.190719604,2091.739132,24.9560715,2001
Netherlands,,Very High,10.0,0.893,78.33,16.60247993,46910.94143,15.981636,2001
New Zealand,,Very High,16.0,0.9,78.674,17.61941596,32086.26441,3.8895785,2001
Nicaragua,LAC,Medium,130.0,0.568,67.215,10.33373424,3815.24565,5.192764,2001
Niger,SSA,Low,189.0,0.266,49.841,2.798989946,987.5496635,12.03143,2001
Nigeria,SSA,Low,161.0,,47.619,7.727389812,2846.998256,126.1526785,2001
North Macedonia,ECA,High,83.0,0.681,73.233,11.70983982,9823.249062,2.053384,2001
Norway,,Very High,2.0,0.913,78.896,17.03140068,58427.01621,4.514017,2001
Oman,AS,Very High,59.0,0.714,73.808,10.83383808,37401.32524,2.3746535,2001
Pakistan,SA,Low,164.0,0.441,62.421,4.704741368,3284.97989,159.217727,2001
Palau,EAP,High,71.0,0.754,66.553,13.92435177,13731.0045,0.019828,2001
"Palestine, State of",AS,High,111.0,,69.887,11.59805965,4310.238309,3.230078,2001
Panama,LAC,Very High,57.0,0.727,74.414,12.53549004,13803.85255,3.061024,2001
Papua New Guinea,EAP,Medium,154.0,0.459,61.773,6.335451427,3077.381037,5.698489,2001
Paraguay,LAC,High,102.0,0.662,69.9,12.57310009,7678.403129,5.211541,2001
Peru,LAC,High,87.0,0.683,71.041,13.30440998,6242.799134,27.0149085,2001
Philippines,EAP,High,113.0,0.64,69.614,11.53691006,4942.16668,79.626086,2001
Poland,,Very High,36.0,0.802,74.219,15.26095009,16338.07012,38.662862,2001
Portugal,,Very High,42.0,0.797,77.151,15.75116146,30248.5317,10.371819,2001
Qatar,AS,Very High,40.0,0.794,75.263,11.82555962,77504.0133,0.678831,2001
Romania,,Very High,53.0,0.727,71.294,12.38451958,12948.23408,21.79759,2001
Russian Federation,,Very High,56.0,0.743,65.417,13.28277493,15178.08398,146.2355305,2001
Rwanda,SSA,Low,161.0,0.346,49.021,6.96875,898.240539,8.223941,2001
Saint Kitts and Nevis,LAC,Very High,51.0,,70.2,13.92347946,19491.22433,0.0459855,2001
Saint Lucia,LAC,High,108.0,0.693,71.135,12.31108388,11242.19582,0.1605935,2001
Saint Vincent and the Grenadines,LAC,High,81.0,0.697,71.938,12.18380022,8451.688899,0.113641,2001
Samoa,EAP,High,116.0,0.679,71.019,11.65107324,4658.362201,0.18553,2001
San Marino,,Very High,43.0,0.879,80.419,15.10603583,79549.8225,0.0273355,2001
Sao Tome and Principe,SSA,Medium,141.0,0.504,62.032,9.136266266,2450.921644,0.146258,2001
Saudi Arabia,AS,Very High,40.0,0.752,72.974,12.52675992,39272.89931,22.0859295,2001
Senegal,SSA,Low,169.0,0.395,57.564,5.76638813,2641.152684,9.938027,2001
Serbia,ECA,Very High,65.0,0.699,72.307,13.09475994,9535.460643,7.9177935,2001
Seychelles,SSA,Very High,67.0,0.749,69.985,12.2663002,19831.68429,0.081262,2001
Sierra Leone,SSA,Low,184.0,0.33,45.661,6.400290012,914.093078,4.857096,2001
Singapore,EAP,Very High,9.0,0.867,79.186,15.59814587,55496.7652,4.1213375,2001
Slovakia,,Very High,45.0,0.768,73.573,13.4614296,16272.02099,5.3764555,2001
Slovenia,,Very High,22.0,0.838,76.543,15.79201031,27176.04633,1.982487,2001
Solomon Islands,EAP,Medium,156.0,0.492,67.364,7.059065104,1911.12837,0.440395,2001
Somalia,AS,Low,193.0,,50.74,,652.6055882,9.070747,2001
South Africa,SSA,High,110.0,0.629,57.261,13.30623065,10512.77681,47.229714,2001
South Sudan,SSA,Low,192.0,,46.881,,,6.394431,2001
Spain,,Very High,27.0,0.833,79.744,15.92284966,35385.75045,40.9664495,2001
Sri Lanka,SA,High,78.0,0.691,70.787,12.46701944,5912.322267,18.920275,2001
Sudan,AS,Low,170.0,0.428,58.562,5.476709843,4009.306641,26.9472535,2001
Suriname,LAC,Medium,124.0,,65.482,11.14706461,10307.15552,0.4873935,2001
Sweden,,Very High,5.0,0.906,79.836,18.68438911,41137.92297,8.8967485,2001
Switzerland,,Very High,1.0,0.888,80.251,15.06583977,61916.14635,7.224403,2001
Syrian Arab Republic,AS,Medium,157.0,0.595,71.644,10.07033743,5840.716773,16.727948,2001
Tajikistan,ECA,Medium,126.0,0.558,64.057,9.737389565,1456.764739,6.40881,2001
Tanzania (United Republic of),SSA,Low,167.0,0.404,53.161,6.614345477,1381.583618,35.4144695,2001
Thailand,EAP,Very High,66.0,0.677,72.613,12.69552994,9755.657711,63.649892,2001
Timor-Leste,EAP,Medium,155.0,0.509,59.362,10.01497431,3396.622496,0.893001,2001
Togo,SSA,Low,163.0,0.439,54.86,9.763460159,1615.615511,5.1454265,2001
Tonga,EAP,High,98.0,0.682,69.127,13.03806973,5351.403624,0.1032095,2001
Trinidad and Tobago,LAC,Very High,60.0,0.716,69.646,11.48887842,16592.8881,1.338567,2001
Tunisia,AS,High,101.0,0.658,73.816,12.76819992,7627.760463,9.9951235,2001
Türkiye,ECA,Very High,45.0,0.675,72.231,11.7344799,14227.8394,65.0720185,2001
Turkmenistan,ECA,High,94.0,,65.156,,6571.233685,4.635094,2001
Tuvalu,EAP,Medium,132.0,0.61,63.543,10.9782896,4637.536178,0.0096215,2001
Uganda,SSA,Medium,159.0,0.402,49.006,8.96759669,1228.919076,24.763325,2001
Ukraine,ECA,High,100.0,0.713,68.181,13.54780006,7902.808594,48.414534,2001
United Arab Emirates,AS,Very High,17.0,0.794,74.636,11.13959362,97738.30717,3.4541975,2001
United Kingdom,,Very High,15.0,0.869,78.124,16.03302956,39741.86149,59.092016,2001
United States,,Very High,20.0,0.895,76.928,15.76356697,50679.15874,285.4704935,2001
Uruguay,LAC,Very High,52.0,0.761,75.285,14.68060017,14115.35218,3.300939,2001
Uzbekistan,ECA,High,106.0,0.61,66.087,10.98289998,2702.103712,25.2484445,2001
Vanuatu,EAP,Medium,140.0,,69.037,9.400449753,2646.730812,0.1970335,2001
Venezuela (Bolivarian Republic of),LAC,Medium,119.0,0.704,71.201,11.04607487,16344.033,24.880203,2001
Viet Nam,EAP,High,107.0,0.609,72.647,11.20849789,3843.591239,79.8177765,2001
Yemen,AS,Low,186.0,0.444,63.222,7.424089909,3244.274524,19.143457,2001
Zambia,SSA,Medium,153.0,0.426,46.019,8.664694577,2029.014079,10.191964,2001
Zimbabwe,SSA,Medium,159.0,0.416,41.957,10.91864014,1458.711321,11.9109775,2001
Very high human development,,,,0.833,75.73306862,14.70004901,33055.09206,1455.427154,2001
High human development,,,,0.634,71.04187394,11.103659,5954.882115,2423.920803,2001
Medium human development,,,,0.502,62.61973896,8.347587765,3001.874753,1598.305388,2001
Low human development,,,,0.404,54.09435078,6.106731505,2149.109342,697.073416,2001
Arab States,,,,0.621,67.71075896,9.952407607,11392.94015,290.4350725,2001
East Asia and the Pacific,,,,0.604,71.17244859,10.39690882,4359.013719,1839.463907,2001
Europe and Central Asia,,,,0.687,69.06500436,12.00831365,8922.829905,217.955764,2001
Latin America and the Caribbean,,,,0.69,71.44729268,12.66430096,11890.83742,524.5365675,2001
South Asia,,,,0.504,63.59916174,7.999247958,3067.95989,1500.989506,2001
Sub-Saharan Africa,,,,0.434,51.25825,7.453965919,2622.364527,653.17303,2001
World,,,,0.65,68.02669995,10.23191203,11157.92394,6198.271726,2001
Afghanistan,SA,Low,182.0,0.368,56.454,6.440413805,1364.239872,21.0002565,2002
Albania,ECA,High,74.0,0.692,75.89,11.02056026,6920.545333,3.123551,2002
Algeria,AS,High,93.0,0.668,71.23,11.86806965,9026.512358,31.6246955,2002
Andorra,,Very High,35.0,0.828,82.237,10.75419998,49919.16919,0.0708485,2002
Angola,SSA,Medium,150.0,0.406,47.386,5.675793489,4658.73107,17.5161385,2002
Antigua and Barbuda,LAC,Very High,54.0,,75.536,,15839.49485,0.077195,2002
Argentina,LAC,Very High,48.0,0.785,74.408,16.39250946,14647.64818,37.885028,2002
Armenia,ECA,High,76.0,0.67,71.018,10.54656029,5144.307204,3.1050375,2002
Australia,,Very High,10.0,0.902,80.064,21.10889795,39035.72807,19.475844,2002
Austria,,Very High,22.0,0.878,78.847,15.38293775,47137.63034,8.078992,2002
Azerbaijan,ECA,High,89.0,0.654,66.239,12.01373303,4566.538056,8.372127,2002
Bahamas,LAC,Very High,57.0,0.792,72.232,11.49807586,36841.47622,0.334002,2002
Bahrain,AS,Very High,34.0,0.792,76.088,12.52609515,44454.77914,0.7483245,2002
Bangladesh,SA,Medium,129.0,0.505,66.612,7.971572113,2478.738954,134.139826,2002
Barbados,LAC,Very High,62.0,0.765,74.366,14.53754012,14540.30513,0.266455,2002
Belarus,ECA,Very High,69.0,0.718,68.484,13.66560574,8943.528547,10.1353875,2002
Belgium,,Very High,12.0,0.891,78.167,18.48284912,44672.89821,10.3555685,2002
Belize,LAC,High,118.0,0.67,68.752,12.46581984,8515.889069,0.255987,2002
Benin,SSA,Low,173.0,0.431,56.606,7.580840111,2507.159202,7.431783,2002
Bhutan,SA,Medium,125.0,,64.078,8.494479895,4586.699553,0.619048,2002
Bolivia (Plurinational State of),LAC,Medium,120.0,0.622,63.306,13.24759671,5202.962169,8.900583,2002
Bosnia and Herzegovina,ECA,High,80.0,0.663,74.612,11.6046716,7801.875608,4.19841,2002
Botswana,SSA,High,114.0,0.579,50.632,11.53738022,10678.78811,1.7951305,2002
Brazil,LAC,High,89.0,0.678,70.41,13.47663227,11360.43717,180.4766855,2002
Brunei Darussalam,EAP,Very High,55.0,0.796,74.426,11.85077953,70867.86366,0.347463,2002
Bulgaria,,High,70.0,0.743,72.162,13.19983006,12269.35877,7.97481,2002
Burkina Faso,SSA,Low,185.0,0.302,51.272,3.60710001,1315.082118,12.632269,2002
Burundi,SSA,Low,187.0,0.314,49.891,5.057419777,833.5666126,6.648938,2002
Cabo Verde,SSA,Medium,131.0,0.606,70.705,11.17897034,4759.867716,0.473231,2002
Cambodia,EAP,Medium,148.0,0.469,61.226,9.777799606,1590.691057,12.5617785,2002
Cameroon,SSA,Medium,151.0,0.445,53.415,8.403800011,2883.257535,15.914033,2002
Canada,,Very High,18.0,0.895,79.568,15.59982409,41384.96267,31.322398,2002
Central African Republic,SSA,Low,191.0,0.322,45.409,5.113304755,1139.302459,3.930648,2002
Chad,SSA,Low,189.0,0.309,47.946,5.484519958,988.6876959,8.8383685,2002
Chile,LAC,Very High,44.0,0.775,77.445,13.52595043,15542.03015,15.69379,2002
China,EAP,High,75.0,0.608,72.985,10.5064764,3988.393541,1280.926121,2002
Colombia,LAC,High,91.0,0.676,71.939,12.15791988,9000.437442,40.4540495,2002
Comoros,SSA,Medium,152.0,0.472,59.056,8.746330261,2872.4931,0.559047,2002
Congo,SSA,Medium,149.0,0.518,55.088,8.800609589,3269.927531,3.331158,2002
Congo (Democratic Republic of the),SSA,Low,180.0,0.376,52.333,7.09123683,672.7434858,51.6620715,2002
Costa Rica,LAC,Very High,64.0,0.721,77.983,11.76449013,12399.23685,4.122623,2002
Côte d'Ivoire,SSA,Low,166.0,0.451,50.886,6.743914032,2613.705314,17.683897,2002
Croatia,,Very High,39.0,0.785,74.736,13.66327,20435.93984,4.4828685,2002
Cuba,LAC,High,85.0,0.706,76.612,13.05060005,4559.6451,11.170051,2002
Cyprus,,Very High,29.0,0.816,77.487,12.97183037,32970.32813,0.9821945,2002
Czechia,,Very High,32.0,0.826,75.444,14.8226099,25359.3958,10.23817,2002
Denmark,,Very High,5.0,0.896,77.097,16.20438957,48619.96452,5.378697,2002
Djibouti,AS,Low,171.0,0.346,57.215,3.578700066,1756.648947,0.7891285,2002
Dominica,LAC,High,97.0,0.718,72.34,14.77915341,9375.044356,0.068262,2002
Dominican Republic,LAC,High,82.0,0.657,69.923,11.54150252,9195.327189,8.795101,2002
Ecuador,LAC,High,83.0,0.697,73.613,13.21344843,8236.865838,13.0706085,2002
Egypt,AS,High,105.0,0.634,68.564,10.88712978,8012.491734,74.393759,2002
El Salvador,LAC,Medium,127.0,0.621,70.232,11.44435978,6423.783483,6.011275,2002
Equatorial Guinea,SSA,Medium,133.0,0.539,54.085,6.699478844,13279.34611,0.7541155,2002
Eritrea,SSA,Low,175.0,,58.811,7.821269989,1732.271786,2.547424,2002
Estonia,,Very High,31.0,0.818,71.871,15.94836044,19572.78437,1.37924,2002
Eswatini (Kingdom of),SSA,Medium,142.0,0.444,44.486,9.393309593,5662.490275,1.0508085,2002
Ethiopia,SSA,Low,176.0,0.305,51.517,5.022950172,743.2334114,71.0732145,2002
Fiji,EAP,High,104.0,0.671,65.748,12.18102749,9622.009513,0.8498915,2002
Finland,,Very High,12.0,0.901,78.27,18.07708931,41570.76524,5.2005955,2002
France,,Very High,28.0,0.85,79.413,14.78316021,40801.58053,59.372786,2002
Gabon,SSA,Medium,123.0,0.635,61.292,11.59288677,14318.46781,1.341696,2002
Gambia,SSA,Low,174.0,0.402,57.08,6.236229273,1945.441517,1.5222225,2002
Georgia,ECA,Very High,60.0,0.709,70.024,13.10517025,5596.452661,4.0611275,2002
Germany,,Very High,7.0,0.902,78.483,16.30664581,42954.18607,81.4434265,2002
Ghana,SSA,Medium,145.0,0.506,58.608,7.194029808,2813.442443,20.758326,2002
Greece,,Very High,33.0,0.838,78.969,15.75821018,30946.45806,11.0966165,2002
Grenada,LAC,High,73.0,0.756,73.167,15.78917622,10024.02538,0.108231,2002
Guatemala,LAC,Medium,136.0,0.561,68.386,8.917280197,6489.613841,12.289856,2002
Guinea,SSA,Low,181.0,0.363,53.278,5.930969954,1788.521678,8.5777895,2002
Guinea-Bissau,SSA,Low,179.0,,50.986,8.237549457,1592.055138,1.2856775,2002
Guyana,LAC,High,95.0,0.584,64.728,10.36927189,4885.347596,0.7603235,2002
Haiti,LAC,Medium,158.0,0.491,58.855,9.263154326,2900.00335,8.6615455,2002
Honduras,LAC,Medium,138.0,0.561,69.366,9.402737999,3937.678927,7.0199075,2002
"Hong Kong, China (SAR)",,Very High,4.0,0.846,81.254,13.32722071,36698.0144,6.848847,2002
Hungary,,Very High,47.0,0.791,72.507,15.05486965,20002.38808,10.1484015,2002
Iceland,,Very High,3.0,0.909,80.543,17.55954933,40789.08625,0.287798,2002
India,SA,Medium,134.0,0.501,63.616,8.417590141,2682.473037,1098.313039,2002
Indonesia,EAP,High,112.0,0.614,67.134,10.9467001,5747.042726,220.1150915,2002
Iran (Islamic Republic of),SA,High,78.0,0.708,70.445,12.13387012,11915.81494,67.3271165,2002
Iraq,AS,Medium,128.0,0.588,67.084,8.883859634,6707.992261,26.255343,2002
Ireland,,Very High,7.0,0.868,77.6,16.80606079,44194.06603,3.8942575,2002
Israel,,Very High,25.0,0.843,79.259,14.89109039,28204.20679,6.3566925,2002
Italy,,Very High,30.0,0.854,80.114,15.64842033,43716.5535,57.107577,2002
Jamaica,LAC,High,115.0,0.669,70.888,10.98361015,9156.400456,2.6382435,2002
Japan,,Very High,24.0,0.888,81.795,15.05063793,36856.18098,127.3017505,2002
Jordan,AS,High,99.0,0.691,72.359,12.30933952,9449.941899,5.2755315,2002
Kazakhstan,ECA,Very High,67.0,0.706,64.269,13.04094315,12765.0785,15.338963,2002
Kenya,SSA,Medium,146.0,0.49,54.99,8.231349945,3217.051331,32.7798225,2002
Kiribati,EAP,Medium,137.0,0.584,64.84,10.96041965,2989.490138,0.0923995,2002
Korea (Democratic People's Rep. of),EAP,,,,60.792,,,23.6384105,2002
Korea (Republic of),,Very High,19.0,0.841,77.543,15.80494022,25490.7206,47.320668,2002
Kuwait,AS,Very High,49.0,0.785,76.982,12.92938519,63524.52338,2.047364,2002
Kyrgyzstan,ECA,High,117.0,0.627,65.862,11.81803989,3069.604945,5.0266415,2002
Lao People's Democratic Republic,EAP,Medium,139.0,0.489,59.534,8.296759605,2927.219155,5.606101,2002
Latvia,,Very High,37.0,0.784,70.351,15.35857964,15183.27506,2.326144,2002
Lebanon,AS,High,109.0,,75.064,10.1478979,12619.46618,4.446666,2002
Lesotho,SSA,Low,168.0,0.449,45.595,10.07229996,2724.225264,1.9975335,2002
Liberia,SSA,Low,177.0,0.446,53.788,10.28712286,1587.106628,3.0605995,2002
Libya,AS,High,92.0,0.75,71.004,16.1335907,24723.40468,5.405326,2002
Liechtenstein,,Very High,12.0,0.891,79.853,14.08968973,108148.6227,0.033693,2002
Lithuania,,Very High,37.0,0.791,71.801,15.63140965,15727.75329,3.515799,2002
Luxembourg,,Very High,20.0,0.872,78.361,13.43264008,91304.67074,0.4459125,2002
Madagascar,SSA,Low,177.0,0.442,58.892,8.174212074,1349.739504,17.2119345,2002
Malawi,SSA,Low,172.0,0.394,47.221,11.12308025,1004.041368,11.7844985,2002
Malaysia,EAP,Very High,63.0,0.725,73.563,12.24785995,15142.33417,24.142445,2002
Maldives,SA,High,87.0,0.642,73.291,11.62115955,13142.89429,0.2922835,2002
Mali,SSA,Low,188.0,0.336,52.222,4.958739877,1670.312065,11.9526605,2002
Malta,,Very High,25.0,0.798,78.467,14.01716042,26461.02801,0.4046985,2002
Marshall Islands,EAP,High,102.0,,63.719,11.16281033,4350.590706,0.054496,2002
Mauritania,SSA,Low,164.0,0.465,61.268,6.359389782,4120.646237,2.821703,2002
Mauritius,SSA,High,72.0,0.696,72.011,12.69091034,12699.47416,1.233972,2002
Mexico,LAC,High,77.0,0.719,74.106,12.33232975,17028.0568,100.917081,2002
Micronesia (Federated States of),EAP,Medium,135.0,0.636,69.46,12.81490522,3843.154617,0.1119915,2002
Moldova (Republic of),ECA,High,86.0,0.671,66.938,11.54432964,6284.207721,4.147642,2002
Monaco,,,,,82.507,18.03674417,,0.032386,2002
Mongolia,EAP,High,96.0,0.615,63.518,10.35706997,4737.96457,2.4946175,2002
Montenegro,ECA,Very High,50.0,,74.043,11.55913726,13243.87779,0.632737,2002
Morocco,AS,Medium,120.0,0.547,67.547,9.365309715,5113.145996,29.3018165,2002
Mozambique,SSA,Low,183.0,0.325,50.59,6.955689907,657.7826961,18.694946,2002
Myanmar,EAP,Medium,144.0,0.425,60.725,8.062719822,1222.974918,46.48023,2002
Namibia,SSA,Medium,142.0,0.544,51.254,11.75957012,6954.73357,1.888525,2002
Nauru,EAP,Medium,122.0,,58.181,8.259659767,,0.0103515,2002
Nepal,SA,Medium,146.0,0.469,63.264,8.713439941,2052.604656,25.332178,2002
Netherlands,,Very High,10.0,0.89,78.405,16.26139069,46587.06464,16.0570405,2002
New Zealand,,Very High,16.0,0.904,78.877,17.74873128,33035.5657,3.9485835,2002
Nicaragua,LAC,Medium,130.0,0.573,67.18,10.63438988,3820.782762,5.2590055,2002
Niger,SSA,Low,189.0,0.271,50.562,2.885079947,1004.902007,12.4565175,2002
Nigeria,SSA,Low,161.0,,47.928,8.028120041,3167.527447,129.5830255,2002
North Macedonia,ECA,High,83.0,0.684,73.146,11.70652008,10002.87629,2.064737,2002
Norway,,Very High,2.0,0.915,78.96,17.09057045,59032.3118,4.5384375,2002
Oman,AS,Very High,59.0,0.722,73.869,11.20009403,36398.36463,2.4036585,2002
Pakistan,SA,Low,164.0,0.447,62.626,4.747150605,3277.086276,163.2628075,2002
Palau,EAP,High,71.0,0.76,66.96,14.14173332,14252.35855,0.019851,2002
"Palestine, State of",AS,High,111.0,,70.969,11.89653969,3620.600328,3.309486,2002
Panama,LAC,Very High,57.0,0.734,74.824,12.72622967,14305.13727,3.1209905,2002
Papua New Guinea,EAP,Medium,154.0,0.462,61.698,6.527908568,3049.21796,5.892596,2002
Paraguay,LAC,High,102.0,0.669,70.025,13.07223988,7743.154975,5.2865125,2002
Peru,LAC,High,87.0,0.684,71.661,12.82085037,6473.99404,27.334503,2002
Philippines,EAP,High,113.0,0.646,69.781,11.74230957,5016.931175,81.2855725,2002
Poland,,Very High,36.0,0.809,74.583,15.62158966,16675.92362,38.6474765,2002
Portugal,,Very High,42.0,0.8,77.368,15.79640704,30370.75807,10.4309135,2002
Qatar,AS,Very High,40.0,0.796,75.412,11.73925018,78557.99057,0.7131855,2002
Romania,,Very High,53.0,0.734,70.705,12.8593502,13880.05406,21.653532,2002
Russian Federation,,Very High,56.0,0.749,65.14,13.78628254,15886.59375,145.5901365,2002
Rwanda,SSA,Low,161.0,0.367,51.032,7.483439922,1000.495575,8.372306,2002
Saint Kitts and Nevis,LAC,Very High,51.0,,70.452,14.01817818,19593.4601,0.046264,2002
Saint Lucia,LAC,High,108.0,0.697,71.472,12.36065934,11379.94071,0.1617995,2002
Saint Vincent and the Grenadines,LAC,High,81.0,0.704,72.168,12.29514027,8920.091061,0.1134495,2002
Samoa,EAP,High,116.0,0.678,71.276,11.69240623,4426.16604,0.1866295,2002
San Marino,,Very High,43.0,0.882,80.766,15.12218213,79691.54814,0.027969,2002
Sao Tome and Principe,SSA,Medium,141.0,0.508,62.6,9.233283177,2445.589826,0.1498415,2002
Saudi Arabia,AS,Very High,40.0,0.756,73.337,12.66614374,37209.65292,22.623415,2002
Senegal,SSA,Low,169.0,0.399,58.231,6.042772102,2574.260476,10.1809495,2002
Serbia,ECA,Very High,65.0,0.701,72.258,12.88265991,10109.13455,7.9042685,2002
Seychelles,SSA,Very High,67.0,0.749,70.395,12.35198975,18167.81992,0.0824335,2002
Sierra Leone,SSA,Low,184.0,0.346,46.359,6.614043395,1093.554547,5.1401125,2002
Singapore,EAP,Very High,9.0,0.872,79.302,15.6655838,56146.6032,4.176794,2002
Slovakia,,Very High,45.0,0.777,73.767,13.75111961,16934.45067,5.375206,2002
Slovenia,,Very High,22.0,0.849,76.79,16.24087906,27887.82632,1.983767,2002
Solomon Islands,EAP,Medium,156.0,0.497,67.515,7.727250099,1773.15293,0.4507605,2002
Somalia,AS,Low,193.0,,50.731,,677.7706751,9.4111025,2002
South Africa,SSA,High,110.0,0.633,55.666,13.32774787,10859.54095,47.6615145,2002
South Sudan,SSA,Low,192.0,,47.492,,,6.6860995,2002
Spain,,Very High,27.0,0.838,79.824,15.97021961,35928.42931,41.477655,2002
Sri Lanka,SA,High,78.0,0.695,71.117,12.55673504,6101.385601,19.1107065,2002
Sudan,AS,Low,170.0,0.434,58.976,5.597040176,4106.773926,27.570318,2002
Suriname,LAC,Medium,124.0,,65.531,11.18152046,11466.39443,0.495666,2002
Sweden,,Very High,5.0,0.909,79.935,18.55690002,41993.52131,8.926012,2002
Switzerland,,Very High,1.0,0.888,80.443,14.96234989,60664.95144,7.27648,2002
Syrian Arab Republic,AS,Medium,157.0,0.602,71.939,10.12872028,6136.165828,17.164021,2002
Tajikistan,ECA,Medium,126.0,0.569,64.846,9.945440292,1599.570825,6.5417545,2002
Tanzania (United Republic of),SSA,Low,167.0,0.414,53.863,6.919339327,1466.36438,36.3535315,2002
Thailand,EAP,Very High,66.0,0.688,72.93,12.89072037,10187.28002,64.22258,2002
Timor-Leste,EAP,Medium,155.0,0.522,60.148,10.34967995,3724.107593,0.9096385,2002
Togo,SSA,Low,163.0,0.443,55.311,9.872050285,1642.96737,5.2815375,2002
Tonga,EAP,High,98.0,0.686,69.335,13.11610985,5642.368292,0.103804,2002
Trinidad and Tobago,LAC,Very High,60.0,0.727,70.488,11.60012575,17959.2544,1.3459635,2002
Tunisia,AS,High,101.0,0.663,74.059,12.9030304,7651.933763,10.094561,2002
Türkiye,ECA,Very High,45.0,0.685,72.579,12.10737991,14903.61525,65.9886625,2002
Turkmenistan,ECA,High,94.0,,65.385,,6344.859008,4.6989685,2002
Tuvalu,EAP,Medium,132.0,0.622,63.58,11.05860347,5556.744316,0.009609,2002
Uganda,SSA,Medium,159.0,0.414,49.648,9.525197771,1307.932424,25.5450905,2002
Ukraine,ECA,High,100.0,0.721,68.173,13.91644001,8408.250977,47.9765375,2002
United Arab Emirates,AS,Very High,17.0,0.798,74.901,11.24625405,91452.14791,3.6336545,2002
United Kingdom,,Very High,15.0,0.874,78.241,16.12589073,40516.76466,59.35569,2002
United States,,Very High,20.0,0.896,77.001,15.84970045,51034.1654,288.350252,2002
Uruguay,LAC,Very High,52.0,0.765,75.54,15.13469982,13112.05779,3.306441,2002
Uzbekistan,ECA,High,106.0,0.617,66.604,11.21207015,2787.764698,25.5790295,2002
Vanuatu,EAP,Medium,140.0,,69.196,9.542039871,2457.585467,0.2021255,2002
Venezuela (Bolivarian Republic of),LAC,Medium,119.0,0.711,72.662,11.63910007,14654.861,25.3309285,2002
Viet Nam,EAP,High,107.0,0.619,72.801,11.54840391,4034.296364,80.642308,2002
Yemen,AS,Low,186.0,0.453,63.906,7.640524864,3298.796431,19.6606525,2002
Zambia,SSA,Medium,153.0,0.434,46.979,8.767673492,2066.032149,10.5082945,2002
Zimbabwe,SSA,Medium,159.0,0.427,44.565,10.52871037,1369.481884,11.984644,2002
Very high human development,,,,0.837,75.86207591,14.87816542,33358.24182,1463.910851,2002
High human development,,,,0.641,71.33635259,11.34310269,6217.921604,2446.527511,2002
Medium human development,,,,0.508,63.13767452,8.537697393,3028.9401,1628.518146,2002
Low human development,,,,0.412,54.49252526,6.304509056,2219.11808,717.1065235,2002
Arab States,,,,0.625,68.01805747,10.11983966,11144.32832,296.872009,2002
East Asia and the Pacific,,,,0.614,71.51860019,10.69676131,4653.41855,1855.533657,2002
Europe and Central Asia,,,,0.694,69.26870793,12.28374965,9441.223572,218.895582,2002
Latin America and the Caribbean,,,,0.695,71.79822399,12.79082676,11696.02194,531.778407,2002
South Asia,,,,0.511,64.0653091,8.148104945,3151.506528,1529.397262,2002
Sub-Saharan Africa,,,,0.442,51.61725252,7.639907252,2721.481577,670.74008,2002
World,,,,0.655,68.30212384,10.41326795,11289.93905,6279.733828,2002
Afghanistan,SA,Low,182.0,0.379,57.344,6.732409954,1465.417987,22.64513,2003
Albania,ECA,High,74.0,0.701,76.142,11.37574959,7341.553651,3.092991,2003
Algeria,AS,High,93.0,0.675,71.287,12.13883018,9551.519199,32.0558835,2003
Andorra,,Very High,35.0,0.836,83.921,10.59714985,52014.13393,0.0739075,2003
Angola,SSA,Medium,150.0,0.424,49.617,6.102771858,4682.129125,18.1243425,2003
Antigua and Barbuda,LAC,Very High,54.0,,75.478,,16685.92855,0.0780745,2003
Argentina,LAC,Very High,48.0,0.793,74.08,16.26638985,15976.10128,38.2781635,2003
Armenia,ECA,High,76.0,0.681,71.436,10.58751011,5902.46103,3.084102,2003
Australia,,Very High,10.0,0.906,80.455,21.2734197,40207.24974,19.698999,2003
Austria,,Very High,22.0,0.88,78.85,15.45795218,47510.2663,8.120104,2003
Azerbaijan,ECA,High,89.0,0.663,66.756,12.0927542,5003.813821,8.4623215,2003
Bahamas,LAC,Very High,57.0,0.793,72.402,11.51539773,36044.25695,0.3384905,2003
Bahrain,AS,Very High,34.0,0.799,76.337,12.98038006,45712.943,0.7782565,2003
Bangladesh,SA,Medium,129.0,0.511,66.824,8.174194781,2551.599921,136.5032055,2003
Barbados,LAC,Very High,62.0,0.769,74.472,14.71155008,14855.48379,0.267499,2003
Belarus,ECA,Very High,69.0,0.728,68.939,13.95940971,9665.064997,10.065878,2003
Belgium,,Very High,12.0,0.893,78.32,18.70292091,45027.55251,10.4025505,2003
Belize,LAC,High,118.0,0.679,68.909,12.84974003,8922.238122,0.263998,2003
Benin,SSA,Low,173.0,0.438,56.738,7.986030102,2515.399994,7.6592075,2003
Bhutan,SA,Medium,125.0,,64.696,8.789519787,4787.374913,0.634627,2003
Bolivia (Plurinational State of),LAC,Medium,120.0,0.619,63.635,12.82747857,5187.691855,9.057378,2003
Bosnia and Herzegovina,ECA,High,80.0,0.671,75.782,11.770566,8051.751771,4.183757,2003
Botswana,SSA,High,114.0,0.585,50.947,11.59051991,11267.13986,1.8268635,2003
Brazil,LAC,High,89.0,0.682,70.72,13.52351815,11374.19849,182.629278,2003
Brunei Darussalam,EAP,Very High,55.0,0.802,74.561,12.22157955,71570.0811,0.3540445,2003
Bulgaria,,High,70.0,0.753,72.408,13.66489029,12963.14519,7.9177395,2003
Burkina Faso,SSA,Low,185.0,0.308,51.793,3.762650013,1371.6966,13.030591,2003
Burundi,SSA,Low,187.0,0.322,50.857,5.523624897,793.26924,6.860846,2003
Cabo Verde,SSA,Medium,131.0,0.612,71.429,11.19349957,4941.143209,0.480089,2003
Cambodia,EAP,Medium,148.0,0.484,62.523,10.32608032,1705.644209,12.7877105,2003
Cameroon,SSA,Medium,151.0,0.452,53.883,8.556240082,3020.432565,16.354326,2003
Canada,,Very High,18.0,0.897,79.74,15.52014133,41763.10688,31.61945,2003
Central African Republic,SSA,Low,191.0,0.322,45.76,5.215141212,1040.439438,4.0268415,2003
Chad,SSA,Low,189.0,0.309,48.206,5.634170055,897.7478147,9.196366,2003
Chile,LAC,Very High,44.0,0.78,77.387,13.74680042,15918.80923,15.8591115,2003
China,EAP,High,75.0,0.619,73.371,10.85249233,4376.641403,1288.873367,2003
Colombia,LAC,High,91.0,0.683,72.361,12.40696001,9150.525656,41.0576865,2003
Comoros,SSA,Medium,152.0,0.478,59.258,9.028400421,2873.915775,0.57013,2003
Congo,SSA,Medium,149.0,0.52,55.948,8.589189529,3175.255182,3.4246525,2003
Congo (Democratic Republic of the),SSA,Low,180.0,0.382,52.827,7.167953491,694.872022,53.2056395,2003
Costa Rica,LAC,Very High,64.0,0.726,78.072,11.91671515,12731.34148,4.1886105,2003
Côte d'Ivoire,SSA,Low,166.0,0.45,50.954,6.872231992,2537.635992,18.116451,2003
Croatia,,Very High,39.0,0.79,74.611,13.86748028,21235.23373,4.4611385,2003
Cuba,LAC,High,85.0,0.714,76.773,13.4489603,4717.900087,11.199217,2003
Cyprus,,Very High,29.0,0.825,77.788,13.34300041,33779.96875,1.00035,2003
Czechia,,Very High,32.0,0.833,75.397,15.16322994,26306.7117,10.2480375,2003
Denmark,,Very High,5.0,0.901,77.399,16.36174965,48841.73281,5.396355,2003
Djibouti,AS,Low,171.0,0.357,57.595,3.835530043,1877.264688,0.806411,2003
Dominica,LAC,High,97.0,0.718,71.438,14.70811705,10000.28207,0.0684425,2003
Dominican Republic,LAC,High,82.0,0.66,70.265,11.75157232,8724.476247,8.919852,2003
Ecuador,LAC,High,83.0,0.701,73.975,13.39264556,8292.838173,13.3011845,2003
Egypt,AS,High,105.0,0.632,68.402,10.73254967,8077.192731,75.9633225,2003
El Salvador,LAC,Medium,127.0,0.627,70.14,11.84412956,6462.380181,6.0268485,2003
Equatorial Guinea,SSA,Medium,133.0,0.545,54.581,7.001248209,12552.09161,0.789681,2003
Eritrea,SSA,Low,175.0,,59.409,8.191325188,1708.344908,2.6533905,2003
Estonia,,Very High,31.0,0.826,72.158,16.09065056,21025.37228,1.3706605,2003
Eswatini (Kingdom of),SSA,Medium,142.0,0.438,43.349,9.7072649,5705.252473,1.058797,2003
Ethiopia,SSA,Low,176.0,0.31,52.533,5.178480148,706.3389883,73.1688385,2003
Fiji,EAP,High,104.0,0.675,66.177,12.22679996,9553.74564,0.8583055,2003
Finland,,Very High,12.0,0.905,78.533,18.29443932,41911.21088,5.212989,2003
France,,Very High,28.0,0.853,79.421,14.86872005,40961.00038,59.7282615,2003
Gabon,SSA,Medium,123.0,0.638,61.671,11.63809953,14010.53894,1.3783975,2003
Gambia,SSA,Low,174.0,0.408,57.586,6.452307738,1955.493267,1.566257,2003
Georgia,ECA,Very High,60.0,0.719,70.333,13.32161045,6270.083587,4.0178245,2003
Germany,,Very High,7.0,0.906,78.544,16.37829888,42647.12655,81.3468095,2003
Ghana,SSA,Medium,145.0,0.51,59.111,7.127200127,2879.308879,21.329514,2003
Greece,,Very High,33.0,0.844,79.029,15.87672043,32612.75528,11.1104865,2003
Grenada,LAC,High,73.0,0.762,73.188,15.86309746,10953.42042,0.10874,2003
Guatemala,LAC,Medium,136.0,0.566,68.797,9.193762207,6518.677236,12.5705035,2003
Guinea,SSA,Low,181.0,0.37,53.678,6.276719928,1809.837326,8.7722545,2003
Guinea-Bissau,SSA,Low,179.0,,51.405,8.389788667,1562.452176,1.3156535,2003
Guyana,LAC,High,95.0,0.591,64.6,10.45386982,5347.6666,0.7605615,2003
Haiti,LAC,Medium,158.0,0.497,59.507,9.376664834,2948.171376,8.812245,2003
Honduras,LAC,Medium,138.0,0.565,69.507,9.520846685,3988.483585,7.2018805,2003
"Hong Kong, China (SAR)",,Very High,4.0,0.854,81.224,13.77826023,38329.73807,6.8864565,2003
Hungary,,Very High,47.0,0.798,72.514,15.4380703,20899.42907,10.118062,2003
Iceland,,Very High,3.0,0.916,80.776,18.24403,40843.17434,0.289801,2003
India,SA,Medium,134.0,0.514,64.094,8.993630409,2841.684302,1117.415124,2003
Indonesia,EAP,High,112.0,0.622,67.413,11.18869972,5889.538047,223.080121,2003
Iran (Islamic Republic of),SA,High,78.0,0.713,69.823,12.28151989,12812.0733,67.954699,2003
Iraq,AS,Medium,128.0,0.566,65.643,9.155619621,4451.372093,27.068823,2003
Ireland,,Very High,7.0,0.877,78.111,16.98218918,46045.10168,3.958705,2003
Israel,,Very High,25.0,0.843,79.624,14.77112961,28102.37933,6.4759135,2003
Italy,,Very High,30.0,0.858,80.193,15.91217041,43566.65593,57.4251755,2003
Jamaica,LAC,High,115.0,0.665,70.806,10.3431797,9458.0598,2.651027,2003
Japan,,Very High,24.0,0.889,81.856,15.08197716,37399.79279,127.5023525,2003
Jordan,AS,High,99.0,0.697,72.573,12.44591999,9669.724447,5.3961165,2003
Kazakhstan,ECA,Very High,67.0,0.717,64.554,13.44246483,13734.71075,15.416712,2003
Kenya,SSA,Medium,146.0,0.501,55.601,8.804689884,3209.079725,33.7671215,2003
Kiribati,EAP,Medium,137.0,0.588,64.954,11.71214962,2783.42947,0.0943015,2003
Korea (Democratic People's Rep. of),EAP,,,,69.546,,,23.7817065,2003
Korea (Republic of),,Very High,19.0,0.845,77.547,15.97859955,26163.70029,47.5397385,2003
Kuwait,AS,Very High,49.0,0.796,76.985,13.4649601,71439.33871,2.101506,2003
Kyrgyzstan,ECA,High,117.0,0.635,66.186,12.03870964,3262.038416,5.0782765,2003
Lao People's Democratic Republic,EAP,Medium,139.0,0.498,60.031,8.68212986,3001.765236,5.6890645,2003
Latvia,,Very High,37.0,0.795,70.624,15.72097015,16517.17711,2.294342,2003
Lebanon,AS,High,109.0,,75.593,10.19624926,11182.51898,4.5048075,2003
Lesotho,SSA,Low,168.0,0.45,44.53,10.47169971,2827.857441,1.99303,2003
Liberia,SSA,Low,177.0,0.422,53.042,10.21329948,1099.840448,3.0851725,2003
Libya,AS,High,92.0,0.755,71.132,15.80348969,27941.2857,5.5426405,2003
Liechtenstein,,Very High,12.0,0.896,80.179,14.24131012,101882.4733,0.034,2003
Lithuania,,Very High,37.0,0.805,72.144,16.21151924,17367.5497,3.469675,2003
Luxembourg,,Very High,20.0,0.873,77.768,13.41771984,84012.16517,0.4513515,2003
Madagascar,SSA,Low,177.0,0.451,59.491,8.349554761,1439.523757,17.72431,2003
Malawi,SSA,Low,172.0,0.402,48.79,10.79578495,1034.683819,12.087965,2003
Malaysia,EAP,Very High,63.0,0.73,73.796,12.62555027,15838.66638,24.7394115,2003
Maldives,SA,High,87.0,0.655,74.06,12.01966953,14543.14634,0.2972255,2003
Mali,SSA,Low,188.0,0.348,52.893,5.274199903,1815.665222,12.342165,2003
Malta,,Very High,25.0,0.812,78.763,14.37259007,28153.51959,0.406919,2003
Marshall Islands,EAP,High,102.0,,63.745,11.42279558,4317.47718,0.054493,2003
Mauritania,SSA,Low,164.0,0.47,61.347,6.434689999,4304.51714,2.883326,2003
Mauritius,SSA,High,72.0,0.704,72.28,12.92984009,13212.43611,1.24234,2003
Mexico,LAC,High,77.0,0.725,74.274,12.58868027,17014.12706,102.429341,2003
Micronesia (Federated States of),EAP,Medium,135.0,0.643,70.76,12.82312672,3910.102371,0.111805,2003
Moldova (Republic of),ECA,High,86.0,0.681,67.419,11.73703957,6821.161266,4.093982,2003
Monaco,,,,,83.286,18.07304884,,0.0323165,2003
Mongolia,EAP,High,96.0,0.629,64.208,11.13086987,4988.770144,2.5164535,2003
Montenegro,ECA,Very High,50.0,0.749,74.075,11.96914959,13610.72254,0.6323515,2003
Morocco,AS,Medium,120.0,0.557,67.915,9.695070267,5371.904785,29.66127,2003
Mozambique,SSA,Low,183.0,0.339,50.87,7.360409975,743.7658677,19.1867545,2003
Myanmar,EAP,Medium,144.0,0.435,60.98,8.187379837,1377.301481,46.924293,2003
Namibia,SSA,Medium,142.0,0.547,51.083,11.81025982,7361.228673,1.915425,2003
Nauru,EAP,Medium,122.0,,58.095,7.890299797,,0.010344,2003
Nepal,SA,Medium,146.0,0.476,64.197,8.860610008,2104.371785,25.682908,2003
Netherlands,,Very High,10.0,0.893,78.657,16.36185074,47164.6907,16.127579,2003
New Zealand,,Very High,16.0,0.908,79.155,17.8780466,33991.95581,4.019941,2003
Nicaragua,LAC,Medium,130.0,0.575,67.217,10.67584637,3881.867351,5.323062,2003
Niger,SSA,Low,189.0,0.276,51.434,2.971169949,988.2759925,12.9007895,2003
Nigeria,SSA,Low,161.0,0.449,48.441,8.471205235,3266.151737,133.1198005,2003
North Macedonia,ECA,High,83.0,0.69,73.386,11.68556023,10184.38418,2.0711425,2003
Norway,,Very High,2.0,0.923,79.529,17.42193985,59398.65321,4.5651675,2003
Oman,AS,Very High,59.0,0.732,74.14,11.56634998,35532.40743,2.4316,2003
Pakistan,SA,Low,164.0,0.455,62.843,4.789559841,3410.53681,166.8766805,2003
Palau,EAP,High,71.0,0.765,67.228,14.35911487,14539.32242,0.0198795,2003
"Palestine, State of",AS,High,111.0,,71.053,12.30753994,4023.298901,3.38419,2003
Panama,LAC,Very High,57.0,0.738,75.218,12.824265,14180.01693,3.181608,2003
Papua New Guinea,EAP,Medium,154.0,0.467,61.797,6.720365708,3088.766015,6.09098,2003
Paraguay,LAC,High,102.0,0.663,70.297,12.49347973,7347.283062,5.353254,2003
Peru,LAC,High,87.0,0.683,72.217,12.32927036,6612.102344,27.6233415,2003
Philippines,EAP,High,113.0,0.652,69.924,11.73099041,5160.855541,82.9428365,2003
Poland,,Very High,36.0,0.814,74.738,15.80753994,17165.28029,38.621531,2003
Portugal,,Very High,42.0,0.803,77.578,15.84165263,30125.92468,10.4733435,2003
Qatar,AS,Very High,40.0,0.801,75.565,11.90894985,79964.8911,0.7485255,2003
Romania,,Very High,53.0,0.733,69.8,12.96337986,14121.32986,21.48132,2003
Russian Federation,,Very High,56.0,0.757,65.264,14.28979015,16926.00977,144.9467225,2003
Rwanda,SSA,Low,161.0,0.385,53.368,8.123869896,994.9886857,8.5679915,2003
Saint Kitts and Nevis,LAC,Very High,51.0,,70.768,14.11287689,18496.40258,0.0464305,2003
Saint Lucia,LAC,High,108.0,0.701,71.771,12.4102348,11611.40784,0.1630465,2003
Saint Vincent and the Grenadines,LAC,High,81.0,0.712,72.352,12.58899975,9417.306377,0.113108,2003
Samoa,EAP,High,116.0,0.683,71.496,11.73373922,4641.213942,0.1874395,2003
San Marino,,Very High,43.0,0.883,80.731,15.13832843,81785.01019,0.028601,2003
Sao Tome and Principe,SSA,Medium,141.0,0.516,63.166,9.331330299,2590.056094,0.1537615,2003
Saudi Arabia,AS,Very High,40.0,0.765,73.628,12.80707848,40346.59133,23.1508475,2003
Senegal,SSA,Low,169.0,0.407,59.122,6.319156075,2661.151311,10.434504,2003
Serbia,ECA,Very High,65.0,0.71,72.442,12.99446011,10554.13357,7.887463,2003
Seychelles,SSA,Very High,67.0,0.749,70.982,12.16674995,17859.59472,0.083592,2003
Sierra Leone,SSA,Low,184.0,0.355,46.963,6.834935596,1152.993149,5.350907,2003
Singapore,EAP,Very High,9.0,0.878,79.398,15.7333133,57608.96629,4.2264135,2003
Slovakia,,Very High,45.0,0.783,73.82,14.04012012,16987.12875,5.3743755,2003
Slovenia,,Very High,22.0,0.858,76.672,16.69790077,28576.68939,1.9894115,2003
Solomon Islands,EAP,Medium,156.0,0.503,67.644,7.904266675,1872.431531,0.4612165,2003
Somalia,AS,Low,193.0,,50.614,,704.3868813,9.7582805,2003
South Africa,SSA,High,110.0,0.629,54.331,13.3492651,11052.83535,48.1040485,2003
South Sudan,SSA,Low,192.0,,50.253,,,6.992367,2003
Spain,,Very High,27.0,0.84,79.755,15.89052963,36449.21751,42.2302705,2003
Sri Lanka,SA,High,78.0,0.7,71.373,12.64645064,6435.019765,19.30318,2003
Sudan,AS,Low,170.0,0.438,58.2,5.778049946,4263.20752,28.188977,2003
Suriname,LAC,Medium,124.0,,65.596,11.16981411,12002.06899,0.50378,2003
Sweden,,Very High,5.0,0.914,80.195,18.55674934,43404.36197,8.9615065,2003
Switzerland,,Very High,1.0,0.893,80.532,15.10202026,62514.85955,7.330729,2003
Syrian Arab Republic,AS,Medium,157.0,0.613,72.414,10.47317982,6043.694783,17.6113555,2003
Tajikistan,ECA,Medium,126.0,0.581,65.552,10.30994034,1724.863173,6.6724915,2003
Tanzania (United Republic of),SSA,Low,167.0,0.425,54.895,7.224333176,1515.097412,37.333918,2003
Thailand,EAP,Very High,66.0,0.698,73.155,13.02565002,10762.06416,64.776956,2003
Timor-Leste,EAP,Medium,155.0,0.522,60.871,10.7194628,3081.92822,0.9267215,2003
Togo,SSA,Low,163.0,0.449,55.639,9.980640411,1710.238452,5.4210005,2003
Tonga,EAP,High,98.0,0.693,69.495,13.9333601,5533.988483,0.1044105,2003
Trinidad and Tobago,LAC,Very High,60.0,0.733,69.729,11.71137307,20287.33462,1.353548,2003
Tunisia,AS,High,101.0,0.669,74.305,12.99831009,7957.097835,10.193798,2003
Türkiye,ECA,Very High,45.0,0.691,72.89,12.22653008,15489.01398,66.867327,2003
Turkmenistan,ECA,High,94.0,,65.746,,6565.134231,4.7589875,2003
Tuvalu,EAP,Medium,132.0,0.608,63.631,11.13891734,4060.953905,0.0096685,2003
Uganda,SSA,Medium,159.0,0.427,50.368,10.08279885,1351.108502,26.3547365,2003
Ukraine,ECA,High,100.0,0.73,68.209,14.2719202,9293.322266,47.6056435,2003
United Arab Emirates,AS,Very High,17.0,0.807,76.222,11.35291448,93965.92346,3.813443,2003
United Kingdom,,Very High,15.0,0.879,78.334,16.10835075,41584.72606,59.649799,2003
United States,,Very High,20.0,0.898,77.154,15.93583393,52059.14826,291.1098205,2003
Uruguay,LAC,Very High,52.0,0.771,75.785,15.54574966,12630.57373,3.3102025,2003
Uzbekistan,ECA,High,106.0,0.624,67.04,11.44124031,2879.147182,25.905904,2003
Vanuatu,EAP,Medium,140.0,,69.276,9.913769722,2494.409326,0.2072585,2003
Venezuela (Bolivarian Republic of),LAC,Medium,119.0,0.702,71.94,11.66431999,13302.039,25.7820285,2003
Viet Nam,EAP,High,107.0,0.628,72.98,11.73630043,4270.592684,81.4758245,2003
Yemen,AS,Low,186.0,0.462,64.541,7.85695982,3363.702378,20.188799,2003
Zambia,SSA,Medium,153.0,0.448,48.284,9.211090851,2157.199829,10.837973,2003
Zimbabwe,SSA,Medium,159.0,0.414,43.393,10.28876972,1249.238173,12.0758285,2003
Very high human development,,,,0.842,75.98196106,15.03247964,34121.79962,1472.5466,2003
High human development,,,,0.649,71.5885507,11.571041,6530.217359,2468.779171,2003
Medium human development,,,,0.518,63.55341177,8.994287191,3099.777659,1658.45567,2003
Low human development,,,,0.424,55.00181683,6.509413179,2280.669677,737.4606155,2003
Arab States,,,,0.629,67.93947806,10.23669245,11468.64079,303.348853,2003
East Asia and the Pacific,,,,0.624,71.96608854,10.9901109,5000.563269,1871.305026,2003
Europe and Central Asia,,,,0.702,69.57779566,12.49328445,10023.1619,219.897155,2003
Latin America and the Caribbean,,,,0.698,71.98378447,12.8615078,11761.34653,538.8215425,2003
South Asia,,,,0.522,64.44514735,8.57836009,3327.674699,1557.31278,2003
Sub-Saharan Africa,,,,0.45,52.15694276,7.880541777,2757.237007,688.867957,2003
World,,,,0.661,68.58013822,10.66689186,11559.49549,6361.056078,2003
Afghanistan,SA,Low,182.0,0.395,57.944,7.600430012,1453.663264,23.5535505,2004
Albania,ECA,High,74.0,0.707,76.376,11.50094032,7756.637448,3.0626225,2004
Algeria,AS,High,93.0,0.683,71.762,12.47397995,9773.751115,32.510186,2004
Andorra,,Very High,35.0,0.828,80.084,10.46098995,54033.49199,0.0769335,2004
Angola,SSA,Medium,150.0,0.437,50.592,6.529750228,4926.365188,18.771125,2004
Antigua and Barbuda,LAC,Very High,54.0,,75.672,,17306.08578,0.078941,2004
Argentina,LAC,Very High,48.0,0.798,74.855,16.29898071,15983.82803,38.6687965,2004
Armenia,ECA,High,76.0,0.689,71.421,10.62845993,6610.487557,3.065745,2004
Australia,,Very High,10.0,0.908,80.751,21.43794145,40642.13043,19.925056,2004
Austria,,Very High,22.0,0.886,79.363,15.53296661,48564.17121,8.1712165,2004
Azerbaijan,ECA,High,89.0,0.67,67.346,12.17229513,5312.645342,8.556164,2004
Bahamas,LAC,Very High,57.0,0.795,72.478,11.5327457,35962.10629,0.3430895,2004
Bahrain,AS,Very High,34.0,0.795,76.56,12.56597996,45712.9919,0.833451,2004
Bangladesh,SA,Medium,129.0,0.518,67.187,8.376817449,2650.779756,138.789725,2004
Barbados,LAC,Very High,62.0,0.774,74.727,14.88556004,14947.69385,0.268505,2004
Belarus,ECA,Very High,69.0,0.74,69.406,14.25321369,10827.63384,9.9997125,2004
Belgium,,Very High,12.0,0.899,78.96,18.48070908,46185.42662,10.4561625,2004
Belize,LAC,High,118.0,0.685,69.227,13.1324501,8920.40806,0.2721285,2004
Benin,SSA,Low,173.0,0.444,56.826,8.376919746,2551.159187,7.894554,2004
Bhutan,SA,Medium,125.0,,65.268,9.084559679,4952.215564,0.649991,2004
Bolivia (Plurinational State of),LAC,Medium,120.0,0.626,64.004,13.38159478,5269.672724,9.216279,2004
Bosnia and Herzegovina,ECA,High,80.0,0.678,76.133,11.93883194,8550.370513,4.14286,2004
Botswana,SSA,High,114.0,0.591,51.617,11.60266972,11256.24942,1.859085,2004
Brazil,LAC,High,89.0,0.689,71.131,13.57056715,11916.80496,184.722043,2004
Brunei Darussalam,EAP,Very High,55.0,0.807,74.65,12.60894012,70650.69095,0.3604605,2004
Bulgaria,,High,70.0,0.76,72.609,13.87141991,13856.39431,7.8653165,2004
Burkina Faso,SSA,Low,185.0,0.317,52.416,4.13158989,1393.002741,13.445977,2004
Burundi,SSA,Low,187.0,0.333,52.01,5.989830017,795.6265511,7.120496,2004
Cabo Verde,SSA,Medium,131.0,0.615,71.999,11.11141014,5074.355104,0.486583,2004
Cambodia,EAP,Medium,148.0,0.499,63.552,10.84488964,1844.68319,13.0163705,2004
Cameroon,SSA,Medium,151.0,0.458,54.178,8.608369827,3180.440666,16.809407,2004
Canada,,Very High,18.0,0.901,80.033,15.44045857,42769.21713,31.9116685,2004
Central African Republic,SSA,Low,191.0,0.326,46.038,5.316977669,1036.926236,4.115138,2004
Chad,SSA,Low,189.0,0.327,48.232,5.705689907,1303.128404,9.613503,2004
Chile,LAC,Very High,44.0,0.787,77.616,14.06828022,16392.18254,16.0179655,2004
China,EAP,High,75.0,0.631,73.748,11.19850826,4805.650617,1296.816711,2004
Colombia,LAC,High,91.0,0.689,72.695,12.65600014,9493.243988,41.6482685,2004
Comoros,SSA,Medium,152.0,0.484,59.48,9.277261353,2870.818359,0.5811535,2004
Congo,SSA,Medium,149.0,0.525,56.986,8.799640656,3019.128267,3.5430115,2004
Congo (Democratic Republic of the),SSA,Low,180.0,0.388,53.426,7.244670153,716.4190545,54.815607,2004
Costa Rica,LAC,Very High,64.0,0.731,78.331,12.06894016,13150.87934,4.2527995,2004
Côte d'Ivoire,SSA,Low,166.0,0.451,51.363,7.000549952,2519.287947,18.5449025,2004
Croatia,,Very High,39.0,0.801,75.502,14.10561991,22457.7178,4.44335,2004
Cuba,LAC,High,85.0,0.728,76.912,14.38751984,4971.458978,11.2252945,2004
Cyprus,,Very High,29.0,0.83,77.944,13.46362972,34417.13281,1.0186845,2004
Czechia,,Very High,32.0,0.838,75.943,14.99580002,27146.66659,10.260999,2004
Denmark,,Very High,5.0,0.906,77.784,16.51910973,50509.88887,5.415586,2004
Djibouti,AS,Low,171.0,0.365,57.759,4.09236002,1939.485189,0.818373,2004
Dominica,LAC,High,97.0,0.723,72.401,14.63742213,10150.57175,0.068574,2004
Dominican Republic,LAC,High,82.0,0.663,70.331,11.96164211,8668.309144,9.043127,2004
Ecuador,LAC,High,83.0,0.708,74.279,13.57184269,8787.608591,13.5345925,2004
Egypt,AS,High,105.0,0.635,68.613,10.78256035,8227.825296,77.5224265,2004
El Salvador,LAC,Medium,127.0,0.633,70.34,12.16205025,6503.160265,6.0356555,2004
Equatorial Guinea,SSA,Medium,133.0,0.556,55.036,7.303017575,13922.27655,0.826355,2004
Eritrea,SSA,Low,175.0,,59.899,8.561380386,1592.591393,2.7631395,2004
Estonia,,Very High,31.0,0.836,72.644,16.25458908,22664.90771,1.3624805,2004
Eswatini (Kingdom of),SSA,Medium,142.0,0.436,42.538,10.02122021,6001.424052,1.0657635,2004
Ethiopia,SSA,Low,176.0,0.323,53.235,5.507180214,778.9306581,75.3010255,2004
Fiji,EAP,High,104.0,0.682,66.424,12.37187958,9969.340301,0.8666945,2004
Finland,,Very High,12.0,0.901,78.846,17.11433983,44041.31169,5.228141,2004
France,,Very High,28.0,0.861,80.339,14.85523987,41833.87387,60.108438,2004
Gabon,SSA,Medium,123.0,0.638,61.838,11.68348863,12885.06501,1.4171095,2004
Gambia,SSA,Low,174.0,0.419,58.088,6.668386203,2129.530433,1.612225,2004
Georgia,ECA,Very High,60.0,0.727,70.567,13.50691032,6751.491447,3.9888595,2004
Germany,,Very High,7.0,0.915,79.126,16.44995195,43867.5782,81.266673,2004
Ghana,SSA,Medium,145.0,0.517,59.191,7.566929817,2951.438148,21.906444,2004
Greece,,Very High,33.0,0.852,79.289,16.24897003,33944.35493,11.1150905,2004
Grenada,LAC,High,73.0,0.754,71.788,15.93736478,10529.17824,0.1095165,2004
Guatemala,LAC,Medium,136.0,0.57,69.165,9.470244217,6565.080562,12.8524365,2004
Guinea,SSA,Low,181.0,0.377,54.117,6.622469902,1805.090781,8.961039,2004
Guinea-Bissau,SSA,Low,179.0,,52.15,8.54484143,1573.871354,1.347009,2004
Guyana,LAC,High,95.0,0.604,64.93,10.82208014,6104.870163,0.7604245,2004
Haiti,LAC,Medium,158.0,0.494,58.475,9.491566297,2863.047666,8.9614895,2004
Honduras,LAC,Medium,138.0,0.57,69.796,9.638955371,4107.875786,7.3834065,2004
"Hong Kong, China (SAR)",,Very High,4.0,0.863,81.412,14.04843044,41308.53205,6.9159985,2004
Hungary,,Very High,47.0,0.802,72.906,15.17978001,21877.12589,10.0944925,2004
Iceland,,Very High,3.0,0.92,80.979,17.92898941,42455.99164,0.2923605,2004
India,SA,Medium,134.0,0.523,64.524,9.242310286,3016.521814,1136.264583,2004
Indonesia,EAP,High,112.0,0.621,65.75,11.32516003,6060.293095,225.9385945,2004
Iran (Islamic Republic of),SA,High,78.0,0.722,71.37,12.0468998,13103.38996,69.0616745,2004
Iraq,AS,Medium,128.0,0.588,65.031,9.427379608,6670.300199,27.858948,2004
Ireland,,Very High,7.0,0.888,78.513,17.24028015,48571.80552,4.0319545,2004
Israel,,Very High,25.0,0.847,80.147,14.66952038,29138.63193,6.5959865,2004
Italy,,Very High,30.0,0.866,81.02,16.06411934,44043.31656,57.860661,2004
Jamaica,LAC,High,115.0,0.68,70.86,11.61485004,9548.909555,2.6640245,2004
Japan,,Very High,24.0,0.893,82.131,15.1133164,38324.18776,127.6712885,2004
Jordan,AS,High,99.0,0.707,72.772,12.55381012,10352.06707,5.532423,2004
Kazakhstan,ECA,Very High,67.0,0.729,64.857,13.84398651,14758.68163,15.5219225,2004
Kenya,SSA,Medium,146.0,0.513,56.361,9.378029823,3280.830248,34.791836,2004
Kiribati,EAP,Medium,137.0,0.585,64.989,11.50774002,2673.620058,0.096224,2004
Korea (Democratic People's Rep. of),EAP,,,,69.437,,,23.94893,2004
Korea (Republic of),,Very High,19.0,0.853,78.006,16.16551018,27465.43359,47.7272855,2004
Kuwait,AS,Very High,49.0,0.8,76.792,13.71343994,79223.75136,2.1534805,2004
Kyrgyzstan,ECA,High,117.0,0.638,66.297,11.98087978,3396.482032,5.13704,2004
Lao People's Democratic Republic,EAP,Medium,139.0,0.506,60.293,8.880860329,3218.955845,5.7681675,2004
Latvia,,Very High,37.0,0.805,70.925,16.10833931,17802.92261,2.263443,2004
Lebanon,AS,High,109.0,,75.976,10.244831,13625.79118,4.5747975,2004
Lesotho,SSA,Low,168.0,0.448,43.711,10.63400507,2810.747334,1.985384,2004
Liberia,SSA,Low,177.0,0.435,56.013,10.13947609,1115.181346,3.1224465,2004
Libya,AS,High,92.0,0.758,71.49,15.696056,28160.84227,5.6875625,2004
Liechtenstein,,Very High,12.0,0.91,82.0,14.65596008,100632.7807,0.0343,2004
Lithuania,,Very High,37.0,0.813,72.228,16.39171028,18789.59077,3.422591,2004
Luxembourg,,Very High,20.0,0.881,79.22,13.35352993,99738.93059,0.4577885,2004
Madagascar,SSA,Low,177.0,0.459,60.149,8.524897448,1476.594045,18.250774,2004
Malawi,SSA,Low,172.0,0.41,50.453,10.46848965,1062.348894,12.411342,2004
Malaysia,EAP,Very High,63.0,0.731,73.898,12.70936012,16512.29032,25.333247,2004
Maldives,SA,High,87.0,0.656,73.538,12.02897894,15287.20714,0.3021345,2004
Mali,SSA,Low,188.0,0.355,53.538,5.589659929,1785.697685,12.7519945,2004
Malta,,Very High,25.0,0.826,79.194,14.93609047,28128.2309,0.4087985,2004
Marshall Islands,EAP,High,102.0,,63.695,11.68278083,4344.048524,0.0544355,2004
Mauritania,SSA,Low,164.0,0.48,61.593,6.906650066,4408.611626,2.9465755,2004
Mauritius,SSA,High,72.0,0.711,72.484,13.03042984,13761.0278,1.25038,2004
Mexico,LAC,High,77.0,0.729,74.372,12.6633997,17467.55788,103.945813,2004
Micronesia (Federated States of),EAP,Medium,135.0,0.641,70.838,12.8313535,3802.14578,0.1114375,2004
Moldova (Republic of),ECA,High,86.0,0.691,67.861,11.93317032,7459.796973,4.0469955,2004
Monaco,,,,,84.229,18.10935352,,0.0322365,2004
Mongolia,EAP,High,96.0,0.646,64.796,11.79345989,5658.09353,2.537949,2004
Montenegro,ECA,Very High,50.0,0.758,74.695,12.25718021,14120.51718,0.6325455,2004
Morocco,AS,Medium,120.0,0.564,68.231,9.891050339,5567.89502,30.0331245,2004
Mozambique,SSA,Low,183.0,0.349,51.249,7.765130043,784.9239942,19.6944105,2004
Myanmar,EAP,Medium,144.0,0.445,61.25,8.312039852,1550.477855,47.338446,2004
Namibia,SSA,Medium,142.0,0.551,51.246,11.70338488,7909.795643,1.9394055,2004
Nauru,EAP,Medium,122.0,,58.072,7.935050011,,0.0103345,2004
Nepal,SA,Medium,146.0,0.484,64.818,9.077980042,2171.980392,26.003965,2004
Netherlands,,Very High,10.0,0.896,79.231,16.29899979,47860.08741,16.1960355,2004
New Zealand,,Very High,16.0,0.912,79.371,18.00736192,34547.76015,4.0814085,2004
Nicaragua,LAC,Medium,130.0,0.58,67.423,10.71730287,4060.672527,5.386223,2004
Niger,SSA,Low,189.0,0.286,52.589,3.304039955,969.9927014,13.3668845,2004
Nigeria,SSA,Low,161.0,0.461,48.767,8.914290428,3492.818111,136.7568475,2004
North Macedonia,ECA,High,83.0,0.697,73.782,11.65237045,10692.70481,2.0758745,2004
Norway,,Very High,2.0,0.929,79.965,17.55905914,61216.44791,4.592277,2004
Oman,AS,Very High,59.0,0.74,74.329,11.74231005,35640.24301,2.468855,2004
Pakistan,SA,Low,164.0,0.468,63.052,5.15583992,3601.613979,170.64862,2004
Palau,EAP,High,71.0,0.768,67.191,14.57649642,14845.96992,0.0199075,2004
"Palestine, State of",AS,High,111.0,0.652,71.182,12.72622967,4706.169255,3.460125,2004
Panama,LAC,Very High,57.0,0.744,75.544,12.92230034,14721.94291,3.243311,2004
Papua New Guinea,EAP,Medium,154.0,0.465,61.761,6.912822849,2780.717291,6.293166,2004
Paraguay,LAC,High,102.0,0.671,70.481,12.73396015,7737.795073,5.4163235,2004
Peru,LAC,High,87.0,0.69,72.668,12.58325958,6747.885231,27.8939115,2004
Philippines,EAP,High,113.0,0.658,70.037,11.72441006,5380.62924,84.607501,2004
Poland,,Very High,36.0,0.812,74.972,15.17918968,17639.50258,38.596042,2004
Portugal,,Very High,42.0,0.811,78.42,15.88689822,30515.24411,10.501522,2004
Qatar,AS,Very High,40.0,0.804,75.961,11.77958012,86783.93427,0.7779435,2004
Romania,,Very High,53.0,0.74,69.503,13.08275032,15385.09999,21.2892855,2004
Russian Federation,,Very High,56.0,0.764,65.904,14.18550014,18366.39453,144.3536365,2004
Rwanda,SSA,Low,161.0,0.403,55.491,8.727230072,1041.9022,8.7918525,2004
Saint Kitts and Nevis,LAC,Very High,51.0,,71.303,14.20757561,19518.34013,0.0465795,2004
Saint Lucia,LAC,High,108.0,0.706,72.028,12.45981026,12160.13293,0.164239,2004
Saint Vincent and the Grenadines,LAC,High,81.0,0.719,73.035,12.68760967,9789.935644,0.1126075,2004
Samoa,EAP,High,116.0,0.688,71.696,11.77507221,4852.951202,0.1880735,2004
San Marino,,Very High,43.0,0.885,80.703,15.15447474,83392.57289,0.0290925,2004
Sao Tome and Principe,SSA,Medium,141.0,0.522,63.731,9.598179817,2613.451058,0.157697,2004
Saudi Arabia,AS,Very High,40.0,0.775,74.153,12.94958138,42733.66399,23.661808,2004
Senegal,SSA,Low,169.0,0.414,60.027,6.595540047,2721.399676,10.698691,2004
Serbia,ECA,Very High,65.0,0.721,72.617,13.03594971,11509.97947,7.8633945,2004
Seychelles,SSA,Very High,67.0,0.748,71.162,11.6838398,18703.87658,0.0847145,2004
Sierra Leone,SSA,Low,184.0,0.363,47.577,7.063205033,1185.100947,5.533329,2004
Singapore,EAP,Very High,9.0,0.886,79.765,15.80133562,60433.088,4.2704015,2004
Slovakia,,Very High,45.0,0.793,74.219,14.29823017,18093.21095,5.3749305,2004
Slovenia,,Very High,22.0,0.864,77.485,16.38866043,29613.3798,1.9967215,2004
Solomon Islands,EAP,Medium,156.0,0.51,67.801,8.081283251,1998.349012,0.471785,2004
Somalia,AS,Low,193.0,,50.538,,728.6632995,10.1173545,2004
South Africa,SSA,High,110.0,0.63,54.043,13.37078232,11525.06911,48.556071,2004
South Sudan,SSA,Low,192.0,,50.917,,,7.3171175,2004
Spain,,Very High,27.0,0.846,80.336,15.93443966,36903.10033,42.959666,2004
Sri Lanka,SA,High,78.0,0.683,67.091,12.73616624,6716.569854,19.490431,2004
Sudan,AS,Low,170.0,0.441,56.773,6.159719944,4334.572754,28.8315495,2004
Suriname,LAC,Medium,124.0,0.667,66.416,11.15810776,12802.88559,0.510572,2004
Sweden,,Very High,5.0,0.901,80.546,16.02107048,44607.66273,9.0042625,2004
Switzerland,,Very High,1.0,0.898,81.053,15.18083,63532.98537,7.381151,2004
Syrian Arab Republic,AS,Medium,157.0,0.626,72.475,10.85873032,6318.206013,18.084007,2004
Tajikistan,ECA,Medium,126.0,0.591,66.028,10.42245007,1897.757666,6.801204,2004
Tanzania (United Republic of),SSA,Low,167.0,0.435,55.596,7.529327026,1584.674561,38.360879,2004
Thailand,EAP,Very High,66.0,0.707,73.08,13.16057968,11314.89889,65.3111655,2004
Timor-Leste,EAP,Medium,155.0,0.536,61.628,11.08924566,3356.492675,0.9459885,2004
Togo,SSA,Low,163.0,0.448,55.569,10.07437992,1644.671577,5.5652185,2004
Tonga,EAP,High,98.0,0.694,69.67,14.07183838,5428.14194,0.105036,2004
Trinidad and Tobago,LAC,Very High,60.0,0.747,71.076,11.82262039,22475.10452,1.3611725,2004
Tunisia,AS,High,101.0,0.679,74.49,13.3390398,8362.64361,10.2922245,2004
Türkiye,ECA,Very High,45.0,0.696,73.24,12.1072998,16788.3171,67.785075,2004
Turkmenistan,ECA,High,94.0,,66.075,,6788.651313,4.819792,2004
Tuvalu,EAP,Medium,132.0,0.614,63.693,11.2192312,4344.621446,0.0097915,2004
Uganda,SSA,Medium,159.0,0.441,51.547,10.64039993,1392.235363,27.1460835,2004
Ukraine,ECA,High,100.0,0.739,68.402,14.25391006,10487.58984,47.2619605,2004
United Arab Emirates,AS,Very High,17.0,0.811,76.453,11.45957491,98831.89033,3.993339,2004
United Kingdom,,Very High,15.0,0.889,78.904,16.55463982,42188.55599,59.9958505,2004
United States,,Very High,20.0,0.902,77.558,16.02196741,53628.28871,293.9478855,2004
Uruguay,LAC,Very High,52.0,0.77,76.007,15.48838997,13218.25949,3.313801,2004
Uzbekistan,ECA,High,106.0,0.631,67.401,11.46860981,3077.753807,26.2349225,2004
Vanuatu,EAP,Medium,140.0,,69.313,9.90997982,2515.958511,0.2124215,2004
Venezuela (Bolivarian Republic of),LAC,Medium,119.0,0.713,72.514,11.8837204,15486.2,26.226927,2004
Viet Nam,EAP,High,107.0,0.637,73.135,11.92419696,4533.314831,82.3112265,2004
Yemen,AS,Low,186.0,0.47,65.006,8.075110435,3386.742663,20.733406,2004
Zambia,SSA,Medium,153.0,0.459,49.487,9.654508209,2156.252472,11.18804,2004
Zimbabwe,SSA,Medium,159.0,0.419,44.502,10.3613898,1189.307195,12.1608815,2004
Very high human development,,,,0.847,76.43452113,15.06665509,35280.0645,1481.472532,2004
High human development,,,,0.657,71.71965824,11.78280433,6934.489045,2491.395831,2004
Medium human development,,,,0.527,63.96827119,9.252316021,3320.18193,1688.123565,2004
Low human development,,,,0.434,55.40830042,6.840843733,2386.398161,757.7912155,2004
Arab States,,,,0.636,67.97398185,10.42939261,12193.14222,309.9453845,2004
East Asia and the Pacific,,,,0.633,72.04517219,11.26245395,5386.190052,1886.944466,2004
Europe and Central Asia,,,,0.709,69.89492645,12.50290467,10943.57717,220.99669,2004
Latin America and the Caribbean,,,,0.705,72.30698329,13.00157732,12227.54064,545.748838,2004
South Asia,,,,0.53,64.8376745,8.812441531,3498.617841,1584.764675,2004
Sub-Saharan Africa,,,,0.459,52.72303403,8.168346596,2863.185052,707.629508,2004
World,,,,0.667,68.84585656,10.85267425,12000.20406,6442.764309,2004
Afghanistan,SA,Low,182.0,0.402,58.361,7.858029938,1508.275616,24.4111905,2005
Albania,ECA,High,74.0,0.72,76.621,12.2344799,8197.982293,3.032634,2005
Algeria,AS,High,93.0,0.69,72.061,12.72078991,10106.23758,32.9566905,2005
Andorra,,Very High,35.0,0.828,81.76,10.48631954,54886.10447,0.0798255,2005
Angola,SSA,Medium,150.0,0.451,51.57,6.956728597,5385.175682,19.4509585,2005
Antigua and Barbuda,LAC,Very High,54.0,,75.825,,18613.87927,0.079869,2005
Argentina,LAC,Very High,48.0,0.802,75.139,16.01845932,17191.18749,39.0705005,2005
Armenia,ECA,High,76.0,0.701,71.792,10.88076973,7579.667948,3.047246,2005
Australia,,Very High,10.0,0.911,81.113,21.60246319,41168.0418,20.1717305,2005
Austria,,Very High,22.0,0.889,79.521,15.60798105,49280.0232,8.2270345,2005
Azerbaijan,ECA,High,89.0,0.682,67.562,12.25235925,6251.171806,8.6562365,2005
Bahamas,LAC,Very High,57.0,0.798,72.765,11.5501198,36554.31412,0.347804,2005
Bahrain,AS,Very High,34.0,0.791,76.931,12.15157986,45664.45993,0.901921,2005
Bangladesh,SA,Medium,129.0,0.525,67.299,8.579440117,2784.390803,140.9125895,2005
Barbados,LAC,Very High,62.0,0.779,74.89,15.05956999,15448.4397,0.269477,2005
Belarus,ECA,Very High,69.0,0.749,69.416,14.54701767,11950.98438,9.935163,2005
Belgium,,Very High,12.0,0.901,79.053,18.83530998,46929.14679,10.516978,2005
Belize,LAC,High,118.0,0.682,69.376,12.57670975,8908.249266,0.280375,2005
Benin,SSA,Low,173.0,0.45,57.125,8.762456894,2522.060101,8.149419,2005
Bhutan,SA,Medium,125.0,,65.805,9.379599571,5253.964344,0.663323,2005
Bolivia (Plurinational State of),LAC,Medium,120.0,0.634,64.386,13.93571099,5432.848949,9.377388,2005
Bosnia and Herzegovina,ECA,High,80.0,0.679,75.42,12.10950332,8935.395199,4.094297,2005
Botswana,SSA,High,114.0,0.601,52.61,11.6691103,11696.33028,1.892807,2005
Brazil,LAC,High,89.0,0.696,71.753,13.61777984,12169.84951,186.7973335,2005
Brunei Darussalam,EAP,Very High,55.0,0.811,74.731,12.88778973,69714.5332,0.3667175,2005
Bulgaria,,High,70.0,0.765,72.592,14.02011013,14824.54359,7.8152215,2005
Burkina Faso,SSA,Low,185.0,0.327,53.092,4.500529766,1463.960229,13.876127,2005
Burundi,SSA,Low,187.0,0.342,53.023,6.369110107,783.3718757,7.3888745,2005
Cabo Verde,SSA,Medium,131.0,0.622,72.68,11.25413036,5255.407629,0.4928275,2005
Cambodia,EAP,Medium,148.0,0.51,64.293,11.0031147,2040.3348,13.246583,2005
Cameroon,SSA,Medium,151.0,0.459,54.362,8.567790031,3150.784011,17.2751705,2005
Canada,,Very High,18.0,0.903,80.136,15.36077581,43762.61367,32.215916,2005
Central African Republic,SSA,Low,191.0,0.33,46.433,5.418814126,1043.743883,4.2088345,2005
Chad,SSA,Low,189.0,0.329,48.312,5.545400143,1378.763277,10.005012,2005
Chile,LAC,Very High,44.0,0.795,78.016,14.38132,17046.35547,16.175311,2005
China,EAP,High,75.0,0.643,74.111,11.54452419,5299.359222,1304.887562,2005
Colombia,LAC,High,91.0,0.701,73.081,13.17887974,9905.979478,42.22094,2005
Comoros,SSA,Medium,152.0,0.491,59.604,9.526122284,2897.334374,0.592683,2005
Congo,SSA,Medium,149.0,0.539,58.126,9.010091782,3387.866765,3.672839,2005
Congo (Democratic Republic of the),SSA,Low,180.0,0.392,53.927,7.321386814,727.5172759,56.5502465,2005
Costa Rica,LAC,Very High,64.0,0.739,78.505,12.34011868,13543.77642,4.315887,2005
Côte d'Ivoire,SSA,Low,166.0,0.453,51.824,7.128867912,2505.537046,18.970215,2005
Croatia,,Very High,39.0,0.806,75.408,14.34375954,23233.44595,4.4296815,2005
Cuba,LAC,High,85.0,0.741,77.047,14.8090601,5530.208371,11.246114,2005
Cyprus,,Very High,29.0,0.833,78.101,13.36178017,35767.47266,1.0370615,2005
Czechia,,Very High,32.0,0.847,76.159,15.25259018,28955.75209,10.280113,2005
Denmark,,Very High,5.0,0.911,78.224,16.77968979,51891.16222,5.4363125,2005
Djibouti,AS,Low,171.0,0.374,58.316,4.365839958,1973.299836,0.8308615,2005
Dominica,LAC,High,97.0,0.724,72.254,14.56706701,10328.09245,0.0686735,2005
Dominican Republic,LAC,High,82.0,0.674,70.875,12.17171191,9671.668674,9.164768,2005
Ecuador,LAC,High,83.0,0.714,74.514,13.75103982,9144.90894,13.7700115,2005
Egypt,AS,High,105.0,0.637,68.779,10.84283428,8425.170258,79.0753095,2005
El Salvador,LAC,Medium,127.0,0.64,70.44,12.4198103,6674.018118,6.037817,2005
Equatorial Guinea,SSA,Medium,133.0,0.57,55.464,7.60478694,16681.15697,0.8647265,2005
Eritrea,SSA,Low,175.0,0.466,60.597,8.337298298,1584.907629,2.831732,2005
Estonia,,Very High,31.0,0.848,73.197,16.49143982,25191.31022,1.354662,2005
Eswatini (Kingdom of),SSA,Medium,142.0,0.439,42.125,10.31523991,6698.02301,1.071886,2005
Ethiopia,SSA,Low,176.0,0.343,54.008,6.314970016,850.7820903,77.4699405,2005
Fiji,EAP,High,104.0,0.684,66.632,12.45875078,9774.009275,0.8749235,2005
Finland,,Very High,12.0,0.904,78.971,17.19054985,44976.90591,5.246071,2005
France,,Very High,28.0,0.869,80.339,15.43264008,42345.12258,60.5100795,2005
Gabon,SSA,Medium,123.0,0.643,61.959,11.72905474,13508.50926,1.458353,2005
Gambia,SSA,Low,174.0,0.422,58.394,6.884464667,2018.049516,1.660368,2005
Georgia,ECA,Very High,60.0,0.738,71.13,13.76416016,7423.628632,3.9611815,2005
Germany,,Very High,7.0,0.916,79.262,16.52160501,44309.40458,81.212168,2005
Ghana,SSA,Medium,145.0,0.529,59.76,8.221770287,3083.588156,22.496951,2005
Greece,,Very High,33.0,0.864,79.59,16.97878075,34612.46281,11.1134475,2005
Grenada,LAC,High,73.0,0.773,73.521,16.0119798,12752.43239,0.1102535,2005
Guatemala,LAC,Medium,136.0,0.574,69.168,9.746726227,6637.011274,13.132814,2005
Guinea,SSA,Low,181.0,0.387,54.632,7.105619907,1820.935239,9.1401145,2005
Guinea-Bissau,SSA,Low,179.0,0.402,52.249,8.702759743,1602.89303,1.3797125,2005
Guyana,LAC,High,95.0,0.615,65.132,11.19029045,6606.539365,0.759709,2005
Haiti,LAC,Medium,158.0,0.506,60.415,9.607875761,2893.704832,9.1119005,2005
Honduras,LAC,Medium,138.0,0.575,70.104,9.757064056,4273.268558,7.564613,2005
"Hong Kong, China (SAR)",,Very High,4.0,0.871,81.771,14.20232964,43535.85559,6.9368745,2005
Hungary,,Very High,47.0,0.807,72.865,15.36423969,22839.37781,10.0735255,2005
Iceland,,Very High,3.0,0.926,81.242,18.1415596,44540.58303,0.2970285,2005
India,SA,Medium,134.0,0.532,64.996,9.490990162,3203.00131,1154.638713,2005
Indonesia,EAP,High,112.0,0.634,67.649,11.23674011,6306.644162,228.8051435,2005
Iran (Islamic Republic of),SA,High,78.0,0.727,71.838,12.03252029,13300.54931,70.1825935,2005
Iraq,AS,Medium,128.0,0.591,64.844,9.659049664,6704.469036,28.6986845,2005
Ireland,,Very High,7.0,0.894,78.916,17.23913956,50383.23089,4.1212155,2005
Israel,,Very High,25.0,0.856,80.217,14.64525986,30414.99976,6.714124,2005
Italy,,Very High,30.0,0.869,81.023,16.1909008,44329.46336,58.199876,2005
Jamaica,LAC,High,115.0,0.685,71.044,11.84745026,9599.872338,2.676863,2005
Japan,,Very High,24.0,0.894,82.012,15.14465564,39119.14324,127.798373,2005
Jordan,AS,High,99.0,0.713,72.932,12.41283989,10935.93222,5.6785345,2005
Kazakhstan,ECA,Very High,67.0,0.739,65.117,14.24550819,15396.17221,15.6562485,2005
Kenya,SSA,Medium,146.0,0.521,57.344,9.427020073,3398.430145,35.84301,2005
Kiribati,EAP,Medium,137.0,0.585,64.967,11.48591995,2672.507286,0.098164,2005
Korea (Democratic People's Rep. of),EAP,,,,69.285,,,24.100982,2005
Korea (Republic of),,Very High,19.0,0.861,78.519,16.36128998,28433.86694,47.8895725,2005
Kuwait,AS,Very High,49.0,0.8,76.903,13.71689692,84910.56842,2.2354025,2005
Kyrgyzstan,ECA,High,117.0,0.64,66.385,12.04775047,3394.227671,5.1931135,2005
Lao People's Democratic Republic,EAP,Medium,139.0,0.516,60.98,9.123129845,3446.874078,5.85297,2005
Latvia,,Very High,37.0,0.815,70.778,16.40514946,20129.36106,2.2331565,2005
Lebanon,AS,High,109.0,0.71,76.273,10.29364421,14222.71443,4.6430445,2005
Lesotho,SSA,Low,168.0,0.447,43.233,10.79631042,2695.302296,1.977424,2005
Liberia,SSA,Low,177.0,0.439,56.912,10.06565271,1122.36208,3.266318,2005
Libya,AS,High,92.0,0.764,71.592,15.58862231,30849.58809,5.837986,2005
Liechtenstein,,Very High,12.0,0.902,80.823,14.27686024,107986.8469,0.0346035,2005
Lithuania,,Very High,37.0,0.821,71.742,16.7774601,20713.77698,3.373533,2005
Luxembourg,,Very High,20.0,0.882,79.401,13.28934002,101427.5734,0.4648595,2005
Madagascar,SSA,Low,177.0,0.464,60.57,8.700240135,1492.356821,18.7921705,2005
Malawi,SSA,Low,172.0,0.417,52.044,10.32409,1067.461465,12.7556485,2005
Malaysia,EAP,Very High,63.0,0.728,74.096,12.34197998,17166.00666,25.923536,2005
Maldives,SA,High,87.0,0.655,74.751,12.03828835,13382.37702,0.307018,2005
Mali,SSA,Low,188.0,0.364,54.003,5.905119956,1841.853247,13.180551,2005
Malta,,Very High,25.0,0.834,79.647,14.93362999,28280.55,0.410208,2005
Marshall Islands,EAP,High,102.0,,63.585,11.94276608,4514.202372,0.0543365,2005
Mauritania,SSA,Low,164.0,0.485,61.656,6.956550121,4660.940673,3.0123605,2005
Mauritius,SSA,High,72.0,0.719,72.675,13.35694027,13913.91416,1.258048,2005
Mexico,LAC,High,77.0,0.733,74.376,12.71755981,17507.35638,105.4424015,2005
Micronesia (Federated States of),EAP,Medium,135.0,0.642,70.884,12.83958555,3897.196543,0.11094,2005
Moldova (Republic of),ECA,High,86.0,0.698,68.169,11.99112988,8016.722202,4.001382,2005
Monaco,,,,,84.808,18.14565819,,0.0321405,2005
Mongolia,EAP,High,96.0,0.658,64.879,12.69904041,5818.412056,2.559255,2005
Montenegro,ECA,Very High,50.0,0.761,74.262,12.6634798,14135.22145,0.6328755,2005
Morocco,AS,Medium,120.0,0.57,68.704,10.01336002,5699.209473,30.431902,2005
Mozambique,SSA,Low,183.0,0.359,51.561,8.379469872,798.6799631,20.2111145,2005
Myanmar,EAP,Medium,144.0,0.456,61.599,8.436699867,1742.60921,47.7244715,2005
Namibia,SSA,Medium,142.0,0.553,51.787,11.59650993,7806.446782,1.962865,2005
Nauru,EAP,Medium,122.0,0.527,58.161,9.559439659,3801.733786,0.0103175,2005
Nepal,SA,Medium,146.0,0.492,65.457,9.295350075,2236.377591,26.28511,2005
Netherlands,,Very High,10.0,0.899,79.48,16.43285942,48605.60021,16.261831,2005
New Zealand,,Very High,16.0,0.917,80.057,18.13667724,35018.83525,4.132781,2005
Nicaragua,LAC,Medium,130.0,0.585,67.936,10.75875937,4224.756102,5.454678,2005
Niger,SSA,Low,189.0,0.296,53.59,3.529139996,1004.83543,13.8552215,2005
Nigeria,SSA,Low,161.0,0.468,49.297,8.961859703,3589.479025,140.490722,2005
North Macedonia,ECA,High,83.0,0.704,73.745,11.76284981,11047.00576,2.0786625,2005
Norway,,Very High,2.0,0.93,80.17,17.43656921,62999.79362,4.623689,2005
Oman,AS,Very High,59.0,0.748,74.396,11.91827011,35381.62849,2.515192,2005
Pakistan,SA,Low,164.0,0.477,62.466,5.463049889,3757.416611,174.372098,2005
Palau,EAP,High,71.0,0.779,66.992,14.79387797,18133.2838,0.019831,2005
"Palestine, State of",AS,High,111.0,0.662,72.067,12.67113972,5185.337632,3.5411925,2005
Panama,LAC,Very High,57.0,0.75,75.829,12.93978977,15424.21998,3.305868,2005
Papua New Guinea,EAP,Medium,154.0,0.469,61.801,7.10527999,2780.001175,6.498818,2005
Paraguay,LAC,High,102.0,0.673,70.527,12.60157967,7901.043039,5.476878,2005
Peru,LAC,High,87.0,0.685,72.986,12.61705971,7023.716574,28.147267,2005
Philippines,EAP,High,113.0,0.659,70.24,11.58979034,5560.592813,86.2612505,2005
Poland,,Very High,36.0,0.819,75.094,15.37594032,18480.85823,38.575911,2005
Portugal,,Very High,42.0,0.813,78.305,15.93214381,30676.1496,10.5233145,2005
Qatar,AS,Very High,40.0,0.811,76.064,11.83990002,80197.34454,0.84871,2005
Romania,,Very High,53.0,0.75,70.609,13.0271101,16398.89563,21.0922635,2005
Russian Federation,,Very High,56.0,0.767,66.075,14.08121014,19541.54883,143.8000495,2005
Rwanda,SSA,Low,161.0,0.421,57.316,9.165909767,1115.20756,9.0262995,2005
Saint Kitts and Nevis,LAC,Very High,51.0,0.759,71.362,14.30227432,21733.44757,0.0467255,2005
Saint Lucia,LAC,High,108.0,0.711,72.245,12.75965023,12039.46138,0.1653855,2005
Saint Vincent and the Grenadines,LAC,High,81.0,0.727,73.516,12.90837774,10115.56596,0.1120425,2005
Samoa,EAP,High,116.0,0.692,71.754,11.81640519,5043.468356,0.188626,2005
San Marino,,Very High,43.0,0.888,81.218,15.17062104,83103.3466,0.029508,2005
Sao Tome and Principe,SSA,Medium,141.0,0.529,63.709,9.876130104,2747.296088,0.1616805,2005
Saudi Arabia,AS,Very High,40.0,0.783,74.588,13.09366989,43848.15469,24.397644,2005
Senegal,SSA,Low,169.0,0.421,60.915,6.874909878,2769.206386,10.974057,2005
Serbia,ECA,Very High,65.0,0.732,72.709,13.28215027,12010.71081,7.830944,2005
Seychelles,SSA,Very High,67.0,0.762,71.562,12.39280033,20281.82772,0.085883,2005
Sierra Leone,SSA,Low,184.0,0.369,48.237,7.299098089,1204.859096,5.683334,2005
Singapore,EAP,Very High,9.0,0.896,80.354,15.86965203,64037.04519,4.3446375,2005
Slovakia,,Very High,45.0,0.802,74.157,14.57946014,19569.60819,5.3762415,2005
Slovenia,,Very High,22.0,0.869,77.715,16.74777985,30834.13524,2.0047785,2005
Solomon Islands,EAP,Medium,156.0,0.516,67.936,8.258299828,2094.655717,0.482486,2005
Somalia,AS,Low,193.0,,50.661,,755.4923136,10.467292,2005
South Africa,SSA,High,110.0,0.632,53.98,13.39229955,12013.98607,49.0171475,2005
South Sudan,SSA,Low,192.0,,51.545,,,7.6626545,2005
Spain,,Very High,27.0,0.851,80.328,15.98174,37439.66232,43.685374,2005
Sri Lanka,SA,High,78.0,0.71,72.118,12.82588184,7055.031277,19.673866,2005
Sudan,AS,Low,170.0,0.448,57.279,6.340129852,4466.466309,29.5405775,2005
Suriname,LAC,Medium,124.0,0.673,67.002,11.14640141,13360.08651,0.5162195,2005
Sweden,,Very High,5.0,0.903,80.621,16.00225067,46058.41984,9.051738,2005
Switzerland,,Very High,1.0,0.903,81.234,15.22286034,66132.26238,7.4284345,2005
Syrian Arab Republic,AS,Medium,157.0,0.639,72.769,11.33917046,6477.299227,18.5835575,2005
Tajikistan,ECA,Medium,126.0,0.606,66.514,10.62835026,2234.366901,6.9291445,2005
Tanzania (United Republic of),SSA,Low,167.0,0.445,56.299,7.834320875,1647.080444,39.4395055,2005
Thailand,EAP,Very High,66.0,0.715,73.82,13.58127975,11680.31214,65.8213605,2005
Timor-Leste,EAP,Medium,155.0,0.553,62.328,11.45902852,3970.611448,0.9693135,2005
Togo,SSA,Low,163.0,0.446,55.962,10.11639977,1528.608921,5.7115975,2005
Tonga,EAP,High,98.0,0.695,69.768,14.21031666,5308.903016,0.1056335,2005
Trinidad and Tobago,LAC,Very High,60.0,0.753,71.308,11.93712083,23305.48901,1.3690755,2005
Tunisia,AS,High,101.0,0.686,74.764,13.62553978,8494.2453,10.3883445,2005
Türkiye,ECA,Very High,45.0,0.701,73.534,12.03092003,17991.48236,68.7047145,2005
Turkmenistan,ECA,High,94.0,0.652,66.068,8.717363622,7156.476653,4.885775,2005
Tuvalu,EAP,Medium,132.0,0.614,63.836,11.29954507,4147.534919,0.0099125,2005
Uganda,SSA,Medium,159.0,0.451,52.976,10.60913023,1434.700097,27.9465875,2005
Ukraine,ECA,High,100.0,0.743,68.151,14.51976013,10857.58496,46.91261,2005
United Arab Emirates,AS,Very High,17.0,0.815,76.683,11.56623533,97835.45715,4.2809935,2005
United Kingdom,,Very High,15.0,0.895,79.112,16.61314964,43108.90396,60.3837415,2005
United States,,Very High,20.0,0.904,77.557,16.10810089,54956.44049,296.84267,2005
Uruguay,LAC,Very High,52.0,0.768,76.194,15.11001015,14395.73108,3.317665,2005
Uzbekistan,ECA,High,106.0,0.636,67.49,11.53645992,3257.919389,26.573423,2005
Vanuatu,EAP,Medium,140.0,0.557,69.39,10.03939349,2546.969337,0.2176325,2005
Venezuela (Bolivarian Republic of),LAC,Medium,119.0,0.722,72.782,12.42912769,16817.907,26.6687845,2005
Viet Nam,EAP,High,107.0,0.645,73.271,12.11209348,4825.982915,83.1420945,2005
Yemen,AS,Low,186.0,0.476,65.543,8.133910179,3464.868977,21.3206705,2005
Zambia,SSA,Medium,153.0,0.472,50.659,10.09792557,2208.88053,11.5648695,2005
Zimbabwe,SSA,Medium,159.0,0.42,44.768,10.43400987,1132.816185,12.2247525,2005
Very high human development,,,,0.851,76.60147305,15.15219198,36274.26686,1490.931664,2005
High human development,,,,0.665,72.20955966,11.96596815,7332.850167,2514.080855,2005
Medium human development,,,,0.536,64.42239658,9.490262321,3510.42136,1717.309007,2005
Low human development,,,,0.442,55.72871657,7.104229518,2461.652104,778.6122645,2005
Arab States,,,,0.643,68.24319028,10.56580762,12587.35319,317.1745105,2005
East Asia and the Pacific,,,,0.643,72.57444142,11.49418909,5821.827969,1902.677498,2005
Europe and Central Asia,,,,0.714,70.00199727,12.49614594,11642.01054,222.125651,2005
Latin America and the Caribbean,,,,0.71,72.68011867,13.12416423,12604.34095,552.6014125,2005
South Asia,,,,0.538,65.21775582,9.040554057,3674.534877,1611.446502,2005
Sub-Saharan Africa,,,,0.467,53.34864476,8.385530564,2953.237901,727.00362,2005
World,,,,0.673,69.18626669,11.0225361,12388.84339,6525.066912,2005
Afghanistan,SA,Low,182.0,0.41,58.684,8.115629864,1577.870182,25.442944,2006
Albania,ECA,High,74.0,0.728,76.816,12.55426025,8814.489301,3.003387,2006
Algeria,AS,High,93.0,0.696,72.334,12.81142044,10198.97388,33.4350805,2006
Andorra,,Very High,35.0,0.842,82.966,10.65847969,57242.22375,0.0802205,2006
Angola,SSA,Medium,150.0,0.463,52.369,7.383706967,5666.71833,20.1623405,2006
Antigua and Barbuda,LAC,Very High,54.0,,75.765,,20746.76944,0.0808955,2006
Argentina,LAC,Very High,48.0,0.814,75.433,16.17373085,20034.44635,39.4768505,2006
Armenia,ECA,High,76.0,0.714,71.987,11.33533955,8681.502959,3.0264865,2006
Australia,,Very High,10.0,0.914,81.282,21.76698494,41858.09781,20.46703,2006
Austria,,Very High,22.0,0.893,79.966,15.68299548,50960.16583,8.2677635,2006
Azerbaijan,ECA,High,89.0,0.701,68.165,12.33295,8249.356333,8.7633535,2006
Bahamas,LAC,Very High,57.0,0.8,72.855,11.56752008,36878.42545,0.3526645,2006
Bahrain,AS,Very High,34.0,0.794,77.156,12.40688992,45300.72249,0.9709805,2006
Bangladesh,SA,Medium,129.0,0.53,67.241,8.65802002,2970.873132,142.628831,2006
Barbados,LAC,Very High,62.0,0.784,75.068,15.23357995,16011.56998,0.2704255,2006
Belarus,ECA,Very High,69.0,0.761,69.988,14.84082165,13174.19784,9.8746995,2006
Belgium,,Very High,12.0,0.904,79.388,19.05407906,47897.24971,10.582975,2006
Belize,LAC,High,118.0,0.697,70.093,13.05266953,9040.535984,0.2887295,2006
Benin,SSA,Low,173.0,0.456,57.456,9.147994041,2538.585697,8.402631,2006
Bhutan,SA,Medium,125.0,,66.362,9.864990234,5599.081519,0.6732595,2006
Bolivia (Plurinational State of),LAC,Medium,120.0,0.637,64.779,13.92763485,5614.773971,9.5426625,2006
Bosnia and Herzegovina,ECA,High,80.0,0.687,76.247,12.28261453,9417.138189,4.0580855,2006
Botswana,SSA,High,114.0,0.615,53.918,11.83510971,12687.61584,1.9287035,2006
Brazil,LAC,High,89.0,0.701,72.037,13.66515678,12561.6787,188.820682,2006
Brunei Darussalam,EAP,Very High,55.0,0.817,74.783,13.25531006,71591.28477,0.372808,2006
Bulgaria,,High,70.0,0.77,72.722,14.08423996,15543.42306,7.766036,2006
Burkina Faso,SSA,Low,185.0,0.335,53.742,4.778759956,1518.496295,14.3162415,2006
Burundi,SSA,Low,187.0,0.365,53.869,7.855309963,803.9782094,7.6581895,2006
Cabo Verde,SSA,Medium,131.0,0.633,72.239,11.96337986,5682.845562,0.498884,2006
Cambodia,EAP,Medium,148.0,0.522,65.059,11.16133976,2224.942847,13.477779,2006
Cameroon,SSA,Medium,151.0,0.46,54.856,8.321900368,3223.57242,17.7513325,2006
Canada,,Very High,18.0,0.907,80.547,15.28109305,44669.61353,32.531867,2006
Central African Republic,SSA,Low,191.0,0.333,46.851,5.520650583,1026.699848,4.2943525,2006
Chad,SSA,Low,189.0,0.328,48.286,5.810443401,1225.349354,10.365614,2006
Chile,LAC,Very High,44.0,0.796,78.261,14.31814957,17211.43564,16.3345745,2006
China,EAP,High,75.0,0.656,74.504,11.89054012,5969.087855,1313.086568,2006
Colombia,LAC,High,91.0,0.703,73.468,13.52441025,10423.06308,42.7729095,2006
Comoros,SSA,Medium,152.0,0.497,59.875,9.774983215,2916.571595,0.6046575,2006
Congo,SSA,Medium,149.0,0.552,58.878,9.220542908,3947.843277,3.8133225,2006
Congo (Democratic Republic of the),SSA,Low,180.0,0.397,54.534,7.398103476,749.8035581,58.3816305,2006
Costa Rica,LAC,Very High,64.0,0.745,78.514,12.6112972,14454.02198,4.3781715,2006
Côte d'Ivoire,SSA,Low,166.0,0.455,52.355,7.257185872,2486.21921,19.3940575,2006
Croatia,,Very High,39.0,0.814,75.989,14.47463989,24318.37965,4.4175595,2006
Cuba,LAC,High,85.0,0.761,77.179,16.06064034,6209.164128,11.26063,2006
Cyprus,,Very High,29.0,0.839,78.371,13.39218998,36712.55859,1.055438,2006
Czechia,,Very High,32.0,0.856,76.711,15.38356018,30337.11954,10.304815,2006
Denmark,,Very High,5.0,0.911,78.222,16.64613914,53953.00265,5.4578645,2006
Djibouti,AS,Low,171.0,0.384,58.715,4.47743988,2180.614439,0.8469465,2006
Dominica,LAC,High,97.0,0.731,72.848,14.49705005,11280.91377,0.068742,2006
Dominican Republic,LAC,High,82.0,0.684,71.165,12.3817817,10473.72723,9.284168,2006
Ecuador,LAC,High,83.0,0.719,74.689,13.93023695,9419.404194,14.0090615,2006
Egypt,AS,High,105.0,0.642,68.977,10.90310822,8898.632739,80.6296695,2006
El Salvador,LAC,Medium,127.0,0.645,70.773,12.39274979,7016.274852,6.034436,2006
Equatorial Guinea,SSA,Medium,133.0,0.587,56.046,7.906556306,21137.02246,0.9054175,2006
Eritrea,SSA,Low,175.0,0.466,61.611,8.113216209,1545.359311,2.880093,2006
Estonia,,Very High,31.0,0.856,73.479,16.45730972,27463.03944,1.3467095,2006
Eswatini (Kingdom of),SSA,Medium,142.0,0.454,43.12,10.95755959,6691.213422,1.0777345,2006
Ethiopia,SSA,Low,176.0,0.359,55.149,6.847913265,915.6800015,79.69105,2006
Fiji,EAP,High,104.0,0.687,66.855,12.54562198,9714.812723,0.883083,2006
Finland,,Very High,12.0,0.909,79.373,17.17551994,46836.6035,5.2662505,2006
France,,Very High,28.0,0.873,80.748,15.41829014,43199.95213,60.91915,2006
Gabon,SSA,Medium,123.0,0.643,62.375,11.77479857,12073.4812,1.5025345,2006
Gambia,SSA,Low,174.0,0.427,59.06,7.100543132,1941.113035,1.711294,2006
Georgia,ECA,Very High,60.0,0.744,71.394,13.50695038,8243.603651,3.9338675,2006
Germany,,Very High,7.0,0.92,79.591,16.59325808,46443.05588,81.1778165,2006
Ghana,SSA,Medium,145.0,0.537,59.988,8.645079613,3158.876773,23.098586,2006
Greece,,Very High,33.0,0.872,79.707,17.11462021,35857.39781,11.106093,2006
Grenada,LAC,High,73.0,0.772,73.7,16.08694415,12154.07449,0.110988,2006
Guatemala,LAC,Medium,136.0,0.58,69.812,10.02320824,6819.804883,13.4124055,2006
Guinea,SSA,Low,181.0,0.394,55.108,7.582719803,1756.771201,9.330625,2006
Guinea-Bissau,SSA,Low,179.0,0.414,53.371,9.133029938,1616.613914,1.4140915,2006
Guyana,LAC,High,95.0,0.624,65.667,11.04757023,7508.170442,0.7583675,2006
Haiti,LAC,Medium,158.0,0.51,60.763,9.725610479,2913.192735,9.266288,2006
Honduras,LAC,Medium,138.0,0.579,70.261,9.875172742,4441.443742,7.7452,2006
"Hong Kong, China (SAR)",,Very High,4.0,0.878,82.011,14.21205997,47285.82558,6.9605945,2006
Hungary,,Very High,47.0,0.815,73.344,15.45042992,23816.23307,10.0570625,2006
Iceland,,Very High,3.0,0.928,81.239,18.12881088,45274.61266,0.3040705,2006
India,SA,Medium,134.0,0.541,65.412,9.739670038,3406.81064,1172.373788,2006
Indonesia,EAP,High,112.0,0.643,67.914,11.36719036,6609.486423,231.797427,2006
Iran (Islamic Republic of),SA,High,78.0,0.738,72.276,12.30601025,13787.76879,71.2757595,2006
Iraq,AS,Medium,128.0,0.591,63.587,9.89071972,7003.770245,28.905607,2006
Ireland,,Very High,7.0,0.898,79.152,16.97068977,52113.06956,4.2348065,2006
Israel,,Very High,25.0,0.864,80.506,14.57705021,31691.73879,6.832077,2006
Italy,,Very High,30.0,0.874,81.417,16.31431007,45094.33403,58.429903,2006
Jamaica,LAC,High,115.0,0.695,71.199,12.46077029,9843.111936,2.6896605,2006
Japan,,Very High,24.0,0.898,82.376,15.17599487,39802.18133,127.902167,2006
Jordan,AS,High,99.0,0.719,73.145,12.38002968,11084.74263,6.0755485,2006
Kazakhstan,ECA,Very High,67.0,0.75,65.627,14.64702988,16317.19092,15.822748,2006
Kenya,SSA,Medium,146.0,0.531,58.222,9.734280109,3504.41026,36.9252535,2006
Kiribati,EAP,Medium,137.0,0.581,64.906,11.21140003,2589.620362,0.100083,2006
Korea (Democratic People's Rep. of),EAP,,,,69.085,,,24.235761,2006
Korea (Republic of),,Very High,19.0,0.866,79.075,16.47963905,29901.61423,48.049347,2006
Kuwait,AS,Very High,49.0,0.8,76.887,13.72035389,87907.40121,2.363409,2006
Kyrgyzstan,ECA,High,117.0,0.646,66.778,12.17378998,3533.266593,5.246785,2006
Lao People's Democratic Republic,EAP,Medium,139.0,0.517,61.493,9.225119591,3254.61344,5.946593,2006
Latvia,,Very High,37.0,0.821,70.877,16.4289608,22419.29702,2.203913,2006
Lebanon,AS,High,109.0,0.711,76.08,10.34269,14436.27302,4.7198645,2006
Lesotho,SSA,Low,168.0,0.444,42.914,11.01117039,2703.858516,1.97678,2006
Liberia,SSA,Low,177.0,0.443,57.62,9.991829327,1146.288116,3.455397,2006
Libya,AS,High,92.0,0.768,71.724,15.48118862,32863.8322,5.9733695,2006
Liechtenstein,,Very High,12.0,0.907,81.16,14.64393044,119723.6838,0.0348895,2006
Lithuania,,Very High,37.0,0.828,71.577,17.09894943,22534.08615,3.3229315,2006
Luxembourg,,Very High,20.0,0.882,79.415,13.22515011,91790.12461,0.4724035,2006
Madagascar,SSA,Low,177.0,0.469,61.315,8.78221035,1524.076225,19.3502985,2006
Malawi,SSA,Low,172.0,0.426,53.238,10.40538025,1086.734921,13.1183065,2006
Malaysia,EAP,Very High,63.0,0.732,74.164,11.94384003,17986.87031,26.509413,2006
Maldives,SA,High,87.0,0.67,75.13,12.04759777,16391.40757,0.3144005,2006
Mali,SSA,Low,188.0,0.373,54.615,6.220579982,1854.398432,13.6235415,2006
Malta,,Very High,25.0,0.832,79.779,14.63082981,28558.29148,0.4111975,2006
Marshall Islands,EAP,High,102.0,,63.489,12.20275133,4429.600859,0.0542075,2006
Mauritania,SSA,Low,164.0,0.495,61.891,7.18103981,5182.303963,3.0812295,2006
Mauritius,SSA,High,72.0,0.725,72.891,13.35130024,14674.57191,1.264767,2006
Mexico,LAC,High,77.0,0.741,74.331,12.84585953,18146.75435,106.88679,2006
Micronesia (Federated States of),EAP,Medium,135.0,0.643,71.093,12.84782289,3916.596748,0.110301,2006
Moldova (Republic of),ECA,High,86.0,0.706,68.479,12.17490959,8302.752908,3.942748,2006
Monaco,,,,,84.635,18.18196287,,0.032011,2006
Mongolia,EAP,High,96.0,0.669,65.513,12.9962101,6311.692741,2.581242,2006
Montenegro,ECA,Very High,50.0,0.771,74.049,13.17901993,15440.48002,0.632545,2006
Morocco,AS,Medium,120.0,0.576,69.128,10.01791,6054.887695,30.8330225,2006
Mozambique,SSA,Low,183.0,0.367,51.961,8.693770409,828.8803,20.7359825,2006
Myanmar,EAP,Medium,144.0,0.466,61.893,8.561359882,1945.627088,48.0882745,2006
Namibia,SSA,Medium,142.0,0.559,52.655,11.37924957,8315.340937,1.986558,2006
Nauru,EAP,Medium,122.0,0.499,58.379,8.990050316,2276.6077,0.0102945,2006
Nepal,SA,Medium,146.0,0.503,65.868,9.870400429,2301.730086,26.518971,2006
Netherlands,,Very High,10.0,0.905,79.838,16.55203056,50729.21449,16.325677,2006
New Zealand,,Very High,16.0,0.918,80.049,18.26599256,35486.96232,4.179978,2006
Nicaragua,LAC,Medium,130.0,0.59,68.725,10.6884318,4308.028977,5.5298115,2006
Niger,SSA,Low,189.0,0.303,54.596,3.674469948,1025.868333,14.3651685,2006
Nigeria,SSA,Low,161.0,0.475,49.73,8.805881691,3960.198129,144.3297645,2006
North Macedonia,ECA,High,83.0,0.712,73.999,11.81825495,11754.29558,2.0810755,2006
Norway,,Very High,2.0,0.934,80.441,17.53119087,63394.06615,4.6610875,2006
Oman,AS,Very High,59.0,0.757,74.48,12.10503006,36924.56256,2.5606495,2006
Pakistan,SA,Low,164.0,0.485,63.731,5.626229763,3899.861,178.0699845,2006
Palau,EAP,High,71.0,0.78,66.73,15.01125952,18193.95521,0.0196185,2006
"Palestine, State of",AS,High,111.0,0.662,71.915,12.83586025,5045.582007,3.627668,2006
Panama,LAC,Very High,57.0,0.756,76.012,12.98233032,16476.39994,3.3685735,2006
Papua New Guinea,EAP,Medium,154.0,0.471,61.917,7.29773713,2646.334164,6.7082175,2006
Paraguay,LAC,High,102.0,0.674,70.781,12.56324482,8511.721184,5.534675,2006
Peru,LAC,High,87.0,0.69,73.172,12.82301044,7312.780793,28.3810785,2006
Philippines,EAP,High,113.0,0.659,70.282,11.39826012,5718.779741,87.901835,2006
Poland,,Very High,36.0,0.824,75.284,15.38029957,19507.40701,38.5471795,2006
Portugal,,Very High,42.0,0.819,79.071,15.9773894,30652.50847,10.5439465,2006
Qatar,AS,Very High,40.0,0.818,76.57,11.73237991,91831.65351,1.01506,2006
Romania,,Very High,53.0,0.768,71.472,13.79403973,17729.109,20.9094015,2006
Russian Federation,,Very High,56.0,0.778,67.279,14.10838032,21083.29297,143.338669,2006
Rwanda,SSA,Low,161.0,0.44,58.714,9.967000008,1186.117771,9.2700655,2006
Saint Kitts and Nevis,LAC,Very High,51.0,0.765,71.288,14.39697304,22778.56418,0.046874,2006
Saint Lucia,LAC,High,108.0,0.722,72.465,13.17329979,13045.13457,0.1664695,2006
Saint Vincent and the Grenadines,LAC,High,81.0,0.737,74.017,13.12914581,11017.66156,0.1114265,2006
Samoa,EAP,High,116.0,0.695,72.021,11.85773818,5078.497674,0.1893785,2006
San Marino,,Very High,43.0,0.892,81.557,15.18676734,85586.42771,0.029959,2006
Sao Tome and Principe,SSA,Medium,141.0,0.539,64.398,9.966490269,3061.547183,0.1657245,2006
Saudi Arabia,AS,Very High,40.0,0.785,74.81,12.90024471,43423.37962,25.3828695,2006
Senegal,SSA,Low,169.0,0.429,61.75,7.001580238,2768.068086,11.2633865,2006
Serbia,ECA,Very High,65.0,0.743,73.355,13.38545036,12579.2554,7.7947915,2006
Seychelles,SSA,Very High,67.0,0.753,71.834,11.00549984,21704.56166,0.087093,2006
Sierra Leone,SSA,Low,184.0,0.371,49.323,7.542869371,1069.933389,5.809774,2006
Singapore,EAP,Very High,9.0,0.901,80.71,15.9382638,69705.84921,4.486583,2006
Slovakia,,Very High,45.0,0.812,74.417,14.78446007,21181.71326,5.3772355,2006
Slovenia,,Very High,22.0,0.878,78.419,16.89109039,32399.43435,2.0135695,2006
Solomon Islands,EAP,Medium,156.0,0.523,68.09,8.841079712,2069.829178,0.4934295,2006
Somalia,AS,Low,193.0,,50.597,,781.8967451,10.784973,2006
South Africa,SSA,High,110.0,0.637,54.278,13.41381677,12565.24633,49.491756,2006
South Sudan,SSA,Low,192.0,,52.016,,,8.029517,2006
Spain,,Very High,27.0,0.856,80.972,15.93113041,38140.62231,44.422831,2006
Sri Lanka,SA,High,78.0,0.713,71.969,12.91559744,7510.937945,19.870706,2006
Sudan,AS,Low,170.0,0.466,60.281,6.644569874,4576.374023,30.3329685,2006
Suriname,LAC,Medium,124.0,0.678,67.571,11.13469505,13937.07972,0.5220225,2006
Sweden,,Very High,5.0,0.907,80.832,15.96051025,48518.03407,9.1047195,2006
Switzerland,,Very High,1.0,0.913,81.546,15.31324959,67796.79139,7.47501,2006
Syrian Arab Republic,AS,Medium,157.0,0.65,73.35,11.53658962,6622.080759,19.432009,2006
Tajikistan,ECA,Medium,126.0,0.615,67.013,10.77460003,2447.186199,7.057417,2006
Tanzania (United Republic of),SSA,Low,167.0,0.455,56.911,8.139314725,1736.137695,40.562052,2006
Thailand,EAP,Very High,66.0,0.721,74.938,13.6553297,12266.11056,66.319525,2006
Timor-Leste,EAP,Medium,155.0,0.579,63.073,11.82881137,5488.991144,0.9945645,2006
Togo,SSA,Low,163.0,0.452,56.222,10.50580025,1525.607981,5.8742405,2006
Tonga,EAP,High,98.0,0.696,69.894,14.34879494,5269.252361,0.10619,2006
Trinidad and Tobago,LAC,Very High,60.0,0.762,71.256,12.05273018,26209.22862,1.3769195,2006
Tunisia,AS,High,101.0,0.693,74.921,13.77797985,8901.310253,10.483558,2006
Türkiye,ECA,Very High,45.0,0.711,73.845,12.45195961,18989.61742,69.601333,2006
Turkmenistan,ECA,High,94.0,0.661,66.499,8.983853175,7903.822677,4.954029,2006
Tuvalu,EAP,Medium,132.0,0.616,63.928,11.37985893,4119.990901,0.0100305,2006
Uganda,SSA,Medium,159.0,0.463,54.369,10.57786053,1550.61975,28.7732265,2006
Ukraine,ECA,High,100.0,0.752,68.741,14.72169971,11674.10059,46.592556,2006
United Arab Emirates,AS,Very High,17.0,0.82,76.909,11.67289576,94550.08624,4.8989545,2006
United Kingdom,,Very High,15.0,0.894,79.355,16.03277969,43109.44249,60.8037,2006
United States,,Very High,20.0,0.908,77.839,16.16569567,55812.63757,299.753098,2006
Uruguay,LAC,Very High,52.0,0.767,76.362,15.16135025,15060.47652,3.322282,2006
Uzbekistan,ECA,High,106.0,0.642,67.891,11.53170013,3425.159255,26.926819,2006
Vanuatu,EAP,Medium,140.0,0.564,69.462,10.16880715,2754.610362,0.2229225,2006
Venezuela (Bolivarian Republic of),LAC,Medium,119.0,0.73,72.742,12.97453499,18193.888,27.1020805,2006
Viet Nam,EAP,High,107.0,0.653,73.319,12.29999,5096.826145,83.9518005,2006
Yemen,AS,Low,186.0,0.481,65.988,8.045473417,3633.88596,21.9662975,2006
Zambia,SSA,Medium,153.0,0.484,51.795,10.54134293,2263.175765,11.9715675,2006
Zimbabwe,SSA,Medium,159.0,0.422,45.364,10.50662994,1083.6235,12.33049,2006
Very high human development,,,,0.856,77.06600212,15.20071767,37396.98096,1501.318538,2006
High human development,,,,0.674,72.51770884,12.18497101,7889.888826,2537.16794,2006
Medium human development,,,,0.544,64.79434362,9.71425116,3723.841976,1745.307931,2006
Low human development,,,,0.451,56.57738928,7.285474238,2584.04172,800.129488,2006
Arab States,,,,0.649,68.64893697,10.64264173,13078.29579,325.2385055,2006
East Asia and the Pacific,,,,0.654,72.92672521,11.73661666,6400.790748,1918.65793,2006
Europe and Central Asia,,,,0.723,70.4469248,12.73182183,12456.96016,223.3127265,2006
Latin America and the Caribbean,,,,0.717,72.89013308,13.27717401,13269.00033,559.3075155,2006
South Asia,,,,0.547,65.67200314,9.259842792,3881.289492,1637.168644,2006
Sub-Saharan Africa,,,,0.475,54.02067412,8.550763835,3099.056432,747.025323,2006
World,,,,0.679,69.56859043,11.18318404,12881.71907,6608.191668,2006
Afghanistan,SA,Low,182.0,0.426,59.111,8.37322979,1894.877589,25.9033005,2007
Albania,ECA,High,74.0,0.74,77.549,12.9734602,9399.455701,2.9760835,2007
Algeria,AS,High,93.0,0.701,72.602,12.98950005,10619.53215,33.9838275,2007
Andorra,,Very High,35.0,0.851,82.659,11.27224493,59658.10297,0.0781685,2007
Angola,SSA,Medium,150.0,0.48,53.642,7.810685337,6355.22531,20.909684,2007
Antigua and Barbuda,LAC,Very High,54.0,0.816,76.131,15.63976002,22369.73769,0.0820155,2007
Argentina,LAC,Very High,48.0,0.817,75.006,16.18906021,21766.02881,39.8761115,2007
Armenia,ECA,High,76.0,0.73,72.327,11.92838955,10016.91671,3.004393,2007
Australia,,Very High,10.0,0.916,81.26,21.93150669,42760.18162,20.830828,2007
Austria,,Very High,22.0,0.896,80.167,15.75800991,52510.5402,8.294722,2007
Azerbaijan,ECA,High,89.0,0.714,68.603,12.41514501,9876.347158,8.878411,2007
Bahamas,LAC,Very High,57.0,0.8,72.678,11.58494657,36853.45782,0.3576665,2007
Bahrain,AS,Very High,34.0,0.8,77.634,12.65253201,46035.82655,1.040532,2007
Bangladesh,SA,Medium,129.0,0.533,66.714,8.669939995,3169.948155,144.135934,2007
Barbados,LAC,Very High,62.0,0.789,75.342,15.40758991,16660.5044,0.271444,2007
Belarus,ECA,Very High,69.0,0.772,70.762,15.13462563,14299.7935,9.825986,2007
Belgium,,Very High,12.0,0.907,79.526,19.09911919,49272.08276,10.6536965,2007
Belize,LAC,High,118.0,0.704,70.655,12.95250988,8923.739757,0.2971735,2007
Benin,SSA,Low,173.0,0.464,57.675,9.533531189,2610.204793,8.6477605,2007
Bhutan,SA,Medium,125.0,,66.954,10.37248993,6484.16031,0.6816135,2007
Bolivia (Plurinational State of),LAC,Medium,120.0,0.644,65.027,14.26336461,5755.33879,9.711152,2007
Bosnia and Herzegovina,ECA,High,80.0,0.702,76.161,12.45820045,10091.54081,4.0078755,2007
Botswana,SSA,High,114.0,0.629,55.732,11.79946041,13360.26519,1.966977,2007
Brazil,LAC,High,89.0,0.708,72.365,13.71269855,13235.17467,190.7794525,2007
Brunei Darussalam,EAP,Very High,55.0,0.82,74.818,13.42671967,70932.83005,0.3787485,2007
Bulgaria,,High,70.0,0.776,73.037,14.25047016,15884.66165,7.7190355,2007
Burkina Faso,SSA,Low,185.0,0.339,54.375,5.230929852,1533.560574,14.757074,2007
Burundi,SSA,Low,187.0,0.377,54.727,8.63090992,803.8521635,7.9446095,2007
Cabo Verde,SSA,Medium,131.0,0.639,72.835,11.8509903,6229.020004,0.5047325,2007
Cambodia,EAP,Medium,148.0,0.531,65.731,11.16427994,2425.496482,13.714791,2007
Cameroon,SSA,Medium,151.0,0.472,55.165,9.09265995,3242.909535,18.251866,2007
Canada,,Very High,18.0,0.907,80.549,15.20141029,45203.81481,32.8624585,2007
Central African Republic,SSA,Low,191.0,0.339,47.426,5.62248704,1055.507903,4.375569,2007
Chad,SSA,Low,189.0,0.339,48.751,6.07548666,1359.111739,10.722731,2007
Chile,LAC,Very High,44.0,0.801,77.826,14.70213032,18080.78929,16.4955385,2007
China,EAP,High,75.0,0.668,74.762,12.20328999,6810.158179,1321.513224,2007
Colombia,LAC,High,91.0,0.715,73.837,13.78964996,10938.93351,43.3065815,2007
Comoros,SSA,Medium,152.0,0.503,60.102,10.02384415,2893.121547,0.6168995,2007
Congo,SSA,Medium,149.0,0.553,59.643,9.430994034,3559.497543,3.9563285,2007
Congo (Democratic Republic of the),SSA,Low,180.0,0.401,54.923,7.474820137,765.9446061,60.289422,2007
Costa Rica,LAC,Very High,64.0,0.754,78.462,12.88247572,15479.90009,4.440019,2007
Côte d'Ivoire,SSA,Low,166.0,0.458,52.97,7.385503832,2476.523601,19.8177005,2007
Croatia,,Very High,39.0,0.818,75.86,14.55031013,25599.29766,4.405532,2007
Cuba,LAC,High,85.0,0.775,77.307,17.0396595,6623.135993,11.269887,2007
Cyprus,,Very High,29.0,0.845,78.81,13.44102955,37413.60547,1.073873,2007
Czechia,,Very High,32.0,0.862,76.922,15.63811016,31756.58621,10.337829,2007
Denmark,,Very High,5.0,0.912,78.348,16.80562973,53832.94619,5.479722,2007
Djibouti,AS,Low,171.0,0.394,59.024,4.811220169,2240.266379,0.865196,2007
Dominica,LAC,High,97.0,0.73,71.93,14.46536759,11890.88725,0.068775,2007
Dominican Republic,LAC,High,82.0,0.692,71.371,12.5918515,11102.55452,9.402206,2007
Ecuador,LAC,High,83.0,0.722,74.844,14.10943408,9444.179325,14.2518355,2007
Egypt,AS,High,105.0,0.649,69.128,10.96338215,9382.936738,82.2187555,2007
El Salvador,LAC,Medium,127.0,0.651,71.108,12.88368988,7141.117956,6.044131,2007
Equatorial Guinea,SSA,Medium,133.0,0.599,56.54,8.208325671,23730.36524,0.9488145,2007
Eritrea,SSA,Low,175.0,0.465,62.116,7.889134121,1545.372179,2.9261675,2007
Estonia,,Very High,31.0,0.859,73.605,16.43349075,29159.93235,1.3405745,2007
Eswatini (Kingdom of),SSA,Medium,142.0,0.464,43.641,11.26955566,7001.116571,1.0840085,2007
Ethiopia,SSA,Low,176.0,0.376,56.426,7.380856514,993.4973712,81.9961845,2007
Fiji,EAP,High,104.0,0.689,66.826,12.63249318,9626.00247,0.890648,2007
Finland,,Very High,12.0,0.911,79.391,17.13093948,48806.83031,5.288689,2007
France,,Very High,28.0,0.876,80.967,15.35235023,43972.27169,61.3293755,2007
Gabon,SSA,Medium,123.0,0.646,62.618,11.82072079,12126.01727,1.5497735,2007
Gambia,SSA,Low,174.0,0.433,59.394,7.316621597,1945.65203,1.7648835,2007
Georgia,ECA,Very High,60.0,0.755,71.568,13.94359016,9174.358677,3.9064705,2007
Germany,,Very High,7.0,0.923,79.741,16.66491115,47778.50887,81.1838305,2007
Ghana,SSA,Medium,145.0,0.547,60.224,9.311630249,3212.674142,23.70832,2007
Greece,,Very High,33.0,0.866,79.612,16.53709984,36669.80909,11.0914925,2007
Grenada,LAC,High,73.0,0.778,74.317,16.16225947,12641.81584,0.1117245,2007
Guatemala,LAC,Medium,136.0,0.59,70.1,10.29969025,7094.530055,13.6966065,2007
Guinea,SSA,Low,181.0,0.402,55.553,7.853904724,1833.682381,9.5470815,2007
Guinea-Bissau,SSA,Low,179.0,0.421,54.155,9.232721901,1634.348722,1.4505725,2007
Guyana,LAC,High,95.0,0.631,66.254,10.90485001,8147.497118,0.7565215,2007
Haiti,LAC,Medium,158.0,0.516,61.103,9.844787915,2998.281305,9.4208255,2007
Honduras,LAC,Medium,138.0,0.584,70.376,9.993281428,4684.993844,7.924462,2007
"Hong Kong, China (SAR)",,Very High,4.0,0.892,82.231,15.09237957,50458.18529,7.0014555,2007
Hungary,,Very High,47.0,0.818,73.432,15.45870018,23552.32814,10.0411715,2007
Iceland,,Very High,3.0,0.933,81.351,17.97085953,48591.50602,0.311853,2007
India,SA,Medium,134.0,0.55,65.788,9.988349915,3627.060167,1189.69181,2007
Indonesia,EAP,High,112.0,0.646,68.189,12.01272011,6947.973808,234.858289,2007
Iran (Islamic Republic of),SA,High,78.0,0.742,72.772,12.49221992,14739.2133,72.3194185,2007
Iraq,AS,Medium,128.0,0.596,63.553,10.12238978,7222.775242,28.660887,2007
Ireland,,Very High,7.0,0.904,79.555,17.01375961,52648.8427,4.359834,2007
Israel,,Very High,25.0,0.876,80.665,14.7148304,33095.90792,6.952003,2007
Italy,,Very High,30.0,0.878,81.503,16.38703918,45390.37195,58.7784825,2007
Jamaica,LAC,High,115.0,0.703,71.418,13.07409032,9949.918542,2.701221,2007
Japan,,Very High,24.0,0.9,82.554,15.20733411,40496.55099,128.006426,2007
Jordan,AS,High,99.0,0.716,73.373,11.4909296,11361.68263,6.4734565,2007
Kazakhstan,ECA,Very High,67.0,0.757,65.928,14.60829234,17274.6335,16.0061355,2007
Kenya,SSA,Medium,146.0,0.54,58.865,10.04154015,3629.116604,38.0367935,2007
Kiribati,EAP,Medium,137.0,0.582,64.844,11.05305004,2658.344301,0.101998,2007
Korea (Democratic People's Rep. of),EAP,,,,68.911,,,24.356506,2007
Korea (Republic of),,Very High,19.0,0.871,79.48,16.62828064,31488.49601,48.220601,2007
Kuwait,AS,Very High,49.0,0.802,77.017,13.72381086,86171.94906,2.506769,2007
Kyrgyzstan,ECA,High,117.0,0.652,67.006,12.2362299,3813.744666,5.2947655,2007
Lao People's Democratic Republic,EAP,Medium,139.0,0.531,62.084,9.382089615,3868.847048,6.041348,2007
Latvia,,Very High,37.0,0.825,71.057,16.32666016,24708.20091,2.176053,2007
Lebanon,AS,High,109.0,0.724,77.08,10.638462,15826.68335,4.809608,2007
Lesotho,SSA,Low,168.0,0.45,43.123,11.1377786,2980.869148,1.983465,2007
Liberia,SSA,Low,177.0,0.448,58.285,9.918005943,1194.294494,3.6327405,2007
Libya,AS,High,92.0,0.771,71.863,15.37375494,34056.78863,6.0971775,2007
Liechtenstein,,Very High,12.0,0.909,81.503,14.69264984,132691.4275,0.0351495,2007
Lithuania,,Very High,37.0,0.835,71.537,17.08245087,24858.62287,3.2724175,2007
Luxembourg,,Very High,20.0,0.885,79.477,13.28186989,109543.0748,0.4798685,2007
Madagascar,SSA,Low,177.0,0.477,61.757,9.072059631,1585.972956,19.924958,2007
Malawi,SSA,Low,172.0,0.433,53.946,10.2425499,1157.775027,13.495463,2007
Malaysia,EAP,Very High,63.0,0.744,74.211,12.17440033,18861.51362,27.0926035,2007
Maldives,SA,High,87.0,0.67,75.686,12.05690718,14162.42816,0.325126,2007
Mali,SSA,Low,188.0,0.381,54.941,6.536040008,1858.566469,14.080912,2007
Malta,,Very High,25.0,0.84,80.088,14.99221039,29539.64585,0.412081,2007
Marshall Islands,EAP,High,102.0,,63.36,12.46273658,4607.870828,0.0540385,2007
Mauritania,SSA,Low,164.0,0.495,62.228,7.077354908,4988.408276,3.153508,2007
Mauritius,SSA,High,72.0,0.732,73.079,13.39785957,15790.74561,1.270584,2007
Mexico,LAC,High,77.0,0.743,74.238,12.99110985,18290.88996,108.302973,2007
Micronesia (Federated States of),EAP,Medium,135.0,0.642,71.06,12.85606551,3871.67343,0.109532,2007
Moldova (Republic of),ECA,High,86.0,0.711,68.947,12.14023018,8404.980127,3.876843,2007
Monaco,,,,,83.92,18.21826754,,0.031823,2007
Mongolia,EAP,High,96.0,0.68,65.97,13.37289333,6819.79528,2.605643,2007
Montenegro,ECA,Very High,50.0,0.783,74.525,13.73320961,16410.73511,0.6319225,2007
Morocco,AS,Medium,120.0,0.583,69.604,10.22760963,6193.030762,31.232633,2007
Mozambique,SSA,Low,183.0,0.38,52.566,9.341190338,881.3190632,21.280513,2007
Myanmar,EAP,Medium,144.0,0.475,62.371,8.686019897,2145.143129,48.4456465,2007
Namibia,SSA,Medium,142.0,0.567,53.68,11.43864167,8479.210365,2.0114915,2007
Nauru,EAP,Medium,122.0,0.506,58.53,8.16189003,2914.201227,0.0102665,2007
Nepal,SA,Medium,146.0,0.508,66.329,9.96543026,2368.750921,26.713655,2007
Netherlands,,Very High,10.0,0.911,80.245,16.68618011,52315.24369,16.3912325,2007
New Zealand,,Very High,16.0,0.919,80.163,18.39530788,36002.05229,4.221494,2007
Nicaragua,LAC,Medium,130.0,0.596,69.559,10.61810423,4489.320739,5.6074535,2007
Niger,SSA,Low,189.0,0.309,55.553,3.802350044,1016.803825,14.897873,2007
Nigeria,SSA,Low,161.0,0.479,50.033,8.649903679,3998.797528,148.294028,2007
North Macedonia,ECA,High,83.0,0.717,73.904,11.87366009,11959.60139,2.083488,2007
Norway,,Very High,2.0,0.936,80.503,17.54254913,64317.5992,4.7095765,2007
Oman,AS,Very High,59.0,0.764,74.461,12.15857029,37811.85273,2.6057005,2007
Pakistan,SA,Low,164.0,0.49,63.852,6.005660057,3985.296649,181.9245205,2007
Palau,EAP,High,71.0,0.782,66.487,15.22864107,18944.5014,0.019366,2007
"Palestine, State of",AS,High,111.0,0.672,72.153,13.36962032,5164.69818,3.7178785,2007
Panama,LAC,Very High,57.0,0.765,76.154,13.07046032,18520.12994,3.431614,2007
Papua New Guinea,EAP,Medium,154.0,0.479,62.034,7.490194271,2836.630999,6.9210665,2007
Paraguay,LAC,High,102.0,0.681,71.106,12.52490997,9310.21453,5.5901445,2007
Peru,LAC,High,87.0,0.7,73.223,13.01933336,7896.022022,28.600387,2007
Philippines,EAP,High,113.0,0.663,70.483,11.47802019,5965.676009,89.561377,2007
Poland,,Very High,36.0,0.828,75.339,15.38272953,20717.94714,38.5218735,2007
Portugal,,Very High,42.0,0.822,79.281,16.02263498,31347.22837,10.565551,2007
Qatar,AS,Very High,40.0,0.827,77.016,11.87314034,89343.86275,1.2318935,2007
Romania,,Very High,53.0,0.78,72.546,13.92825985,19277.33038,20.74423,2007
Russian Federation,,Very High,56.0,0.789,68.153,14.25759983,23081.19531,143.117693,2007
Rwanda,SSA,Low,161.0,0.454,59.965,10.40380955,1248.492232,9.5231685,2007
Saint Kitts and Nevis,LAC,Very High,51.0,0.769,71.367,14.49167175,23012.43189,0.047015,2007
Saint Lucia,LAC,High,108.0,0.721,72.599,12.93115044,13103.71542,0.167518,2007
Saint Vincent and the Grenadines,LAC,High,81.0,0.747,74.703,13.34991388,11563.96413,0.110824,2007
Samoa,EAP,High,116.0,0.7,72.1,11.89907117,5419.485266,0.190478,2007
San Marino,,Very High,43.0,0.895,81.853,15.20291364,88034.23462,0.0303715,2007
Sao Tome and Principe,SSA,Medium,141.0,0.543,64.724,10.05685043,3108.997278,0.1698445,2007
Saudi Arabia,AS,Very High,40.0,0.786,75.046,12.70681953,42749.3107,26.400068,2007
Senegal,SSA,Low,169.0,0.442,62.543,7.388890028,2772.674612,11.563869,2007
Serbia,ECA,Very High,65.0,0.753,73.623,13.43262959,13407.83845,7.758174,2007
Seychelles,SSA,Very High,67.0,0.771,72.112,12.51774025,21885.34113,0.0883245,2007
Sierra Leone,SSA,Low,184.0,0.392,50.365,7.794781994,1392.997455,5.9391635,2007
Singapore,EAP,Very High,9.0,0.906,80.958,16.00717222,73177.02654,4.6632555,2007
Slovakia,,Very High,45.0,0.822,74.495,15.03610992,23479.52941,5.378382,2007
Slovenia,,Very High,22.0,0.881,78.594,16.93288994,34096.43684,2.023229,2007
Solomon Islands,EAP,Medium,156.0,0.524,67.986,9.032790184,2027.570313,0.504619,2007
Somalia,AS,Low,193.0,,50.515,,810.3067657,11.118092,2007
South Africa,SSA,High,110.0,0.644,54.992,13.43533399,12936.52553,49.9960945,2007
South Sudan,SSA,Low,192.0,,52.856,,,8.4178225,2007
Spain,,Very High,27.0,0.857,80.98,15.91164017,38549.40382,45.245782,2007
Sri Lanka,SA,High,78.0,0.718,72.049,13.00531304,7960.618598,20.0786545,2007
Sudan,AS,Low,170.0,0.472,61.256,6.608520031,4712.490723,31.191163,2007
Suriname,LAC,Medium,124.0,0.684,68.204,11.1229887,14821.29312,0.527946,2007
Sweden,,Very High,5.0,0.909,80.97,15.81301022,50017.76529,9.1642725,2007
Switzerland,,Very High,1.0,0.92,81.699,15.42905998,65454.42749,7.541904,2007
Syrian Arab Republic,AS,Medium,157.0,0.657,73.709,11.58475018,6640.38373,20.7030055,2007
Tajikistan,ECA,Medium,126.0,0.62,67.217,10.75119972,2576.286903,7.1883905,2007
Tanzania (United Republic of),SSA,Low,167.0,0.464,57.52,8.444308574,1781.280762,41.716497,2007
Thailand,EAP,Very High,66.0,0.732,75.187,14.12827015,12876.54602,66.8267535,2007
Timor-Leste,EAP,Medium,155.0,0.601,63.723,12.19859423,7254.900405,1.019362,2007
Togo,SSA,Low,163.0,0.445,56.511,9.94299984,1469.123388,6.0475365,2007
Tonga,EAP,High,98.0,0.698,70.048,14.48727322,5105.514743,0.1066375,2007
Trinidad and Tobago,LAC,Very High,60.0,0.768,71.652,12.22807184,26428.22851,1.3848605,2007
Tunisia,AS,High,101.0,0.7,75.072,13.875,9369.191678,10.5803945,2007
Türkiye,ECA,Very High,45.0,0.718,74.193,12.70238972,19634.08542,70.468869,2007
Turkmenistan,ECA,High,94.0,0.672,66.895,9.275793155,8950.01635,5.024894,2007
Tuvalu,EAP,Medium,132.0,0.618,63.931,11.4601728,4133.248188,0.010149,2007
Uganda,SSA,Medium,159.0,0.473,55.236,10.64166284,1641.292868,29.6298035,2007
Ukraine,ECA,High,100.0,0.759,68.766,14.90732956,12768.99414,46.313068,2007
United Arab Emirates,AS,Very High,17.0,0.825,77.129,11.77955619,82420.64223,5.872624,2007
United Kingdom,,Very High,15.0,0.897,79.542,15.90275955,43647.09026,61.260676,2007
United States,,Very High,20.0,0.911,78.1,16.22329044,56576.64545,302.7433985,2007
Uruguay,LAC,Very High,52.0,0.769,76.498,14.78962994,16017.98583,3.3286505,2007
Uzbekistan,ECA,High,106.0,0.655,68.292,11.62467957,3989.457262,27.309616,2007
Vanuatu,EAP,Medium,140.0,0.567,69.544,10.29822082,2759.394677,0.2283445,2007
Venezuela (Bolivarian Republic of),LAC,Medium,119.0,0.747,73.058,13.51994228,19485.748,27.5250975,2007
Viet Nam,EAP,High,107.0,0.66,73.436,12.353586,5375.060609,84.7622685,2007
Yemen,AS,Low,186.0,0.485,66.565,7.957036654,3652.859418,22.641538,2007
Zambia,SSA,Medium,153.0,0.495,52.739,10.98476028,2319.465537,12.402073,2007
Zimbabwe,SSA,Medium,159.0,0.423,45.61,10.57925002,1052.458654,12.450568,2007
Very high human development,,,,0.86,77.32456499,15.28784426,38377.37797,1512.977619,2007
High human development,,,,0.682,72.76466637,12.44063078,8562.746508,2560.60562,2007
Medium human development,,,,0.553,65.11502007,9.945788014,3948.176952,1772.803727,2007
Low human development,,,,0.458,57.06558608,7.495343362,2645.358998,821.8350835,2007
Arab States,,,,0.655,69.01041711,10.69008813,13390.172,333.9511995,2007
East Asia and the Pacific,,,,0.664,73.17148518,12.05783884,7107.370856,1934.98696,2007
Europe and Central Asia,,,,0.73,70.73666663,12.89148719,13264.17162,224.5553855,2007
Latin America and the Caribbean,,,,0.723,73.03191628,13.43696448,13876.4609,565.8898335,2007
South Asia,,,,0.555,65.94299333,9.487377087,4118.590103,1661.774033,2007
Sub-Saharan Africa,,,,0.482,54.65301099,8.744945607,3179.606851,767.7442545,2007
World,,,,0.685,69.82741803,11.3707229,13384.93613,6692.610377,2007
Afghanistan,SA,Low,182.0,0.431,59.852,8.630829716,1838.976743,26.427199,2008
Albania,ECA,High,74.0,0.747,77.653,13.17510033,9962.428183,2.951689,2008
Algeria,AS,High,93.0,0.709,72.941,13.43463516,10744.04508,34.5695915,2008
Andorra,,Very High,35.0,0.857,82.698,11.88601017,57906.85272,0.076055,2008
Angola,SSA,Medium,150.0,0.492,54.633,8.237663706,6489.314406,21.691522,2008
Antigua and Barbuda,LAC,Very High,54.0,0.816,76.41,15.56513977,22102.01363,0.083251,2008
Argentina,LAC,Very High,48.0,0.825,75.641,16.38180923,22448.2236,40.273769,2008
Armenia,ECA,High,76.0,0.733,72.398,11.69701958,10843.06722,2.9834205,2008
Australia,,Very High,10.0,0.92,81.459,22.09602843,42962.35043,21.247873,2008
Austria,,Very High,22.0,0.899,80.364,15.86114979,53611.22504,8.3211315,2008
Azerbaijan,ECA,High,89.0,0.723,68.811,12.49734003,11339.80921,8.999696,2008
Bahamas,LAC,Very High,57.0,0.801,72.667,11.60239931,36036.85528,0.362795,2008
Bahrain,AS,Very High,34.0,0.803,78.084,12.8981741,44742.87699,1.1103435,2008
Bangladesh,SA,Medium,129.0,0.535,67.051,8.411370277,3366.654655,145.421318,2008
Barbados,LAC,Very High,62.0,0.792,75.447,15.694345,16508.26701,0.2726355,2008
Belarus,ECA,Very High,69.0,0.782,70.922,15.4284296,15749.94108,9.787826,2008
Belgium,,Very High,12.0,0.909,79.577,19.13726044,49587.71989,10.726716,2008
Belize,LAC,High,118.0,0.709,71.151,12.83240032,8526.531726,0.3056715,2008
Benin,SSA,Low,173.0,0.47,57.869,9.919068336,2670.798814,8.9064685,2008
Bhutan,SA,Medium,125.0,,67.499,10.73237038,6617.749856,0.689737,2008
Bolivia (Plurinational State of),LAC,Medium,120.0,0.651,65.446,14.31380527,6034.141102,9.880593,2008
Bosnia and Herzegovina,ECA,High,80.0,0.714,76.838,12.83283997,10888.69015,3.9433915,2008
Botswana,SSA,High,114.0,0.637,57.121,11.72972965,13318.67583,2.00732,2008
Brazil,LAC,High,89.0,0.714,72.715,13.76040572,13726.16212,192.672317,2008
Brunei Darussalam,EAP,Very High,55.0,0.821,74.84,13.53855038,68476.43652,0.384568,2008
Bulgaria,,High,70.0,0.782,73.365,14.18344975,17416.5648,7.674913,2008
Burkina Faso,SSA,Low,185.0,0.352,55.342,5.70442009,1574.069374,15.197915,2008
Burundi,SSA,Low,187.0,0.39,55.71,9.340579987,810.3300636,8.278109,2008
Cabo Verde,SSA,Medium,131.0,0.643,72.508,12.01655006,6561.835465,0.5103355,2008
Cambodia,EAP,Medium,148.0,0.536,66.47,11.05580997,2527.830797,13.9438885,2008
Cameroon,SSA,Medium,151.0,0.487,55.655,9.529709816,3261.031221,18.777081,2008
Canada,,Very High,18.0,0.909,80.739,15.2363596,45157.47217,33.2185405,2008
Central African Republic,SSA,Low,191.0,0.345,48.016,5.724323497,1094.313874,4.467233,2008
Chad,SSA,Low,189.0,0.343,49.024,6.340529919,1312.525135,11.098664,2008
Chile,LAC,Very High,44.0,0.812,78.484,14.85708046,19131.06769,16.6614615,2008
China,EAP,High,75.0,0.678,74.872,12.51947975,7457.823582,1330.167149,2008
Colombia,LAC,High,91.0,0.722,74.295,13.99300003,11113.6822,43.815313,2008
Comoros,SSA,Medium,152.0,0.51,60.475,10.27270508,2936.375921,0.6294695,2008
Congo,SSA,Medium,149.0,0.561,60.426,9.64144516,3725.990047,4.0896015,2008
Congo (Democratic Republic of the),SSA,Low,180.0,0.41,55.339,8.197680473,766.6702174,62.249724,2008
Costa Rica,LAC,Very High,64.0,0.762,78.445,13.15365423,16094.49154,4.501921,2008
Côte d'Ivoire,SSA,Low,166.0,0.461,53.653,7.513821793,2492.569279,20.2444495,2008
Croatia,,Very High,39.0,0.821,76.21,14.49470997,25848.48952,4.393664,2008
Cuba,LAC,High,85.0,0.784,77.429,17.52378082,6884.921853,11.276609,2008
Cyprus,,Very High,29.0,0.853,78.981,13.6665802,39758.10938,1.09239,2008
Czechia,,Very High,32.0,0.865,77.174,15.67990017,32480.67588,10.378583,2008
Denmark,,Very High,5.0,0.915,78.713,16.71553993,53564.02034,5.502751,2008
Djibouti,AS,Low,171.0,0.401,59.365,5.007369995,2304.032393,0.882886,2008
Dominica,LAC,High,97.0,0.741,73.305,14.43368512,12823.67074,0.068782,2008
Dominican Republic,LAC,High,82.0,0.697,71.658,12.80192129,11481.17006,9.5229475,2008
Ecuador,LAC,High,83.0,0.728,74.983,14.28863121,10034.13063,14.496797,2008
Egypt,AS,High,105.0,0.656,69.319,11.02365608,9851.848451,83.8447825,2008
El Salvador,LAC,Medium,127.0,0.651,71.424,12.16687965,7311.621508,6.068099,2008
Equatorial Guinea,SSA,Medium,133.0,0.606,57.074,8.510095037,23182.57038,0.9949715,2008
Eritrea,SSA,Low,175.0,0.45,62.573,7.665052032,1208.345029,3.005779,2008
Estonia,,Very High,31.0,0.861,74.412,16.2975502,28150.59183,1.337011,2008
Eswatini (Kingdom of),SSA,Medium,142.0,0.473,44.175,11.58155174,6924.959311,1.08987,2008
Ethiopia,SSA,Low,176.0,0.391,57.592,7.913799763,1069.598727,84.3571045,2008
Fiji,EAP,High,104.0,0.693,66.935,12.71936438,9684.419303,0.8967305,2008
Finland,,Very High,12.0,0.913,79.695,17.10404968,48899.26008,5.3133505,2008
France,,Very High,28.0,0.877,81.049,15.2978096,43919.10806,61.721009,2008
Gabon,SSA,Medium,123.0,0.647,63.083,11.86682212,11148.18129,1.599978,2008
Gambia,SSA,Low,174.0,0.442,60.082,7.532700062,2013.658583,1.8205415,2008
Georgia,ECA,Very High,60.0,0.751,71.332,13.44196987,9297.166066,3.8796985,2008
Germany,,Very High,7.0,0.926,79.826,16.73656422,48087.59137,81.217482,2008
Ghana,SSA,Medium,145.0,0.558,60.49,9.909689903,3423.2786,24.326087,2008
Greece,,Very High,33.0,0.871,80.049,16.75245984,36306.36816,11.0736235,2008
Grenada,LAC,High,73.0,0.781,74.656,16.2379274,12709.23517,0.1124785,2008
Guatemala,LAC,Medium,136.0,0.599,70.356,10.57704496,7251.735236,13.979451,2008
Guinea,SSA,Low,181.0,0.408,56.044,8.125089645,1858.594538,9.779785,2008
Guinea-Bissau,SSA,Low,179.0,0.426,54.646,9.332413863,1625.483493,1.4884315,2008
Guyana,LAC,High,95.0,0.636,66.288,11.0310297,8426.125111,0.75415,2008
Haiti,LAC,Medium,158.0,0.52,61.332,9.96542575,3029.257921,9.5752475,2008
Honduras,LAC,Medium,138.0,0.589,70.441,10.11139011,4794.636624,8.101777,2008
"Hong Kong, China (SAR)",,Very High,4.0,0.908,82.363,16.23981094,52504.56427,7.050677,2008
Hungary,,Very High,47.0,0.824,73.958,15.44853973,24105.05268,10.02351,2008
Iceland,,Very High,3.0,0.927,81.388,18.00515938,41671.32431,0.317715,2008
India,SA,Medium,134.0,0.557,66.149,10.27301979,3679.706235,1206.734806,2008
Indonesia,EAP,High,112.0,0.649,68.226,11.97515011,7312.883437,237.9365435,2008
Iran (Islamic Republic of),SA,High,78.0,0.744,72.624,13.06793022,14583.96808,73.3183935,2008
Iraq,AS,Medium,128.0,0.612,64.942,10.35405983,8177.345931,29.2183815,2008
Ireland,,Very High,7.0,0.905,79.763,17.26186943,49307.60173,4.4523925,2008
Israel,,Very High,25.0,0.877,81.055,14.56844997,32996.84955,7.074522,2008
Italy,,Very High,30.0,0.878,81.647,16.35210037,44218.28246,59.2242285,2008
Jamaica,LAC,High,115.0,0.712,71.612,13.68741035,9959.391136,2.711373,2008
Japan,,Very High,24.0,0.901,82.638,15.23867335,39815.75191,128.077633,2008
Jordan,AS,High,99.0,0.726,73.591,11.74540043,11794.46595,6.6328725,2008
Kazakhstan,ECA,Very High,67.0,0.757,66.702,14.56955481,16779.20776,16.196517,2008
Kenya,SSA,Medium,146.0,0.546,59.614,10.32814503,3542.692558,39.1868945,2008
Kiribati,EAP,Medium,137.0,0.583,64.834,11.18373013,2595.156691,0.103966,2008
Korea (Democratic People's Rep. of),EAP,,,,68.958,,,24.469047,2008
Korea (Republic of),,Very High,19.0,0.874,80.044,16.69165039,32281.54194,48.3986265,2008
Kuwait,AS,Very High,49.0,0.806,77.145,13.72726784,80851.05972,2.6509305,2008
Kyrgyzstan,ECA,High,117.0,0.657,67.249,12.23172998,3978.47981,5.345415,2008
Lao People's Democratic Republic,EAP,Medium,139.0,0.539,62.603,9.553330421,4054.782974,6.1358615,2008
Latvia,,Very High,37.0,0.832,72.036,16.32238007,24584.59233,2.150412,2008
Lebanon,AS,High,109.0,0.733,77.584,10.934234,16740.08979,4.887613,2008
Lesotho,SSA,Low,168.0,0.453,43.566,11.26438681,3062.253677,1.9950135,2008
Liberia,SSA,Low,177.0,0.453,58.772,9.923764547,1228.52019,3.7838875,2008
Libya,AS,High,92.0,0.773,72.269,15.26632125,33146.14337,6.2283705,2008
Liechtenstein,,Very High,12.0,0.918,82.885,15.00881004,128718.7606,0.0354005,2008
Lithuania,,Very High,37.0,0.843,72.417,17.09845924,25953.81238,3.2243775,2008
Luxembourg,,Very High,20.0,0.898,80.472,13.33858967,103885.7128,0.4886355,2008
Madagascar,SSA,Low,177.0,0.485,62.142,9.417539597,1644.941953,20.513599,2008
Malawi,SSA,Low,172.0,0.442,54.604,10.40590668,1210.877997,13.8894225,2008
Malaysia,EAP,Very High,63.0,0.754,74.25,12.36715031,19155.9859,27.6642955,2008
Maldives,SA,High,87.0,0.682,76.543,12.06621659,15423.8191,0.336883,2008
Mali,SSA,Low,188.0,0.39,55.291,6.851500034,1893.502775,14.5511165,2008
Malta,,Very High,25.0,0.844,80.094,14.89570999,31523.89947,0.4134015,2008
Marshall Islands,EAP,High,102.0,,63.236,12.72272183,4292.739897,0.0538165,2008
Mauritania,SSA,Low,164.0,0.495,62.399,6.973670006,4895.678584,3.2333365,2008
Mauritius,SSA,High,72.0,0.739,73.338,13.48742008,16373.20792,1.2756835,2008
Mexico,LAC,High,77.0,0.745,74.152,13.19239044,18319.66117,109.6844885,2008
Micronesia (Federated States of),EAP,Medium,135.0,0.641,71.137,12.86431342,3807.204778,0.1087045,2008
Moldova (Republic of),ECA,High,86.0,0.718,69.394,12.06614971,9097.218074,3.812422,2008
Monaco,,,,,83.192,18.25457222,,0.031862,2008
Mongolia,EAP,High,96.0,0.69,66.382,13.74957657,7288.647051,2.6338875,2008
Montenegro,ECA,Very High,50.0,0.797,75.305,14.2465601,17615.52257,0.6314665,2008
Morocco,AS,Medium,120.0,0.59,70.048,10.36264038,6469.0625,31.6349915,2008
Mozambique,SSA,Low,183.0,0.391,53.164,9.815670013,926.0131114,21.8455705,2008
Myanmar,EAP,Medium,144.0,0.461,56.506,8.942250859,2354.622248,48.729486,2008
Namibia,SSA,Medium,142.0,0.574,54.653,11.46318987,8592.203371,2.0385515,2008
Nauru,EAP,Medium,122.0,0.547,58.833,8.879529953,5386.144953,0.010243,2008
Nepal,SA,Medium,146.0,0.518,66.421,10.39307976,2496.179426,26.881544,2008
Netherlands,,Very High,10.0,0.911,80.377,16.80303001,51224.24336,16.46077,2008
New Zealand,,Very High,16.0,0.919,80.291,18.5246232,35241.81886,4.2602385,2008
Nicaragua,LAC,Medium,130.0,0.602,70.586,10.54777666,4579.176234,5.687744,2008
Niger,SSA,Low,189.0,0.318,56.508,4.03937006,1051.670267,15.4551755,2008
Nigeria,SSA,Low,161.0,0.482,50.225,8.493925667,4168.108158,152.382506,2008
North Macedonia,ECA,High,83.0,0.736,74.533,12.67469025,13054.4737,2.086227,2008
Norway,,Very High,2.0,0.935,80.678,17.37862015,63719.01717,4.768654,2008
Oman,AS,Very High,59.0,0.77,74.612,12.12456989,38907.71674,2.6510285,2008
Pakistan,SA,Low,164.0,0.489,64.036,6.004640102,3969.787618,185.931955,2008
Palau,EAP,High,71.0,0.78,66.207,15.44602262,17901.36423,0.0191015,2008
"Palestine, State of",AS,High,111.0,0.678,72.413,13.43274975,5397.439051,3.8088185,2008
Panama,LAC,Very High,57.0,0.769,76.225,12.89612007,19932.22964,3.4952765,2008
Papua New Guinea,EAP,Medium,154.0,0.484,62.571,7.682651411,2802.38702,7.1379875,2008
Paraguay,LAC,High,102.0,0.691,71.384,12.80463982,9906.061551,5.645148,2008
Peru,LAC,High,87.0,0.707,73.377,13.21565628,8648.378446,28.806185,2008
Philippines,EAP,High,113.0,0.666,70.564,11.55778027,6126.235999,91.2523265,2008
Poland,,Very High,36.0,0.834,75.584,15.38138008,21880.01431,38.5228825,2008
Portugal,,Very High,42.0,0.825,79.561,16.06788057,31260.44834,10.5809605,2008
Qatar,AS,Very High,40.0,0.835,77.427,12.22560978,89146.57575,1.4442775,2008
Romania,,Very High,53.0,0.807,73.608,15.41860008,21672.4795,20.597508,2008
Russian Federation,,Very High,56.0,0.793,68.494,14.29710007,24119.89453,143.086549,2008
Rwanda,SSA,Low,161.0,0.465,61.134,10.36229038,1347.69975,9.7819965,2008
Saint Kitts and Nevis,LAC,Very High,51.0,0.776,71.374,14.58637047,24402.38069,0.0471555,2008
Saint Lucia,LAC,High,108.0,0.73,72.698,13.44637966,13641.33117,0.168576,2008
Saint Vincent and the Grenadines,LAC,High,81.0,0.752,75.053,13.57068195,11655.84597,0.1103155,2008
Samoa,EAP,High,116.0,0.702,72.155,11.94040415,5418.65165,0.191787,2008
San Marino,,Very High,43.0,0.898,82.206,15.21905994,86782.00804,0.0307,2008
Sao Tome and Principe,SSA,Medium,141.0,0.544,65.079,9.828789711,3184.154138,0.1740035,2008
Saudi Arabia,AS,Very High,40.0,0.794,75.274,12.89645225,43889.08207,27.437353,2008
Senegal,SSA,Low,169.0,0.454,63.242,7.776199818,2807.368906,11.872929,2008
Serbia,ECA,Very High,65.0,0.764,73.939,13.5662899,14282.07374,7.722794,2008
Seychelles,SSA,Very High,67.0,0.77,72.397,12.57917976,20545.23614,0.089644,2008
Sierra Leone,SSA,Low,184.0,0.403,51.526,8.046694616,1480.482213,6.0908605,2008
Singapore,EAP,Very High,9.0,0.91,81.17,16.07637856,71072.46957,4.838402,2008
Slovakia,,Very High,45.0,0.831,74.864,15.14704037,25058.89744,5.3816355,2008
Slovenia,,Very High,22.0,0.889,79.135,17.0559597,35128.7614,2.034033,2008
Solomon Islands,EAP,Medium,156.0,0.533,68.404,9.547706842,2053.755146,0.516001,2008
Somalia,AS,Low,193.0,,51.12,,840.9982403,11.4448695,2008
South Africa,SSA,High,110.0,0.653,56.022,13.45685122,13221.50092,50.565812,2008
South Sudan,SSA,Low,192.0,,53.538,,1259.900077,8.8238885,2008
Spain,,Very High,27.0,0.858,81.29,15.8737402,38152.67213,45.966538,2008
Sri Lanka,SA,High,78.0,0.719,71.729,13.09502864,8252.560246,20.2856425,2008
Sudan,AS,Low,170.0,0.48,61.206,7.160170078,4690.844727,32.065241,2008
Suriname,LAC,Medium,124.0,0.689,68.816,11.11128235,15310.32334,0.533938,2008
Sweden,,Very High,5.0,0.905,81.137,15.79736996,49622.54746,9.2292705,2008
Switzerland,,Very High,1.0,0.926,81.966,15.48637962,61836.73938,7.6382885,2008
Syrian Arab Republic,AS,Medium,157.0,0.651,73.551,11.61194992,6661.570172,21.4740595,2008
Tajikistan,ECA,Medium,126.0,0.628,67.688,10.99670029,2734.256748,7.324627,2008
Tanzania (United Republic of),SSA,Low,167.0,0.472,58.086,8.749302424,1835.036621,42.8708835,2008
Thailand,EAP,Very High,66.0,0.735,75.492,14.02313042,12968.39818,67.3282395,2008
Timor-Leste,EAP,Medium,155.0,0.627,64.329,12.56837709,10492.29575,1.0430765,2008
Togo,SSA,Low,163.0,0.452,56.695,10.41026235,1493.277388,6.222482,2008
Tonga,EAP,High,98.0,0.704,70.164,14.6257515,5339.534117,0.106932,2008
Trinidad and Tobago,LAC,Very High,60.0,0.771,71.47,12.4034135,26524.97174,1.3928025,2008
Tunisia,AS,High,101.0,0.705,75.185,13.97587013,9651.087023,10.6803805,2008
Türkiye,ECA,Very High,45.0,0.721,74.45,12.54028034,19518.37045,71.3207255,2008
Turkmenistan,ECA,High,94.0,0.682,67.407,9.567733136,9858.403113,5.1000825,2008
Tuvalu,EAP,Medium,132.0,0.624,63.948,11.54048667,4412.114365,0.010272,2008
Uganda,SSA,Medium,159.0,0.481,55.823,10.70546516,1734.918933,30.509862,2008
Ukraine,ECA,High,100.0,0.763,69.117,15.03969955,13015.5957,46.0629365,2008
United Arab Emirates,AS,Very High,17.0,0.827,77.488,11.88621662,69933.53169,6.9886845,2008
United Kingdom,,Very High,15.0,0.902,79.665,16.0535202,43069.09881,61.7421505,2008
United States,,Very High,20.0,0.912,78.196,16.28088522,56285.75584,305.69491,2008
Uruguay,LAC,Very High,52.0,0.773,76.623,14.53896999,17007.5096,3.3361255,2008
Uzbekistan,ECA,High,106.0,0.66,68.765,11.47620964,4178.220699,27.7268105,2008
Vanuatu,EAP,Medium,140.0,0.575,69.602,10.42763449,2976.710546,0.2339525,2008
Venezuela (Bolivarian Republic of),LAC,Medium,119.0,0.754,72.436,14.06534958,20206.023,27.933833,2008
Viet Nam,EAP,High,107.0,0.665,73.411,12.407182,5612.320986,85.597241,2008
Yemen,AS,Low,186.0,0.488,66.963,7.868599892,3650.162913,23.329004,2008
Zambia,SSA,Medium,153.0,0.506,53.945,10.98731341,2498.22856,12.8529655,2008
Zimbabwe,SSA,Medium,159.0,0.42,46.723,10.65187009,895.9491394,12.5503475,2008
Very high human development,,,,0.863,77.55812856,15.34546798,38429.71657,1525.100787,2008
High human development,,,,0.689,72.90173028,12.64450325,9049.399692,2584.135834,2008
Medium human development,,,,0.559,65.32608638,10.17100906,4052.970564,1800.135127,2008
Low human development,,,,0.463,57.51332279,7.698738998,2670.961609,844.2880265,2008
Arab States,,,,0.662,69.36950361,10.85895559,13733.22421,342.9844795,2008
East Asia and the Pacific,,,,0.671,73.12309635,12.26997687,7634.122651,1951.513506,2008
Europe and Central Asia,,,,0.733,71.08598257,12.85524327,13507.87675,225.875745,2008
Latin America and the Caribbean,,,,0.729,73.25460029,13.58509801,14277.19333,572.339027,2008
South Asia,,,,0.56,66.25075321,9.690919634,4169.721846,1686.027478,2008
Sub-Saharan Africa,,,,0.49,55.28156942,8.97897779,3226.799046,789.166872,2008
World,,,,0.689,70.00653104,11.53134706,13554.87657,6778.160683,2008
Afghanistan,SA,Low,182.0,0.441,60.364,8.888429642,1953.65815,27.3853075,2009
Albania,ECA,High,74.0,0.752,77.781,13.36019993,10153.08169,2.9305415,2009
Algeria,AS,High,93.0,0.716,73.62,13.87977028,10708.17326,35.1960365,2009
Andorra,,Very High,35.0,0.859,82.752,12.09902763,56471.98437,0.073852,2009
Angola,SSA,Medium,150.0,0.506,55.752,8.664642076,7000.983424,22.507674,2009
Antigua and Barbuda,LAC,Very High,54.0,0.81,76.669,15.49051952,19225.41262,0.0845335,2009
Argentina,LAC,Very High,48.0,0.827,75.936,16.7100296,20779.32028,40.6843385,2009
Armenia,ECA,High,76.0,0.732,72.813,12.23157978,9186.422728,2.9642965,2009
Australia,,Very High,10.0,0.922,81.766,22.26055018,42906.86571,21.660892,2009
Austria,,Very High,22.0,0.898,80.207,15.86686993,51007.44766,8.3429355,2009
Azerbaijan,ECA,High,89.0,0.729,69.356,12.57953504,12625.62044,9.119628,2009
Bahamas,LAC,Very High,57.0,0.798,72.579,11.61987835,33789.6262,0.3680565,2009
Bahrain,AS,Very High,34.0,0.803,78.461,13.14381618,40494.84868,1.1794525,2009
Bangladesh,SA,Medium,129.0,0.547,67.403,8.948829651,3512.515113,146.70681,2009
Barbados,LAC,Very High,62.0,0.794,75.678,15.98110008,15749.63089,0.2737915,2009
Belarus,ECA,Very High,69.0,0.784,71.094,15.51830006,15705.63009,9.7577075,2009
Belgium,,Very High,12.0,0.91,79.847,19.16604042,47948.74028,10.8013565,2009
Belize,LAC,High,118.0,0.715,71.819,12.49421024,8647.544249,0.3141705,2009
Benin,SSA,Low,173.0,0.475,57.956,10.30460548,2647.648776,9.1725145,2009
Bhutan,SA,Medium,125.0,,67.897,11.32693958,6888.807512,0.6976775,2009
Bolivia (Plurinational State of),LAC,Medium,120.0,0.657,65.88,14.28142146,6095.945494,10.0513175,2009
Bosnia and Herzegovina,ECA,High,80.0,0.716,76.976,12.91891003,10757.99383,3.87775,2009
Botswana,SSA,High,114.0,0.639,58.279,11.70634123,11578.69125,2.048997,2009
Brazil,LAC,High,89.0,0.717,72.948,13.80827886,13611.11891,194.5175485,2009
Brunei Darussalam,EAP,Very High,55.0,0.823,74.846,13.80313015,66277.66465,0.390311,2009
Bulgaria,,High,70.0,0.784,73.705,14.2339201,17220.16472,7.6347355,2009
Burkina Faso,SSA,Low,185.0,0.362,55.959,6.131499767,1561.114558,15.6500215,2009
Burundi,SSA,Low,187.0,0.397,56.388,10.05025005,794.0373254,8.709366,2009
Cabo Verde,SSA,Medium,131.0,0.645,73.088,12.06690979,6399.245718,0.5156375,2009
Cambodia,EAP,Medium,148.0,0.538,67.444,11.10583191,2483.750246,14.1557405,2009
Cameroon,SSA,Medium,151.0,0.502,56.102,10.00405025,3285.454823,19.319274,2009
Canada,,Very High,18.0,0.91,81.074,15.31015968,43247.58129,33.593917,2009
Central African Republic,SSA,Low,191.0,0.35,48.648,5.826159954,1110.788224,4.56454,2009
Chad,SSA,Low,189.0,0.357,49.196,6.76913023,1514.11897,11.496128,2009
Chile,LAC,Very High,44.0,0.811,78.741,14.88204002,18917.49378,16.833447,2009
China,EAP,High,75.0,0.689,75.343,12.85252953,8056.028397,1339.125595,2009
Colombia,LAC,High,91.0,0.728,74.742,14.43908978,11169.2851,44.313917,2009
Comoros,SSA,Medium,152.0,0.517,60.831,10.52156601,2971.68615,0.642493,2009
Congo,SSA,Medium,149.0,0.574,61.088,9.851896286,4323.090428,4.2572295,2009
Congo (Democratic Republic of the),SSA,Low,180.0,0.416,55.836,8.352589607,782.8943254,64.270232,2009
Costa Rica,LAC,Very High,64.0,0.765,78.672,13.42483275,15528.73779,4.5631275,2009
Côte d'Ivoire,SSA,Low,166.0,0.465,54.394,7.642139753,2562.097626,20.677762,2009
Croatia,,Very High,39.0,0.819,76.392,14.45388985,23902.57362,4.3821295,2009
Cuba,LAC,High,85.0,0.784,77.548,17.29636002,6916.018671,11.283185,2009
Cyprus,,Very High,29.0,0.857,79.401,14.02830029,38447.76953,1.110974,2009
Czechia,,Very High,32.0,0.866,77.26,15.9990797,30501.30523,10.42151,2009
Denmark,,Very High,5.0,0.909,78.957,16.71541023,50606.3016,5.526452,2009
Djibouti,AS,Low,171.0,0.411,59.673,5.117800236,2570.013354,0.901103,2009
Dominica,LAC,High,97.0,0.736,72.17,14.40200266,12832.38285,0.0687865,2009
Dominican Republic,LAC,High,82.0,0.701,71.871,13.01199109,11435.12522,9.648061,2009
Ecuador,LAC,High,83.0,0.73,75.184,14.46782834,9965.533264,14.742766,2009
Egypt,AS,High,105.0,0.661,69.48,11.08393002,10036.67864,85.5010635,2009
El Salvador,LAC,Medium,127.0,0.651,71.576,12.09626007,7058.044685,6.0911875,2009
Equatorial Guinea,SSA,Medium,133.0,0.613,57.431,8.811864402,23244.84747,1.043686,2009
Eritrea,SSA,Low,175.0,0.455,63.328,7.440969944,1320.929136,3.083888,2009
Estonia,,Very High,31.0,0.859,75.192,16.31830025,24592.293,1.3345515,2009
Eswatini (Kingdom of),SSA,Medium,142.0,0.481,44.639,11.89354782,6861.930591,1.094886,2009
Ethiopia,SSA,Low,176.0,0.399,58.804,7.940599918,1129.002301,86.755585,2009
Fiji,EAP,High,104.0,0.696,67.089,12.80623558,9701.509166,0.9013825,2009
Finland,,Very High,12.0,0.908,79.831,16.8861599,45214.65959,5.338815,2009
France,,Very High,28.0,0.875,81.178,15.27202034,42495.40744,62.093296,2009
Gabon,SSA,Medium,123.0,0.652,63.303,11.91310324,11685.39239,1.6535415,2009
Gambia,SSA,Low,174.0,0.446,60.427,7.53000021,2075.716046,1.878119,2009
Georgia,ECA,Very High,60.0,0.756,71.95,13.87479019,9037.946485,3.8551995,2009
Germany,,Very High,7.0,0.925,79.925,16.80821729,46058.81202,81.260615,2009
Ghana,SSA,Medium,145.0,0.563,60.946,10.01552963,3501.737818,24.950762,2009
Greece,,Very High,33.0,0.873,80.299,16.96781985,34916.54606,11.055496,2009
Grenada,LAC,High,73.0,0.777,75.036,16.31394958,11409.52028,0.1132495,2009
Guatemala,LAC,Medium,136.0,0.606,70.641,10.85439968,7124.618243,14.259411,2009
Guinea,SSA,Low,181.0,0.41,56.348,8.300136566,1774.329626,10.021323,2009
Guinea-Bissau,SSA,Low,179.0,0.434,55.541,9.432105826,1644.447024,1.5271955,2009
Guyana,LAC,High,95.0,0.641,66.563,11.01204014,8758.286926,0.751258,2009
Haiti,LAC,Medium,158.0,0.526,61.741,10.08754188,3158.425873,9.7306375,2009
Honduras,LAC,Medium,138.0,0.592,70.911,10.17946529,4616.401304,8.2773025,2009
"Hong Kong, China (SAR)",,Very High,4.0,0.91,82.589,16.48522949,49508.63991,7.094595,2009
Hungary,,Very High,47.0,0.826,74.179,15.4039402,23096.56567,10.0085795,2009
Iceland,,Very High,3.0,0.925,81.556,17.9835701,39309.89159,0.3188005,2009
India,SA,Medium,134.0,0.562,66.513,10.20211983,3913.922525,1223.64016,2009
Indonesia,EAP,High,112.0,0.66,68.494,12.42794991,7558.922199,240.981299,2009
Iran (Islamic Republic of),SA,High,78.0,0.748,72.698,13.27254009,14468.93896,74.3226845,2009
Iraq,AS,Medium,128.0,0.622,66.446,10.58572989,8112.242749,30.2890405,2009
Ireland,,Very High,7.0,0.9,80.046,17.03665924,44773.57482,4.4997925,2009
Israel,,Very High,25.0,0.881,81.576,14.84815025,32347.92328,7.1997025,2009
Italy,,Very High,30.0,0.877,81.763,16.28161049,42047.2861,59.562841,2009
Jamaica,LAC,High,115.0,0.712,72.124,13.70538044,9353.498042,2.7224015,2009
Japan,,Very High,24.0,0.9,82.974,15.27001258,37504.60625,128.117042,2009
Jordan,AS,High,99.0,0.728,73.801,11.65133524,12083.23619,6.7804925,2009
Kazakhstan,ECA,Very High,67.0,0.76,67.279,14.53081727,17769.16532,16.4023685,2009
Kenya,SSA,Medium,146.0,0.546,60.365,10.61474991,3098.179269,40.3644445,2009
Kiribati,EAP,Medium,137.0,0.58,64.892,11.2400292,2405.713817,0.1059955,2009
Korea (Democratic People's Rep. of),EAP,,,,69.732,,,24.581509,2009
Korea (Republic of),,Very High,19.0,0.876,80.576,16.72352028,32312.88003,48.588019,2009
Kuwait,AS,Very High,49.0,0.808,77.442,13.73072481,70744.83853,2.79555,2009
Kyrgyzstan,ECA,High,117.0,0.661,67.784,12.22723007,4053.88964,5.414085,2009
Lao People's Democratic Republic,EAP,Medium,139.0,0.549,63.273,9.830570221,4377.107329,6.2299295,2009
Latvia,,Very High,37.0,0.831,72.754,15.93803978,23219.15841,2.1262645,2009
Lebanon,AS,High,109.0,0.741,77.889,11.230006,17848.17053,4.9511345,2009
Lesotho,SSA,Low,168.0,0.457,44.034,11.39099503,2888.062565,2.009169,2009
Liberia,SSA,Low,177.0,0.456,59.194,9.92952315,1253.49521,3.9050655,2009
Libya,AS,High,92.0,0.772,72.356,15.15888756,31068.06663,6.360191,2009
Liechtenstein,,Very High,12.0,0.913,81.68,14.85136032,109184.109,0.0356745,2009
Lithuania,,Very High,37.0,0.843,73.177,17.18757057,23588.40568,3.180479,2009
Luxembourg,,Very High,20.0,0.908,80.613,13.60389471,74223.99938,0.497868,2009
Madagascar,SSA,Low,177.0,0.488,62.734,9.907520294,1525.698531,21.117092,2009
Malawi,SSA,Low,172.0,0.452,55.448,10.56926346,1274.154689,14.298932,2009
Malaysia,EAP,Very High,63.0,0.761,74.227,12.55362034,18734.68225,28.217204,2009
Maldives,SA,High,87.0,0.684,77.069,12.075526,14050.92438,0.349037,2009
Mali,SSA,Low,188.0,0.398,55.874,7.125589848,1888.819716,15.032635,2009
Malta,,Very High,25.0,0.849,80.676,15.22702503,29809.06287,0.4155,2009
Marshall Islands,EAP,High,102.0,,63.23,12.98270708,4378.474595,0.053593,2009
Mauritania,SSA,Low,164.0,0.505,62.8,7.516419888,4841.638357,3.322616,2009
Mauritius,SSA,High,72.0,0.746,73.633,13.72397041,16546.92266,1.2798675,2009
Mexico,LAC,High,77.0,0.745,74.119,13.27560043,17090.62063,111.0494285,2009
Micronesia (Federated States of),EAP,Medium,135.0,0.642,71.112,12.87256662,3878.65049,0.1078675,2009
Moldova (Republic of),ECA,High,86.0,0.713,69.573,11.92813015,8271.048497,3.7494925,2009
Monaco,,,,,84.208,18.29087689,,0.0324015,2009
Mongolia,EAP,High,96.0,0.694,66.766,14.1262598,7020.253481,2.6667125,2009
Montenegro,ECA,Very High,50.0,0.798,75.269,14.61359024,16356.39873,0.631182,2009
Morocco,AS,Medium,120.0,0.596,70.458,10.53151989,6544.930176,32.042877,2009
Mozambique,SSA,Low,183.0,0.4,53.788,9.987150192,988.1886934,22.4366595,2009
Myanmar,EAP,Medium,144.0,0.497,63.155,9.19848182,2581.673005,49.0158365,2009
Namibia,SSA,Medium,142.0,0.579,55.496,11.48773807,8473.739736,2.0679195,2009
Nauru,EAP,Medium,122.0,0.545,59.123,9.139922625,4355.605704,0.0102335,2009
Nepal,SA,Medium,146.0,0.53,66.761,11.09342957,2600.640342,27.026941,2009
Netherlands,,Very High,10.0,0.912,80.66,16.84559059,49636.7471,16.5362075,2009
New Zealand,,Very High,16.0,0.922,80.594,18.65393852,35984.87473,4.3028865,2009
Nicaragua,LAC,Medium,130.0,0.603,71.433,10.4774491,4340.564414,5.7706385,2009
Niger,SSA,Low,189.0,0.325,57.396,4.281970024,1033.809164,16.037915,2009
Nigeria,SSA,Low,161.0,0.486,50.712,8.337947655,4364.407204,156.5957575,2009
North Macedonia,ECA,High,83.0,0.74,74.719,12.58216,13046.29411,2.0897875,2009
Norway,,Very High,2.0,0.935,80.867,17.35601044,62352.04385,4.8291995,2009
Oman,AS,Very High,59.0,0.784,74.681,13.19449043,40284.53949,2.697537,2009
Pakistan,SA,Low,164.0,0.493,64.14,6.06787014,3979.032064,190.123222,2009
Palau,EAP,High,71.0,0.777,65.918,15.66340417,16823.35867,0.0188255,2009
"Palestine, State of",AS,High,111.0,0.683,72.608,13.38267994,5583.260203,3.899398,2009
Panama,LAC,Very High,57.0,0.771,76.343,12.86911964,19930.69452,3.5593425,2009
Papua New Guinea,EAP,Medium,154.0,0.489,62.788,7.875108552,2846.423815,7.3588895,2009
Paraguay,LAC,High,102.0,0.691,71.635,13.19958973,9728.88221,5.7025745,2009
Peru,LAC,High,87.0,0.711,73.466,13.4119792,8740.619483,29.0093265,2009
Philippines,EAP,High,113.0,0.666,70.633,11.31982994,6232.078914,92.9469515,2009
Poland,,Very High,36.0,0.838,75.781,15.41930008,22247.77364,38.5552845,2009
Portugal,,Very High,42.0,0.827,79.771,16.11312616,30238.41621,10.591343,2009
Qatar,AS,Very High,40.0,0.833,77.878,12.40295982,85942.9953,1.6102745,2009
Romania,,Very High,53.0,0.819,74.029,16.64273071,20862.30785,20.466318,2009
Russian Federation,,Very High,56.0,0.791,69.212,14.00940037,22201.95508,143.163643,2009
Rwanda,SSA,Low,161.0,0.477,61.958,10.8391304,1395.347402,10.043737,2009
Saint Kitts and Nevis,LAC,Very High,51.0,0.782,71.393,15.16564878,23490.05043,0.0472865,2009
Saint Lucia,LAC,High,108.0,0.733,72.722,13.56145,13658.22102,0.1696875,2009
Saint Vincent and the Grenadines,LAC,High,81.0,0.756,75.083,13.79145002,11707.0404,0.1098395,2009
Samoa,EAP,High,116.0,0.693,70.066,11.98173714,5414.48863,0.193176,2009
San Marino,,Very High,43.0,0.9,82.493,15.25316,73015.85843,0.0310595,2009
Sao Tome and Principe,SSA,Medium,141.0,0.55,65.116,10.30838966,3182.302446,0.178128,2009
Saudi Arabia,AS,Very High,40.0,0.798,75.431,13.08608497,41361.43966,28.4837965,2009
Senegal,SSA,Low,169.0,0.461,63.923,7.958699942,2786.912258,12.1950285,2009
Serbia,ECA,Very High,65.0,0.766,74.038,13.63965034,14133.72708,7.6880345,2009
Seychelles,SSA,Very High,67.0,0.771,72.688,12.51846027,20262.97975,0.09103,2009
Sierra Leone,SSA,Low,184.0,0.411,52.626,8.298607239,1489.591672,6.2598425,2009
Singapore,EAP,Very High,9.0,0.91,81.456,16.1458841,67635.46185,5.010704,2009
Slovakia,,Very High,45.0,0.834,75.217,15.2132597,23958.02185,5.3889265,2009
Slovenia,,Very High,22.0,0.886,79.27,16.99419022,32492.55617,2.045578,2009
Solomon Islands,EAP,Medium,156.0,0.54,68.466,10.0626235,2076.939985,0.5278335,2009
Somalia,AS,Low,193.0,,51.853,,876.6866205,11.730037,2009
South Africa,SSA,High,110.0,0.665,57.447,13.47836844,12967.5913,51.170779,2009
South Sudan,SSA,Low,192.0,,53.891,,1286.379536,9.2292265,2009
Spain,,Very High,27.0,0.86,81.641,15.95915985,36702.64392,46.367772,2009
Sri Lanka,SA,High,78.0,0.711,69.187,13.18474424,8552.668757,20.4824765,2009
Sudan,AS,Low,170.0,0.489,62.644,7.38876009,4560.047852,32.948155,2009
Suriname,LAC,Medium,124.0,0.693,69.505,11.099576,15524.97318,0.539987,2009
Sweden,,Very High,5.0,0.904,81.363,15.79718018,46568.39916,9.301413,2009
Switzerland,,Very High,1.0,0.935,81.985,15.51601982,64776.15956,7.734405,2009
Syrian Arab Republic,AS,Medium,157.0,0.66,73.853,11.72797966,6960.327713,21.8272205,2009
Tajikistan,ECA,Medium,126.0,0.629,68.039,10.9805603,2684.231158,7.468596,2009
Tanzania (United Republic of),SSA,Low,167.0,0.482,58.894,9.054296273,1886.388672,43.9579335,2009
Thailand,EAP,Very High,66.0,0.738,75.842,14.03966045,12805.583,67.8136535,2009
Timor-Leste,EAP,Medium,155.0,0.625,64.854,12.93815994,8144.603172,1.06554,2009
Togo,SSA,Low,163.0,0.46,57.011,10.87752485,1531.333662,6.3986245,2009
Tonga,EAP,High,98.0,0.704,70.012,14.76422977,5124.093332,0.107144,2009
Trinidad and Tobago,LAC,Very High,60.0,0.782,73.126,12.57875516,26531.55303,1.401191,2009
Tunisia,AS,High,101.0,0.709,75.267,13.9574604,9896.456958,10.7845045,2009
Türkiye,ECA,Very High,45.0,0.728,74.765,13.05500984,18317.23351,72.2256385,2009
Turkmenistan,ECA,High,94.0,0.69,67.958,9.859673117,10207.98015,5.180957,2009
Tuvalu,EAP,Medium,132.0,0.622,63.949,11.62080053,4081.322832,0.0104075,2009
Uganda,SSA,Medium,159.0,0.491,56.488,10.76926747,1802.728005,31.41252,2009
Ukraine,ECA,High,100.0,0.761,70.247,15.07240009,11099.3252,45.863884,2009
United Arab Emirates,AS,Very High,17.0,0.825,78.003,11.99287705,57728.34951,7.992644,2009
United Kingdom,,Very High,15.0,0.907,80.167,16.22117996,41006.96473,62.2433775,2009
United States,,Very High,20.0,0.913,78.564,16.33848,54379.4261,308.5120355,2009
Uruguay,LAC,Very High,52.0,0.776,76.738,14.59895039,17637.01313,3.344156,2009
Uzbekistan,ECA,High,106.0,0.666,68.871,11.5299902,4488.920332,28.167842,2009
Vanuatu,EAP,Medium,140.0,0.576,69.653,10.55704816,2894.300484,0.2396885,2009
Venezuela (Bolivarian Republic of),LAC,Medium,119.0,0.754,72.579,14.1207304,19268.582,28.3278915,2009
Viet Nam,EAP,High,107.0,0.671,73.498,12.460778,5781.518375,86.4829225,2009
Yemen,AS,Low,186.0,0.493,67.196,7.943425179,3677.941694,24.0295885,2009
Zambia,SSA,Medium,153.0,0.519,55.3,10.98986653,2778.297758,13.318087,2009
Zimbabwe,SSA,Medium,159.0,0.454,48.063,10.72449017,1366.798452,12.67981,2009
Very high human development,,,,0.864,77.89773778,15.43291624,36873.98876,1536.712957,2009
High human development,,,,0.696,73.2505869,12.87240721,9299.079611,2608.113463,2009
Medium human development,,,,0.566,65.90941143,10.22580233,4223.883165,1827.58175,2009
Low human development,,,,0.469,58.06221403,7.814280112,2717.997969,867.7643215,2009
Arab States,,,,0.667,69.89689563,11.00694006,13415.15222,352.0000965,2009
East Asia and the Pacific,,,,0.681,73.6763394,12.54682029,8077.948373,1968.318945,2009
Europe and Central Asia,,,,0.736,71.56108599,13.06101248,12859.18803,227.3869905,2009
Latin America and the Caribbean,,,,0.731,73.46005059,13.70513918,13824.67801,578.7238435,2009
South Asia,,,,0.565,66.5345247,9.713392416,4351.989997,1710.734316,2009
Sub-Saharan Africa,,,,0.497,56.02371255,9.099084731,3260.295151,811.2436745,2009
World,,,,0.692,70.40398317,11.63790437,13303.15348,6864.786402,2009
Afghanistan,SA,Low,182.0,0.449,60.851,9.180809975,2006.788911,28.189672,2010
Albania,ECA,High,74.0,0.766,77.936,14.1717701,10643.04263,2.9133995,2010
Algeria,AS,High,93.0,0.721,73.808,14.23808002,10955.31455,35.8563435,2010
Andorra,,Very High,35.0,0.863,82.816,12.3120451,57162.41881,0.0715195,2010
Angola,SSA,Medium,150.0,0.516,56.726,9.091620445,6909.368945,23.3641855,2010
Antigua and Barbuda,LAC,Very High,54.0,0.808,76.82,15.58386993,17736.69548,0.085695,2010
Argentina,LAC,Very High,48.0,0.834,75.721,17.02877998,22733.14315,41.100123,2010
Armenia,ECA,High,76.0,0.739,73.16,12.42601967,9517.273781,2.946293,2010
Australia,,Very High,10.0,0.924,82.055,22.42507193,43158.47472,22.0191685,2010
Austria,,Very High,22.0,0.903,80.464,16.12933922,52277.59515,8.362829,2010
Azerbaijan,ECA,High,89.0,0.733,69.529,12.66173005,13284.94553,9.2372025,2010
Bahamas,LAC,Very High,57.0,0.8,72.731,11.63738372,33591.01194,0.373272,2010
Bahrain,AS,Very High,34.0,0.807,78.748,13.38945827,41243.30109,1.2136445,2010
Bangladesh,SA,Medium,129.0,0.558,68.638,9.195212245,3673.457097,148.3911395,2010
Barbados,LAC,Very High,62.0,0.792,75.712,15.7196703,15623.61226,0.274711,2010
Belarus,ECA,Very High,69.0,0.79,71.122,15.55224037,16988.21859,9.731427,2010
Belgium,,Very High,12.0,0.913,80.033,19.21767998,48706.83111,10.8779465,2010
Belize,LAC,High,118.0,0.72,72.272,12.39898968,8313.384667,0.3221065,2010
Benin,SSA,Low,173.0,0.481,58.363,10.69014263,2619.711256,9.4457095,2010
Bhutan,SA,Medium,125.0,0.582,68.43,11.80224037,7499.169622,0.7055165,2010
Bolivia (Plurinational State of),LAC,Medium,120.0,0.661,66.162,14.24979437,6184.584537,10.2232695,2010
Bosnia and Herzegovina,ECA,High,80.0,0.718,77.073,12.95133018,10809.66481,3.811088,2010
Botswana,SSA,High,114.0,0.652,60.013,11.68295281,12163.34347,2.0916645,2010
Brazil,LAC,High,89.0,0.722,73.182,13.85631856,14364.74082,196.353492,2010
Brunei Darussalam,EAP,Very High,55.0,0.825,74.849,13.87399006,66217.42487,0.3960525,2010
Bulgaria,,High,70.0,0.79,73.835,14.48367023,17799.11553,7.5922725,2010
Burkina Faso,SSA,Low,185.0,0.372,56.477,6.557330132,1614.946134,16.116845,2010
Burundi,SSA,Low,187.0,0.404,57.081,10.5172596,799.8836871,9.1266055,2010
Cabo Verde,SSA,Medium,131.0,0.649,73.499,12.31021023,6337.389066,0.5212125,2010
Cambodia,EAP,Medium,148.0,0.542,67.712,11.15608016,2619.522589,14.363532,2010
Cameroon,SSA,Medium,151.0,0.515,56.582,10.37228012,3267.73722,19.8780365,2010
Canada,,Very High,18.0,0.911,81.347,15.17741013,43961.93764,33.9634125,2010
Central African Republic,SSA,Low,191.0,0.357,49.255,6.018069983,1146.736919,4.660067,2010
Chad,SSA,Low,189.0,0.364,49.584,6.771590233,1677.488582,11.894727,2010
Chile,LAC,Very High,44.0,0.813,78.501,15.09842968,19825.32272,17.004162,2010
China,EAP,High,75.0,0.698,75.599,13.04319954,8846.375168,1348.191368,2010
Colombia,LAC,High,91.0,0.732,75.033,14.41386032,11472.10244,44.816108,2010
Comoros,SSA,Medium,152.0,0.524,61.123,10.77042694,3021.772787,0.656024,2010
Congo,SSA,Medium,149.0,0.581,61.683,10.06234741,4464.773481,4.437884,2010
Congo (Democratic Republic of the),SSA,Low,180.0,0.424,56.417,8.690759659,809.7331854,66.391257,2010
Costa Rica,LAC,Very High,64.0,0.769,78.67,13.69601127,16160.57354,4.6222515,2010
Côte d'Ivoire,SSA,Low,166.0,0.47,55.023,7.770457713,2670.426555,21.120042,2010
Croatia,,Very High,39.0,0.824,76.805,14.69629955,23734.79528,4.368682,2010
Cuba,LAC,High,85.0,0.779,77.661,16.27037048,7107.366451,11.2904175,2010
Cyprus,,Very High,29.0,0.859,79.665,13.99242973,37877.30078,1.1296855,2010
Czechia,,Very High,32.0,0.872,77.57,16.21603012,30989.17931,10.464749,2010
Denmark,,Very High,5.0,0.913,79.246,16.89028931,51653.70093,5.5508485,2010
Djibouti,AS,Low,171.0,0.422,60.259,5.315545082,2813.874781,0.9191995,2010
Dominica,LAC,High,97.0,0.735,71.55,14.3703202,13041.66426,0.068755,2010
Dominican Republic,LAC,High,82.0,0.707,72.093,13.22206088,12229.39414,9.775755,2010
Ecuador,LAC,High,83.0,0.736,75.43,14.64702547,10209.0123,14.9895855,2010
Egypt,AS,High,105.0,0.667,69.664,11.19958019,10130.44689,87.2524135,2010
El Salvador,LAC,Medium,127.0,0.657,71.848,12.16615963,7200.449289,6.1140345,2010
Equatorial Guinea,SSA,Medium,133.0,0.609,57.878,9.113633768,17020.66992,1.0945245,2010
Eritrea,SSA,Low,175.0,0.458,63.787,7.158269882,1429.313291,3.147727,2010
Estonia,,Very High,31.0,0.864,75.749,16.50847054,24667.88993,1.331535,2010
Eswatini (Kingdom of),SSA,Medium,142.0,0.498,46.619,12.2055439,6872.288421,1.09992,2010
Ethiopia,SSA,Low,176.0,0.409,59.73,8.021840096,1234.251626,89.2377905,2010
Fiji,EAP,High,104.0,0.699,67.328,12.89310679,9679.915841,0.9051695,2010
Finland,,Very High,12.0,0.912,80.012,17.02306938,46462.53829,5.3632715,2010
France,,Very High,28.0,0.88,81.427,15.38066006,43113.32034,62.444567,2010
Gabon,SSA,Medium,123.0,0.656,63.898,11.95956486,11492.06266,1.711105,2010
Gambia,SSA,Low,174.0,0.449,60.717,7.477910042,2132.033879,1.937275,2010
Georgia,ECA,Very High,60.0,0.763,72.128,14.11575007,9581.980186,3.836831,2010
Germany,,Very High,7.0,0.929,80.086,16.87987036,47933.86372,81.32509,2010
Ghana,SSA,Medium,145.0,0.571,61.157,10.34964466,3640.64144,25.574719,2010
Greece,,Very High,33.0,0.874,80.51,17.18317986,32958.91976,11.033783,2010
Grenada,LAC,High,73.0,0.779,74.999,16.39104621,11646.19387,0.114039,2010
Guatemala,LAC,Medium,136.0,0.613,70.878,11.09412003,7154.321512,14.543121,2010
Guinea,SSA,Low,181.0,0.415,56.72,8.475183487,1836.011571,10.2707275,2010
Guinea-Bissau,SSA,Low,179.0,0.441,56.23,9.531797789,1689.464873,1.5672205,2010
Guyana,LAC,High,95.0,0.65,66.743,11.40573025,9289.958781,0.7479315,2010
Haiti,LAC,Medium,158.0,0.449,46.019,10.21115441,2948.218267,9.84288,2010
Honduras,LAC,Medium,138.0,0.596,71.088,10.24754047,4574.168511,8.4509325,2010
"Hong Kong, China (SAR)",,Very High,4.0,0.914,82.993,16.32858086,52128.22686,7.1324375,2010
Hungary,,Very High,47.0,0.829,74.519,15.48647976,23309.76389,9.986825,2010
Iceland,,Very High,3.0,0.927,81.7,18.52272034,38786.14322,0.318333,2010
India,SA,Medium,134.0,0.572,66.909,10.51416969,4167.862731,1240.61362,2010
Indonesia,EAP,High,112.0,0.667,68.679,12.64494991,7986.456491,244.016173,2010
Iran (Islamic Republic of),SA,High,78.0,0.756,73.069,13.46039009,15102.61749,75.373855,2010
Iraq,AS,Medium,128.0,0.629,67.062,10.81739994,8256.523015,31.264875,2010
Ireland,,Very High,7.0,0.908,80.523,17.46286964,45595.1625,4.524585,2010
Israel,,Very High,25.0,0.887,81.744,15.04463959,33742.13841,7.328445,2010
Italy,,Very High,30.0,0.88,82.137,16.23369026,42573.45431,59.82245,2010
Jamaica,LAC,High,115.0,0.711,72.622,13.25212002,9343.559806,2.733896,2010
Japan,,Very High,24.0,0.903,82.919,15.30135182,39084.56514,128.105431,2010
Jordan,AS,High,99.0,0.727,74.0,11.55727005,11817.51988,6.9312585,2010
Kazakhstan,ECA,Very High,67.0,0.766,68.116,14.49207973,17976.27447,16.6278365,2010
Kenya,SSA,Medium,146.0,0.545,60.649,10.66118386,3286.193143,41.5178955,2010
Kiribati,EAP,Medium,137.0,0.584,65.016,11.29632828,2485.526551,0.107995,2010
Korea (Democratic People's Rep. of),EAP,,,,70.419,,,24.6864355,2010
Korea (Republic of),,Very High,19.0,0.89,80.763,16.7948494,34443.54124,48.813042,2010
Kuwait,AS,Very High,49.0,0.811,77.982,13.73418179,66599.17177,2.9433565,2010
Kyrgyzstan,ECA,High,117.0,0.661,68.254,12.22686958,3889.734936,5.483774,2010
Lao People's Democratic Republic,EAP,Medium,139.0,0.557,63.973,10.04775047,4494.575332,6.3234185,2010
Latvia,,Very High,37.0,0.827,72.954,15.81033039,21386.41625,2.1015305,2010
Lebanon,AS,High,109.0,0.749,78.156,11.525778,18970.02529,4.9957995,2010
Lesotho,SSA,Low,168.0,0.47,45.596,11.51760324,2963.310944,2.022747,2010
Liberia,SSA,Low,177.0,0.46,59.433,9.935281754,1291.946192,4.019956,2010
Libya,AS,High,92.0,0.774,72.374,15.05145387,31983.02202,6.4919875,2010
Liechtenstein,,Very High,12.0,0.916,81.999,14.85902023,114321.8376,0.035926,2010
Lithuania,,Very High,37.0,0.846,73.424,17.12297058,23798.50365,3.1390185,2010
Luxembourg,,Very High,20.0,0.912,80.573,13.86919975,78714.40594,0.5070695,2010
Madagascar,SSA,Low,177.0,0.488,62.873,9.911525249,1486.927503,21.731053,2010
Malawi,SSA,Low,172.0,0.461,56.381,10.73262024,1322.92992,14.7184215,2010
Malaysia,EAP,Very High,63.0,0.768,74.442,12.78493023,19501.46237,28.717731,2010
Maldives,SA,High,87.0,0.692,77.657,12.08483541,14363.23615,0.3615745,2010
Mali,SSA,Low,188.0,0.406,56.382,7.305920124,1937.948872,15.5291805,2010
Malta,,Very High,25.0,0.862,81.813,15.55834007,31331.38346,0.418755,2010
Marshall Islands,EAP,High,102.0,,63.226,13.24269233,4498.137615,0.0534155,2010
Mauritania,SSA,Low,164.0,0.508,63.105,7.665470123,4711.317396,3.4194605,2010
Mauritius,SSA,High,72.0,0.755,73.999,13.87753963,17522.67512,1.28333,2010
Mexico,LAC,High,77.0,0.747,74.19,13.42037964,17819.56652,112.5324005,2010
Micronesia (Federated States of),EAP,Medium,135.0,0.644,71.233,12.88082511,3976.606667,0.1075875,2010
Moldova (Republic of),ECA,High,86.0,0.716,69.357,11.84039974,9022.111316,3.678186,2010
Monaco,,,,,84.63,18.32718157,,0.0331785,2010
Mongolia,EAP,High,96.0,0.7,67.182,14.44752979,7001.737024,2.70252,2010
Montenegro,ECA,Very High,50.0,0.806,76.139,14.81898975,16626.07912,0.631044,2010
Morocco,AS,Medium,120.0,0.604,70.829,10.91386032,6684.600586,32.464865,2010
Mozambique,SSA,Low,183.0,0.407,54.198,10.19349003,1014.95404,23.073723,2010
Myanmar,EAP,Medium,144.0,0.506,63.329,9.454712781,2760.973638,49.390988,2010
Namibia,SSA,Medium,142.0,0.584,56.015,11.51228626,8669.277709,2.0992705,2010
Nauru,EAP,Medium,122.0,0.559,59.64,9.407951325,5007.766219,0.0102405,2010
Nepal,SA,Medium,146.0,0.543,66.814,11.88823986,2702.041832,27.1615665,2010
Netherlands,,Very High,10.0,0.917,80.819,17.01534081,51571.06331,16.617117,2010
New Zealand,,Very High,16.0,0.924,81.102,18.78325384,35762.12254,4.3463385,2010
Nicaragua,LAC,Medium,130.0,0.611,72.009,10.65937514,4477.400845,5.8557335,2010
Niger,SSA,Low,189.0,0.336,58.367,4.609570026,1081.26196,16.6475435,2010
Nigeria,SSA,Low,161.0,0.488,50.945,8.181969643,4565.006426,160.9528535,2010
North Macedonia,ECA,High,83.0,0.746,75.119,12.52130032,13364.56532,2.093828,2010
Norway,,Very High,2.0,0.938,81.04,17.52806091,62398.22447,4.889741,2010
Oman,AS,Very High,59.0,0.798,76.269,14.08343029,38022.88364,2.8819145,2010
Pakistan,SA,Low,164.0,0.496,64.436,6.052280188,3983.657534,194.454498,2010
Palau,EAP,High,71.0,0.775,65.597,15.88078572,15920.93435,0.0185395,2010
"Palestine, State of",AS,High,111.0,0.688,73.004,13.49948025,5735.492491,3.992278,2010
Panama,LAC,Very High,57.0,0.775,76.448,12.93607998,20207.53611,3.6236175,2010
Papua New Guinea,EAP,Medium,154.0,0.497,63.039,8.067565692,3037.600086,7.583269,2010
Paraguay,LAC,High,102.0,0.7,71.887,13.17776012,10686.0445,5.7686125,2010
Peru,LAC,High,87.0,0.725,73.711,13.60830212,9252.910859,29.229572,2010
Philippines,EAP,High,113.0,0.673,70.754,11.54787788,6554.04118,94.6366995,2010
Poland,,Very High,36.0,0.845,76.317,15.76898956,22919.62947,38.597353,2010
Portugal,,Very High,42.0,0.831,80.035,16.15837175,30806.19023,10.588401,2010
Qatar,AS,Very High,40.0,0.829,78.425,12.54948997,93527.4535,1.7135035,2010
Romania,,Very High,53.0,0.813,73.996,16.19702911,20192.12114,20.335211,2010
Russian Federation,,Very High,56.0,0.797,69.386,14.33085012,23185.28516,143.242599,2010
Rwanda,SSA,Low,161.0,0.485,62.54,11.03831959,1456.563812,10.309031,2010
Saint Kitts and Nevis,LAC,Very High,51.0,0.79,71.27,15.74492709,23555.68933,0.047403,2010
Saint Lucia,LAC,High,108.0,0.731,72.72,13.24927998,13710.48903,0.170935,2010
Saint Vincent and the Grenadines,LAC,High,81.0,0.756,74.718,14.01221809,11252.48407,0.1093075,2010
Samoa,EAP,High,116.0,0.704,72.249,12.02307013,5429.020327,0.1946715,2010
San Marino,,Very High,43.0,0.901,82.684,15.28726006,70295.54559,0.0316075,2010
Sao Tome and Principe,SSA,Medium,141.0,0.553,65.249,10.17840004,3334.900648,0.1821385,2010
Saudi Arabia,AS,Very High,40.0,0.805,75.763,13.27571768,41867.96969,29.411929,2010
Senegal,SSA,Low,169.0,0.47,64.615,8.141200066,2807.689781,12.5301215,2010
Serbia,ECA,Very High,65.0,0.768,74.375,13.54881954,14206.5076,7.6537485,2010
Seychelles,SSA,Very High,67.0,0.774,72.97,12.46757984,20727.50745,0.0924085,2010
Sierra Leone,SSA,Low,184.0,0.416,53.693,8.550519861,1418.260172,6.436698,2010
Singapore,EAP,Very High,9.0,0.921,81.691,16.21569016,78557.98724,5.1635895,2010
Slovakia,,Very High,45.0,0.841,75.495,15.26029968,25132.30897,5.396424,2010
Slovenia,,Very High,22.0,0.89,79.704,17.08004951,32910.74506,2.0572875,2010
Solomon Islands,EAP,Medium,156.0,0.553,68.732,10.57754016,2276.741886,0.5403935,2010
Somalia,AS,Low,193.0,,50.563,,913.5674466,12.0266495,2010
South Africa,SSA,High,110.0,0.675,58.899,13.49988567,13208.48997,51.7849215,2010
South Sudan,SSA,Low,192.0,0.406,54.812,4.983324,1237.603735,9.7144195,2010
Spain,,Very High,27.0,0.868,82.021,16.40280914,36770.26414,46.5727725,2010
Sri Lanka,SA,High,78.0,0.735,73.215,13.27445984,9258.837982,20.6685575,2010
Sudan,AS,Low,170.0,0.489,63.016,7.41782999,4341.393066,33.739933,2010
Suriname,LAC,Medium,124.0,0.696,69.894,11.08786964,15729.28874,0.54608,2010
Sweden,,Very High,5.0,0.91,81.519,15.98805046,49095.83999,9.3817295,2010
Switzerland,,Very High,1.0,0.94,82.283,15.6798296,68652.04955,7.8224355,2010
Syrian Arab Republic,AS,Medium,157.0,0.661,73.881,11.89066982,7005.285201,22.3375625,2010
Tajikistan,ECA,Medium,126.0,0.631,67.742,10.96275997,2838.116675,7.6217795,2010
Tanzania (United Republic of),SSA,Low,167.0,0.493,60.105,9.359290123,1937.365234,45.1105275,2010
Thailand,EAP,Very High,66.0,0.743,76.131,13.95051956,13578.51999,68.2704895,2010
Timor-Leste,EAP,Medium,155.0,0.639,65.304,13.12940025,9654.634882,1.0884865,2010
Togo,SSA,Low,163.0,0.469,57.304,11.34478736,1580.534172,6.571855,2010
Tonga,EAP,High,98.0,0.709,70.323,14.90270805,5159.695995,0.1073835,2010
Trinidad and Tobago,LAC,Very High,60.0,0.785,72.725,12.75409682,27360.75088,1.410296,2010
Tunisia,AS,High,101.0,0.713,75.421,14.04518986,10003.15367,10.8950625,2010
Türkiye,ECA,Very High,45.0,0.75,75.069,13.95011044,19681.24937,73.195345,2010
Turkmenistan,ECA,High,94.0,0.699,68.293,10.1516131,11395.29871,5.2679695,2010
Tuvalu,EAP,Medium,132.0,0.623,63.978,11.7011144,3995.52098,0.0105495,2010
Uganda,SSA,Medium,159.0,0.5,57.055,10.83306978,1848.499074,32.341728,2010
Ukraine,ECA,High,100.0,0.766,70.621,15.05955982,11795.40137,45.6830195,2010
United Arab Emirates,AS,Very High,17.0,0.828,78.334,12.09953748,54658.849,8.481771,2010
United Kingdom,,Very High,15.0,0.913,80.401,16.45912933,42040.60613,62.7600385,2010
United States,,Very High,20.0,0.916,78.772,16.39607477,55567.74452,311.182845,2010
Uruguay,LAC,Very High,52.0,0.785,76.858,15.15231991,18877.61386,3.352651,2010
Uzbekistan,ECA,High,106.0,0.675,69.235,11.55832958,4994.237541,28.614227,2010
Vanuatu,EAP,Medium,140.0,0.578,69.617,10.68646182,2878.323649,0.245453,2010
Venezuela (Bolivarian Republic of),LAC,Medium,119.0,0.759,72.89,14.0765901,18703.222,28.715022,2010
Viet Nam,EAP,High,107.0,0.676,73.513,12.514374,6143.898308,87.411012,2010
Yemen,AS,Low,186.0,0.496,67.28,8.018250465,3651.689508,24.7439455,2010
Zambia,SSA,Medium,153.0,0.528,56.799,10.99241965,2833.253144,13.7920865,2010
Zimbabwe,SSA,Medium,159.0,0.481,50.652,10.79711024,1659.43149,12.8397705,2010
Very high human development,,,,0.87,78.10921756,15.60838971,37958.24386,1547.21964,2010
High human development,,,,0.703,73.52652786,13.02255515,9941.109676,2632.560171,2010
Medium human development,,,,0.574,66.28828499,10.50534976,4420.432998,1855.734411,2010
Low human development,,,,0.473,58.5228772,7.871006495,2769.639578,891.777482,2010
Arab States,,,,0.672,70.12495567,11.16190385,13550.94048,360.558292,2010
East Asia and the Pacific,,,,0.689,73.90564273,12.72473759,8783.301111,1985.243163,2010
Europe and Central Asia,,,,0.746,71.87853174,13.38957791,13665.05969,229.0269985,2010
Latin America and the Caribbean,,,,0.735,73.35361956,13.78938696,14452.01057,585.2081685,2010
South Asia,,,,0.574,67.02532281,9.968762968,4585.817196,1735.92,2010
Sub-Saharan Africa,,,,0.502,56.69069651,9.159234304,3342.641583,834.0664095,2010
World,,,,0.698,70.67870568,11.78356245,13796.64171,6952.011318,2010
Afghanistan,SA,Low,182.0,0.457,61.419,9.473190308,2059.012272,29.249157,2011
Albania,ECA,High,74.0,0.779,78.092,15.00177956,11056.62958,2.900654,2011
Algeria,AS,High,93.0,0.725,74.123,14.46667957,10980.75981,36.5435415,2011
Andorra,,Very High,35.0,0.867,82.897,12.52506256,57928.79101,0.0705675,2011
Angola,SSA,Medium,150.0,0.533,57.596,10.07281971,6872.533242,24.2591115,2011
Antigua and Barbuda,LAC,Very High,54.0,0.805,77.104,15.30879974,17054.12146,0.086729,2011
Argentina,LAC,Very High,48.0,0.842,76.124,17.26371956,23942.4341,41.52074,2011
Armenia,ECA,High,76.0,0.743,73.305,12.55574036,9892.559907,2.928976,2011
Australia,,Very High,10.0,0.927,82.134,22.58959368,44610.72803,22.357034,2011
Austria,,Very High,22.0,0.907,80.829,16.17313004,53356.39616,8.3911995,2011
Azerbaijan,ECA,High,89.0,0.735,69.984,12.74392507,13002.31301,9.3590145,2011
Bahamas,LAC,Very High,57.0,0.8,72.564,11.65491546,33388.75251,0.37795,2011
Bahrain,AS,Very High,34.0,0.812,78.89,13.63510036,39814.25241,1.212077,2011
Bangladesh,SA,Medium,129.0,0.565,68.809,9.441594839,3855.485519,150.2110055,2011
Barbados,LAC,Very High,62.0,0.79,75.917,15.68015003,14842.24481,0.2754865,2011
Belarus,ECA,Very High,69.0,0.798,71.516,15.69522953,18070.50266,9.7069815,2011
Belgium,,Very High,12.0,0.914,80.365,19.04887962,48229.78472,10.9557425,2011
Belize,LAC,High,118.0,0.719,72.651,12.49100971,8330.018662,0.3295375,2011
Benin,SSA,Low,173.0,0.486,58.462,11.07567978,2630.204323,9.7263805,2011
Bhutan,SA,Medium,125.0,0.591,68.881,12.20899963,7949.288281,0.7133305,2011
Bolivia (Plurinational State of),LAC,Medium,120.0,0.667,66.534,14.21816728,6420.557585,10.3962455,2011
Bosnia and Herzegovina,ECA,High,80.0,0.723,77.007,13.18472958,11021.62027,3.7431415,2011
Botswana,SSA,High,114.0,0.66,60.53,11.65956439,13102.02839,2.134037,2011
Brazil,LAC,High,89.0,0.727,73.343,13.90452539,14873.19706,198.185302,2011
Brunei Darussalam,EAP,Very High,55.0,0.829,74.858,14.1947403,66074.48269,0.401506,2011
Bulgaria,,High,70.0,0.794,74.189,14.58668041,18085.93337,7.54313,2011
Burkina Faso,SSA,Low,185.0,0.383,57.125,7.003349781,1651.861191,16.6026515,2011
Burundi,SSA,Low,187.0,0.408,57.769,10.69895983,801.2799466,9.455733,2011
Cabo Verde,SSA,Medium,131.0,0.657,74.257,12.47877026,6539.28539,0.5275215,2011
Cambodia,EAP,Medium,148.0,0.546,68.416,11.20655577,2742.898871,14.5738845,2011
Cameroon,SSA,Medium,151.0,0.524,57.133,10.74050999,3282.844317,20.448873,2011
Canada,,Very High,18.0,0.914,81.529,15.24262047,44935.53634,34.323531,2011
Central African Republic,SSA,Low,191.0,0.365,49.948,6.209980011,1175.827953,4.732022,2011
Chad,SSA,Low,189.0,0.373,50.009,7.39041996,1634.122312,12.3177305,2011
Chile,LAC,Very High,44.0,0.816,79.11,15.31116009,20340.00784,17.173573,2011
China,EAP,High,75.0,0.706,75.903,13.15779018,9589.871626,1357.095481,2011
Colombia,LAC,High,91.0,0.738,75.32,14.50032043,12027.97526,45.3088995,2011
Comoros,SSA,Medium,152.0,0.532,61.503,11.01928787,3081.512974,0.6700705,2011
Congo,SSA,Medium,149.0,0.584,61.992,10.27279854,4290.964875,4.584216,2011
Congo (Democratic Republic of the),SSA,Low,180.0,0.432,57.069,9.02892971,826.8531901,68.654269,2011
Costa Rica,LAC,Very High,64.0,0.778,79.348,13.96718979,16639.75824,4.6799265,2011
Côte d'Ivoire,SSA,Low,166.0,0.468,55.52,7.898775673,2483.812121,21.562914,2011
Croatia,,Very High,39.0,0.829,77.222,14.81812,23847.27565,4.3518415,2011
Cuba,LAC,High,85.0,0.776,77.76,15.49761963,7352.238416,11.2987105,2011
Cyprus,,Very High,29.0,0.863,79.999,13.94190979,38589.88672,1.145086,2011
Czechia,,Very High,32.0,0.876,77.819,16.36347008,31301.19798,10.4963785,2011
Denmark,,Very High,5.0,0.927,79.784,18.35436058,52360.19737,5.576016,2011
Djibouti,AS,Low,171.0,0.432,60.433,5.513289928,3113.456227,0.9368105,2011
Dominica,LAC,High,97.0,0.724,69.695,14.15099967,12988.40671,0.068742,2011
Dominican Republic,LAC,High,82.0,0.712,72.221,13.43213068,12418.22533,9.903737,2011
Ecuador,LAC,High,83.0,0.743,75.743,14.8262226,10818.62504,15.237728,2011
Egypt,AS,High,105.0,0.671,69.88,11.21022987,10017.38493,89.200054,2011
El Salvador,LAC,Medium,127.0,0.657,71.859,12.24773979,7439.631163,6.1373485,2011
Equatorial Guinea,SSA,Medium,133.0,0.618,58.412,9.415403133,17559.69006,1.144588,2011
Eritrea,SSA,Low,175.0,0.473,64.402,7.282687426,1764.953463,3.20757,2011
Estonia,,Very High,31.0,0.873,76.468,16.6350193,26603.17386,1.327429,2011
Eswatini (Kingdom of),SSA,Medium,142.0,0.514,48.195,12.51753998,6923.968151,1.1053715,2011
Ethiopia,SSA,Low,176.0,0.419,60.721,8.198710442,1333.214772,91.8179295,2011
Fiji,EAP,High,104.0,0.704,67.523,12.97997799,9910.91611,0.9083545,2011
Finland,,Very High,12.0,0.916,80.391,17.11375046,47002.1184,5.388166,2011
France,,Very High,28.0,0.884,81.813,15.4170599,43984.14355,62.7752685,2011
Gabon,SSA,Medium,123.0,0.661,64.045,12.00620769,11386.68385,1.7725,2011
Gambia,SSA,Low,174.0,0.45,61.526,7.603649736,1891.346904,1.998212,2011
Georgia,ECA,Very High,60.0,0.771,72.39,14.35670996,10268.19764,3.821662,2011
Germany,,Very High,7.0,0.935,80.36,16.95152342,51009.63457,81.423378,2011
Ghana,SSA,Medium,145.0,0.579,61.652,10.68375969,3992.131826,26.205941,2011
Greece,,Very High,33.0,0.871,80.547,17.31554031,29495.10737,11.0047245,2011
Grenada,LAC,High,73.0,0.782,75.295,16.46814283,11779.53493,0.114918,2011
Guatemala,LAC,Medium,136.0,0.617,71.177,11.06177044,7297.904709,14.8334535,2011
Guinea,SSA,Low,181.0,0.421,57.019,8.650230408,1875.766088,10.527712,2011
Guinea-Bissau,SSA,Low,179.0,0.45,56.967,9.631489752,1797.476454,1.609017,2011
Guyana,LAC,High,95.0,0.663,66.982,12.06239986,9730.868035,0.74423,2011
Haiti,LAC,Medium,158.0,0.529,61.623,10.3362817,3066.756293,9.954312,2011
Honduras,LAC,Medium,138.0,0.598,71.439,10.08246517,4620.063584,8.6225045,2011
"Hong Kong, China (SAR)",,Very High,4.0,0.921,83.232,16.46495056,54637.91383,7.1753645,2011
Hungary,,Very High,47.0,0.833,74.923,15.50327969,23792.58804,9.9532445,2011
Iceland,,Very High,3.0,0.933,82.178,18.74509048,41057.35378,0.319293,2011
India,SA,Medium,134.0,0.586,67.359,11.07042027,4335.660812,1257.621191,2011
Indonesia,EAP,High,112.0,0.674,68.823,12.96133041,8362.939836,247.099697,2011
Iran (Islamic Republic of),SA,High,78.0,0.765,73.679,13.95835018,15316.2112,76.342971,2011
Iraq,AS,Medium,128.0,0.637,67.659,11.04907,8466.484633,32.378061,2011
Ireland,,Very High,7.0,0.906,80.633,17.93795967,44430.01972,4.544501,2011
Israel,,Very High,25.0,0.89,81.727,15.04598045,35145.76154,7.459749,2011
Italy,,Very High,30.0,0.883,82.235,16.38994026,42784.22235,60.0259515,2011
Jamaica,LAC,High,115.0,0.715,73.094,13.33304024,9482.988574,2.7461695,2011
Japan,,Very High,24.0,0.902,82.676,15.33269106,39246.80947,128.0072565,2011
Jordan,AS,High,99.0,0.73,74.189,11.56589031,11823.29508,7.1099795,2011
Kazakhstan,ECA,Very High,67.0,0.774,68.745,14.70116043,18264.09656,16.8649175,2011
Kenya,SSA,Medium,146.0,0.552,61.046,10.70761782,3445.493005,42.635144,2011
Kiribati,EAP,Medium,137.0,0.583,65.19,11.35262736,2369.929023,0.1098705,2011
Korea (Democratic People's Rep. of),EAP,,,,70.978,,,24.7837895,2011
Korea (Republic of),,Very High,19.0,0.895,81.21,16.83992004,35598.27827,49.1698775,2011
Kuwait,AS,Very High,49.0,0.817,78.464,13.73763876,67372.20057,3.1438245,2011
Kyrgyzstan,ECA,High,117.0,0.664,68.578,12.21994972,3867.145395,5.5523355,2011
Lao People's Democratic Republic,EAP,Medium,139.0,0.569,64.736,10.45347023,4763.415317,6.4163265,2011
Latvia,,Very High,37.0,0.833,73.693,15.79568958,22094.59417,2.076974,2011
Lebanon,AS,High,109.0,0.755,78.404,11.82155,19093.08957,5.0450565,2011
Lesotho,SSA,Low,168.0,0.478,46.692,11.64421145,2887.770335,2.0376765,2011
Liberia,SSA,Low,177.0,0.464,59.62,9.941040357,1344.003258,4.1811495,2011
Libya,AS,High,92.0,0.734,70.071,14.94402019,16349.90777,6.188132,2011
Liechtenstein,,Very High,12.0,0.919,81.933,15.19810009,101949.0757,0.036189,2011
Lithuania,,Very High,37.0,0.853,73.926,17.16068077,25229.94441,3.0997975,2011
Luxembourg,,Very High,20.0,0.913,80.766,13.92474508,79002.47447,0.518206,2011
Madagascar,SSA,Low,177.0,0.49,63.494,9.915530205,1467.542637,22.348158,2011
Malawi,SSA,Low,172.0,0.469,57.455,10.78287029,1348.988245,15.146094,2011
Malaysia,EAP,Very High,63.0,0.771,74.746,12.64017963,20382.69084,29.184133,2011
Maldives,SA,High,87.0,0.701,78.124,12.09414482,15300.31364,0.3744405,2011
Mali,SSA,Low,188.0,0.411,56.755,7.442359924,1941.54647,16.039734,2011
Malta,,Very High,25.0,0.857,81.147,15.05198956,32246.45045,0.423571,2011
Marshall Islands,EAP,High,102.0,0.656,63.256,13.50267758,4498.096006,0.0529715,2011
Mauritania,SSA,Low,164.0,0.513,63.346,7.815979958,4692.380081,3.524249,2011
Mauritius,SSA,High,72.0,0.764,74.241,14.31081963,18039.02721,1.2862355,2011
Mexico,LAC,High,77.0,0.753,74.365,13.46401978,18134.34709,114.150481,2011
Micronesia (Federated States of),EAP,Medium,135.0,0.646,71.318,12.88908891,4092.031496,0.107887,2011
Moldova (Republic of),ECA,High,86.0,0.719,69.192,11.84959984,9527.407817,3.5951265,2011
Monaco,,,,,85.603,18.36348624,,0.033945,2011
Mongolia,EAP,High,96.0,0.71,67.439,14.45449532,8058.269315,2.7439375,2011
Montenegro,ECA,Very High,50.0,0.811,76.068,15.01949978,17401.97134,0.631788,2011
Morocco,AS,Medium,120.0,0.616,71.269,11.28670979,6937.933594,32.903699,2011
Mozambique,SSA,Low,183.0,0.412,54.869,9.928839684,1075.173192,23.760421,2011
Myanmar,EAP,Medium,144.0,0.517,63.901,9.710943742,2915.311297,49.7945215,2011
Namibia,SSA,Medium,142.0,0.59,56.553,11.53683446,9068.238438,2.1323405,2011
Nauru,EAP,Medium,122.0,0.572,60.24,9.68383998,5437.048851,0.010283,2011
Nepal,SA,Medium,146.0,0.552,67.313,12.36256981,2776.65818,27.266399,2011
Netherlands,,Very High,10.0,0.927,81.1,17.88151932,52419.18625,16.701472,2011
New Zealand,,Very High,16.0,0.924,80.886,18.91256916,36428.07982,4.381269,2011
Nicaragua,LAC,Medium,130.0,0.619,72.416,10.84130118,4693.057332,5.942553,2011
Niger,SSA,Low,189.0,0.344,58.994,4.890210152,1074.545896,17.283112,2011
Nigeria,SSA,Low,161.0,0.494,51.357,8.470709801,4682.3148,165.4637455,2011
North Macedonia,ECA,High,83.0,0.751,75.187,12.5962553,13606.40965,2.0970995,2011
Norway,,Very High,2.0,0.94,81.243,17.52289963,62216.95809,4.953561,2011
Oman,AS,Very High,59.0,0.811,76.608,14.97237015,35349.15082,3.20687,2011
Pakistan,SA,Low,164.0,0.5,64.648,6.036690235,4025.258794,198.602738,2011
Palau,EAP,High,71.0,0.778,65.155,16.09816727,16991.97065,0.01824,2011
"Palestine, State of",AS,High,111.0,0.696,73.243,13.44649029,6183.913701,4.0877445,2011
Panama,LAC,Very High,57.0,0.781,76.627,12.7667799,22676.84179,3.688674,2011
Papua New Guinea,EAP,Medium,154.0,0.502,63.526,8.260022833,2918.15232,7.806637,2011
Paraguay,LAC,High,102.0,0.711,72.131,13.63876238,11115.68235,5.8439385,2011
Peru,LAC,High,87.0,0.731,74.133,13.80462503,9725.961837,29.4777215,2011
Philippines,EAP,High,113.0,0.677,70.788,11.77592583,6644.133824,96.3379135,2011
Poland,,Very High,36.0,0.851,76.651,15.66082001,24013.1631,38.620847,2011
Portugal,,Very High,42.0,0.836,80.497,16.20361733,30812.50858,10.564826,2011
Qatar,AS,Very High,40.0,0.83,78.891,12.32771015,103120.1263,1.8041715,2011
Romania,,Very High,53.0,0.813,74.431,15.56466007,21194.26501,20.220285,2011
Russian Federation,,Very High,56.0,0.807,70.398,14.65229988,24157.05664,143.3645425,2011
Rwanda,SSA,Low,161.0,0.493,63.261,11.20827961,1532.53559,10.576932,2011
Saint Kitts and Nevis,LAC,Very High,51.0,0.801,71.538,16.3242054,23895.95869,0.0475815,2011
Saint Lucia,LAC,High,108.0,0.737,72.944,13.54673004,14441.95417,0.1721455,2011
Saint Vincent and the Grenadines,LAC,High,81.0,0.759,74.596,14.23298616,11233.74083,0.1087025,2011
Samoa,EAP,High,116.0,0.706,72.26,12.06440312,5437.000996,0.196351,2011
San Marino,,Very High,43.0,0.895,82.762,15.16924,61871.42139,0.0324955,2011
Sao Tome and Principe,SSA,Medium,141.0,0.556,64.902,10.396595,3410.029221,0.1860445,2011
Saudi Arabia,AS,Very High,40.0,0.816,76.234,13.4653504,45449.22593,30.150945,2011
Senegal,SSA,Low,169.0,0.483,65.262,8.799389839,2751.561579,12.87588,2011
Serbia,ECA,Very High,65.0,0.773,74.772,13.57139969,14352.87088,7.6209185,2011
Seychelles,SSA,Very High,67.0,0.768,73.754,11.02373981,22954.41282,0.093827,2011
Sierra Leone,SSA,Low,184.0,0.424,54.62,8.596806296,1502.65915,6.6123845,2011
Singapore,EAP,Very High,9.0,0.924,81.975,16.28579801,79637.15965,5.281344,2011
Slovakia,,Very High,45.0,0.846,76.017,15.20849037,25410.94466,5.4026795,2011
Slovenia,,Very High,22.0,0.892,79.99,16.93592072,33118.44387,2.065453,2011
Solomon Islands,EAP,Medium,156.0,0.557,68.908,10.68508005,2343.806202,0.553721,2011
Somalia,AS,Low,193.0,,51.304,,960.8600255,12.2168375,2011
South Africa,SSA,High,110.0,0.686,60.651,13.52140289,13401.03031,52.4433255,2011
South Sudan,SSA,Low,192.0,0.408,54.94,5.113613228,1241.950033,10.24305,2011
Spain,,Very High,27.0,0.873,82.197,16.7514801,36232.95807,46.7292325,2011
Sri Lanka,SA,High,78.0,0.741,73.38,13.29590034,9954.07618,20.8597425,2011
Sudan,AS,Low,170.0,0.491,63.246,7.157400131,4666.238281,34.4196245,2011
Suriname,LAC,Medium,124.0,0.697,69.914,11.07616329,15862.39943,0.5521465,2011
Sweden,,Very High,5.0,0.912,81.758,15.87300014,49948.03571,9.4673875,2011
Switzerland,,Very High,1.0,0.94,82.571,15.6731596,66074.15462,7.910982,2011
Syrian Arab Republic,AS,Medium,157.0,0.687,73.305,12.01360035,12322.05175,22.730733,2011
Tajikistan,ECA,Medium,126.0,0.636,68.148,10.91279984,3009.226441,7.784819,2011
Tanzania (United Republic of),SSA,Low,167.0,0.498,61.049,9.071298122,2026.583618,46.4160315,2011
Thailand,EAP,Very High,66.0,0.749,76.421,14.16273022,13856.81038,68.712846,2011
Timor-Leste,EAP,Medium,155.0,0.649,65.697,13.14062055,11557.47945,1.112976,2011
Togo,SSA,Low,163.0,0.483,57.925,11.81204987,1715.965753,6.7486725,2011
Tonga,EAP,High,98.0,0.716,70.381,15.04118633,5480.870154,0.1076105,2011
Trinidad and Tobago,LAC,Very High,60.0,0.788,73.278,12.92943848,25323.37558,1.42002,2011
Tunisia,AS,High,101.0,0.715,75.46,14.14445972,9687.96419,11.0325275,2011
Türkiye,ECA,Very High,45.0,0.763,74.941,14.50026035,21574.87464,74.173854,2011
Turkmenistan,ECA,High,94.0,0.708,68.567,10.44355308,12460.04827,5.3608115,2011
Tuvalu,EAP,Medium,132.0,0.623,63.974,11.78142826,3911.166675,0.0107005,2011
Uganda,SSA,Medium,159.0,0.504,57.965,10.8968721,1966.576165,33.295738,2011
Ukraine,ECA,High,100.0,0.772,71.387,15.03600025,12320.1709,45.5161335,2011
United Arab Emirates,AS,Very High,17.0,0.835,78.517,12.2061979,57850.56544,8.575205,2011
United Kingdom,,Very High,15.0,0.909,80.805,15.77952957,42314.41137,63.286362,2011
United States,,Very High,20.0,0.918,78.82,16.45366955,56104.46423,313.8766085,2011
Uruguay,LAC,Very High,52.0,0.791,76.983,15.37341976,19861.98068,3.3616375,2011
Uzbekistan,ECA,High,106.0,0.682,69.649,11.57374954,5318.804996,29.0574575,2011
Vanuatu,EAP,Medium,140.0,0.581,69.551,10.81587549,2920.408926,0.251294,2011
Venezuela (Bolivarian Republic of),LAC,Medium,119.0,0.766,72.913,14.03258778,19201.845,29.096159,2011
Viet Nam,EAP,High,107.0,0.681,73.692,12.56797,6483.865279,88.3491165,2011
Yemen,AS,Low,186.0,0.495,67.419,8.368570328,2954.204664,25.47561,2011
Zambia,SSA,Medium,153.0,0.534,57.771,10.99497277,2824.172498,14.265814,2011
Zimbabwe,SSA,Medium,159.0,0.502,53.347,10.86973031,1825.68095,13.025785,2011
Very high human development,,,,0.874,78.36780221,15.72697186,38795.20572,1557.193529,2011
High human development,,,,0.71,73.81142882,13.15029082,10435.56057,2656.902304,2011
Medium human development,,,,0.587,66.8058568,10.9406807,4653.355564,1884.151121,2011
Low human development,,,,0.479,59.02338934,8.013731475,2807.269708,916.3702085,2011
Arab States,,,,0.678,70.34527265,11.26134977,14028.2521,368.361504,2011
East Asia and the Pacific,,,,0.697,74.17825224,12.87090784,9394.616785,2002.021393,2011
Europe and Central Asia,,,,0.754,72.16508105,13.6260918,14550.94199,230.7156905,2011
Latin America and the Caribbean,,,,0.741,73.84093471,13.85357983,14936.99945,591.8580035,2011
South Asia,,,,0.585,67.42577128,10.39962408,4744.06439,1761.240975,2011
Sub-Saharan Africa,,,,0.509,57.42176766,9.341468468,3412.018652,857.685915,2011
World,,,,0.704,71.00928019,11.9817081,14181.53398,7039.434897,2011
Afghanistan,SA,Low,182.0,0.467,61.923,9.803686778,2174.350605,30.4664785,2012
Albania,ECA,High,74.0,0.789,78.064,15.76570988,11146.24731,2.892193,2012
Algeria,AS,High,93.0,0.726,74.202,14.55951595,11103.42939,37.2605625,2012
Andorra,,Very High,35.0,0.867,82.917,12.73808002,54701.56095,0.0710125,2012
Angola,SSA,Medium,150.0,0.545,58.623,10.4918,7256.369381,25.1882925,2012
Antigua and Barbuda,LAC,Very High,54.0,0.811,77.35,15.58716011,17301.81341,0.087674,2012
Argentina,LAC,Very High,48.0,0.844,76.467,17.23535919,23555.62317,41.952365,2012
Armenia,ECA,High,76.0,0.751,73.454,12.67855024,10718.40027,2.914421,2012
Australia,,Very High,10.0,0.931,82.346,22.75411542,45268.49248,22.729269,2012
Austria,,Very High,22.0,0.909,80.841,16.30450058,53349.76165,8.4296365,2012
Azerbaijan,ECA,High,89.0,0.739,70.36,12.82612008,13272.62095,9.485576,2012
Bahamas,LAC,Very High,57.0,0.803,72.753,11.67247361,33977.48273,0.382061,2012
Bahrain,AS,Very High,34.0,0.827,79.081,14.04588032,46027.82681,1.2249395,2012
Bangladesh,SA,Medium,129.0,0.575,69.554,9.687977433,4073.633889,152.0906495,2012
Barbados,LAC,Very High,62.0,0.793,76.099,15.77245143,15166.06931,0.2761975,2012
Belarus,ECA,Very High,69.0,0.805,72.614,15.77573967,18187.99412,9.693749,2012
Belgium,,Very High,12.0,0.915,80.261,19.16010094,49314.24158,11.0311395,2012
Belize,LAC,High,118.0,0.722,73.245,12.94052029,8370.261821,0.337059,2012
Benin,SSA,Low,173.0,0.494,58.716,11.59101009,2665.523826,10.0140785,2012
Bhutan,SA,Medium,125.0,0.597,69.326,12.54831028,8128.851491,0.7211455,2012
Bolivia (Plurinational State of),LAC,Medium,120.0,0.673,66.705,14.38624711,6488.234119,10.569697,2012
Bosnia and Herzegovina,ECA,High,80.0,0.735,77.191,13.37152958,11132.69242,3.674374,2012
Botswana,SSA,High,114.0,0.664,60.8,11.63617596,13117.66171,2.1754255,2012
Brazil,LAC,High,89.0,0.732,73.552,13.95289993,15036.04477,199.9777065,2012
Brunei Darussalam,EAP,Very High,55.0,0.836,74.827,14.74849987,66053.56848,0.406634,2012
Bulgaria,,High,70.0,0.798,74.357,14.56939983,18672.65575,7.488344,2012
Burkina Faso,SSA,Low,185.0,0.393,57.619,7.300139904,1732.087808,17.1137325,2012
Burundi,SSA,Low,187.0,0.412,58.493,10.88066006,811.9726884,9.795479,2012
Cabo Verde,SSA,Medium,131.0,0.657,74.484,12.40867043,6510.948703,0.533864,2012
Cambodia,EAP,Medium,148.0,0.551,68.915,11.25725975,2876.206767,14.7866405,2012
Cameroon,SSA,Medium,151.0,0.535,57.792,11.32874012,3322.769684,21.032684,2012
Canada,,Very High,18.0,0.921,81.722,15.72655964,45291.17181,34.6918785,2012
Central African Republic,SSA,Low,191.0,0.372,50.686,6.190639973,1224.833041,4.7733055,2012
Chad,SSA,Low,189.0,0.381,50.54,7.583830039,1720.438497,12.754906,2012
Chile,LAC,Very High,44.0,0.824,79.023,15.41316986,22185.81902,17.341771,2012
China,EAP,High,75.0,0.715,76.192,13.28357029,10346.76811,1366.560818,2012
Colombia,LAC,High,91.0,0.739,75.597,14.18010044,12421.56175,45.782417,2012
Comoros,SSA,Medium,152.0,0.538,61.834,11.2681488,3109.118404,0.6845525,2012
Congo,SSA,Medium,149.0,0.595,62.317,10.48324966,4835.445078,4.7132565,2012
Congo (Democratic Republic of the),SSA,Low,180.0,0.434,57.248,8.892789841,848.942355,70.9978695,2012
Costa Rica,LAC,Very High,64.0,0.782,79.283,14.13411999,17279.65217,4.7365935,2012
Côte d'Ivoire,SSA,Low,166.0,0.474,56.158,8.027093633,2654.962055,22.0107115,2012
Croatia,,Very High,39.0,0.832,77.34,14.98538971,23342.23419,4.3315945,2012
Cuba,LAC,High,85.0,0.771,77.833,14.61526966,7580.792638,11.30929,2012
Cyprus,,Very High,29.0,0.862,80.109,13.95650005,35515.22266,1.1565565,2012
Czechia,,Very High,32.0,0.878,78.006,16.35502052,31561.41049,10.5110645,2012
Denmark,,Very High,5.0,0.931,80.081,18.6772995,52360.49952,5.6009595,2012
Djibouti,AS,Low,171.0,0.444,60.848,5.748387411,3456.500428,0.9542965,2012
Dominica,LAC,High,97.0,0.728,70.538,14.08298254,12841.02167,0.0688885,2012
Dominican Republic,LAC,High,82.0,0.718,72.514,13.64220047,12583.49887,10.0308825,2012
Ecuador,LAC,High,83.0,0.75,76.062,15.00541973,11248.72366,15.483883,2012
Egypt,AS,High,105.0,0.679,70.085,11.57713032,10036.41388,91.2403765,2012
El Salvador,LAC,Medium,127.0,0.661,71.831,12.29899979,7537.686573,6.161289,2012
Equatorial Guinea,SSA,Medium,133.0,0.628,58.865,9.717172499,18840.51277,1.1936355,2012
Eritrea,SSA,Low,175.0,0.476,64.838,7.407104969,1773.347615,3.252596,2012
Estonia,,Very High,31.0,0.876,76.545,16.60737038,27830.0887,1.322682,2012
Eswatini (Kingdom of),SSA,Medium,142.0,0.53,49.835,12.69502497,7215.886902,1.111444,2012
Ethiopia,SSA,Low,176.0,0.426,61.543,8.268199921,1408.061934,94.4512795,2012
Fiji,EAP,High,104.0,0.707,67.552,13.06684919,9956.767954,0.911059,2012
Finland,,Very High,12.0,0.916,80.501,17.10630035,46162.7632,5.4138585,2012
France,,Very High,28.0,0.885,81.774,15.48921013,43709.33323,63.0714155,2012
Gabon,SSA,Medium,123.0,0.671,64.587,12.05303242,12396.71705,1.836705,2012
Gambia,SSA,Low,174.0,0.457,62.096,7.73150372,1933.804073,2.061014,2012
Georgia,ECA,Very High,60.0,0.779,72.412,14.59766984,11196.55969,3.804356,2012
Germany,,Very High,7.0,0.937,80.506,17.02317649,51046.84602,81.5455655,2012
Ghana,SSA,Medium,145.0,0.583,62.081,10.93752003,4165.29783,26.858762,2012
Greece,,Very High,33.0,0.87,80.341,17.46416092,28553.43092,10.9636345,2012
Grenada,LAC,High,73.0,0.78,75.042,16.54523945,11518.91645,0.1159125,2012
Guatemala,LAC,Medium,136.0,0.62,71.463,10.85068989,7437.345084,15.128306,2012
Guinea,SSA,Low,181.0,0.425,57.406,8.652159691,1944.646071,10.788692,2012
Guinea-Bissau,SSA,Low,179.0,0.454,57.69,9.731181715,1718.587412,1.6527175,2012
Guyana,LAC,High,95.0,0.669,67.23,12.13850021,10280.66909,0.743966,2012
Haiti,LAC,Medium,158.0,0.534,62.291,10.46294229,3038.420049,10.108539,2012
Honduras,LAC,Medium,138.0,0.596,71.734,9.91738987,4647.680169,8.7923665,2012
"Hong Kong, China (SAR)",,Very High,4.0,0.925,83.561,16.54696083,54426.72399,7.23406,2012
Hungary,,Very High,47.0,0.833,75.181,15.49118996,23776.22944,9.922127,2012
Iceland,,Very High,3.0,0.938,82.556,19.17963982,42628.49377,0.3209795,2012
India,SA,Medium,134.0,0.594,67.887,11.31567955,4498.075088,1274.487215,2012
Indonesia,EAP,High,112.0,0.682,68.973,13.29708958,8757.030128,250.222695,2012
Iran (Islamic Republic of),SA,High,78.0,0.78,74.186,15.37275028,14650.90765,77.324451,2012
Iraq,AS,Medium,128.0,0.644,68.023,11.17834286,9285.29449,33.864447,2012
Ireland,,Very High,7.0,0.907,80.752,17.95647049,43866.51723,4.56455,2012
Israel,,Very High,25.0,0.891,81.735,15.0644598,34972.3244,7.592106,2012
Italy,,Very High,30.0,0.881,82.259,16.17141914,41450.83402,60.1901455,2012
Jamaica,LAC,High,115.0,0.716,73.433,13.13263988,9583.951931,2.759817,2012
Japan,,Very High,24.0,0.906,83.175,15.36403029,39791.4456,127.8536875,2012
Jordan,AS,High,99.0,0.736,74.366,11.91063976,11899.59814,7.211863,2012
Kazakhstan,ECA,Very High,67.0,0.781,69.129,14.78635025,19217.17935,17.1028645,2012
Kenya,SSA,Medium,146.0,0.557,61.115,10.75405178,3480.592969,43.7258065,2012
Kiribati,EAP,Medium,137.0,0.593,65.378,11.40892644,2671.60158,0.1116175,2012
Korea (Democratic People's Rep. of),EAP,,,,71.626,,,24.88777,2012
Korea (Republic of),,Very High,19.0,0.897,81.347,16.75774956,36410.47352,49.634185,2012
Kuwait,AS,Very High,49.0,0.821,78.812,13.74109573,66283.74874,3.394663,2012
Kyrgyzstan,ECA,High,117.0,0.673,68.993,12.44661045,4160.447227,5.6319505,2012
Lao People's Democratic Republic,EAP,Medium,139.0,0.578,65.355,10.52556038,5110.435742,6.5088035,2012
Latvia,,Very High,37.0,0.837,73.745,15.62761974,23804.04795,2.053636,2012
Lebanon,AS,High,109.0,0.757,78.628,11.87787575,19100.59983,5.1783375,2012
Lesotho,SSA,Low,168.0,0.489,47.835,11.77081966,2945.453336,2.054718,2012
Liberia,SSA,Low,177.0,0.469,59.913,9.94679896,1400.982046,4.3317405,2012
Libya,AS,High,92.0,0.777,72.247,14.8365865,31359.89939,5.8698705,2012
Liechtenstein,,Very High,12.0,0.921,82.498,15.13212013,90289.26203,0.0365045,2012
Lithuania,,Very High,37.0,0.855,74.203,16.95055962,26503.68033,3.063341,2012
Luxembourg,,Very High,20.0,0.917,80.982,13.98029041,86227.9047,0.5305845,2012
Madagascar,SSA,Low,177.0,0.492,63.544,10.08837032,1449.11078,22.96624,2012
Malawi,SSA,Low,172.0,0.476,58.679,10.86080125,1336.228324,15.5812505,2012
Malaysia,EAP,Very High,63.0,0.777,74.944,12.86585999,20862.54955,29.6602115,2012
Maldives,SA,High,87.0,0.708,78.682,12.10345423,15355.44089,0.3875395,2012
Mali,SSA,Low,188.0,0.407,57.079,7.254854918,1865.392513,16.514687,2012
Malta,,Very High,25.0,0.865,81.391,15.26603985,32505.88149,0.429907,2012
Marshall Islands,EAP,High,102.0,0.659,63.373,13.76266283,4352.383418,0.0522025,2012
Mauritania,SSA,Low,164.0,0.522,63.578,8.192480087,4725.941909,3.6361135,2012
Mauritius,SSA,High,72.0,0.774,74.368,14.74615955,18629.23552,1.2887445,2012
Mexico,LAC,High,77.0,0.76,74.574,13.73157978,18472.18891,115.755909,2012
Micronesia (Federated States of),EAP,Medium,135.0,0.644,71.398,12.897358,4002.840399,0.108232,2012
Moldova (Republic of),ECA,High,86.0,0.722,69.143,11.84010029,9694.757944,3.5071905,2012
Monaco,,,,,84.529,18.39979091,,0.0347005,2012
Mongolia,EAP,High,96.0,0.72,68.111,14.46146086,8926.807936,2.792349,2012
Montenegro,ECA,Very High,50.0,0.813,76.327,15.05303001,17055.89751,0.6330505,2012
Morocco,AS,Medium,120.0,0.626,71.679,11.62874985,7029.493652,33.352169,2012
Mozambique,SSA,Low,183.0,0.418,55.639,9.804129601,1133.868038,24.487611,2012
Myanmar,EAP,Medium,144.0,0.526,64.141,9.967174703,3068.385287,50.218185,2012
Namibia,SSA,Medium,142.0,0.599,57.64,11.56138265,9385.523298,2.16747,2012
Nauru,EAP,Medium,122.0,0.586,60.715,9.967819085,6065.24969,0.0104435,2012
Nepal,SA,Medium,146.0,0.557,67.47,12.50422478,2905.619623,27.330694,2012
Netherlands,,Very High,10.0,0.927,81.049,17.9406395,51285.41572,16.785299,2012
New Zealand,,Very High,16.0,0.927,81.209,19.04188448,37211.09655,4.4102845,2012
Nicaragua,LAC,Medium,130.0,0.625,72.615,11.02322723,4862.996315,6.030607,2012
Niger,SSA,Low,189.0,0.352,59.65,5.121349812,1112.334309,17.954407,2012
Nigeria,SSA,Low,161.0,0.499,51.497,8.680361612,4767.064512,170.0759315,2012
North Macedonia,ECA,High,83.0,0.755,75.14,12.67121029,13472.16222,2.099478,2012
Norway,,Very High,2.0,0.941,81.444,17.45492935,63005.25772,5.019056,2012
Oman,AS,Very High,59.0,0.813,77.061,14.58850527,34918.32772,3.5355785,2012
Pakistan,SA,Low,164.0,0.504,64.782,6.139200211,4091.672342,202.2058605,2012
Palau,EAP,High,71.0,0.78,64.708,16.31554882,17816.07359,0.017946,2012
"Palestine, State of",AS,High,111.0,0.702,73.466,13.39980984,6438.215213,4.184161,2012
Panama,LAC,Very High,57.0,0.788,76.819,12.78280671,24467.53259,3.754862,2012
Papua New Guinea,EAP,Medium,154.0,0.51,63.733,8.452479973,3113.664658,8.026545,2012
Paraguay,LAC,High,102.0,0.716,72.454,13.8313493,10883.87969,5.923322,2012
Peru,LAC,High,87.0,0.741,74.544,14.00094795,10363.60107,29.749589,2012
Philippines,EAP,High,113.0,0.684,70.881,12.00397377,6996.393692,98.032317,2012
Poland,,Very High,36.0,0.855,76.714,15.70232964,24327.14255,38.6258735,2012
Portugal,,Very High,42.0,0.837,80.478,16.24886292,29460.25763,10.522086,2012
Qatar,AS,Very High,40.0,0.84,79.227,12.48701954,103823.1803,1.90566,2012
Romania,,Very High,53.0,0.807,74.391,14.68935966,21593.06388,20.137118,2012
Russian Federation,,Very High,56.0,0.811,70.769,14.64214993,25053.79297,143.629362,2012
Rwanda,SSA,Low,161.0,0.501,64.009,11.3453598,1616.440083,10.840334,2012
Saint Kitts and Nevis,LAC,Very High,51.0,0.809,71.669,16.90348371,23871.34187,0.047727,2012
Saint Lucia,LAC,High,108.0,0.731,72.882,13.02902031,14194.91563,0.173124,2012
Saint Vincent and the Grenadines,LAC,High,81.0,0.762,74.146,14.45375423,11589.05941,0.108083,2012
Samoa,EAP,High,116.0,0.703,72.167,12.1057361,5267.582347,0.198124,2012
San Marino,,Very High,43.0,0.886,82.575,15.07450008,51561.61307,0.033132,2012
Sao Tome and Principe,SSA,Medium,141.0,0.562,65.746,10.61478996,3369.1542,0.1899245,2012
Saudi Arabia,AS,Very High,40.0,0.824,76.461,13.65498311,46898.50007,30.8215435,2012
Senegal,SSA,Low,169.0,0.491,65.457,9.017259598,2782.299944,13.231833,2012
Serbia,ECA,Very High,65.0,0.78,75.106,14.13745022,14413.87411,7.5913495,2012
Seychelles,SSA,Very High,67.0,0.784,73.643,12.47377014,23664.58187,0.095309,2012
Sierra Leone,SSA,Low,184.0,0.427,55.451,8.64309273,1460.16204,6.7885875,2012
Singapore,EAP,Very High,9.0,0.926,82.243,16.35620898,80774.76379,5.3810045,2012
Slovakia,,Very High,45.0,0.846,76.175,15.15810966,26182.26811,5.4092835,2012
Slovenia,,Very High,22.0,0.892,80.128,16.95046997,32115.86446,2.069354,2012
Solomon Islands,EAP,Medium,156.0,0.558,69.084,10.52020001,2404.824221,0.5677625,2012
Somalia,AS,Low,193.0,,53.161,,1008.131608,12.4403265,2012
South Africa,SSA,High,110.0,0.696,61.846,13.54292011,13522.30267,53.145033,2012
South Sudan,SSA,Low,192.0,0.377,55.865,5.243902457,674.3062032,10.7016045,2012
Spain,,Very High,27.0,0.875,82.211,16.98982048,35483.34986,46.7560815,2012
Sri Lanka,SA,High,78.0,0.747,73.906,13.26900959,10698.47014,21.017147,2012
Sudan,AS,Low,170.0,0.498,63.792,7.529759884,4478.064453,35.159792,2012
Suriname,LAC,Medium,124.0,0.698,69.764,11.06445694,16475.17669,0.5581105,2012
Sweden,,Very High,5.0,0.912,81.73,15.91219044,49406.50398,9.5559865,2012
Switzerland,,Very High,1.0,0.943,82.616,15.82800961,66882.19508,7.995738,2012
Syrian Arab Republic,AS,Medium,157.0,0.638,66.769,12.25677013,7826.959601,22.6055775,2012
Tajikistan,ECA,Medium,126.0,0.641,68.484,10.91277981,3162.279029,7.9563815,2012
Tanzania (United Republic of),SSA,Low,167.0,0.501,62.03,8.783306122,2066.580566,47.7861375,2012
Thailand,EAP,Very High,66.0,0.752,76.772,13.99042034,14436.66785,69.157023,2012
Timor-Leste,EAP,Medium,155.0,0.644,66.081,13.15184085,9974.861904,1.1376755,2012
Togo,SSA,Low,163.0,0.487,58.073,11.93809986,1710.257782,6.9266345,2012
Tonga,EAP,High,98.0,0.718,70.442,15.17966461,5534.043271,0.107502,2012
Trinidad and Tobago,LAC,Very High,60.0,0.794,73.716,13.0546583,26089.87988,1.4303765,2012
Tunisia,AS,High,101.0,0.716,75.55,14.15775967,10017.60743,11.174383,2012
Türkiye,ECA,Very High,45.0,0.772,75.678,14.67325974,22298.17065,75.277439,2012
Turkmenistan,ECA,High,94.0,0.714,68.722,10.73549306,13016.29701,5.458682,2012
Tuvalu,EAP,Medium,132.0,0.631,63.964,11.86174213,4331.282664,0.0108545,2012
Uganda,SSA,Medium,159.0,0.504,58.817,10.96181977,1972.374658,34.273295,2012
Ukraine,ECA,High,100.0,0.774,71.627,15.05902958,12839.41016,45.4062265,2012
United Arab Emirates,AS,Very High,17.0,0.841,78.716,12.31285833,60013.46328,8.6649695,2012
United Kingdom,,Very High,15.0,0.91,80.866,15.69824028,42068.79593,63.808727,2012
United States,,Very High,20.0,0.92,78.944,16.51126432,56913.88058,316.651321,2012
Uruguay,LAC,Very High,52.0,0.794,77.111,15.4978199,19717.38754,3.3711325,2012
Uzbekistan,ECA,High,106.0,0.688,69.874,11.67866993,5636.214937,29.503051,2012
Vanuatu,EAP,Medium,140.0,0.581,69.497,10.94528916,2784.811332,0.2573135,2012
Venezuela (Bolivarian Republic of),LAC,Medium,119.0,0.769,73.036,13.98872301,19991.093,29.470426,2012
Viet Nam,EAP,High,107.0,0.684,73.704,12.62082667,6737.568623,89.3013255,2012
Yemen,AS,Low,186.0,0.497,67.343,8.288971821,2942.518478,26.2233905,2012
Zambia,SSA,Medium,153.0,0.548,58.867,10.9975259,3270.385114,14.744658,2012
Zimbabwe,SSA,Medium,159.0,0.522,55.626,10.94235039,2078.953775,13.265331,2012
Very high human development,,,,0.877,78.58110989,15.77664543,39202.75898,1567.435888,2012
High human development,,,,0.717,74.07551876,13.33056473,10968.59458,2682.035568,2012
Medium human development,,,,0.594,67.24065403,11.1596682,4782.906589,1912.491374,2012
Low human development,,,,0.483,59.41856144,8.117825354,2844.003757,940.994356,2012
Arab States,,,,0.683,70.2612322,11.45613779,14302.62573,376.266907,2012
East Asia and the Pacific,,,,0.705,74.42761598,13.0206357,10028.48325,2019.433054,2012
Europe and Central Asia,,,,0.76,72.60613839,13.76097485,15078.8362,232.6323325,2012
Latin America and the Caribbean,,,,0.746,74.06772151,13.90354359,15225.32373,598.51995,2012
South Asia,,,,0.593,67.91576606,10.65622651,4868.255425,1786.031181,2012
Sub-Saharan Africa,,,,0.514,57.98732798,9.428494907,3479.782545,881.7684045,2012
World,,,,0.709,71.28898055,12.11233724,14457.27864,7127.879656,2012
Afghanistan,SA,Low,182.0,0.475,62.417,10.13418325,2244.209474,31.5412085,2013
Albania,ECA,High,74.0,0.793,78.123,15.99631023,11552.96617,2.887014,2013
Algeria,AS,High,93.0,0.729,74.615,14.65235233,11118.24878,38.0006265,2013
Andorra,,Very High,35.0,0.851,82.934,11.50372028,52499.18981,0.0713665,2013
Angola,SSA,Medium,150.0,0.555,59.307,10.9107,7437.535052,26.147002,2013
Antigua and Barbuda,LAC,Very High,54.0,0.812,77.583,15.57778636,17327.14472,0.088497,2013
Argentina,LAC,Very High,48.0,0.846,76.491,17.2339592,23913.50105,42.388269,2013
Armenia,ECA,High,76.0,0.757,73.676,12.80136013,11336.71194,2.9013845,2013
Australia,,Very High,10.0,0.929,82.604,22.91863717,45609.49362,23.1117815,2013
Austria,,Very High,22.0,0.907,81.078,16.03704071,53138.15998,8.479539,2013
Azerbaijan,ECA,High,89.0,0.745,70.881,12.90831509,13956.4303,9.6144785,2013
Bahamas,LAC,Very High,57.0,0.804,73.024,11.69005822,32498.22024,0.38565,2013
Bahrain,AS,Very High,34.0,0.839,79.246,14.66265011,46836.14835,1.261673,2013
Bangladesh,SA,Medium,129.0,0.577,69.565,9.934360027,4247.481847,154.0301395,2013
Barbados,LAC,Very High,62.0,0.793,76.275,15.86529616,14845.30143,0.276865,2013
Belarus,ECA,Very High,69.0,0.806,72.989,15.57808018,18137.47165,9.6911365,2013
Belgium,,Very High,12.0,0.917,80.468,19.35095978,49379.38569,11.103257,2013
Belize,LAC,High,118.0,0.721,73.666,12.82242966,8601.869481,0.3446875,2013
Benin,SSA,Low,173.0,0.503,58.965,12.10634041,2776.709633,10.3087305,2013
Bhutan,SA,Medium,125.0,0.604,69.707,12.46308994,8300.058461,0.7288885,2013
Bolivia (Plurinational State of),LAC,Medium,120.0,0.681,67.021,14.57401404,6807.268054,10.743349,2013
Bosnia and Herzegovina,ECA,High,80.0,0.745,76.33,13.61658955,11633.91842,3.6175585,2013
Botswana,SSA,High,114.0,0.676,61.996,11.61278754,14048.25315,2.217278,2013
Brazil,LAC,High,89.0,0.75,73.918,15.24518967,15529.69525,201.721767,2013
Brunei Darussalam,EAP,Very High,55.0,0.835,74.799,14.74330044,64910.12812,0.4117025,2013
Bulgaria,,High,70.0,0.804,74.849,14.95895958,18511.18231,7.4311675,2013
Burkina Faso,SSA,Low,185.0,0.399,57.823,7.544000149,1776.231708,17.6364075,2013
Burundi,SSA,Low,187.0,0.416,59.235,10.99707985,825.1565347,10.1495775,2013
Cabo Verde,SSA,Medium,131.0,0.664,75.059,12.74475002,6523.980609,0.53994,2013
Cambodia,EAP,Medium,148.0,0.554,69.304,11.30819314,3022.219829,14.999683,2013
Cameroon,SSA,Medium,151.0,0.544,58.476,11.63219023,3378.477432,21.63285,2013
Canada,,Very High,18.0,0.923,81.803,15.82699013,45977.91849,35.063691,2013
Central African Republic,SSA,Low,191.0,0.352,50.902,6.317989663,777.1837581,4.8024285,2013
Chad,SSA,Low,189.0,0.385,50.781,7.777240117,1714.003951,13.2167665,2013
Chile,LAC,Very High,44.0,0.837,79.339,16.10619926,22956.33749,17.5099245,2013
China,EAP,High,75.0,0.723,76.452,13.5112315,11012.3724,1376.100308,2013
Colombia,LAC,High,91.0,0.75,75.827,14.7003603,12981.46723,46.23793,2013
Comoros,SSA,Medium,152.0,0.546,62.224,11.51700974,3184.874178,0.6993925,2013
Congo,SSA,Medium,149.0,0.6,62.695,10.70739212,4861.756348,4.8280665,2013
Congo (Democratic Republic of the),SSA,Low,180.0,0.44,57.762,9.145159721,853.07681,73.460021,2013
Costa Rica,LAC,Very High,64.0,0.787,79.403,14.33946991,17417.48018,4.791535,2013
Côte d'Ivoire,SSA,Low,166.0,0.48,56.748,8.155411593,2841.451299,22.4692675,2013
Croatia,,Very High,39.0,0.839,77.843,15.28361988,23662.68389,4.3088535,2013
Cuba,LAC,High,85.0,0.766,77.87,13.98764038,7793.665262,11.3215795,2013
Cyprus,,Very High,29.0,0.863,80.402,14.1801796,33088.23047,1.1669685,2013
Czechia,,Very High,32.0,0.884,78.18,16.85703087,31545.24187,10.5145525,2013
Denmark,,Very High,5.0,0.933,80.304,19.17308044,53098.62772,5.6253845,2013
Djibouti,AS,Low,171.0,0.453,61.221,5.993509911,3614.268254,0.9717525,2013
Dominica,LAC,High,97.0,0.72,68.896,14.01529235,12738.65751,0.0688185,2013
Dominican Republic,LAC,High,82.0,0.722,72.713,13.70403528,12930.68766,10.157051,2013
Ecuador,LAC,High,83.0,0.755,76.369,14.87827969,11622.48997,15.7229895,2013
Egypt,AS,High,105.0,0.684,70.052,11.80953979,9993.03,93.3778905,2013
El Salvador,LAC,Medium,127.0,0.664,71.771,12.43801975,7642.278773,6.1856425,2013
Equatorial Guinea,SSA,Medium,133.0,0.633,59.224,10.01894186,18288.04449,1.243941,2013
Eritrea,SSA,Low,175.0,0.472,65.067,7.531522512,1566.83711,3.296367,2013
Estonia,,Very High,31.0,0.881,77.127,16.49702072,28825.80955,1.3179815,2013
Eswatini (Kingdom of),SSA,Medium,142.0,0.546,51.486,12.87250996,7623.226801,1.118319,2013
Ethiopia,SSA,Low,176.0,0.437,62.373,8.460597474,1514.788044,97.084366,2013
Fiji,EAP,High,104.0,0.712,67.428,13.15372039,10588.31325,0.913453,2013
Finland,,Very High,12.0,0.926,80.883,19.3260994,45511.67944,5.4388715,2013
France,,Very High,28.0,0.888,82.016,15.46125031,43760.65414,63.33518,2013
Gabon,SSA,Medium,123.0,0.678,64.776,12.10003977,12857.19263,1.9022265,2013
Gambia,SSA,Low,174.0,0.461,62.114,7.861507545,1927.935276,2.1248695,2013
Georgia,ECA,Very High,60.0,0.784,72.628,14.83862972,11544.51495,3.7860225,2013
Germany,,Very High,7.0,0.938,80.463,17.09482956,51092.81404,81.6805915,2013
Ghana,SSA,Medium,145.0,0.587,62.42,11.07386971,4469.515961,27.525597,2013
Greece,,Very High,33.0,0.874,80.974,17.52424049,27809.83953,10.9145055,2013
Grenada,LAC,High,73.0,0.783,75.116,16.62233607,11779.34819,0.1169445,2013
Guatemala,LAC,Medium,136.0,0.623,71.728,10.8308897,7557.659524,15.4226615,2013
Guinea,SSA,Low,181.0,0.43,57.791,8.883224964,1904.024544,11.05543,2013
Guinea-Bissau,SSA,Low,179.0,0.458,58.232,9.830873678,1685.666477,1.6977525,2013
Guyana,LAC,High,95.0,0.674,67.473,12.2407403,10510.01835,0.7474205,2013
Haiti,LAC,Medium,158.0,0.54,62.605,10.59115497,3117.048528,10.261206,2013
Honduras,LAC,Medium,138.0,0.602,71.963,9.886475411,4691.298655,8.960657,2013
"Hong Kong, China (SAR)",,Very High,4.0,0.928,83.806,16.53655052,55878.28871,7.2968265,2013
Hungary,,Very High,47.0,0.843,75.681,15.83022022,24600.48038,9.8946395,2013
Iceland,,Very High,3.0,0.942,81.929,19.7612896,48035.5135,0.3240245,2013
India,SA,Medium,134.0,0.6,68.46,11.36273956,4720.380805,1291.132064,2013
Indonesia,EAP,High,112.0,0.687,69.264,13.32936954,9117.764283,253.275918,2013
Iran (Islamic Republic of),SA,High,78.0,0.78,74.449,15.21718979,14217.48742,78.4589275,2013
Iraq,AS,Medium,128.0,0.648,68.253,11.30761571,9441.922692,35.4817995,2013
Ireland,,Very High,7.0,0.911,80.968,18.06964493,45949.93816,4.588832,2013
Israel,,Very High,25.0,0.896,82.115,15.10923004,36025.22867,7.726676,2013
Italy,,Very High,30.0,0.88,82.66,15.97961044,40198.23908,60.3125995,2013
Jamaica,LAC,High,115.0,0.715,73.412,12.93223953,9497.8066,2.773129,2013
Japan,,Very High,24.0,0.909,83.411,15.39536953,40908.42877,127.678924,2013
Jordan,AS,High,99.0,0.738,74.562,11.99786529,11472.07719,7.694814,2013
Kazakhstan,ECA,Very High,67.0,0.789,69.814,14.57437038,21068.97379,17.3457315,2013
Kenya,SSA,Medium,146.0,0.562,61.389,10.80048573,3500.859,44.792368,2013
Kiribati,EAP,Medium,137.0,0.602,65.588,11.46522552,2979.966304,0.113311,2013
Korea (Democratic People's Rep. of),EAP,,,,72.319,,,25.001819,2013
Korea (Republic of),,Very High,19.0,0.902,81.864,16.68445015,37248.45937,50.098229,2013
Kuwait,AS,Very High,49.0,0.813,79.164,13.74455271,63895.33145,3.646518,2013
Kyrgyzstan,ECA,High,117.0,0.68,69.217,12.63895988,4379.803244,5.71956,2013
Lao People's Democratic Republic,EAP,Medium,139.0,0.587,65.718,10.78007984,5477.818458,6.6007415,2013
Latvia,,Very High,37.0,0.846,74.183,16.07962036,24660.7746,2.0314865,2013
Lebanon,AS,High,109.0,0.756,78.765,11.93446988,18082.85798,5.6788515,2013
Lesotho,SSA,Low,168.0,0.494,49.002,11.41275024,2931.933532,2.0739385,2013
Liberia,SSA,Low,177.0,0.474,59.943,9.952557564,1489.818888,4.4273125,2013
Libya,AS,High,92.0,0.766,72.34,14.72915281,25008.4857,5.985221,2013
Liechtenstein,,Very High,12.0,0.921,82.425,15.11427021,102356.7536,0.0368055,2013
Lithuania,,Very High,37.0,0.858,74.312,16.85629082,27982.96676,3.0281895,2013
Luxembourg,,Very High,20.0,0.922,81.366,14.02516365,81159.9581,0.5430655,2013
Madagascar,SSA,Low,177.0,0.494,63.962,10.14561033,1439.94405,23.5880735,2013
Malawi,SSA,Low,172.0,0.484,59.729,10.93929544,1369.538709,16.0247755,2013
Malaysia,EAP,Very High,63.0,0.782,75.035,13.00280952,21605.79184,30.1348075,2013
Maldives,SA,High,87.0,0.715,79.057,12.11276364,15648.36655,0.400728,2013
Mali,SSA,Low,188.0,0.404,57.357,7.067349911,1865.700614,17.0040325,2013
Malta,,Very High,25.0,0.874,82.015,15.39560032,33706.94136,0.437525,2013
Marshall Islands,EAP,High,102.0,0.669,63.464,14.02264808,4716.605108,0.0513525,2013
Mauritania,SSA,Low,164.0,0.53,63.911,8.485039711,4792.800933,3.742959,2013
Mauritius,SSA,High,72.0,0.779,74.712,14.66182995,19353.48581,1.2906915,2013
Mexico,LAC,High,77.0,0.761,74.739,13.91250992,18297.60348,117.2906855,2013
Micronesia (Federated States of),EAP,Medium,135.0,0.642,71.499,12.9056324,3842.161925,0.1086095,2013
Moldova (Republic of),ECA,High,86.0,0.726,69.099,11.86797047,10580.40618,3.4165305,2013
Monaco,,,,,84.866,18.43609559,,0.0354255,2013
Mongolia,EAP,High,96.0,0.73,68.585,14.46842639,10031.4993,2.8451535,2013
Montenegro,ECA,Very High,50.0,0.819,76.609,15.1332833,17697.43086,0.6339455,2013
Morocco,AS,Medium,120.0,0.636,72.122,11.9529438,7266.277832,33.8035275,2013
Mozambique,SSA,Low,183.0,0.432,56.492,10.39083958,1177.571146,25.251731,2013
Myanmar,EAP,Medium,144.0,0.538,64.815,10.22340566,3286.716192,50.6483335,2013
Namibia,SSA,Medium,142.0,0.61,58.694,11.58593085,10110.37765,2.20451,2013
Nauru,EAP,Medium,122.0,0.597,61.231,10.26012589,6448.486196,0.0106935,2013
Nepal,SA,Medium,146.0,0.563,67.965,12.64587975,3001.327391,27.381555,2013
Netherlands,,Very High,10.0,0.929,81.292,18.05022621,51273.40844,16.867352,2013
New Zealand,,Very High,16.0,0.93,81.652,19.1711998,37995.12686,4.450644,2013
Nicaragua,LAC,Medium,130.0,0.631,72.704,11.20515327,4982.09697,6.119379,2013
Niger,SSA,Low,189.0,0.358,60.239,5.359456539,1133.497043,18.653199,2013
Nigeria,SSA,Low,161.0,0.504,51.707,8.890013422,4959.534838,174.7261235,2013
North Macedonia,ECA,High,83.0,0.763,75.866,12.67346954,13813.87749,2.1022155,2013
Norway,,Very High,2.0,0.945,81.667,17.65600967,63023.97644,5.0806685,2013
Oman,AS,Very High,59.0,0.814,77.246,14.20464039,34742.82415,3.81668,2013
Pakistan,SA,Low,164.0,0.51,65.15,6.192039967,4200.63565,205.337562,2013
Palau,EAP,High,71.0,0.776,64.227,16.53293037,16805.41821,0.0178055,2013
"Palestine, State of",AS,High,111.0,0.704,74.029,13.18264008,6653.213036,4.281794,2013
Panama,LAC,Very High,57.0,0.794,77.038,12.79883353,25825.07861,3.821556,2013
Papua New Guinea,EAP,Medium,154.0,0.516,63.961,8.776717377,3049.499632,8.245627,2013
Paraguay,LAC,High,102.0,0.729,72.757,14.01141217,11642.91524,6.005652,2013
Peru,LAC,High,87.0,0.749,74.967,14.19727087,11014.6226,30.038809,2013
Philippines,EAP,High,113.0,0.689,70.835,12.23202171,7396.815799,99.7001075,2013
Poland,,Very High,36.0,0.865,76.971,16.59316063,24587.27296,38.6073525,2013
Portugal,,Very High,42.0,0.842,80.817,16.29410851,29649.55598,10.464535,2013
Qatar,AS,Very High,40.0,0.852,79.536,12.5227499,103999.4295,2.0355005,2013
Romania,,Very High,53.0,0.811,74.976,14.65362644,21775.8687,20.066546,2013
Russian Federation,,Very High,56.0,0.816,71.302,14.79650974,25335.32617,143.956866,2013
Rwanda,SSA,Low,161.0,0.502,64.426,11.05461025,1647.251746,11.1013495,2013
Saint Kitts and Nevis,LAC,Very High,51.0,0.819,71.457,17.48276202,25310.14911,0.0477665,2013
Saint Lucia,LAC,High,108.0,0.723,72.735,12.52221012,13886.74772,0.1739785,2013
Saint Vincent and the Grenadines,LAC,High,81.0,0.766,73.798,14.6745223,12012.40736,0.10745,2013
Samoa,EAP,High,116.0,0.704,72.391,12.14706909,5228.617973,0.199939,2013
San Marino,,Very High,43.0,0.882,82.391,14.54367177,52987.41816,0.0332845,2013
Sao Tome and Principe,SSA,Medium,141.0,0.573,66.328,11.10060501,3557.944689,0.193757,2013
Saudi Arabia,AS,Very High,40.0,0.831,76.626,13.84461583,47356.91601,31.4824975,2013
Senegal,SSA,Low,169.0,0.497,66.072,9.055959702,2771.665049,13.5955655,2013
Serbia,ECA,Very High,65.0,0.785,75.605,14.27927017,14799.26953,7.5666755,2013
Seychelles,SSA,Very High,67.0,0.786,73.781,12.51669979,23380.76524,0.096714,2013
Sierra Leone,SSA,Low,184.0,0.445,56.313,8.689379165,1906.549776,6.9648585,2013
Singapore,EAP,Very High,9.0,0.93,82.516,16.42692436,82348.59009,5.4780545,2013
Slovakia,,Very High,45.0,0.849,76.512,15.11940002,26579.42392,5.414739,2013
Slovenia,,Very High,22.0,0.901,80.336,17.68330956,31809.73624,2.0723745,2013
Solomon Islands,EAP,Medium,156.0,0.563,69.188,10.49251058,2599.796505,0.582365,2013
Somalia,AS,Low,193.0,,53.843,,883.1213151,12.852485,2013
South Africa,SSA,High,110.0,0.705,62.533,13.91226006,13684.71642,53.873616,2013
South Sudan,SSA,Low,192.0,0.378,55.751,5.374191685,678.3304913,11.106031,2013
Spain,,Very High,27.0,0.88,82.72,17.16381073,35145.95616,46.603459,2013
Sri Lanka,SA,High,78.0,0.752,74.239,13.43556976,10936.43671,21.1317565,2013
Sudan,AS,Low,170.0,0.503,63.678,7.8261199,4402.897461,35.9907035,2013
Suriname,LAC,Medium,124.0,0.7,69.682,11.05275059,17015.44982,0.563947,2013
Sweden,,Very High,5.0,0.932,81.935,18.18398094,49549.56381,9.648932,2013
Switzerland,,Very High,1.0,0.947,82.69,16.02375984,67248.49568,8.088367,2013
Syrian Arab Republic,AS,Medium,157.0,0.558,63.827,8.396719933,4925.961492,21.4958205,2013
Tajikistan,ECA,Medium,126.0,0.647,68.885,10.93988037,3349.324547,8.1366105,2013
Tanzania (United Republic of),SSA,Low,167.0,0.504,62.96,8.495314121,2138.683105,49.2536435,2013
Thailand,EAP,Very High,66.0,0.754,77.083,13.86569977,14455.3447,69.5786025,2013
Timor-Leste,EAP,Medium,155.0,0.64,66.44,13.16306114,8721.102382,1.161555,2013
Togo,SSA,Low,163.0,0.495,58.684,12.06414986,1774.503385,7.106229,2013
Tonga,EAP,High,98.0,0.719,70.505,15.31814289,5547.627599,0.107089,2013
Trinidad and Tobago,LAC,Very High,60.0,0.801,73.962,13.18109085,27832.87674,1.4407295,2013
Tunisia,AS,High,101.0,0.719,75.65,14.17105961,10116.92469,11.3002845,2013
Türkiye,ECA,Very High,45.0,0.802,76.297,16.79644966,23743.99735,76.5761175,2013
Turkmenistan,ECA,High,94.0,0.716,68.74,11.02743304,12841.96301,5.5600945,2013
Tuvalu,EAP,Medium,132.0,0.637,64.008,11.942056,4604.495532,0.010918,2013
Uganda,SSA,Medium,159.0,0.511,59.763,11.02715455,1983.414609,35.27357,2013
Ukraine,ECA,High,100.0,0.774,71.862,14.9281702,12824.77344,45.3070995,2013
United Arab Emirates,AS,Very High,17.0,0.847,78.853,12.41951876,62449.02496,8.7518475,2013
United Kingdom,,Very High,15.0,0.923,80.929,17.66764069,42187.88237,64.302297,2013
United States,,Very High,20.0,0.922,78.951,16.5688591,57527.86896,319.375166,2013
Uruguay,LAC,Very High,52.0,0.802,77.24,15.84080982,21008.59086,3.3811805,2013
Uzbekistan,ECA,High,106.0,0.693,69.99,11.66464996,6002.772638,29.963226,2013
Vanuatu,EAP,Medium,140.0,0.586,69.534,11.07470282,2895.708754,0.2635335,2013
Venezuela (Bolivarian Republic of),LAC,Medium,119.0,0.771,73.196,13.94499536,19973.37,29.8380215,2013
Viet Nam,EAP,High,107.0,0.689,73.775,12.67368333,7020.053368,90.2677385,2013
Yemen,AS,Low,186.0,0.496,67.545,8.210130423,2994.007003,26.984002,2013
Zambia,SSA,Medium,153.0,0.554,59.878,11.00007902,3320.860732,15.234976,2013
Zimbabwe,SSA,Medium,159.0,0.532,57.458,10.80508041,2124.83535,13.5554215,2013
Very high human development,,,,0.882,78.82461365,16.09586689,39656.32953,1577.58913,2013
High human development,,,,0.724,74.31609232,13.58529995,11404.09117,2708.520565,2013
Medium human development,,,,0.599,67.70258104,11.19953217,4942.975859,1939.922576,2013
Low human development,,,,0.489,59.84873155,8.261251824,2919.771527,965.5995195,2013
Arab States,,,,0.683,70.2741671,11.3478671,14169.01195,384.894289,2013
East Asia and the Pacific,,,,0.712,74.67719669,13.19096176,10585.43428,2036.829221,2013
Europe and Central Asia,,,,0.773,72.99259015,14.51720637,15835.96045,234.825401,2013
Latin America and the Caribbean,,,,0.754,74.31679904,14.40536282,15536.74145,605.0557285,2013
South Asia,,,,0.598,68.39566527,10.71423674,5040.102331,1810.14283,2013
Sub-Saharan Africa,,,,0.52,58.53921935,9.575559491,3566.399174,906.2920425,2013
World,,,,0.714,71.58126559,12.26258686,14719.59819,7216.669035,2013
Afghanistan,SA,Low,182.0,0.48,62.545,10.46467972,2222.094339,32.71621,2014
Albania,ECA,High,74.0,0.797,78.407,16.24332047,11691.6318,2.884102,2014
Algeria,AS,High,93.0,0.732,75.11,14.74518871,11289.71929,38.7601675,2014
Andorra,,Very High,35.0,0.854,82.948,11.60803986,53623.11247,0.0716215,2014
Angola,SSA,Medium,150.0,0.565,60.04,11.3297,7651.196992,27.1283365,2014
Antigua and Barbuda,LAC,Very High,54.0,0.815,77.858,15.56841824,17791.96348,0.089236,2014
Argentina,LAC,Very High,48.0,0.847,76.755,17.42231941,23086.01735,42.8240535,2014
Armenia,ECA,High,76.0,0.764,74.058,13.07810974,11608.18646,2.8899295,2014
Australia,,Very High,10.0,0.931,82.568,23.08315892,46153.7987,23.4695795,2014
Austria,,Very High,22.0,0.911,81.39,16.02224922,53001.21944,8.5460655,2014
Azerbaijan,ECA,High,89.0,0.749,71.116,12.99051011,14466.53294,9.7418805,2014
Bahamas,LAC,Very High,57.0,0.807,73.366,11.70764282,32521.56195,0.389131,2014
Bahrain,AS,Very High,34.0,0.839,79.328,14.44705963,46483.23369,1.3111345,2014
Bangladesh,SA,Medium,129.0,0.585,69.986,10.18074262,4391.712909,155.9612985,2014
Barbados,LAC,Very High,62.0,0.795,76.476,15.95868743,14792.04858,0.277493,2014
Belarus,ECA,Very High,69.0,0.81,73.585,15.41368008,18535.92459,9.6937395,2014
Belgium,,Very High,12.0,0.922,81.081,19.70776939,49762.82526,11.176723,2014
Belize,LAC,High,118.0,0.716,73.311,12.81070995,8704.042901,0.352335,2014
Benin,SSA,Low,173.0,0.506,59.125,12.12549973,2870.759776,10.614844,2014
Bhutan,SA,Medium,125.0,0.615,70.049,12.54842396,8686.721414,0.736357,2014
Bolivia (Plurinational State of),LAC,Medium,120.0,0.683,67.163,14.04903974,7172.4188,10.9169875,2014
Bosnia and Herzegovina,ECA,High,80.0,0.751,75.659,13.64599991,11864.1027,3.5710675,2014
Botswana,SSA,High,114.0,0.683,62.608,11.58939912,14333.86058,2.2603755,2014
Brazil,LAC,High,89.0,0.753,74.306,15.36814022,15401.04098,203.4596505,2014
Brunei Darussalam,EAP,Very High,55.0,0.834,74.779,14.63543034,63276.13056,0.416656,2014
Bulgaria,,High,70.0,0.807,74.482,15.17376041,19048.31148,7.3721415,2014
Burkina Faso,SSA,Low,185.0,0.403,58.359,7.676040173,1768.627863,18.1698425,2014
Burundi,SSA,Low,187.0,0.419,59.868,11.12872982,828.9053955,10.4949125,2014
Cabo Verde,SSA,Medium,131.0,0.663,75.24,12.62335968,6404.701347,0.546076,2014
Cambodia,EAP,Medium,148.0,0.559,69.736,11.35912653,3192.491068,15.2108165,2014
Cameroon,SSA,Medium,151.0,0.553,58.935,11.93564034,3502.030877,22.299585,2014
Canada,,Very High,18.0,0.925,81.855,15.87559986,46782.79862,35.404608,2014
Central African Republic,SSA,Low,191.0,0.354,50.566,6.447959105,779.2321578,4.7987345,2014
Chad,SSA,Low,189.0,0.392,51.202,7.970650196,1773.821635,13.6971255,2014
Chile,LAC,Very High,44.0,0.841,79.473,16.26062965,23148.29938,17.687108,2014
China,EAP,High,75.0,0.732,76.717,13.7427945,11866.35342,1385.189669,2014
Colombia,LAC,High,91.0,0.755,76.043,14.60217953,13531.03522,46.677947,2014
Comoros,SSA,Medium,152.0,0.551,62.516,11.59805012,3194.549309,0.714612,2014
Congo,SSA,Medium,149.0,0.609,62.95,10.93632698,5275.769808,4.9448615,2014
Congo (Democratic Republic of the),SSA,Low,180.0,0.45,58.296,9.20597948,906.9124994,76.0355885,2014
Costa Rica,LAC,Very High,64.0,0.79,78.774,14.63490963,17749.45381,4.8442885,2014
Côte d'Ivoire,SSA,Low,166.0,0.499,57.208,8.283729553,4155.854098,22.9955555,2014
Croatia,,Very High,39.0,0.842,77.953,15.35783005,23763.86638,4.283972,2014
Cuba,LAC,High,85.0,0.766,77.853,14.04951,7859.156394,11.332026,2014
Cyprus,,Very High,29.0,0.867,80.771,14.46158028,32370.76758,1.176995,2014
Czechia,,Very High,32.0,0.889,78.755,16.96136093,32021.62793,10.5171815,2014
Denmark,,Very High,5.0,0.932,80.63,19.2089901,53941.2501,5.6506525,2014
Djibouti,AS,Low,171.0,0.463,61.641,6.249084915,3813.295486,0.9890865,2014
Dominica,LAC,High,97.0,0.725,69.434,13.9479275,13214.62843,0.069371,2014
Dominican Republic,LAC,High,82.0,0.728,72.867,13.76587009,13660.57907,10.282115,2014
Ecuador,LAC,High,83.0,0.759,76.622,15.00487995,11882.95575,15.957994,2014
Egypt,AS,High,105.0,0.688,70.415,11.73950958,10067.84669,95.592324,2014
El Salvador,LAC,Medium,127.0,0.663,71.746,12.25903988,7738.035586,6.2095265,2014
Equatorial Guinea,SSA,Medium,133.0,0.639,59.595,10.32071123,17939.97231,1.295183,2014
Eritrea,SSA,Low,175.0,0.49,65.6,7.655940056,2034.826231,3.323425,2014
Estonia,,Very High,31.0,0.879,77.141,16.26988983,29634.5426,1.314526,2014
Eswatini (Kingdom of),SSA,Medium,142.0,0.56,53.05,13.1477058,7642.682718,1.125865,2014
Ethiopia,SSA,Low,176.0,0.445,62.905,8.657472039,1624.755382,99.7467665,2014
Fiji,EAP,High,104.0,0.715,67.376,13.24059159,10850.94789,0.91556,2014
Finland,,Very High,12.0,0.928,81.013,19.25424957,45421.8768,5.4614395,2014
France,,Very High,28.0,0.892,82.476,15.44229031,43945.59701,63.588491,2014
Gabon,SSA,Medium,123.0,0.687,64.974,12.14723045,14042.83491,1.9668555,2014
Gambia,SSA,Low,174.0,0.462,62.269,8.020992137,1842.014137,2.189019,2014
Georgia,ECA,Very High,60.0,0.793,73.099,15.16259003,12111.97028,3.774235,2014
Germany,,Very High,7.0,0.942,80.915,17.11840057,51852.20271,81.858825,2014
Ghana,SSA,Medium,145.0,0.582,63.045,10.72198963,4380.781895,28.1963585,2014
Greece,,Very High,33.0,0.879,81.007,17.86989975,28309.77422,10.8629685,2014
Grenada,LAC,High,73.0,0.783,74.985,16.69943269,11857.46391,0.1179725,2014
Guatemala,LAC,Medium,136.0,0.64,71.964,10.92879009,7734.784922,15.71374,2014
Guinea,SSA,Low,181.0,0.436,57.886,9.114290237,1960.618874,11.3333655,2014
Guinea-Bissau,SSA,Low,179.0,0.465,58.61,9.930565641,1750.568353,1.743309,2014
Guyana,LAC,High,95.0,0.682,67.882,12.34298038,11242.74405,0.751115,2014
Haiti,LAC,Medium,158.0,0.545,62.987,10.71936766,3163.846359,10.41274,2014
Honduras,LAC,Medium,138.0,0.603,72.259,9.511977939,4693.282337,9.1278465,2014
"Hong Kong, China (SAR)",,Very High,4.0,0.932,84.077,16.62537003,57083.13392,7.352183,2014
Hungary,,Very High,47.0,0.84,75.847,15.58607006,25283.39162,9.867901,2014
Iceland,,Very High,3.0,0.946,82.613,19.71046066,48035.3979,0.3276435,2014
India,SA,Medium,134.0,0.611,69.074,11.70816994,5011.618094,1307.246509,2014
Indonesia,EAP,High,112.0,0.69,69.533,13.26311016,9432.087593,256.2297615,2014
Iran (Islamic Republic of),SA,High,78.0,0.783,74.782,15.11425972,14620.21042,79.961672,2014
Iraq,AS,Medium,128.0,0.651,68.914,11.43688857,9123.515435,36.746488,2014
Ireland,,Very High,7.0,0.918,81.307,18.18281937,49662.5999,4.6221675,2014
Israel,,Very High,25.0,0.899,82.224,15.09504986,37237.06306,7.8638465,2014
Italy,,Very High,30.0,0.882,82.908,15.96397972,39901.02249,60.3227915,2014
Jamaica,LAC,High,115.0,0.714,72.982,12.89050484,9542.928229,2.784543,2014
Japan,,Very High,24.0,0.91,83.653,15.40052986,41190.30434,127.476735,2014
Jordan,AS,High,99.0,0.737,74.789,12.08572961,10525.04491,8.658026,2014
Kazakhstan,ECA,Very High,67.0,0.794,70.333,14.39548969,21752.92385,17.5922975,2014
Kenya,SSA,Medium,146.0,0.569,61.816,10.84691969,3608.409049,45.8318635,2014
Kiribati,EAP,Medium,137.0,0.612,65.815,11.5215246,3377.866765,0.114985,2014
Korea (Democratic People's Rep. of),EAP,,,,72.942,,,25.126131,2014
Korea (Republic of),,Very High,19.0,0.906,82.378,16.61566925,38144.21084,50.5580425,2014
Kuwait,AS,Very High,49.0,0.816,79.445,13.74800968,62999.7144,3.7615835,2014
Kyrgyzstan,ECA,High,117.0,0.686,69.886,12.67103004,4540.283615,5.8144175,2014
Lao People's Democratic Republic,EAP,Medium,139.0,0.597,66.361,11.03997993,5874.394518,6.691454,2014
Latvia,,Very High,37.0,0.85,74.432,16.07192993,25457.25457,2.011039,2014
Lebanon,AS,High,109.0,0.755,78.973,11.99106401,16648.64456,6.2743425,2014
Lesotho,SSA,Low,168.0,0.5,50.033,11.35643005,2878.349892,2.0952425,2014
Liberia,SSA,Low,177.0,0.472,59.121,10.02588558,1469.699655,4.519398,2014
Libya,AS,High,92.0,0.75,71.511,14.62171912,19611.72473,6.097764,2014
Liechtenstein,,Very High,12.0,0.923,82.219,15.09642029,105584.9626,0.0370965,2014
Lithuania,,Very High,37.0,0.864,74.843,16.69989967,29521.77378,2.9949275,2014
Luxembourg,,Very High,20.0,0.927,81.734,14.07003689,81842.65573,0.5560695,2014
Madagascar,SSA,Low,177.0,0.497,64.255,10.20285034,1460.250114,24.2159755,2014
Malawi,SSA,Low,172.0,0.493,60.899,11.01835693,1406.793918,16.4779665,2014
Malaysia,EAP,Very High,63.0,0.787,75.146,13.12631989,22568.72905,30.6064585,2014
Maldives,SA,High,87.0,0.723,79.424,12.12207305,16410.16419,0.416738,2014
Mali,SSA,Low,188.0,0.41,57.9,7.218820095,1948.201167,17.551814,2014
Malta,,Very High,25.0,0.881,82.736,15.41493988,35450.20898,0.446441,2014
Marshall Islands,EAP,High,102.0,0.676,63.623,14.28263333,4884.450016,0.0504185,2014
Mauritania,SSA,Low,164.0,0.532,64.155,8.559849739,4830.59729,3.843174,2014
Mauritius,SSA,High,72.0,0.788,74.852,15.08734989,19939.28659,1.2921135,2014
Mexico,LAC,High,77.0,0.765,74.797,14.08321953,18671.64772,118.7558875,2014
Micronesia (Federated States of),EAP,Medium,135.0,0.64,71.529,12.9139068,3739.282317,0.109024,2014
Moldova (Republic of),ECA,High,86.0,0.749,69.031,14.09694004,11053.90484,3.3383365,2014
Monaco,,,,,84.88,18.47240026,,0.03611,2014
Mongolia,EAP,High,96.0,0.735,69.047,14.47539192,10320.11966,2.9028225,2014
Montenegro,ECA,Very High,50.0,0.822,76.746,15.21353658,17886.09542,0.6342945,2014
Morocco,AS,Medium,120.0,0.645,72.538,12.27713776,7315.503418,34.2486035,2014
Mozambique,SSA,Low,183.0,0.438,57.274,10.34068966,1216.700511,26.0387045,2014
Myanmar,EAP,Medium,144.0,0.548,65.056,10.47963663,3508.911008,51.072436,2014
Namibia,SSA,Medium,142.0,0.619,59.822,11.6106363,10508.82142,2.243001,2014
Nauru,EAP,Medium,122.0,0.618,61.807,10.56100461,8254.957447,0.0109395,2014
Nepal,SA,Medium,146.0,0.567,68.085,12.56865025,3197.193444,27.462106,2014
Netherlands,,Very High,10.0,0.931,81.642,18.15981293,51664.46399,16.954081,2014
New Zealand,,Very High,16.0,0.931,81.792,19.07279968,38761.9489,4.514195,2014
Nicaragua,LAC,Medium,130.0,0.638,72.812,11.38707932,5202.107144,6.2086755,2014
Niger,SSA,Low,189.0,0.363,60.786,5.597563267,1169.998765,19.372014,2014
Nigeria,SSA,Low,161.0,0.513,51.791,9.099665233,5223.10365,179.3790165,2014
North Macedonia,ECA,High,83.0,0.769,75.935,12.66314983,14359.50716,2.105291,2014
Norway,,Very High,2.0,0.949,82.086,17.68444061,64951.07324,5.1379235,2014
Oman,AS,Very High,59.0,0.818,77.446,14.18029499,33148.75979,4.0092675,2014
Pakistan,SA,Low,164.0,0.519,65.284,6.466800213,4333.812503,208.2516275,2014
Palau,EAP,High,71.0,0.777,63.858,16.68474551,17469.42316,0.017796,2014
"Palestine, State of",AS,High,111.0,0.698,72.622,13.20176983,6611.061292,4.3804745,2014
Panama,LAC,Very High,57.0,0.797,77.248,12.81486034,26014.83885,3.8887925,2014
Papua New Guinea,EAP,Medium,154.0,0.531,64.259,9.100954781,3606.46094,8.464153,2014
Paraguay,LAC,High,102.0,0.731,72.878,13.95511831,12129.66413,6.090721,2014
Peru,LAC,High,87.0,0.754,75.333,14.39359379,11240.62105,30.3539515,2014
Philippines,EAP,High,113.0,0.693,71.151,12.46006966,7726.848631,101.3252005,2014
Poland,,Very High,36.0,0.867,77.569,16.20609093,25494.04459,38.5818725,2014
Portugal,,Very High,42.0,0.847,81.216,16.3393541,29831.45603,10.408372,2014
Qatar,AS,Very High,40.0,0.85,79.768,12.35890961,101443.0384,2.2144645,2014
Romania,,Very High,53.0,0.811,74.928,14.61789322,23013.09878,19.9958355,2014
Russian Federation,,Very High,56.0,0.818,71.566,14.87290001,25127.72656,144.28507,2014
Rwanda,SSA,Low,161.0,0.507,64.94,11.02917957,1697.05078,11.3684515,2014
Saint Kitts and Nevis,LAC,Very High,51.0,0.827,70.966,18.06204033,27104.51568,0.0477895,2014
Saint Lucia,LAC,High,108.0,0.727,72.864,12.93836021,13457.0693,0.1748035,2014
Saint Vincent and the Grenadines,LAC,High,81.0,0.772,74.473,14.89529037,11880.80367,0.106912,2014
Samoa,EAP,High,116.0,0.707,72.463,12.18840208,5443.033448,0.201757,2014
San Marino,,Very High,43.0,0.879,82.895,14.01284345,52114.82511,0.0333895,2014
Sao Tome and Principe,SSA,Medium,141.0,0.584,66.845,11.58642006,3748.060518,0.197497,2014
Saudi Arabia,AS,Very High,40.0,0.836,76.757,14.03424854,48399.96609,32.125564,2014
Senegal,SSA,Low,169.0,0.501,66.452,9.293149948,2856.49341,13.9703075,2014
Serbia,ECA,Very High,65.0,0.787,75.723,14.35466003,14643.74382,7.54396,2014
Seychelles,SSA,Very High,67.0,0.796,73.749,13.39068985,23704.55617,0.098001,2014
Sierra Leone,SSA,Low,184.0,0.447,56.393,8.735665599,1915.15085,7.140688,2014
Singapore,EAP,Very High,9.0,0.932,82.652,16.49763974,85866.02029,5.5705015,2014
Slovakia,,Very High,45.0,0.851,76.847,14.98192978,27164.5666,5.419569,2014
Slovenia,,Very High,22.0,0.903,80.941,17.34629059,32792.96228,2.074917,2014
Solomon Islands,EAP,Medium,156.0,0.562,69.234,10.46489402,2528.033302,0.5973755,2014
Somalia,AS,Low,193.0,,54.277,,920.0765335,13.309235,2014
South Africa,SSA,High,110.0,0.714,63.38,14.2816,13654.43033,54.729551,2014
South Sudan,SSA,Low,192.0,0.376,54.973,5.504480913,669.5579426,11.2132845,2014
Spain,,Very High,27.0,0.884,82.858,17.28533936,35852.33164,46.464551,2014
Sri Lanka,SA,High,78.0,0.757,74.651,13.39808655,11429.94269,21.239457,2014
Sudan,AS,Low,170.0,0.511,64.269,7.872330189,4698.743164,37.0032445,2014
Suriname,LAC,Medium,124.0,0.701,69.782,11.04104424,17099.18824,0.569682,2014
Sweden,,Very High,5.0,0.935,82.223,18.09351921,50298.41805,9.7475085,2014
Switzerland,,Very High,1.0,0.951,83.085,16.08971977,66835.76312,8.187791,2014
Syrian Arab Republic,AS,Medium,157.0,0.544,63.153,8.201308333,4209.080181,20.072232,2014
Tajikistan,ECA,Medium,126.0,0.649,69.069,10.92858056,3405.499606,8.326348,2014
Tanzania (United Republic of),SSA,Low,167.0,0.506,63.873,8.207322121,2222.77417,50.8145515,2014
Thailand,EAP,Very High,66.0,0.785,77.415,16.50494003,14711.23796,69.960943,2014
Timor-Leste,EAP,Medium,155.0,0.63,66.787,13.17428144,7009.334388,1.18483,2014
Togo,SSA,Low,163.0,0.502,58.853,12.19019985,1838.093976,7.288383,2014
Tonga,EAP,High,98.0,0.721,70.54,15.45662117,5588.843212,0.1066255,2014
Trinidad and Tobago,LAC,Very High,60.0,0.806,74.215,13.30874788,28411.35964,1.450661,2014
Tunisia,AS,High,101.0,0.721,75.65,14.09300041,10401.04833,11.428948,2014
Türkiye,ECA,Very High,45.0,0.812,76.565,17.31707954,24492.91067,78.1120735,2014
Turkmenistan,ECA,High,94.0,0.719,68.614,11.31937302,13050.1436,5.663152,2014
Tuvalu,EAP,Medium,132.0,0.637,64.025,12.02236986,4422.749766,0.010899,2014
Uganda,SSA,Medium,159.0,0.518,60.408,11.09287873,2020.236503,36.3365395,2014
Ukraine,ECA,High,100.0,0.774,72.591,14.92978001,12237.29199,45.1480745,2014
United Arab Emirates,AS,Very High,17.0,0.853,79.044,12.52617919,64464.60289,8.8359515,2014
United Kingdom,,Very High,15.0,0.924,81.16,17.50185966,43207.87438,64.773504,2014
United States,,Very High,20.0,0.923,79.017,16.55954933,58399.97067,322.0339635,2014
Uruguay,LAC,Very High,52.0,0.805,77.366,15.88829994,21382.89388,3.3916615,2014
Uzbekistan,ECA,High,106.0,0.698,70.234,11.69351006,6272.908545,30.4465425,2014
Vanuatu,EAP,Medium,140.0,0.59,69.465,11.20411649,2963.380601,0.269927,2014
Venezuela (Bolivarian Republic of),LAC,Medium,119.0,0.768,72.853,13.90126771,18928.6,30.1932585,2014
Viet Nam,EAP,High,107.0,0.693,73.855,12.72654,7361.555222,91.2355035,2014
Yemen,AS,Low,186.0,0.485,67.384,8.131289025,2582.869899,27.753304,2014
Zambia,SSA,Medium,153.0,0.557,60.699,11.00263214,3192.959658,15.737793,2014
Zimbabwe,SSA,Medium,159.0,0.539,58.846,10.83630927,2076.032583,13.855753,2014
Very high human development,,,,0.886,79.05983158,16.27601278,40202.50882,1587.584416,2014
High human development,,,,0.731,74.58664569,13.71789123,11917.4804,2735.509347,2014
Medium human development,,,,0.607,68.23181446,11.4603518,5145.786532,1966.309418,2014
Low human development,,,,0.496,60.15688204,8.416061093,3049.867645,990.454167,2014
Arab States,,,,0.686,70.57011849,11.37920619,14164.65542,393.5722055,2014
East Asia and the Pacific,,,,0.721,74.93586956,13.43539466,11281.64021,2053.592644,2014
Europe and Central Asia,,,,0.779,73.35772211,14.74917188,16153.61114,237.2797415,2014
Latin America and the Caribbean,,,,0.757,74.52171186,14.48568766,15562.34911,611.5100155,2014
South Asia,,,,0.608,68.9061169,11.00796383,5302.334377,1833.991975,2014
Sub-Saharan Africa,,,,0.527,59.01006637,9.685322263,3687.991649,931.2316805,2014
World,,,,0.719,71.88617713,12.42190097,15050.32488,7305.019589,2014
Afghanistan,SA,Low,182.0,0.479,62.659,10.48297477,2142.689163,33.753499,2015
Albania,ECA,High,74.0,0.797,78.644,15.91224003,12016.28065,2.8824805,2015
Algeria,AS,High,93.0,0.736,75.622,14.83802509,11475.06575,39.5431545,2015
Andorra,,Very High,35.0,0.856,82.953,11.80185032,54297.45937,0.0717455,2015
Angola,SSA,Medium,150.0,0.591,60.655,11.7487,7585.829435,28.127721,2015
Antigua and Barbuda,LAC,Very High,54.0,0.818,77.913,15.55905576,18428.04484,0.0899405,2015
Argentina,LAC,Very High,48.0,0.85,76.76,17.58465958,23506.88132,43.2570655,2015
Armenia,ECA,High,76.0,0.769,74.436,13.13249016,11966.45645,2.8785945,2015
Australia,,Very High,10.0,0.933,82.655,23.24768066,46562.89056,23.8202365,2015
Austria,,Very High,22.0,0.91,81.159,16.03313065,52352.33627,8.642421,2015
Azerbaijan,ECA,High,89.0,0.751,71.451,13.07270512,14398.44846,9.86348,2015
Bahamas,LAC,Very High,57.0,0.807,73.104,11.72522743,32642.82302,0.3926975,2015
Bahrain,AS,Very High,34.0,0.859,79.405,16.06879997,45765.10722,1.362142,2015
Bangladesh,SA,Medium,129.0,0.604,70.491,10.42712522,4615.475367,157.8299995,2015
Barbados,LAC,Very High,62.0,0.798,76.65,16.05262844,15077.82008,0.278083,2015
Belarus,ECA,Very High,69.0,0.809,73.987,15.26385021,17569.76024,9.700609,2015
Belgium,,Very High,12.0,0.924,80.89,19.79195976,50155.16535,11.2483035,2015
Belize,LAC,High,118.0,0.714,73.187,12.87318993,9002.695623,0.359871,2015
Benin,SSA,Low,173.0,0.509,59.377,12.34691048,2826.695826,10.9327835,2015
Bhutan,SA,Medium,125.0,0.625,70.343,12.63375797,9176.675949,0.743274,2015
Bolivia (Plurinational State of),LAC,Medium,120.0,0.688,67.318,13.97757206,7564.838353,11.0900855,2015
Bosnia and Herzegovina,ECA,High,80.0,0.757,76.182,13.62532043,12524.05824,3.524324,2015
Botswana,SSA,High,114.0,0.688,63.818,11.5660107,13229.50958,2.3051715,2015
Brazil,LAC,High,89.0,0.752,74.332,15.24540043,14730.37505,205.188205,2015
Brunei Darussalam,EAP,Very High,55.0,0.832,74.75,14.33631992,65381.40594,0.4214365,2015
Bulgaria,,High,70.0,0.809,74.632,15.07861996,19375.68964,7.3092535,2015
Burkina Faso,SSA,Low,185.0,0.413,58.845,8.038040161,1779.574616,18.7180195,2015
Burundi,SSA,Low,187.0,0.42,60.217,11.1534996,781.6238052,10.7271485,2015
Cabo Verde,SSA,Medium,131.0,0.658,74.62,12.34346008,6468.557217,0.552166,2015
Cambodia,EAP,Medium,148.0,0.564,69.873,11.41005992,3370.685796,15.417523,2015
Cameroon,SSA,Medium,151.0,0.562,59.658,12.20610046,3566.030651,23.0126465,2015
Canada,,Very High,18.0,0.927,81.925,15.95269012,46798.97866,35.732126,2015
Central African Republic,SSA,Low,191.0,0.367,52.793,6.580602192,810.9579876,4.819333,2015
Chad,SSA,Low,189.0,0.388,51.589,7.421199799,1800.047359,14.140274,2015
Chile,LAC,Very High,44.0,0.846,79.746,16.39200974,23886.42804,17.870124,2015
China,EAP,High,75.0,0.741,76.977,13.97832615,12552.18456,1393.715449,2015
Colombia,LAC,High,91.0,0.758,76.257,14.64527988,14032.54315,47.119728,2015
Comoros,SSA,Medium,152.0,0.556,62.896,11.82644926,3167.055797,0.7302155,2015
Congo,SSA,Medium,149.0,0.61,63.233,11.17015669,4871.462082,5.064386,2015
Congo (Democratic Republic of the),SSA,Low,180.0,0.457,58.49,9.26720372,953.8092882,78.6569035,2015
Costa Rica,LAC,Very High,64.0,0.792,79.086,14.69305038,18160.93969,4.895242,2015
Côte d'Ivoire,SSA,Low,166.0,0.501,57.762,8.547829628,4325.225334,23.596741,2015
Croatia,,Very High,39.0,0.844,77.56,15.31521988,25062.69035,4.254815,2015
Cuba,LAC,High,85.0,0.765,77.772,13.85789013,8204.135286,11.339894,2015
Cyprus,,Very High,29.0,0.874,80.966,14.82831001,34359.44531,1.18728,2015
Czechia,,Very High,32.0,0.891,78.58,16.95470047,33678.65317,10.5237975,2015
Denmark,,Very High,5.0,0.936,80.738,19.2968998,54520.04011,5.677796,2015
Djibouti,AS,Low,171.0,0.473,61.957,6.515558137,4028.333563,1.006259,2015
Dominica,LAC,High,97.0,0.719,68.727,13.88088645,12480.87866,0.0700065,2015
Dominican Republic,LAC,High,82.0,0.739,72.953,14.46397018,14522.41993,10.405832,2015
Ecuador,LAC,High,83.0,0.764,76.789,15.13148022,11697.38828,16.195902,2015
Egypt,AS,High,105.0,0.695,70.483,11.88743496,10348.88739,97.7237985,2015
El Salvador,LAC,Medium,127.0,0.663,71.814,12.01471996,7882.909097,6.231066,2015
Equatorial Guinea,SSA,Medium,133.0,0.648,60.103,10.62248059,18499.93953,1.346973,2015
Eritrea,SSA,Low,175.0,0.473,66.033,7.23029995,1607.19877,3.340006,2015
Estonia,,Very High,31.0,0.883,77.656,16.12105942,30363.49599,1.3146565,2015
Eswatini (Kingdom of),SSA,Medium,142.0,0.577,55.019,13.42878494,7780.983869,1.133936,2015
Ethiopia,SSA,Low,176.0,0.455,63.649,8.858927792,1743.65054,102.4718955,2015
Fiji,EAP,High,104.0,0.716,66.844,13.32746279,11166.09207,0.9172,2015
Finland,,Very High,12.0,0.93,81.418,19.31086922,45515.94348,5.479461,2015
France,,Very High,28.0,0.893,82.186,15.51356983,44282.82342,63.809769,2015
Gabon,SSA,Medium,123.0,0.692,65.46,12.19460518,13603.21748,2.028517,2015
Gambia,SSA,Low,174.0,0.467,62.494,8.180476728,1859.853316,2.2531335,2015
Georgia,ECA,Very High,60.0,0.798,73.297,15.39435959,12334.6582,3.771132,2015
Germany,,Very High,7.0,0.941,80.574,17.11218071,52322.29732,82.073226,2015
Ghana,SSA,Medium,145.0,0.586,63.175,11.17568016,4473.410114,28.870939,2015
Greece,,Very High,33.0,0.881,80.668,18.17227459,28237.38753,10.806641,2015
Grenada,LAC,High,73.0,0.786,75.013,16.77652931,12176.96054,0.1189795,2015
Guatemala,LAC,Medium,136.0,0.629,72.103,10.97344017,7932.539066,16.001107,2015
Guinea,SSA,Low,181.0,0.449,58.134,9.286886149,2018.605594,11.6259985,2015
Guinea-Bissau,SSA,Low,179.0,0.47,59.128,10.0302576,1794.241241,1.788919,2015
Guyana,LAC,High,95.0,0.686,68.201,12.45615992,11167.45448,0.755031,2015
Haiti,LAC,Medium,158.0,0.549,63.237,10.84758034,3160.945212,10.563757,2015
Honduras,LAC,Medium,138.0,0.61,72.487,9.744292656,4830.831048,9.2945055,2015
"Hong Kong, China (SAR)",,Very High,4.0,0.936,84.289,16.58806038,57949.21107,7.3998385,2015
Hungary,,Very High,47.0,0.839,75.652,15.31834984,26203.76154,9.844246,2015
Iceland,,Very High,3.0,0.948,82.351,19.35326958,50197.42312,0.3310595,2015
India,SA,Medium,134.0,0.619,69.636,11.81404018,5349.57709,1322.866505,2015
Indonesia,EAP,High,112.0,0.698,69.699,13.63879967,9788.555711,259.0919695,2015
Iran (Islamic Republic of),SA,High,78.0,0.782,75.124,14.88681984,14020.65926,81.7908405,2015
Iraq,AS,Medium,128.0,0.656,69.44,11.56616143,9309.567144,37.7578125,2015
Ireland,,Very High,7.0,0.924,81.416,18.70903015,55036.92634,4.66576,2015
Israel,,Very High,25.0,0.899,82.1,15.04730034,37315.03621,8.007778,2015
Italy,,Very High,30.0,0.881,82.525,15.95431995,39968.61689,60.232906,2015
Jamaica,LAC,High,115.0,0.712,72.394,12.84877014,9501.729291,2.7944445,2015
Japan,,Very High,24.0,0.913,83.893,15.41378021,41987.58987,127.250933,2015
Jordan,AS,High,99.0,0.738,75.011,12.17423738,9838.658701,9.4942465,2015
Kazakhstan,ECA,Very High,67.0,0.799,70.727,14.19941998,23136.8885,17.8359085,2015
Kenya,SSA,Medium,146.0,0.575,61.892,10.93651341,3755.285552,46.8514885,2015
Kiribati,EAP,Medium,137.0,0.625,66.059,11.57782368,4075.20882,0.1167065,2015
Korea (Democratic People's Rep. of),EAP,,,,72.784,,,25.258015,2015
Korea (Republic of),,Very High,19.0,0.908,82.561,16.57014084,38948.32998,50.994401,2015
Kuwait,AS,Very High,49.0,0.829,79.562,14.66771984,60058.00621,3.908743,2015
Kyrgyzstan,ECA,High,117.0,0.689,69.996,12.61999035,4632.765992,5.9149805,2015
Lao People's Democratic Republic,EAP,Medium,139.0,0.604,66.67,11.17383957,6210.046541,6.787419,2015
Latvia,,Very High,37.0,0.853,74.685,16.09433937,26505.44892,1.9919545,2015
Lebanon,AS,High,109.0,0.756,79.229,12.04765813,16418.39303,6.3989395,2015
Lesotho,SSA,Low,168.0,0.508,51.101,11.20116997,2959.839091,2.1185205,2015
Liberia,SSA,Low,177.0,0.472,59.148,10.0992136,1439.820222,4.612329,2015
Libya,AS,High,92.0,0.749,71.698,14.51428544,19444.29036,6.192235,2015
Liechtenstein,,Very High,12.0,0.926,82.806,15.03190041,107019.8328,0.037355,2015
Lithuania,,Very High,37.0,0.865,74.61,16.67020035,29651.68681,2.9637645,2015
Luxembourg,,Very High,20.0,0.914,81.838,14.11491013,72288.53649,0.5694075,2015
Madagascar,SSA,Low,177.0,0.499,64.339,10.31361961,1450.16889,24.8509125,2015
Malawi,SSA,Low,172.0,0.498,61.378,11.09798983,1406.827724,16.9389415,2015
Malaysia,EAP,Very High,63.0,0.792,75.094,13.28528023,23494.47158,31.0688325,2015
Maldives,SA,High,87.0,0.728,79.695,12.13138247,16414.93039,0.435582,2015
Mali,SSA,Low,188.0,0.409,58.363,7.026150227,2013.092995,18.1129065,2015
Malta,,Very High,25.0,0.887,82.962,15.49055958,37766.59032,0.4565785,2015
Marshall Islands,EAP,High,102.0,0.688,63.827,14.54261858,5510.881667,0.0494095,2015
Mauritania,SSA,Low,164.0,0.536,64.485,8.634659767,5010.955073,3.9462195,2015
Mauritius,SSA,High,72.0,0.791,74.975,14.78390026,20682.69268,1.293153,2015
Mexico,LAC,High,77.0,0.769,74.682,14.23423958,19044.73057,120.149897,2015
Micronesia (Federated States of),EAP,Medium,135.0,0.642,71.408,12.9221812,3896.453746,0.1094615,2015
Moldova (Republic of),ECA,High,86.0,0.749,69.24,14.06130028,10807.27897,3.277388,2015
Monaco,,,,,85.258,18.50870494,,0.03676,2015
Mongolia,EAP,High,96.0,0.739,69.498,14.48235745,10356.12894,2.9647485,2015
Montenegro,ECA,Very High,50.0,0.827,76.756,15.29378986,18645.98263,0.6339665,2015
Morocco,AS,Medium,120.0,0.656,72.92,12.60133171,7568.45166,34.680458,2015
Mozambique,SSA,Low,183.0,0.445,58.151,10.35270023,1249.574201,26.8432455,2015
Myanmar,EAP,Medium,144.0,0.557,65.561,10.73586759,3585.873718,51.483949,2015
Namibia,SSA,Medium,142.0,0.627,60.7,11.63539444,10810.32087,2.282704,2015
Nauru,EAP,Medium,122.0,0.642,62.269,10.87070661,11447.65684,0.0111855,2015
Nepal,SA,Medium,146.0,0.568,67.456,12.6352396,3304.135201,27.6103255,2015
Netherlands,,Very High,10.0,0.932,81.482,18.26939964,52434.71704,17.0411075,2015
New Zealand,,Very High,16.0,0.933,81.977,18.9496994,39695.61133,4.59059,2015
Nicaragua,LAC,Medium,130.0,0.644,72.983,11.57827169,5360.281421,6.298598,2015
Niger,SSA,Low,189.0,0.367,61.083,5.835669994,1180.183785,20.128124,2015
Nigeria,SSA,Low,161.0,0.52,51.841,9.309317044,5273.015343,183.9957845,2015
North Macedonia,ECA,High,83.0,0.777,75.981,12.97245979,14686.77221,2.107962,2015
Norway,,Very High,2.0,0.952,82.272,17.77986908,66031.13432,5.1903565,2015
Oman,AS,Very High,59.0,0.824,77.687,14.15594959,34167.92764,4.1917765,2015
Pakistan,SA,Low,164.0,0.525,65.697,6.739069939,4476.538823,210.969298,2015
Palau,EAP,High,71.0,0.782,63.746,16.83656065,19142.9701,0.017794,2015
"Palestine, State of",AS,High,111.0,0.71,74.406,13.23941994,6807.370011,4.4846135,2015
Panama,LAC,Very High,57.0,0.802,77.468,12.81215954,27033.221,3.9570985,2015
Papua New Guinea,EAP,Medium,154.0,0.54,64.701,9.425192185,3743.719204,8.682174,2015
Paraguay,LAC,High,102.0,0.738,73.191,14.05043959,12316.53351,6.17795,2015
Peru,LAC,High,87.0,0.758,75.621,14.58991671,11613.83997,30.711863,2015
Philippines,EAP,High,113.0,0.696,71.268,12.61225033,8070.972365,103.031365,2015
Poland,,Very High,36.0,0.869,77.415,16.15548706,26636.07698,38.553146,2015
Portugal,,Very High,42.0,0.85,81.209,16.38459969,30286.36139,10.3654355,2015
Qatar,AS,Very High,40.0,0.852,80.064,12.4894104,99811.29432,2.4145725,2015
Romania,,Very High,53.0,0.813,74.79,14.58216,23694.01152,19.906079,2015
Russian Federation,,Very High,56.0,0.823,72.101,15.19925022,24770.75195,144.6683895,2015
Rwanda,SSA,Low,161.0,0.509,65.298,10.63661003,1810.583718,11.642959,2015
Saint Kitts and Nevis,LAC,Very High,51.0,0.829,70.763,18.40703011,27281.73974,0.04779,2015
Saint Lucia,LAC,High,108.0,0.736,73.138,13.74295998,13070.20846,0.175623,2015
Saint Vincent and the Grenadines,LAC,High,81.0,0.777,74.407,15.09107018,12360.91255,0.106482,2015
Samoa,EAP,High,116.0,0.71,72.515,12.22973506,5699.753688,0.2035705,2015
San Marino,,Very High,43.0,0.872,82.927,13.48201513,48612.74922,0.03357,2015
Sao Tome and Principe,SSA,Medium,141.0,0.595,67.249,12.4100399,3750.310598,0.2011235,2015
Saudi Arabia,AS,Very High,40.0,0.842,76.918,14.22388126,49700.97006,32.749848,2015
Senegal,SSA,Low,169.0,0.501,66.879,9.290579796,2936.043782,14.3561805,2015
Serbia,ECA,Very High,65.0,0.794,75.817,14.54675961,14856.20197,7.519496,2015
Seychelles,SSA,Very High,67.0,0.797,73.698,13.40485954,23976.59286,0.09924,2015
Sierra Leone,SSA,Low,184.0,0.438,57.189,8.781952034,1508.704403,7.314773,2015
Singapore,EAP,Very High,9.0,0.935,82.826,16.56835513,84156.7815,5.650018,2015
Slovakia,,Very High,45.0,0.852,76.649,14.8499403,28154.4736,5.4244445,2015
Slovenia,,Very High,22.0,0.903,80.822,17.27178001,32757.59642,2.080862,2015
Solomon Islands,EAP,Medium,156.0,0.562,69.583,10.43735016,2487.587551,0.61266,2015
Somalia,AS,Low,193.0,,54.857,,1024.15688,13.7639065,2015
South Africa,SSA,High,110.0,0.721,63.95,14.60560989,13574.60131,55.876504,2015
South Sudan,SSA,Low,192.0,0.381,55.566,5.634770141,684.1764524,11.1942995,2015
Spain,,Very High,27.0,0.889,82.646,17.40423965,37385.84075,46.431342,2015
Sri Lanka,SA,High,78.0,0.76,74.927,13.36060333,11919.44133,21.3366975,2015
Sudan,AS,Low,170.0,0.514,64.659,7.932330132,4623.754883,38.171178,2015
Suriname,LAC,Medium,124.0,0.707,70.8,11.02933788,17701.38311,0.575475,2015
Sweden,,Very High,5.0,0.937,82.183,18.32088089,51362.63153,9.8493485,2015
Switzerland,,Very High,1.0,0.952,82.847,16.1556797,67919.93331,8.281732,2015
Syrian Arab Republic,AS,Medium,157.0,0.552,65.124,8.005896733,4482.214278,19.2051775,2015
Tajikistan,ECA,Medium,126.0,0.651,69.306,10.91729242,3438.978667,8.5240625,2015
Tanzania (United Republic of),SSA,Low,167.0,0.507,64.651,7.91933012,2270.724365,52.5428235,2015
Thailand,EAP,Very High,66.0,0.789,77.717,16.45110989,15098.151,70.294397,2015
Timor-Leste,EAP,Medium,155.0,0.621,67.137,13.18550173,5649.422691,1.205813,2015
Togo,SSA,Low,163.0,0.51,59.396,12.31624985,1928.141479,7.4732285,2015
Tonga,EAP,High,98.0,0.723,70.607,15.59509945,5699.218003,0.106122,2015
Trinidad and Tobago,LAC,Very High,60.0,0.812,74.503,13.43764126,29366.24676,1.4601765,2015
Tunisia,AS,High,101.0,0.724,75.692,14.18632984,10472.85544,11.5577785,2015
Türkiye,ECA,Very High,45.0,0.821,76.646,17.78837967,25415.68648,79.6461785,2015
Turkmenistan,ECA,High,94.0,0.725,68.782,11.611313,13657.41688,5.7664315,2015
Tuvalu,EAP,Medium,132.0,0.656,64.06,12.82337999,5427.232599,0.010877,2015
Uganda,SSA,Medium,159.0,0.525,61.086,11.15899464,2068.871821,37.477356,2015
Ukraine,ECA,High,100.0,0.764,73.458,13.77066994,11671.55273,44.982564,2015
United Arab Emirates,AS,Very High,17.0,0.86,79.223,12.63283962,68400.74174,8.916899,2015
United Kingdom,,Very High,15.0,0.923,80.924,17.30816078,43714.15293,65.224364,2015
United States,,Very High,20.0,0.924,78.869,16.59604073,59469.66152,324.6077765,2015
Uruguay,LAC,Very High,52.0,0.807,77.483,15.8863802,21803.51914,3.4028175,2015
Uzbekistan,ECA,High,106.0,0.701,70.475,11.72280979,6489.981584,30.9494175,2015
Vanuatu,EAP,Medium,140.0,0.592,69.513,11.33353016,2911.965423,0.2764385,2015
Venezuela (Bolivarian Republic of),LAC,Medium,119.0,0.766,73.006,13.85754005,17511.156,30.529716,2015
Viet Nam,EAP,High,107.0,0.697,73.876,12.78036876,7697.652174,92.1913975,2015
Yemen,AS,Low,186.0,0.455,65.873,8.052447627,1659.403107,28.516545,2015
Zambia,SSA,Medium,153.0,0.563,61.208,11.00518704,3326.211349,16.24823,2015
Zimbabwe,SSA,Medium,159.0,0.544,59.591,10.86762838,2040.150247,14.154937,2015
Very high human development,,,,0.889,79.0646436,16.36916036,40872.54965,1597.473031,2015
High human development,,,,0.736,74.79420774,13.86855737,12293.25626,2761.848325,2015
Medium human development,,,,0.615,68.73572091,11.58728888,5394.580844,1992.599471,2015
Low human development,,,,0.501,60.48330575,8.542360561,3077.669502,1015.323089,2015
Arab States,,,,0.691,70.83602331,11.47633248,14417.73875,402.0400835,2015
East Asia and the Pacific,,,,0.728,75.15623135,13.65760492,11851.97282,2069.695932,2015
Europe and Central Asia,,,,0.782,73.6809672,14.77708078,16516.80839,239.7789755,2015
Latin America and the Caribbean,,,,0.758,74.57963784,14.52256754,15497.31974,617.9050535,2015
South Asia,,,,0.616,69.40713216,11.12766996,5560.789387,1857.336021,2015
Sub-Saharan Africa,,,,0.533,59.42871124,9.801049567,3723.413922,956.7998105,2015
World,,,,0.724,72.11166379,12.52505473,15354.31351,7392.538689,2015
Afghanistan,SA,Low,182.0,0.483,63.136,10.50126982,2122.363226,34.6362075,2016
Albania,ECA,High,74.0,0.795,78.86,15.44941998,12484.60659,2.881063,2016
Algeria,AS,High,93.0,0.738,75.732,14.93086147,11768.62267,40.3393285,2016
Andorra,,Very High,35.0,0.859,82.967,11.97064018,55695.3318,0.0725405,2016
Angola,SSA,Medium,150.0,0.595,61.092,12.16763687,7111.865908,29.1547455,2016
Antigua and Barbuda,LAC,Very High,54.0,0.822,78.152,15.54969891,19265.33457,0.0905645,2016
Argentina,LAC,Very High,48.0,0.848,76.308,17.85773087,22692.46439,43.6682415,2016
Armenia,ECA,High,76.0,0.773,74.664,13.36215019,11854.25984,2.865835,2016
Australia,,Very High,10.0,0.936,82.871,22.85634995,46712.89751,24.1957015,2016
Austria,,Very High,22.0,0.913,81.593,15.89675999,53340.75718,8.7364865,2016
Azerbaijan,ECA,High,89.0,0.752,72.004,13.15490013,13388.75218,9.976248,2016
Bahamas,LAC,Very High,57.0,0.809,73.537,11.74281203,32035.25553,0.3959765,2016
Bahrain,AS,Very High,34.0,0.862,79.557,16.04701996,45850.56256,1.409661,2016
Bangladesh,SA,Medium,129.0,0.613,71.09,10.67350781,4804.987596,159.7845685,2016
Barbados,LAC,Very High,62.0,0.801,76.815,16.14712244,15416.23874,0.278649,2016
Belarus,ECA,Very High,69.0,0.809,74.258,15.18873024,17048.62688,9.70811,2016
Belgium,,Very High,12.0,0.927,81.266,19.65690994,50309.85768,11.316836,2016
Belize,LAC,High,118.0,0.72,73.399,13.53081989,8764.863803,0.3673125,2016
Benin,SSA,Low,173.0,0.508,59.539,12.16425037,2834.298373,11.2600845,2016
Bhutan,SA,Medium,125.0,0.635,70.602,12.71909199,9679.048504,0.7497615,2016
Bolivia (Plurinational State of),LAC,Medium,120.0,0.7,67.628,14.49550866,7891.070557,11.2630155,2016
Bosnia and Herzegovina,ECA,High,80.0,0.767,76.808,13.62438011,13021.26346,3.480986,2016
Botswana,SSA,High,114.0,0.697,65.464,11.54262227,13070.81484,2.3524155,2016
Brazil,LAC,High,89.0,0.753,74.442,15.29432011,14098.29959,206.859578,2016
Brunei Darussalam,EAP,Very High,55.0,0.83,74.733,14.21236992,64097.48666,0.425994,2016
Bulgaria,,High,70.0,0.81,74.834,14.82929993,20093.45625,7.2459745,2016
Burkina Faso,SSA,Low,185.0,0.422,59.326,8.267219543,1831.351442,19.275498,2016
Burundi,SSA,Low,187.0,0.423,60.793,11.11637974,763.8625981,10.9033275,2016
Cabo Verde,SSA,Medium,131.0,0.664,75.742,12.26861,6676.544036,0.5583945,2016
Cambodia,EAP,Medium,148.0,0.573,70.224,11.46099331,3565.858072,15.6245835,2016
Cameroon,SSA,Medium,151.0,0.566,60.233,12.13076019,3606.865459,23.71163,2016
Canada,,Very High,18.0,0.928,82.043,15.93340015,46884.61622,36.113532,2016
Central African Republic,SSA,Low,191.0,0.373,53.46,6.715973923,835.5899329,4.9041775,2016
Chad,SSA,Low,189.0,0.388,52.083,7.568130703,1652.873309,14.592585,2016
Chile,LAC,Very High,44.0,0.851,80.079,16.49542999,23933.09899,18.0838795,2016
China,EAP,High,75.0,0.749,77.218,14.21789447,13332.38578,1401.889681,2016
Colombia,LAC,High,91.0,0.763,76.471,14.76609039,14202.42229,47.6259555,2016
Comoros,SSA,Medium,152.0,0.563,63.237,12.05934623,3202.930052,0.746232,2016
Congo,SSA,Medium,149.0,0.606,63.577,11.40898591,4133.78651,5.1868235,2016
Congo (Democratic Republic of the),SSA,Low,180.0,0.466,59.066,9.328835131,1005.01751,81.4309765,2016
Costa Rica,LAC,Very High,64.0,0.796,79.459,14.81766033,18735.0019,4.945205,2016
Côte d'Ivoire,SSA,Low,166.0,0.506,58.06,9.07269001,4515.507616,24.2136215,2016
Croatia,,Very High,39.0,0.85,78.231,15.31190014,25543.40169,4.223751,2016
Cuba,LAC,High,85.0,0.763,77.643,13.86410999,8234.636499,11.3420115,2016
Cyprus,,Very High,29.0,0.881,81.056,15.03357983,35206.46875,1.1978815,2016
Czechia,,Very High,32.0,0.894,78.997,16.78609085,34495.43398,10.5275905,2016
Denmark,,Very High,5.0,0.943,80.88,19.0395298,55515.41694,5.706857,2016
Djibouti,AS,Low,171.0,0.482,62.191,6.7933943,4159.500519,1.0232615,2016
Dominica,LAC,High,97.0,0.728,70.128,13.81416764,12943.1197,0.070075,2016
Dominican Republic,LAC,High,82.0,0.759,72.987,14.51723003,15274.83444,10.5275915,2016
Ecuador,LAC,High,83.0,0.761,76.763,14.99600347,11370.2936,16.439585,2016
Egypt,AS,High,105.0,0.702,70.844,12.03536034,10617.98032,99.7840295,2016
El Salvador,LAC,Medium,127.0,0.664,72.025,11.79246998,8011.424602,6.25051,2016
Equatorial Guinea,SSA,Medium,133.0,0.65,60.479,10.92424996,16871.93686,1.3989265,2016
Eritrea,SSA,Low,175.0,0.477,66.289,7.247920964,1713.021639,3.3652875,2016
Estonia,,Very High,31.0,0.884,77.82,15.95291996,31297.02972,1.3159255,2016
Eswatini (Kingdom of),SSA,Medium,142.0,0.59,56.659,13.71587316,7676.1595,1.142524,2016
Ethiopia,SSA,Low,176.0,0.465,64.392,9.065071336,1858.299485,105.2932285,2016
Fiji,EAP,High,104.0,0.721,67.24,13.32746279,11499.36263,0.918371,2016
Finland,,Very High,12.0,0.931,81.291,19.31080055,46417.01893,5.495219,2016
France,,Very High,28.0,0.896,82.437,15.62283039,44633.57217,63.9893185,2016
Gabon,SSA,Medium,123.0,0.696,65.802,12.24216467,13638.44458,2.0862055,2016
Gambia,SSA,Low,174.0,0.472,63.013,8.33996132,1852.719763,2.3172055,2016
Georgia,ECA,Very High,60.0,0.802,73.569,15.56182957,12382.40144,3.77111,2016
Germany,,Very High,7.0,0.941,80.847,16.87516975,53171.2991,82.3314225,2016
Ghana,SSA,Medium,145.0,0.586,63.89,11.09840012,4473.717598,29.5543025,2016
Greece,,Very High,33.0,0.877,81.162,18.47464943,28101.69546,10.749742,2016
Grenada,LAC,High,73.0,0.787,74.762,16.72244072,12789.16357,0.119966,2016
Guatemala,LAC,Medium,136.0,0.633,72.355,10.92856002,8028.819158,16.2910035,2016
Guinea,SSA,Low,181.0,0.466,58.763,9.462750484,2177.559702,11.930985,2016
Guinea-Bissau,SSA,Low,179.0,0.476,59.674,10.12994957,1861.915692,1.8345515,2016
Guyana,LAC,High,95.0,0.693,68.384,12.56933947,11916.9269,0.759087,2016
Haiti,LAC,Medium,158.0,0.552,63.392,10.97579303,3175.787928,10.7138485,2016
Honduras,LAC,Medium,138.0,0.615,72.588,9.721621449,4919.994616,9.4607975,2016
"Hong Kong, China (SAR)",,Very High,4.0,0.939,84.539,16.57004929,59305.95703,7.435927,2016
Hungary,,Very High,47.0,0.843,76.155,15.15030003,27446.69903,9.8151045,2016
Iceland,,Very High,3.0,0.951,82.03,19.06691933,53753.70238,0.3356745,2016
India,SA,Medium,134.0,0.63,70.117,12.22541046,5672.446778,1338.63634,2016
Indonesia,EAP,High,112.0,0.701,69.798,13.60601997,10185.95963,261.850182,2016
Iran (Islamic Republic of),SA,High,78.0,0.785,75.6,14.55496025,14986.03292,83.3062305,2016
Iraq,AS,Medium,128.0,0.661,68.988,11.69543429,10333.63631,38.697943,2016
Ireland,,Very High,7.0,0.929,81.55,18.79326057,58828.86754,4.7157875,2016
Israel,,Very High,25.0,0.902,82.485,14.90981007,38223.47649,8.159009,2016
Italy,,Very High,30.0,0.886,83.049,15.95259953,40954.9734,60.1186265,2016
Jamaica,LAC,High,115.0,0.71,72.02,12.77001058,9490.387771,2.8026955,2016
Japan,,Very High,24.0,0.914,84.066,15.37705994,42153.33509,126.9938575,2016
Jordan,AS,High,99.0,0.74,75.215,12.26339332,9595.578453,9.9646555,2016
Kazakhstan,ECA,Very High,67.0,0.797,70.898,14.10587025,22005.08356,18.0785525,2016
Kenya,SSA,Medium,146.0,0.586,62.163,11.02610713,4187.572651,47.89467,2016
Kiribati,EAP,Medium,137.0,0.619,66.332,11.63412276,3522.375789,0.118513,2016
Korea (Democratic People's Rep. of),EAP,,,,72.805,,,25.389611,2016
Korea (Republic of),,Very High,19.0,0.912,82.926,16.48817062,39959.57395,51.309984,2016
Kuwait,AS,Very High,49.0,0.832,79.701,14.86691962,59516.53996,4.048085,2016
Kyrgyzstan,ECA,High,117.0,0.692,70.276,12.67278957,4659.189545,6.018299,2016
Lao People's Democratic Republic,EAP,Medium,139.0,0.61,67.167,11.09759998,6556.077227,6.8913625,2016
Latvia,,Very High,37.0,0.858,74.754,16.26151085,27470.88194,1.973476,2016
Lebanon,AS,High,109.0,0.76,79.505,12.10425226,16929.97434,6.2586195,2016
Lesotho,SSA,Low,168.0,0.518,52.264,11.26364994,3064.062291,2.143872,2016
Liberia,SSA,Low,177.0,0.478,60.416,10.17254162,1389.189585,4.7060975,2016
Libya,AS,High,92.0,0.746,71.756,14.40685175,18731.70808,6.282196,2016
Liechtenstein,,Very High,12.0,0.925,82.393,15.08339977,126757.2843,0.0376095,2016
Lithuania,,Very High,37.0,0.87,74.882,16.71729088,30788.28652,2.9336735,2016
Luxembourg,,Very High,20.0,0.922,82.053,14.16722965,77202.31171,0.583351,2016
Madagascar,SSA,Low,177.0,0.501,64.997,10.13768959,1464.426745,25.5019405,2016
Malawi,SSA,Low,172.0,0.501,62.209,11.17819825,1403.335355,17.4056235,2016
Malaysia,EAP,Very High,63.0,0.798,75.289,13.46302986,24178.17869,31.526418,2016
Maldives,SA,High,87.0,0.734,79.872,12.14069188,16911.45422,0.4542525,2016
Mali,SSA,Low,188.0,0.407,58.731,7.073800087,2053.328244,18.700106,2016
Malta,,Very High,25.0,0.887,83.111,15.45613003,36405.49463,0.467705,2016
Marshall Islands,EAP,High,102.0,0.695,64.057,14.80260383,5607.254104,0.048329,2016
Mauritania,SSA,Low,164.0,0.532,64.768,8.175000191,4986.597394,4.0518905,2016
Mauritius,SSA,High,72.0,0.794,75.011,14.82262993,21204.2628,1.293911,2016
Mexico,LAC,High,77.0,0.773,74.412,14.6759901,19305.80753,121.5192215,2016
Micronesia (Federated States of),EAP,Medium,135.0,0.643,71.595,12.9304556,3914.969406,0.1099255,2016
Moldova (Republic of),ECA,High,86.0,0.755,69.917,14.07907009,11438.70712,3.225123,2016
Monaco,,,,,85.723,18.54500961,,0.0370705,2016
Mongolia,EAP,High,96.0,0.741,69.865,14.48932298,10266.59836,3.0295545,2016
Montenegro,ECA,Very High,50.0,0.826,76.746,14.89690018,18946.67029,0.6332635,2016
Morocco,AS,Medium,120.0,0.662,73.284,12.92552567,7525.547852,35.1072635,2016
Mozambique,SSA,Low,183.0,0.448,59.038,10.35868502,1256.537367,27.6964925,2016
Myanmar,EAP,Medium,144.0,0.567,65.685,10.99209855,3977.693477,51.8923485,2016
Namibia,SSA,Medium,142.0,0.631,61.682,11.66020537,10423.84319,2.323352,2016
Nauru,EAP,Medium,122.0,0.655,62.702,11.18949064,12630.97881,0.0114365,2016
Nepal,SA,Medium,146.0,0.574,68.776,12.70316029,3284.577604,27.861186,2016
Netherlands,,Very High,10.0,0.933,81.547,18.13762093,52540.37278,17.124505,2016
New Zealand,,Very High,16.0,0.935,82.07,17.9842205,40320.11521,4.668081,2016
Nicaragua,LAC,Medium,130.0,0.65,73.256,11.77267424,5461.911633,6.389235,2016
Niger,SSA,Low,189.0,0.372,61.629,6.135310173,1181.386186,20.921743,2016
Nigeria,SSA,Low,161.0,0.526,52.043,9.518968855,5086.455609,188.666931,2016
North Macedonia,ECA,High,83.0,0.782,76.03,13.0767951,14934.70964,2.110196,2016
Norway,,Very High,2.0,0.956,82.415,17.95096016,66256.56466,5.2365895,2016
Oman,AS,Very High,59.0,0.832,77.916,14.1891098,34309.81837,4.39807,2016
Pakistan,SA,Low,164.0,0.533,65.88,7.082240105,4666.19965,213.5248395,2016
Palau,EAP,High,71.0,0.784,63.852,16.98837579,18862.28819,0.017816,2016
"Palestine, State of",AS,High,111.0,0.715,74.554,13.19017982,7258.742133,4.593848,2016
Panama,LAC,Very High,57.0,0.809,77.653,13.01272964,28332.68145,4.0263365,2016
Papua New Guinea,EAP,Medium,154.0,0.547,64.84,9.749429589,3880.977074,8.8991695,2016
Paraguay,LAC,High,102.0,0.736,73.534,13.80566436,12683.04196,6.2666155,2016
Peru,LAC,High,87.0,0.764,75.789,14.78623962,11820.51879,31.1327785,2016
Philippines,EAP,High,113.0,0.696,71.387,12.58333969,8465.243346,104.8752665,2016
Poland,,Very High,36.0,0.872,77.802,16.10488319,27393.15622,38.5321125,2016
Portugal,,Very High,42.0,0.851,81.232,16.26753998,31071.39929,10.332753,2016
Qatar,AS,Very High,40.0,0.853,80.433,12.45662975,97153.05774,2.595166,2016
Romania,,Very High,53.0,0.815,75.246,14.26296043,24428.00121,19.79782,2016
Russian Federation,,Very High,56.0,0.826,72.661,15.17415047,24798.29297,145.1091565,2016
Rwanda,SSA,Low,161.0,0.518,65.737,11.0656004,1856.519828,11.9308995,2016
Saint Kitts and Nevis,LAC,Very High,51.0,0.836,71.74,18.40703011,28360.95418,0.0477875,2016
Saint Lucia,LAC,High,108.0,0.744,73.112,14.2289896,13802.64924,0.1764135,2016
Saint Vincent and the Grenadines,LAC,High,81.0,0.783,74.28,15.31661697,12876.96151,0.1059625,2016
Samoa,EAP,High,116.0,0.714,72.54,12.27106805,6077.659633,0.205544,2016
San Marino,,Very High,43.0,0.868,82.973,12.95118682,49153.87943,0.033834,2016
Sao Tome and Principe,SSA,Medium,141.0,0.599,67.492,12.4259358,3862.713364,0.2046325,2016
Saudi Arabia,AS,Very High,40.0,0.846,77.064,14.41351397,49717.08825,33.4162695,2016
Senegal,SSA,Low,169.0,0.51,67.497,9.196184874,3036.699901,14.7513565,2016
Serbia,ECA,Very High,65.0,0.8,76.261,14.65950966,15290.44796,7.493288,2016
Seychelles,SSA,Very High,67.0,0.798,73.642,13.35997963,24524.52094,0.1005085,2016
Sierra Leone,SSA,Low,184.0,0.446,58.404,8.828238468,1561.705504,7.493913,2016
Singapore,EAP,Very High,9.0,0.937,83.0,16.63907051,86851.85179,5.711933,2016
Slovakia,,Very High,45.0,0.855,77.215,14.67245007,28827.59599,5.4312035,2016
Slovenia,,Very High,22.0,0.909,81.158,17.45750046,33966.20888,2.09002,2016
Solomon Islands,EAP,Medium,156.0,0.564,69.801,10.40987878,2529.422667,0.628102,2016
Somalia,AS,Low,193.0,,55.044,,1070.348245,14.292847,2016
South Africa,SSA,High,110.0,0.711,64.747,14.24452019,13493.83332,56.4222735,2016
South Sudan,SSA,Low,192.0,0.376,55.544,5.634770141,641.126871,11.066105,2016
Spain,,Very High,27.0,0.894,83.041,17.43898964,38592.80081,46.473315,2016
Sri Lanka,SA,High,78.0,0.765,75.331,13.32312012,12452.13576,21.425494,2016
Sudan,AS,Low,170.0,0.517,64.78,8.043066338,4642.733887,39.377169,2016
Suriname,LAC,Medium,124.0,0.709,71.592,11.01763153,16743.14539,0.581453,2016
Sweden,,Very High,5.0,0.939,82.339,18.42341995,51656.2333,9.953317,2016
Switzerland,,Very High,1.0,0.954,83.445,16.1342907,67496.49419,8.372898,2016
Syrian Arab Republic,AS,Medium,157.0,0.551,65.993,7.810485134,4472.880813,18.964252,2016
Tajikistan,ECA,Medium,126.0,0.655,69.549,10.90601594,3548.428111,8.7253185,2016
Tanzania (United Republic of),SSA,Low,167.0,0.509,65.386,7.666830063,2333.903076,54.4018015,2016
Thailand,EAP,Very High,66.0,0.793,78.049,16.39727974,15623.25685,70.607037,2016
Timor-Leste,EAP,Medium,155.0,0.61,67.446,13.19672203,4457.12059,1.224562,2016
Togo,SSA,Low,163.0,0.515,59.55,12.44229984,1951.901266,7.6613535,2016
Tonga,EAP,High,98.0,0.728,70.661,15.73357773,6069.102025,0.1057075,2016
Trinidad and Tobago,LAC,Very High,60.0,0.81,74.281,13.56778294,27306.70436,1.4693295,2016
Tunisia,AS,High,101.0,0.728,75.786,14.40567017,10517.63605,11.6856675,2016
Türkiye,ECA,Very High,45.0,0.826,76.66,18.27482986,25785.75968,81.0193945,2016
Turkmenistan,ECA,High,94.0,0.729,68.777,11.90325298,13746.04083,5.8685615,2016
Tuvalu,EAP,Medium,132.0,0.651,64.108,11.39118958,6071.616859,0.010852,2016
Uganda,SSA,Medium,159.0,0.531,61.648,11.22550462,2099.456378,38.748299,2016
Ukraine,ECA,High,100.0,0.767,74.312,13.63589954,11649.48145,44.833569,2016
United Arab Emirates,AS,Very High,17.0,0.866,79.335,12.73950005,71631.75268,8.994263,2016
United Kingdom,,Very High,15.0,0.926,81.075,17.35995007,44249.95663,65.655203,2016
United States,,Very High,20.0,0.926,78.848,16.67295074,60044.78393,327.210198,2016
Uruguay,LAC,Very High,52.0,0.811,77.571,16.1406002,21976.02231,3.413766,2016
Uzbekistan,ECA,High,106.0,0.709,70.755,11.8250103,6727.065684,31.4535745,2016
Vanuatu,EAP,Medium,140.0,0.596,69.65,11.41321012,2991.338385,0.283218,2016
Venezuela (Bolivarian Republic of),LAC,Medium,119.0,0.759,72.058,13.8138124,14482.92,30.7414635,2016
Viet Nam,EAP,High,107.0,0.702,73.938,12.8344252,8084.754808,93.1265285,2016
Yemen,AS,Low,186.0,0.443,66.064,7.973606229,1386.769295,29.2740025,2016
Zambia,SSA,Medium,153.0,0.564,61.794,11.00774254,3159.451506,16.7677605,2016
Zimbabwe,SSA,Medium,159.0,0.547,60.306,10.89903801,2005.717549,14.4527045,2016
Very high human development,,,,0.892,79.26718539,16.41714153,41353.56868,1607.230455,2016
High human development,,,,0.742,74.99955262,13.98453638,12766.9923,2786.30418,2016
Medium human development,,,,0.624,69.17114484,11.89479419,5610.875804,2019.843235,2016
Low human development,,,,0.506,60.88102084,8.699150926,3097.590588,1040.549981,2016
Arab States,,,,0.695,71.02001595,11.5675966,14654.70308,410.5065975,2016
East Asia and the Pacific,,,,0.735,75.35542592,13.80473173,12515.40881,2085.422046,2016
Europe and Central Asia,,,,0.787,73.98305187,14.96325811,16587.50246,242.142492,2016
Latin America and the Caribbean,,,,0.761,74.54437591,14.6723465,15184.23173,624.225911,2016
South Asia,,,,0.625,69.87496574,11.46475365,5877.879652,1880.37888,2016
Sub-Saharan Africa,,,,0.536,59.95458683,9.877148054,3699.387444,982.521965,2016
World,,,,0.728,72.37101564,12.67464873,15641.91775,7479.354532,2016
Afghanistan,SA,Low,182.0,0.485,63.016,10.51956487,2123.676477,35.6434175,2017
Albania,ECA,High,74.0,0.796,79.047,15.32594013,12802.17594,2.879355,2017
Algeria,AS,High,93.0,0.738,75.743,15.02369785,11633.27212,41.136546,2017
Andorra,,Very High,35.0,0.86,82.98,11.92259026,54906.34823,0.0738365,2017
Angola,SSA,Medium,150.0,0.597,61.68,12.1676,6772.546424,30.208628,2017
Antigua and Barbuda,LAC,Very High,54.0,0.824,78.268,15.54034768,19701.74462,0.091119,2017
Argentina,LAC,Very High,48.0,0.853,76.833,17.84296989,22994.82645,44.054616,2017
Armenia,ECA,High,76.0,0.775,74.906,13.59181023,12949.74955,2.851923,2017
Australia,,Very High,10.0,0.937,83.001,21.95104027,47086.51429,24.5903335,2017
Austria,,Very High,22.0,0.914,81.639,15.94421005,53665.02668,8.797496,2017
Azerbaijan,ECA,High,89.0,0.754,72.248,13.23709515,13587.53119,10.071567,2017
Bahamas,LAC,Very High,57.0,0.812,73.632,11.76039663,32753.61997,0.39902,2017
Bahrain,AS,Very High,34.0,0.867,79.689,16.06158066,46185.09071,1.456834,2017
Bangladesh,SA,Medium,129.0,0.622,71.788,10.9198904,4997.565265,161.7939635,2017
Barbados,LAC,Very High,62.0,0.803,76.936,16.24217267,15471.38989,0.279187,2017
Belarus,ECA,Very High,69.0,0.811,74.452,15.00545025,17666.59397,9.707876,2017
Belgium,,Very High,12.0,0.931,81.362,19.76102066,50904.68909,11.3844895,2017
Belize,LAC,High,118.0,0.716,73.562,13.24899006,8387.754898,0.3746935,2017
Benin,SSA,Low,173.0,0.505,59.856,11.69883275,2901.44509,11.5967785,2017
Bhutan,SA,Medium,125.0,0.644,70.847,12.804426,10032.63633,0.7561215,2017
Bolivia (Plurinational State of),LAC,Medium,120.0,0.707,67.701,14.900595,8001.017376,11.4355335,2017
Bosnia and Herzegovina,ECA,High,80.0,0.77,76.935,13.62747002,13469.7218,3.440027,2017
Botswana,SSA,High,114.0,0.705,66.753,11.51923385,13397.86059,2.40184,2017
Brazil,LAC,High,89.0,0.758,74.827,15.40701962,14207.19727,208.50496,2017
Brunei Darussalam,EAP,Very High,55.0,0.829,74.722,14.06844997,63747.36134,0.4302765,2017
Bulgaria,,High,70.0,0.81,74.799,14.64519978,20986.67951,7.1824285,2017
Burkina Faso,SSA,Low,185.0,0.432,59.536,8.615460396,1903.88864,19.8358585,2017
Burundi,SSA,Low,187.0,0.422,61.553,10.48184967,751.1939755,11.155593,2017
Cabo Verde,SSA,Medium,131.0,0.668,76.593,12.11571026,6912.81087,0.564954,2017
Cambodia,EAP,Medium,148.0,0.581,70.515,11.5119267,3768.480773,15.8306885,2017
Cameroon,SSA,Medium,151.0,0.574,60.81,12.43191341,3623.474405,24.3931815,2017
Canada,,Very High,18.0,0.929,82.019,15.99886036,47702.7145,36.5543475,2017
Central African Republic,SSA,Low,191.0,0.379,53.721,6.85413043,882.3773803,4.996741,2017
Chad,SSA,Low,189.0,0.389,52.308,7.717970663,1559.084518,15.085884,2017
Chile,LAC,Very High,44.0,0.854,80.35,16.53348923,23592.6732,18.368577,2017
China,EAP,High,75.0,0.757,77.248,14.46156865,14224.86876,1410.275957,2017
Colombia,LAC,High,91.0,0.765,76.646,14.73616982,14089.49252,48.3516705,2017
Comoros,SSA,Medium,152.0,0.571,63.625,12.29682963,3255.316793,0.761664,2017
Congo,SSA,Medium,149.0,0.6,63.76,11.65292155,3501.636816,5.3123395,2017
Congo (Democratic Republic of the),SSA,Low,180.0,0.469,59.411,9.390876421,994.636615,84.283273,2017
Costa Rica,LAC,Very High,64.0,0.8,79.377,15.06278992,19114.77105,4.9938415,2017
Côte d'Ivoire,SSA,Low,166.0,0.515,58.48,9.474160194,4694.303658,24.8480155,2017
Croatia,,Very High,39.0,0.855,78.083,15.4046402,27146.09954,4.1924665,2017
Cuba,LAC,High,85.0,0.764,77.529,14.06610012,8388.369,11.336405,2017
Cyprus,,Very High,29.0,0.891,81.328,15.50938988,37290.51563,1.208523,2017
Czechia,,Very High,32.0,0.896,78.956,16.67814064,36626.68558,10.531305,2017
Denmark,,Very High,5.0,0.944,81.111,18.82432938,56568.41589,5.7372845,2017
Djibouti,AS,Low,171.0,0.491,62.797,7.083077941,4247.571564,1.0402325,2017
Dominica,LAC,High,97.0,0.709,67.525,13.7477695,11551.68561,0.070403,2017
Dominican Republic,LAC,High,82.0,0.761,73.063,14.66316986,15740.87931,10.647244,2017
Ecuador,LAC,High,83.0,0.762,76.972,14.86052672,11406.45276,16.696944,2017
Egypt,AS,High,105.0,0.709,71.302,12.16487026,10792.75844,101.7893855,2017
El Salvador,LAC,Medium,127.0,0.667,72.311,11.75586188,8139.187189,6.2666545,2017
Equatorial Guinea,SSA,Medium,133.0,0.65,60.821,11.22601933,14444.6162,1.450694,2017
Eritrea,SSA,Low,175.0,0.472,66.577,7.265584922,1527.10688,3.396933,2017
Estonia,,Very High,31.0,0.886,77.976,15.81396008,32990.0452,1.3175485,2017
Eswatini (Kingdom of),SSA,Medium,142.0,0.601,57.895,14.0090989,7663.394342,1.1513905,2017
Ethiopia,SSA,Low,176.0,0.472,64.838,9.276011755,1976.163092,108.1979495,2017
Fiji,EAP,High,104.0,0.728,67.79,13.50120519,11808.64714,0.9190185,2017
Finland,,Very High,12.0,0.934,81.498,19.37471008,47593.88701,5.5081395,2017
France,,Very High,28.0,0.899,82.473,15.74036026,45584.57087,64.1440865,2017
Gabon,SSA,Medium,123.0,0.699,66.189,12.28990964,13562.90365,2.1402155,2017
Gambia,SSA,Low,174.0,0.477,62.995,8.499445911,1890.802825,2.3811815,2017
Georgia,ECA,Very High,60.0,0.807,73.57,15.8134203,12924.2182,3.7719,2017
Germany,,Very High,7.0,0.944,80.944,16.98994064,54335.96281,82.624374,2017
Ghana,SSA,Medium,145.0,0.585,64.013,10.9863596,4686.813574,30.2222615,2017
Greece,,Very High,33.0,0.88,80.85,18.86384964,28461.45581,10.6922285,2017
Grenada,LAC,High,73.0,0.786,74.765,16.38377953,13263.27453,0.1209205,2017
Guatemala,LAC,Medium,136.0,0.636,72.551,10.88367987,8147.871684,16.578723,2017
Guinea,SSA,Low,181.0,0.467,59.109,9.641945134,2371.891013,12.2407885,2017
Guinea-Bissau,SSA,Low,179.0,0.479,60.066,10.22964153,1876.130372,1.8798265,2017
Guyana,LAC,High,95.0,0.699,68.667,12.68251901,12164.14729,0.763252,2017
Haiti,LAC,Medium,158.0,0.557,63.854,11.10400571,3212.446745,10.8635435,2017
Honduras,LAC,Medium,138.0,0.614,72.692,9.641396204,5114.505779,9.626842,2017
"Hong Kong, China (SAR)",,Very High,4.0,0.946,84.899,16.7714901,62442.17494,7.4615185,2017
Hungary,,Very High,47.0,0.846,76.005,15.24666023,28302.77343,9.788941,2017
Iceland,,Very High,3.0,0.955,82.535,18.73963928,53923.22172,0.343632,2017
India,SA,Medium,134.0,0.636,70.467,12.07073975,6045.97043,1354.19568,2017
Indonesia,EAP,High,112.0,0.708,69.936,13.72858047,10595.2164,264.4988525,2017
Iran (Islamic Republic of),SA,High,78.0,0.788,75.971,14.43960953,15181.86028,84.5050765,2017
Iraq,AS,Medium,128.0,0.667,70.413,11.82470714,9900.07984,39.6211615,2017
Ireland,,Very High,7.0,0.934,81.917,18.70528984,62004.38727,4.7718535,2017
Israel,,Very High,25.0,0.906,82.719,14.92461014,39251.09511,8.309257,2017
Italy,,Very High,30.0,0.889,82.728,16.14862061,41812.97373,60.004032,2017
Jamaica,LAC,High,115.0,0.711,71.911,12.6917338,9700.661114,2.8083755,2017
Japan,,Very High,24.0,0.916,84.198,15.3861599,42977.42685,126.662472,2017
Jordan,AS,High,99.0,0.744,75.502,12.35320218,9581.241038,10.2153815,2017
Kazakhstan,ECA,Very High,67.0,0.802,71.396,14.21605015,22157.8711,18.314814,2017
Kenya,SSA,Medium,146.0,0.591,62.481,11.11570085,4230.839663,48.948137,2017
Kiribati,EAP,Medium,137.0,0.626,66.597,11.69042184,3758.989852,0.1203625,2017
Korea (Democratic People's Rep. of),EAP,,,,72.978,,,25.5163215,2017
Korea (Republic of),,Very High,19.0,0.915,83.285,16.42491913,41124.36929,51.5116385,2017
Kuwait,AS,Very High,49.0,0.835,79.781,15.06882469,57787.43078,4.1249045,2017
Kyrgyzstan,ECA,High,117.0,0.695,70.588,12.51733971,4803.232306,6.1212605,2017
Lao People's Democratic Republic,EAP,Medium,139.0,0.612,67.434,10.95283031,6830.667101,6.997917,2017
Latvia,,Very High,37.0,0.863,74.805,16.47373009,28601.62774,1.9548625,2017
Lebanon,AS,High,109.0,0.765,79.654,12.16084639,17737.81215,6.1092515,2017
Lesotho,SSA,Low,168.0,0.522,53.064,11.32612991,2920.962145,2.170617,2017
Liberia,SSA,Low,177.0,0.481,60.553,10.24586964,1396.432351,4.796631,2017
Libya,AS,High,92.0,0.761,72.482,14.29941806,24675.15426,6.3782615,2017
Liechtenstein,,Very High,12.0,0.934,83.892,15.18618011,140996.2083,0.0378885,2017
Lithuania,,Very High,37.0,0.878,75.44,16.85014915,32541.16488,2.90445,2017
Luxembourg,,Very High,20.0,0.918,81.734,14.10188961,82296.95125,0.5962825,2017
Madagascar,SSA,Low,177.0,0.502,65.094,10.00907993,1499.246896,26.169542,2017
Malawi,SSA,Low,172.0,0.506,62.977,11.25898636,1420.654739,17.881167,2017
Malaysia,EAP,Very High,63.0,0.8,75.476,13.27797031,25204.5409,31.975806,2017
Maldives,SA,High,87.0,0.74,79.943,12.15000129,17474.64201,0.472442,2017
Mali,SSA,Low,188.0,0.413,59.132,7.115580082,2083.633911,19.3113545,2017
Malta,,Very High,25.0,0.896,83.587,15.51881981,39159.53002,0.479497,2017
Marshall Islands,EAP,High,102.0,0.702,64.27,15.06258908,5802.934693,0.0471865,2017
Mauritania,SSA,Low,164.0,0.536,65.083,8.076979637,5184.308037,4.1600145,2017
Mauritius,SSA,High,72.0,0.797,74.881,14.7748003,22380.7368,1.2947405,2017
Mexico,LAC,High,77.0,0.776,74.138,14.85268021,19512.28817,122.8392575,2017
Micronesia (Federated States of),EAP,Medium,135.0,0.643,71.467,12.93873,4001.592683,0.1104305,2017
Moldova (Republic of),ECA,High,86.0,0.764,70.516,14.29199028,12133.42925,3.180506,2017
Monaco,,,,,85.653,18.58152905,,0.0370445,2017
Mongolia,EAP,High,96.0,0.742,70.237,14.49628851,9829.690086,3.0960295,2017
Montenegro,ECA,Very High,50.0,0.833,76.939,15.08008957,20086.53401,0.632438,2017
Morocco,AS,Medium,120.0,0.671,73.66,13.24971962,7799.584473,35.5281145,2017
Mozambique,SSA,Low,183.0,0.45,59.771,10.3646698,1250.070805,28.569441,2017
Myanmar,EAP,Medium,144.0,0.58,65.843,11.24832951,4195.512493,52.288341,2017
Namibia,SSA,Medium,142.0,0.634,62.293,11.68506921,10147.9947,2.3645335,2017
Nauru,EAP,Medium,122.0,0.664,62.988,11.51762303,13078.16076,0.0116825,2017
Nepal,SA,Medium,146.0,0.581,68.91,12.69890022,3530.738117,28.1834255,2017
Netherlands,,Very High,10.0,0.936,81.729,18.40394974,54455.46371,17.207198,2017
New Zealand,,Very High,16.0,0.935,82.219,18.46677971,40618.37842,4.7462515,2017
Nicaragua,LAC,Medium,130.0,0.656,73.554,11.97034087,5609.992732,6.4805315,2017
Niger,SSA,Low,189.0,0.377,62.16,6.328670025,1198.881615,21.737922,2017
Nigeria,SSA,Low,161.0,0.528,52.305,9.728620665,4963.405182,193.4959065,2017
North Macedonia,ECA,High,83.0,0.789,76.477,13.18113041,15084.6548,2.1119785,2017
Norway,,Very High,2.0,0.959,82.624,18.05971909,66942.34659,5.2773925,2017
Oman,AS,Very High,59.0,0.833,77.924,14.03896999,32877.80269,4.541854,2017
Pakistan,SA,Low,164.0,0.534,66.297,7.014989853,4819.412354,216.379655,2017
Palau,EAP,High,71.0,0.786,64.083,17.14019093,18722.22551,0.0178365,2017
"Palestine, State of",AS,High,111.0,0.718,74.833,13.31686974,7246.81197,4.7009465,2017
Panama,LAC,Very High,57.0,0.814,77.795,13.0627122,29766.99491,4.096063,2017
Papua New Guinea,EAP,Medium,154.0,0.553,65.103,10.07366699,3888.804352,9.114796,2017
Paraguay,LAC,High,102.0,0.739,73.644,13.73734935,13143.46065,6.355404,2017
Peru,LAC,High,87.0,0.765,75.879,14.49571037,11870.28055,31.6054865,2017
Philippines,EAP,High,113.0,0.7,71.516,12.81820011,8884.509422,106.7385015,2017
Poland,,Very High,36.0,0.874,77.721,16.05427933,28688.34159,38.532812,2017
Portugal,,Very High,42.0,0.857,81.498,16.36219978,32269.04155,10.30753,2017
Qatar,AS,Very High,40.0,0.862,80.717,13.00067997,91937.56355,2.7117545,2017
Romania,,Very High,53.0,0.823,75.952,14.23019028,26557.75639,19.698853,2017
Russian Federation,,Very High,56.0,0.827,73.374,14.85986996,25233.8418,145.452536,2017
Rwanda,SSA,Low,161.0,0.52,65.941,11.11161041,1874.026933,12.230339,2017
Saint Kitts and Nevis,LAC,Very High,51.0,0.836,71.84,18.40703011,27979.47497,0.0477855,2017
Saint Lucia,LAC,High,108.0,0.742,73.127,13.84930992,14341.36474,0.1771635,2017
Saint Vincent and the Grenadines,LAC,High,81.0,0.789,74.305,15.54553472,13521.3035,0.1055485,2017
Samoa,EAP,High,116.0,0.714,72.59,12.31240104,6056.211253,0.2076295,2017
San Marino,,Very High,43.0,0.867,82.916,12.4203585,53913.54571,0.0340565,2017
Sao Tome and Principe,SSA,Medium,141.0,0.604,68.267,12.44183169,3923.370711,0.2080365,2017
Saudi Arabia,AS,Very High,40.0,0.849,77.16,14.60314669,48263.33999,34.1931215,2017
Senegal,SSA,Low,169.0,0.511,67.75,9.101789951,3168.07815,15.157793,2017
Serbia,ECA,Very High,65.0,0.802,76.213,14.80344963,15536.1237,7.46488,2017
Seychelles,SSA,Very High,67.0,0.798,73.803,13.20919037,24898.72581,0.1018105,2017
Sierra Leone,SSA,Low,184.0,0.448,58.652,8.874524903,1568.076087,7.6775655,2017
Singapore,EAP,Very High,9.0,0.938,83.224,16.67643929,88700.77414,5.764487,2017
Slovakia,,Very High,45.0,0.857,77.219,14.59996986,29599.14794,5.4394165,2017
Slovenia,,Very High,22.0,0.912,81.071,17.47266006,35849.55565,2.098392,2017
Solomon Islands,EAP,Medium,156.0,0.566,69.988,10.38247972,2572.233205,0.643634,2017
Somalia,AS,Low,193.0,,55.654,,1052.995445,14.864221,2017
South Africa,SSA,High,110.0,0.725,65.402,14.26511002,13563.67115,56.6412095,2017
South Sudan,SSA,Low,192.0,0.378,55.309,5.634770141,667.0849947,10.6582255,2017
Spain,,Very High,27.0,0.896,83.029,17.48012924,39565.05665,46.5841695,2017
Sri Lanka,SA,High,78.0,0.77,75.403,13.39883041,13212.33305,21.5068125,2017
Sudan,AS,Low,170.0,0.52,65.445,8.155348435,4429.395996,40.679828,2017
Suriname,LAC,Medium,124.0,0.71,72.417,11.00592518,15805.43905,0.5875595,2017
Sweden,,Very High,5.0,0.941,82.438,18.86420059,52868.77901,10.05819,2017
Switzerland,,Very High,1.0,0.955,83.412,16.16839981,67250.54069,8.451687,2017
Syrian Arab Republic,AS,Medium,157.0,0.558,68.481,7.615073534,4525.173977,18.983373,2017
Tajikistan,ECA,Medium,126.0,0.659,69.905,10.89475111,3709.165033,8.925525,2017
Tanzania (United Republic of),SSA,Low,167.0,0.517,65.999,7.961319923,2414.46582,56.267032,2017
Thailand,EAP,Very High,66.0,0.795,78.394,16.19328737,16246.12349,70.8982025,2017
Timor-Leste,EAP,Medium,155.0,0.614,67.745,13.20797104,4461.620827,1.243235,2017
Togo,SSA,Low,163.0,0.522,60.154,12.56834984,1974.239051,7.852795,2017
Tonga,EAP,High,98.0,0.734,70.713,15.87205601,6505.298686,0.105415,2017
Trinidad and Tobago,LAC,Very High,60.0,0.811,74.23,13.69918504,26267.8115,1.478607,2017
Tunisia,AS,High,101.0,0.732,75.845,14.45884188,10618.9667,11.811443,2017
Türkiye,ECA,Very High,45.0,0.833,77.141,18.67255974,27238.35049,82.0898265,2017
Turkmenistan,ECA,High,94.0,0.729,68.916,11.98044198,13134.79558,5.968383,2017
Tuvalu,EAP,Medium,132.0,0.651,64.148,11.39167476,5871.636181,0.0108275,2017
Uganda,SSA,Medium,159.0,0.534,62.115,11.29241102,2078.314933,40.127085,2017
Ukraine,ECA,High,100.0,0.771,74.718,13.67564964,12032.75488,44.6572565,2017
United Arab Emirates,AS,Very High,17.0,0.898,79.504,14.21214962,71688.62777,9.0682955,2017
United Kingdom,,Very High,15.0,0.929,81.168,17.41173935,45607.63714,66.0648045,2017
United States,,Very High,20.0,0.928,78.821,16.67160034,61163.32691,329.7912305,2017
Uruguay,LAC,Very High,52.0,0.815,77.625,16.33597946,22105.24664,3.4222005,2017
Uzbekistan,ECA,High,106.0,0.714,71.01,11.95890999,6974.358065,31.945682,2017
Vanuatu,EAP,Medium,140.0,0.599,69.71,11.49289008,3039.204494,0.290239,2017
Venezuela (Bolivarian Republic of),LAC,Medium,119.0,0.75,71.943,13.77008475,12322.101,30.5634335,2017
Viet Nam,EAP,High,107.0,0.706,73.963,12.88871028,8503.90597,94.033048,2017
Yemen,AS,Low,186.0,0.432,65.957,7.894764831,1207.062488,30.0343885,2017
Zambia,SSA,Medium,153.0,0.568,62.12,11.01029862,3244.979459,17.2980535,2017
Zimbabwe,SSA,Medium,159.0,0.552,60.709,10.93053842,2067.753455,14.751101,2017
Very high human development,,,,0.895,79.43129206,16.43912493,42255.00601,1616.407401,2017
High human development,,,,0.748,75.10885075,14.13384665,13346.51418,2810.070906,2017
Medium human development,,,,0.63,69.56236532,11.83712156,5846.370125,2046.954614,2017
Low human development,,,,0.509,61.23848921,8.789073337,3114.715925,1066.676911,2017
Arab States,,,,0.7,71.50879643,11.674414,14550.93826,418.9892985,2017
East Asia and the Pacific,,,,0.742,75.41957477,13.98820916,13259.90485,2101.186722,2017
Europe and Central Asia,,,,0.793,74.34317768,15.14680061,17282.30956,244.135198,2017
Latin America and the Caribbean,,,,0.764,74.70578293,14.73477466,15198.56084,630.3915655,2017
South Asia,,,,0.631,70.2452977,11.36005106,6197.721643,1903.436594,2017
Sub-Saharan Africa,,,,0.54,60.34873981,9.98377367,3688.769761,1008.377044,2017
World,,,,0.732,72.56898708,12.70426245,16060.19119,7565.663198,2017
Afghanistan,SA,Low,182.0,0.486,63.081,10.53785992,2082.113799,36.686784,2018
Albania,ECA,High,74.0,0.797,79.184,15.10783005,13302.73303,2.877013,2018
Algeria,AS,High,93.0,0.74,76.066,15.11653423,11438.08358,41.927007,2018
Andorra,,Very High,35.0,0.863,82.992,11.92751026,54904.29006,0.0750135,2018
Angola,SSA,Medium,150.0,0.598,62.144,12.1676,6310.063799,31.273533,2018
Antigua and Barbuda,LAC,Very High,54.0,0.828,78.511,15.53100208,20907.67572,0.0916255,2018
Argentina,LAC,Very High,48.0,0.852,76.999,17.85782051,21922.97222,44.413596,2018
Armenia,ECA,High,76.0,0.781,75.064,13.82147026,13459.01813,2.836557,2018
Australia,,Very High,10.0,0.941,83.387,20.42849922,47256.85514,24.97923,2018
Austria,,Very High,22.0,0.917,81.686,16.02190971,54677.54634,8.8405125,2018
Azerbaijan,ECA,High,89.0,0.757,72.76,13.31929016,13533.53249,10.1525215,2018
Bahamas,LAC,Very High,57.0,0.814,73.806,11.80405766,32265.5103,0.4019065,2018
Bahrain,AS,Very High,34.0,0.88,79.857,16.06510925,46224.43292,1.4873395,2018
Bangladesh,SA,Medium,129.0,0.636,72.567,11.39918995,5331.387686,163.683958,2018
Barbados,LAC,Very High,62.0,0.804,77.067,16.33778243,15219.56441,0.2796885,2018
Belarus,ECA,Very High,69.0,0.812,74.568,14.67171001,18287.08994,9.6955735,2018
Belgium,,Very High,12.0,0.933,81.479,19.56148911,51562.93104,11.4485955,2018
Belize,LAC,High,118.0,0.715,73.703,13.30014038,8204.448934,0.382066,2018
Benin,SSA,Low,173.0,0.506,60.14,11.23341513,3009.357927,11.9406835,2018
Bhutan,SA,Medium,125.0,0.655,71.129,12.88976002,10225.3916,0.7620965,2018
Bolivia (Plurinational State of),LAC,Medium,120.0,0.712,67.748,15.01584739,8259.27288,11.606905,2018
Bosnia and Herzegovina,ECA,High,80.0,0.774,77.093,13.57777977,14185.63942,3.400129,2018
Botswana,SSA,High,114.0,0.7,65.422,11.49584543,13534.68646,2.4514085,2018
Brazil,LAC,High,89.0,0.762,75.109,15.50376034,14212.85808,210.1665925,2018
Brunei Darussalam,EAP,Very High,55.0,0.826,74.712,13.94052982,60229.51866,0.4342745,2018
Bulgaria,,High,70.0,0.811,74.898,14.4972496,21476.6994,7.1174305,2018
Burkina Faso,SSA,Low,185.0,0.443,60.047,8.947930336,1986.416408,20.392723,2018
Burundi,SSA,Low,187.0,0.421,61.688,10.24604034,742.1792364,11.4934725,2018
Cabo Verde,SSA,Medium,131.0,0.664,75.733,11.8648901,7156.505873,0.5712015,2018
Cambodia,EAP,Medium,148.0,0.588,70.561,11.52826715,3979.335216,16.0252385,2018
Cameroon,SSA,Medium,151.0,0.581,61.18,12.74054294,3663.001957,25.0767465,2018
Canada,,Very High,18.0,0.93,82.051,15.93410969,48127.69888,37.035254,2018
Central African Republic,SSA,Low,191.0,0.386,54.369,6.995129001,924.1299643,5.09478,2018
Chad,SSA,Low,189.0,0.393,52.825,7.870777277,1540.542282,15.60421,2018
Chile,LAC,Very High,44.0,0.856,80.133,16.60621071,24051.74655,18.7014505,2018
China,EAP,High,75.0,0.766,77.744,14.70941905,15067.74311,1417.069469,2018
Colombia,LAC,High,91.0,0.766,76.748,14.62864017,14064.30242,49.2769615,2018
Comoros,SSA,Medium,152.0,0.578,63.912,12.53898975,3312.495367,0.7763135,2018
Congo,SSA,Medium,149.0,0.603,64.053,11.90207278,3474.033423,5.441062,2018
Congo (Democratic Republic of the),SSA,Low,180.0,0.474,59.942,9.453330315,1006.872209,87.087355,2018
Costa Rica,LAC,Very High,64.0,0.804,79.484,15.22842026,19411.1913,5.040734,2018
Côte d'Ivoire,SSA,Low,166.0,0.522,58.849,9.697870255,4806.422905,25.4939885,2018
Croatia,,Very High,39.0,0.86,78.337,15.45802975,28102.10058,4.160485,2018
Cuba,LAC,High,85.0,0.765,77.496,14.20104027,8576.525427,11.328244,2018
Cyprus,,Very High,29.0,0.896,81.382,15.6956501,38657.61328,1.218831,2018
Czechia,,Very High,32.0,0.893,79.004,16.12398911,37752.16164,10.534593,2018
Denmark,,Very High,5.0,0.942,80.99,18.72179985,57733.30332,5.766686,2018
Djibouti,AS,Low,171.0,0.499,63.038,7.38511426,4365.224444,1.057198,2018
Dominica,LAC,High,97.0,0.744,73.59,13.68169052,12707.15399,0.0708225,2018
Dominican Republic,LAC,High,82.0,0.763,73.232,14.56586647,16736.19058,10.7655305,2018
Ecuador,LAC,High,83.0,0.761,77.094,14.72504997,11287.69388,17.0156715,2018
Egypt,AS,High,105.0,0.717,71.367,12.43317032,11092.49979,103.7407655,2018
El Salvador,LAC,Medium,127.0,0.673,72.555,11.92147713,8319.116771,6.2763425,2018
Equatorial Guinea,SSA,Medium,133.0,0.652,61.191,11.52778869,13235.19423,1.5020915,2018
Eritrea,SSA,Low,175.0,0.482,67.067,7.28329193,1701.8534,3.4453745,2018
Estonia,,Very High,31.0,0.89,78.139,15.75247955,34233.03156,1.3221475,2018
Eswatini (Kingdom of),SSA,Medium,142.0,0.613,59.411,14.3085934,7744.309049,1.1604275,2018
Ethiopia,SSA,Low,176.0,0.479,65.412,9.491860668,2058.324276,111.129438,2018
Fiji,EAP,High,104.0,0.731,67.81,13.5880764,12417.47909,0.918996,2018
Finland,,Very High,12.0,0.936,81.627,19.45115089,48241.61007,5.515461,2018
France,,Very High,28.0,0.903,82.591,15.84354973,46291.00885,64.2778075,2018
Gabon,SSA,Medium,123.0,0.699,66.306,12.33784083,12916.59667,2.1920115,2018
Gambia,SSA,Low,174.0,0.483,63.04,8.658930503,1977.09018,2.4449155,2018
Georgia,ECA,Very High,60.0,0.816,73.341,16.00856018,13697.40109,3.772325,2018
Germany,,Very High,7.0,0.946,81.172,17.04191971,55226.69407,82.8966955,2018
Ghana,SSA,Medium,145.0,0.589,64.122,10.95788002,4890.68719,30.8706405,2018
Greece,,Very High,33.0,0.886,81.391,19.19458961,28822.25942,10.6332705,2018
Grenada,LAC,High,73.0,0.79,74.808,16.59221077,13726.26394,0.121838,2018
Guatemala,LAC,Medium,136.0,0.64,72.726,10.83879972,8296.051267,16.8501755,2018
Guinea,SSA,Low,181.0,0.464,59.349,9.824533166,2383.453497,12.5548645,2018
Guinea-Bissau,SSA,Low,179.0,0.48,60.502,10.32933349,1782.560021,1.9249545,2018
Guyana,LAC,High,95.0,0.704,68.896,12.79569856,12470.78618,0.785514,2018
Haiti,LAC,Medium,158.0,0.559,64.019,11.11519337,3218.846393,11.012421,2018
Honduras,LAC,Medium,138.0,0.614,72.814,9.672588739,5138.869173,9.79285,2018
"Hong Kong, China (SAR)",,Very High,4.0,0.949,85.246,16.87722015,64299.51908,7.481555,2018
Hungary,,Very High,47.0,0.85,76.204,15.16954994,29908.59214,9.7763575,2018
Iceland,,Very High,3.0,0.958,82.77,18.50045967,55715.93104,0.352946,2018
India,SA,Medium,134.0,0.636,70.71,11.40435982,6367.366654,1369.003307,2018
Indonesia,EAP,High,112.0,0.712,70.338,13.78658009,11055.20306,267.0668425,2018
Iran (Islamic Republic of),SA,High,78.0,0.787,76.195,14.3321298,14698.79043,85.617562,2018
Iraq,AS,Medium,128.0,0.673,71.514,11.95398,9902.057281,40.5906995,2018
Ireland,,Very High,7.0,0.938,82.086,19.75616074,64966.04519,4.834507,2018
Israel,,Very High,25.0,0.908,82.823,14.85824013,40242.67295,8.456483,2018
Italy,,Very High,30.0,0.894,83.185,16.28807068,42510.72919,59.8774255,2018
Jamaica,LAC,High,115.0,0.711,71.793,12.61393683,9775.620071,2.811835,2018
Japan,,Very High,24.0,0.917,84.297,15.39982986,43349.20773,126.255866,2018
Jordan,AS,High,99.0,0.742,75.774,12.44366874,9541.198859,10.4598655,2018
Kazakhstan,ECA,Very High,67.0,0.804,71.472,14.35060978,22171.8375,18.538099,2018
Kenya,SSA,Medium,146.0,0.598,62.676,11.20529457,4397.47925,49.953304,2018
Kiribati,EAP,Medium,137.0,0.629,66.855,11.74672092,3794.703425,0.1222615,2018
Korea (Democratic People's Rep. of),EAP,,,,73.031,,,25.6381495,2018
Korea (Republic of),,Very High,19.0,0.918,83.343,16.38441086,42132.82564,51.6769,2018
Kuwait,AS,Very High,49.0,0.836,79.722,15.2734718,56197.66491,4.3171855,2018
Kyrgyzstan,ECA,High,117.0,0.698,70.728,12.44713974,4980.634914,6.2234945,2018
Lao People's Democratic Republic,EAP,Medium,139.0,0.613,67.634,10.63360023,7219.498952,7.1050055,2018
Latvia,,Very High,37.0,0.868,75.001,16.56105042,29559.8601,1.9356305,2018
Lebanon,AS,High,109.0,0.764,79.729,12.12426167,17542.91948,5.950839,2018
Lesotho,SSA,Low,168.0,0.525,53.733,11.24027453,2821.925719,2.198017,2018
Liberia,SSA,Low,177.0,0.484,60.853,10.31919765,1385.797753,4.889391,2018
Libya,AS,High,92.0,0.764,72.794,14.19198437,26045.32236,6.477793,2018
Liechtenstein,,Very High,12.0,0.928,83.146,14.93607044,141109.9094,0.038181,2018
Lithuania,,Very High,37.0,0.882,75.677,16.77666092,34362.0001,2.8761275,2018
Luxembourg,,Very High,20.0,0.921,81.803,14.14490032,81479.2735,0.607913,2018
Madagascar,SSA,Low,177.0,0.502,65.27,9.880470276,1503.650057,26.846541,2018
Malawi,SSA,Low,172.0,0.509,63.276,11.34035835,1443.747419,18.367883,2018
Malaysia,EAP,Very High,63.0,0.802,75.644,13.14906979,26002.09116,32.3992715,2018
Maldives,SA,High,87.0,0.747,80.013,12.1593107,18055.72465,0.489758,2018
Mali,SSA,Low,188.0,0.417,59.393,7.089373522,2122.26722,19.934298,2018
Malta,,Very High,25.0,0.903,83.345,15.70633984,41391.92464,0.491586,2018
Marshall Islands,EAP,High,102.0,0.71,64.5,15.32257433,6129.741349,0.045989,2018
Mauritania,SSA,Low,164.0,0.546,65.31,8.510789871,5338.855639,4.2707115,2018
Mauritius,SSA,High,72.0,0.8,74.919,14.78962994,23333.6374,1.2953815,2018
Mexico,LAC,High,77.0,0.779,74.015,14.92304993,19726.18934,124.0138615,2018
Micronesia (Federated States of),EAP,Medium,135.0,0.642,71.318,12.830836,3992.023443,0.110929,2018
Moldova (Republic of),ECA,High,86.0,0.767,70.492,14.38838005,12720.15346,3.141837,2018
Monaco,,,,,86.464,18.61812039,,0.037029,2018
Mongolia,EAP,High,96.0,0.754,71.199,14.50325404,10981.62535,3.163991,2018
Montenegro,ECA,Very High,50.0,0.838,77.159,15.10923004,20923.54288,0.6314545,2018
Morocco,AS,Medium,120.0,0.677,73.986,13.44997978,7950.918457,35.927511,2018
Mozambique,SSA,Low,183.0,0.458,60.526,10.48351964,1269.429225,29.4238785,2018
Myanmar,EAP,Medium,144.0,0.595,66.465,11.50456047,4422.231843,52.666014,2018
Namibia,SSA,Medium,142.0,0.635,62.586,11.70998606,9876.164543,2.4056805,2018
Nauru,EAP,Medium,122.0,0.668,63.234,11.85537792,11797.65611,0.011924,2018
Nepal,SA,Medium,146.0,0.588,68.979,12.81940031,3743.375267,28.506712,2018
Netherlands,,Very High,10.0,0.939,81.774,18.33420944,55850.18234,17.2860425,2018
New Zealand,,Very High,16.0,0.936,82.38,18.3230896,41373.97713,4.838526,2018
Nicaragua,LAC,Medium,130.0,0.658,73.85,12.17132638,5363.935114,6.5722325,2018
Niger,SSA,Low,189.0,0.383,62.454,6.602473804,1249.608465,22.577058,2018
Nigeria,SSA,Low,161.0,0.53,52.554,9.938272476,4866.492114,198.3876235,2018
North Macedonia,ECA,High,83.0,0.796,77.314,13.04564953,15457.22794,2.113491,2018
Norway,,Very High,2.0,0.96,82.76,18.14512062,67394.01179,5.31232,2018
Oman,AS,Very High,59.0,0.838,77.966,14.0753603,32259.16576,4.6011565,2018
Pakistan,SA,Low,164.0,0.535,66.482,7.303080082,5035.434341,219.7314795,2018
Palau,EAP,High,71.0,0.788,64.389,17.16675251,18438.32628,0.0178645,2018
"Palestine, State of",AS,High,111.0,0.722,74.793,13.31881046,7389.351884,4.8055465,2018
Panama,LAC,Very High,57.0,0.817,77.863,13.11288674,30084.15093,4.1652545,2018
Papua New Guinea,EAP,Medium,154.0,0.556,65.182,10.3979044,3766.070285,9.329227,2018
Paraguay,LAC,High,102.0,0.742,73.568,13.78701911,13368.50378,6.443328,2018
Peru,LAC,High,87.0,0.77,76.009,14.59804249,12069.98025,32.203944,2018
Philippines,EAP,High,113.0,0.706,71.689,12.84095001,9248.17856,108.568836,2018
Poland,,Very High,36.0,0.876,77.628,15.92910004,30407.50931,38.5214565,2018
Portugal,,Very High,42.0,0.858,81.395,16.48127937,33211.23707,10.289835,2018
Qatar,AS,Very High,40.0,0.866,80.898,13.13239002,89570.60341,2.766732,2018
Romania,,Very High,53.0,0.829,76.155,14.35554981,28192.99284,19.606783,2018
Russian Federation,,Very High,56.0,0.836,73.531,15.51605988,25977.61133,145.6522925,2018
Rwanda,SSA,Low,161.0,0.522,66.251,10.78695965,1976.647017,12.5318075,2018
Saint Kitts and Nevis,LAC,Very High,51.0,0.835,71.467,18.40703011,28652.85559,0.047761,2018
Saint Lucia,LAC,High,108.0,0.744,73.357,13.74868965,14685.86278,0.177888,2018
Saint Vincent and the Grenadines,LAC,High,81.0,0.793,74.128,15.7778738,14205.47551,0.1052805,2018
Samoa,EAP,High,116.0,0.713,72.636,12.35373403,5934.300328,0.209701,2018
San Marino,,Very High,43.0,0.859,82.948,11.88953018,53653.61665,0.034156,2018
Sao Tome and Principe,SSA,Medium,141.0,0.607,68.355,12.45772759,3988.35083,0.211344,2018
Saudi Arabia,AS,Very High,40.0,0.856,77.212,14.79277941,48208.37902,35.018133,2018
Senegal,SSA,Low,169.0,0.515,68.097,9.007395029,3282.577337,15.574909,2018
Serbia,ECA,Very High,65.0,0.808,76.511,14.78874969,16562.93571,7.433818,2018
Seychelles,SSA,Very High,67.0,0.804,73.953,13.44591045,25957.1879,0.103101,2018
Sierra Leone,SSA,Low,184.0,0.454,59.796,8.921549732,1596.015997,7.861281,2018
Singapore,EAP,Very High,9.0,0.942,83.458,16.74200058,86623.97404,5.8145365,2018
Slovakia,,Very High,45.0,0.86,77.264,14.54144001,30821.9268,5.4467455,2018
Slovenia,,Very High,22.0,0.916,81.358,17.44425964,37430.81884,2.105924,2018
Solomon Islands,EAP,Medium,156.0,0.568,70.173,10.35515276,2597.548307,0.659249,2018
Somalia,AS,Low,193.0,,56.375,,1108.064845,15.4110935,2018
South Africa,SSA,High,110.0,0.731,65.674,14.0805397,13601.13158,57.339635,2018
South Sudan,SSA,Low,192.0,0.38,55.95,5.634770141,665.5147193,10.3953295,2018
Spain,,Very High,27.0,0.899,83.144,17.51925087,40334.81819,46.792043,2018
Sri Lanka,SA,High,78.0,0.774,75.748,13.58215046,13405.80369,21.58071,2018
Sudan,AS,Low,170.0,0.52,65.681,8.269198002,4117.220703,41.999059,2018
Suriname,LAC,Medium,124.0,0.714,72.553,10.99421883,16668.53506,0.5937145,2018
Sweden,,Very High,5.0,0.943,82.533,18.89518929,53389.10183,10.162298,2018
Switzerland,,Very High,1.0,0.957,83.561,16.25905037,67150.70241,8.514434,2018
Syrian Arab Republic,AS,Medium,157.0,0.563,70.145,7.549633865,4501.60186,19.333463,2018
Tajikistan,ECA,Medium,126.0,0.664,70.353,10.88349791,3912.067195,9.1281325,2018
Tanzania (United Republic of),SSA,Low,167.0,0.525,66.535,8.330985069,2483.64502,58.090443,2018
Thailand,EAP,Very High,66.0,0.796,78.662,15.98929501,16813.17615,71.127802,2018
Timor-Leste,EAP,Medium,155.0,0.616,68.017,13.21922963,4375.930781,1.2618455,2018
Togo,SSA,Low,163.0,0.528,60.244,12.69833781,2029.602831,8.046679,2018
Tonga,EAP,High,98.0,0.737,70.779,16.01053429,6659.339716,0.1051505,2018
Trinidad and Tobago,LAC,Very High,60.0,0.809,73.802,13.83185974,24783.02991,1.504709,2018
Tunisia,AS,High,101.0,0.737,75.95,14.51220985,10775.33378,11.9330415,2018
Türkiye,ECA,Very High,45.0,0.838,77.563,18.97455978,28001.26992,82.8093045,2018
Turkmenistan,ECA,High,94.0,0.73,68.796,12.05763098,13337.27072,6.065066,2018
Tuvalu,EAP,Medium,132.0,0.66,64.212,11.39215994,6855.472508,0.010865,2018
Uganda,SSA,Medium,159.0,0.539,62.714,11.35971618,2124.422436,41.515395,2018
Ukraine,ECA,High,100.0,0.771,74.412,13.64286995,12455.66992,44.4469535,2018
United Arab Emirates,AS,Very High,17.0,0.917,79.627,15.48441458,71793.00248,9.1401695,2018
United Kingdom,,Very High,15.0,0.928,81.125,17.15052032,45972.20598,66.4329935,2018
United States,,Very High,20.0,0.93,78.99,16.64285088,62579.01601,332.1400375,2018
Uruguay,LAC,Very High,52.0,0.815,77.611,16.26915932,22066.33322,3.427042,2018
Uzbekistan,ECA,High,106.0,0.719,71.149,12.12845993,7297.810033,32.449576,2018
Vanuatu,EAP,Medium,140.0,0.604,69.795,11.57257004,3148.620596,0.297298,2018
Venezuela (Bolivarian Republic of),LAC,Medium,119.0,0.738,71.979,13.68074459,10427.235,29.8256525,2018
Viet Nam,EAP,High,107.0,0.711,73.976,12.94322497,9141.841879,94.9143305,2018
Yemen,AS,Low,186.0,0.427,64.575,7.908281002,1170.253731,30.7905125,2018
Zambia,SSA,Medium,153.0,0.571,62.342,11.01285531,3325.308024,17.835893,2018
Zimbabwe,SSA,Medium,159.0,0.564,61.414,10.96212987,2336.519143,15.052184,2018
Very high human development,,,,0.898,79.585526,16.48193751,43049.97834,1624.665991,2018
High human development,,,,0.754,75.43797616,14.26423062,13873.91891,2832.64393,2018
Medium human development,,,,0.632,69.87848446,11.47551333,6071.909229,2072.903858,2018
Low human development,,,,0.512,61.53223768,8.956472102,3147.325482,1093.678737,2018
Arab States,,,,0.704,71.71190878,11.81612043,14552.36557,427.7351105,2018
East Asia and the Pacific,,,,0.749,75.83523345,14.14871442,13968.00564,2115.095061,2018
Europe and Central Asia,,,,0.798,74.50583825,15.27481226,17776.02986,245.7153455,2018
Latin America and the Caribbean,,,,0.766,74.82339622,14.77720266,15131.25581,636.2734385,2018
South Asia,,,,0.632,70.51733713,10.97199673,6460.624904,1926.062367,2018
Sub-Saharan Africa,,,,0.544,60.73555364,10.0920678,3695.077956,1035.029964,2018
World,,,,0.735,72.81617816,12.65118196,16431.28555,7649.567694,2018
Afghanistan,SA,Low,182.0,0.492,63.565,10.62129205,2112.986381,37.7694985,2019
Albania,ECA,High,74.0,0.8,79.282,15.1776104,13481.9718,2.8738835,2019
Algeria,AS,High,93.0,0.742,76.474,15.20937061,11353.52181,42.7053685,2019
Andorra,,Very High,35.0,0.865,83.004,11.92630959,55035.01786,0.076343,2019
Angola,SSA,Medium,150.0,0.597,62.448,12.1676,5918.032996,32.353588,2019
Antigua and Barbuda,LAC,Very High,54.0,0.831,78.691,15.5216621,21761.67633,0.0921165,2019
Argentina,LAC,Very High,48.0,0.853,77.284,18.08637047,21205.4712,44.74552,2019
Armenia,ECA,High,76.0,0.789,75.439,13.99892044,14521.83832,2.8206015,2019
Australia,,Very High,10.0,0.941,83.11,21.37561989,47054.49255,25.35717,2019
Austria,,Very High,22.0,0.92,81.908,16.07625008,55647.00605,8.8799395,2019
Azerbaijan,ECA,High,89.0,0.762,73.102,13.48124027,13897.39335,10.232753,2019
Bahamas,LAC,Very High,57.0,0.802,71.205,11.84771869,32291.86455,0.404557,2019
Bahrain,AS,Very High,34.0,0.888,80.019,16.43700027,46857.13387,1.4941885,2019
Bangladesh,SA,Medium,129.0,0.646,72.806,11.67276001,5689.300542,165.516222,2019
Barbados,LAC,Very High,62.0,0.806,77.257,16.43395498,15151.97401,0.2801795,2019
Belarus,ECA,Very High,69.0,0.81,74.216,14.40011024,18714.05989,9.673971,2019
Belgium,,Very High,12.0,0.936,81.831,19.56838989,52490.46183,11.510568,2019
Belize,LAC,High,118.0,0.718,73.931,13.31602001,8417.43203,0.389095,2019
Benin,SSA,Low,173.0,0.506,60.454,10.7679975,3124.691348,12.290444,2019
Bhutan,SA,Medium,125.0,0.668,71.391,12.97683113,10730.47215,0.767459,2019
Bolivia (Plurinational State of),LAC,Medium,120.0,0.715,67.841,14.9469708,8353.240651,11.7773145,2019
Bosnia and Herzegovina,ECA,High,80.0,0.78,77.241,13.44087029,14828.72897,3.3607115,2019
Botswana,SSA,High,114.0,0.703,65.464,11.47245701,14328.00939,2.4997015,2019
Brazil,LAC,High,89.0,0.764,75.338,15.44937038,14290.61164,211.782878,2019
Brunei Darussalam,EAP,Very High,55.0,0.827,74.748,13.76078033,63269.65924,0.4380485,2019
Bulgaria,,High,70.0,0.813,75.062,14.25417042,22590.94919,7.052532,2019
Burkina Faso,SSA,Low,185.0,0.446,60.039,8.913680077,1993.479007,20.951639,2019
Burundi,SSA,Low,187.0,0.423,62.351,10.10524225,732.0425962,11.874838,2019
Cabo Verde,SSA,Medium,131.0,0.667,76.004,11.69658292,7646.222457,0.5770305,2019
Cambodia,EAP,Medium,148.0,0.596,70.692,11.5446076,4187.775988,16.207746,2019
Cameroon,SSA,Medium,151.0,0.586,61.584,13.05683437,3675.295147,25.782341,2019
Canada,,Very High,18.0,0.932,82.363,15.93334007,48591.23289,37.5225845,2019
Central African Republic,SSA,Low,191.0,0.391,55.025,7.139028099,930.6433366,5.2093245,2019
Chad,SSA,Low,189.0,0.398,53.259,8.026609279,1538.014243,16.126866,2019
Chile,LAC,Very High,44.0,0.859,80.326,16.64357948,23892.70513,19.0394855,2019
China,EAP,High,75.0,0.775,77.968,14.96151725,15933.62146,1421.864031,2019
Colombia,LAC,High,91.0,0.768,76.752,14.52388,14293.69558,50.1874065,2019
Comoros,SSA,Medium,152.0,0.584,64.068,12.78591871,3306.297177,0.790986,2019
Congo,SSA,Medium,149.0,0.596,62.747,12.15655111,3230.177098,5.5707325,2019
Congo (Democratic Republic of the),SSA,Low,180.0,0.476,60.276,9.516199559,998.122451,89.9068905,2019
Costa Rica,LAC,Very High,64.0,0.811,79.427,15.8384304,19584.57771,5.0845315,2019
Côte d'Ivoire,SSA,Low,166.0,0.529,59.319,9.921580315,4990.608151,26.147551,2019
Croatia,,Very High,39.0,0.866,78.738,15.46242046,29373.03219,4.1297515,2019
Cuba,LAC,High,85.0,0.766,77.611,14.3487196,8568.631766,11.3166965,2019
Cyprus,,Very High,29.0,0.901,81.397,16.0143795,39466.94922,1.2288365,2019
Czechia,,Very High,32.0,0.896,79.243,16.10343933,38512.3602,10.536871,2019
Denmark,,Very High,5.0,0.946,81.434,18.62013054,58453.58757,5.795878,2019
Djibouti,AS,Low,171.0,0.508,63.085,7.700029999,4622.513134,1.073994,2019
Dominica,LAC,High,97.0,0.745,73.559,13.61592914,13154.17454,0.071428,2019
Dominican Republic,LAC,High,82.0,0.765,73.577,14.46856308,17341.01196,10.8818825,2019
Ecuador,LAC,High,83.0,0.758,77.297,14.46730995,11053.23762,17.3437405,2019
Egypt,AS,High,105.0,0.724,71.358,12.67249012,11376.21416,105.618671,2019
El Salvador,LAC,Medium,127.0,0.676,72.559,11.88102581,8575.426578,6.280217,2019
Equatorial Guinea,SSA,Medium,133.0,0.653,61.644,11.82955806,11833.25181,1.5530305,2019
Eritrea,SSA,Low,175.0,0.487,67.3,7.301042091,1740.14217,3.498818,2019
Estonia,,Very High,31.0,0.893,78.669,15.74028969,35472.28934,1.3270385,2019
Eswatini (Kingdom of),SSA,Medium,142.0,0.623,60.549,14.61449065,7668.51484,1.169613,2019
Ethiopia,SSA,Low,176.0,0.485,65.838,9.712732296,2168.379787,114.1205935,2019
Fiji,EAP,High,104.0,0.73,67.893,13.6749476,12117.82642,0.9184645,2019
Finland,,Very High,12.0,0.939,81.871,19.04310989,48828.94077,5.5215365,2019
France,,Very High,28.0,0.905,82.731,15.86798954,46907.18465,64.3997585,2019
Gabon,SSA,Medium,123.0,0.702,66.603,12.38595894,12653.01115,2.2427855,2019
Gambia,SSA,Low,174.0,0.492,63.755,8.818415095,2049.419807,2.5088835,2019
Georgia,ECA,Very High,60.0,0.816,73.47,16.34345055,14314.32324,3.7708105,2019
Germany,,Very High,7.0,0.951,81.558,17.22438049,55685.0117,83.148141,2019
Ghana,SSA,Medium,145.0,0.599,64.74,11.29076004,5121.491225,31.52229,2019
Greece,,Very High,33.0,0.89,81.249,19.66389084,29456.9996,10.574024,2019
Grenada,LAC,High,73.0,0.79,74.863,16.58723542,13640.36663,0.1227235,2019
Guatemala,LAC,Medium,136.0,0.645,73.129,10.79391956,8514.176034,17.1063375,2019
Guinea,SSA,Low,181.0,0.47,59.72,10.01057884,2436.389436,12.8775385,2019
Guinea-Bissau,SSA,Low,179.0,0.488,60.882,10.42902545,1930.554865,1.9704565,2019
Guyana,LAC,High,95.0,0.711,69.124,12.9088781,13328.10241,0.798753,2019
Haiti,LAC,Medium,158.0,0.559,64.255,11.12638103,3122.553358,11.160438,2019
Honduras,LAC,Medium,138.0,0.629,72.881,9.961707633,5188.036351,9.958829,2019
"Hong Kong, China (SAR)",,Very High,4.0,0.953,85.273,17.28801918,63276.56457,7.4961215,2019
Hungary,,Very High,47.0,0.854,76.454,15.03030014,31789.80944,9.7717955,2019
Iceland,,Very High,3.0,0.958,82.404,18.23498917,56452.94139,0.3607745,2019
India,SA,Medium,134.0,0.638,70.91,11.35159016,6554.320413,1383.112051,2019
Indonesia,EAP,High,112.0,0.718,70.518,13.88083645,11497.97066,269.582878,2019
Iran (Islamic Republic of),SA,High,78.0,0.785,76.103,14.22465007,14203.02399,86.564202,2019
Iraq,AS,Medium,128.0,0.678,71.576,12.08762083,10236.62335,41.5635205,2019
Ireland,,Very High,7.0,0.942,82.259,18.94522095,67651.59008,4.896019,2019
Israel,,Very High,25.0,0.909,82.812,14.78419018,40919.60771,8.6079195,2019
Italy,,Very High,30.0,0.899,83.552,16.37994003,43102.26436,59.727932,2019
Jamaica,LAC,High,115.0,0.712,71.767,12.53661674,9957.949582,2.813773,2019
Japan,,Very High,24.0,0.918,84.426,15.44126987,43276.34134,125.7916765,2019
Jordan,AS,High,99.0,0.744,76.044,12.53479782,9556.638624,10.6986835,2019
Kazakhstan,ECA,Very High,67.0,0.81,71.567,14.58216,22786.55302,18.754258,2019
Kenya,SSA,Medium,146.0,0.604,62.943,11.29488829,4527.724842,50.95145,2019
Kiribati,EAP,Medium,137.0,0.636,67.15,11.80302,4124.780937,0.124241,2019
Korea (Democratic People's Rep. of),EAP,,,,73.198,,,25.7554405,2019
Korea (Republic of),,Very High,19.0,0.922,83.656,16.37698936,43116.57374,51.8038295,2019
Kuwait,AS,Very High,49.0,0.838,79.685,15.48089819,54606.28912,4.4410995,2019
Kyrgyzstan,ECA,High,117.0,0.699,71.23,12.48703003,4756.633268,6.323643,2019
Lao People's Democratic Republic,EAP,Medium,139.0,0.617,68.138,10.50666046,7386.419301,7.212053,2019
Latvia,,Very High,37.0,0.873,75.534,16.54171944,30569.80631,1.9165555,2019
Lebanon,AS,High,109.0,0.76,79.236,12.08767695,16724.40905,5.7819065,2019
Lesotho,SSA,Low,168.0,0.528,54.173,11.15506995,2824.238412,2.2257015,2019
Liberia,SSA,Low,177.0,0.485,61.104,10.39252567,1325.606239,4.985289,2019
Libya,AS,High,92.0,0.756,72.463,14.08455069,22994.23912,6.569088,2019
Liechtenstein,,Very High,12.0,0.94,84.309,15.45131969,141141.5864,0.038482,2019
Lithuania,,Very High,37.0,0.886,76.212,16.48349953,35897.09848,2.849083,2019
Luxembourg,,Very High,20.0,0.925,82.143,14.18776035,77422.85283,0.619973,2019
Madagascar,SSA,Low,177.0,0.498,65.882,9.36977005,1530.056557,27.533134,2019
Malawi,SSA,Low,172.0,0.514,64.119,11.42231844,1482.104454,18.8673365,2019
Malaysia,EAP,Very High,63.0,0.805,75.76,13.0999403,26950.91546,32.8040195,2019
Maldives,SA,High,87.0,0.753,80.116,12.16862011,18679.92536,0.504508,2019
Mali,SSA,Low,188.0,0.421,59.664,7.063263481,2131.324826,20.567424,2019
Malta,,Very High,25.0,0.905,83.207,15.62699032,42083.71716,0.5036345,2019
Marshall Islands,EAP,High,102.0,0.722,64.746,15.58255959,6861.458554,0.0447285,2019
Mauritania,SSA,Low,164.0,0.552,65.687,8.722080231,5432.671932,4.3838485,2019
Mauritius,SSA,High,72.0,0.806,75.118,14.91059017,24213.21981,1.296279,2019
Mexico,LAC,High,77.0,0.781,74.202,14.9456501,19471.08158,125.0853105,2019
Micronesia (Federated States of),EAP,Medium,135.0,0.64,71.077,12.722942,4022.603414,0.1113785,2019
Moldova (Republic of),ECA,High,86.0,0.773,70.935,14.47257042,13450.20058,3.109491,2019
Monaco,,,,,86.542,18.6547838,,0.037034,2019
Mongolia,EAP,High,96.0,0.749,71.822,14.51021957,11073.97333,3.2324295,2019
Montenegro,ECA,Very High,50.0,0.841,77.04,15.06373978,21767.12591,0.630396,2019
Morocco,AS,Medium,120.0,0.684,74.27,13.70191002,8093.258789,36.3044075,2019
Mozambique,SSA,Low,183.0,0.465,61.166,10.60373232,1265.071119,30.285595,2019
Myanmar,EAP,Medium,144.0,0.608,66.61,11.7794511,4668.94162,53.040212,2019
Namibia,SSA,Medium,142.0,0.638,63.075,11.73495605,9758.482157,2.4466445,2019
Nauru,EAP,Medium,122.0,0.68,63.484,12.20303748,12943.70846,0.0121315,2019
Nepal,SA,Medium,146.0,0.598,69.558,12.9399004,3963.226102,28.8324955,2019
Netherlands,,Very High,10.0,0.941,82.046,18.37341499,55628.1765,17.3632615,2019
New Zealand,,Very High,16.0,0.937,82.567,19.4722805,42210.38427,4.959034,2019
Nicaragua,LAC,Medium,130.0,0.661,74.054,12.37568649,5212.721307,6.663924,2019
Niger,SSA,Low,189.0,0.39,62.897,6.888123438,1271.732938,23.443393,2019
Nigeria,SSA,Low,161.0,0.537,52.91,10.13020498,4914.227713,203.3044915,2019
North Macedonia,ECA,High,83.0,0.787,77.293,12.82404995,15981.28082,2.114176,2019
Norway,,Very High,2.0,0.961,82.955,18.23535919,66977.3741,5.3482785,2019
Oman,AS,Very High,59.0,0.841,78.002,13.95668983,31512.60032,4.602768,2019
Pakistan,SA,Low,164.0,0.537,66.756,7.635359764,5067.070251,223.2932795,2019
Palau,EAP,High,71.0,0.792,64.804,17.1933141,18828.43223,0.0179165,2019
"Palestine, State of",AS,High,111.0,0.739,75.241,13.29564953,7355.601356,4.9097745,2019
Panama,LAC,Very High,57.0,0.82,77.81,13.163254,30609.73608,4.232532,2019
Papua New Guinea,EAP,Medium,154.0,0.562,65.474,10.75645427,3781.402618,9.5424855,2019
Paraguay,LAC,High,102.0,0.746,73.621,14.04147203,13196.09334,6.5300265,2019
Peru,LAC,High,87.0,0.774,76.156,14.70109703,12279.26893,32.8248605,2019
Philippines,EAP,High,113.0,0.714,71.865,13.03676033,9589.807294,110.3808045,2019
Poland,,Very High,36.0,0.88,77.927,15.87380981,31772.48863,38.493601,2019
Portugal,,Very High,42.0,0.864,81.701,16.60087013,34036.33943,10.289923,2019
Qatar,AS,Very High,40.0,0.869,80.99,13.19771957,88646.63743,2.807235,2019
Romania,,Very High,53.0,0.834,76.508,14.41685963,29568.95714,19.524211,2019
Russian Federation,,Very High,56.0,0.839,73.933,15.52429962,26364.4707,145.7422865,2019
Rwanda,SSA,Low,161.0,0.531,66.437,10.85398006,2117.985372,12.835028,2019
Saint Kitts and Nevis,LAC,Very High,51.0,0.838,71.572,18.40703011,29909.86839,0.0477115,2019
Saint Lucia,LAC,High,108.0,0.733,73.445,12.70969009,14481.81019,0.1785835,2019
Saint Vincent and the Grenadines,LAC,High,81.0,0.789,72.835,16.01368537,13895.50757,0.1049235,2019
Samoa,EAP,High,116.0,0.712,72.157,12.39506701,6090.185431,0.2119055,2019
San Marino,,Very High,43.0,0.861,82.986,12.09445953,55012.43231,0.0341775,2019
Sao Tome and Principe,SSA,Medium,141.0,0.608,68.523,12.47362348,3999.636164,0.214599,2019
Saudi Arabia,AS,Very High,40.0,0.862,77.304,14.98241212,47528.62848,35.827362,2019
Senegal,SSA,Low,169.0,0.514,68.526,8.913000107,3342.119769,16.0007815,2019
Serbia,ECA,Very High,65.0,0.812,76.704,14.72663021,17311.52991,7.4010555,2019
Seychelles,SSA,Very High,67.0,0.808,74.169,13.45981979,27323.04524,0.1043725,2019
Sierra Leone,SSA,Low,184.0,0.457,60.255,8.968823739,1634.793784,8.0468285,2019
Singapore,EAP,Very High,9.0,0.945,83.758,16.74119949,86455.56452,5.866405,2019
Slovakia,,Very High,45.0,0.863,77.685,14.5240097,31292.12621,5.453924,2019
Slovenia,,Very High,22.0,0.918,81.604,17.32518959,38436.08762,2.1129015,2019
Solomon Islands,EAP,Medium,156.0,0.568,70.382,10.32789774,2588.386655,0.674993,2019
Somalia,AS,Low,193.0,,57.078,,1097.604619,15.9813005,2019
South Africa,SSA,High,110.0,0.741,66.175,14.21393013,13506.04814,58.087055,2019
South Sudan,SSA,Low,192.0,0.391,55.912,5.634770141,784.4743975,10.447666,2019
Spain,,Very High,27.0,0.904,83.532,17.50081062,40854.13936,47.131372,2019
Sri Lanka,SA,High,78.0,0.775,76.008,13.61195354,13262.95822,21.649664,2019
Sudan,AS,Low,170.0,0.521,65.876,8.384636922,3939.3396,43.232093,2019
Suriname,LAC,Medium,124.0,0.71,72.242,10.98251247,15742.5635,0.6003005,2019
Sweden,,Very High,5.0,0.947,83.052,18.52235985,54441.03776,10.2679215,2019
Switzerland,,Very High,1.0,0.96,83.78,16.3445797,67530.73814,8.5755885,2019
Syrian Arab Republic,AS,Medium,157.0,0.564,71.822,7.484194196,4173.953395,20.0982515,2019
Tajikistan,ECA,Medium,126.0,0.668,70.867,10.87225634,4110.545244,9.337003,2019
Tanzania (United Republic of),SSA,Low,167.0,0.533,66.989,8.700650215,2537.389893,59.872579,2019
Thailand,EAP,Very High,66.0,0.801,78.975,15.78530264,17334.87989,71.307763,2019
Timor-Leste,EAP,Medium,155.0,0.627,68.268,13.23049782,5016.217124,1.2804375,2019
Togo,SSA,Low,163.0,0.536,60.901,12.82967018,2079.602948,8.2430945,2019
Tonga,EAP,High,98.0,0.74,70.871,16.14901257,6866.449473,0.1049505,2019
Trinidad and Tobago,LAC,Very High,60.0,0.813,74.228,13.96581938,24662.08966,1.519955,2019
Tunisia,AS,High,101.0,0.74,75.993,14.5657748,10821.4147,12.0493135,2019
Türkiye,ECA,Very High,45.0,0.842,77.832,19.18523026,27950.46628,83.481684,2019
Turkmenistan,ECA,High,94.0,0.732,69.002,12.13481998,13019.58106,6.15842,2019
Tuvalu,EAP,Medium,132.0,0.654,64.278,11.18282986,6054.228334,0.010956,2019
Uganda,SSA,Medium,159.0,0.544,62.991,11.42742251,2190.260893,42.94908,2019
Ukraine,ECA,High,100.0,0.774,74.536,13.71247959,12964.43652,44.2110945,2019
United Arab Emirates,AS,Very High,17.0,0.933,79.726,16.75667953,72131.13487,9.211657,2019
United Kingdom,,Very High,15.0,0.933,81.725,17.17925072,47066.25779,66.778659,2019
United States,,Very High,20.0,0.933,79.138,16.63553047,63654.31978,334.3196705,2019
Uruguay,LAC,Very High,52.0,0.818,77.508,16.45783043,22393.3673,3.4284085,2019
Uzbekistan,ECA,High,106.0,0.725,71.344,12.35204983,7487.419553,32.976948,2019
Vanuatu,EAP,Medium,140.0,0.614,69.877,11.65225,3578.563323,0.3044045,2019
Venezuela (Bolivarian Republic of),LAC,Medium,119.0,0.72,72.161,13.59140443,7836.525,28.9716835,2019
Viet Nam,EAP,High,107.0,0.717,74.093,12.99797023,9733.786723,95.7767165,2019
Yemen,AS,Low,186.0,0.43,65.092,7.921797174,1165.09074,31.546691,2019
Zambia,SSA,Medium,153.0,0.574,62.793,11.01541258,3270.200936,18.3804765,2019
Zimbabwe,SSA,Medium,159.0,0.56,61.292,10.99381263,2156.431862,15.3546075,2019
Very high human development,,,,0.901,79.82524088,16.5422099,43615.92483,1632.279137,2019
High human development,,,,0.76,75.62206562,14.40255215,14374.90364,2852.735375,2019
Medium human development,,,,0.635,70.09737064,11.49434414,6201.378699,2098.430747,2019
Low human development,,,,0.516,61.90544144,9.118929821,3176.633187,1121.42289,2019
Arab States,,,,0.709,71.92230374,11.95200534,14453.80557,436.5173735,2019
East Asia and the Pacific,,,,0.757,76.03604076,14.33438079,14690.54968,2126.82754,2019
Europe and Central Asia,,,,0.802,74.70066897,15.4069405,18014.09952,247.2309,2019
Latin America and the Caribbean,,,,0.768,75.01484302,14.78012526,14985.58144,641.826122,2019
South Asia,,,,0.635,70.72251194,10.99840948,6605.112625,1948.00938,2019
Sub-Saharan Africa,,,,0.549,61.12002199,10.20915604,3715.500559,1062.372696,2019
World,,,,0.739,73.01212058,12.72614124,16713.67643,7730.660623,2019
Afghanistan,SA,Low,182.0,0.488,62.575,10.70538475,1986.803772,38.9722305,2020
Albania,ECA,High,74.0,0.784,76.989,14.75971985,13069.1277,2.8668485,2020
Algeria,AS,High,93.0,0.73,74.453,15.30220699,10634.88398,43.451666,2020
Andorra,,Very High,35.0,0.843,79.023,11.91193008,48026.39049,0.0777,2020
Angola,SSA,Medium,150.0,0.594,62.261,12.1676,5487.669515,33.428486,2020
Antigua and Barbuda,LAC,Very High,54.0,0.82,78.841,15.51232774,17222.93616,0.092664,2020
Argentina,LAC,Very High,48.0,0.841,75.892,18.36116028,19183.11525,45.036032,2020
Armenia,ECA,High,76.0,0.769,72.173,14.07796955,13181.64894,2.8056085,2020
Australia,,Very High,10.0,0.948,84.324,20.93943977,48074.57131,25.6700505,2020
Austria,,Very High,22.0,0.916,81.504,16.12446976,52446.03371,8.907777,2020
Azerbaijan,ECA,High,89.0,0.722,66.868,12.63204002,13683.77025,10.284951,2020
Bahamas,LAC,Very High,57.0,0.798,72.677,11.89137971,24649.01825,0.4064715,2020
Bahrain,AS,Very High,34.0,0.884,79.174,16.39122709,44780.53541,1.477469,2020
Bangladesh,SA,Medium,129.0,0.657,71.968,11.94633007,5822.800881,167.4209505,2020
Barbados,LAC,Very High,62.0,0.803,77.393,16.53069367,13607.0609,0.280693,2020
Belarus,ECA,Very High,69.0,0.8,72.513,14.26484013,18404.59728,9.6337405,2020
Belgium,,Very High,12.0,0.93,80.788,19.27527046,49491.02071,11.5617165,2020
Belize,LAC,High,118.0,0.705,72.854,13.16993046,7500.307225,0.3949205,2020
Benin,SSA,Low,173.0,0.501,60.088,10.30257988,3153.238346,12.643123,2020
Bhutan,SA,Medium,125.0,0.675,71.609,13.06449041,9896.599579,0.772506,2020
Bolivia (Plurinational State of),LAC,Medium,120.0,0.691,64.467,14.79598497,7592.079508,11.936162,2020
Bosnia and Herzegovina,ECA,High,80.0,0.776,76.225,13.25508976,14505.45237,3.3184075,2020
Botswana,SSA,High,114.0,0.701,65.647,11.44906858,13261.31862,2.546402,2020
Brazil,LAC,High,89.0,0.758,74.009,15.44596004,13814.60236,213.1963035,2020
Brunei Darussalam,EAP,Very High,55.0,0.827,74.795,13.69861984,63422.3656,0.441725,2020
Bulgaria,,High,70.0,0.802,73.645,14.03666973,21652.93413,6.9791745,2020
Burkina Faso,SSA,Low,185.0,0.446,59.731,8.777890205,1978.05252,21.522626,2020
Burundi,SSA,Low,187.0,0.419,61.566,9.966378953,715.9823911,12.2202265,2020
Cabo Verde,SSA,Medium,131.0,0.649,74.808,11.53066323,6095.131454,0.58264,2020
Cambodia,EAP,Medium,148.0,0.596,70.416,11.56094805,4101.153172,16.3968605,2020
Cameroon,SSA,Medium,151.0,0.585,60.833,13.38097793,3581.920676,26.4910865,2020
Canada,,Very High,18.0,0.928,82.047,15.94466972,45828.21773,37.888705,2020
Central African Republic,SSA,Low,191.0,0.389,54.604,7.285887393,900.8032793,5.34302,2020
Chad,SSA,Low,189.0,0.396,52.777,8.185526568,1469.992398,16.6447015,2020
Chile,LAC,Very High,44.0,0.849,79.377,16.34049988,21509.35879,19.3003145,2020
China,EAP,High,75.0,0.781,78.077,15.21793605,16167.83072,1424.929781,2020
Colombia,LAC,High,91.0,0.756,74.769,14.3924799,13219.78107,50.9306625,2020
Comoros,SSA,Medium,152.0,0.588,64.166,13.03771042,3237.28643,0.806166,2020
Congo,SSA,Medium,149.0,0.598,63.785,12.41647044,2947.117055,5.702174,2020
Congo (Democratic Republic of the),SSA,Low,180.0,0.477,59.739,9.579486913,1016.936704,92.8531645,2020
Costa Rica,LAC,Very High,64.0,0.811,79.277,16.09200378,18631.60779,5.123105,2020
Côte d'Ivoire,SSA,Low,166.0,0.53,59.032,10.10165024,4938.491925,26.8117905,2020
Croatia,,Very High,39.0,0.86,77.984,15.48550987,27623.9554,4.0968695,2020
Cuba,LAC,High,85.0,0.759,77.567,14.42603016,7641.311661,11.300698,2020
Cyprus,,Very High,29.0,0.9,81.391,16.22817039,36715.75391,1.237537,2020
Czechia,,Very High,32.0,0.891,78.575,16.1389904,36695.69151,10.5309535,2020
Denmark,,Very High,5.0,0.946,81.545,18.64031982,57324.1238,5.825641,2020
Djibouti,AS,Low,171.0,0.512,62.694,8.028374362,4606.076485,1.090156,2020
Dominica,LAC,High,97.0,0.738,73.649,13.55048385,11279.75412,0.0719945,2020
Dominican Republic,LAC,High,82.0,0.76,72.889,14.37125969,15993.16697,10.9996635,2020
Ecuador,LAC,High,83.0,0.734,72.153,14.86483955,10079.83696,17.5885955,2020
Egypt,AS,High,105.0,0.729,70.99,12.91180992,11637.16114,107.465134,2020
El Salvador,LAC,Medium,127.0,0.666,71.061,11.9099355,7876.916512,6.292731,2020
Equatorial Guinea,SSA,Medium,133.0,0.65,60.708,12.13132742,11457.17495,1.5960485,2020
Eritrea,SSA,Low,175.0,0.49,67.133,7.318835512,1795.295094,3.555868,2020
Estonia,,Very High,31.0,0.891,78.343,15.77509975,35481.21555,1.329444,2020
Eswatini (Kingdom of),SSA,Medium,142.0,0.622,59.692,14.92692756,7438.342596,1.180655,2020
Ethiopia,SSA,Low,176.0,0.489,65.371,9.938743514,2240.351134,117.190911,2020
Fiji,EAP,High,104.0,0.722,67.924,13.7618188,10249.00145,0.920422,2020
Finland,,Very High,12.0,0.939,81.866,19.04858017,48175.68311,5.529468,2020
France,,Very High,28.0,0.9,82.21,15.9334898,42890.70201,64.480053,2020
Gabon,SSA,Medium,123.0,0.704,66.531,12.43426472,13023.09172,2.292573,2020
Gambia,SSA,Low,174.0,0.492,62.612,8.977899686,2013.668573,2.573995,2020
Georgia,ECA,Very High,60.0,0.807,72.765,16.27112961,13298.32184,3.765912,2020
Germany,,Very High,7.0,0.948,81.147,17.22598076,53374.57581,83.3289875,2020
Ghana,SSA,Medium,145.0,0.601,64.114,11.42975998,5304.641625,32.1804015,2020
Greece,,Very High,33.0,0.887,80.909,19.67380905,26972.58162,10.512232,2020
Grenada,LAC,High,73.0,0.786,74.924,16.58226156,12403.05465,0.123663,2020
Guatemala,LAC,Medium,136.0,0.638,71.797,10.76720388,8240.391368,17.3627185,2020
Guinea,SSA,Low,181.0,0.471,59.327,10.20014763,2364.84135,13.2051525,2020
Guinea-Bissau,SSA,Low,179.0,0.482,59.999,10.5316806,1835.123646,2.015828,2020
Guyana,LAC,High,95.0,0.727,68.486,13.02205765,19160.30167,0.797202,2020
Haiti,LAC,Medium,158.0,0.557,64.052,11.13756869,2975.463771,11.3068015,2020
Honduras,LAC,Medium,138.0,0.621,71.462,9.961707633,4682.741182,10.121763,2020
"Hong Kong, China (SAR)",,Very High,4.0,0.955,85.197,17.76877022,59536.61139,7.5009575,2020
Hungary,,Very High,47.0,0.849,75.73,15.05834961,30482.80585,9.7505725,2020
Iceland,,Very High,3.0,0.955,82.576,18.23974037,51984.12953,0.366669,2020
India,SA,Medium,134.0,0.638,70.15,11.72447014,6089.656533,1396.387127,2020
Indonesia,EAP,High,112.0,0.712,68.808,13.97573724,11205.54674,271.8579705,2020
Iran (Islamic Republic of),SA,High,78.0,0.779,74.832,14.11717033,13925.43865,87.2901925,2020
Iraq,AS,Medium,128.0,0.661,69.123,12.22275571,8749.302168,42.5569835,2020
Ireland,,Very High,7.0,0.945,82.47,18.83966064,69108.81195,4.946119,2020
Israel,,Very High,25.0,0.906,82.36,14.8323698,39324.16286,8.7574895,2020
Italy,,Very High,30.0,0.892,82.395,16.53091049,39586.54468,59.5005785,2020
Jamaica,LAC,High,115.0,0.707,71.869,12.45977059,8908.337097,2.8204355,2020
Japan,,Very High,24.0,0.917,84.688,15.45631981,41445.74253,125.2447605,2020
Jordan,AS,High,99.0,0.74,75.184,12.62659427,9182.779177,10.928721,2020
Kazakhstan,ECA,Very High,67.0,0.806,70.03,14.81626987,23303.72556,18.979243,2020
Kenya,SSA,Medium,146.0,0.599,62.675,11.38448201,4419.657606,51.98578,2020
Kiribati,EAP,Medium,137.0,0.629,67.266,11.80302,3585.215506,0.1264635,2020
Korea (Democratic People's Rep. of),EAP,,,,73.274,,,25.867467,2020
Korea (Republic of),,Very High,19.0,0.922,83.609,16.37731934,42757.20284,51.8446905,2020
Kuwait,AS,Very High,49.0,0.826,76.92,15.6911416,50504.71761,4.3604445,2020
Kyrgyzstan,ECA,High,117.0,0.691,69.629,12.63446045,4566.176937,6.424874,2020
Lao People's Democratic Republic,EAP,Medium,139.0,0.616,68.497,10.18749046,7503.995874,7.319399,2020
Latvia,,Very High,37.0,0.873,75.453,16.49007988,30562.4628,1.897052,2020
Lebanon,AS,High,109.0,0.742,77.804,12.05109224,13310.52871,5.6629235,2020
Lesotho,SSA,Low,168.0,0.53,54.693,11.07051125,2741.093409,2.2541,2020
Liberia,SSA,Low,177.0,0.483,60.948,10.46585369,1260.211402,5.0875845,2020
Libya,AS,High,92.0,0.737,72.472,13.977117,15903.29971,6.653942,2020
Liechtenstein,,Very High,12.0,0.933,82.797,15.45862961,138481.3712,0.038756,2020
Lithuania,,Very High,37.0,0.88,75.068,16.37162018,36103.01004,2.8202665,2020
Luxembourg,,Very High,20.0,0.921,81.433,14.19941044,76503.96475,0.6303995,2020
Madagascar,SSA,Low,177.0,0.486,65.182,9.213435879,1393.178078,28.2251765,2020
Malawi,SSA,Low,172.0,0.512,63.717,11.50487088,1454.661811,19.3770615,2020
Malaysia,EAP,Very High,63.0,0.802,75.938,12.95814991,25314.33845,33.199993,2020
Maldives,SA,High,87.0,0.737,79.875,12.17795095,12331.54632,0.514438,2020
Mali,SSA,Low,188.0,0.407,58.633,7.037249603,2030.440841,21.22404,2020
Malta,,Very High,25.0,0.901,83.355,15.55049038,37010.11829,0.515358,2020
Marshall Islands,EAP,High,102.0,0.727,64.977,15.8503933,6870.234746,0.0434135,2020
Mauritania,SSA,Low,164.0,0.539,64.532,8.051850319,5237.615912,4.4986035,2020
Mauritius,SSA,High,72.0,0.792,74.331,14.61009979,20596.60433,1.2978275,2020
Mexico,LAC,High,77.0,0.757,70.133,14.82310009,17721.21226,125.9983015,2020
Micronesia (Federated States of),EAP,Medium,135.0,0.636,70.674,12.615048,3925.961979,0.1121065,2020
Moldova (Republic of),ECA,High,86.0,0.765,70.166,14.53956985,12262.79264,3.084847,2020
Monaco,,,,,86.538,18.6915194,,0.036922,2020
Mongolia,EAP,High,96.0,0.74,72.141,14.51719515,10575.03908,3.294335,2020
Montenegro,ECA,Very High,50.0,0.832,76.257,15.20345974,18548.47848,0.6290475,2020
Morocco,AS,Medium,120.0,0.683,73.92,13.92945957,7473.866211,36.6887715,2020
Mozambique,SSA,Low,183.0,0.467,61.172,10.72532345,1212.078122,31.178239,2020
Myanmar,EAP,Medium,144.0,0.615,66.797,12.06090998,4813.516405,53.423198,2020
Namibia,SSA,Medium,142.0,0.634,62.829,11.75997928,9013.510659,2.489098,2020
Nauru,EAP,Medium,122.0,0.689,63.437,12.56089218,13877.80367,0.012315,2020
Nepal,SA,Medium,146.0,0.593,69.246,12.64451981,3805.213582,29.3486275,2020
Netherlands,,Very High,10.0,0.938,81.638,18.41262054,52499.90113,17.4345575,2020
New Zealand,,Very High,16.0,0.935,82.742,19.1901207,41224.72166,5.0611335,2020
Nicaragua,LAC,Medium,130.0,0.652,71.795,12.58347787,4878.610383,6.7558955,2020
Niger,SSA,Low,189.0,0.391,61.451,7.186131428,1268.704238,24.3336385,2020
Nigeria,SSA,Low,161.0,0.539,52.887,10.32213749,4684.512077,208.3274045,2020
North Macedonia,ECA,High,83.0,0.766,75.168,12.81177998,15174.49372,2.1110715,2020
Norway,,Very High,2.0,0.963,83.195,18.3110199,66258.16613,5.379839,2020
Oman,AS,Very High,59.0,0.823,74.757,13.24143028,30926.19077,4.5433985,2020
Pakistan,SA,Low,164.0,0.536,66.269,7.89510849,4912.291411,227.1967405,2020
Palau,EAP,High,71.0,0.794,65.349,17.21987569,18208.81858,0.017972,2020
"Palestine, State of",AS,High,111.0,0.715,74.403,13.24273968,6270.338146,5.0194015,2020
Panama,LAC,Very High,57.0,0.809,76.657,13.21381473,25727.89914,4.2943965,2020
Papua New Guinea,EAP,Medium,154.0,0.567,65.787,11.12736798,3700.943029,9.74964,2020
Paraguay,LAC,High,102.0,0.742,73.182,13.91056957,12869.9431,6.618695,2020
Peru,LAC,High,87.0,0.758,73.665,14.80487907,10894.36185,33.304756,2020
Philippines,EAP,High,113.0,0.705,72.119,12.78335953,8355.100965,112.1909775,2020
Poland,,Very High,36.0,0.874,76.942,15.84399033,31292.87084,38.4283665,2020
Portugal,,Very High,42.0,0.861,81.055,16.66860962,31510.42805,10.2981915,2020
Qatar,AS,Very High,40.0,0.863,79.099,13.26426983,87384.9076,2.760385,2020
Romania,,Very High,53.0,0.828,75.346,14.46557045,28602.9307,19.4420385,2020
Russian Federation,,Very High,56.0,0.826,71.342,15.66174936,25973.84766,145.6173285,2020
Rwanda,SSA,Low,161.0,0.535,66.774,11.03049342,2019.536807,13.1463615,2020
Saint Kitts and Nevis,LAC,Very High,51.0,0.832,71.627,18.40703011,26342.47788,0.0476425,2020
Saint Lucia,LAC,High,108.0,0.724,73.416,12.68871975,12019.96879,0.1792365,2020
Saint Vincent and the Grenadines,LAC,High,81.0,0.785,72.126,16.2530213,13231.62828,0.1046325,2020
Samoa,EAP,High,116.0,0.712,72.768,12.4364,5847.074718,0.2149295,2020
San Marino,,Very High,43.0,0.844,79.589,12.41341019,50895.40762,0.034007,2020
Sao Tome and Principe,SSA,Medium,141.0,0.609,67.785,12.6637182,4100.934419,0.218641,2020
Saudi Arabia,AS,Very High,40.0,0.861,76.239,15.17204484,45563.29665,35.9971065,2020
Senegal,SSA,Low,169.0,0.514,68.006,9.053489685,3303.052428,16.43612,2020
Serbia,ECA,Very High,65.0,0.806,75.406,14.48388004,17696.1643,7.3580045,2020
Seychelles,SSA,Very High,67.0,0.799,73.532,13.29603958,25127.25315,0.10553,2020
Sierra Leone,SSA,Low,184.0,0.453,59.763,9.016348244,1553.556442,8.2339705,2020
Singapore,EAP,Very High,9.0,0.942,82.861,16.78735924,81430.60411,5.9098695,2020
Slovakia,,Very High,45.0,0.86,77.005,14.56892014,30588.5352,5.4566805,2020
Slovenia,,Very High,22.0,0.91,80.441,17.26226997,36848.4158,2.117641,2020
Solomon Islands,EAP,Medium,156.0,0.566,70.199,10.30071445,2527.856572,0.6911905,2020
Somalia,AS,Low,193.0,,55.967,,1058.094077,16.5370155,2020
South Africa,SSA,High,110.0,0.722,65.252,13.98349953,12598.35718,58.8019265,2020
South Sudan,SSA,Low,192.0,0.386,55.48,5.634770141,748.1979273,10.606227,2020
Spain,,Very High,27.0,0.894,82.289,17.4695797,36075.60494,47.363807,2020
Sri Lanka,SA,High,78.0,0.777,76.393,13.64182201,12589.80645,21.7150795,2020
Sudan,AS,Low,170.0,0.518,65.614,8.501687381,3658.472412,44.440486,2020
Suriname,LAC,Medium,124.0,0.702,72.561,10.97080612,12858.11237,0.607065,2020
Sweden,,Very High,5.0,0.944,82.427,18.65209007,53195.4576,10.3689695,2020
Switzerland,,Very High,1.0,0.957,83.067,16.43366051,66266.62948,8.638613,2020
Syrian Arab Republic,AS,Medium,157.0,0.561,72.14,7.418754527,3942.080383,20.7725955,2020
Tajikistan,ECA,Medium,126.0,0.656,67.994,10.86102637,4205.474828,9.543207,2020
Tanzania (United Republic of),SSA,Low,167.0,0.535,66.408,9.065139771,2502.293945,61.704518,2020
Thailand,EAP,Very High,66.0,0.8,79.274,15.58131027,16443.82559,71.4756645,2020
Timor-Leste,EAP,Medium,155.0,0.633,68.475,13.24177562,5269.538723,1.299995,2020
Togo,SSA,Low,163.0,0.54,61.035,12.96236085,2068.418544,8.44258,2020
Tonga,EAP,High,98.0,0.742,70.928,16.28749084,6892.373648,0.105254,2020
Trinidad and Tobago,LAC,Very High,60.0,0.815,74.406,14.1010764,23539.74895,1.518147,2020
Tunisia,AS,High,101.0,0.734,75.292,14.61953746,9709.943153,12.161723,2020
Türkiye,ECA,Very High,45.0,0.835,75.85,19.29534912,28380.88549,84.1354275,2020
Turkmenistan,ECA,High,94.0,0.731,68.687,12.44202042,12449.00499,6.250438,2020
Tuvalu,EAP,Medium,132.0,0.655,64.382,10.94357014,6283.670058,0.011069,2020
Uganda,SSA,Medium,159.0,0.545,62.851,11.49553237,2201.801545,44.404611,2020
Ukraine,ECA,High,100.0,0.762,72.573,13.58794975,12699.31055,43.9096665,2020
United Arab Emirates,AS,Very High,17.0,0.93,78.946,17.20813942,67353.43791,9.287289,2020
United Kingdom,,Very High,15.0,0.92,80.434,17.16798019,40799.05896,67.059474,2020
United States,,Very High,20.0,0.923,77.414,16.62663078,61076.5013,335.9420035,2020
Uruguay,LAC,Very High,52.0,0.82,78.43,16.5159893,20860.82885,3.4290865,2020
Uzbekistan,ECA,High,106.0,0.716,70.331,12.05047035,7366.023334,33.5266565,2020
Vanuatu,EAP,Medium,140.0,0.612,70.299,11.73192996,3204.948613,0.311685,2020
Venezuela (Bolivarian Republic of),LAC,Medium,119.0,0.691,71.095,13.50206427,5459.72,28.4904535,2020
Viet Nam,EAP,High,107.0,0.726,75.378,13.05294705,10005.17461,96.6486845,2020
Yemen,AS,Low,186.0,0.43,64.65,7.935313345,1152.015672,32.2840455,2020
Zambia,SSA,Medium,153.0,0.569,62.38,11.01797045,3046.055722,18.927715,2020
Zimbabwe,SSA,Medium,159.0,0.554,61.124,11.02558696,1935.505995,15.669666,2020
Very high human development,,,,0.895,78.79233546,16.56326548,41597.83332,1637.022256,2020
High human development,,,,0.759,74.98907432,14.49581726,14168.66942,2869.72542,2020
Medium human development,,,,0.634,69.3560714,11.76960359,5801.371916,2123.774022,2020
Low human development,,,,0.515,61.47436265,9.273942075,3075.086899,1150.176706,2020
Arab States,,,,0.704,71.00205516,12.06664274,13573.04919,444.139657,2020
East Asia and the Pacific,,,,0.76,75.96864075,14.48572323,14680.75405,2136.572381,2020
Europe and Central Asia,,,,0.792,72.78102187,15.35398882,18036.72866,248.627951,2020
Latin America and the Caribbean,,,,0.755,73.00833951,14.76596177,13848.6781,646.8319025,2020
South Asia,,,,0.635,69.97294274,11.30193079,6237.998412,1969.617892,2020
Sub-Saharan Africa,,,,0.547,60.72904175,10.31392937,3570.227167,1090.363459,2020
World,,,,0.736,72.2573551,12.86067396,16015.84583,7806.602793,2020
Afghanistan,SA,Low,182.0,0.473,61.982,10.70538475,1534.135377,40.099462,2021
Albania,ECA,High,74.0,0.785,76.463,14.57174969,14399.78047,2.85471,2021
Algeria,AS,High,93.0,0.74,76.377,15.39504337,10823.11813,44.1779685,2021
Andorra,,Very High,35.0,0.855,80.368,11.98771,51128.3475,0.079034,2021
Angola,SSA,Medium,150.0,0.59,61.643,12.1676,5332.94813,34.5037735,2021
Antigua and Barbuda,LAC,Very High,54.0,0.819,78.497,15.51232774,17420.06637,0.0932195,2021
Argentina,LAC,Very High,48.0,0.844,75.39,18.97950935,21093.47399,45.27678,2021
Armenia,ECA,High,76.0,0.774,72.043,14.43037987,13813.88142,2.7909735,2021
Australia,,Very High,10.0,0.949,84.526,21.0800209,48075.67425,25.921089,2021
Austria,,Very High,22.0,0.92,81.58,16.36746025,54360.74096,8.922082,2021
Azerbaijan,ECA,High,89.0,0.738,69.366,12.67770004,14408.1067,10.312992,2021
Bahamas,LAC,Very High,57.0,0.799,71.598,11.89137971,28178.29448,0.4079055,2021
Bahrain,AS,Very High,34.0,0.884,78.76,16.3454539,46757.30276,1.4632655,2021
Bangladesh,SA,Medium,129.0,0.662,72.381,11.94633007,6220.542581,169.356251,2021
Barbados,LAC,Very High,62.0,0.803,77.571,16.53069367,13484.80353,0.2811995,2021
Belarus,ECA,Very High,69.0,0.801,72.438,14.19456005,19104.25276,9.5781675,2021
Belgium,,Very High,12.0,0.938,81.879,18.94573975,52299.39967,11.6114195,2021
Belize,LAC,High,118.0,0.698,70.47,12.86993027,8509.834544,0.400031,2021
Benin,SSA,Low,173.0,0.502,59.821,10.30257988,3304.543545,12.996895,2021
Bhutan,SA,Medium,125.0,0.677,71.815,13.06449041,10240.74671,0.7774865,2021
Bolivia (Plurinational State of),LAC,Medium,120.0,0.691,63.63,15.02243817,7842.712067,12.079472,2021
Bosnia and Herzegovina,ECA,High,80.0,0.776,75.3,13.2767601,15651.40053,3.270943,2021
Botswana,SSA,High,114.0,0.68,61.141,11.42568016,14101.88489,2.588423,2021
Brazil,LAC,High,89.0,0.756,72.75,15.5788002,14342.1,214.326223,2021
Brunei Darussalam,EAP,Very High,55.0,0.824,74.642,13.69861984,60717.05667,0.445373,2021
Bulgaria,,High,70.0,0.796,71.798,13.86802959,23725.05105,6.8858675,2021
Burkina Faso,SSA,Low,185.0,0.445,59.27,8.733340263,2059.353254,22.1006835,2021
Burundi,SSA,Low,187.0,0.419,61.663,9.966378953,716.4907921,12.551213,2021
Cabo Verde,SSA,Medium,131.0,0.65,74.052,11.53066323,6499.392743,0.587925,2021
Cambodia,EAP,Medium,148.0,0.596,69.584,11.56094805,4124.445747,16.5890235,2021
Cameroon,SSA,Medium,151.0,0.581,60.333,13.38097793,3473.286903,27.198628,2021
Canada,,Very High,18.0,0.934,82.656,15.96065044,47932.75186,38.155012,2021
Central African Republic,SSA,Low,191.0,0.387,53.895,7.285887393,900.4155606,5.4571545,2021
Chad,SSA,Low,189.0,0.393,52.525,8.185526568,1404.785882,17.17974,2021
Chile,LAC,Very High,44.0,0.856,78.944,16.76792908,23852.84341,19.4931845,2021
China,EAP,High,75.0,0.785,78.211,15.21793605,17499.16075,1425.893465,2021
Colombia,LAC,High,91.0,0.752,72.83,14.43749046,14402.64416,51.516562,2021
Comoros,SSA,Medium,152.0,0.585,63.417,13.03771042,3243.685399,0.8216255,2021
Congo,SSA,Medium,149.0,0.598,63.519,12.41647044,3038.124886,5.835806,2021
Congo (Democratic Republic of the),SSA,Low,180.0,0.475,59.193,9.579486913,1023.863411,95.8941185,2021
Costa Rica,LAC,Very High,64.0,0.804,77.023,16.09200378,19913.07739,5.153957,2021
Côte d'Ivoire,SSA,Low,166.0,0.53,58.598,10.10165024,5156.435765,27.478249,2021
Croatia,,Very High,39.0,0.867,77.58,15.57269955,32072.96049,4.0601355,2021
Cuba,LAC,High,85.0,0.742,73.683,14.46930027,7767.608571,11.2563725,2021
Cyprus,,Very High,29.0,0.901,81.203,16.24308968,38168.97656,1.244188,2021
Czechia,,Very High,32.0,0.891,77.728,16.3472805,39060.60461,10.5107505,2021
Denmark,,Very High,5.0,0.947,81.375,18.77403069,59993.31006,5.8542405,2021
Djibouti,AS,Low,171.0,0.512,62.305,8.028374362,4798.002265,1.1055575,2021
Dominica,LAC,High,97.0,0.737,72.814,13.55048385,11821.72973,0.0724125,2021
Dominican Republic,LAC,High,82.0,0.756,72.615,13.55698967,17784.08631,11.1178735,2021
Ecuador,LAC,High,83.0,0.746,73.67,14.86483955,10496.98153,17.797737,2021
Egypt,AS,High,105.0,0.726,70.221,12.91180992,11826.91033,109.2621775,2021
El Salvador,LAC,Medium,127.0,0.669,70.748,11.9099355,8718.945387,6.3141675,2021
Equatorial Guinea,SSA,Medium,133.0,0.647,60.594,12.13132742,10785.21824,1.6344655,2021
Eritrea,SSA,Low,175.0,0.49,66.536,7.318835512,1854.318504,3.620312,2021
Estonia,,Very High,31.0,0.89,77.144,15.94297981,38027.42126,1.328701,2021
Eswatini (Kingdom of),SSA,Medium,142.0,0.612,57.066,14.92692756,8139.39063,1.192271,2021
Ethiopia,SSA,Low,176.0,0.489,64.975,9.938743514,2307.076754,120.283026,2021
Fiji,EAP,High,104.0,0.715,67.114,13.84869,9727.721631,0.9246095,2021
Finland,,Very High,12.0,0.941,82.038,19.22859001,49480.52826,5.535992,2021
France,,Very High,28.0,0.906,82.499,15.98756027,46321.88728,64.531444,2021
Gabon,SSA,Medium,123.0,0.687,65.821,12.43426472,9746.300931,2.341179,2021
Gambia,SSA,Low,174.0,0.49,62.083,8.977899686,2022.240716,2.6399155,2021
Georgia,ECA,Very High,60.0,0.809,71.694,16.58107948,14489.377,3.75798,2021
Germany,,Very High,7.0,0.948,80.63,17.34334946,55056.69662,83.4085545,2021
Ghana,SSA,Medium,145.0,0.6,63.795,11.58627987,5278.769982,32.8330315,2021
Greece,,Very High,33.0,0.887,80.111,20.02638054,29421.49957,10.445365,2021
Grenada,LAC,High,73.0,0.788,74.936,16.58226156,12933.4338,0.12461,2021
Guatemala,LAC,Medium,136.0,0.63,69.237,10.76720388,8716.445741,17.6084835,2021
Guinea,SSA,Low,181.0,0.467,58.892,10.20014763,2258.271562,13.531906,2021
Guinea-Bissau,SSA,Low,179.0,0.482,59.652,10.5316806,1855.808396,2.060721,2021
Guyana,LAC,High,95.0,0.721,65.673,13.02205765,22793.3016,0.804567,2021
Haiti,LAC,Medium,158.0,0.551,63.192,11.13756869,2883.605279,11.447569,2021
Honduras,LAC,Medium,138.0,0.62,70.123,9.961707633,5089.140793,10.2783455,2021
"Hong Kong, China (SAR)",,Very High,4.0,0.959,85.473,17.72920036,64150.85303,7.4945785,2021
Hungary,,Very High,47.0,0.846,74.53,15.07330036,32609.7718,9.709786,2021
Iceland,,Very High,3.0,0.957,82.678,19.10672951,52671.00677,0.370335,2021
India,SA,Medium,134.0,0.633,67.24,12.00971031,6542.449788,1407.563842,2021
Indonesia,EAP,High,112.0,0.707,67.57,13.97573724,11531.41412,273.753191,2021
Iran (Islamic Republic of),SA,High,78.0,0.776,73.875,14.11717033,14477.66149,87.9234325,2021
Iraq,AS,Medium,128.0,0.667,70.378,12.22275571,8684.231347,43.5335925,2021
Ireland,,Very High,7.0,0.946,81.998,19.12610054,78952.57114,4.986526,2021
Israel,,Very High,25.0,0.911,82.255,15.02984047,41754.25954,8.900059,2021
Italy,,Very High,30.0,0.899,82.85,16.65806007,42855.85237,59.2403295,2021
Jamaica,LAC,High,115.0,0.704,70.5,12.45977059,9328.313974,2.8276945,2021
Japan,,Very High,24.0,0.92,84.784,15.45631981,43008.1864,124.6125305,2021
Jordan,AS,High,99.0,0.736,74.256,12.62659427,9179.676654,11.1482775,2021
Kazakhstan,ECA,Very High,67.0,0.801,69.362,14.81626987,22601.71819,19.1964655,2021
Kenya,SSA,Medium,146.0,0.596,61.427,11.38448201,4665.799107,53.005614,2021
Kiribati,EAP,Medium,137.0,0.627,67.417,11.80302,3449.467912,0.128874,2021
Korea (Democratic People's Rep. of),EAP,,,,73.284,,,25.971909,2021
Korea (Republic of),,Very High,19.0,0.926,83.698,16.50964928,44709.5359,51.830139,2021
Kuwait,AS,Very High,49.0,0.836,78.673,15.6911416,52672.16933,4.250114,2021
Kyrgyzstan,ECA,High,117.0,0.696,69.977,12.99493027,4542.389407,6.5277435,2021
Lao People's Democratic Republic,EAP,Medium,139.0,0.615,68.061,10.18749046,7646.722985,7.4250575,2021
Latvia,,Very High,37.0,0.865,73.579,16.55606079,31442.7003,1.873919,2021
Lebanon,AS,High,109.0,0.725,75.047,12.05109224,12145.93186,5.592631,2021
Lesotho,SSA,Low,168.0,0.522,53.062,11.07051125,2721.557356,2.2814545,2021
Liberia,SSA,Low,177.0,0.484,60.747,10.46585369,1296.093176,5.1934155,2021
Libya,AS,High,92.0,0.746,71.911,13.977117,20227.77591,6.735277,2021
Liechtenstein,,Very High,12.0,0.936,83.257,15.46640015,144002.9876,0.0390395,2021
Lithuania,,Very High,37.0,0.875,73.72,16.39982986,37854.46788,2.7866505,2021
Luxembourg,,Very High,20.0,0.927,82.629,14.19705009,78650.58786,0.639321,2021
Madagascar,SSA,Low,177.0,0.484,64.485,9.213435879,1454.431899,28.9156525,2021
Malawi,SSA,Low,172.0,0.509,62.904,11.50487088,1456.158176,19.889742,2021
Malaysia,EAP,Very High,63.0,0.798,74.884,12.93247032,25619.19829,33.5738735,2021
Maldives,SA,High,87.0,0.753,79.918,12.17795095,16857.60546,0.5214575,2021
Mali,SSA,Low,188.0,0.408,58.941,7.037249603,2020.453152,21.904983,2021
Malta,,Very High,25.0,0.912,83.777,15.86133957,42197.34944,0.526748,2021
Marshall Islands,EAP,High,102.0,0.729,65.269,16.11822701,6676.669316,0.04205,2021
Mauritania,SSA,Low,164.0,0.538,64.364,8.051850319,5210.342944,4.614974,2021
Mauritius,SSA,High,72.0,0.79,73.555,14.61009979,21199.46345,1.2989145,2021
Mexico,LAC,High,77.0,0.757,70.213,14.50529957,18582.11081,126.705138,2021
Micronesia (Federated States of),EAP,Medium,135.0,0.634,70.71,12.615048,3766.358646,0.113131,2021
Moldova (Republic of),ECA,High,86.0,0.767,68.846,14.76988029,13872.06309,3.0615065,2021
Monaco,,,,,85.946,18.6915194,,0.036686,2021
Mongolia,EAP,High,96.0,0.73,70.975,14.51719515,9747.023192,3.3477825,2021
Montenegro,ECA,Very High,50.0,0.84,76.343,15.25119972,21142.48906,0.6278585,2021
Morocco,AS,Medium,120.0,0.688,74.042,14.03929996,7947.897949,37.0765845,2021
Mozambique,SSA,Low,183.0,0.459,59.325,10.72532345,1203.247321,32.077072,2021
Myanmar,EAP,Medium,144.0,0.599,65.672,12.06090998,3923.009853,53.7980845,2021
Namibia,SSA,Medium,142.0,0.616,59.269,11.75997928,8991.686884,2.5301505,2021
Nauru,EAP,Medium,122.0,0.693,63.617,12.56089218,14776.9579,0.0125115,2021
Nepal,SA,Medium,146.0,0.591,68.45,12.64451981,3874.43281,30.0349895,2021
Netherlands,,Very High,10.0,0.941,81.687,18.58348083,55354.90417,17.5016955,2021
New Zealand,,Very High,16.0,0.936,82.451,19.68234062,42849.73157,5.1297275,2021
Nicaragua,LAC,Medium,130.0,0.665,73.837,12.58347787,5342.753986,6.85054,2021
Niger,SSA,Low,189.0,0.389,61.576,7.186131428,1208.85424,25.252722,2021
Nigeria,SSA,Low,161.0,0.542,52.676,10.51407,4716.009665,213.4013225,2021
North Macedonia,ECA,High,83.0,0.764,73.841,13.00483036,15961.20117,2.10333,2021
Norway,,Very High,2.0,0.964,83.234,18.63846016,67596.61386,5.403021,2021
Oman,AS,Very High,59.0,0.81,72.541,12.96403027,31995.18658,4.520471,2021
Pakistan,SA,Low,164.0,0.537,66.098,7.89510849,5164.940484,231.4021165,2021
Palau,EAP,High,71.0,0.802,66.02,17.21987569,19739.0929,0.018024,2021
"Palestine, State of",AS,High,111.0,0.715,73.473,13.17508984,6778.574396,5.133392,2021
Panama,LAC,Very High,57.0,0.813,76.223,13.21381473,29285.65116,4.351267,2021
Papua New Guinea,EAP,Medium,154.0,0.564,65.351,11.12736798,3616.030578,9.949437,2021
Paraguay,LAC,High,102.0,0.73,70.262,13.91056957,13201.59678,6.703799,2021
Peru,LAC,High,87.0,0.755,72.377,14.80487907,11509.57787,33.7154715,2021
Philippines,EAP,High,113.0,0.692,69.266,12.78335953,8369.319556,113.880328,2021
Poland,,Very High,36.0,0.876,76.457,15.93451977,33263.71192,38.3077255,2021
Portugal,,Very High,42.0,0.865,81.044,16.82140923,33274.56076,10.290103,2021
Qatar,AS,Very High,40.0,0.864,79.272,13.26426983,91760.27693,2.688235,2021
Romania,,Very High,53.0,0.825,74.185,14.50753021,30312.02191,19.32856,2021
Russian Federation,,Very High,56.0,0.818,69.419,15.66174936,27480.33008,145.102755,2021
Rwanda,SSA,Low,161.0,0.539,66.072,11.20700677,2192.841147,13.4618875,2021
Saint Kitts and Nevis,LAC,Very High,51.0,0.832,71.682,18.40703011,26121.23865,0.0476065,2021
Saint Lucia,LAC,High,108.0,0.717,71.111,12.69952011,12820.87708,0.1796515,2021
Saint Vincent and the Grenadines,LAC,High,81.0,0.773,69.629,16.2530213,13336.86524,0.104332,2021
Samoa,EAP,High,116.0,0.708,72.767,12.4364,5437.882716,0.218764,2021
San Marino,,Very High,43.0,0.853,80.879,12.43323994,55088.31156,0.0337455,2021
Sao Tome and Principe,SSA,Medium,141.0,0.609,67.591,12.6637182,4093.797072,0.2231075,2021
Saudi Arabia,AS,Very High,40.0,0.867,76.936,15.17204484,47441.15392,35.950396,2021
Senegal,SSA,Low,169.0,0.512,67.093,9.067919731,3421.108367,16.87672,2021
Serbia,ECA,Very High,65.0,0.804,74.192,14.48408985,19042.57961,7.2967685,2021
Seychelles,SSA,Very High,67.0,0.795,71.294,13.84582043,25875.66819,0.1064705,2021
Sierra Leone,SSA,Low,184.0,0.456,60.062,9.016348244,1592.366646,8.420641,2021
Singapore,EAP,Very High,9.0,0.942,82.754,16.90273094,88518.78332,5.9410605,2021
Slovakia,,Very High,45.0,0.852,74.91,14.72154999,31553.20391,5.447622,2021
Slovenia,,Very High,22.0,0.916,80.69,17.40657997,39478.01384,2.1194095,2021
Solomon Islands,EAP,Medium,156.0,0.564,70.348,10.30071445,2424.547216,0.707851,2021
Somalia,AS,Low,193.0,,55.28,,1054.994848,17.065581,2021
South Africa,SSA,High,110.0,0.721,62.341,14.26364994,13047.6365,59.392255,2021
South Sudan,SSA,Low,192.0,0.381,54.975,5.634770141,707.324608,10.7482725,2021
Spain,,Very High,27.0,0.904,83.01,17.80905914,38132.73855,47.486935,2021
Sri Lanka,SA,High,78.0,0.783,76.399,13.64182201,12958.82226,21.7734405,2021
Sudan,AS,Low,170.0,0.516,65.267,8.501687381,3554.029785,45.6572015,2021
Suriname,LAC,Medium,124.0,0.689,70.274,10.95909977,12181.55782,0.6129845,2021
Sweden,,Very High,5.0,0.949,82.983,19.03676987,55907.86789,10.467097,2021
Switzerland,,Very High,1.0,0.965,83.987,16.5837307,68550.38092,8.6914065,2021
Syrian Arab Republic,AS,Medium,157.0,0.558,72.063,7.418754527,3711.22231,21.324367,2021
Tajikistan,ECA,Medium,126.0,0.677,71.594,10.86102637,4543.671622,9.750064,2021
Tanzania (United Republic of),SSA,Low,167.0,0.529,66.201,8.585740089,2538.313232,63.588334,2021
Thailand,EAP,Very High,66.0,0.797,78.715,15.58131027,16481.48412,71.601103,2021
Timor-Leste,EAP,Medium,155.0,0.574,67.737,13.24177562,2004.954106,1.320942,2021
Togo,SSA,Low,163.0,0.545,61.619,12.96236085,2141.919708,8.644829,2021
Tonga,EAP,High,98.0,0.738,70.986,16.28749084,6471.289699,0.106017,2021
Trinidad and Tobago,LAC,Very High,60.0,0.804,72.971,14.1010764,22006.33443,1.525663,2021
Tunisia,AS,High,101.0,0.729,73.772,14.61953746,10122.96434,12.262946,2021
Türkiye,ECA,Very High,45.0,0.841,76.032,19.68494987,31310.01246,84.7754035,2021
Turkmenistan,ECA,High,94.0,0.74,69.264,12.91950035,12836.3618,6.341855,2021
Tuvalu,EAP,Medium,132.0,0.653,64.547,12.23039007,4767.988644,0.0112035,2021
Uganda,SSA,Medium,159.0,0.545,62.705,11.49553237,2207.360004,45.853778,2021
Ukraine,ECA,High,100.0,0.755,71.624,13.32800961,12566.9043,43.531422,2021
United Arab Emirates,AS,Very High,17.0,0.931,78.71,17.20813942,69550.4956,9.3651445,2021
United Kingdom,,Very High,15.0,0.931,80.742,17.6342907,44750.2363,67.2810395,2021
United States,,Very High,20.0,0.921,77.198,16.41274071,64483.56707,336.997624,2021
Uruguay,LAC,Very High,52.0,0.814,75.436,17.35183907,20850.71255,3.4262595,2021
Uzbekistan,ECA,High,106.0,0.721,70.862,11.99291039,7783.785717,34.081449,2021
Vanuatu,EAP,Medium,140.0,0.614,70.449,11.81160992,3236.883003,0.3191365,2021
Venezuela (Bolivarian Republic of),LAC,Medium,119.0,0.69,70.554,13.50206427,5587.197,28.1998665,2021
Viet Nam,EAP,High,107.0,0.718,73.618,13.05294705,10084.94372,97.4680285,2021
Yemen,AS,Low,186.0,0.425,63.753,7.935313345,1112.162989,32.9816415,2021
Zambia,SSA,Medium,153.0,0.565,61.223,11.01797045,3098.623658,19.473125,2021
Zimbabwe,SSA,Medium,159.0,0.549,59.253,11.02558696,2051.668129,15.993524,2021
Very high human development,,,,0.896,78.52430032,16.63421033,43910.21207,1639.401628,2021
High human development,,,,0.76,74.47800248,14.49067685,15034.60456,2882.878119,2021
Medium human development,,,,0.63,67.33589099,11.95264387,6121.131581,2147.211862,2021
Low human development,,,,0.515,61.10002916,9.285398219,3124.737036,1179.377516,2021
Arab States,,,,0.704,70.89515481,12.06670474,13849.96128,451.294821,2021
East Asia and the Pacific,,,,0.761,75.57978213,14.48345697,15612.47117,2143.560831,2021
Europe and Central Asia,,,,0.797,72.85639802,15.47898979,19214.92959,249.859632,2021
Latin America and the Caribbean,,,,0.754,72.09989623,14.78760113,14646.85719,651.1009455,2021
South Asia,,,,0.631,67.85567773,11.49056797,6638.663046,1989.452478,2021
Sub-Saharan Africa,,,,0.546,60.11244473,10.3338329,3611.6153,1118.480023,2021
World,,,,0.735,71.36552368,12.9118404,16837.8418,7874.877719,2021
Afghanistan,SA,Low,182.0,0.462,62.879,10.70538475,1335.205733,41.128771,2022
Albania,ECA,High,74.0,0.789,76.833,14.48746967,15293.32651,2.842321,2022
Algeria,AS,High,93.0,0.745,77.129,15.48787975,10978.40571,44.903225,2022
Andorra,,Very High,35.0,0.884,83.552,12.7837801,54233.44948,0.079824,2022
Angola,SSA,Medium,150.0,0.591,61.929,12.1676,5327.788251,35.588987,2022
Antigua and Barbuda,LAC,Very High,54.0,0.826,79.236,15.51232774,18783.96536,0.093763,2022
Argentina,LAC,Very High,48.0,0.849,76.064,18.97950935,22047.97131,45.510318,2022
Armenia,ECA,High,76.0,0.786,73.372,14.40561008,15388.29976,2.780469,2022
Australia,,Very High,10.0,0.946,83.579,21.0800209,49257.1352,26.1774135,2022
Austria,,Very High,22.0,0.926,82.412,16.36746025,56529.66329,8.939617,2022
Azerbaijan,ECA,High,89.0,0.76,73.488,12.71063042,15018.05443,10.358074,2022
Bahamas,LAC,Very High,57.0,0.82,74.358,11.89137971,32534.88784,0.409984,2022
Bahrain,AS,Very High,34.0,0.888,79.246,16.29968071,48731.44564,1.472233,2022
Bangladesh,SA,Medium,129.0,0.67,73.698,11.94633007,6511.122178,171.1863725,2022
Barbados,LAC,Very High,62.0,0.809,77.706,16.53069367,14810.23783,0.281635,2022
Belarus,ECA,Very High,69.0,0.801,73.246,13.98153019,18425.01061,9.5349545,2022
Belgium,,Very High,12.0,0.942,82.293,18.94573975,53644.03854,11.65593,2022
Belize,LAC,High,118.0,0.7,70.962,12.42656994,9242.082259,0.4052725,2022
Benin,SSA,Low,173.0,0.504,59.954,10.30257988,3406.072937,13.352864,2022
Bhutan,SA,Medium,125.0,0.681,72.229,13.06449041,10624.87388,0.782455,2022
Bolivia (Plurinational State of),LAC,Medium,120.0,0.698,64.928,15.02243817,7987.842247,12.22411,2022
Bosnia and Herzegovina,ECA,High,80.0,0.779,75.293,13.27705956,16571.41275,3.2335265,2022
Botswana,SSA,High,114.0,0.708,65.913,11.42568016,14841.57836,2.630296,2022
Brazil,LAC,High,89.0,0.76,73.425,15.5788002,14615.89235,215.313498,2022
Brunei Darussalam,EAP,Very High,55.0,0.823,74.551,13.69861984,59245.63485,0.4490015,2022
Bulgaria,,High,70.0,0.799,71.528,13.86802959,25920.80375,6.781953,2022
Burkina Faso,SSA,Low,185.0,0.438,59.766,8.091560364,2036.997179,22.673762,2022
Burundi,SSA,Low,187.0,0.42,61.977,9.966378953,712.0260007,12.8895765,2022
Cabo Verde,SSA,Medium,131.0,0.661,74.722,11.53066323,7601.085433,0.5931495,2022
Cambodia,EAP,Medium,148.0,0.6,69.896,11.56094805,4291.113168,16.7678425,2022
Cameroon,SSA,Medium,151.0,0.587,60.958,13.38097793,3681.469988,27.9145365,2022
Canada,,Very High,18.0,0.935,82.847,15.96065044,48444.39319,38.454327,2022
Central African Republic,SSA,Low,191.0,0.387,54.477,7.285887393,869.11237,5.5791435,2022
Chad,SSA,Low,189.0,0.394,52.997,8.185526568,1388.897502,17.7233145,2022
Chile,LAC,Very High,44.0,0.86,79.519,16.76792908,24430.99593,19.603733,2022
China,EAP,High,75.0,0.788,78.587,15.21793605,18024.88747,1425.887337,2022
Colombia,LAC,High,91.0,0.758,73.659,14.43749046,15013.92724,51.874024,2022
Comoros,SSA,Medium,152.0,0.586,63.68,13.03771042,3260.555466,0.8367735,2022
Congo,SSA,Medium,149.0,0.593,63.053,12.41647044,2902.808037,5.970424,2022
Congo (Democratic Republic of the),SSA,Low,180.0,0.481,59.743,9.579486913,1080.138308,99.010212,2022
Costa Rica,LAC,Very High,64.0,0.806,77.32,16.09200378,20248.38031,5.180829,2022
Côte d'Ivoire,SSA,Low,166.0,0.534,58.916,10.10165024,5376.396062,28.1605425,2022
Croatia,,Very High,39.0,0.878,79.236,15.57269955,34323.80663,4.0303575,2022
Cuba,LAC,High,85.0,0.764,78.155,14.46930027,7953.448426,11.212191,2022
Cyprus,,Very High,29.0,0.907,81.889,16.24308968,40136.89453,1.2514885,2022
Czechia,,Very High,32.0,0.895,78.129,16.3472805,39944.66682,10.493986,2022
Denmark,,Very High,5.0,0.952,81.882,18.77403069,62018.95694,5.8822615,2022
Djibouti,AS,Low,171.0,0.515,62.859,8.028374362,4874.51828,1.1208485,2022
Dominica,LAC,High,97.0,0.74,72.981,13.55048385,12467.85548,0.0727375,2022
Dominican Republic,LAC,High,82.0,0.766,74.17,13.55698967,18653.26836,11.228821,2022
Ecuador,LAC,High,83.0,0.765,77.894,14.86483955,10693.23484,18.001,2022
Egypt,AS,High,105.0,0.728,70.159,12.91180992,12360.8163,110.990103,2022
El Salvador,LAC,Medium,127.0,0.674,71.475,11.9099355,8886.173528,6.336392,2022
Equatorial Guinea,SSA,Medium,133.0,0.65,61.19,12.13132742,10662.65921,1.674908,2022
Eritrea,SSA,Low,175.0,0.493,66.604,7.318835512,1957.046464,3.6840315,2022
Estonia,,Very High,31.0,0.899,79.155,15.94297981,37151.63384,1.326062,2022
Eswatini (Kingdom of),SSA,Medium,142.0,0.61,56.36,14.92692756,8391.855111,1.2016705,2022
Ethiopia,SSA,Low,176.0,0.492,65.645,9.938743514,2368.758391,123.3799245,2022
Fiji,EAP,High,104.0,0.729,68.312,13.84869,11233.65882,0.929766,2022
Finland,,Very High,12.0,0.942,82.351,19.22859001,49522.09853,5.5407455,2022
France,,Very High,28.0,0.91,83.229,15.98756027,47378.74304,64.626628,2022
Gabon,SSA,Medium,123.0,0.693,65.694,12.43426472,11194.21884,2.3889925,2022
Gambia,SSA,Low,174.0,0.495,62.906,8.977899686,2089.626826,2.705992,2022
Georgia,ECA,Very High,60.0,0.814,71.587,16.72682953,15952.02452,3.7443855,2022
Germany,,Very High,7.0,0.95,80.989,17.34334946,55340.19722,83.369843,2022
Ghana,SSA,Medium,145.0,0.602,63.945,11.58627987,5380.271535,33.4758705,2022
Greece,,Very High,33.0,0.893,80.614,20.02638054,31381.667,10.384971,2022
Grenada,LAC,High,73.0,0.793,75.335,16.58226156,13593.24958,0.1254375,2022
Guatemala,LAC,Medium,136.0,0.629,68.674,10.76720388,8996.415822,17.843908,2022
Guinea,SSA,Low,181.0,0.471,58.985,10.20014763,2404.165832,13.8593405,2022
Guinea-Bissau,SSA,Low,179.0,0.483,59.861,10.5316806,1879.853611,2.1055655,2022
Guyana,LAC,High,95.0,0.742,65.989,13.02205765,35782.90961,0.8087255,2022
Haiti,LAC,Medium,158.0,0.552,63.728,11.13756869,2801.712516,11.5849955,2022
Honduras,LAC,Medium,138.0,0.624,70.728,9.961707633,5271.604988,10.4328595,2022
"Hong Kong, China (SAR)",,Very High,4.0,0.956,84.315,17.8495903,62485.50516,7.488865,2022
Hungary,,Very High,47.0,0.851,74.958,15.07330036,34195.54059,9.9673075,2022
Iceland,,Very High,3.0,0.959,82.815,19.10672951,54688.37921,0.3728985,2022
India,SA,Medium,134.0,0.644,67.744,12.58370972,6950.526798,1417.173173,2022
Indonesia,EAP,High,112.0,0.713,68.25,13.97573724,12045.56544,275.501339,2022
Iran (Islamic Republic of),SA,High,78.0,0.78,74.556,14.11717033,14770.32307,88.55057,2022
Iraq,AS,Medium,128.0,0.673,71.336,12.22275571,9091.865377,44.4961215,2022
Ireland,,Very High,7.0,0.95,82.716,19.12610054,87467.51391,5.0231085,2022
Israel,,Very High,25.0,0.915,82.601,15.02984047,43588.25725,9.038309,2022
Italy,,Very High,30.0,0.906,84.057,16.65806007,44284.15735,59.037474,2022
Jamaica,LAC,High,115.0,0.706,70.629,12.45977059,9694.522766,2.827377,2022
Japan,,Very High,24.0,0.92,84.82,15.45631981,43643.86417,123.951692,2022
Jordan,AS,High,99.0,0.736,74.215,12.62659427,9294.801499,11.2858685,2022
Kazakhstan,ECA,Very High,67.0,0.802,69.489,14.81626987,22586.79889,19.397998,2022
Kenya,SSA,Medium,146.0,0.601,62.055,11.38448201,4807.716317,54.027487,2022
Kiribati,EAP,Medium,137.0,0.628,67.661,11.80302,3440.416745,0.1312315,2022
Korea (Democratic People's Rep. of),EAP,,,,73.578,,,26.0694165,2022
Korea (Republic of),,Very High,19.0,0.929,84.024,16.50964928,46026.4542,51.8158095,2022
Kuwait,AS,Very High,49.0,0.847,80.264,15.6911416,56729.18152,4.268873,2022
Kyrgyzstan,ECA,High,117.0,0.701,70.484,12.99493027,4781.692046,6.630623,2022
Lao People's Democratic Republic,EAP,Medium,139.0,0.62,68.999,10.18749046,7744.837346,7.529475,2022
Latvia,,Very High,37.0,0.879,75.927,16.55606079,32082.98104,1.850651,2022
Lebanon,AS,High,109.0,0.723,74.416,12.05109224,12313.42257,5.4897395,2022
Lesotho,SSA,Low,168.0,0.521,53.036,11.07051125,2708.731464,2.3058255,2022
Liberia,SSA,Low,177.0,0.487,61.1,10.46585369,1330.419917,5.302681,2022
Libya,AS,High,92.0,0.746,72.151,13.977117,19751.56758,6.812341,2022
Liechtenstein,,Very High,12.0,0.942,84.656,15.46640015,146673.2415,0.039327,2022
Lithuania,,Very High,37.0,0.879,74.293,16.39982986,38131.23588,2.750055,2022
Luxembourg,,Very High,20.0,0.927,82.591,14.19705009,78554.2364,0.647599,2022
Madagascar,SSA,Low,177.0,0.487,65.23,9.213435879,1463.547925,29.611714,2022
Malawi,SSA,Low,172.0,0.508,62.898,11.50487088,1432.472806,20.4053165,2022
Malaysia,EAP,Very High,63.0,0.807,76.26,12.93247032,27295.41224,33.9382215,2022
Maldives,SA,High,87.0,0.762,80.839,12.17795095,18846.79219,0.523787,2022
Mali,SSA,Low,188.0,0.41,59.417,7.037249603,2043.672433,22.5935905,2022
Malta,,Very High,25.0,0.915,83.704,15.86133957,44464.03057,0.533286,2022
Marshall Islands,EAP,High,102.0,0.731,65.146,16.38606071,6855.234566,0.041569,2022
Mauritania,SSA,Low,164.0,0.54,64.691,8.051850319,5343.564069,4.736139,2022
Mauritius,SSA,High,72.0,0.796,73.975,14.61009979,23251.62071,1.299469,2022
Mexico,LAC,High,77.0,0.781,74.832,14.50529957,19138.00726,127.5041255,2022
Micronesia (Federated States of),EAP,Medium,135.0,0.634,70.925,12.615048,3709.154916,0.114164,2022
Moldova (Republic of),ECA,High,86.0,0.763,68.621,14.90598011,12963.61829,3.272996,2022
Monaco,,,,,86.895,18.6915194,,0.036469,2022
Mongolia,EAP,High,96.0,0.741,72.667,14.51719515,10350.86141,3.398366,2022
Montenegro,ECA,Very High,50.0,0.844,76.845,15.08475971,22513.26314,0.6270825,2022
Morocco,AS,Medium,120.0,0.698,74.973,14.59442043,7954.522461,37.4579705,2022
Mozambique,SSA,Low,183.0,0.461,59.625,10.72532345,1219.241361,32.9695185,2022
Myanmar,EAP,Medium,144.0,0.608,67.256,12.06090998,4037.705141,54.179306,2022
Namibia,SSA,Medium,142.0,0.61,58.059,11.75997928,9200.026599,2.5670125,2022
Nauru,EAP,Medium,122.0,0.696,64.014,12.56089218,14938.55659,0.012668,2022
Nepal,SA,Medium,146.0,0.601,70.484,12.64451981,4025.554685,30.54758,2022
Netherlands,,Very High,10.0,0.946,82.451,18.58348083,57278.31015,17.564014,2022
New Zealand,,Very High,16.0,0.939,83.006,19.68234062,43665.49848,5.1852885,2022
Nicaragua,LAC,Medium,130.0,0.669,74.615,12.58347787,5426.50618,6.948392,2022
Niger,SSA,Low,189.0,0.394,62.08,7.186131428,1283.309235,26.2079765,2022
Nigeria,SSA,Low,161.0,0.548,53.633,10.51407,4754.836408,218.5412115,2022
North Macedonia,ECA,High,83.0,0.765,73.888,13.00483036,16395.75173,2.0935985,2022
Norway,,Very High,2.0,0.966,83.393,18.63846016,69189.76165,5.434319,2022
Oman,AS,Very High,59.0,0.819,73.935,12.96403027,32967.43827,4.576298,2022
Pakistan,SA,Low,164.0,0.54,66.431,7.89510849,5374.270423,235.8248625,2022
Palau,EAP,High,71.0,0.797,65.362,17.21987569,19343.81199,0.0180545,2022
"Palestine, State of",AS,High,111.0,0.716,73.444,13.15474033,6936.258684,5.250072,2022
Panama,LAC,Very High,57.0,0.82,76.826,13.21381473,32029.36025,4.4085805,2022
Papua New Guinea,EAP,Medium,154.0,0.568,65.958,11.12736798,3710.326885,10.1426185,2022
Paraguay,LAC,High,102.0,0.731,70.475,13.91056957,13161.07522,6.780744,2022
Peru,LAC,High,87.0,0.762,73.385,14.80487907,11916.35952,34.0495885,2022
Philippines,EAP,High,113.0,0.71,72.187,12.78335953,9058.840558,115.559009,2022
Poland,,Very High,36.0,0.881,76.996,15.93451977,35150.9519,39.8571455,2022
Portugal,,Very High,42.0,0.874,82.24,16.82140923,35314.99828,10.270865,2022
Qatar,AS,Very High,40.0,0.875,81.559,13.26426983,95944.37754,2.695122,2022
Romania,,Very High,53.0,0.827,74.117,14.50753021,31641.38368,19.6592665,2022
Russian Federation,,Very High,56.0,0.821,70.116,15.66174936,26991.84961,144.713314,2022
Rwanda,SSA,Low,161.0,0.548,67.129,11.38352013,2316.809277,13.7766975,2022
Saint Kitts and Nevis,LAC,Very High,51.0,0.838,72.027,18.40703011,28441.68074,0.0476575,2022
Saint Lucia,LAC,High,108.0,0.725,71.294,12.71032047,14778.3463,0.1798575,2022
Saint Vincent and the Grenadines,LAC,High,81.0,0.772,68.972,16.2530213,14049.14799,0.1039475,2022
Samoa,EAP,High,116.0,0.702,72.598,12.4364,4970.232074,0.222382,2022
San Marino,,Very High,43.0,0.867,83.433,12.40295982,57686.54334,0.0336605,2022
Sao Tome and Principe,SSA,Medium,141.0,0.613,68.794,12.6637182,4054.106945,0.2273795,2022
Saudi Arabia,AS,Very High,40.0,0.875,77.905,15.17204484,50620.43706,36.40882,2022
Senegal,SSA,Low,169.0,0.517,67.913,9.144550323,3463.806076,17.316449,2022
Serbia,ECA,Very High,65.0,0.805,74.137,14.50444031,19494.00891,7.2213655,2022
Seychelles,SSA,Very High,67.0,0.802,71.738,13.89179039,28385.74806,0.1071185,2022
Sierra Leone,SSA,Low,184.0,0.458,60.411,9.016348244,1612.666542,8.605718,2022
Singapore,EAP,Very High,9.0,0.949,84.133,16.90273094,88761.14559,5.9756885,2022
Slovakia,,Very High,45.0,0.855,75.33,14.72154999,32171.24606,5.643453,2022
Slovenia,,Very High,22.0,0.926,82.133,17.40657997,41586.89849,2.119844,2022
Solomon Islands,EAP,Medium,156.0,0.562,70.742,10.30071445,2273.311097,0.7242725,2022
Somalia,AS,Low,193.0,0.38,56.107,7.647232333,1072.201461,17.597511,2022
South Africa,SSA,High,110.0,0.717,61.48,14.26364994,13185.56419,59.8938855,2022
South Sudan,SSA,Low,192.0,0.381,55.567,5.634770141,690.6607575,10.9131635,2022
Spain,,Very High,27.0,0.911,83.912,17.80905914,40043.33773,47.5586295,2022
Sri Lanka,SA,High,78.0,0.78,76.61,13.64182201,11899.49847,21.832143,2022
Sudan,AS,Low,170.0,0.516,65.578,8.501687381,3514.765869,46.874204,2022
Suriname,LAC,Medium,124.0,0.69,70.289,10.95909977,12309.99659,0.6180405,2022
Sweden,,Very High,5.0,0.952,83.505,19.03676987,56995.84796,10.549347,2022
Switzerland,,Very High,1.0,0.967,84.255,16.5837307,69432.78669,8.740472,2022
Syrian Arab Republic,AS,Medium,157.0,0.557,72.3,7.418754527,3594.10679,22.1252485,2022
Tajikistan,ECA,Medium,126.0,0.679,71.288,10.86102637,4807.213923,9.952787,2022
Tanzania (United Republic of),SSA,Low,167.0,0.532,66.782,8.585740089,2578.156006,65.497748,2022
Thailand,EAP,Very High,66.0,0.803,79.68,15.58131027,16886.51113,71.6970295,2022
Timor-Leste,EAP,Medium,155.0,0.566,69.056,13.24177562,1629.160441,1.341296,2022
Togo,SSA,Low,163.0,0.547,61.588,12.96236085,2214.233649,8.8486985,2022
Tonga,EAP,High,98.0,0.739,71.27,16.28749084,6360.178905,0.1068575,2022
Trinidad and Tobago,LAC,Very High,60.0,0.814,74.708,14.1010764,22473.03876,1.5310445,2022
Tunisia,AS,High,101.0,0.732,74.263,14.61953746,10296.6496,12.356117,2022
Türkiye,ECA,Very High,45.0,0.855,78.475,19.68494987,32833.53512,85.341241,2022
Turkmenistan,ECA,High,94.0,0.744,69.41,13.24057961,12859.87406,6.4307705,2022
Tuvalu,EAP,Medium,132.0,0.653,64.854,12.10158014,4754.453732,0.0113115,2022
Uganda,SSA,Medium,159.0,0.55,63.638,11.49553237,2240.585404,47.249585,2022
Ukraine,ECA,High,100.0,0.734,68.564,13.32800961,11416.2168,39.701739,2022
United Arab Emirates,AS,Very High,17.0,0.937,79.196,17.20813942,74103.71494,9.4411285,2022
United Kingdom,,Very High,15.0,0.94,82.156,17.6342907,46623.90269,67.5089355,2022
United States,,Very High,20.0,0.927,78.203,16.41274071,65564.93798,338.289857,2022
Uruguay,LAC,Very High,52.0,0.83,78.0,17.35183907,22206.99029,3.4227935,2022
Uzbekistan,ECA,High,106.0,0.727,71.674,11.99291039,8055.910265,34.6276525,2022
Vanuatu,EAP,Medium,140.0,0.614,70.492,11.81160992,3243.980494,0.3267405,2022
Venezuela (Bolivarian Republic of),LAC,Medium,119.0,0.699,71.105,13.50206427,6184.136,28.3016955,2022
Viet Nam,EAP,High,107.0,0.726,74.58,13.05294705,10813.98273,98.186856,2022
Yemen,AS,Low,186.0,0.424,63.72,7.935313345,1105.763435,33.696614,2022
Zambia,SSA,Medium,153.0,0.569,61.803,11.01797045,3157.35862,20.017675,2022
Zimbabwe,SSA,Medium,159.0,0.55,59.391,11.02558696,2078.918063,16.320537,2022
Very high human development,,,,0.902,79.30936718,16.62957943,44957.6155,1645.245147,2022
High human development,,,,0.764,75.20367977,14.49302071,15483.82237,2890.910223,2022
Medium human development,,,,0.64,67.95257009,12.31547579,6444.262021,2169.348015,2022
Low human development,,,,0.517,61.6473648,9.252116393,3185.925418,1208.999528,2022
Arab States,,,,0.704,71.30941731,11.89554064,14390.85059,459.3184585,2022
East Asia and the Pacific,,,,0.766,76.21549145,14.48271468,16137.69892,2149.26182,2022
Europe and Central Asia,,,,0.802,73.56457485,15.50542354,19762.98177,247.791584,2022
Latin America and the Caribbean,,,,0.763,73.71508542,14.7838412,15109.40615,655.268078,2022
South Asia,,,,0.641,68.44154341,11.87464212,6971.625949,2007.549714,2022
Sub-Saharan Africa,,,,0.549,60.63969999,10.31800779,3666.202926,1146.742474,2022
World,,,,0.739,72.00406985,12.98976611,17254.43404,7940.608797,2022
