showSelected1	ymin	ymax	xmin	xmax
1	0	0	0.55	1.45
1	0	0	1.55	2.45
1	0	0	2.55	3.45
1	0	0	3.55	4.45
1	0	0	4.55	5.45
1	0	0	5.55	6.45
1	0	0	6.55	7.45
1	0	0	7.55	8.45
1	0	0	8.55	9.45
1	0	0	9.55	10.45
1	0	0	10.55	11.45
1	0	0	11.55	12.45
1	0	0	12.55	13.45
1	0	0	13.55	14.45
1	0	0	14.55	15.45
2	0	0	0.55	1.45
2	0	0	1.55	2.45
2	0	0	2.55	3.45
2	0	0	3.55	4.45
2	0	0	4.55	5.45
2	0	0	5.55	6.45
2	0	0	6.55	7.45
2	0	0	7.55	8.45
2	0	0	8.55	9.45
2	0	0	9.55	10.45
2	0	0	10.55	11.45
2	0	0	11.55	12.45
2	0	0	12.55	13.45
2	0	0	13.55	14.45
2	0	0	14.55	15.45
3	0	0	0.55	1.45
3	0	0	1.55	2.45
3	0	0	2.55	3.45
3	0	0	3.55	4.45
3	0	0	4.55	5.45
3	0	0	5.55	6.45
3	0	0	6.55	7.45
3	0	0	7.55	8.45
3	0	0	8.55	9.45
3	0	0	9.55	10.45
3	0	0	10.55	11.45
3	0	0	11.55	12.45
3	0	0	12.55	13.45
3	0	0	13.55	14.45
3	0	0	14.55	15.45
4	0	0	0.55	1.45
4	0	0	1.55	2.45
4	0	0	2.55	3.45
4	0	0	3.55	4.45
4	0	0	4.55	5.45
4	0	0	5.55	6.45
4	0	0	6.55	7.45
4	0	0	7.55	8.45
4	0	0	8.55	9.45
4	0	0	9.55	10.45
4	0	0	10.55	11.45
4	0	0	11.55	12.45
4	0	0	12.55	13.45
4	0	0	13.55	14.45
4	0	0	14.55	15.45
5	0	0	0.55	1.45
5	0	0	1.55	2.45
5	0	0	2.55	3.45
5	0	0	3.55	4.45
5	0	0	4.55	5.45
5	0	0	5.55	6.45
5	0	0	6.55	7.45
5	0	0	7.55	8.45
5	0	0	8.55	9.45
5	0	0	9.55	10.45
5	0	0	10.55	11.45
5	0	0	11.55	12.45
5	0	0	12.55	13.45
5	0	0	13.55	14.45
5	0	0	14.55	15.45
6	0	0	0.55	1.45
6	0	0	1.55	2.45
6	0	0	2.55	3.45
6	0	0	3.55	4.45
6	0	0	4.55	5.45
6	0	0	5.55	6.45
6	0	0	6.55	7.45
6	0	0	7.55	8.45
6	0	0	8.55	9.45
6	0	0	9.55	10.45
6	0	0	10.55	11.45
6	0	0	11.55	12.45
6	0	0	12.55	13.45
6	0	0	13.55	14.45
6	0	0	14.55	15.45
7	0	0	0.55	1.45
7	0	0	1.55	2.45
7	0	0	2.55	3.45
7	0	0	3.55	4.45
7	0	0	4.55	5.45
7	0	0	5.55	6.45
7	0	0	6.55	7.45
7	0	0	7.55	8.45
7	0	0	8.55	9.45
7	0	0	9.55	10.45
7	0	0	10.55	11.45
7	0	0	11.55	12.45
7	0	0	12.55	13.45
7	0	0	13.55	14.45
7	0	0	14.55	15.45
8	0	0	0.55	1.45
8	0	0	1.55	2.45
8	0	0	2.55	3.45
8	0	0	3.55	4.45
8	0	0	4.55	5.45
8	0	0	5.55	6.45
8	0	0	6.55	7.45
8	0	0	7.55	8.45
8	0	0	8.55	9.45
8	0	0	9.55	10.45
8	0	0	10.55	11.45
8	0	0	11.55	12.45
8	0	0	12.55	13.45
8	0	0	13.55	14.45
8	0	0	14.55	15.45
9	0	0	0.55	1.45
9	0	0	1.55	2.45
9	0	0	2.55	3.45
9	0	0	3.55	4.45
9	0	0	4.55	5.45
9	0	0	5.55	6.45
9	0	0	6.55	7.45
9	0	0	7.55	8.45
9	0	0	8.55	9.45
9	0	0	9.55	10.45
9	0	0	10.55	11.45
9	0	0	11.55	12.45
9	0	0	12.55	13.45
9	0	0	13.55	14.45
9	0	0	14.55	15.45
10	0	0	0.55	1.45
10	0	0	1.55	2.45
10	0	0	2.55	3.45
10	0	0	3.55	4.45
10	0	0	4.55	5.45
10	0	0	5.55	6.45
10	0	0	6.55	7.45
10	0	0	7.55	8.45
10	0	0	8.55	9.45
10	0	0	9.55	10.45
10	0	0	10.55	11.45
10	0	0	11.55	12.45
10	0	0	12.55	13.45
10	0	0	13.55	14.45
10	0	0	14.55	15.45
11	0	0	0.55	1.45
11	0	0	1.55	2.45
11	0	0	2.55	3.45
11	0	0	3.55	4.45
11	0	0	4.55	5.45
11	0	0	5.55	6.45
11	0	0	6.55	7.45
11	0	0	7.55	8.45
11	0	0	8.55	9.45
11	0	0	9.55	10.45
11	0	0	10.55	11.45
11	0	0	11.55	12.45
11	0	0	12.55	13.45
11	0	0	13.55	14.45
11	0	0	14.55	15.45
12	0	0	0.55	1.45
12	0	0	1.55	2.45
12	0	0	2.55	3.45
12	0	0	3.55	4.45
12	0	0	4.55	5.45
12	0	0	5.55	6.45
12	0	0	6.55	7.45
12	0	0	7.55	8.45
12	0	0	8.55	9.45
12	0	0	9.55	10.45
12	0	0	10.55	11.45
12	0	0	11.55	12.45
12	0	0	12.55	13.45
12	0	0	13.55	14.45
12	0	0	14.55	15.45
13	0	0	0.55	1.45
13	0	0	1.55	2.45
13	0	0	2.55	3.45
13	0	0	3.55	4.45
13	0	0	4.55	5.45
13	0	0	5.55	6.45
13	0	0	6.55	7.45
13	0	0	7.55	8.45
13	0	0	8.55	9.45
13	0	0	9.55	10.45
13	0	0	10.55	11.45
13	0	0	11.55	12.45
13	0	0	12.55	13.45
13	0	0	13.55	14.45
13	0	0	14.55	15.45
14	0	0	0.55	1.45
14	0	0	1.55	2.45
14	0	0	2.55	3.45
14	0	0	3.55	4.45
14	0	0	4.55	5.45
14	0	0	5.55	6.45
14	0	0	6.55	7.45
14	0	0	7.55	8.45
14	0	0	8.55	9.45
14	0	0	9.55	10.45
14	0	0	10.55	11.45
14	0	0	11.55	12.45
14	0	0	12.55	13.45
14	0	0	13.55	14.45
14	0	0	14.55	15.45
15	0	0	0.55	1.45
15	0	0	1.55	2.45
15	0	0	2.55	3.45
15	0	0	3.55	4.45
15	0	0	4.55	5.45
15	0	0	5.55	6.45
15	0	0	6.55	7.45
15	0	0	7.55	8.45
15	0	0	8.55	9.45
15	0	0	9.55	10.45
15	0	0	10.55	11.45
15	0	0	11.55	12.45
15	0	0	12.55	13.45
15	0	0	13.55	14.45
15	0	0	14.55	15.45
16	0	0	0.55	1.45
16	0	0	1.55	2.45
16	0	0	2.55	3.45
16	0	0	3.55	4.45
16	0	0	4.55	5.45
16	0	0	5.55	6.45
16	0	0	6.55	7.45
16	0	0	7.55	8.45
16	0	1	8.55	9.45
16	0	0	9.55	10.45
16	0	0	10.55	11.45
16	0	0	11.55	12.45
16	0	0	12.55	13.45
16	0	0	13.55	14.45
16	0	0	14.55	15.45
17	0	0	0.55	1.45
17	0	0	1.55	2.45
17	0	0	2.55	3.45
17	0	0	3.55	4.45
17	0	0	4.55	5.45
17	0	0	5.55	6.45
17	0	0	6.55	7.45
17	0	0	7.55	8.45
17	0	1	8.55	9.45
17	0	1	9.55	10.45
17	0	0	10.55	11.45
17	0	0	11.55	12.45
17	0	0	12.55	13.45
17	0	0	13.55	14.45
17	0	0	14.55	15.45
18	0	0	0.55	1.45
18	0	0	1.55	2.45
18	0	0	2.55	3.45
18	0	0	3.55	4.45
18	0	0	4.55	5.45
18	0	0	5.55	6.45
18	0	0	6.55	7.45
18	0	0	7.55	8.45
18	0	2	8.55	9.45
18	0	1	9.55	10.45
18	0	0	10.55	11.45
18	0	0	11.55	12.45
18	0	0	12.55	13.45
18	0	0	13.55	14.45
18	0	0	14.55	15.45
19	0	0	0.55	1.45
19	0	0	1.55	2.45
19	0	0	2.55	3.45
19	0	0	3.55	4.45
19	0	1	4.55	5.45
19	0	0	5.55	6.45
19	0	0	6.55	7.45
19	0	0	7.55	8.45
19	0	2	8.55	9.45
19	0	1	9.55	10.45
19	0	0	10.55	11.45
19	0	0	11.55	12.45
19	0	0	12.55	13.45
19	0	0	13.55	14.45
19	0	0	14.55	15.45
20	0	0	0.55	1.45
20	0	0	1.55	2.45
20	0	0	2.55	3.45
20	0	0	3.55	4.45
20	0	1	4.55	5.45
20	0	0	5.55	6.45
20	0	0	6.55	7.45
20	0	1	7.55	8.45
20	0	2	8.55	9.45
20	0	1	9.55	10.45
20	0	0	10.55	11.45
20	0	0	11.55	12.45
20	0	0	12.55	13.45
20	0	0	13.55	14.45
20	0	0	14.55	15.45
21	0	0	0.55	1.45
21	0	0	1.55	2.45
21	0	0	2.55	3.45
21	0	0	3.55	4.45
21	0	1	4.55	5.45
21	0	0	5.55	6.45
21	0	1	6.55	7.45
21	0	1	7.55	8.45
21	0	2	8.55	9.45
21	0	1	9.55	10.45
21	0	0	10.55	11.45
21	0	0	11.55	12.45
21	0	0	12.55	13.45
21	0	0	13.55	14.45
21	0	0	14.55	15.45
22	0	0	0.55	1.45
22	0	0	1.55	2.45
22	0	0	2.55	3.45
22	0	0	3.55	4.45
22	0	1	4.55	5.45
22	0	0	5.55	6.45
22	0	1	6.55	7.45
22	0	1	7.55	8.45
22	0	2	8.55	9.45
22	0	2	9.55	10.45
22	0	0	10.55	11.45
22	0	0	11.55	12.45
22	0	0	12.55	13.45
22	0	0	13.55	14.45
22	0	0	14.55	15.45
23	0	0	0.55	1.45
23	0	0	1.55	2.45
23	0	0	2.55	3.45
23	0	0	3.55	4.45
23	0	1	4.55	5.45
23	0	0	5.55	6.45
23	0	1	6.55	7.45
23	0	1	7.55	8.45
23	0	2	8.55	9.45
23	0	3	9.55	10.45
23	0	0	10.55	11.45
23	0	0	11.55	12.45
23	0	0	12.55	13.45
23	0	0	13.55	14.45
23	0	0	14.55	15.45
24	0	0	0.55	1.45
24	0	0	1.55	2.45
24	0	0	2.55	3.45
24	0	0	3.55	4.45
24	0	1	4.55	5.45
24	0	1	5.55	6.45
24	0	1	6.55	7.45
24	0	1	7.55	8.45
24	0	2	8.55	9.45
24	0	3	9.55	10.45
24	0	0	10.55	11.45
24	0	0	11.55	12.45
24	0	0	12.55	13.45
24	0	0	13.55	14.45
24	0	0	14.55	15.45
25	0	0	0.55	1.45
25	0	0	1.55	2.45
25	0	0	2.55	3.45
25	0	0	3.55	4.45
25	0	1	4.55	5.45
25	0	1	5.55	6.45
25	0	2	6.55	7.45
25	0	1	7.55	8.45
25	0	2	8.55	9.45
25	0	3	9.55	10.45
25	0	0	10.55	11.45
25	0	0	11.55	12.45
25	0	0	12.55	13.45
25	0	0	13.55	14.45
25	0	0	14.55	15.45
26	0	0	0.55	1.45
26	0	0	1.55	2.45
26	0	0	2.55	3.45
26	0	0	3.55	4.45
26	0	1	4.55	5.45
26	0	1	5.55	6.45
26	0	2	6.55	7.45
26	0	1	7.55	8.45
26	0	2	8.55	9.45
26	0	3	9.55	10.45
26	0	0	10.55	11.45
26	0	1	11.55	12.45
26	0	0	12.55	13.45
26	0	0	13.55	14.45
26	0	0	14.55	15.45
27	0	0	0.55	1.45
27	0	0	1.55	2.45
27	0	0	2.55	3.45
27	0	0	3.55	4.45
27	0	1	4.55	5.45
27	0	1	5.55	6.45
27	0	2	6.55	7.45
27	0	1	7.55	8.45
27	0	2	8.55	9.45
27	0	4	9.55	10.45
27	0	0	10.55	11.45
27	0	1	11.55	12.45
27	0	0	12.55	13.45
27	0	0	13.55	14.45
27	0	0	14.55	15.45
28	0	0	0.55	1.45
28	0	0	1.55	2.45
28	0	0	2.55	3.45
28	0	0	3.55	4.45
28	0	1	4.55	5.45
28	0	1	5.55	6.45
28	0	2	6.55	7.45
28	0	2	7.55	8.45
28	0	2	8.55	9.45
28	0	4	9.55	10.45
28	0	0	10.55	11.45
28	0	1	11.55	12.45
28	0	0	12.55	13.45
28	0	0	13.55	14.45
28	0	0	14.55	15.45
29	0	0	0.55	1.45
29	0	0	1.55	2.45
29	0	0	2.55	3.45
29	0	0	3.55	4.45
29	0	1	4.55	5.45
29	0	1	5.55	6.45
29	0	2	6.55	7.45
29	0	2	7.55	8.45
29	0	2	8.55	9.45
29	0	5	9.55	10.45
29	0	0	10.55	11.45
29	0	1	11.55	12.45
29	0	0	12.55	13.45
29	0	0	13.55	14.45
29	0	0	14.55	15.45
30	0	0	0.55	1.45
30	0	0	1.55	2.45
30	0	0	2.55	3.45
30	0	0	3.55	4.45
30	0	2	4.55	5.45
30	0	1	5.55	6.45
30	0	2	6.55	7.45
30	0	2	7.55	8.45
30	0	2	8.55	9.45
30	0	5	9.55	10.45
30	0	0	10.55	11.45
30	0	1	11.55	12.45
30	0	0	12.55	13.45
30	0	0	13.55	14.45
30	0	0	14.55	15.45
31	0	0	0.55	1.45
31	0	0	1.55	2.45
31	0	0	2.55	3.45
31	0	0	3.55	4.45
31	0	2	4.55	5.45
31	0	1	5.55	6.45
31	0	2	6.55	7.45
31	0	3	7.55	8.45
31	0	2	8.55	9.45
31	0	5	9.55	10.45
31	0	0	10.55	11.45
31	0	1	11.55	12.45
31	0	0	12.55	13.45
31	0	0	13.55	14.45
31	0	0	14.55	15.45
32	0	0	0.55	1.45
32	0	0	1.55	2.45
32	0	0	2.55	3.45
32	0	0	3.55	4.45
32	0	2	4.55	5.45
32	0	2	5.55	6.45
32	0	2	6.55	7.45
32	0	3	7.55	8.45
32	0	2	8.55	9.45
32	0	5	9.55	10.45
32	0	0	10.55	11.45
32	0	1	11.55	12.45
32	0	0	12.55	13.45
32	0	0	13.55	14.45
32	0	0	14.55	15.45
33	0	0	0.55	1.45
33	0	0	1.55	2.45
33	0	0	2.55	3.45
33	0	0	3.55	4.45
33	0	2	4.55	5.45
33	0	2	5.55	6.45
33	0	2	6.55	7.45
33	0	3	7.55	8.45
33	0	3	8.55	9.45
33	0	5	9.55	10.45
33	0	0	10.55	11.45
33	0	1	11.55	12.45
33	0	0	12.55	13.45
33	0	0	13.55	14.45
33	0	0	14.55	15.45
34	0	0	0.55	1.45
34	0	0	1.55	2.45
34	0	0	2.55	3.45
34	0	0	3.55	4.45
34	0	3	4.55	5.45
34	0	2	5.55	6.45
34	0	2	6.55	7.45
34	0	3	7.55	8.45
34	0	3	8.55	9.45
34	0	5	9.55	10.45
34	0	0	10.55	11.45
34	0	1	11.55	12.45
34	0	0	12.55	13.45
34	0	0	13.55	14.45
34	0	0	14.55	15.45
35	0	0	0.55	1.45
35	0	0	1.55	2.45
35	0	0	2.55	3.45
35	0	0	3.55	4.45
35	0	3	4.55	5.45
35	0	2	5.55	6.45
35	0	2	6.55	7.45
35	0	4	7.55	8.45
35	0	3	8.55	9.45
35	0	5	9.55	10.45
35	0	0	10.55	11.45
35	0	1	11.55	12.45
35	0	0	12.55	13.45
35	0	0	13.55	14.45
35	0	0	14.55	15.45
36	0	0	0.55	1.45
36	0	0	1.55	2.45
36	0	0	2.55	3.45
36	0	0	3.55	4.45
36	0	3	4.55	5.45
36	0	2	5.55	6.45
36	0	2	6.55	7.45
36	0	4	7.55	8.45
36	0	3	8.55	9.45
36	0	5	9.55	10.45
36	0	1	10.55	11.45
36	0	1	11.55	12.45
36	0	0	12.55	13.45
36	0	0	13.55	14.45
36	0	0	14.55	15.45
37	0	0	0.55	1.45
37	0	0	1.55	2.45
37	0	0	2.55	3.45
37	0	0	3.55	4.45
37	0	3	4.55	5.45
37	0	2	5.55	6.45
37	0	2	6.55	7.45
37	0	5	7.55	8.45
37	0	3	8.55	9.45
37	0	5	9.55	10.45
37	0	1	10.55	11.45
37	0	1	11.55	12.45
37	0	0	12.55	13.45
37	0	0	13.55	14.45
37	0	0	14.55	15.45
38	0	0	0.55	1.45
38	0	0	1.55	2.45
38	0	0	2.55	3.45
38	0	0	3.55	4.45
38	0	3	4.55	5.45
38	0	2	5.55	6.45
38	0	2	6.55	7.45
38	0	5	7.55	8.45
38	0	4	8.55	9.45
38	0	5	9.55	10.45
38	0	1	10.55	11.45
38	0	1	11.55	12.45
38	0	0	12.55	13.45
38	0	0	13.55	14.45
38	0	0	14.55	15.45
39	0	0	0.55	1.45
39	0	0	1.55	2.45
39	0	0	2.55	3.45
39	0	0	3.55	4.45
39	0	4	4.55	5.45
39	0	2	5.55	6.45
39	0	2	6.55	7.45
39	0	5	7.55	8.45
39	0	4	8.55	9.45
39	0	5	9.55	10.45
39	0	1	10.55	11.45
39	0	1	11.55	12.45
39	0	0	12.55	13.45
39	0	0	13.55	14.45
39	0	0	14.55	15.45
40	0	0	0.55	1.45
40	0	0	1.55	2.45
40	0	0	2.55	3.45
40	0	0	3.55	4.45
40	0	4	4.55	5.45
40	0	2	5.55	6.45
40	0	2	6.55	7.45
40	0	6	7.55	8.45
40	0	4	8.55	9.45
40	0	5	9.55	10.45
40	0	1	10.55	11.45
40	0	1	11.55	12.45
40	0	0	12.55	13.45
40	0	0	13.55	14.45
40	0	0	14.55	15.45
41	0	0	0.55	1.45
41	0	0	1.55	2.45
41	0	0	2.55	3.45
41	0	0	3.55	4.45
41	0	4	4.55	5.45
41	0	3	5.55	6.45
41	0	2	6.55	7.45
41	0	6	7.55	8.45
41	0	4	8.55	9.45
41	0	5	9.55	10.45
41	0	1	10.55	11.45
41	0	1	11.55	12.45
41	0	0	12.55	13.45
41	0	0	13.55	14.45
41	0	0	14.55	15.45
42	0	0	0.55	1.45
42	0	0	1.55	2.45
42	0	0	2.55	3.45
42	0	0	3.55	4.45
42	0	4	4.55	5.45
42	0	3	5.55	6.45
42	0	2	6.55	7.45
42	0	7	7.55	8.45
42	0	4	8.55	9.45
42	0	5	9.55	10.45
42	0	1	10.55	11.45
42	0	1	11.55	12.45
42	0	0	12.55	13.45
42	0	0	13.55	14.45
42	0	0	14.55	15.45
43	0	0	0.55	1.45
43	0	0	1.55	2.45
43	0	0	2.55	3.45
43	0	0	3.55	4.45
43	0	4	4.55	5.45
43	0	3	5.55	6.45
43	0	2	6.55	7.45
43	0	7	7.55	8.45
43	0	4	8.55	9.45
43	0	5	9.55	10.45
43	0	2	10.55	11.45
43	0	1	11.55	12.45
43	0	0	12.55	13.45
43	0	0	13.55	14.45
43	0	0	14.55	15.45
44	0	0	0.55	1.45
44	0	0	1.55	2.45
44	0	0	2.55	3.45
44	0	0	3.55	4.45
44	0	4	4.55	5.45
44	0	3	5.55	6.45
44	0	3	6.55	7.45
44	0	7	7.55	8.45
44	0	4	8.55	9.45
44	0	5	9.55	10.45
44	0	2	10.55	11.45
44	0	1	11.55	12.45
44	0	0	12.55	13.45
44	0	0	13.55	14.45
44	0	0	14.55	15.45
45	0	0	0.55	1.45
45	0	0	1.55	2.45
45	0	0	2.55	3.45
45	0	0	3.55	4.45
45	0	4	4.55	5.45
45	0	3	5.55	6.45
45	0	3	6.55	7.45
45	0	8	7.55	8.45
45	0	4	8.55	9.45
45	0	5	9.55	10.45
45	0	2	10.55	11.45
45	0	1	11.55	12.45
45	0	0	12.55	13.45
45	0	0	13.55	14.45
45	0	0	14.55	15.45
46	0	0	0.55	1.45
46	0	0	1.55	2.45
46	0	0	2.55	3.45
46	0	0	3.55	4.45
46	0	4	4.55	5.45
46	0	3	5.55	6.45
46	0	3	6.55	7.45
46	0	8	7.55	8.45
46	0	5	8.55	9.45
46	0	5	9.55	10.45
46	0	2	10.55	11.45
46	0	1	11.55	12.45
46	0	0	12.55	13.45
46	0	0	13.55	14.45
46	0	0	14.55	15.45
47	0	0	0.55	1.45
47	0	0	1.55	2.45
47	0	0	2.55	3.45
47	0	0	3.55	4.45
47	0	4	4.55	5.45
47	0	4	5.55	6.45
47	0	3	6.55	7.45
47	0	8	7.55	8.45
47	0	5	8.55	9.45
47	0	5	9.55	10.45
47	0	2	10.55	11.45
47	0	1	11.55	12.45
47	0	0	12.55	13.45
47	0	0	13.55	14.45
47	0	0	14.55	15.45
48	0	0	0.55	1.45
48	0	0	1.55	2.45
48	0	0	2.55	3.45
48	0	0	3.55	4.45
48	0	4	4.55	5.45
48	0	4	5.55	6.45
48	0	3	6.55	7.45
48	0	9	7.55	8.45
48	0	5	8.55	9.45
48	0	5	9.55	10.45
48	0	2	10.55	11.45
48	0	1	11.55	12.45
48	0	0	12.55	13.45
48	0	0	13.55	14.45
48	0	0	14.55	15.45
49	0	0	0.55	1.45
49	0	0	1.55	2.45
49	0	0	2.55	3.45
49	0	0	3.55	4.45
49	0	4	4.55	5.45
49	0	4	5.55	6.45
49	0	3	6.55	7.45
49	0	9	7.55	8.45
49	0	6	8.55	9.45
49	0	5	9.55	10.45
49	0	2	10.55	11.45
49	0	1	11.55	12.45
49	0	0	12.55	13.45
49	0	0	13.55	14.45
49	0	0	14.55	15.45
50	0	0	0.55	1.45
50	0	0	1.55	2.45
50	0	0	2.55	3.45
50	0	0	3.55	4.45
50	0	4	4.55	5.45
50	0	4	5.55	6.45
50	0	3	6.55	7.45
50	0	9	7.55	8.45
50	0	7	8.55	9.45
50	0	5	9.55	10.45
50	0	2	10.55	11.45
50	0	1	11.55	12.45
50	0	0	12.55	13.45
50	0	0	13.55	14.45
50	0	0	14.55	15.45
51	0	0	0.55	1.45
51	0	0	1.55	2.45
51	0	0	2.55	3.45
51	0	0	3.55	4.45
51	0	4	4.55	5.45
51	0	4	5.55	6.45
51	0	3	6.55	7.45
51	0	9	7.55	8.45
51	0	7	8.55	9.45
51	0	6	9.55	10.45
51	0	2	10.55	11.45
51	0	1	11.55	12.45
51	0	0	12.55	13.45
51	0	0	13.55	14.45
51	0	0	14.55	15.45
52	0	0	0.55	1.45
52	0	0	1.55	2.45
52	0	0	2.55	3.45
52	0	0	3.55	4.45
52	0	4	4.55	5.45
52	0	4	5.55	6.45
52	0	3	6.55	7.45
52	0	9	7.55	8.45
52	0	8	8.55	9.45
52	0	6	9.55	10.45
52	0	2	10.55	11.45
52	0	1	11.55	12.45
52	0	0	12.55	13.45
52	0	0	13.55	14.45
52	0	0	14.55	15.45
53	0	0	0.55	1.45
53	0	0	1.55	2.45
53	0	0	2.55	3.45
53	0	0	3.55	4.45
53	0	4	4.55	5.45
53	0	4	5.55	6.45
53	0	4	6.55	7.45
53	0	9	7.55	8.45
53	0	8	8.55	9.45
53	0	6	9.55	10.45
53	0	2	10.55	11.45
53	0	1	11.55	12.45
53	0	0	12.55	13.45
53	0	0	13.55	14.45
53	0	0	14.55	15.45
54	0	0	0.55	1.45
54	0	0	1.55	2.45
54	0	0	2.55	3.45
54	0	0	3.55	4.45
54	0	4	4.55	5.45
54	0	4	5.55	6.45
54	0	4	6.55	7.45
54	0	10	7.55	8.45
54	0	8	8.55	9.45
54	0	6	9.55	10.45
54	0	2	10.55	11.45
54	0	1	11.55	12.45
54	0	0	12.55	13.45
54	0	0	13.55	14.45
54	0	0	14.55	15.45
55	0	0	0.55	1.45
55	0	0	1.55	2.45
55	0	0	2.55	3.45
55	0	0	3.55	4.45
55	0	4	4.55	5.45
55	0	4	5.55	6.45
55	0	4	6.55	7.45
55	0	10	7.55	8.45
55	0	9	8.55	9.45
55	0	6	9.55	10.45
55	0	2	10.55	11.45
55	0	1	11.55	12.45
55	0	0	12.55	13.45
55	0	0	13.55	14.45
55	0	0	14.55	15.45
56	0	0	0.55	1.45
56	0	0	1.55	2.45
56	0	0	2.55	3.45
56	0	0	3.55	4.45
56	0	4	4.55	5.45
56	0	4	5.55	6.45
56	0	4	6.55	7.45
56	0	10	7.55	8.45
56	0	9	8.55	9.45
56	0	6	9.55	10.45
56	0	3	10.55	11.45
56	0	1	11.55	12.45
56	0	0	12.55	13.45
56	0	0	13.55	14.45
56	0	0	14.55	15.45
57	0	0	0.55	1.45
57	0	0	1.55	2.45
57	0	0	2.55	3.45
57	0	0	3.55	4.45
57	0	4	4.55	5.45
57	0	4	5.55	6.45
57	0	4	6.55	7.45
57	0	11	7.55	8.45
57	0	9	8.55	9.45
57	0	6	9.55	10.45
57	0	3	10.55	11.45
57	0	1	11.55	12.45
57	0	0	12.55	13.45
57	0	0	13.55	14.45
57	0	0	14.55	15.45
58	0	0	0.55	1.45
58	0	0	1.55	2.45
58	0	0	2.55	3.45
58	0	0	3.55	4.45
58	0	4	4.55	5.45
58	0	4	5.55	6.45
58	0	4	6.55	7.45
58	0	11	7.55	8.45
58	0	9	8.55	9.45
58	0	6	9.55	10.45
58	0	4	10.55	11.45
58	0	1	11.55	12.45
58	0	0	12.55	13.45
58	0	0	13.55	14.45
58	0	0	14.55	15.45
59	0	0	0.55	1.45
59	0	0	1.55	2.45
59	0	0	2.55	3.45
59	0	0	3.55	4.45
59	0	4	4.55	5.45
59	0	4	5.55	6.45
59	0	5	6.55	7.45
59	0	11	7.55	8.45
59	0	9	8.55	9.45
59	0	6	9.55	10.45
59	0	4	10.55	11.45
59	0	1	11.55	12.45
59	0	0	12.55	13.45
59	0	0	13.55	14.45
59	0	0	14.55	15.45
60	0	0	0.55	1.45
60	0	0	1.55	2.45
60	0	0	2.55	3.45
60	0	0	3.55	4.45
60	0	4	4.55	5.45
60	0	4	5.55	6.45
60	0	6	6.55	7.45
60	0	11	7.55	8.45
60	0	9	8.55	9.45
60	0	6	9.55	10.45
60	0	4	10.55	11.45
60	0	1	11.55	12.45
60	0	0	12.55	13.45
60	0	0	13.55	14.45
60	0	0	14.55	15.45
61	0	0	0.55	1.45
61	0	0	1.55	2.45
61	0	0	2.55	3.45
61	0	0	3.55	4.45
61	0	4	4.55	5.45
61	0	4	5.55	6.45
61	0	7	6.55	7.45
61	0	11	7.55	8.45
61	0	9	8.55	9.45
61	0	6	9.55	10.45
61	0	4	10.55	11.45
61	0	1	11.55	12.45
61	0	0	12.55	13.45
61	0	0	13.55	14.45
61	0	0	14.55	15.45
62	0	0	0.55	1.45
62	0	0	1.55	2.45
62	0	0	2.55	3.45
62	0	0	3.55	4.45
62	0	4	4.55	5.45
62	0	4	5.55	6.45
62	0	7	6.55	7.45
62	0	11	7.55	8.45
62	0	9	8.55	9.45
62	0	7	9.55	10.45
62	0	4	10.55	11.45
62	0	1	11.55	12.45
62	0	0	12.55	13.45
62	0	0	13.55	14.45
62	0	0	14.55	15.45
63	0	0	0.55	1.45
63	0	0	1.55	2.45
63	0	0	2.55	3.45
63	0	0	3.55	4.45
63	0	4	4.55	5.45
63	0	5	5.55	6.45
63	0	7	6.55	7.45
63	0	11	7.55	8.45
63	0	9	8.55	9.45
63	0	7	9.55	10.45
63	0	4	10.55	11.45
63	0	1	11.55	12.45
63	0	0	12.55	13.45
63	0	0	13.55	14.45
63	0	0	14.55	15.45
64	0	0	0.55	1.45
64	0	0	1.55	2.45
64	0	0	2.55	3.45
64	0	0	3.55	4.45
64	0	4	4.55	5.45
64	0	6	5.55	6.45
64	0	7	6.55	7.45
64	0	11	7.55	8.45
64	0	9	8.55	9.45
64	0	7	9.55	10.45
64	0	4	10.55	11.45
64	0	1	11.55	12.45
64	0	0	12.55	13.45
64	0	0	13.55	14.45
64	0	0	14.55	15.45
65	0	0	0.55	1.45
65	0	0	1.55	2.45
65	0	0	2.55	3.45
65	0	0	3.55	4.45
65	0	4	4.55	5.45
65	0	6	5.55	6.45
65	0	8	6.55	7.45
65	0	11	7.55	8.45
65	0	9	8.55	9.45
65	0	7	9.55	10.45
65	0	4	10.55	11.45
65	0	1	11.55	12.45
65	0	0	12.55	13.45
65	0	0	13.55	14.45
65	0	0	14.55	15.45
66	0	0	0.55	1.45
66	0	0	1.55	2.45
66	0	0	2.55	3.45
66	0	0	3.55	4.45
66	0	4	4.55	5.45
66	0	6	5.55	6.45
66	0	9	6.55	7.45
66	0	11	7.55	8.45
66	0	9	8.55	9.45
66	0	7	9.55	10.45
66	0	4	10.55	11.45
66	0	1	11.55	12.45
66	0	0	12.55	13.45
66	0	0	13.55	14.45
66	0	0	14.55	15.45
67	0	0	0.55	1.45
67	0	0	1.55	2.45
67	0	0	2.55	3.45
67	0	0	3.55	4.45
67	0	4	4.55	5.45
67	0	6	5.55	6.45
67	0	9	6.55	7.45
67	0	12	7.55	8.45
67	0	9	8.55	9.45
67	0	7	9.55	10.45
67	0	4	10.55	11.45
67	0	1	11.55	12.45
67	0	0	12.55	13.45
67	0	0	13.55	14.45
67	0	0	14.55	15.45
68	0	0	0.55	1.45
68	0	0	1.55	2.45
68	0	0	2.55	3.45
68	0	0	3.55	4.45
68	0	4	4.55	5.45
68	0	6	5.55	6.45
68	0	9	6.55	7.45
68	0	12	7.55	8.45
68	0	10	8.55	9.45
68	0	7	9.55	10.45
68	0	4	10.55	11.45
68	0	1	11.55	12.45
68	0	0	12.55	13.45
68	0	0	13.55	14.45
68	0	0	14.55	15.45
69	0	0	0.55	1.45
69	0	0	1.55	2.45
69	0	0	2.55	3.45
69	0	0	3.55	4.45
69	0	4	4.55	5.45
69	0	7	5.55	6.45
69	0	9	6.55	7.45
69	0	12	7.55	8.45
69	0	10	8.55	9.45
69	0	7	9.55	10.45
69	0	4	10.55	11.45
69	0	1	11.55	12.45
69	0	0	12.55	13.45
69	0	0	13.55	14.45
69	0	0	14.55	15.45
70	0	0	0.55	1.45
70	0	0	1.55	2.45
70	0	0	2.55	3.45
70	0	0	3.55	4.45
70	0	4	4.55	5.45
70	0	7	5.55	6.45
70	0	9	6.55	7.45
70	0	12	7.55	8.45
70	0	11	8.55	9.45
70	0	7	9.55	10.45
70	0	4	10.55	11.45
70	0	1	11.55	12.45
70	0	0	12.55	13.45
70	0	0	13.55	14.45
70	0	0	14.55	15.45
71	0	0	0.55	1.45
71	0	0	1.55	2.45
71	0	0	2.55	3.45
71	0	0	3.55	4.45
71	0	4	4.55	5.45
71	0	7	5.55	6.45
71	0	9	6.55	7.45
71	0	12	7.55	8.45
71	0	12	8.55	9.45
71	0	7	9.55	10.45
71	0	4	10.55	11.45
71	0	1	11.55	12.45
71	0	0	12.55	13.45
71	0	0	13.55	14.45
71	0	0	14.55	15.45
72	0	0	0.55	1.45
72	0	0	1.55	2.45
72	0	0	2.55	3.45
72	0	0	3.55	4.45
72	0	4	4.55	5.45
72	0	8	5.55	6.45
72	0	9	6.55	7.45
72	0	12	7.55	8.45
72	0	12	8.55	9.45
72	0	7	9.55	10.45
72	0	4	10.55	11.45
72	0	1	11.55	12.45
72	0	0	12.55	13.45
72	0	0	13.55	14.45
72	0	0	14.55	15.45
73	0	0	0.55	1.45
73	0	0	1.55	2.45
73	0	1	2.55	3.45
73	0	0	3.55	4.45
73	0	4	4.55	5.45
73	0	8	5.55	6.45
73	0	9	6.55	7.45
73	0	12	7.55	8.45
73	0	12	8.55	9.45
73	0	7	9.55	10.45
73	0	4	10.55	11.45
73	0	1	11.55	12.45
73	0	0	12.55	13.45
73	0	0	13.55	14.45
73	0	0	14.55	15.45
74	0	0	0.55	1.45
74	0	0	1.55	2.45
74	0	1	2.55	3.45
74	0	0	3.55	4.45
74	0	4	4.55	5.45
74	0	9	5.55	6.45
74	0	9	6.55	7.45
74	0	12	7.55	8.45
74	0	12	8.55	9.45
74	0	7	9.55	10.45
74	0	4	10.55	11.45
74	0	1	11.55	12.45
74	0	0	12.55	13.45
74	0	0	13.55	14.45
74	0	0	14.55	15.45
75	0	0	0.55	1.45
75	0	0	1.55	2.45
75	0	1	2.55	3.45
75	0	0	3.55	4.45
75	0	4	4.55	5.45
75	0	9	5.55	6.45
75	0	9	6.55	7.45
75	0	12	7.55	8.45
75	0	12	8.55	9.45
75	0	7	9.55	10.45
75	0	4	10.55	11.45
75	0	2	11.55	12.45
75	0	0	12.55	13.45
75	0	0	13.55	14.45
75	0	0	14.55	15.45
76	0	0	0.55	1.45
76	0	0	1.55	2.45
76	0	1	2.55	3.45
76	0	0	3.55	4.45
76	0	4	4.55	5.45
76	0	9	5.55	6.45
76	0	9	6.55	7.45
76	0	12	7.55	8.45
76	0	12	8.55	9.45
76	0	8	9.55	10.45
76	0	4	10.55	11.45
76	0	2	11.55	12.45
76	0	0	12.55	13.45
76	0	0	13.55	14.45
76	0	0	14.55	15.45
77	0	0	0.55	1.45
77	0	0	1.55	2.45
77	0	1	2.55	3.45
77	0	0	3.55	4.45
77	0	4	4.55	5.45
77	0	9	5.55	6.45
77	0	9	6.55	7.45
77	0	12	7.55	8.45
77	0	13	8.55	9.45
77	0	8	9.55	10.45
77	0	4	10.55	11.45
77	0	2	11.55	12.45
77	0	0	12.55	13.45
77	0	0	13.55	14.45
77	0	0	14.55	15.45
78	0	0	0.55	1.45
78	0	0	1.55	2.45
78	0	1	2.55	3.45
78	0	0	3.55	4.45
78	0	4	4.55	5.45
78	0	10	5.55	6.45
78	0	9	6.55	7.45
78	0	12	7.55	8.45
78	0	13	8.55	9.45
78	0	8	9.55	10.45
78	0	4	10.55	11.45
78	0	2	11.55	12.45
78	0	0	12.55	13.45
78	0	0	13.55	14.45
78	0	0	14.55	15.45
79	0	0	0.55	1.45
79	0	0	1.55	2.45
79	0	1	2.55	3.45
79	0	0	3.55	4.45
79	0	5	4.55	5.45
79	0	10	5.55	6.45
79	0	9	6.55	7.45
79	0	12	7.55	8.45
79	0	13	8.55	9.45
79	0	8	9.55	10.45
79	0	4	10.55	11.45
79	0	2	11.55	12.45
79	0	0	12.55	13.45
79	0	0	13.55	14.45
79	0	0	14.55	15.45
80	0	0	0.55	1.45
80	0	0	1.55	2.45
80	0	1	2.55	3.45
80	0	0	3.55	4.45
80	0	5	4.55	5.45
80	0	10	5.55	6.45
80	0	9	6.55	7.45
80	0	12	7.55	8.45
80	0	13	8.55	9.45
80	0	9	9.55	10.45
80	0	4	10.55	11.45
80	0	2	11.55	12.45
80	0	0	12.55	13.45
80	0	0	13.55	14.45
80	0	0	14.55	15.45
81	0	0	0.55	1.45
81	0	0	1.55	2.45
81	0	1	2.55	3.45
81	0	0	3.55	4.45
81	0	5	4.55	5.45
81	0	11	5.55	6.45
81	0	9	6.55	7.45
81	0	12	7.55	8.45
81	0	13	8.55	9.45
81	0	9	9.55	10.45
81	0	4	10.55	11.45
81	0	2	11.55	12.45
81	0	0	12.55	13.45
81	0	0	13.55	14.45
81	0	0	14.55	15.45
82	0	0	0.55	1.45
82	0	0	1.55	2.45
82	0	1	2.55	3.45
82	0	0	3.55	4.45
82	0	5	4.55	5.45
82	0	11	5.55	6.45
82	0	9	6.55	7.45
82	0	12	7.55	8.45
82	0	13	8.55	9.45
82	0	10	9.55	10.45
82	0	4	10.55	11.45
82	0	2	11.55	12.45
82	0	0	12.55	13.45
82	0	0	13.55	14.45
82	0	0	14.55	15.45
83	0	0	0.55	1.45
83	0	0	1.55	2.45
83	0	1	2.55	3.45
83	0	0	3.55	4.45
83	0	5	4.55	5.45
83	0	11	5.55	6.45
83	0	9	6.55	7.45
83	0	12	7.55	8.45
83	0	14	8.55	9.45
83	0	10	9.55	10.45
83	0	4	10.55	11.45
83	0	2	11.55	12.45
83	0	0	12.55	13.45
83	0	0	13.55	14.45
83	0	0	14.55	15.45
84	0	0	0.55	1.45
84	0	0	1.55	2.45
84	0	1	2.55	3.45
84	0	0	3.55	4.45
84	0	5	4.55	5.45
84	0	11	5.55	6.45
84	0	10	6.55	7.45
84	0	12	7.55	8.45
84	0	14	8.55	9.45
84	0	10	9.55	10.45
84	0	4	10.55	11.45
84	0	2	11.55	12.45
84	0	0	12.55	13.45
84	0	0	13.55	14.45
84	0	0	14.55	15.45
85	0	0	0.55	1.45
85	0	0	1.55	2.45
85	0	1	2.55	3.45
85	0	0	3.55	4.45
85	0	5	4.55	5.45
85	0	11	5.55	6.45
85	0	10	6.55	7.45
85	0	12	7.55	8.45
85	0	14	8.55	9.45
85	0	10	9.55	10.45
85	0	5	10.55	11.45
85	0	2	11.55	12.45
85	0	0	12.55	13.45
85	0	0	13.55	14.45
85	0	0	14.55	15.45
86	0	0	0.55	1.45
86	0	0	1.55	2.45
86	0	1	2.55	3.45
86	0	0	3.55	4.45
86	0	5	4.55	5.45
86	0	11	5.55	6.45
86	0	10	6.55	7.45
86	0	12	7.55	8.45
86	0	14	8.55	9.45
86	0	10	9.55	10.45
86	0	6	10.55	11.45
86	0	2	11.55	12.45
86	0	0	12.55	13.45
86	0	0	13.55	14.45
86	0	0	14.55	15.45
87	0	0	0.55	1.45
87	0	0	1.55	2.45
87	0	1	2.55	3.45
87	0	0	3.55	4.45
87	0	5	4.55	5.45
87	0	11	5.55	6.45
87	0	10	6.55	7.45
87	0	13	7.55	8.45
87	0	14	8.55	9.45
87	0	10	9.55	10.45
87	0	6	10.55	11.45
87	0	2	11.55	12.45
87	0	0	12.55	13.45
87	0	0	13.55	14.45
87	0	0	14.55	15.45
88	0	0	0.55	1.45
88	0	0	1.55	2.45
88	0	1	2.55	3.45
88	0	0	3.55	4.45
88	0	5	4.55	5.45
88	0	11	5.55	6.45
88	0	10	6.55	7.45
88	0	13	7.55	8.45
88	0	15	8.55	9.45
88	0	10	9.55	10.45
88	0	6	10.55	11.45
88	0	2	11.55	12.45
88	0	0	12.55	13.45
88	0	0	13.55	14.45
88	0	0	14.55	15.45
89	0	0	0.55	1.45
89	0	0	1.55	2.45
89	0	1	2.55	3.45
89	0	0	3.55	4.45
89	0	5	4.55	5.45
89	0	11	5.55	6.45
89	0	11	6.55	7.45
89	0	13	7.55	8.45
89	0	15	8.55	9.45
89	0	10	9.55	10.45
89	0	6	10.55	11.45
89	0	2	11.55	12.45
89	0	0	12.55	13.45
89	0	0	13.55	14.45
89	0	0	14.55	15.45
90	0	0	0.55	1.45
90	0	0	1.55	2.45
90	0	1	2.55	3.45
90	0	0	3.55	4.45
90	0	5	4.55	5.45
90	0	11	5.55	6.45
90	0	12	6.55	7.45
90	0	13	7.55	8.45
90	0	15	8.55	9.45
90	0	10	9.55	10.45
90	0	6	10.55	11.45
90	0	2	11.55	12.45
90	0	0	12.55	13.45
90	0	0	13.55	14.45
90	0	0	14.55	15.45
91	0	0	0.55	1.45
91	0	0	1.55	2.45
91	0	1	2.55	3.45
91	0	0	3.55	4.45
91	0	5	4.55	5.45
91	0	12	5.55	6.45
91	0	12	6.55	7.45
91	0	13	7.55	8.45
91	0	15	8.55	9.45
91	0	10	9.55	10.45
91	0	6	10.55	11.45
91	0	2	11.55	12.45
91	0	0	12.55	13.45
91	0	0	13.55	14.45
91	0	0	14.55	15.45
92	0	0	0.55	1.45
92	0	0	1.55	2.45
92	0	1	2.55	3.45
92	0	0	3.55	4.45
92	0	5	4.55	5.45
92	0	12	5.55	6.45
92	0	12	6.55	7.45
92	0	14	7.55	8.45
92	0	15	8.55	9.45
92	0	10	9.55	10.45
92	0	6	10.55	11.45
92	0	2	11.55	12.45
92	0	0	12.55	13.45
92	0	0	13.55	14.45
92	0	0	14.55	15.45
93	0	0	0.55	1.45
93	0	0	1.55	2.45
93	0	1	2.55	3.45
93	0	0	3.55	4.45
93	0	6	4.55	5.45
93	0	12	5.55	6.45
93	0	12	6.55	7.45
93	0	14	7.55	8.45
93	0	15	8.55	9.45
93	0	10	9.55	10.45
93	0	6	10.55	11.45
93	0	2	11.55	12.45
93	0	0	12.55	13.45
93	0	0	13.55	14.45
93	0	0	14.55	15.45
94	0	0	0.55	1.45
94	0	0	1.55	2.45
94	0	1	2.55	3.45
94	0	0	3.55	4.45
94	0	6	4.55	5.45
94	0	12	5.55	6.45
94	0	12	6.55	7.45
94	0	14	7.55	8.45
94	0	16	8.55	9.45
94	0	10	9.55	10.45
94	0	6	10.55	11.45
94	0	2	11.55	12.45
94	0	0	12.55	13.45
94	0	0	13.55	14.45
94	0	0	14.55	15.45
95	0	0	0.55	1.45
95	0	0	1.55	2.45
95	0	1	2.55	3.45
95	0	0	3.55	4.45
95	0	6	4.55	5.45
95	0	13	5.55	6.45
95	0	12	6.55	7.45
95	0	14	7.55	8.45
95	0	16	8.55	9.45
95	0	10	9.55	10.45
95	0	6	10.55	11.45
95	0	2	11.55	12.45
95	0	0	12.55	13.45
95	0	0	13.55	14.45
95	0	0	14.55	15.45
96	0	0	0.55	1.45
96	0	0	1.55	2.45
96	0	1	2.55	3.45
96	0	0	3.55	4.45
96	0	6	4.55	5.45
96	0	13	5.55	6.45
96	0	13	6.55	7.45
96	0	14	7.55	8.45
96	0	16	8.55	9.45
96	0	10	9.55	10.45
96	0	6	10.55	11.45
96	0	2	11.55	12.45
96	0	0	12.55	13.45
96	0	0	13.55	14.45
96	0	0	14.55	15.45
97	0	0	0.55	1.45
97	0	0	1.55	2.45
97	0	1	2.55	3.45
97	0	0	3.55	4.45
97	0	6	4.55	5.45
97	0	13	5.55	6.45
97	0	13	6.55	7.45
97	0	14	7.55	8.45
97	0	17	8.55	9.45
97	0	10	9.55	10.45
97	0	6	10.55	11.45
97	0	2	11.55	12.45
97	0	0	12.55	13.45
97	0	0	13.55	14.45
97	0	0	14.55	15.45
98	0	0	0.55	1.45
98	0	0	1.55	2.45
98	0	1	2.55	3.45
98	0	0	3.55	4.45
98	0	6	4.55	5.45
98	0	13	5.55	6.45
98	0	13	6.55	7.45
98	0	14	7.55	8.45
98	0	18	8.55	9.45
98	0	10	9.55	10.45
98	0	6	10.55	11.45
98	0	2	11.55	12.45
98	0	0	12.55	13.45
98	0	0	13.55	14.45
98	0	0	14.55	15.45
99	0	0	0.55	1.45
99	0	0	1.55	2.45
99	0	1	2.55	3.45
99	0	0	3.55	4.45
99	0	6	4.55	5.45
99	0	14	5.55	6.45
99	0	13	6.55	7.45
99	0	14	7.55	8.45
99	0	18	8.55	9.45
99	0	10	9.55	10.45
99	0	6	10.55	11.45
99	0	2	11.55	12.45
99	0	0	12.55	13.45
99	0	0	13.55	14.45
99	0	0	14.55	15.45
100	0	0	0.55	1.45
100	0	0	1.55	2.45
100	0	1	2.55	3.45
100	0	0	3.55	4.45
100	0	6	4.55	5.45
100	0	14	5.55	6.45
100	0	13	6.55	7.45
100	0	15	7.55	8.45
100	0	18	8.55	9.45
100	0	10	9.55	10.45
100	0	6	10.55	11.45
100	0	2	11.55	12.45
100	0	0	12.55	13.45
100	0	0	13.55	14.45
100	0	0	14.55	15.45
101	0	0	0.55	1.45
101	0	0	1.55	2.45
101	0	1	2.55	3.45
101	0	0	3.55	4.45
101	0	6	4.55	5.45
101	0	14	5.55	6.45
101	0	13	6.55	7.45
101	0	16	7.55	8.45
101	0	18	8.55	9.45
101	0	10	9.55	10.45
101	0	6	10.55	11.45
101	0	2	11.55	12.45
101	0	0	12.55	13.45
101	0	0	13.55	14.45
101	0	0	14.55	15.45
102	0	0	0.55	1.45
102	0	0	1.55	2.45
102	0	1	2.55	3.45
102	0	0	3.55	4.45
102	0	6	4.55	5.45
102	0	14	5.55	6.45
102	0	13	6.55	7.45
102	0	16	7.55	8.45
102	0	18	8.55	9.45
102	0	11	9.55	10.45
102	0	6	10.55	11.45
102	0	2	11.55	12.45
102	0	0	12.55	13.45
102	0	0	13.55	14.45
102	0	0	14.55	15.45
103	0	0	0.55	1.45
103	0	0	1.55	2.45
103	0	1	2.55	3.45
103	0	0	3.55	4.45
103	0	6	4.55	5.45
103	0	14	5.55	6.45
103	0	13	6.55	7.45
103	0	17	7.55	8.45
103	0	18	8.55	9.45
103	0	11	9.55	10.45
103	0	6	10.55	11.45
103	0	2	11.55	12.45
103	0	0	12.55	13.45
103	0	0	13.55	14.45
103	0	0	14.55	15.45
104	0	0	0.55	1.45
104	0	0	1.55	2.45
104	0	1	2.55	3.45
104	0	0	3.55	4.45
104	0	6	4.55	5.45
104	0	14	5.55	6.45
104	0	13	6.55	7.45
104	0	17	7.55	8.45
104	0	19	8.55	9.45
104	0	11	9.55	10.45
104	0	6	10.55	11.45
104	0	2	11.55	12.45
104	0	0	12.55	13.45
104	0	0	13.55	14.45
104	0	0	14.55	15.45
105	0	0	0.55	1.45
105	0	0	1.55	2.45
105	0	1	2.55	3.45
105	0	0	3.55	4.45
105	0	6	4.55	5.45
105	0	15	5.55	6.45
105	0	13	6.55	7.45
105	0	17	7.55	8.45
105	0	19	8.55	9.45
105	0	11	9.55	10.45
105	0	6	10.55	11.45
105	0	2	11.55	12.45
105	0	0	12.55	13.45
105	0	0	13.55	14.45
105	0	0	14.55	15.45
106	0	0	0.55	1.45
106	0	0	1.55	2.45
106	0	1	2.55	3.45
106	0	0	3.55	4.45
106	0	6	4.55	5.45
106	0	15	5.55	6.45
106	0	14	6.55	7.45
106	0	17	7.55	8.45
106	0	19	8.55	9.45
106	0	11	9.55	10.45
106	0	6	10.55	11.45
106	0	2	11.55	12.45
106	0	0	12.55	13.45
106	0	0	13.55	14.45
106	0	0	14.55	15.45
107	0	0	0.55	1.45
107	0	0	1.55	2.45
107	0	1	2.55	3.45
107	0	0	3.55	4.45
107	0	7	4.55	5.45
107	0	15	5.55	6.45
107	0	14	6.55	7.45
107	0	17	7.55	8.45
107	0	19	8.55	9.45
107	0	11	9.55	10.45
107	0	6	10.55	11.45
107	0	2	11.55	12.45
107	0	0	12.55	13.45
107	0	0	13.55	14.45
107	0	0	14.55	15.45
108	0	0	0.55	1.45
108	0	0	1.55	2.45
108	0	1	2.55	3.45
108	0	1	3.55	4.45
108	0	7	4.55	5.45
108	0	15	5.55	6.45
108	0	14	6.55	7.45
108	0	17	7.55	8.45
108	0	19	8.55	9.45
108	0	11	9.55	10.45
108	0	6	10.55	11.45
108	0	2	11.55	12.45
108	0	0	12.55	13.45
108	0	0	13.55	14.45
108	0	0	14.55	15.45
109	0	0	0.55	1.45
109	0	0	1.55	2.45
109	0	1	2.55	3.45
109	0	1	3.55	4.45
109	0	7	4.55	5.45
109	0	15	5.55	6.45
109	0	14	6.55	7.45
109	0	17	7.55	8.45
109	0	19	8.55	9.45
109	0	12	9.55	10.45
109	0	6	10.55	11.45
109	0	2	11.55	12.45
109	0	0	12.55	13.45
109	0	0	13.55	14.45
109	0	0	14.55	15.45
110	0	0	0.55	1.45
110	0	0	1.55	2.45
110	0	1	2.55	3.45
110	0	1	3.55	4.45
110	0	7	4.55	5.45
110	0	15	5.55	6.45
110	0	14	6.55	7.45
110	0	18	7.55	8.45
110	0	19	8.55	9.45
110	0	12	9.55	10.45
110	0	6	10.55	11.45
110	0	2	11.55	12.45
110	0	0	12.55	13.45
110	0	0	13.55	14.45
110	0	0	14.55	15.45
111	0	0	0.55	1.45
111	0	0	1.55	2.45
111	0	2	2.55	3.45
111	0	1	3.55	4.45
111	0	7	4.55	5.45
111	0	15	5.55	6.45
111	0	14	6.55	7.45
111	0	18	7.55	8.45
111	0	19	8.55	9.45
111	0	12	9.55	10.45
111	0	6	10.55	11.45
111	0	2	11.55	12.45
111	0	0	12.55	13.45
111	0	0	13.55	14.45
111	0	0	14.55	15.45
112	0	0	0.55	1.45
112	0	0	1.55	2.45
112	0	2	2.55	3.45
112	0	1	3.55	4.45
112	0	7	4.55	5.45
112	0	16	5.55	6.45
112	0	14	6.55	7.45
112	0	18	7.55	8.45
112	0	19	8.55	9.45
112	0	12	9.55	10.45
112	0	6	10.55	11.45
112	0	2	11.55	12.45
112	0	0	12.55	13.45
112	0	0	13.55	14.45
112	0	0	14.55	15.45
113	0	0	0.55	1.45
113	0	0	1.55	2.45
113	0	2	2.55	3.45
113	0	1	3.55	4.45
113	0	7	4.55	5.45
113	0	16	5.55	6.45
113	0	14	6.55	7.45
113	0	18	7.55	8.45
113	0	20	8.55	9.45
113	0	12	9.55	10.45
113	0	6	10.55	11.45
113	0	2	11.55	12.45
113	0	0	12.55	13.45
113	0	0	13.55	14.45
113	0	0	14.55	15.45
114	0	0	0.55	1.45
114	0	0	1.55	2.45
114	0	2	2.55	3.45
114	0	2	3.55	4.45
114	0	7	4.55	5.45
114	0	16	5.55	6.45
114	0	14	6.55	7.45
114	0	18	7.55	8.45
114	0	20	8.55	9.45
114	0	12	9.55	10.45
114	0	6	10.55	11.45
114	0	2	11.55	12.45
114	0	0	12.55	13.45
114	0	0	13.55	14.45
114	0	0	14.55	15.45
115	0	0	0.55	1.45
115	0	0	1.55	2.45
115	0	2	2.55	3.45
115	0	2	3.55	4.45
115	0	7	4.55	5.45
115	0	17	5.55	6.45
115	0	14	6.55	7.45
115	0	18	7.55	8.45
115	0	20	8.55	9.45
115	0	12	9.55	10.45
115	0	6	10.55	11.45
115	0	2	11.55	12.45
115	0	0	12.55	13.45
115	0	0	13.55	14.45
115	0	0	14.55	15.45
116	0	0	0.55	1.45
116	0	0	1.55	2.45
116	0	2	2.55	3.45
116	0	2	3.55	4.45
116	0	7	4.55	5.45
116	0	17	5.55	6.45
116	0	14	6.55	7.45
116	0	18	7.55	8.45
116	0	20	8.55	9.45
116	0	13	9.55	10.45
116	0	6	10.55	11.45
116	0	2	11.55	12.45
116	0	0	12.55	13.45
116	0	0	13.55	14.45
116	0	0	14.55	15.45
117	0	0	0.55	1.45
117	0	0	1.55	2.45
117	0	2	2.55	3.45
117	0	2	3.55	4.45
117	0	7	4.55	5.45
117	0	18	5.55	6.45
117	0	14	6.55	7.45
117	0	18	7.55	8.45
117	0	20	8.55	9.45
117	0	13	9.55	10.45
117	0	6	10.55	11.45
117	0	2	11.55	12.45
117	0	0	12.55	13.45
117	0	0	13.55	14.45
117	0	0	14.55	15.45
118	0	0	0.55	1.45
118	0	0	1.55	2.45
118	0	2	2.55	3.45
118	0	2	3.55	4.45
118	0	7	4.55	5.45
118	0	18	5.55	6.45
118	0	14	6.55	7.45
118	0	18	7.55	8.45
118	0	20	8.55	9.45
118	0	14	9.55	10.45
118	0	6	10.55	11.45
118	0	2	11.55	12.45
118	0	0	12.55	13.45
118	0	0	13.55	14.45
118	0	0	14.55	15.45
119	0	0	0.55	1.45
119	0	0	1.55	2.45
119	0	2	2.55	3.45
119	0	2	3.55	4.45
119	0	8	4.55	5.45
119	0	18	5.55	6.45
119	0	14	6.55	7.45
119	0	18	7.55	8.45
119	0	20	8.55	9.45
119	0	14	9.55	10.45
119	0	6	10.55	11.45
119	0	2	11.55	12.45
119	0	0	12.55	13.45
119	0	0	13.55	14.45
119	0	0	14.55	15.45
120	0	0	0.55	1.45
120	0	0	1.55	2.45
120	0	2	2.55	3.45
120	0	2	3.55	4.45
120	0	9	4.55	5.45
120	0	18	5.55	6.45
120	0	14	6.55	7.45
120	0	18	7.55	8.45
120	0	20	8.55	9.45
120	0	14	9.55	10.45
120	0	6	10.55	11.45
120	0	2	11.55	12.45
120	0	0	12.55	13.45
120	0	0	13.55	14.45
120	0	0	14.55	15.45
121	0	0	0.55	1.45
121	0	0	1.55	2.45
121	0	2	2.55	3.45
121	0	2	3.55	4.45
121	0	9	4.55	5.45
121	0	18	5.55	6.45
121	0	14	6.55	7.45
121	0	19	7.55	8.45
121	0	20	8.55	9.45
121	0	14	9.55	10.45
121	0	6	10.55	11.45
121	0	2	11.55	12.45
121	0	0	12.55	13.45
121	0	0	13.55	14.45
121	0	0	14.55	15.45
122	0	0	0.55	1.45
122	0	0	1.55	2.45
122	0	2	2.55	3.45
122	0	2	3.55	4.45
122	0	9	4.55	5.45
122	0	18	5.55	6.45
122	0	14	6.55	7.45
122	0	19	7.55	8.45
122	0	21	8.55	9.45
122	0	14	9.55	10.45
122	0	6	10.55	11.45
122	0	2	11.55	12.45
122	0	0	12.55	13.45
122	0	0	13.55	14.45
122	0	0	14.55	15.45
123	0	0	0.55	1.45
123	0	0	1.55	2.45
123	0	2	2.55	3.45
123	0	2	3.55	4.45
123	0	9	4.55	5.45
123	0	18	5.55	6.45
123	0	14	6.55	7.45
123	0	19	7.55	8.45
123	0	21	8.55	9.45
123	0	14	9.55	10.45
123	0	7	10.55	11.45
123	0	2	11.55	12.45
123	0	0	12.55	13.45
123	0	0	13.55	14.45
123	0	0	14.55	15.45
124	0	0	0.55	1.45
124	0	0	1.55	2.45
124	0	2	2.55	3.45
124	0	2	3.55	4.45
124	0	9	4.55	5.45
124	0	18	5.55	6.45
124	0	14	6.55	7.45
124	0	19	7.55	8.45
124	0	22	8.55	9.45
124	0	14	9.55	10.45
124	0	7	10.55	11.45
124	0	2	11.55	12.45
124	0	0	12.55	13.45
124	0	0	13.55	14.45
124	0	0	14.55	15.45
125	0	0	0.55	1.45
125	0	0	1.55	2.45
125	0	2	2.55	3.45
125	0	2	3.55	4.45
125	0	9	4.55	5.45
125	0	18	5.55	6.45
125	0	14	6.55	7.45
125	0	20	7.55	8.45
125	0	22	8.55	9.45
125	0	14	9.55	10.45
125	0	7	10.55	11.45
125	0	2	11.55	12.45
125	0	0	12.55	13.45
125	0	0	13.55	14.45
125	0	0	14.55	15.45
126	0	0	0.55	1.45
126	0	0	1.55	2.45
126	0	2	2.55	3.45
126	0	2	3.55	4.45
126	0	9	4.55	5.45
126	0	18	5.55	6.45
126	0	14	6.55	7.45
126	0	21	7.55	8.45
126	0	22	8.55	9.45
126	0	14	9.55	10.45
126	0	7	10.55	11.45
126	0	2	11.55	12.45
126	0	0	12.55	13.45
126	0	0	13.55	14.45
126	0	0	14.55	15.45
127	0	0	0.55	1.45
127	0	0	1.55	2.45
127	0	2	2.55	3.45
127	0	2	3.55	4.45
127	0	9	4.55	5.45
127	0	18	5.55	6.45
127	0	14	6.55	7.45
127	0	21	7.55	8.45
127	0	22	8.55	9.45
127	0	15	9.55	10.45
127	0	7	10.55	11.45
127	0	2	11.55	12.45
127	0	0	12.55	13.45
127	0	0	13.55	14.45
127	0	0	14.55	15.45
128	0	0	0.55	1.45
128	0	0	1.55	2.45
128	0	2	2.55	3.45
128	0	2	3.55	4.45
128	0	9	4.55	5.45
128	0	18	5.55	6.45
128	0	14	6.55	7.45
128	0	21	7.55	8.45
128	0	22	8.55	9.45
128	0	16	9.55	10.45
128	0	7	10.55	11.45
128	0	2	11.55	12.45
128	0	0	12.55	13.45
128	0	0	13.55	14.45
128	0	0	14.55	15.45
129	0	0	0.55	1.45
129	0	0	1.55	2.45
129	0	2	2.55	3.45
129	0	2	3.55	4.45
129	0	9	4.55	5.45
129	0	18	5.55	6.45
129	0	14	6.55	7.45
129	0	21	7.55	8.45
129	0	22	8.55	9.45
129	0	16	9.55	10.45
129	0	8	10.55	11.45
129	0	2	11.55	12.45
129	0	0	12.55	13.45
129	0	0	13.55	14.45
129	0	0	14.55	15.45
130	0	0	0.55	1.45
130	0	0	1.55	2.45
130	0	2	2.55	3.45
130	0	2	3.55	4.45
130	0	9	4.55	5.45
130	0	18	5.55	6.45
130	0	14	6.55	7.45
130	0	21	7.55	8.45
130	0	23	8.55	9.45
130	0	16	9.55	10.45
130	0	8	10.55	11.45
130	0	2	11.55	12.45
130	0	0	12.55	13.45
130	0	0	13.55	14.45
130	0	0	14.55	15.45
131	0	0	0.55	1.45
131	0	0	1.55	2.45
131	0	2	2.55	3.45
131	0	2	3.55	4.45
131	0	10	4.55	5.45
131	0	18	5.55	6.45
131	0	14	6.55	7.45
131	0	21	7.55	8.45
131	0	23	8.55	9.45
131	0	16	9.55	10.45
131	0	8	10.55	11.45
131	0	2	11.55	12.45
131	0	0	12.55	13.45
131	0	0	13.55	14.45
131	0	0	14.55	15.45
132	0	0	0.55	1.45
132	0	0	1.55	2.45
132	0	2	2.55	3.45
132	0	2	3.55	4.45
132	0	10	4.55	5.45
132	0	18	5.55	6.45
132	0	15	6.55	7.45
132	0	21	7.55	8.45
132	0	23	8.55	9.45
132	0	16	9.55	10.45
132	0	8	10.55	11.45
132	0	2	11.55	12.45
132	0	0	12.55	13.45
132	0	0	13.55	14.45
132	0	0	14.55	15.45
133	0	0	0.55	1.45
133	0	0	1.55	2.45
133	0	2	2.55	3.45
133	0	3	3.55	4.45
133	0	10	4.55	5.45
133	0	18	5.55	6.45
133	0	15	6.55	7.45
133	0	21	7.55	8.45
133	0	23	8.55	9.45
133	0	16	9.55	10.45
133	0	8	10.55	11.45
133	0	2	11.55	12.45
133	0	0	12.55	13.45
133	0	0	13.55	14.45
133	0	0	14.55	15.45
134	0	0	0.55	1.45
134	0	0	1.55	2.45
134	0	2	2.55	3.45
134	0	3	3.55	4.45
134	0	10	4.55	5.45
134	0	18	5.55	6.45
134	0	15	6.55	7.45
134	0	22	7.55	8.45
134	0	23	8.55	9.45
134	0	16	9.55	10.45
134	0	8	10.55	11.45
134	0	2	11.55	12.45
134	0	0	12.55	13.45
134	0	0	13.55	14.45
134	0	0	14.55	15.45
135	0	0	0.55	1.45
135	0	0	1.55	2.45
135	0	2	2.55	3.45
135	0	3	3.55	4.45
135	0	10	4.55	5.45
135	0	18	5.55	6.45
135	0	15	6.55	7.45
135	0	22	7.55	8.45
135	0	23	8.55	9.45
135	0	16	9.55	10.45
135	0	8	10.55	11.45
135	0	3	11.55	12.45
135	0	0	12.55	13.45
135	0	0	13.55	14.45
135	0	0	14.55	15.45
136	0	0	0.55	1.45
136	0	0	1.55	2.45
136	0	2	2.55	3.45
136	0	3	3.55	4.45
136	0	10	4.55	5.45
136	0	18	5.55	6.45
136	0	16	6.55	7.45
136	0	22	7.55	8.45
136	0	23	8.55	9.45
136	0	16	9.55	10.45
136	0	8	10.55	11.45
136	0	3	11.55	12.45
136	0	0	12.55	13.45
136	0	0	13.55	14.45
136	0	0	14.55	15.45
137	0	0	0.55	1.45
137	0	0	1.55	2.45
137	0	2	2.55	3.45
137	0	3	3.55	4.45
137	0	10	4.55	5.45
137	0	18	5.55	6.45
137	0	17	6.55	7.45
137	0	22	7.55	8.45
137	0	23	8.55	9.45
137	0	16	9.55	10.45
137	0	8	10.55	11.45
137	0	3	11.55	12.45
137	0	0	12.55	13.45
137	0	0	13.55	14.45
137	0	0	14.55	15.45
138	0	0	0.55	1.45
138	0	0	1.55	2.45
138	0	2	2.55	3.45
138	0	3	3.55	4.45
138	0	10	4.55	5.45
138	0	18	5.55	6.45
138	0	17	6.55	7.45
138	0	22	7.55	8.45
138	0	24	8.55	9.45
138	0	16	9.55	10.45
138	0	8	10.55	11.45
138	0	3	11.55	12.45
138	0	0	12.55	13.45
138	0	0	13.55	14.45
138	0	0	14.55	15.45
139	0	0	0.55	1.45
139	0	0	1.55	2.45
139	0	2	2.55	3.45
139	0	3	3.55	4.45
139	0	10	4.55	5.45
139	0	18	5.55	6.45
139	0	18	6.55	7.45
139	0	22	7.55	8.45
139	0	24	8.55	9.45
139	0	16	9.55	10.45
139	0	8	10.55	11.45
139	0	3	11.55	12.45
139	0	0	12.55	13.45
139	0	0	13.55	14.45
139	0	0	14.55	15.45
140	0	0	0.55	1.45
140	0	0	1.55	2.45
140	0	2	2.55	3.45
140	0	3	3.55	4.45
140	0	10	4.55	5.45
140	0	18	5.55	6.45
140	0	18	6.55	7.45
140	0	22	7.55	8.45
140	0	24	8.55	9.45
140	0	17	9.55	10.45
140	0	8	10.55	11.45
140	0	3	11.55	12.45
140	0	0	12.55	13.45
140	0	0	13.55	14.45
140	0	0	14.55	15.45
141	0	0	0.55	1.45
141	0	0	1.55	2.45
141	0	2	2.55	3.45
141	0	3	3.55	4.45
141	0	10	4.55	5.45
141	0	18	5.55	6.45
141	0	19	6.55	7.45
141	0	22	7.55	8.45
141	0	24	8.55	9.45
141	0	17	9.55	10.45
141	0	8	10.55	11.45
141	0	3	11.55	12.45
141	0	0	12.55	13.45
141	0	0	13.55	14.45
141	0	0	14.55	15.45
142	0	0	0.55	1.45
142	0	0	1.55	2.45
142	0	2	2.55	3.45
142	0	3	3.55	4.45
142	0	11	4.55	5.45
142	0	18	5.55	6.45
142	0	19	6.55	7.45
142	0	22	7.55	8.45
142	0	24	8.55	9.45
142	0	17	9.55	10.45
142	0	8	10.55	11.45
142	0	3	11.55	12.45
142	0	0	12.55	13.45
142	0	0	13.55	14.45
142	0	0	14.55	15.45
143	0	0	0.55	1.45
143	0	0	1.55	2.45
143	0	2	2.55	3.45
143	0	3	3.55	4.45
143	0	11	4.55	5.45
143	0	18	5.55	6.45
143	0	19	6.55	7.45
143	0	22	7.55	8.45
143	0	24	8.55	9.45
143	0	18	9.55	10.45
143	0	8	10.55	11.45
143	0	3	11.55	12.45
143	0	0	12.55	13.45
143	0	0	13.55	14.45
143	0	0	14.55	15.45
144	0	0	0.55	1.45
144	0	0	1.55	2.45
144	0	2	2.55	3.45
144	0	3	3.55	4.45
144	0	11	4.55	5.45
144	0	18	5.55	6.45
144	0	19	6.55	7.45
144	0	23	7.55	8.45
144	0	24	8.55	9.45
144	0	18	9.55	10.45
144	0	8	10.55	11.45
144	0	3	11.55	12.45
144	0	0	12.55	13.45
144	0	0	13.55	14.45
144	0	0	14.55	15.45
145	0	0	0.55	1.45
145	0	0	1.55	2.45
145	0	2	2.55	3.45
145	0	3	3.55	4.45
145	0	11	4.55	5.45
145	0	18	5.55	6.45
145	0	20	6.55	7.45
145	0	23	7.55	8.45
145	0	24	8.55	9.45
145	0	18	9.55	10.45
145	0	8	10.55	11.45
145	0	3	11.55	12.45
145	0	0	12.55	13.45
145	0	0	13.55	14.45
145	0	0	14.55	15.45
146	0	0	0.55	1.45
146	0	0	1.55	2.45
146	0	2	2.55	3.45
146	0	3	3.55	4.45
146	0	11	4.55	5.45
146	0	19	5.55	6.45
146	0	20	6.55	7.45
146	0	23	7.55	8.45
146	0	24	8.55	9.45
146	0	18	9.55	10.45
146	0	8	10.55	11.45
146	0	3	11.55	12.45
146	0	0	12.55	13.45
146	0	0	13.55	14.45
146	0	0	14.55	15.45
147	0	0	0.55	1.45
147	0	0	1.55	2.45
147	0	2	2.55	3.45
147	0	3	3.55	4.45
147	0	11	4.55	5.45
147	0	19	5.55	6.45
147	0	20	6.55	7.45
147	0	23	7.55	8.45
147	0	25	8.55	9.45
147	0	18	9.55	10.45
147	0	8	10.55	11.45
147	0	3	11.55	12.45
147	0	0	12.55	13.45
147	0	0	13.55	14.45
147	0	0	14.55	15.45
148	0	0	0.55	1.45
148	0	0	1.55	2.45
148	0	2	2.55	3.45
148	0	3	3.55	4.45
148	0	11	4.55	5.45
148	0	19	5.55	6.45
148	0	20	6.55	7.45
148	0	24	7.55	8.45
148	0	25	8.55	9.45
148	0	18	9.55	10.45
148	0	8	10.55	11.45
148	0	3	11.55	12.45
148	0	0	12.55	13.45
148	0	0	13.55	14.45
148	0	0	14.55	15.45
149	0	0	0.55	1.45
149	0	0	1.55	2.45
149	0	2	2.55	3.45
149	0	3	3.55	4.45
149	0	11	4.55	5.45
149	0	19	5.55	6.45
149	0	20	6.55	7.45
149	0	24	7.55	8.45
149	0	25	8.55	9.45
149	0	19	9.55	10.45
149	0	8	10.55	11.45
149	0	3	11.55	12.45
149	0	0	12.55	13.45
149	0	0	13.55	14.45
149	0	0	14.55	15.45
150	0	0	0.55	1.45
150	0	0	1.55	2.45
150	0	2	2.55	3.45
150	0	3	3.55	4.45
150	0	11	4.55	5.45
150	0	19	5.55	6.45
150	0	20	6.55	7.45
150	0	24	7.55	8.45
150	0	26	8.55	9.45
150	0	19	9.55	10.45
150	0	8	10.55	11.45
150	0	3	11.55	12.45
150	0	0	12.55	13.45
150	0	0	13.55	14.45
150	0	0	14.55	15.45
151	0	0	0.55	1.45
151	0	0	1.55	2.45
151	0	2	2.55	3.45
151	0	3	3.55	4.45
151	0	11	4.55	5.45
151	0	19	5.55	6.45
151	0	20	6.55	7.45
151	0	24	7.55	8.45
151	0	26	8.55	9.45
151	0	20	9.55	10.45
151	0	8	10.55	11.45
151	0	3	11.55	12.45
151	0	0	12.55	13.45
151	0	0	13.55	14.45
151	0	0	14.55	15.45
152	0	0	0.55	1.45
152	0	0	1.55	2.45
152	0	2	2.55	3.45
152	0	3	3.55	4.45
152	0	11	4.55	5.45
152	0	19	5.55	6.45
152	0	20	6.55	7.45
152	0	25	7.55	8.45
152	0	26	8.55	9.45
152	0	20	9.55	10.45
152	0	8	10.55	11.45
152	0	3	11.55	12.45
152	0	0	12.55	13.45
152	0	0	13.55	14.45
152	0	0	14.55	15.45
153	0	0	0.55	1.45
153	0	0	1.55	2.45
153	0	2	2.55	3.45
153	0	3	3.55	4.45
153	0	11	4.55	5.45
153	0	20	5.55	6.45
153	0	20	6.55	7.45
153	0	25	7.55	8.45
153	0	26	8.55	9.45
153	0	20	9.55	10.45
153	0	8	10.55	11.45
153	0	3	11.55	12.45
153	0	0	12.55	13.45
153	0	0	13.55	14.45
153	0	0	14.55	15.45
154	0	0	0.55	1.45
154	0	0	1.55	2.45
154	0	2	2.55	3.45
154	0	3	3.55	4.45
154	0	11	4.55	5.45
154	0	21	5.55	6.45
154	0	20	6.55	7.45
154	0	25	7.55	8.45
154	0	26	8.55	9.45
154	0	20	9.55	10.45
154	0	8	10.55	11.45
154	0	3	11.55	12.45
154	0	0	12.55	13.45
154	0	0	13.55	14.45
154	0	0	14.55	15.45
155	0	0	0.55	1.45
155	0	0	1.55	2.45
155	0	2	2.55	3.45
155	0	3	3.55	4.45
155	0	11	4.55	5.45
155	0	21	5.55	6.45
155	0	21	6.55	7.45
155	0	25	7.55	8.45
155	0	26	8.55	9.45
155	0	20	9.55	10.45
155	0	8	10.55	11.45
155	0	3	11.55	12.45
155	0	0	12.55	13.45
155	0	0	13.55	14.45
155	0	0	14.55	15.45
156	0	0	0.55	1.45
156	0	0	1.55	2.45
156	0	2	2.55	3.45
156	0	3	3.55	4.45
156	0	11	4.55	5.45
156	0	21	5.55	6.45
156	0	22	6.55	7.45
156	0	25	7.55	8.45
156	0	26	8.55	9.45
156	0	20	9.55	10.45
156	0	8	10.55	11.45
156	0	3	11.55	12.45
156	0	0	12.55	13.45
156	0	0	13.55	14.45
156	0	0	14.55	15.45
157	0	0	0.55	1.45
157	0	0	1.55	2.45
157	0	2	2.55	3.45
157	0	3	3.55	4.45
157	0	11	4.55	5.45
157	0	21	5.55	6.45
157	0	23	6.55	7.45
157	0	25	7.55	8.45
157	0	26	8.55	9.45
157	0	20	9.55	10.45
157	0	8	10.55	11.45
157	0	3	11.55	12.45
157	0	0	12.55	13.45
157	0	0	13.55	14.45
157	0	0	14.55	15.45
158	0	0	0.55	1.45
158	0	0	1.55	2.45
158	0	2	2.55	3.45
158	0	3	3.55	4.45
158	0	11	4.55	5.45
158	0	21	5.55	6.45
158	0	24	6.55	7.45
158	0	25	7.55	8.45
158	0	26	8.55	9.45
158	0	20	9.55	10.45
158	0	8	10.55	11.45
158	0	3	11.55	12.45
158	0	0	12.55	13.45
158	0	0	13.55	14.45
158	0	0	14.55	15.45
159	0	0	0.55	1.45
159	0	0	1.55	2.45
159	0	2	2.55	3.45
159	0	3	3.55	4.45
159	0	11	4.55	5.45
159	0	21	5.55	6.45
159	0	24	6.55	7.45
159	0	25	7.55	8.45
159	0	27	8.55	9.45
159	0	20	9.55	10.45
159	0	8	10.55	11.45
159	0	3	11.55	12.45
159	0	0	12.55	13.45
159	0	0	13.55	14.45
159	0	0	14.55	15.45
160	0	0	0.55	1.45
160	0	0	1.55	2.45
160	0	2	2.55	3.45
160	0	3	3.55	4.45
160	0	11	4.55	5.45
160	0	21	5.55	6.45
160	0	24	6.55	7.45
160	0	25	7.55	8.45
160	0	28	8.55	9.45
160	0	20	9.55	10.45
160	0	8	10.55	11.45
160	0	3	11.55	12.45
160	0	0	12.55	13.45
160	0	0	13.55	14.45
160	0	0	14.55	15.45
161	0	0	0.55	1.45
161	0	0	1.55	2.45
161	0	2	2.55	3.45
161	0	3	3.55	4.45
161	0	11	4.55	5.45
161	0	21	5.55	6.45
161	0	24	6.55	7.45
161	0	25	7.55	8.45
161	0	28	8.55	9.45
161	0	20	9.55	10.45
161	0	9	10.55	11.45
161	0	3	11.55	12.45
161	0	0	12.55	13.45
161	0	0	13.55	14.45
161	0	0	14.55	15.45
162	0	0	0.55	1.45
162	0	0	1.55	2.45
162	0	2	2.55	3.45
162	0	3	3.55	4.45
162	0	11	4.55	5.45
162	0	21	5.55	6.45
162	0	24	6.55	7.45
162	0	25	7.55	8.45
162	0	28	8.55	9.45
162	0	21	9.55	10.45
162	0	9	10.55	11.45
162	0	3	11.55	12.45
162	0	0	12.55	13.45
162	0	0	13.55	14.45
162	0	0	14.55	15.45
163	0	0	0.55	1.45
163	0	0	1.55	2.45
163	0	3	2.55	3.45
163	0	3	3.55	4.45
163	0	11	4.55	5.45
163	0	21	5.55	6.45
163	0	24	6.55	7.45
163	0	25	7.55	8.45
163	0	28	8.55	9.45
163	0	21	9.55	10.45
163	0	9	10.55	11.45
163	0	3	11.55	12.45
163	0	0	12.55	13.45
163	0	0	13.55	14.45
163	0	0	14.55	15.45
164	0	0	0.55	1.45
164	0	0	1.55	2.45
164	0	3	2.55	3.45
164	0	3	3.55	4.45
164	0	11	4.55	5.45
164	0	21	5.55	6.45
164	0	24	6.55	7.45
164	0	25	7.55	8.45
164	0	29	8.55	9.45
164	0	21	9.55	10.45
164	0	9	10.55	11.45
164	0	3	11.55	12.45
164	0	0	12.55	13.45
164	0	0	13.55	14.45
164	0	0	14.55	15.45
165	0	0	0.55	1.45
165	0	0	1.55	2.45
165	0	3	2.55	3.45
165	0	3	3.55	4.45
165	0	11	4.55	5.45
165	0	21	5.55	6.45
165	0	24	6.55	7.45
165	0	25	7.55	8.45
165	0	29	8.55	9.45
165	0	22	9.55	10.45
165	0	9	10.55	11.45
165	0	3	11.55	12.45
165	0	0	12.55	13.45
165	0	0	13.55	14.45
165	0	0	14.55	15.45
166	0	0	0.55	1.45
166	0	0	1.55	2.45
166	0	3	2.55	3.45
166	0	3	3.55	4.45
166	0	12	4.55	5.45
166	0	21	5.55	6.45
166	0	24	6.55	7.45
166	0	25	7.55	8.45
166	0	29	8.55	9.45
166	0	22	9.55	10.45
166	0	9	10.55	11.45
166	0	3	11.55	12.45
166	0	0	12.55	13.45
166	0	0	13.55	14.45
166	0	0	14.55	15.45
167	0	0	0.55	1.45
167	0	0	1.55	2.45
167	0	3	2.55	3.45
167	0	3	3.55	4.45
167	0	13	4.55	5.45
167	0	21	5.55	6.45
167	0	24	6.55	7.45
167	0	25	7.55	8.45
167	0	29	8.55	9.45
167	0	22	9.55	10.45
167	0	9	10.55	11.45
167	0	3	11.55	12.45
167	0	0	12.55	13.45
167	0	0	13.55	14.45
167	0	0	14.55	15.45
168	0	0	0.55	1.45
168	0	0	1.55	2.45
168	0	3	2.55	3.45
168	0	3	3.55	4.45
168	0	13	4.55	5.45
168	0	21	5.55	6.45
168	0	25	6.55	7.45
168	0	25	7.55	8.45
168	0	29	8.55	9.45
168	0	22	9.55	10.45
168	0	9	10.55	11.45
168	0	3	11.55	12.45
168	0	0	12.55	13.45
168	0	0	13.55	14.45
168	0	0	14.55	15.45
169	0	0	0.55	1.45
169	0	0	1.55	2.45
169	0	3	2.55	3.45
169	0	3	3.55	4.45
169	0	13	4.55	5.45
169	0	21	5.55	6.45
169	0	25	6.55	7.45
169	0	26	7.55	8.45
169	0	29	8.55	9.45
169	0	22	9.55	10.45
169	0	9	10.55	11.45
169	0	3	11.55	12.45
169	0	0	12.55	13.45
169	0	0	13.55	14.45
169	0	0	14.55	15.45
170	0	0	0.55	1.45
170	0	0	1.55	2.45
170	0	3	2.55	3.45
170	0	3	3.55	4.45
170	0	14	4.55	5.45
170	0	21	5.55	6.45
170	0	25	6.55	7.45
170	0	26	7.55	8.45
170	0	29	8.55	9.45
170	0	22	9.55	10.45
170	0	9	10.55	11.45
170	0	3	11.55	12.45
170	0	0	12.55	13.45
170	0	0	13.55	14.45
170	0	0	14.55	15.45
171	0	0	0.55	1.45
171	0	0	1.55	2.45
171	0	3	2.55	3.45
171	0	3	3.55	4.45
171	0	14	4.55	5.45
171	0	22	5.55	6.45
171	0	25	6.55	7.45
171	0	26	7.55	8.45
171	0	29	8.55	9.45
171	0	22	9.55	10.45
171	0	9	10.55	11.45
171	0	3	11.55	12.45
171	0	0	12.55	13.45
171	0	0	13.55	14.45
171	0	0	14.55	15.45
172	0	0	0.55	1.45
172	0	0	1.55	2.45
172	0	3	2.55	3.45
172	0	3	3.55	4.45
172	0	14	4.55	5.45
172	0	22	5.55	6.45
172	0	26	6.55	7.45
172	0	26	7.55	8.45
172	0	29	8.55	9.45
172	0	22	9.55	10.45
172	0	9	10.55	11.45
172	0	3	11.55	12.45
172	0	0	12.55	13.45
172	0	0	13.55	14.45
172	0	0	14.55	15.45
173	0	0	0.55	1.45
173	0	0	1.55	2.45
173	0	3	2.55	3.45
173	0	3	3.55	4.45
173	0	14	4.55	5.45
173	0	22	5.55	6.45
173	0	26	6.55	7.45
173	0	26	7.55	8.45
173	0	29	8.55	9.45
173	0	22	9.55	10.45
173	0	9	10.55	11.45
173	0	4	11.55	12.45
173	0	0	12.55	13.45
173	0	0	13.55	14.45
173	0	0	14.55	15.45
174	0	0	0.55	1.45
174	0	0	1.55	2.45
174	0	3	2.55	3.45
174	0	3	3.55	4.45
174	0	14	4.55	5.45
174	0	22	5.55	6.45
174	0	26	6.55	7.45
174	0	26	7.55	8.45
174	0	29	8.55	9.45
174	0	23	9.55	10.45
174	0	9	10.55	11.45
174	0	4	11.55	12.45
174	0	0	12.55	13.45
174	0	0	13.55	14.45
174	0	0	14.55	15.45
175	0	0	0.55	1.45
175	0	0	1.55	2.45
175	0	3	2.55	3.45
175	0	3	3.55	4.45
175	0	14	4.55	5.45
175	0	22	5.55	6.45
175	0	26	6.55	7.45
175	0	27	7.55	8.45
175	0	29	8.55	9.45
175	0	23	9.55	10.45
175	0	9	10.55	11.45
175	0	4	11.55	12.45
175	0	0	12.55	13.45
175	0	0	13.55	14.45
175	0	0	14.55	15.45
176	0	0	0.55	1.45
176	0	0	1.55	2.45
176	0	3	2.55	3.45
176	0	3	3.55	4.45
176	0	14	4.55	5.45
176	0	22	5.55	6.45
176	0	26	6.55	7.45
176	0	28	7.55	8.45
176	0	29	8.55	9.45
176	0	23	9.55	10.45
176	0	9	10.55	11.45
176	0	4	11.55	12.45
176	0	0	12.55	13.45
176	0	0	13.55	14.45
176	0	0	14.55	15.45
177	0	0	0.55	1.45
177	0	0	1.55	2.45
177	0	3	2.55	3.45
177	0	3	3.55	4.45
177	0	14	4.55	5.45
177	0	22	5.55	6.45
177	0	26	6.55	7.45
177	0	28	7.55	8.45
177	0	29	8.55	9.45
177	0	23	9.55	10.45
177	0	9	10.55	11.45
177	0	4	11.55	12.45
177	0	1	12.55	13.45
177	0	0	13.55	14.45
177	0	0	14.55	15.45
178	0	0	0.55	1.45
178	0	0	1.55	2.45
178	0	3	2.55	3.45
178	0	3	3.55	4.45
178	0	14	4.55	5.45
178	0	22	5.55	6.45
178	0	26	6.55	7.45
178	0	28	7.55	8.45
178	0	30	8.55	9.45
178	0	23	9.55	10.45
178	0	9	10.55	11.45
178	0	4	11.55	12.45
178	0	1	12.55	13.45
178	0	0	13.55	14.45
178	0	0	14.55	15.45
179	0	0	0.55	1.45
179	0	0	1.55	2.45
179	0	3	2.55	3.45
179	0	3	3.55	4.45
179	0	14	4.55	5.45
179	0	22	5.55	6.45
179	0	27	6.55	7.45
179	0	28	7.55	8.45
179	0	30	8.55	9.45
179	0	23	9.55	10.45
179	0	9	10.55	11.45
179	0	4	11.55	12.45
179	0	1	12.55	13.45
179	0	0	13.55	14.45
179	0	0	14.55	15.45
180	0	0	0.55	1.45
180	0	0	1.55	2.45
180	0	3	2.55	3.45
180	0	3	3.55	4.45
180	0	14	4.55	5.45
180	0	23	5.55	6.45
180	0	27	6.55	7.45
180	0	28	7.55	8.45
180	0	30	8.55	9.45
180	0	23	9.55	10.45
180	0	9	10.55	11.45
180	0	4	11.55	12.45
180	0	1	12.55	13.45
180	0	0	13.55	14.45
180	0	0	14.55	15.45
181	0	0	0.55	1.45
181	0	0	1.55	2.45
181	0	3	2.55	3.45
181	0	3	3.55	4.45
181	0	15	4.55	5.45
181	0	23	5.55	6.45
181	0	27	6.55	7.45
181	0	28	7.55	8.45
181	0	30	8.55	9.45
181	0	23	9.55	10.45
181	0	9	10.55	11.45
181	0	4	11.55	12.45
181	0	1	12.55	13.45
181	0	0	13.55	14.45
181	0	0	14.55	15.45
182	0	0	0.55	1.45
182	0	0	1.55	2.45
182	0	3	2.55	3.45
182	0	3	3.55	4.45
182	0	15	4.55	5.45
182	0	23	5.55	6.45
182	0	28	6.55	7.45
182	0	28	7.55	8.45
182	0	30	8.55	9.45
182	0	23	9.55	10.45
182	0	9	10.55	11.45
182	0	4	11.55	12.45
182	0	1	12.55	13.45
182	0	0	13.55	14.45
182	0	0	14.55	15.45
183	0	0	0.55	1.45
183	0	0	1.55	2.45
183	0	3	2.55	3.45
183	0	3	3.55	4.45
183	0	15	4.55	5.45
183	0	23	5.55	6.45
183	0	28	6.55	7.45
183	0	28	7.55	8.45
183	0	30	8.55	9.45
183	0	23	9.55	10.45
183	0	10	10.55	11.45
183	0	4	11.55	12.45
183	0	1	12.55	13.45
183	0	0	13.55	14.45
183	0	0	14.55	15.45
184	0	0	0.55	1.45
184	0	0	1.55	2.45
184	0	3	2.55	3.45
184	0	3	3.55	4.45
184	0	15	4.55	5.45
184	0	23	5.55	6.45
184	0	29	6.55	7.45
184	0	28	7.55	8.45
184	0	30	8.55	9.45
184	0	23	9.55	10.45
184	0	10	10.55	11.45
184	0	4	11.55	12.45
184	0	1	12.55	13.45
184	0	0	13.55	14.45
184	0	0	14.55	15.45
185	0	0	0.55	1.45
185	0	0	1.55	2.45
185	0	3	2.55	3.45
185	0	3	3.55	4.45
185	0	16	4.55	5.45
185	0	23	5.55	6.45
185	0	29	6.55	7.45
185	0	28	7.55	8.45
185	0	30	8.55	9.45
185	0	23	9.55	10.45
185	0	10	10.55	11.45
185	0	4	11.55	12.45
185	0	1	12.55	13.45
185	0	0	13.55	14.45
185	0	0	14.55	15.45
186	0	0	0.55	1.45
186	0	0	1.55	2.45
186	0	3	2.55	3.45
186	0	3	3.55	4.45
186	0	16	4.55	5.45
186	0	23	5.55	6.45
186	0	29	6.55	7.45
186	0	29	7.55	8.45
186	0	30	8.55	9.45
186	0	23	9.55	10.45
186	0	10	10.55	11.45
186	0	4	11.55	12.45
186	0	1	12.55	13.45
186	0	0	13.55	14.45
186	0	0	14.55	15.45
187	0	0	0.55	1.45
187	0	0	1.55	2.45
187	0	3	2.55	3.45
187	0	3	3.55	4.45
187	0	16	4.55	5.45
187	0	23	5.55	6.45
187	0	29	6.55	7.45
187	0	30	7.55	8.45
187	0	30	8.55	9.45
187	0	23	9.55	10.45
187	0	10	10.55	11.45
187	0	4	11.55	12.45
187	0	1	12.55	13.45
187	0	0	13.55	14.45
187	0	0	14.55	15.45
188	0	0	0.55	1.45
188	0	0	1.55	2.45
188	0	3	2.55	3.45
188	0	3	3.55	4.45
188	0	16	4.55	5.45
188	0	23	5.55	6.45
188	0	29	6.55	7.45
188	0	31	7.55	8.45
188	0	30	8.55	9.45
188	0	23	9.55	10.45
188	0	10	10.55	11.45
188	0	4	11.55	12.45
188	0	1	12.55	13.45
188	0	0	13.55	14.45
188	0	0	14.55	15.45
189	0	0	0.55	1.45
189	0	0	1.55	2.45
189	0	3	2.55	3.45
189	0	3	3.55	4.45
189	0	17	4.55	5.45
189	0	23	5.55	6.45
189	0	29	6.55	7.45
189	0	31	7.55	8.45
189	0	30	8.55	9.45
189	0	23	9.55	10.45
189	0	10	10.55	11.45
189	0	4	11.55	12.45
189	0	1	12.55	13.45
189	0	0	13.55	14.45
189	0	0	14.55	15.45
190	0	0	0.55	1.45
190	0	0	1.55	2.45
190	0	3	2.55	3.45
190	0	3	3.55	4.45
190	0	17	4.55	5.45
190	0	24	5.55	6.45
190	0	29	6.55	7.45
190	0	31	7.55	8.45
190	0	30	8.55	9.45
190	0	23	9.55	10.45
190	0	10	10.55	11.45
190	0	4	11.55	12.45
190	0	1	12.55	13.45
190	0	0	13.55	14.45
190	0	0	14.55	15.45
191	0	0	0.55	1.45
191	0	0	1.55	2.45
191	0	3	2.55	3.45
191	0	3	3.55	4.45
191	0	17	4.55	5.45
191	0	24	5.55	6.45
191	0	29	6.55	7.45
191	0	31	7.55	8.45
191	0	30	8.55	9.45
191	0	23	9.55	10.45
191	0	11	10.55	11.45
191	0	4	11.55	12.45
191	0	1	12.55	13.45
191	0	0	13.55	14.45
191	0	0	14.55	15.45
192	0	0	0.55	1.45
192	0	0	1.55	2.45
192	0	3	2.55	3.45
192	0	4	3.55	4.45
192	0	17	4.55	5.45
192	0	24	5.55	6.45
192	0	29	6.55	7.45
192	0	31	7.55	8.45
192	0	30	8.55	9.45
192	0	23	9.55	10.45
192	0	11	10.55	11.45
192	0	4	11.55	12.45
192	0	1	12.55	13.45
192	0	0	13.55	14.45
192	0	0	14.55	15.45
193	0	0	0.55	1.45
193	0	0	1.55	2.45
193	0	3	2.55	3.45
193	0	4	3.55	4.45
193	0	17	4.55	5.45
193	0	25	5.55	6.45
193	0	29	6.55	7.45
193	0	31	7.55	8.45
193	0	30	8.55	9.45
193	0	23	9.55	10.45
193	0	11	10.55	11.45
193	0	4	11.55	12.45
193	0	1	12.55	13.45
193	0	0	13.55	14.45
193	0	0	14.55	15.45
194	0	0	0.55	1.45
194	0	0	1.55	2.45
194	0	3	2.55	3.45
194	0	4	3.55	4.45
194	0	17	4.55	5.45
194	0	25	5.55	6.45
194	0	29	6.55	7.45
194	0	31	7.55	8.45
194	0	30	8.55	9.45
194	0	24	9.55	10.45
194	0	11	10.55	11.45
194	0	4	11.55	12.45
194	0	1	12.55	13.45
194	0	0	13.55	14.45
194	0	0	14.55	15.45
195	0	0	0.55	1.45
195	0	0	1.55	2.45
195	0	3	2.55	3.45
195	0	4	3.55	4.45
195	0	17	4.55	5.45
195	0	25	5.55	6.45
195	0	29	6.55	7.45
195	0	31	7.55	8.45
195	0	31	8.55	9.45
195	0	24	9.55	10.45
195	0	11	10.55	11.45
195	0	4	11.55	12.45
195	0	1	12.55	13.45
195	0	0	13.55	14.45
195	0	0	14.55	15.45
196	0	0	0.55	1.45
196	0	0	1.55	2.45
196	0	3	2.55	3.45
196	0	4	3.55	4.45
196	0	18	4.55	5.45
196	0	25	5.55	6.45
196	0	29	6.55	7.45
196	0	31	7.55	8.45
196	0	31	8.55	9.45
196	0	24	9.55	10.45
196	0	11	10.55	11.45
196	0	4	11.55	12.45
196	0	1	12.55	13.45
196	0	0	13.55	14.45
196	0	0	14.55	15.45
197	0	0	0.55	1.45
197	0	0	1.55	2.45
197	0	3	2.55	3.45
197	0	4	3.55	4.45
197	0	18	4.55	5.45
197	0	25	5.55	6.45
197	0	29	6.55	7.45
197	0	32	7.55	8.45
197	0	31	8.55	9.45
197	0	24	9.55	10.45
197	0	11	10.55	11.45
197	0	4	11.55	12.45
197	0	1	12.55	13.45
197	0	0	13.55	14.45
197	0	0	14.55	15.45
198	0	0	0.55	1.45
198	0	0	1.55	2.45
198	0	3	2.55	3.45
198	0	4	3.55	4.45
198	0	18	4.55	5.45
198	0	25	5.55	6.45
198	0	29	6.55	7.45
198	0	32	7.55	8.45
198	0	31	8.55	9.45
198	0	25	9.55	10.45
198	0	11	10.55	11.45
198	0	4	11.55	12.45
198	0	1	12.55	13.45
198	0	0	13.55	14.45
198	0	0	14.55	15.45
199	0	0	0.55	1.45
199	0	0	1.55	2.45
199	0	3	2.55	3.45
199	0	4	3.55	4.45
199	0	19	4.55	5.45
199	0	25	5.55	6.45
199	0	29	6.55	7.45
199	0	32	7.55	8.45
199	0	31	8.55	9.45
199	0	25	9.55	10.45
199	0	11	10.55	11.45
199	0	4	11.55	12.45
199	0	1	12.55	13.45
199	0	0	13.55	14.45
199	0	0	14.55	15.45
200	0	0	0.55	1.45
200	0	0	1.55	2.45
200	0	3	2.55	3.45
200	0	4	3.55	4.45
200	0	19	4.55	5.45
200	0	25	5.55	6.45
200	0	29	6.55	7.45
200	0	32	7.55	8.45
200	0	31	8.55	9.45
200	0	26	9.55	10.45
200	0	11	10.55	11.45
200	0	4	11.55	12.45
200	0	1	12.55	13.45
200	0	0	13.55	14.45
200	0	0	14.55	15.45
201	0	0	0.55	1.45
201	0	0	1.55	2.45
201	0	3	2.55	3.45
201	0	4	3.55	4.45
201	0	19	4.55	5.45
201	0	26	5.55	6.45
201	0	29	6.55	7.45
201	0	32	7.55	8.45
201	0	31	8.55	9.45
201	0	26	9.55	10.45
201	0	11	10.55	11.45
201	0	4	11.55	12.45
201	0	1	12.55	13.45
201	0	0	13.55	14.45
201	0	0	14.55	15.45
202	0	0	0.55	1.45
202	0	0	1.55	2.45
202	0	3	2.55	3.45
202	0	4	3.55	4.45
202	0	19	4.55	5.45
202	0	26	5.55	6.45
202	0	29	6.55	7.45
202	0	32	7.55	8.45
202	0	32	8.55	9.45
202	0	26	9.55	10.45
202	0	11	10.55	11.45
202	0	4	11.55	12.45
202	0	1	12.55	13.45
202	0	0	13.55	14.45
202	0	0	14.55	15.45
203	0	0	0.55	1.45
203	0	0	1.55	2.45
203	0	3	2.55	3.45
203	0	4	3.55	4.45
203	0	20	4.55	5.45
203	0	26	5.55	6.45
203	0	29	6.55	7.45
203	0	32	7.55	8.45
203	0	32	8.55	9.45
203	0	26	9.55	10.45
203	0	11	10.55	11.45
203	0	4	11.55	12.45
203	0	1	12.55	13.45
203	0	0	13.55	14.45
203	0	0	14.55	15.45
204	0	0	0.55	1.45
204	0	0	1.55	2.45
204	0	3	2.55	3.45
204	0	5	3.55	4.45
204	0	20	4.55	5.45
204	0	26	5.55	6.45
204	0	29	6.55	7.45
204	0	32	7.55	8.45
204	0	32	8.55	9.45
204	0	26	9.55	10.45
204	0	11	10.55	11.45
204	0	4	11.55	12.45
204	0	1	12.55	13.45
204	0	0	13.55	14.45
204	0	0	14.55	15.45
205	0	0	0.55	1.45
205	0	0	1.55	2.45
205	0	3	2.55	3.45
205	0	5	3.55	4.45
205	0	20	4.55	5.45
205	0	26	5.55	6.45
205	0	29	6.55	7.45
205	0	32	7.55	8.45
205	0	32	8.55	9.45
205	0	27	9.55	10.45
205	0	11	10.55	11.45
205	0	4	11.55	12.45
205	0	1	12.55	13.45
205	0	0	13.55	14.45
205	0	0	14.55	15.45
206	0	0	0.55	1.45
206	0	0	1.55	2.45
206	0	3	2.55	3.45
206	0	5	3.55	4.45
206	0	20	4.55	5.45
206	0	26	5.55	6.45
206	0	29	6.55	7.45
206	0	32	7.55	8.45
206	0	33	8.55	9.45
206	0	27	9.55	10.45
206	0	11	10.55	11.45
206	0	4	11.55	12.45
206	0	1	12.55	13.45
206	0	0	13.55	14.45
206	0	0	14.55	15.45
207	0	0	0.55	1.45
207	0	0	1.55	2.45
207	0	3	2.55	3.45
207	0	5	3.55	4.45
207	0	20	4.55	5.45
207	0	26	5.55	6.45
207	0	29	6.55	7.45
207	0	32	7.55	8.45
207	0	34	8.55	9.45
207	0	27	9.55	10.45
207	0	11	10.55	11.45
207	0	4	11.55	12.45
207	0	1	12.55	13.45
207	0	0	13.55	14.45
207	0	0	14.55	15.45
208	0	0	0.55	1.45
208	0	0	1.55	2.45
208	0	3	2.55	3.45
208	0	5	3.55	4.45
208	0	20	4.55	5.45
208	0	26	5.55	6.45
208	0	29	6.55	7.45
208	0	33	7.55	8.45
208	0	34	8.55	9.45
208	0	27	9.55	10.45
208	0	11	10.55	11.45
208	0	4	11.55	12.45
208	0	1	12.55	13.45
208	0	0	13.55	14.45
208	0	0	14.55	15.45
209	0	0	0.55	1.45
209	0	0	1.55	2.45
209	0	3	2.55	3.45
209	0	5	3.55	4.45
209	0	20	4.55	5.45
209	0	26	5.55	6.45
209	0	30	6.55	7.45
209	0	33	7.55	8.45
209	0	34	8.55	9.45
209	0	27	9.55	10.45
209	0	11	10.55	11.45
209	0	4	11.55	12.45
209	0	1	12.55	13.45
209	0	0	13.55	14.45
209	0	0	14.55	15.45
210	0	0	0.55	1.45
210	0	0	1.55	2.45
210	0	3	2.55	3.45
210	0	6	3.55	4.45
210	0	20	4.55	5.45
210	0	26	5.55	6.45
210	0	30	6.55	7.45
210	0	33	7.55	8.45
210	0	34	8.55	9.45
210	0	27	9.55	10.45
210	0	11	10.55	11.45
210	0	4	11.55	12.45
210	0	1	12.55	13.45
210	0	0	13.55	14.45
210	0	0	14.55	15.45
211	0	0	0.55	1.45
211	0	0	1.55	2.45
211	0	3	2.55	3.45
211	0	6	3.55	4.45
211	0	20	4.55	5.45
211	0	27	5.55	6.45
211	0	30	6.55	7.45
211	0	33	7.55	8.45
211	0	34	8.55	9.45
211	0	27	9.55	10.45
211	0	11	10.55	11.45
211	0	4	11.55	12.45
211	0	1	12.55	13.45
211	0	0	13.55	14.45
211	0	0	14.55	15.45
212	0	0	0.55	1.45
212	0	0	1.55	2.45
212	0	3	2.55	3.45
212	0	6	3.55	4.45
212	0	20	4.55	5.45
212	0	27	5.55	6.45
212	0	30	6.55	7.45
212	0	33	7.55	8.45
212	0	34	8.55	9.45
212	0	28	9.55	10.45
212	0	11	10.55	11.45
212	0	4	11.55	12.45
212	0	1	12.55	13.45
212	0	0	13.55	14.45
212	0	0	14.55	15.45
213	0	0	0.55	1.45
213	0	0	1.55	2.45
213	0	3	2.55	3.45
213	0	6	3.55	4.45
213	0	20	4.55	5.45
213	0	27	5.55	6.45
213	0	30	6.55	7.45
213	0	34	7.55	8.45
213	0	34	8.55	9.45
213	0	28	9.55	10.45
213	0	11	10.55	11.45
213	0	4	11.55	12.45
213	0	1	12.55	13.45
213	0	0	13.55	14.45
213	0	0	14.55	15.45
214	0	0	0.55	1.45
214	0	0	1.55	2.45
214	0	3	2.55	3.45
214	0	6	3.55	4.45
214	0	20	4.55	5.45
214	0	28	5.55	6.45
214	0	30	6.55	7.45
214	0	34	7.55	8.45
214	0	34	8.55	9.45
214	0	28	9.55	10.45
214	0	11	10.55	11.45
214	0	4	11.55	12.45
214	0	1	12.55	13.45
214	0	0	13.55	14.45
214	0	0	14.55	15.45
215	0	0	0.55	1.45
215	0	0	1.55	2.45
215	0	3	2.55	3.45
215	0	6	3.55	4.45
215	0	20	4.55	5.45
215	0	28	5.55	6.45
215	0	30	6.55	7.45
215	0	34	7.55	8.45
215	0	35	8.55	9.45
215	0	28	9.55	10.45
215	0	11	10.55	11.45
215	0	4	11.55	12.45
215	0	1	12.55	13.45
215	0	0	13.55	14.45
215	0	0	14.55	15.45
216	0	0	0.55	1.45
216	0	0	1.55	2.45
216	0	3	2.55	3.45
216	0	6	3.55	4.45
216	0	20	4.55	5.45
216	0	28	5.55	6.45
216	0	31	6.55	7.45
216	0	34	7.55	8.45
216	0	35	8.55	9.45
216	0	28	9.55	10.45
216	0	11	10.55	11.45
216	0	4	11.55	12.45
216	0	1	12.55	13.45
216	0	0	13.55	14.45
216	0	0	14.55	15.45
217	0	0	0.55	1.45
217	0	0	1.55	2.45
217	0	3	2.55	3.45
217	0	6	3.55	4.45
217	0	21	4.55	5.45
217	0	28	5.55	6.45
217	0	31	6.55	7.45
217	0	34	7.55	8.45
217	0	35	8.55	9.45
217	0	28	9.55	10.45
217	0	11	10.55	11.45
217	0	4	11.55	12.45
217	0	1	12.55	13.45
217	0	0	13.55	14.45
217	0	0	14.55	15.45
218	0	0	0.55	1.45
218	0	0	1.55	2.45
218	0	3	2.55	3.45
218	0	6	3.55	4.45
218	0	21	4.55	5.45
218	0	28	5.55	6.45
218	0	31	6.55	7.45
218	0	34	7.55	8.45
218	0	35	8.55	9.45
218	0	28	9.55	10.45
218	0	11	10.55	11.45
218	0	5	11.55	12.45
218	0	1	12.55	13.45
218	0	0	13.55	14.45
218	0	0	14.55	15.45
219	0	0	0.55	1.45
219	0	0	1.55	2.45
219	0	3	2.55	3.45
219	0	6	3.55	4.45
219	0	21	4.55	5.45
219	0	28	5.55	6.45
219	0	32	6.55	7.45
219	0	34	7.55	8.45
219	0	35	8.55	9.45
219	0	28	9.55	10.45
219	0	11	10.55	11.45
219	0	5	11.55	12.45
219	0	1	12.55	13.45
219	0	0	13.55	14.45
219	0	0	14.55	15.45
220	0	0	0.55	1.45
220	0	0	1.55	2.45
220	0	3	2.55	3.45
220	0	6	3.55	4.45
220	0	21	4.55	5.45
220	0	28	5.55	6.45
220	0	33	6.55	7.45
220	0	34	7.55	8.45
220	0	35	8.55	9.45
220	0	28	9.55	10.45
220	0	11	10.55	11.45
220	0	5	11.55	12.45
220	0	1	12.55	13.45
220	0	0	13.55	14.45
220	0	0	14.55	15.45
221	0	0	0.55	1.45
221	0	0	1.55	2.45
221	0	3	2.55	3.45
221	0	6	3.55	4.45
221	0	21	4.55	5.45
221	0	28	5.55	6.45
221	0	33	6.55	7.45
221	0	34	7.55	8.45
221	0	35	8.55	9.45
221	0	29	9.55	10.45
221	0	11	10.55	11.45
221	0	5	11.55	12.45
221	0	1	12.55	13.45
221	0	0	13.55	14.45
221	0	0	14.55	15.45
222	0	0	0.55	1.45
222	0	0	1.55	2.45
222	0	3	2.55	3.45
222	0	6	3.55	4.45
222	0	21	4.55	5.45
222	0	29	5.55	6.45
222	0	33	6.55	7.45
222	0	34	7.55	8.45
222	0	35	8.55	9.45
222	0	29	9.55	10.45
222	0	11	10.55	11.45
222	0	5	11.55	12.45
222	0	1	12.55	13.45
222	0	0	13.55	14.45
222	0	0	14.55	15.45
223	0	0	0.55	1.45
223	0	0	1.55	2.45
223	0	3	2.55	3.45
223	0	6	3.55	4.45
223	0	22	4.55	5.45
223	0	29	5.55	6.45
223	0	33	6.55	7.45
223	0	34	7.55	8.45
223	0	35	8.55	9.45
223	0	29	9.55	10.45
223	0	11	10.55	11.45
223	0	5	11.55	12.45
223	0	1	12.55	13.45
223	0	0	13.55	14.45
223	0	0	14.55	15.45
224	0	0	0.55	1.45
224	0	0	1.55	2.45
224	0	3	2.55	3.45
224	0	6	3.55	4.45
224	0	22	4.55	5.45
224	0	29	5.55	6.45
224	0	33	6.55	7.45
224	0	35	7.55	8.45
224	0	35	8.55	9.45
224	0	29	9.55	10.45
224	0	11	10.55	11.45
224	0	5	11.55	12.45
224	0	1	12.55	13.45
224	0	0	13.55	14.45
224	0	0	14.55	15.45
225	0	0	0.55	1.45
225	0	0	1.55	2.45
225	0	3	2.55	3.45
225	0	6	3.55	4.45
225	0	22	4.55	5.45
225	0	29	5.55	6.45
225	0	33	6.55	7.45
225	0	35	7.55	8.45
225	0	35	8.55	9.45
225	0	29	9.55	10.45
225	0	11	10.55	11.45
225	0	5	11.55	12.45
225	0	2	12.55	13.45
225	0	0	13.55	14.45
225	0	0	14.55	15.45
226	0	0	0.55	1.45
226	0	0	1.55	2.45
226	0	3	2.55	3.45
226	0	6	3.55	4.45
226	0	22	4.55	5.45
226	0	29	5.55	6.45
226	0	33	6.55	7.45
226	0	36	7.55	8.45
226	0	35	8.55	9.45
226	0	29	9.55	10.45
226	0	11	10.55	11.45
226	0	5	11.55	12.45
226	0	2	12.55	13.45
226	0	0	13.55	14.45
226	0	0	14.55	15.45
227	0	0	0.55	1.45
227	0	0	1.55	2.45
227	0	3	2.55	3.45
227	0	6	3.55	4.45
227	0	22	4.55	5.45
227	0	29	5.55	6.45
227	0	34	6.55	7.45
227	0	36	7.55	8.45
227	0	35	8.55	9.45
227	0	29	9.55	10.45
227	0	11	10.55	11.45
227	0	5	11.55	12.45
227	0	2	12.55	13.45
227	0	0	13.55	14.45
227	0	0	14.55	15.45
228	0	0	0.55	1.45
228	0	0	1.55	2.45
228	0	3	2.55	3.45
228	0	6	3.55	4.45
228	0	22	4.55	5.45
228	0	29	5.55	6.45
228	0	34	6.55	7.45
228	0	36	7.55	8.45
228	0	35	8.55	9.45
228	0	29	9.55	10.45
228	0	11	10.55	11.45
228	0	6	11.55	12.45
228	0	2	12.55	13.45
228	0	0	13.55	14.45
228	0	0	14.55	15.45
229	0	0	0.55	1.45
229	0	0	1.55	2.45
229	0	3	2.55	3.45
229	0	6	3.55	4.45
229	0	22	4.55	5.45
229	0	29	5.55	6.45
229	0	35	6.55	7.45
229	0	36	7.55	8.45
229	0	35	8.55	9.45
229	0	29	9.55	10.45
229	0	11	10.55	11.45
229	0	6	11.55	12.45
229	0	2	12.55	13.45
229	0	0	13.55	14.45
229	0	0	14.55	15.45
230	0	0	0.55	1.45
230	0	0	1.55	2.45
230	0	3	2.55	3.45
230	0	6	3.55	4.45
230	0	23	4.55	5.45
230	0	29	5.55	6.45
230	0	35	6.55	7.45
230	0	36	7.55	8.45
230	0	35	8.55	9.45
230	0	29	9.55	10.45
230	0	11	10.55	11.45
230	0	6	11.55	12.45
230	0	2	12.55	13.45
230	0	0	13.55	14.45
230	0	0	14.55	15.45
231	0	0	0.55	1.45
231	0	0	1.55	2.45
231	0	3	2.55	3.45
231	0	6	3.55	4.45
231	0	23	4.55	5.45
231	0	29	5.55	6.45
231	0	36	6.55	7.45
231	0	36	7.55	8.45
231	0	35	8.55	9.45
231	0	29	9.55	10.45
231	0	11	10.55	11.45
231	0	6	11.55	12.45
231	0	2	12.55	13.45
231	0	0	13.55	14.45
231	0	0	14.55	15.45
232	0	0	0.55	1.45
232	0	0	1.55	2.45
232	0	3	2.55	3.45
232	0	6	3.55	4.45
232	0	23	4.55	5.45
232	0	29	5.55	6.45
232	0	36	6.55	7.45
232	0	36	7.55	8.45
232	0	36	8.55	9.45
232	0	29	9.55	10.45
232	0	11	10.55	11.45
232	0	6	11.55	12.45
232	0	2	12.55	13.45
232	0	0	13.55	14.45
232	0	0	14.55	15.45
233	0	0	0.55	1.45
233	0	0	1.55	2.45
233	0	3	2.55	3.45
233	0	6	3.55	4.45
233	0	23	4.55	5.45
233	0	29	5.55	6.45
233	0	36	6.55	7.45
233	0	36	7.55	8.45
233	0	36	8.55	9.45
233	0	29	9.55	10.45
233	0	12	10.55	11.45
233	0	6	11.55	12.45
233	0	2	12.55	13.45
233	0	0	13.55	14.45
233	0	0	14.55	15.45
234	0	0	0.55	1.45
234	0	0	1.55	2.45
234	0	3	2.55	3.45
234	0	6	3.55	4.45
234	0	23	4.55	5.45
234	0	30	5.55	6.45
234	0	36	6.55	7.45
234	0	36	7.55	8.45
234	0	36	8.55	9.45
234	0	29	9.55	10.45
234	0	12	10.55	11.45
234	0	6	11.55	12.45
234	0	2	12.55	13.45
234	0	0	13.55	14.45
234	0	0	14.55	15.45
235	0	0	0.55	1.45
235	0	0	1.55	2.45
235	0	3	2.55	3.45
235	0	6	3.55	4.45
235	0	24	4.55	5.45
235	0	30	5.55	6.45
235	0	36	6.55	7.45
235	0	36	7.55	8.45
235	0	36	8.55	9.45
235	0	29	9.55	10.45
235	0	12	10.55	11.45
235	0	6	11.55	12.45
235	0	2	12.55	13.45
235	0	0	13.55	14.45
235	0	0	14.55	15.45
236	0	0	0.55	1.45
236	0	0	1.55	2.45
236	0	3	2.55	3.45
236	0	6	3.55	4.45
236	0	24	4.55	5.45
236	0	30	5.55	6.45
236	0	36	6.55	7.45
236	0	37	7.55	8.45
236	0	36	8.55	9.45
236	0	29	9.55	10.45
236	0	12	10.55	11.45
236	0	6	11.55	12.45
236	0	2	12.55	13.45
236	0	0	13.55	14.45
236	0	0	14.55	15.45
237	0	0	0.55	1.45
237	0	0	1.55	2.45
237	0	3	2.55	3.45
237	0	6	3.55	4.45
237	0	25	4.55	5.45
237	0	30	5.55	6.45
237	0	36	6.55	7.45
237	0	37	7.55	8.45
237	0	36	8.55	9.45
237	0	29	9.55	10.45
237	0	12	10.55	11.45
237	0	6	11.55	12.45
237	0	2	12.55	13.45
237	0	0	13.55	14.45
237	0	0	14.55	15.45
238	0	0	0.55	1.45
238	0	0	1.55	2.45
238	0	3	2.55	3.45
238	0	6	3.55	4.45
238	0	25	4.55	5.45
238	0	30	5.55	6.45
238	0	36	6.55	7.45
238	0	38	7.55	8.45
238	0	36	8.55	9.45
238	0	29	9.55	10.45
238	0	12	10.55	11.45
238	0	6	11.55	12.45
238	0	2	12.55	13.45
238	0	0	13.55	14.45
238	0	0	14.55	15.45
239	0	0	0.55	1.45
239	0	0	1.55	2.45
239	0	3	2.55	3.45
239	0	6	3.55	4.45
239	0	25	4.55	5.45
239	0	30	5.55	6.45
239	0	37	6.55	7.45
239	0	38	7.55	8.45
239	0	36	8.55	9.45
239	0	29	9.55	10.45
239	0	12	10.55	11.45
239	0	6	11.55	12.45
239	0	2	12.55	13.45
239	0	0	13.55	14.45
239	0	0	14.55	15.45
240	0	0	0.55	1.45
240	0	0	1.55	2.45
240	0	3	2.55	3.45
240	0	6	3.55	4.45
240	0	25	4.55	5.45
240	0	30	5.55	6.45
240	0	37	6.55	7.45
240	0	38	7.55	8.45
240	0	37	8.55	9.45
240	0	29	9.55	10.45
240	0	12	10.55	11.45
240	0	6	11.55	12.45
240	0	2	12.55	13.45
240	0	0	13.55	14.45
240	0	0	14.55	15.45
241	0	0	0.55	1.45
241	0	0	1.55	2.45
241	0	3	2.55	3.45
241	0	6	3.55	4.45
241	0	25	4.55	5.45
241	0	30	5.55	6.45
241	0	37	6.55	7.45
241	0	39	7.55	8.45
241	0	37	8.55	9.45
241	0	29	9.55	10.45
241	0	12	10.55	11.45
241	0	6	11.55	12.45
241	0	2	12.55	13.45
241	0	0	13.55	14.45
241	0	0	14.55	15.45
242	0	0	0.55	1.45
242	0	0	1.55	2.45
242	0	3	2.55	3.45
242	0	6	3.55	4.45
242	0	25	4.55	5.45
242	0	30	5.55	6.45
242	0	38	6.55	7.45
242	0	39	7.55	8.45
242	0	37	8.55	9.45
242	0	29	9.55	10.45
242	0	12	10.55	11.45
242	0	6	11.55	12.45
242	0	2	12.55	13.45
242	0	0	13.55	14.45
242	0	0	14.55	15.45
243	0	0	0.55	1.45
243	0	0	1.55	2.45
243	0	3	2.55	3.45
243	0	6	3.55	4.45
243	0	25	4.55	5.45
243	0	30	5.55	6.45
243	0	38	6.55	7.45
243	0	39	7.55	8.45
243	0	38	8.55	9.45
243	0	29	9.55	10.45
243	0	12	10.55	11.45
243	0	6	11.55	12.45
243	0	2	12.55	13.45
243	0	0	13.55	14.45
243	0	0	14.55	15.45
244	0	0	0.55	1.45
244	0	0	1.55	2.45
244	0	3	2.55	3.45
244	0	6	3.55	4.45
244	0	25	4.55	5.45
244	0	30	5.55	6.45
244	0	38	6.55	7.45
244	0	39	7.55	8.45
244	0	38	8.55	9.45
244	0	29	9.55	10.45
244	0	13	10.55	11.45
244	0	6	11.55	12.45
244	0	2	12.55	13.45
244	0	0	13.55	14.45
244	0	0	14.55	15.45
245	0	0	0.55	1.45
245	0	0	1.55	2.45
245	0	3	2.55	3.45
245	0	6	3.55	4.45
245	0	25	4.55	5.45
245	0	30	5.55	6.45
245	0	38	6.55	7.45
245	0	40	7.55	8.45
245	0	38	8.55	9.45
245	0	29	9.55	10.45
245	0	13	10.55	11.45
245	0	6	11.55	12.45
245	0	2	12.55	13.45
245	0	0	13.55	14.45
245	0	0	14.55	15.45
246	0	0	0.55	1.45
246	0	0	1.55	2.45
246	0	3	2.55	3.45
246	0	6	3.55	4.45
246	0	25	4.55	5.45
246	0	30	5.55	6.45
246	0	38	6.55	7.45
246	0	40	7.55	8.45
246	0	38	8.55	9.45
246	0	30	9.55	10.45
246	0	13	10.55	11.45
246	0	6	11.55	12.45
246	0	2	12.55	13.45
246	0	0	13.55	14.45
246	0	0	14.55	15.45
247	0	0	0.55	1.45
247	0	0	1.55	2.45
247	0	3	2.55	3.45
247	0	6	3.55	4.45
247	0	25	4.55	5.45
247	0	30	5.55	6.45
247	0	39	6.55	7.45
247	0	40	7.55	8.45
247	0	38	8.55	9.45
247	0	30	9.55	10.45
247	0	13	10.55	11.45
247	0	6	11.55	12.45
247	0	2	12.55	13.45
247	0	0	13.55	14.45
247	0	0	14.55	15.45
248	0	0	0.55	1.45
248	0	0	1.55	2.45
248	0	3	2.55	3.45
248	0	6	3.55	4.45
248	0	25	4.55	5.45
248	0	30	5.55	6.45
248	0	39	6.55	7.45
248	0	40	7.55	8.45
248	0	38	8.55	9.45
248	0	31	9.55	10.45
248	0	13	10.55	11.45
248	0	6	11.55	12.45
248	0	2	12.55	13.45
248	0	0	13.55	14.45
248	0	0	14.55	15.45
249	0	0	0.55	1.45
249	0	0	1.55	2.45
249	0	3	2.55	3.45
249	0	6	3.55	4.45
249	0	25	4.55	5.45
249	0	30	5.55	6.45
249	0	39	6.55	7.45
249	0	41	7.55	8.45
249	0	38	8.55	9.45
249	0	31	9.55	10.45
249	0	13	10.55	11.45
249	0	6	11.55	12.45
249	0	2	12.55	13.45
249	0	0	13.55	14.45
249	0	0	14.55	15.45
250	0	0	0.55	1.45
250	0	0	1.55	2.45
250	0	3	2.55	3.45
250	0	6	3.55	4.45
250	0	25	4.55	5.45
250	0	30	5.55	6.45
250	0	40	6.55	7.45
250	0	41	7.55	8.45
250	0	38	8.55	9.45
250	0	31	9.55	10.45
250	0	13	10.55	11.45
250	0	6	11.55	12.45
250	0	2	12.55	13.45
250	0	0	13.55	14.45
250	0	0	14.55	15.45
251	0	0	0.55	1.45
251	0	0	1.55	2.45
251	0	3	2.55	3.45
251	0	6	3.55	4.45
251	0	25	4.55	5.45
251	0	30	5.55	6.45
251	0	41	6.55	7.45
251	0	41	7.55	8.45
251	0	38	8.55	9.45
251	0	31	9.55	10.45
251	0	13	10.55	11.45
251	0	6	11.55	12.45
251	0	2	12.55	13.45
251	0	0	13.55	14.45
251	0	0	14.55	15.45
252	0	0	0.55	1.45
252	0	0	1.55	2.45
252	0	3	2.55	3.45
252	0	6	3.55	4.45
252	0	25	4.55	5.45
252	0	30	5.55	6.45
252	0	42	6.55	7.45
252	0	41	7.55	8.45
252	0	38	8.55	9.45
252	0	31	9.55	10.45
252	0	13	10.55	11.45
252	0	6	11.55	12.45
252	0	2	12.55	13.45
252	0	0	13.55	14.45
252	0	0	14.55	15.45
253	0	0	0.55	1.45
253	0	0	1.55	2.45
253	0	3	2.55	3.45
253	0	6	3.55	4.45
253	0	25	4.55	5.45
253	0	30	5.55	6.45
253	0	42	6.55	7.45
253	0	41	7.55	8.45
253	0	38	8.55	9.45
253	0	31	9.55	10.45
253	0	14	10.55	11.45
253	0	6	11.55	12.45
253	0	2	12.55	13.45
253	0	0	13.55	14.45
253	0	0	14.55	15.45
254	0	0	0.55	1.45
254	0	0	1.55	2.45
254	0	3	2.55	3.45
254	0	6	3.55	4.45
254	0	25	4.55	5.45
254	0	30	5.55	6.45
254	0	43	6.55	7.45
254	0	41	7.55	8.45
254	0	38	8.55	9.45
254	0	31	9.55	10.45
254	0	14	10.55	11.45
254	0	6	11.55	12.45
254	0	2	12.55	13.45
254	0	0	13.55	14.45
254	0	0	14.55	15.45
255	0	0	0.55	1.45
255	0	0	1.55	2.45
255	0	3	2.55	3.45
255	0	6	3.55	4.45
255	0	25	4.55	5.45
255	0	30	5.55	6.45
255	0	44	6.55	7.45
255	0	41	7.55	8.45
255	0	38	8.55	9.45
255	0	31	9.55	10.45
255	0	14	10.55	11.45
255	0	6	11.55	12.45
255	0	2	12.55	13.45
255	0	0	13.55	14.45
255	0	0	14.55	15.45
256	0	0	0.55	1.45
256	0	0	1.55	2.45
256	0	3	2.55	3.45
256	0	6	3.55	4.45
256	0	25	4.55	5.45
256	0	30	5.55	6.45
256	0	44	6.55	7.45
256	0	41	7.55	8.45
256	0	39	8.55	9.45
256	0	31	9.55	10.45
256	0	14	10.55	11.45
256	0	6	11.55	12.45
256	0	2	12.55	13.45
256	0	0	13.55	14.45
256	0	0	14.55	15.45
257	0	0	0.55	1.45
257	0	0	1.55	2.45
257	0	3	2.55	3.45
257	0	6	3.55	4.45
257	0	25	4.55	5.45
257	0	30	5.55	6.45
257	0	44	6.55	7.45
257	0	42	7.55	8.45
257	0	39	8.55	9.45
257	0	31	9.55	10.45
257	0	14	10.55	11.45
257	0	6	11.55	12.45
257	0	2	12.55	13.45
257	0	0	13.55	14.45
257	0	0	14.55	15.45
258	0	0	0.55	1.45
258	0	0	1.55	2.45
258	0	3	2.55	3.45
258	0	6	3.55	4.45
258	0	25	4.55	5.45
258	0	30	5.55	6.45
258	0	44	6.55	7.45
258	0	42	7.55	8.45
258	0	40	8.55	9.45
258	0	31	9.55	10.45
258	0	14	10.55	11.45
258	0	6	11.55	12.45
258	0	2	12.55	13.45
258	0	0	13.55	14.45
258	0	0	14.55	15.45
259	0	0	0.55	1.45
259	0	0	1.55	2.45
259	0	3	2.55	3.45
259	0	6	3.55	4.45
259	0	25	4.55	5.45
259	0	30	5.55	6.45
259	0	44	6.55	7.45
259	0	43	7.55	8.45
259	0	40	8.55	9.45
259	0	31	9.55	10.45
259	0	14	10.55	11.45
259	0	6	11.55	12.45
259	0	2	12.55	13.45
259	0	0	13.55	14.45
259	0	0	14.55	15.45
260	0	0	0.55	1.45
260	0	0	1.55	2.45
260	0	3	2.55	3.45
260	0	6	3.55	4.45
260	0	25	4.55	5.45
260	0	30	5.55	6.45
260	0	45	6.55	7.45
260	0	43	7.55	8.45
260	0	40	8.55	9.45
260	0	31	9.55	10.45
260	0	14	10.55	11.45
260	0	6	11.55	12.45
260	0	2	12.55	13.45
260	0	0	13.55	14.45
260	0	0	14.55	15.45
261	0	0	0.55	1.45
261	0	0	1.55	2.45
261	0	3	2.55	3.45
261	0	6	3.55	4.45
261	0	25	4.55	5.45
261	0	30	5.55	6.45
261	0	46	6.55	7.45
261	0	43	7.55	8.45
261	0	40	8.55	9.45
261	0	31	9.55	10.45
261	0	14	10.55	11.45
261	0	6	11.55	12.45
261	0	2	12.55	13.45
261	0	0	13.55	14.45
261	0	0	14.55	15.45
262	0	0	0.55	1.45
262	0	0	1.55	2.45
262	0	3	2.55	3.45
262	0	6	3.55	4.45
262	0	25	4.55	5.45
262	0	30	5.55	6.45
262	0	46	6.55	7.45
262	0	43	7.55	8.45
262	0	40	8.55	9.45
262	0	32	9.55	10.45
262	0	14	10.55	11.45
262	0	6	11.55	12.45
262	0	2	12.55	13.45
262	0	0	13.55	14.45
262	0	0	14.55	15.45
263	0	0	0.55	1.45
263	0	0	1.55	2.45
263	0	3	2.55	3.45
263	0	6	3.55	4.45
263	0	25	4.55	5.45
263	0	31	5.55	6.45
263	0	46	6.55	7.45
263	0	43	7.55	8.45
263	0	40	8.55	9.45
263	0	32	9.55	10.45
263	0	14	10.55	11.45
263	0	6	11.55	12.45
263	0	2	12.55	13.45
263	0	0	13.55	14.45
263	0	0	14.55	15.45
264	0	0	0.55	1.45
264	0	0	1.55	2.45
264	0	3	2.55	3.45
264	0	6	3.55	4.45
264	0	25	4.55	5.45
264	0	31	5.55	6.45
264	0	46	6.55	7.45
264	0	43	7.55	8.45
264	0	41	8.55	9.45
264	0	32	9.55	10.45
264	0	14	10.55	11.45
264	0	6	11.55	12.45
264	0	2	12.55	13.45
264	0	0	13.55	14.45
264	0	0	14.55	15.45
265	0	0	0.55	1.45
265	0	0	1.55	2.45
265	0	3	2.55	3.45
265	0	6	3.55	4.45
265	0	25	4.55	5.45
265	0	31	5.55	6.45
265	0	47	6.55	7.45
265	0	43	7.55	8.45
265	0	41	8.55	9.45
265	0	32	9.55	10.45
265	0	14	10.55	11.45
265	0	6	11.55	12.45
265	0	2	12.55	13.45
265	0	0	13.55	14.45
265	0	0	14.55	15.45
266	0	0	0.55	1.45
266	0	0	1.55	2.45
266	0	3	2.55	3.45
266	0	6	3.55	4.45
266	0	25	4.55	5.45
266	0	31	5.55	6.45
266	0	47	6.55	7.45
266	0	43	7.55	8.45
266	0	42	8.55	9.45
266	0	32	9.55	10.45
266	0	14	10.55	11.45
266	0	6	11.55	12.45
266	0	2	12.55	13.45
266	0	0	13.55	14.45
266	0	0	14.55	15.45
267	0	0	0.55	1.45
267	0	0	1.55	2.45
267	0	3	2.55	3.45
267	0	6	3.55	4.45
267	0	25	4.55	5.45
267	0	31	5.55	6.45
267	0	47	6.55	7.45
267	0	44	7.55	8.45
267	0	42	8.55	9.45
267	0	32	9.55	10.45
267	0	14	10.55	11.45
267	0	6	11.55	12.45
267	0	2	12.55	13.45
267	0	0	13.55	14.45
267	0	0	14.55	15.45
268	0	0	0.55	1.45
268	0	0	1.55	2.45
268	0	3	2.55	3.45
268	0	6	3.55	4.45
268	0	26	4.55	5.45
268	0	31	5.55	6.45
268	0	47	6.55	7.45
268	0	44	7.55	8.45
268	0	42	8.55	9.45
268	0	32	9.55	10.45
268	0	14	10.55	11.45
268	0	6	11.55	12.45
268	0	2	12.55	13.45
268	0	0	13.55	14.45
268	0	0	14.55	15.45
269	0	0	0.55	1.45
269	0	0	1.55	2.45
269	0	3	2.55	3.45
269	0	6	3.55	4.45
269	0	26	4.55	5.45
269	0	31	5.55	6.45
269	0	48	6.55	7.45
269	0	44	7.55	8.45
269	0	42	8.55	9.45
269	0	32	9.55	10.45
269	0	14	10.55	11.45
269	0	6	11.55	12.45
269	0	2	12.55	13.45
269	0	0	13.55	14.45
269	0	0	14.55	15.45
270	0	0	0.55	1.45
270	0	0	1.55	2.45
270	0	3	2.55	3.45
270	0	6	3.55	4.45
270	0	26	4.55	5.45
270	0	31	5.55	6.45
270	0	48	6.55	7.45
270	0	44	7.55	8.45
270	0	42	8.55	9.45
270	0	33	9.55	10.45
270	0	14	10.55	11.45
270	0	6	11.55	12.45
270	0	2	12.55	13.45
270	0	0	13.55	14.45
270	0	0	14.55	15.45
271	0	0	0.55	1.45
271	0	0	1.55	2.45
271	0	3	2.55	3.45
271	0	6	3.55	4.45
271	0	26	4.55	5.45
271	0	31	5.55	6.45
271	0	48	6.55	7.45
271	0	44	7.55	8.45
271	0	43	8.55	9.45
271	0	33	9.55	10.45
271	0	14	10.55	11.45
271	0	6	11.55	12.45
271	0	2	12.55	13.45
271	0	0	13.55	14.45
271	0	0	14.55	15.45
272	0	0	0.55	1.45
272	0	0	1.55	2.45
272	0	3	2.55	3.45
272	0	6	3.55	4.45
272	0	26	4.55	5.45
272	0	31	5.55	6.45
272	0	48	6.55	7.45
272	0	44	7.55	8.45
272	0	43	8.55	9.45
272	0	33	9.55	10.45
272	0	15	10.55	11.45
272	0	6	11.55	12.45
272	0	2	12.55	13.45
272	0	0	13.55	14.45
272	0	0	14.55	15.45
273	0	0	0.55	1.45
273	0	0	1.55	2.45
273	0	3	2.55	3.45
273	0	6	3.55	4.45
273	0	26	4.55	5.45
273	0	32	5.55	6.45
273	0	48	6.55	7.45
273	0	44	7.55	8.45
273	0	43	8.55	9.45
273	0	33	9.55	10.45
273	0	15	10.55	11.45
273	0	6	11.55	12.45
273	0	2	12.55	13.45
273	0	0	13.55	14.45
273	0	0	14.55	15.45
274	0	0	0.55	1.45
274	0	0	1.55	2.45
274	0	3	2.55	3.45
274	0	6	3.55	4.45
274	0	27	4.55	5.45
274	0	32	5.55	6.45
274	0	48	6.55	7.45
274	0	44	7.55	8.45
274	0	43	8.55	9.45
274	0	33	9.55	10.45
274	0	15	10.55	11.45
274	0	6	11.55	12.45
274	0	2	12.55	13.45
274	0	0	13.55	14.45
274	0	0	14.55	15.45
275	0	0	0.55	1.45
275	0	0	1.55	2.45
275	0	3	2.55	3.45
275	0	6	3.55	4.45
275	0	27	4.55	5.45
275	0	32	5.55	6.45
275	0	49	6.55	7.45
275	0	44	7.55	8.45
275	0	43	8.55	9.45
275	0	33	9.55	10.45
275	0	15	10.55	11.45
275	0	6	11.55	12.45
275	0	2	12.55	13.45
275	0	0	13.55	14.45
275	0	0	14.55	15.45
276	0	0	0.55	1.45
276	0	0	1.55	2.45
276	0	3	2.55	3.45
276	0	6	3.55	4.45
276	0	27	4.55	5.45
276	0	32	5.55	6.45
276	0	49	6.55	7.45
276	0	44	7.55	8.45
276	0	43	8.55	9.45
276	0	33	9.55	10.45
276	0	16	10.55	11.45
276	0	6	11.55	12.45
276	0	2	12.55	13.45
276	0	0	13.55	14.45
276	0	0	14.55	15.45
277	0	0	0.55	1.45
277	0	0	1.55	2.45
277	0	3	2.55	3.45
277	0	6	3.55	4.45
277	0	27	4.55	5.45
277	0	32	5.55	6.45
277	0	49	6.55	7.45
277	0	44	7.55	8.45
277	0	43	8.55	9.45
277	0	33	9.55	10.45
277	0	17	10.55	11.45
277	0	6	11.55	12.45
277	0	2	12.55	13.45
277	0	0	13.55	14.45
277	0	0	14.55	15.45
278	0	0	0.55	1.45
278	0	0	1.55	2.45
278	0	3	2.55	3.45
278	0	6	3.55	4.45
278	0	27	4.55	5.45
278	0	33	5.55	6.45
278	0	49	6.55	7.45
278	0	44	7.55	8.45
278	0	43	8.55	9.45
278	0	33	9.55	10.45
278	0	17	10.55	11.45
278	0	6	11.55	12.45
278	0	2	12.55	13.45
278	0	0	13.55	14.45
278	0	0	14.55	15.45
279	0	0	0.55	1.45
279	0	0	1.55	2.45
279	0	3	2.55	3.45
279	0	6	3.55	4.45
279	0	27	4.55	5.45
279	0	34	5.55	6.45
279	0	49	6.55	7.45
279	0	44	7.55	8.45
279	0	43	8.55	9.45
279	0	33	9.55	10.45
279	0	17	10.55	11.45
279	0	6	11.55	12.45
279	0	2	12.55	13.45
279	0	0	13.55	14.45
279	0	0	14.55	15.45
280	0	0	0.55	1.45
280	0	0	1.55	2.45
280	0	3	2.55	3.45
280	0	6	3.55	4.45
280	0	28	4.55	5.45
280	0	34	5.55	6.45
280	0	49	6.55	7.45
280	0	44	7.55	8.45
280	0	43	8.55	9.45
280	0	33	9.55	10.45
280	0	17	10.55	11.45
280	0	6	11.55	12.45
280	0	2	12.55	13.45
280	0	0	13.55	14.45
280	0	0	14.55	15.45
281	0	0	0.55	1.45
281	0	0	1.55	2.45
281	0	3	2.55	3.45
281	0	6	3.55	4.45
281	0	28	4.55	5.45
281	0	34	5.55	6.45
281	0	50	6.55	7.45
281	0	44	7.55	8.45
281	0	43	8.55	9.45
281	0	33	9.55	10.45
281	0	17	10.55	11.45
281	0	6	11.55	12.45
281	0	2	12.55	13.45
281	0	0	13.55	14.45
281	0	0	14.55	15.45
282	0	0	0.55	1.45
282	0	0	1.55	2.45
282	0	3	2.55	3.45
282	0	6	3.55	4.45
282	0	28	4.55	5.45
282	0	34	5.55	6.45
282	0	50	6.55	7.45
282	0	44	7.55	8.45
282	0	44	8.55	9.45
282	0	33	9.55	10.45
282	0	17	10.55	11.45
282	0	6	11.55	12.45
282	0	2	12.55	13.45
282	0	0	13.55	14.45
282	0	0	14.55	15.45
283	0	0	0.55	1.45
283	0	0	1.55	2.45
283	0	3	2.55	3.45
283	0	6	3.55	4.45
283	0	28	4.55	5.45
283	0	34	5.55	6.45
283	0	50	6.55	7.45
283	0	45	7.55	8.45
283	0	44	8.55	9.45
283	0	33	9.55	10.45
283	0	17	10.55	11.45
283	0	6	11.55	12.45
283	0	2	12.55	13.45
283	0	0	13.55	14.45
283	0	0	14.55	15.45
284	0	0	0.55	1.45
284	0	0	1.55	2.45
284	0	3	2.55	3.45
284	0	6	3.55	4.45
284	0	28	4.55	5.45
284	0	35	5.55	6.45
284	0	50	6.55	7.45
284	0	45	7.55	8.45
284	0	44	8.55	9.45
284	0	33	9.55	10.45
284	0	17	10.55	11.45
284	0	6	11.55	12.45
284	0	2	12.55	13.45
284	0	0	13.55	14.45
284	0	0	14.55	15.45
285	0	0	0.55	1.45
285	0	0	1.55	2.45
285	0	3	2.55	3.45
285	0	6	3.55	4.45
285	0	28	4.55	5.45
285	0	35	5.55	6.45
285	0	50	6.55	7.45
285	0	46	7.55	8.45
285	0	44	8.55	9.45
285	0	33	9.55	10.45
285	0	17	10.55	11.45
285	0	6	11.55	12.45
285	0	2	12.55	13.45
285	0	0	13.55	14.45
285	0	0	14.55	15.45
286	0	0	0.55	1.45
286	0	0	1.55	2.45
286	0	3	2.55	3.45
286	0	6	3.55	4.45
286	0	28	4.55	5.45
286	0	35	5.55	6.45
286	0	50	6.55	7.45
286	0	46	7.55	8.45
286	0	45	8.55	9.45
286	0	33	9.55	10.45
286	0	17	10.55	11.45
286	0	6	11.55	12.45
286	0	2	12.55	13.45
286	0	0	13.55	14.45
286	0	0	14.55	15.45
287	0	0	0.55	1.45
287	0	0	1.55	2.45
287	0	3	2.55	3.45
287	0	6	3.55	4.45
287	0	28	4.55	5.45
287	0	35	5.55	6.45
287	0	50	6.55	7.45
287	0	47	7.55	8.45
287	0	45	8.55	9.45
287	0	33	9.55	10.45
287	0	17	10.55	11.45
287	0	6	11.55	12.45
287	0	2	12.55	13.45
287	0	0	13.55	14.45
287	0	0	14.55	15.45
288	0	0	0.55	1.45
288	0	0	1.55	2.45
288	0	3	2.55	3.45
288	0	6	3.55	4.45
288	0	28	4.55	5.45
288	0	35	5.55	6.45
288	0	50	6.55	7.45
288	0	47	7.55	8.45
288	0	46	8.55	9.45
288	0	33	9.55	10.45
288	0	17	10.55	11.45
288	0	6	11.55	12.45
288	0	2	12.55	13.45
288	0	0	13.55	14.45
288	0	0	14.55	15.45
289	0	0	0.55	1.45
289	0	0	1.55	2.45
289	0	3	2.55	3.45
289	0	6	3.55	4.45
289	0	28	4.55	5.45
289	0	35	5.55	6.45
289	0	50	6.55	7.45
289	0	47	7.55	8.45
289	0	47	8.55	9.45
289	0	33	9.55	10.45
289	0	17	10.55	11.45
289	0	6	11.55	12.45
289	0	2	12.55	13.45
289	0	0	13.55	14.45
289	0	0	14.55	15.45
290	0	0	0.55	1.45
290	0	0	1.55	2.45
290	0	3	2.55	3.45
290	0	6	3.55	4.45
290	0	28	4.55	5.45
290	0	35	5.55	6.45
290	0	50	6.55	7.45
290	0	47	7.55	8.45
290	0	48	8.55	9.45
290	0	33	9.55	10.45
290	0	17	10.55	11.45
290	0	6	11.55	12.45
290	0	2	12.55	13.45
290	0	0	13.55	14.45
290	0	0	14.55	15.45
291	0	0	0.55	1.45
291	0	0	1.55	2.45
291	0	3	2.55	3.45
291	0	6	3.55	4.45
291	0	29	4.55	5.45
291	0	35	5.55	6.45
291	0	50	6.55	7.45
291	0	47	7.55	8.45
291	0	48	8.55	9.45
291	0	33	9.55	10.45
291	0	17	10.55	11.45
291	0	6	11.55	12.45
291	0	2	12.55	13.45
291	0	0	13.55	14.45
291	0	0	14.55	15.45
292	0	0	0.55	1.45
292	0	0	1.55	2.45
292	0	3	2.55	3.45
292	0	6	3.55	4.45
292	0	29	4.55	5.45
292	0	35	5.55	6.45
292	0	50	6.55	7.45
292	0	48	7.55	8.45
292	0	48	8.55	9.45
292	0	33	9.55	10.45
292	0	17	10.55	11.45
292	0	6	11.55	12.45
292	0	2	12.55	13.45
292	0	0	13.55	14.45
292	0	0	14.55	15.45
293	0	0	0.55	1.45
293	0	0	1.55	2.45
293	0	3	2.55	3.45
293	0	6	3.55	4.45
293	0	29	4.55	5.45
293	0	35	5.55	6.45
293	0	50	6.55	7.45
293	0	49	7.55	8.45
293	0	48	8.55	9.45
293	0	33	9.55	10.45
293	0	17	10.55	11.45
293	0	6	11.55	12.45
293	0	2	12.55	13.45
293	0	0	13.55	14.45
293	0	0	14.55	15.45
294	0	0	0.55	1.45
294	0	0	1.55	2.45
294	0	3	2.55	3.45
294	0	6	3.55	4.45
294	0	29	4.55	5.45
294	0	36	5.55	6.45
294	0	50	6.55	7.45
294	0	49	7.55	8.45
294	0	48	8.55	9.45
294	0	33	9.55	10.45
294	0	17	10.55	11.45
294	0	6	11.55	12.45
294	0	2	12.55	13.45
294	0	0	13.55	14.45
294	0	0	14.55	15.45
295	0	0	0.55	1.45
295	0	0	1.55	2.45
295	0	3	2.55	3.45
295	0	6	3.55	4.45
295	0	29	4.55	5.45
295	0	36	5.55	6.45
295	0	50	6.55	7.45
295	0	50	7.55	8.45
295	0	48	8.55	9.45
295	0	33	9.55	10.45
295	0	17	10.55	11.45
295	0	6	11.55	12.45
295	0	2	12.55	13.45
295	0	0	13.55	14.45
295	0	0	14.55	15.45
296	0	0	0.55	1.45
296	0	0	1.55	2.45
296	0	3	2.55	3.45
296	0	6	3.55	4.45
296	0	29	4.55	5.45
296	0	36	5.55	6.45
296	0	51	6.55	7.45
296	0	50	7.55	8.45
296	0	48	8.55	9.45
296	0	33	9.55	10.45
296	0	17	10.55	11.45
296	0	6	11.55	12.45
296	0	2	12.55	13.45
296	0	0	13.55	14.45
296	0	0	14.55	15.45
297	0	0	0.55	1.45
297	0	0	1.55	2.45
297	0	3	2.55	3.45
297	0	6	3.55	4.45
297	0	29	4.55	5.45
297	0	37	5.55	6.45
297	0	51	6.55	7.45
297	0	50	7.55	8.45
297	0	48	8.55	9.45
297	0	33	9.55	10.45
297	0	17	10.55	11.45
297	0	6	11.55	12.45
297	0	2	12.55	13.45
297	0	0	13.55	14.45
297	0	0	14.55	15.45
298	0	0	0.55	1.45
298	0	0	1.55	2.45
298	0	3	2.55	3.45
298	0	6	3.55	4.45
298	0	29	4.55	5.45
298	0	37	5.55	6.45
298	0	51	6.55	7.45
298	0	51	7.55	8.45
298	0	48	8.55	9.45
298	0	33	9.55	10.45
298	0	17	10.55	11.45
298	0	6	11.55	12.45
298	0	2	12.55	13.45
298	0	0	13.55	14.45
298	0	0	14.55	15.45
299	0	0	0.55	1.45
299	0	0	1.55	2.45
299	0	3	2.55	3.45
299	0	6	3.55	4.45
299	0	29	4.55	5.45
299	0	37	5.55	6.45
299	0	51	6.55	7.45
299	0	52	7.55	8.45
299	0	48	8.55	9.45
299	0	33	9.55	10.45
299	0	17	10.55	11.45
299	0	6	11.55	12.45
299	0	2	12.55	13.45
299	0	0	13.55	14.45
299	0	0	14.55	15.45
300	0	0	0.55	1.45
300	0	0	1.55	2.45
300	0	3	2.55	3.45
300	0	6	3.55	4.45
300	0	29	4.55	5.45
300	0	37	5.55	6.45
300	0	51	6.55	7.45
300	0	52	7.55	8.45
300	0	48	8.55	9.45
300	0	34	9.55	10.45
300	0	17	10.55	11.45
300	0	6	11.55	12.45
300	0	2	12.55	13.45
300	0	0	13.55	14.45
300	0	0	14.55	15.45
301	0	0	0.55	1.45
301	0	0	1.55	2.45
301	0	3	2.55	3.45
301	0	6	3.55	4.45
301	0	29	4.55	5.45
301	0	37	5.55	6.45
301	0	51	6.55	7.45
301	0	52	7.55	8.45
301	0	49	8.55	9.45
301	0	34	9.55	10.45
301	0	17	10.55	11.45
301	0	6	11.55	12.45
301	0	2	12.55	13.45
301	0	0	13.55	14.45
301	0	0	14.55	15.45
302	0	0	0.55	1.45
302	0	0	1.55	2.45
302	0	3	2.55	3.45
302	0	6	3.55	4.45
302	0	29	4.55	5.45
302	0	37	5.55	6.45
302	0	51	6.55	7.45
302	0	52	7.55	8.45
302	0	49	8.55	9.45
302	0	35	9.55	10.45
302	0	17	10.55	11.45
302	0	6	11.55	12.45
302	0	2	12.55	13.45
302	0	0	13.55	14.45
302	0	0	14.55	15.45
303	0	0	0.55	1.45
303	0	0	1.55	2.45
303	0	3	2.55	3.45
303	0	6	3.55	4.45
303	0	29	4.55	5.45
303	0	37	5.55	6.45
303	0	51	6.55	7.45
303	0	52	7.55	8.45
303	0	49	8.55	9.45
303	0	36	9.55	10.45
303	0	17	10.55	11.45
303	0	6	11.55	12.45
303	0	2	12.55	13.45
303	0	0	13.55	14.45
303	0	0	14.55	15.45
304	0	0	0.55	1.45
304	0	0	1.55	2.45
304	0	3	2.55	3.45
304	0	6	3.55	4.45
304	0	29	4.55	5.45
304	0	37	5.55	6.45
304	0	51	6.55	7.45
304	0	52	7.55	8.45
304	0	49	8.55	9.45
304	0	37	9.55	10.45
304	0	17	10.55	11.45
304	0	6	11.55	12.45
304	0	2	12.55	13.45
304	0	0	13.55	14.45
304	0	0	14.55	15.45
305	0	0	0.55	1.45
305	0	0	1.55	2.45
305	0	3	2.55	3.45
305	0	6	3.55	4.45
305	0	30	4.55	5.45
305	0	37	5.55	6.45
305	0	51	6.55	7.45
305	0	52	7.55	8.45
305	0	49	8.55	9.45
305	0	37	9.55	10.45
305	0	17	10.55	11.45
305	0	6	11.55	12.45
305	0	2	12.55	13.45
305	0	0	13.55	14.45
305	0	0	14.55	15.45
306	0	0	0.55	1.45
306	0	0	1.55	2.45
306	0	3	2.55	3.45
306	0	7	3.55	4.45
306	0	30	4.55	5.45
306	0	37	5.55	6.45
306	0	51	6.55	7.45
306	0	52	7.55	8.45
306	0	49	8.55	9.45
306	0	37	9.55	10.45
306	0	17	10.55	11.45
306	0	6	11.55	12.45
306	0	2	12.55	13.45
306	0	0	13.55	14.45
306	0	0	14.55	15.45
307	0	0	0.55	1.45
307	0	0	1.55	2.45
307	0	3	2.55	3.45
307	0	7	3.55	4.45
307	0	30	4.55	5.45
307	0	37	5.55	6.45
307	0	51	6.55	7.45
307	0	53	7.55	8.45
307	0	49	8.55	9.45
307	0	37	9.55	10.45
307	0	17	10.55	11.45
307	0	6	11.55	12.45
307	0	2	12.55	13.45
307	0	0	13.55	14.45
307	0	0	14.55	15.45
308	0	0	0.55	1.45
308	0	0	1.55	2.45
308	0	3	2.55	3.45
308	0	7	3.55	4.45
308	0	30	4.55	5.45
308	0	37	5.55	6.45
308	0	51	6.55	7.45
308	0	53	7.55	8.45
308	0	49	8.55	9.45
308	0	37	9.55	10.45
308	0	18	10.55	11.45
308	0	6	11.55	12.45
308	0	2	12.55	13.45
308	0	0	13.55	14.45
308	0	0	14.55	15.45
309	0	0	0.55	1.45
309	0	0	1.55	2.45
309	0	3	2.55	3.45
309	0	7	3.55	4.45
309	0	30	4.55	5.45
309	0	37	5.55	6.45
309	0	51	6.55	7.45
309	0	54	7.55	8.45
309	0	49	8.55	9.45
309	0	37	9.55	10.45
309	0	18	10.55	11.45
309	0	6	11.55	12.45
309	0	2	12.55	13.45
309	0	0	13.55	14.45
309	0	0	14.55	15.45
310	0	0	0.55	1.45
310	0	0	1.55	2.45
310	0	3	2.55	3.45
310	0	7	3.55	4.45
310	0	30	4.55	5.45
310	0	37	5.55	6.45
310	0	51	6.55	7.45
310	0	54	7.55	8.45
310	0	50	8.55	9.45
310	0	37	9.55	10.45
310	0	18	10.55	11.45
310	0	6	11.55	12.45
310	0	2	12.55	13.45
310	0	0	13.55	14.45
310	0	0	14.55	15.45
311	0	0	0.55	1.45
311	0	0	1.55	2.45
311	0	3	2.55	3.45
311	0	7	3.55	4.45
311	0	30	4.55	5.45
311	0	37	5.55	6.45
311	0	52	6.55	7.45
311	0	54	7.55	8.45
311	0	50	8.55	9.45
311	0	37	9.55	10.45
311	0	18	10.55	11.45
311	0	6	11.55	12.45
311	0	2	12.55	13.45
311	0	0	13.55	14.45
311	0	0	14.55	15.45
312	0	0	0.55	1.45
312	0	0	1.55	2.45
312	0	3	2.55	3.45
312	0	8	3.55	4.45
312	0	30	4.55	5.45
312	0	37	5.55	6.45
312	0	52	6.55	7.45
312	0	54	7.55	8.45
312	0	50	8.55	9.45
312	0	37	9.55	10.45
312	0	18	10.55	11.45
312	0	6	11.55	12.45
312	0	2	12.55	13.45
312	0	0	13.55	14.45
312	0	0	14.55	15.45
313	0	0	0.55	1.45
313	0	0	1.55	2.45
313	0	3	2.55	3.45
313	0	8	3.55	4.45
313	0	30	4.55	5.45
313	0	37	5.55	6.45
313	0	52	6.55	7.45
313	0	55	7.55	8.45
313	0	50	8.55	9.45
313	0	37	9.55	10.45
313	0	18	10.55	11.45
313	0	6	11.55	12.45
313	0	2	12.55	13.45
313	0	0	13.55	14.45
313	0	0	14.55	15.45
314	0	0	0.55	1.45
314	0	0	1.55	2.45
314	0	3	2.55	3.45
314	0	8	3.55	4.45
314	0	30	4.55	5.45
314	0	38	5.55	6.45
314	0	52	6.55	7.45
314	0	55	7.55	8.45
314	0	50	8.55	9.45
314	0	37	9.55	10.45
314	0	18	10.55	11.45
314	0	6	11.55	12.45
314	0	2	12.55	13.45
314	0	0	13.55	14.45
314	0	0	14.55	15.45
315	0	0	0.55	1.45
315	0	0	1.55	2.45
315	0	3	2.55	3.45
315	0	8	3.55	4.45
315	0	30	4.55	5.45
315	0	39	5.55	6.45
315	0	52	6.55	7.45
315	0	55	7.55	8.45
315	0	50	8.55	9.45
315	0	37	9.55	10.45
315	0	18	10.55	11.45
315	0	6	11.55	12.45
315	0	2	12.55	13.45
315	0	0	13.55	14.45
315	0	0	14.55	15.45
316	0	0	0.55	1.45
316	0	0	1.55	2.45
316	0	3	2.55	3.45
316	0	8	3.55	4.45
316	0	30	4.55	5.45
316	0	39	5.55	6.45
316	0	53	6.55	7.45
316	0	55	7.55	8.45
316	0	50	8.55	9.45
316	0	37	9.55	10.45
316	0	18	10.55	11.45
316	0	6	11.55	12.45
316	0	2	12.55	13.45
316	0	0	13.55	14.45
316	0	0	14.55	15.45
317	0	0	0.55	1.45
317	0	0	1.55	2.45
317	0	3	2.55	3.45
317	0	8	3.55	4.45
317	0	30	4.55	5.45
317	0	39	5.55	6.45
317	0	53	6.55	7.45
317	0	55	7.55	8.45
317	0	51	8.55	9.45
317	0	37	9.55	10.45
317	0	18	10.55	11.45
317	0	6	11.55	12.45
317	0	2	12.55	13.45
317	0	0	13.55	14.45
317	0	0	14.55	15.45
318	0	0	0.55	1.45
318	0	0	1.55	2.45
318	0	3	2.55	3.45
318	0	8	3.55	4.45
318	0	30	4.55	5.45
318	0	39	5.55	6.45
318	0	53	6.55	7.45
318	0	55	7.55	8.45
318	0	51	8.55	9.45
318	0	38	9.55	10.45
318	0	18	10.55	11.45
318	0	6	11.55	12.45
318	0	2	12.55	13.45
318	0	0	13.55	14.45
318	0	0	14.55	15.45
319	0	0	0.55	1.45
319	0	0	1.55	2.45
319	0	3	2.55	3.45
319	0	8	3.55	4.45
319	0	30	4.55	5.45
319	0	39	5.55	6.45
319	0	53	6.55	7.45
319	0	56	7.55	8.45
319	0	51	8.55	9.45
319	0	38	9.55	10.45
319	0	18	10.55	11.45
319	0	6	11.55	12.45
319	0	2	12.55	13.45
319	0	0	13.55	14.45
319	0	0	14.55	15.45
320	0	0	0.55	1.45
320	0	0	1.55	2.45
320	0	3	2.55	3.45
320	0	8	3.55	4.45
320	0	30	4.55	5.45
320	0	39	5.55	6.45
320	0	53	6.55	7.45
320	0	56	7.55	8.45
320	0	52	8.55	9.45
320	0	38	9.55	10.45
320	0	18	10.55	11.45
320	0	6	11.55	12.45
320	0	2	12.55	13.45
320	0	0	13.55	14.45
320	0	0	14.55	15.45
321	0	0	0.55	1.45
321	0	0	1.55	2.45
321	0	3	2.55	3.45
321	0	8	3.55	4.45
321	0	30	4.55	5.45
321	0	39	5.55	6.45
321	0	53	6.55	7.45
321	0	56	7.55	8.45
321	0	53	8.55	9.45
321	0	38	9.55	10.45
321	0	18	10.55	11.45
321	0	6	11.55	12.45
321	0	2	12.55	13.45
321	0	0	13.55	14.45
321	0	0	14.55	15.45
322	0	0	0.55	1.45
322	0	0	1.55	2.45
322	0	3	2.55	3.45
322	0	8	3.55	4.45
322	0	30	4.55	5.45
322	0	39	5.55	6.45
322	0	53	6.55	7.45
322	0	57	7.55	8.45
322	0	53	8.55	9.45
322	0	38	9.55	10.45
322	0	18	10.55	11.45
322	0	6	11.55	12.45
322	0	2	12.55	13.45
322	0	0	13.55	14.45
322	0	0	14.55	15.45
323	0	0	0.55	1.45
323	0	0	1.55	2.45
323	0	3	2.55	3.45
323	0	8	3.55	4.45
323	0	30	4.55	5.45
323	0	39	5.55	6.45
323	0	53	6.55	7.45
323	0	58	7.55	8.45
323	0	53	8.55	9.45
323	0	38	9.55	10.45
323	0	18	10.55	11.45
323	0	6	11.55	12.45
323	0	2	12.55	13.45
323	0	0	13.55	14.45
323	0	0	14.55	15.45
324	0	0	0.55	1.45
324	0	0	1.55	2.45
324	0	3	2.55	3.45
324	0	8	3.55	4.45
324	0	30	4.55	5.45
324	0	39	5.55	6.45
324	0	53	6.55	7.45
324	0	58	7.55	8.45
324	0	53	8.55	9.45
324	0	39	9.55	10.45
324	0	18	10.55	11.45
324	0	6	11.55	12.45
324	0	2	12.55	13.45
324	0	0	13.55	14.45
324	0	0	14.55	15.45
325	0	0	0.55	1.45
325	0	0	1.55	2.45
325	0	3	2.55	3.45
325	0	8	3.55	4.45
325	0	31	4.55	5.45
325	0	39	5.55	6.45
325	0	53	6.55	7.45
325	0	58	7.55	8.45
325	0	53	8.55	9.45
325	0	39	9.55	10.45
325	0	18	10.55	11.45
325	0	6	11.55	12.45
325	0	2	12.55	13.45
325	0	0	13.55	14.45
325	0	0	14.55	15.45
326	0	0	0.55	1.45
326	0	0	1.55	2.45
326	0	3	2.55	3.45
326	0	9	3.55	4.45
326	0	31	4.55	5.45
326	0	39	5.55	6.45
326	0	53	6.55	7.45
326	0	58	7.55	8.45
326	0	53	8.55	9.45
326	0	39	9.55	10.45
326	0	18	10.55	11.45
326	0	6	11.55	12.45
326	0	2	12.55	13.45
326	0	0	13.55	14.45
326	0	0	14.55	15.45
327	0	0	0.55	1.45
327	0	0	1.55	2.45
327	0	3	2.55	3.45
327	0	9	3.55	4.45
327	0	31	4.55	5.45
327	0	39	5.55	6.45
327	0	54	6.55	7.45
327	0	58	7.55	8.45
327	0	53	8.55	9.45
327	0	39	9.55	10.45
327	0	18	10.55	11.45
327	0	6	11.55	12.45
327	0	2	12.55	13.45
327	0	0	13.55	14.45
327	0	0	14.55	15.45
328	0	0	0.55	1.45
328	0	0	1.55	2.45
328	0	3	2.55	3.45
328	0	9	3.55	4.45
328	0	31	4.55	5.45
328	0	40	5.55	6.45
328	0	54	6.55	7.45
328	0	58	7.55	8.45
328	0	53	8.55	9.45
328	0	39	9.55	10.45
328	0	18	10.55	11.45
328	0	6	11.55	12.45
328	0	2	12.55	13.45
328	0	0	13.55	14.45
328	0	0	14.55	15.45
329	0	0	0.55	1.45
329	0	0	1.55	2.45
329	0	3	2.55	3.45
329	0	9	3.55	4.45
329	0	31	4.55	5.45
329	0	40	5.55	6.45
329	0	54	6.55	7.45
329	0	58	7.55	8.45
329	0	54	8.55	9.45
329	0	39	9.55	10.45
329	0	18	10.55	11.45
329	0	6	11.55	12.45
329	0	2	12.55	13.45
329	0	0	13.55	14.45
329	0	0	14.55	15.45
330	0	0	0.55	1.45
330	0	0	1.55	2.45
330	0	3	2.55	3.45
330	0	9	3.55	4.45
330	0	31	4.55	5.45
330	0	40	5.55	6.45
330	0	54	6.55	7.45
330	0	58	7.55	8.45
330	0	55	8.55	9.45
330	0	39	9.55	10.45
330	0	18	10.55	11.45
330	0	6	11.55	12.45
330	0	2	12.55	13.45
330	0	0	13.55	14.45
330	0	0	14.55	15.45
331	0	0	0.55	1.45
331	0	0	1.55	2.45
331	0	3	2.55	3.45
331	0	9	3.55	4.45
331	0	31	4.55	5.45
331	0	40	5.55	6.45
331	0	55	6.55	7.45
331	0	58	7.55	8.45
331	0	55	8.55	9.45
331	0	39	9.55	10.45
331	0	18	10.55	11.45
331	0	6	11.55	12.45
331	0	2	12.55	13.45
331	0	0	13.55	14.45
331	0	0	14.55	15.45
332	0	0	0.55	1.45
332	0	0	1.55	2.45
332	0	3	2.55	3.45
332	0	9	3.55	4.45
332	0	31	4.55	5.45
332	0	40	5.55	6.45
332	0	56	6.55	7.45
332	0	58	7.55	8.45
332	0	55	8.55	9.45
332	0	39	9.55	10.45
332	0	18	10.55	11.45
332	0	6	11.55	12.45
332	0	2	12.55	13.45
332	0	0	13.55	14.45
332	0	0	14.55	15.45
333	0	0	0.55	1.45
333	0	0	1.55	2.45
333	0	3	2.55	3.45
333	0	9	3.55	4.45
333	0	31	4.55	5.45
333	0	41	5.55	6.45
333	0	56	6.55	7.45
333	0	58	7.55	8.45
333	0	55	8.55	9.45
333	0	39	9.55	10.45
333	0	18	10.55	11.45
333	0	6	11.55	12.45
333	0	2	12.55	13.45
333	0	0	13.55	14.45
333	0	0	14.55	15.45
334	0	0	0.55	1.45
334	0	0	1.55	2.45
334	0	3	2.55	3.45
334	0	9	3.55	4.45
334	0	31	4.55	5.45
334	0	41	5.55	6.45
334	0	56	6.55	7.45
334	0	58	7.55	8.45
334	0	56	8.55	9.45
334	0	39	9.55	10.45
334	0	18	10.55	11.45
334	0	6	11.55	12.45
334	0	2	12.55	13.45
334	0	0	13.55	14.45
334	0	0	14.55	15.45
335	0	0	0.55	1.45
335	0	0	1.55	2.45
335	0	3	2.55	3.45
335	0	9	3.55	4.45
335	0	31	4.55	5.45
335	0	41	5.55	6.45
335	0	56	6.55	7.45
335	0	58	7.55	8.45
335	0	57	8.55	9.45
335	0	39	9.55	10.45
335	0	18	10.55	11.45
335	0	6	11.55	12.45
335	0	2	12.55	13.45
335	0	0	13.55	14.45
335	0	0	14.55	15.45
336	0	0	0.55	1.45
336	0	0	1.55	2.45
336	0	3	2.55	3.45
336	0	9	3.55	4.45
336	0	31	4.55	5.45
336	0	41	5.55	6.45
336	0	56	6.55	7.45
336	0	58	7.55	8.45
336	0	58	8.55	9.45
336	0	39	9.55	10.45
336	0	18	10.55	11.45
336	0	6	11.55	12.45
336	0	2	12.55	13.45
336	0	0	13.55	14.45
336	0	0	14.55	15.45
337	0	0	0.55	1.45
337	0	0	1.55	2.45
337	0	3	2.55	3.45
337	0	9	3.55	4.45
337	0	31	4.55	5.45
337	0	41	5.55	6.45
337	0	56	6.55	7.45
337	0	58	7.55	8.45
337	0	58	8.55	9.45
337	0	40	9.55	10.45
337	0	18	10.55	11.45
337	0	6	11.55	12.45
337	0	2	12.55	13.45
337	0	0	13.55	14.45
337	0	0	14.55	15.45
338	0	0	0.55	1.45
338	0	0	1.55	2.45
338	0	3	2.55	3.45
338	0	9	3.55	4.45
338	0	31	4.55	5.45
338	0	41	5.55	6.45
338	0	57	6.55	7.45
338	0	58	7.55	8.45
338	0	58	8.55	9.45
338	0	40	9.55	10.45
338	0	18	10.55	11.45
338	0	6	11.55	12.45
338	0	2	12.55	13.45
338	0	0	13.55	14.45
338	0	0	14.55	15.45
339	0	0	0.55	1.45
339	0	0	1.55	2.45
339	0	3	2.55	3.45
339	0	9	3.55	4.45
339	0	31	4.55	5.45
339	0	41	5.55	6.45
339	0	57	6.55	7.45
339	0	58	7.55	8.45
339	0	58	8.55	9.45
339	0	41	9.55	10.45
339	0	18	10.55	11.45
339	0	6	11.55	12.45
339	0	2	12.55	13.45
339	0	0	13.55	14.45
339	0	0	14.55	15.45
340	0	0	0.55	1.45
340	0	0	1.55	2.45
340	0	3	2.55	3.45
340	0	9	3.55	4.45
340	0	31	4.55	5.45
340	0	41	5.55	6.45
340	0	58	6.55	7.45
340	0	58	7.55	8.45
340	0	58	8.55	9.45
340	0	41	9.55	10.45
340	0	18	10.55	11.45
340	0	6	11.55	12.45
340	0	2	12.55	13.45
340	0	0	13.55	14.45
340	0	0	14.55	15.45
341	0	0	0.55	1.45
341	0	0	1.55	2.45
341	0	3	2.55	3.45
341	0	9	3.55	4.45
341	0	31	4.55	5.45
341	0	41	5.55	6.45
341	0	59	6.55	7.45
341	0	58	7.55	8.45
341	0	58	8.55	9.45
341	0	41	9.55	10.45
341	0	18	10.55	11.45
341	0	6	11.55	12.45
341	0	2	12.55	13.45
341	0	0	13.55	14.45
341	0	0	14.55	15.45
342	0	0	0.55	1.45
342	0	0	1.55	2.45
342	0	3	2.55	3.45
342	0	9	3.55	4.45
342	0	31	4.55	5.45
342	0	41	5.55	6.45
342	0	59	6.55	7.45
342	0	58	7.55	8.45
342	0	58	8.55	9.45
342	0	42	9.55	10.45
342	0	18	10.55	11.45
342	0	6	11.55	12.45
342	0	2	12.55	13.45
342	0	0	13.55	14.45
342	0	0	14.55	15.45
343	0	0	0.55	1.45
343	0	0	1.55	2.45
343	0	3	2.55	3.45
343	0	9	3.55	4.45
343	0	31	4.55	5.45
343	0	42	5.55	6.45
343	0	59	6.55	7.45
343	0	58	7.55	8.45
343	0	58	8.55	9.45
343	0	42	9.55	10.45
343	0	18	10.55	11.45
343	0	6	11.55	12.45
343	0	2	12.55	13.45
343	0	0	13.55	14.45
343	0	0	14.55	15.45
344	0	0	0.55	1.45
344	0	0	1.55	2.45
344	0	3	2.55	3.45
344	0	9	3.55	4.45
344	0	32	4.55	5.45
344	0	42	5.55	6.45
344	0	59	6.55	7.45
344	0	58	7.55	8.45
344	0	58	8.55	9.45
344	0	42	9.55	10.45
344	0	18	10.55	11.45
344	0	6	11.55	12.45
344	0	2	12.55	13.45
344	0	0	13.55	14.45
344	0	0	14.55	15.45
345	0	0	0.55	1.45
345	0	0	1.55	2.45
345	0	3	2.55	3.45
345	0	9	3.55	4.45
345	0	32	4.55	5.45
345	0	42	5.55	6.45
345	0	59	6.55	7.45
345	0	59	7.55	8.45
345	0	58	8.55	9.45
345	0	42	9.55	10.45
345	0	18	10.55	11.45
345	0	6	11.55	12.45
345	0	2	12.55	13.45
345	0	0	13.55	14.45
345	0	0	14.55	15.45
346	0	0	0.55	1.45
346	0	0	1.55	2.45
346	0	3	2.55	3.45
346	0	9	3.55	4.45
346	0	32	4.55	5.45
346	0	42	5.55	6.45
346	0	59	6.55	7.45
346	0	60	7.55	8.45
346	0	58	8.55	9.45
346	0	42	9.55	10.45
346	0	18	10.55	11.45
346	0	6	11.55	12.45
346	0	2	12.55	13.45
346	0	0	13.55	14.45
346	0	0	14.55	15.45
347	0	0	0.55	1.45
347	0	0	1.55	2.45
347	0	3	2.55	3.45
347	0	9	3.55	4.45
347	0	32	4.55	5.45
347	0	42	5.55	6.45
347	0	59	6.55	7.45
347	0	60	7.55	8.45
347	0	58	8.55	9.45
347	0	43	9.55	10.45
347	0	18	10.55	11.45
347	0	6	11.55	12.45
347	0	2	12.55	13.45
347	0	0	13.55	14.45
347	0	0	14.55	15.45
348	0	0	0.55	1.45
348	0	0	1.55	2.45
348	0	3	2.55	3.45
348	0	9	3.55	4.45
348	0	32	4.55	5.45
348	0	42	5.55	6.45
348	0	59	6.55	7.45
348	0	61	7.55	8.45
348	0	58	8.55	9.45
348	0	43	9.55	10.45
348	0	18	10.55	11.45
348	0	6	11.55	12.45
348	0	2	12.55	13.45
348	0	0	13.55	14.45
348	0	0	14.55	15.45
349	0	0	0.55	1.45
349	0	0	1.55	2.45
349	0	3	2.55	3.45
349	0	9	3.55	4.45
349	0	32	4.55	5.45
349	0	42	5.55	6.45
349	0	59	6.55	7.45
349	0	61	7.55	8.45
349	0	59	8.55	9.45
349	0	43	9.55	10.45
349	0	18	10.55	11.45
349	0	6	11.55	12.45
349	0	2	12.55	13.45
349	0	0	13.55	14.45
349	0	0	14.55	15.45
350	0	0	0.55	1.45
350	0	0	1.55	2.45
350	0	3	2.55	3.45
350	0	9	3.55	4.45
350	0	32	4.55	5.45
350	0	43	5.55	6.45
350	0	59	6.55	7.45
350	0	61	7.55	8.45
350	0	59	8.55	9.45
350	0	43	9.55	10.45
350	0	18	10.55	11.45
350	0	6	11.55	12.45
350	0	2	12.55	13.45
350	0	0	13.55	14.45
350	0	0	14.55	15.45
351	0	0	0.55	1.45
351	0	0	1.55	2.45
351	0	3	2.55	3.45
351	0	9	3.55	4.45
351	0	32	4.55	5.45
351	0	43	5.55	6.45
351	0	59	6.55	7.45
351	0	62	7.55	8.45
351	0	59	8.55	9.45
351	0	43	9.55	10.45
351	0	18	10.55	11.45
351	0	6	11.55	12.45
351	0	2	12.55	13.45
351	0	0	13.55	14.45
351	0	0	14.55	15.45
352	0	0	0.55	1.45
352	0	0	1.55	2.45
352	0	3	2.55	3.45
352	0	9	3.55	4.45
352	0	32	4.55	5.45
352	0	43	5.55	6.45
352	0	60	6.55	7.45
352	0	62	7.55	8.45
352	0	59	8.55	9.45
352	0	43	9.55	10.45
352	0	18	10.55	11.45
352	0	6	11.55	12.45
352	0	2	12.55	13.45
352	0	0	13.55	14.45
352	0	0	14.55	15.45
353	0	0	0.55	1.45
353	0	0	1.55	2.45
353	0	4	2.55	3.45
353	0	9	3.55	4.45
353	0	32	4.55	5.45
353	0	43	5.55	6.45
353	0	60	6.55	7.45
353	0	62	7.55	8.45
353	0	59	8.55	9.45
353	0	43	9.55	10.45
353	0	18	10.55	11.45
353	0	6	11.55	12.45
353	0	2	12.55	13.45
353	0	0	13.55	14.45
353	0	0	14.55	15.45
354	0	0	0.55	1.45
354	0	0	1.55	2.45
354	0	4	2.55	3.45
354	0	9	3.55	4.45
354	0	32	4.55	5.45
354	0	44	5.55	6.45
354	0	60	6.55	7.45
354	0	62	7.55	8.45
354	0	59	8.55	9.45
354	0	43	9.55	10.45
354	0	18	10.55	11.45
354	0	6	11.55	12.45
354	0	2	12.55	13.45
354	0	0	13.55	14.45
354	0	0	14.55	15.45
355	0	0	0.55	1.45
355	0	0	1.55	2.45
355	0	4	2.55	3.45
355	0	9	3.55	4.45
355	0	32	4.55	5.45
355	0	44	5.55	6.45
355	0	60	6.55	7.45
355	0	62	7.55	8.45
355	0	60	8.55	9.45
355	0	43	9.55	10.45
355	0	18	10.55	11.45
355	0	6	11.55	12.45
355	0	2	12.55	13.45
355	0	0	13.55	14.45
355	0	0	14.55	15.45
356	0	0	0.55	1.45
356	0	0	1.55	2.45
356	0	4	2.55	3.45
356	0	9	3.55	4.45
356	0	32	4.55	5.45
356	0	44	5.55	6.45
356	0	60	6.55	7.45
356	0	63	7.55	8.45
356	0	60	8.55	9.45
356	0	43	9.55	10.45
356	0	18	10.55	11.45
356	0	6	11.55	12.45
356	0	2	12.55	13.45
356	0	0	13.55	14.45
356	0	0	14.55	15.45
357	0	0	0.55	1.45
357	0	0	1.55	2.45
357	0	4	2.55	3.45
357	0	9	3.55	4.45
357	0	32	4.55	5.45
357	0	44	5.55	6.45
357	0	60	6.55	7.45
357	0	64	7.55	8.45
357	0	60	8.55	9.45
357	0	43	9.55	10.45
357	0	18	10.55	11.45
357	0	6	11.55	12.45
357	0	2	12.55	13.45
357	0	0	13.55	14.45
357	0	0	14.55	15.45
358	0	0	0.55	1.45
358	0	0	1.55	2.45
358	0	5	2.55	3.45
358	0	9	3.55	4.45
358	0	32	4.55	5.45
358	0	44	5.55	6.45
358	0	60	6.55	7.45
358	0	64	7.55	8.45
358	0	60	8.55	9.45
358	0	43	9.55	10.45
358	0	18	10.55	11.45
358	0	6	11.55	12.45
358	0	2	12.55	13.45
358	0	0	13.55	14.45
358	0	0	14.55	15.45
359	0	0	0.55	1.45
359	0	0	1.55	2.45
359	0	5	2.55	3.45
359	0	9	3.55	4.45
359	0	32	4.55	5.45
359	0	44	5.55	6.45
359	0	61	6.55	7.45
359	0	64	7.55	8.45
359	0	60	8.55	9.45
359	0	43	9.55	10.45
359	0	18	10.55	11.45
359	0	6	11.55	12.45
359	0	2	12.55	13.45
359	0	0	13.55	14.45
359	0	0	14.55	15.45
360	0	0	0.55	1.45
360	0	0	1.55	2.45
360	0	5	2.55	3.45
360	0	9	3.55	4.45
360	0	33	4.55	5.45
360	0	44	5.55	6.45
360	0	61	6.55	7.45
360	0	64	7.55	8.45
360	0	60	8.55	9.45
360	0	43	9.55	10.45
360	0	18	10.55	11.45
360	0	6	11.55	12.45
360	0	2	12.55	13.45
360	0	0	13.55	14.45
360	0	0	14.55	15.45
361	0	0	0.55	1.45
361	0	0	1.55	2.45
361	0	5	2.55	3.45
361	0	9	3.55	4.45
361	0	33	4.55	5.45
361	0	44	5.55	6.45
361	0	61	6.55	7.45
361	0	65	7.55	8.45
361	0	60	8.55	9.45
361	0	43	9.55	10.45
361	0	18	10.55	11.45
361	0	6	11.55	12.45
361	0	2	12.55	13.45
361	0	0	13.55	14.45
361	0	0	14.55	15.45
362	0	0	0.55	1.45
362	0	0	1.55	2.45
362	0	5	2.55	3.45
362	0	9	3.55	4.45
362	0	33	4.55	5.45
362	0	44	5.55	6.45
362	0	62	6.55	7.45
362	0	65	7.55	8.45
362	0	60	8.55	9.45
362	0	43	9.55	10.45
362	0	18	10.55	11.45
362	0	6	11.55	12.45
362	0	2	12.55	13.45
362	0	0	13.55	14.45
362	0	0	14.55	15.45
363	0	0	0.55	1.45
363	0	0	1.55	2.45
363	0	5	2.55	3.45
363	0	9	3.55	4.45
363	0	33	4.55	5.45
363	0	45	5.55	6.45
363	0	62	6.55	7.45
363	0	65	7.55	8.45
363	0	60	8.55	9.45
363	0	43	9.55	10.45
363	0	18	10.55	11.45
363	0	6	11.55	12.45
363	0	2	12.55	13.45
363	0	0	13.55	14.45
363	0	0	14.55	15.45
364	0	0	0.55	1.45
364	0	0	1.55	2.45
364	0	5	2.55	3.45
364	0	9	3.55	4.45
364	0	33	4.55	5.45
364	0	45	5.55	6.45
364	0	62	6.55	7.45
364	0	65	7.55	8.45
364	0	61	8.55	9.45
364	0	43	9.55	10.45
364	0	18	10.55	11.45
364	0	6	11.55	12.45
364	0	2	12.55	13.45
364	0	0	13.55	14.45
364	0	0	14.55	15.45
365	0	0	0.55	1.45
365	0	0	1.55	2.45
365	0	5	2.55	3.45
365	0	9	3.55	4.45
365	0	33	4.55	5.45
365	0	46	5.55	6.45
365	0	62	6.55	7.45
365	0	65	7.55	8.45
365	0	61	8.55	9.45
365	0	43	9.55	10.45
365	0	18	10.55	11.45
365	0	6	11.55	12.45
365	0	2	12.55	13.45
365	0	0	13.55	14.45
365	0	0	14.55	15.45
