country,iso3c,year,region,population,fertility.rate,GDP.per.capita,HDI,IQ,latitude,longitude
Afghanistan,AFG,1960,South Asia,9829.45,,739.410648612079,,82.14290790986576,33.0,65.0
Afghanistan,AFG,1970,South Asia,12430.623,,709.4576032110377,,82.14290790986576,33.0,65.0
Afghanistan,AFG,1980,South Asia,15112.149,,689.9746687251429,,82.14290790986576,33.0,65.0
Afghanistan,AFG,1990,South Asia,14669.339,,604.0490304300691,,82.14290790986576,33.0,65.0
Afghanistan,AFG,1991,South Asia,14871.963,,600.5932101902083,,82.14290790986576,33.0,65.0
Afghanistan,AFG,1992,South Asia,16317.921,,552.8277775091569,,82.14290790986576,33.0,65.0
Afghanistan,AFG,1993,South Asia,18371.583,,475.7891576354635,,82.14290790986576,33.0,65.0
Afghanistan,AFG,1994,South Asia,19900.668,,426.06609989172216,,82.14290790986576,33.0,65.0
Afghanistan,AFG,1995,South Asia,20881.48,,512.4157866204886,,82.14290790986576,33.0,65.0
Afghanistan,AFG,1996,South Asia,21559.923,,526.0686691691802,,82.14290790986576,33.0,65.0
Afghanistan,AFG,1997,South Asia,22227.415,,540.9086031821514,,82.14290790986576,33.0,65.0
Afghanistan,AFG,1998,South Asia,22912.814,,556.1953237171131,,82.14290790986576,33.0,65.0
Afghanistan,AFG,1999,South Asia,23646.128,,571.2563173133461,,82.14290790986576,33.0,65.0
Afghanistan,AFG,2000,South Asia,23898.198,5.87,565.2309015098126,,82.14290790986576,33.0,65.0
Afghanistan,AFG,2001,South Asia,23997.412,5.79,506.5962946337713,,82.14290790986576,33.0,65.0
Afghanistan,AFG,2002,South Asia,25268.405,5.72,618.7173270335029,0.373,82.14290790986576,33.0,65.0
Afghanistan,AFG,2003,South Asia,27060.359,5.64,668.4316346283506,0.383,82.14290790986576,33.0,65.0
Afghanistan,AFG,2004,South Asia,28513.677,6.75,685.1098158964205,0.398,82.14290790986576,33.0,65.0
Afghanistan,AFG,2005,South Asia,29928.987,6.75,757.793773641587,0.408,82.14290790986576,33.0,65.0
Afghanistan,AFG,2006,South Asia,31056.997,6.69,790.1601046617611,0.417,82.14290790986576,33.0,65.0
Afghanistan,AFG,2007,South Asia,31889.923,6.64,862.6235942934075,0.429,82.14290790986576,33.0,65.0
Afghanistan,AFG,2008,South Asia,32738.376,6.58,868.8580032192189,0.437,82.14290790986576,33.0,65.0
Afghanistan,AFG,2009,South Asia,38396.0,6.53,,0.453,82.14290790986576,33.0,65.0
Afghanistan,AFG,2010,South Asia,,5.5,,0.463,82.14290790986576,33.0,65.0
Afghanistan,AFG,2011,South Asia,,5.39,,0.471,82.14290790986576,33.0,65.0
Afghanistan,AFG,2012,South Asia,,5.64,,0.482,82.14290790986576,33.0,65.0
Afghanistan,AFG,2013,South Asia,,5.54,,0.487,82.14290790986576,33.0,65.0
Afghanistan,AFG,2014,South Asia,,5.43,,0.491,82.14290790986576,33.0,65.0
Afghanistan,AFG,2015,South Asia,,5.43,,0.493,82.14290790986576,33.0,65.0
Afghanistan,AFG,2016,South Asia,,5.22,,0.494,82.14290790986576,33.0,65.0
Afghanistan,AFG,2017,South Asia,,5.12,,0.498,82.14290790986576,33.0,65.0
Albania,ALB,1960,Europe & Central Asia,1623.114,,1450.9147231802572,,82.82028318963907,41.0,20.0
Albania,ALB,1970,Europe & Central Asia,2156.612,,2003.536581480826,,82.82028318963907,41.0,20.0
Albania,ALB,1980,Europe & Central Asia,2671.412,,2347.0841213924064,,82.82028318963907,41.0,20.0
Albania,ALB,1990,Europe & Central Asia,3250.778,,2499.4016816897374,0.645,82.82028318963907,41.0,20.0
Albania,ALB,1991,Europe & Central Asia,3294.227,,1775.8339057994485,0.626,82.82028318963907,41.0,20.0
Albania,ALB,1992,Europe & Central Asia,3326.498,,1631.9865516227576,0.61,82.82028318963907,41.0,20.0
Albania,ALB,1993,Europe & Central Asia,3351.656,,1775.2313483245296,0.613,82.82028318963907,41.0,20.0
Albania,ALB,1994,Europe & Central Asia,3378.424,,1907.3425592524798,0.619,82.82028318963907,41.0,20.0
Albania,ALB,1995,Europe & Central Asia,3400.516,,2146.9797107930676,0.632,82.82028318963907,41.0,20.0
Albania,ALB,1996,Europe & Central Asia,3414.733,,2332.6026352062877,0.641,82.82028318963907,41.0,20.0
Albania,ALB,1997,Europe & Central Asia,3428.038,,2086.547244956046,0.641,82.82028318963907,41.0,20.0
Albania,ALB,1998,Europe & Central Asia,3441.234,,2342.521367787463,0.652,82.82028318963907,41.0,20.0
Albania,ALB,1999,Europe & Central Asia,3457.493,,2566.9876290100815,0.662,82.82028318963907,41.0,20.0
Albania,ALB,2000,Europe & Central Asia,3473.835,2.37,2741.4202766542876,0.669,82.82028318963907,41.0,20.0
Albania,ALB,2001,Europe & Central Asia,3490.304,2.32,2924.935796319588,0.676,82.82028318963907,41.0,20.0
Albania,ALB,2002,Europe & Central Asia,3508.512,2.27,3008.6880772718227,0.682,82.82028318963907,41.0,20.0
Albania,ALB,2003,Europe & Central Asia,3526.642,2.22,3172.706500971746,0.689,82.82028318963907,41.0,20.0
Albania,ALB,2004,Europe & Central Asia,3544.808,2.04,3342.6352005524695,0.694,82.82028318963907,41.0,20.0
Albania,ALB,2005,Europe & Central Asia,3563.112,2.04,3518.2727907514554,0.704,82.82028318963907,41.0,20.0
Albania,ALB,2006,Europe & Central Asia,3581.655,2.03,3692.7063047669303,0.711,82.82028318963907,41.0,20.0
Albania,ALB,2007,Europe & Central Asia,3600.523,2.03,3904.710510112003,0.72,82.82028318963907,41.0,20.0
Albania,ALB,2008,Europe & Central Asia,3619.0,2.02,4148.936170212765,0.724,82.82028318963907,41.0,20.0
Albania,ALB,2009,Europe & Central Asia,3639.0,2.01,,0.729,82.82028318963907,41.0,20.0
Albania,ALB,2010,Europe & Central Asia,,1.47,,0.741,82.82028318963907,41.0,20.0
Albania,ALB,2011,Europe & Central Asia,,1.48,,0.752,82.82028318963907,41.0,20.0
Albania,ALB,2012,Europe & Central Asia,,1.48,,0.767,82.82028318963907,41.0,20.0
Albania,ALB,2013,Europe & Central Asia,,1.49,,0.771,82.82028318963907,41.0,20.0
Albania,ALB,2014,Europe & Central Asia,,1.5,,0.773,82.82028318963907,41.0,20.0
Albania,ALB,2015,Europe & Central Asia,,1.5,,0.776,82.82028318963907,41.0,20.0
Albania,ALB,2016,Europe & Central Asia,,1.51,,0.782,82.82028318963907,41.0,20.0
Albania,ALB,2017,Europe & Central Asia,,1.51,,0.785,82.82028318963907,41.0,20.0
Algeria,DZA,1960,Middle East & North Africa,10909.294,,2088.1030858811905,,75.9977255182966,28.0,3.0
Algeria,DZA,1970,Middle East & North Africa,13931.846,,2249.2197132950796,,75.9977255182966,28.0,3.0
Algeria,DZA,1980,Middle East & North Africa,18806.061,,3151.8251982831225,,75.9977255182966,28.0,3.0
Algeria,DZA,1990,Middle East & North Africa,25089.032,,2946.8653872337522,0.577,75.9977255182966,28.0,3.0
Algeria,DZA,1991,Middle East & North Africa,25687.078,,2843.717452020039,0.581,75.9977255182966,28.0,3.0
Algeria,DZA,1992,Middle East & North Africa,26298.45,,2822.0499942772294,0.587,75.9977255182966,28.0,3.0
Algeria,DZA,1993,Middle East & North Africa,26916.442,,2696.59707539414,0.591,75.9977255182966,28.0,3.0
Algeria,DZA,1994,Middle East & North Africa,27521.476,,2613.558953015456,0.595,75.9977255182966,28.0,3.0
Algeria,DZA,1995,Middle East & North Africa,28089.149,,2658.072695616375,0.6,75.9977255182966,28.0,3.0
Algeria,DZA,1996,Middle East & North Africa,28604.044,,2709.407103415167,0.608,75.9977255182966,28.0,3.0
Algeria,DZA,1997,Middle East & North Africa,29083.564,,2694.0645926338325,0.617,75.9977255182966,28.0,3.0
Algeria,DZA,1998,Middle East & North Africa,29535.576,,2788.129136198326,0.627,75.9977255182966,28.0,3.0
Algeria,DZA,1999,Middle East & North Africa,29979.816,,2834.707190998103,0.636,75.9977255182966,28.0,3.0
Algeria,DZA,2000,Middle East & North Africa,30429.227,2.8,2862.6754140024655,0.644,75.9977255182966,28.0,3.0
Algeria,DZA,2001,Middle East & North Africa,30874.307,2.72,2894.7694275372723,0.653,75.9977255182966,28.0,3.0
Algeria,DZA,2002,Middle East & North Africa,31312.479,2.63,2968.4331285300023,0.664,75.9977255182966,28.0,3.0
Algeria,DZA,2003,Middle East & North Africa,31740.897,2.55,3130.4093264913085,0.674,75.9977255182966,28.0,3.0
Algeria,DZA,2004,Middle East & North Africa,32157.666,1.92,3250.5157557143602,0.684,75.9977255182966,28.0,3.0
Algeria,DZA,2005,Middle East & North Africa,32560.735,1.92,3374.0024603252964,0.692,75.9977255182966,28.0,3.0
Algeria,DZA,2006,Middle East & North Africa,32959.251,1.89,3399.864881638239,0.698,75.9977255182966,28.0,3.0
Algeria,DZA,2007,Middle East & North Africa,33362.742,1.86,3459.517805820637,0.707,75.9977255182966,28.0,3.0
Algeria,DZA,2008,Middle East & North Africa,33769.669,1.82,3520.378005481783,0.709,75.9977255182966,28.0,3.0
Algeria,DZA,2009,Middle East & North Africa,34178.0,1.79,,0.719,75.9977255182966,28.0,3.0
Algeria,DZA,2010,Middle East & North Africa,,1.76,,0.729,75.9977255182966,28.0,3.0
Algeria,DZA,2011,Middle East & North Africa,,1.75,,0.736,75.9977255182966,28.0,3.0
Algeria,DZA,2012,Middle East & North Africa,,2.78,,0.74,75.9977255182966,28.0,3.0
Algeria,DZA,2013,Middle East & North Africa,,2.78,,0.745,75.9977255182966,28.0,3.0
Algeria,DZA,2014,Middle East & North Africa,,2.78,,0.747,75.9977255182966,28.0,3.0
Algeria,DZA,2015,Middle East & North Africa,,2.78,,0.749,75.9977255182966,28.0,3.0
Algeria,DZA,2016,Middle East & North Africa,,2.74,,0.753,75.9977255182966,28.0,3.0
Algeria,DZA,2017,Middle East & North Africa,,2.7,,0.754,75.9977255182966,28.0,3.0
Andorra,AND,1960,Europe & Central Asia,8.392,,,,96.4030642394078,42.3,1.3
Andorra,AND,1970,Europe & Central Asia,19.545,,,,96.4030642394078,42.3,1.3
Andorra,AND,1980,Europe & Central Asia,33.584,,,,96.4030642394078,42.3,1.3
Andorra,AND,1990,Europe & Central Asia,52.747,,,,96.4030642394078,42.3,1.3
Andorra,AND,1991,Europe & Central Asia,56.475,,,,96.4030642394078,42.3,1.3
Andorra,AND,1992,Europe & Central Asia,59.722,,,,96.4030642394078,42.3,1.3
Andorra,AND,1993,Europe & Central Asia,62.559,,,,96.4030642394078,42.3,1.3
Andorra,AND,1994,Europe & Central Asia,63.826,,,,96.4030642394078,42.3,1.3
Andorra,AND,1995,Europe & Central Asia,63.245,,,,96.4030642394078,42.3,1.3
Andorra,AND,1996,Europe & Central Asia,63.358,,,,96.4030642394078,42.3,1.3
Andorra,AND,1997,Europe & Central Asia,64.053,,,,96.4030642394078,42.3,1.3
Andorra,AND,1998,Europe & Central Asia,64.728,,,,96.4030642394078,42.3,1.3
Andorra,AND,1999,Europe & Central Asia,65.073,,,,96.4030642394078,42.3,1.3
Andorra,AND,2000,Europe & Central Asia,65.099,1.25,,0.759,96.4030642394078,42.3,1.3
Andorra,AND,2001,Europe & Central Asia,65.316,1.25,,0.767,96.4030642394078,42.3,1.3
Andorra,AND,2002,Europe & Central Asia,65.986,1.26,,0.78,96.4030642394078,42.3,1.3
Andorra,AND,2003,Europe & Central Asia,68.782,1.27,,0.82,96.4030642394078,42.3,1.3
Andorra,AND,2004,Europe & Central Asia,73.247,1.29,,0.826,96.4030642394078,42.3,1.3
Andorra,AND,2005,Europe & Central Asia,76.122,1.29,,0.819,96.4030642394078,42.3,1.3
Andorra,AND,2006,Europe & Central Asia,78.294,1.3,,0.829,96.4030642394078,42.3,1.3
Andorra,AND,2007,Europe & Central Asia,80.757,1.31,,0.829,96.4030642394078,42.3,1.3
Andorra,AND,2008,Europe & Central Asia,82.627,1.32,,0.831,96.4030642394078,42.3,1.3
Andorra,AND,2009,Europe & Central Asia,84.0,1.33,,0.83,96.4030642394078,42.3,1.3
Andorra,AND,2010,Europe & Central Asia,,1.34,,0.828,96.4030642394078,42.3,1.3
Andorra,AND,2011,Europe & Central Asia,,1.35,,0.827,96.4030642394078,42.3,1.3
Andorra,AND,2012,Europe & Central Asia,,1.36,,0.849,96.4030642394078,42.3,1.3
Andorra,AND,2013,Europe & Central Asia,,1.37,,0.85,96.4030642394078,42.3,1.3
Andorra,AND,2014,Europe & Central Asia,,1.38,,0.853,96.4030642394078,42.3,1.3
Andorra,AND,2015,Europe & Central Asia,,1.38,,0.854,96.4030642394078,42.3,1.3
Andorra,AND,2016,Europe & Central Asia,,1.39,,0.856,96.4030642394078,42.3,1.3
Andorra,AND,2017,Europe & Central Asia,,1.4,,0.858,96.4030642394078,42.3,1.3
Angola,AGO,1960,Sub-Saharan Africa,4797.344,,1252.984985025047,,75.1,-12.3,18.3
Angola,AGO,1970,Sub-Saharan Africa,5605.626,,1767.6883901994174,,75.1,-12.3,18.3
Angola,AGO,1980,Sub-Saharan Africa,6743.08,,961.4300883275891,,75.1,-12.3,18.3
Angola,AGO,1990,Sub-Saharan Africa,8296.606,,868.0658090790379,,75.1,-12.3,18.3
Angola,AGO,1991,Sub-Saharan Africa,8496.81,,853.4967829102923,,75.1,-12.3,18.3
Angola,AGO,1992,Sub-Saharan Africa,8741.838,,821.3375722588316,,75.1,-12.3,18.3
Angola,AGO,1993,Sub-Saharan Africa,8966.258,,584.5247816870761,,75.1,-12.3,18.3
Angola,AGO,1994,Sub-Saharan Africa,9172.28,,578.9182188071014,,75.1,-12.3,18.3
Angola,AGO,1995,Sub-Saharan Africa,9419.124,,622.2447013119266,,75.1,-12.3,18.3
Angola,AGO,1996,Sub-Saharan Africa,9650.607,,675.3979309280753,,75.1,-12.3,18.3
Angola,AGO,1997,Sub-Saharan Africa,9855.579,,713.6059687614497,,75.1,-12.3,18.3
Angola,AGO,1998,Sub-Saharan Africa,10039.174,,748.1691222803788,,75.1,-12.3,18.3
Angola,AGO,1999,Sub-Saharan Africa,10215.443,,759.5363216259932,0.374,75.1,-12.3,18.3
Angola,AGO,2000,Sub-Saharan Africa,10377.267,6.52,770.0486072103571,0.387,75.1,-12.3,18.3
Angola,AGO,2001,Sub-Saharan Africa,10538.387,6.48,781.8084494334854,0.401,75.1,-12.3,18.3
Angola,AGO,2002,Sub-Saharan Africa,10760.51,6.43,875.8878528991656,0.418,75.1,-12.3,18.3
Angola,AGO,2003,Sub-Saharan Africa,11057.09,6.38,881.3349624539549,0.429,75.1,-12.3,18.3
Angola,AGO,2004,Sub-Saharan Africa,11391.126,6.27,951.266801894738,0.442,75.1,-12.3,18.3
Angola,AGO,2005,Sub-Saharan Africa,11706.954,6.42,1116.3450373171363,0.455,75.1,-12.3,18.3
Angola,AGO,2006,Sub-Saharan Africa,11992.807,6.35,1292.3579942543893,0.471,75.1,-12.3,18.3
Angola,AGO,2007,Sub-Saharan Africa,12263.596,6.27,1520.3534102069248,0.492,75.1,-12.3,18.3
Angola,AGO,2008,Sub-Saharan Africa,12531.357,6.2,1684.254945414132,0.502,75.1,-12.3,18.3
Angola,AGO,2009,Sub-Saharan Africa,12799.0,6.12,,0.522,75.1,-12.3,18.3
Angola,AGO,2010,Sub-Saharan Africa,,6.05,,0.52,75.1,-12.3,18.3
Angola,AGO,2011,Sub-Saharan Africa,,5.97,,0.535,75.1,-12.3,18.3
Angola,AGO,2012,Sub-Saharan Africa,,5.54,,0.543,75.1,-12.3,18.3
Angola,AGO,2013,Sub-Saharan Africa,,5.49,,0.554,75.1,-12.3,18.3
Angola,AGO,2014,Sub-Saharan Africa,,5.43,,0.564,75.1,-12.3,18.3
Angola,AGO,2015,Sub-Saharan Africa,,5.43,,0.572,75.1,-12.3,18.3
Angola,AGO,2016,Sub-Saharan Africa,,5.31,,0.577,75.1,-12.3,18.3
Angola,AGO,2017,Sub-Saharan Africa,,6.16,,0.581,75.1,-12.3,18.3
Antigua and Barbuda,ATG,1960,Latin America & Caribbean,54.5,,,,70.44349231854152,17.03,-61.48
Antigua and Barbuda,ATG,1970,Latin America & Caribbean,65.624,,,,70.44349231854152,17.03,-61.48
Antigua and Barbuda,ATG,1980,Latin America & Caribbean,68.546,,,,70.44349231854152,17.03,-61.48
Antigua and Barbuda,ATG,1990,Latin America & Caribbean,64.162,,,,70.44349231854152,17.03,-61.48
Antigua and Barbuda,ATG,1991,Latin America & Caribbean,64.025,,,,70.44349231854152,17.03,-61.48
Antigua and Barbuda,ATG,1992,Latin America & Caribbean,65.181,,,,70.44349231854152,17.03,-61.48
Antigua and Barbuda,ATG,1993,Latin America & Caribbean,66.331,,,,70.44349231854152,17.03,-61.48
Antigua and Barbuda,ATG,1994,Latin America & Caribbean,67.485,,,,70.44349231854152,17.03,-61.48
Antigua and Barbuda,ATG,1995,Latin America & Caribbean,68.71,,,,70.44349231854152,17.03,-61.48
Antigua and Barbuda,ATG,1996,Latin America & Caribbean,70.055,,,,70.44349231854152,17.03,-61.48
Antigua and Barbuda,ATG,1997,Latin America & Caribbean,71.453,,,,70.44349231854152,17.03,-61.48
Antigua and Barbuda,ATG,1998,Latin America & Caribbean,72.781,,,,70.44349231854152,17.03,-61.48
Antigua and Barbuda,ATG,1999,Latin America & Caribbean,74.016,,,,70.44349231854152,17.03,-61.48
Antigua and Barbuda,ATG,2000,Latin America & Caribbean,75.351,1.92,,,70.44349231854152,17.03,-61.48
Antigua and Barbuda,ATG,2001,Latin America & Caribbean,76.734,2.31,,,70.44349231854152,17.03,-61.48
Antigua and Barbuda,ATG,2002,Latin America & Caribbean,77.935,2.29,,,70.44349231854152,17.03,-61.48
Antigua and Barbuda,ATG,2003,Latin America & Caribbean,79.066,2.28,,,70.44349231854152,17.03,-61.48
Antigua and Barbuda,ATG,2004,Latin America & Caribbean,80.193,2.26,,,70.44349231854152,17.03,-61.48
Antigua and Barbuda,ATG,2005,Latin America & Caribbean,81.277,2.26,,0.766,70.44349231854152,17.03,-61.48
Antigua and Barbuda,ATG,2006,Latin America & Caribbean,82.343,2.24,,0.772,70.44349231854152,17.03,-61.48
Antigua and Barbuda,ATG,2007,Latin America & Caribbean,83.425,2.23,,0.778,70.44349231854152,17.03,-61.48
Antigua and Barbuda,ATG,2008,Latin America & Caribbean,84.522,2.08,,0.777,70.44349231854152,17.03,-61.48
Antigua and Barbuda,ATG,2009,Latin America & Caribbean,86.0,2.07,,0.77,70.44349231854152,17.03,-61.48
Antigua and Barbuda,ATG,2010,Latin America & Caribbean,,2.06,,0.766,70.44349231854152,17.03,-61.48
Antigua and Barbuda,ATG,2011,Latin America & Caribbean,,2.05,,0.762,70.44349231854152,17.03,-61.48
Antigua and Barbuda,ATG,2012,Latin America & Caribbean,,2.05,,0.765,70.44349231854152,17.03,-61.48
Antigua and Barbuda,ATG,2013,Latin America & Caribbean,,2.04,,0.768,70.44349231854152,17.03,-61.48
Antigua and Barbuda,ATG,2014,Latin America & Caribbean,,2.03,,0.77,70.44349231854152,17.03,-61.48
Antigua and Barbuda,ATG,2015,Latin America & Caribbean,,2.03,,0.775,70.44349231854152,17.03,-61.48
Antigua and Barbuda,ATG,2016,Latin America & Caribbean,,2.01,,0.778,70.44349231854152,17.03,-61.48
Antigua and Barbuda,ATG,2017,Latin America & Caribbean,,2.0,,0.78,70.44349231854152,17.03,-61.48
Argentina,ARG,1960,Latin America & Caribbean,20616.009,,5559.465947070551,,87.46316180009295,-34.0,-64.0
Argentina,ARG,1970,Latin America & Caribbean,23962.313,,7301.966216700366,,87.46316180009295,-34.0,-64.0
Argentina,ARG,1980,Latin America & Caribbean,28369.799,,8205.979887273788,,87.46316180009295,-34.0,-64.0
Argentina,ARG,1990,Latin America & Caribbean,33036.0,,6432.921661218065,0.704,87.46316180009295,-34.0,-64.0
Argentina,ARG,1991,Latin America & Caribbean,33504.0,,6977.375835721108,0.713,87.46316180009295,-34.0,-64.0
Argentina,ARG,1992,Latin America & Caribbean,33967.0,,7494.774339800395,0.72,87.46316180009295,-34.0,-64.0
Argentina,ARG,1993,Latin America & Caribbean,34407.0,,7828.08730781527,0.725,87.46316180009295,-34.0,-64.0
Argentina,ARG,1994,Latin America & Caribbean,34847.0,,8370.763623841365,0.728,87.46316180009295,-34.0,-64.0
Argentina,ARG,1995,Latin America & Caribbean,35274.0,,8013.069116062823,0.731,87.46316180009295,-34.0,-64.0
Argentina,ARG,1996,Latin America & Caribbean,35683.0,,8269.76431353866,0.738,87.46316180009295,-34.0,-64.0
Argentina,ARG,1997,Latin America & Caribbean,36102.0,,8827.710376156447,0.746,87.46316180009295,-34.0,-64.0
Argentina,ARG,1998,Latin America & Caribbean,36518.0,,9154.772988663124,0.753,87.46316180009295,-34.0,-64.0
Argentina,ARG,1999,Latin America & Caribbean,36923.0,,8746.4994718739,0.764,87.46316180009295,-34.0,-64.0
Argentina,ARG,2000,Latin America & Caribbean,37336.0,2.47,8580.565673880437,0.771,87.46316180009295,-34.0,-64.0
Argentina,ARG,2001,Latin America & Caribbean,37694.0,2.44,8124.290337984824,0.776,87.46316180009295,-34.0,-64.0
Argentina,ARG,2002,Latin America & Caribbean,37999.0,2.41,7181.136345693308,0.769,87.46316180009295,-34.0,-64.0
Argentina,ARG,2003,Latin America & Caribbean,38336.0,2.28,7744.391694490818,0.775,87.46316180009295,-34.0,-64.0
Argentina,ARG,2004,Latin America & Caribbean,38742.0,2.19,8352.924474730267,0.78,87.46316180009295,-34.0,-64.0
Argentina,ARG,2005,Latin America & Caribbean,39181.0,2.19,9019.192976187436,0.782,87.46316180009295,-34.0,-64.0
Argentina,ARG,2006,Latin America & Caribbean,39614.0,2.16,9678.850911293986,0.787,87.46316180009295,-34.0,-64.0
Argentina,ARG,2007,Latin America & Caribbean,40049.0,2.13,10406.651851481935,0.792,87.46316180009295,-34.0,-64.0
Argentina,ARG,2008,Latin America & Caribbean,40482.0,2.37,10995.430067684403,0.795,87.46316180009295,-34.0,-64.0
Argentina,ARG,2009,Latin America & Caribbean,40914.0,2.35,,0.799,87.46316180009295,-34.0,-64.0
Argentina,ARG,2010,Latin America & Caribbean,,2.33,,0.813,87.46316180009295,-34.0,-64.0
Argentina,ARG,2011,Latin America & Caribbean,,2.31,,0.819,87.46316180009295,-34.0,-64.0
Argentina,ARG,2012,Latin America & Caribbean,,2.29,,0.818,87.46316180009295,-34.0,-64.0
Argentina,ARG,2013,Latin America & Caribbean,,2.27,,0.82,87.46316180009295,-34.0,-64.0
Argentina,ARG,2014,Latin America & Caribbean,,2.25,,0.82,87.46316180009295,-34.0,-64.0
Argentina,ARG,2015,Latin America & Caribbean,,2.25,,0.822,87.46316180009295,-34.0,-64.0
Argentina,ARG,2016,Latin America & Caribbean,,2.28,,0.822,87.46316180009295,-34.0,-64.0
Argentina,ARG,2017,Latin America & Caribbean,,2.26,,0.825,87.46316180009295,-34.0,-64.0
Armenia,ARM,1960,Europe & Central Asia,1868.852,,,,88.81870321099198,40.0,45.0
Armenia,ARM,1970,Europe & Central Asia,2519.745,,,,88.81870321099198,40.0,45.0
Armenia,ARM,1980,Europe & Central Asia,3115.289,,,,88.81870321099198,40.0,45.0
Armenia,ARM,1990,Europe & Central Asia,3376.783,,6065.832480203791,0.631,88.81870321099198,40.0,45.0
Armenia,ARM,1991,Europe & Central Asia,3437.479,,5261.5562160525205,0.628,88.81870321099198,40.0,45.0
Armenia,ARM,1992,Europe & Central Asia,3378.331,,3115.8393295387577,0.58,88.81870321099198,40.0,45.0
Armenia,ARM,1993,Europe & Central Asia,3231.57,,2970.6981366258506,0.588,88.81870321099198,40.0,45.0
Armenia,ARM,1994,Europe & Central Asia,3126.094,,3236.76127530212,0.599,88.81870321099198,40.0,45.0
Armenia,ARM,1995,Europe & Central Asia,3068.751,,3524.7535503215977,0.605,88.81870321099198,40.0,45.0
Armenia,ARM,1996,Europe & Central Asia,3063.395,,3739.240238447483,0.612,88.81870321099198,40.0,45.0
Armenia,ARM,1997,Europe & Central Asia,3059.0,,3868.184784346966,0.623,88.81870321099198,40.0,45.0
Armenia,ARM,1998,Europe & Central Asia,3049.147,,4163.97438200111,0.636,88.81870321099198,40.0,45.0
Armenia,ARM,1999,Europe & Central Asia,3047.62,,4303.540731714935,0.642,88.81870321099198,40.0,45.0
Armenia,ARM,2000,Europe & Central Asia,3042.556,1.47,4565.035008812205,0.647,88.81870321099198,40.0,45.0
Armenia,ARM,2001,Europe & Central Asia,3027.59,1.5,5028.010603573703,0.652,88.81870321099198,40.0,45.0
Armenia,ARM,2002,Europe & Central Asia,3013.818,1.53,5813.685687519297,0.663,88.81870321099198,40.0,45.0
Armenia,ARM,2003,Europe & Central Asia,3001.712,1.56,6648.493879762939,0.672,88.81870321099198,40.0,45.0
Armenia,ARM,2004,Europe & Central Asia,2991.36,1.32,7371.897732135216,0.68,88.81870321099198,40.0,45.0
Armenia,ARM,2005,Europe & Central Asia,2982.904,1.32,8420.317918377528,0.693,88.81870321099198,40.0,45.0
Armenia,ARM,2006,Europe & Central Asia,2976.372,1.33,9552.905349196943,0.706,88.81870321099198,40.0,45.0
Armenia,ARM,2007,Europe & Central Asia,2971.65,1.34,10878.80470445712,0.72,88.81870321099198,40.0,45.0
Armenia,ARM,2008,Europe & Central Asia,2968.586,1.35,11630.453017025615,0.727,88.81870321099198,40.0,45.0
Armenia,ARM,2009,Europe & Central Asia,2967.0,1.36,,0.724,88.81870321099198,40.0,45.0
Armenia,ARM,2010,Europe & Central Asia,,1.36,,0.728,88.81870321099198,40.0,45.0
Armenia,ARM,2011,Europe & Central Asia,,1.37,,0.731,88.81870321099198,40.0,45.0
Armenia,ARM,2012,Europe & Central Asia,,1.38,,0.737,88.81870321099198,40.0,45.0
Armenia,ARM,2013,Europe & Central Asia,,1.39,,0.742,88.81870321099198,40.0,45.0
Armenia,ARM,2014,Europe & Central Asia,,1.64,,0.745,88.81870321099198,40.0,45.0
Armenia,ARM,2015,Europe & Central Asia,,1.64,,0.748,88.81870321099198,40.0,45.0
Armenia,ARM,2016,Europe & Central Asia,,1.64,,0.749,88.81870321099198,40.0,45.0
Armenia,ARM,2017,Europe & Central Asia,,1.64,,0.755,88.81870321099198,40.0,45.0
Australia,AUS,1960,East Asia & Pacific,10361.273,,8790.908221412563,,99.19856306611274,-27.0,133.0
Australia,AUS,1970,East Asia & Pacific,12660.16,,12023.544726133005,,99.19856306611274,-27.0,133.0
Australia,AUS,1980,East Asia & Pacific,14615.9,,14411.839161461148,,99.19856306611274,-27.0,133.0
Australia,AUS,1990,East Asia & Pacific,16956.0,,17172.682236376502,0.866,99.19856306611274,-27.0,133.0
Australia,AUS,1991,East Asia & Pacific,17202.0,,16969.914712350484,0.867,99.19856306611274,-27.0,133.0
Australia,AUS,1992,East Asia & Pacific,17419.0,,17370.155541816435,0.868,99.19856306611274,-27.0,133.0
Australia,AUS,1993,East Asia & Pacific,17608.0,,17853.268990631885,0.872,99.19856306611274,-27.0,133.0
Australia,AUS,1994,East Asia & Pacific,17781.0,,18423.9037731907,0.875,99.19856306611274,-27.0,133.0
Australia,AUS,1995,East Asia & Pacific,17976.0,,19001.73541576734,0.883,99.19856306611274,-27.0,133.0
Australia,AUS,1996,East Asia & Pacific,18195.0,,19484.538506068093,0.886,99.19856306611274,-27.0,133.0
Australia,AUS,1997,East Asia & Pacific,18415.0,,20110.39463775444,0.889,99.19856306611274,-27.0,133.0
Australia,AUS,1998,East Asia & Pacific,18621.0,,20978.1966596853,0.892,99.19856306611274,-27.0,133.0
Australia,AUS,1999,East Asia & Pacific,18830.0,,21571.747211895912,0.895,99.19856306611274,-27.0,133.0
Australia,AUS,2000,East Asia & Pacific,19053.0,1.79,21731.905736629404,0.898,99.19856306611274,-27.0,133.0
Australia,AUS,2001,East Asia & Pacific,19294.0,1.77,22270.861407691507,0.9,99.19856306611274,-27.0,133.0
Australia,AUS,2002,East Asia & Pacific,19345.0,1.77,22910.416128198503,0.903,99.19856306611274,-27.0,133.0
Australia,AUS,2003,East Asia & Pacific,19767.0,1.76,23331.815652349873,0.904,99.19856306611274,-27.0,133.0
Australia,AUS,2004,East Asia & Pacific,19995.0,1.76,23619.154788697175,0.907,99.19856306611274,-27.0,133.0
Australia,AUS,2005,East Asia & Pacific,20232.0,1.76,23996.04586793199,0.908,99.19856306611274,-27.0,133.0
Australia,AUS,2006,East Asia & Pacific,20489.0,1.76,24358.53384743033,0.911,99.19856306611274,-27.0,133.0
Australia,AUS,2007,East Asia & Pacific,20750.0,1.76,25014.21686746988,0.915,99.19856306611274,-27.0,133.0
Australia,AUS,2008,East Asia & Pacific,21007.0,1.78,25301.232922359213,0.92,99.19856306611274,-27.0,133.0
Australia,AUS,2009,East Asia & Pacific,21263.0,1.78,,0.921,99.19856306611274,-27.0,133.0
Australia,AUS,2010,East Asia & Pacific,,1.78,,0.923,99.19856306611274,-27.0,133.0
Australia,AUS,2011,East Asia & Pacific,,1.78,,0.925,99.19856306611274,-27.0,133.0
Australia,AUS,2012,East Asia & Pacific,,1.77,,0.929,99.19856306611274,-27.0,133.0
Australia,AUS,2013,East Asia & Pacific,,1.77,,0.931,99.19856306611274,-27.0,133.0
Australia,AUS,2014,East Asia & Pacific,,1.77,,0.933,99.19856306611274,-27.0,133.0
Australia,AUS,2015,East Asia & Pacific,,1.77,,0.936,99.19856306611274,-27.0,133.0
Australia,AUS,2016,East Asia & Pacific,,1.77,,0.938,99.19856306611274,-27.0,133.0
Australia,AUS,2017,East Asia & Pacific,,1.77,,0.939,99.19856306611274,-27.0,133.0
Austria,AUT,1960,Europe & Central Asia,7047.437,,6518.540002556958,,99.76525160283995,47.2,13.2
Austria,AUT,1970,Europe & Central Asia,7467.086,,9747.443648030838,,99.76525160283995,47.2,13.2
Austria,AUT,1980,Europe & Central Asia,7549.433,,13759.179000595144,,99.76525160283995,47.2,13.2
Austria,AUT,1990,Europe & Central Asia,7722.953,,16894.57387608082,0.795,99.76525160283995,47.2,13.2
Austria,AUT,1991,Europe & Central Asia,7818.423,,17288.5122762288,0.8,99.76525160283995,47.2,13.2
Austria,AUT,1992,Europe & Central Asia,7914.969,,17480.905529514996,0.805,99.76525160283995,47.2,13.2
Austria,AUT,1993,Europe & Central Asia,7988.599,,17377.49235016642,0.807,99.76525160283995,47.2,13.2
Austria,AUT,1994,Europe & Central Asia,8027.54,,17753.351966381346,0.813,99.76525160283995,47.2,13.2
Austria,AUT,1995,Europe & Central Asia,8047.433,,18047.700195488193,0.817,99.76525160283995,47.2,13.2
Austria,AUT,1996,Europe & Central Asia,8060.852,,18489.559845999043,0.82,99.76525160283995,47.2,13.2
Austria,AUT,1997,Europe & Central Asia,8069.876,,18808.61951593572,0.824,99.76525160283995,47.2,13.2
Austria,AUT,1998,Europe & Central Asia,8078.622,,19462.848985879027,0.835,99.76525160283995,47.2,13.2
Austria,AUT,1999,Europe & Central Asia,8094.156,,20065.093877607498,0.834,99.76525160283995,47.2,13.2
Austria,AUT,2000,Europe & Central Asia,8113.413,1.39,20691.415560874324,0.838,99.76525160283995,47.2,13.2
Austria,AUT,2001,Europe & Central Asia,8131.69,1.39,20812.893752713153,0.849,99.76525160283995,47.2,13.2
Austria,AUT,2002,Europe & Central Asia,8148.312,1.4,20955.874050969083,0.838,99.76525160283995,47.2,13.2
Austria,AUT,2003,Europe & Central Asia,8162.656,1.41,21165.047259127423,0.842,99.76525160283995,47.2,13.2
Austria,AUT,2004,Europe & Central Asia,8174.762,1.36,21626.929322223696,0.849,99.76525160283995,47.2,13.2
Austria,AUT,2005,Europe & Central Asia,8184.691,1.36,22140.725899120687,0.855,99.76525160283995,47.2,13.2
Austria,AUT,2006,Europe & Central Asia,8192.88,1.36,22892.68242669245,0.861,99.76525160283995,47.2,13.2
Austria,AUT,2007,Europe & Central Asia,8199.783,1.37,23674.041130112837,0.881,99.76525160283995,47.2,13.2
Austria,AUT,2008,Europe & Central Asia,8205.533,1.38,24130.547034543644,0.884,99.76525160283995,47.2,13.2
Austria,AUT,2009,Europe & Central Asia,8210.0,1.39,,0.886,99.76525160283995,47.2,13.2
Austria,AUT,2010,Europe & Central Asia,,1.39,,0.895,99.76525160283995,47.2,13.2
Austria,AUT,2011,Europe & Central Asia,,1.4,,0.897,99.76525160283995,47.2,13.2
Austria,AUT,2012,Europe & Central Asia,,1.41,,0.899,99.76525160283995,47.2,13.2
Austria,AUT,2013,Europe & Central Asia,,1.42,,0.897,99.76525160283995,47.2,13.2
Austria,AUT,2014,Europe & Central Asia,,1.43,,0.901,99.76525160283995,47.2,13.2
Austria,AUT,2015,Europe & Central Asia,,1.43,,0.903,99.76525160283995,47.2,13.2
Austria,AUT,2016,Europe & Central Asia,,1.47,,0.906,99.76525160283995,47.2,13.2
Austria,AUT,2017,Europe & Central Asia,,1.47,,0.908,99.76525160283995,47.2,13.2
Azerbaijan,AZE,1960,Europe & Central Asia,3881.546,,,,84.88666966815886,40.3,47.3
Azerbaijan,AZE,1970,Europe & Central Asia,5168.973,,,,84.88666966815886,40.3,47.3
Azerbaijan,AZE,1980,Europe & Central Asia,6173.361,,,,84.88666966815886,40.3,47.3
Azerbaijan,AZE,1990,Europe & Central Asia,7199.838,,4638.576590195502,,84.88666966815886,40.3,47.3
Azerbaijan,AZE,1991,Europe & Central Asia,7359.0,,4506.48471259682,,84.88666966815886,40.3,47.3
Azerbaijan,AZE,1992,Europe & Central Asia,7459.0,,3441.256610001341,,84.88666966815886,40.3,47.3
Azerbaijan,AZE,1993,Europe & Central Asia,7482.0,,2638.191408517241,,84.88666966815886,40.3,47.3
Azerbaijan,AZE,1994,Europe & Central Asia,7495.0,,2114.793240717329,,84.88666966815886,40.3,47.3
Azerbaijan,AZE,1995,Europe & Central Asia,7555.0,,1850.4342884385928,0.612,84.88666966815886,40.3,47.3
Azerbaijan,AZE,1996,Europe & Central Asia,7628.0,,1856.5510556885897,0.612,84.88666966815886,40.3,47.3
Azerbaijan,AZE,1997,Europe & Central Asia,7678.0,,1951.439723502804,0.617,84.88666966815886,40.3,47.3
Azerbaijan,AZE,1998,Europe & Central Asia,7726.0,,2133.247426450943,0.626,84.88666966815886,40.3,47.3
Azerbaijan,AZE,1999,Europe & Central Asia,7769.0,,2278.426871978404,0.633,84.88666966815886,40.3,47.3
Azerbaijan,AZE,2000,Europe & Central Asia,7809.0,2.19,2518.3660247525477,0.64,84.88666966815886,40.3,47.3
Azerbaijan,AZE,2001,Europe & Central Asia,7847.0,2.24,2754.281431850977,0.648,84.88666966815886,40.3,47.3
Azerbaijan,AZE,2002,Europe & Central Asia,7884.0,2.29,3031.939131618783,0.657,84.88666966815886,40.3,47.3
Azerbaijan,AZE,2003,Europe & Central Asia,7924.0,2.34,3354.4970497747254,0.666,84.88666966815886,40.3,47.3
Azerbaijan,AZE,2004,Europe & Central Asia,7968.0,2.44,3720.3815261044174,0.674,84.88666966815886,40.3,47.3
Azerbaijan,AZE,2005,Europe & Central Asia,8016.0,2.44,4596.681636726547,0.679,84.88666966815886,40.3,47.3
Azerbaijan,AZE,2006,Europe & Central Asia,8066.0,2.46,5961.567071658815,0.704,84.88666966815886,40.3,47.3
Azerbaijan,AZE,2007,Europe & Central Asia,8120.0,2.05,7307.635467980295,0.709,84.88666966815886,40.3,47.3
Azerbaijan,AZE,2008,Europe & Central Asia,8178.0,2.05,8097.45659085351,0.719,84.88666966815886,40.3,47.3
Azerbaijan,AZE,2009,Europe & Central Asia,8239.0,2.04,,0.736,84.88666966815886,40.3,47.3
Azerbaijan,AZE,2010,Europe & Central Asia,,2.03,,0.74,84.88666966815886,40.3,47.3
Azerbaijan,AZE,2011,Europe & Central Asia,,2.02,,0.741,84.88666966815886,40.3,47.3
Azerbaijan,AZE,2012,Europe & Central Asia,,1.92,,0.745,84.88666966815886,40.3,47.3
Azerbaijan,AZE,2013,Europe & Central Asia,,1.92,,0.752,84.88666966815886,40.3,47.3
Azerbaijan,AZE,2014,Europe & Central Asia,,1.91,,0.758,84.88666966815886,40.3,47.3
Azerbaijan,AZE,2015,Europe & Central Asia,,1.91,,0.758,84.88666966815886,40.3,47.3
Azerbaijan,AZE,2016,Europe & Central Asia,,1.9,,0.757,84.88666966815886,40.3,47.3
Azerbaijan,AZE,2017,Europe & Central Asia,,1.89,,0.757,84.88666966815886,40.3,47.3
"Bahamas, The",BHS,1960,Latin America & Caribbean,112.234,,,,86.94749659863945,24.15,-76.0
"Bahamas, The",BHS,1970,Latin America & Caribbean,170.323,,,,86.94749659863945,24.15,-76.0
"Bahamas, The",BHS,1980,Latin America & Caribbean,209.944,,,,86.94749659863945,24.15,-76.0
"Bahamas, The",BHS,1990,Latin America & Caribbean,257.253,,,,86.94749659863945,24.15,-76.0
"Bahamas, The",BHS,1991,Latin America & Caribbean,260.335,,,,86.94749659863945,24.15,-76.0
"Bahamas, The",BHS,1992,Latin America & Caribbean,264.085,,,,86.94749659863945,24.15,-76.0
"Bahamas, The",BHS,1993,Latin America & Caribbean,268.189,,,,86.94749659863945,24.15,-76.0
"Bahamas, The",BHS,1994,Latin America & Caribbean,271.881,,,,86.94749659863945,24.15,-76.0
"Bahamas, The",BHS,1995,Latin America & Caribbean,275.303,,,,86.94749659863945,24.15,-76.0
"Bahamas, The",BHS,1996,Latin America & Caribbean,278.571,,,,86.94749659863945,24.15,-76.0
"Bahamas, The",BHS,1997,Latin America & Caribbean,281.577,,,,86.94749659863945,24.15,-76.0
"Bahamas, The",BHS,1998,Latin America & Caribbean,284.505,,,,86.94749659863945,24.15,-76.0
"Bahamas, The",BHS,1999,Latin America & Caribbean,287.358,,,,86.94749659863945,24.15,-76.0
"Bahamas, The",BHS,2000,Latin America & Caribbean,290.075,2.33,,0.776,86.94749659863945,24.15,-76.0
"Bahamas, The",BHS,2001,Latin America & Caribbean,292.663,2.3,,0.779,86.94749659863945,24.15,-76.0
"Bahamas, The",BHS,2002,Latin America & Caribbean,295.131,2.28,,0.781,86.94749659863945,24.15,-76.0
"Bahamas, The",BHS,2003,Latin America & Caribbean,297.477,2.25,,0.782,86.94749659863945,24.15,-76.0
"Bahamas, The",BHS,2004,Latin America & Caribbean,299.697,2.2,,0.784,86.94749659863945,24.15,-76.0
"Bahamas, The",BHS,2005,Latin America & Caribbean,301.79,2.2,,0.786,86.94749659863945,24.15,-76.0
"Bahamas, The",BHS,2006,Latin America & Caribbean,303.77,2.18,,0.788,86.94749659863945,24.15,-76.0
"Bahamas, The",BHS,2007,Latin America & Caribbean,305.655,2.15,,0.789,86.94749659863945,24.15,-76.0
"Bahamas, The",BHS,2008,Latin America & Caribbean,307.451,2.13,,0.79,86.94749659863945,24.15,-76.0
"Bahamas, The",BHS,2009,Latin America & Caribbean,308.0,2.1,,0.787,86.94749659863945,24.15,-76.0
"Bahamas, The",BHS,2010,Latin America & Caribbean,,2.0,,0.789,86.94749659863945,24.15,-76.0
"Bahamas, The",BHS,2011,Latin America & Caribbean,,1.99,,0.793,86.94749659863945,24.15,-76.0
"Bahamas, The",BHS,2012,Latin America & Caribbean,,1.98,,0.807,86.94749659863945,24.15,-76.0
"Bahamas, The",BHS,2013,Latin America & Caribbean,,1.97,,0.807,86.94749659863945,24.15,-76.0
"Bahamas, The",BHS,2014,Latin America & Caribbean,,1.97,,0.807,86.94749659863945,24.15,-76.0
"Bahamas, The",BHS,2015,Latin America & Caribbean,,1.97,,0.807,86.94749659863945,24.15,-76.0
"Bahamas, The",BHS,2016,Latin America & Caribbean,,1.95,,0.806,86.94749659863945,24.15,-76.0
"Bahamas, The",BHS,2017,Latin America & Caribbean,,1.94,,0.807,86.94749659863945,24.15,-76.0
Bahrain,BHR,1960,Middle East & North Africa,156.648,,2843.3681269135036,,83.60100933649022,26.0,50.33
Bahrain,BHR,1970,Middle East & North Africa,219.543,,3787.8928744578443,,83.60100933649022,26.0,50.33
Bahrain,BHR,1980,Middle East & North Africa,347.568,,4388.2464012205755,,83.60100933649022,26.0,50.33
Bahrain,BHR,1990,Middle East & North Africa,500.476,,4104.092903555815,0.746,83.60100933649022,26.0,50.33
Bahrain,BHR,1991,Middle East & North Africa,515.234,,4169.918910630897,0.752,83.60100933649022,26.0,50.33
Bahrain,BHR,1992,Middle East & North Africa,529.491,,4374.136202503914,0.757,83.60100933649022,26.0,50.33
Bahrain,BHR,1993,Middle East & North Africa,543.998,,4610.8610866510535,0.765,83.60100933649022,26.0,50.33
Bahrain,BHR,1994,Middle East & North Africa,558.397,,4480.683098225814,0.769,83.60100933649022,26.0,50.33
Bahrain,BHR,1995,Middle East & North Africa,572.639,,4540.382335118636,0.775,83.60100933649022,26.0,50.33
Bahrain,BHR,1996,Middle East & North Africa,586.047,,4619.083452351091,0.778,83.60100933649022,26.0,50.33
Bahrain,BHR,1997,Middle East & North Africa,598.561,,4662.849734613515,0.779,83.60100933649022,26.0,50.33
Bahrain,BHR,1998,Middle East & North Africa,610.767,,4787.423027111812,0.783,83.60100933649022,26.0,50.33
Bahrain,BHR,1999,Middle East & North Africa,622.634,,4898.543927893434,0.786,83.60100933649022,26.0,50.33
Bahrain,BHR,2000,Middle East & North Africa,634.137,2.82,5058.843751429108,0.792,83.60100933649022,26.0,50.33
Bahrain,BHR,2001,Middle East & North Africa,645.361,2.79,5200.190281098486,0.792,83.60100933649022,26.0,50.33
Bahrain,BHR,2002,Middle East & North Africa,656.397,2.75,5377.842982219602,0.791,83.60100933649022,26.0,50.33
Bahrain,BHR,2003,Middle East & North Africa,667.238,2.71,5672.638548763709,0.793,83.60100933649022,26.0,50.33
Bahrain,BHR,2004,Middle East & North Africa,677.886,2.63,5896.271644494797,0.792,83.60100933649022,26.0,50.33
Bahrain,BHR,2005,Middle East & North Africa,688.345,2.63,6265.753364955073,0.791,83.60100933649022,26.0,50.33
Bahrain,BHR,2006,Middle East & North Africa,698.585,2.6,6587.602081350157,0.793,83.60100933649022,26.0,50.33
Bahrain,BHR,2007,Middle East & North Africa,708.573,2.57,7019.742496538818,0.796,83.60100933649022,26.0,50.33
Bahrain,BHR,2008,Middle East & North Africa,718.306,2.53,7347.843398217473,0.796,83.60100933649022,26.0,50.33
Bahrain,BHR,2009,Middle East & North Africa,729.0,2.5,,0.794,83.60100933649022,26.0,50.33
Bahrain,BHR,2010,Middle East & North Africa,,2.47,,0.796,83.60100933649022,26.0,50.33
Bahrain,BHR,2011,Middle East & North Africa,,1.88,,0.798,83.60100933649022,26.0,50.33
Bahrain,BHR,2012,Middle East & North Africa,,1.86,,0.8,83.60100933649022,26.0,50.33
Bahrain,BHR,2013,Middle East & North Africa,,1.83,,0.807,83.60100933649022,26.0,50.33
Bahrain,BHR,2014,Middle East & North Africa,,1.81,,0.81,83.60100933649022,26.0,50.33
Bahrain,BHR,2015,Middle East & North Africa,,1.81,,0.832,83.60100933649022,26.0,50.33
Bahrain,BHR,2016,Middle East & North Africa,,1.77,,0.846,83.60100933649022,26.0,50.33
Bahrain,BHR,2017,Middle East & North Africa,,1.75,,0.846,83.60100933649022,26.0,50.33
Bangladesh,BGD,1960,South Asia,54592.652,,544.6337356902902,,74.35863487851384,24.0,90.0
Bangladesh,BGD,1970,South Asia,67331.349,,629.7660841460342,,74.35863487851384,24.0,90.0
Bangladesh,BGD,1980,South Asia,87937.333,,548.5610986178078,,74.35863487851384,24.0,90.0
Bangladesh,BGD,1990,South Asia,111436.651,,631.0311676541679,0.387,74.35863487851384,24.0,90.0
Bangladesh,BGD,1991,South Asia,114009.454,,637.387848107497,0.394,74.35863487851384,24.0,90.0
Bangladesh,BGD,1992,South Asia,116560.64,,654.8531374825963,0.402,74.35863487851384,24.0,90.0
Bangladesh,BGD,1993,South Asia,119096.026,,670.2302074365996,0.409,74.35863487851384,24.0,90.0
Bangladesh,BGD,1994,South Asia,121615.236,,683.1563816470704,0.417,74.35863487851384,24.0,90.0
Bangladesh,BGD,1995,South Asia,124130.123,,702.2795232849261,0.425,74.35863487851384,24.0,90.0
Bangladesh,BGD,1996,South Asia,126678.381,,719.9633358843035,0.433,74.35863487851384,24.0,90.0
Bangladesh,BGD,1997,South Asia,129239.04,,743.7134556094942,0.442,74.35863487851384,24.0,90.0
Bangladesh,BGD,1998,South Asia,131766.932,,767.5607248263253,0.451,74.35863487851384,24.0,90.0
Bangladesh,BGD,1999,South Asia,134249.581,,790.0675505048181,0.46,74.35863487851384,24.0,90.0
Bangladesh,BGD,2000,South Asia,136681.493,2.85,822.1405941750137,0.468,74.35863487851384,24.0,90.0
Bangladesh,BGD,2001,South Asia,139067.475,2.78,850.6489933086788,0.477,74.35863487851384,24.0,90.0
Bangladesh,BGD,2002,South Asia,141414.812,2.72,873.4669159024265,0.483,74.35863487851384,24.0,90.0
Bangladesh,BGD,2003,South Asia,143702.896,3.17,904.7349891518498,0.49,74.35863487851384,24.0,90.0
Bangladesh,BGD,2004,South Asia,145905.187,3.13,948.067733877069,0.497,74.35863487851384,24.0,90.0
Bangladesh,BGD,2005,South Asia,148020.694,3.13,993.394883015479,0.505,74.35863487851384,24.0,90.0
Bangladesh,BGD,2006,South Asia,150045.629,3.11,1043.6825187356842,0.513,74.35863487851384,24.0,90.0
Bangladesh,BGD,2007,South Asia,152033.861,3.09,1094.9271360016305,0.52,74.35863487851384,24.0,90.0
Bangladesh,BGD,2008,South Asia,154037.902,3.08,1145.5232621903665,0.523,74.35863487851384,24.0,90.0
Bangladesh,BGD,2009,South Asia,156051.0,2.74,,0.535,74.35863487851384,24.0,90.0
Bangladesh,BGD,2010,South Asia,,2.65,,0.545,74.35863487851384,24.0,90.0
Bangladesh,BGD,2011,South Asia,,2.6,,0.557,74.35863487851384,24.0,90.0
Bangladesh,BGD,2012,South Asia,,2.55,,0.567,74.35863487851384,24.0,90.0
Bangladesh,BGD,2013,South Asia,,2.5,,0.575,74.35863487851384,24.0,90.0
Bangladesh,BGD,2014,South Asia,,2.45,,0.583,74.35863487851384,24.0,90.0
Bangladesh,BGD,2015,South Asia,,2.45,,0.592,74.35863487851384,24.0,90.0
Bangladesh,BGD,2016,South Asia,,2.19,,0.597,74.35863487851384,24.0,90.0
Bangladesh,BGD,2017,South Asia,,2.17,,0.608,74.35863487851384,24.0,90.0
Barbados,BRB,1960,Latin America & Caribbean,232.339,,,,91.6876385076751,13.1,-59.32
Barbados,BRB,1970,Latin America & Caribbean,238.756,,,,91.6876385076751,13.1,-59.32
Barbados,BRB,1980,Latin America & Caribbean,251.966,,,,91.6876385076751,13.1,-59.32
Barbados,BRB,1990,Latin America & Caribbean,262.264,,,0.716,91.6876385076751,13.1,-59.32
Barbados,BRB,1991,Latin America & Caribbean,263.336,,,0.718,91.6876385076751,13.1,-59.32
Barbados,BRB,1992,Latin America & Caribbean,264.604,,,0.718,91.6876385076751,13.1,-59.32
Barbados,BRB,1993,Latin America & Caribbean,265.699,,,0.721,91.6876385076751,13.1,-59.32
Barbados,BRB,1994,Latin America & Caribbean,266.63,,,0.727,91.6876385076751,13.1,-59.32
Barbados,BRB,1995,Latin America & Caribbean,267.667,,,0.731,91.6876385076751,13.1,-59.32
Barbados,BRB,1996,Latin America & Caribbean,268.81,,,0.735,91.6876385076751,13.1,-59.32
Barbados,BRB,1997,Latin America & Caribbean,270.062,,,0.74,91.6876385076751,13.1,-59.32
Barbados,BRB,1998,Latin America & Caribbean,271.294,,,0.736,91.6876385076751,13.1,-59.32
Barbados,BRB,1999,Latin America & Caribbean,272.504,,,0.743,91.6876385076751,13.1,-59.32
Barbados,BRB,2000,Latin America & Caribbean,273.68,1.7,,0.752,91.6876385076751,13.1,-59.32
Barbados,BRB,2001,Latin America & Caribbean,274.906,1.64,,0.751,91.6876385076751,13.1,-59.32
Barbados,BRB,2002,Latin America & Caribbean,276.218,1.64,,0.754,91.6876385076751,13.1,-59.32
Barbados,BRB,2003,Latin America & Caribbean,277.547,1.65,,0.759,91.6876385076751,13.1,-59.32
Barbados,BRB,2004,Latin America & Caribbean,278.818,1.65,,0.762,91.6876385076751,13.1,-59.32
Barbados,BRB,2005,Latin America & Caribbean,280.037,1.64,,0.767,91.6876385076751,13.1,-59.32
Barbados,BRB,2006,Latin America & Caribbean,281.207,1.65,,0.772,91.6876385076751,13.1,-59.32
Barbados,BRB,2007,Latin America & Caribbean,282.359,1.65,,0.777,91.6876385076751,13.1,-59.32
Barbados,BRB,2008,Latin America & Caribbean,283.498,1.65,,0.781,91.6876385076751,13.1,-59.32
Barbados,BRB,2009,Latin America & Caribbean,285.0,1.68,,0.783,91.6876385076751,13.1,-59.32
Barbados,BRB,2010,Latin America & Caribbean,,1.68,,0.782,91.6876385076751,13.1,-59.32
Barbados,BRB,2011,Latin America & Caribbean,,1.68,,0.787,91.6876385076751,13.1,-59.32
Barbados,BRB,2012,Latin America & Caribbean,,1.68,,0.795,91.6876385076751,13.1,-59.32
Barbados,BRB,2013,Latin America & Caribbean,,1.68,,0.796,91.6876385076751,13.1,-59.32
Barbados,BRB,2014,Latin America & Caribbean,,1.68,,0.796,91.6876385076751,13.1,-59.32
Barbados,BRB,2015,Latin America & Caribbean,,1.68,,0.797,91.6876385076751,13.1,-59.32
Barbados,BRB,2016,Latin America & Caribbean,,1.68,,0.799,91.6876385076751,13.1,-59.32
Barbados,BRB,2017,Latin America & Caribbean,,1.68,,0.8,91.6876385076751,13.1,-59.32
Belarus,BLR,1960,Europe & Central Asia,8167.918,,,,98.39933401571972,53.0,28.0
Belarus,BLR,1970,Europe & Central Asia,9027.198,,,,98.39933401571972,53.0,28.0
Belarus,BLR,1980,Europe & Central Asia,9643.706,,,,98.39933401571972,53.0,28.0
Belarus,BLR,1990,Europe & Central Asia,10201.0,,7194.294676992452,,98.39933401571972,53.0,28.0
Belarus,BLR,1991,Europe & Central Asia,10205.0,,7090.794120529151,,98.39933401571972,53.0,28.0
Belarus,BLR,1992,Europe & Central Asia,10228.0,,6395.663357059055,,98.39933401571972,53.0,28.0
Belarus,BLR,1993,Europe & Central Asia,10250.0,,5896.908937559417,,98.39933401571972,53.0,28.0
Belarus,BLR,1994,Europe & Central Asia,10238.0,,5213.07370254111,,98.39933401571972,53.0,28.0
Belarus,BLR,1995,Europe & Central Asia,10205.0,,4686.01841408014,0.657,98.39933401571972,53.0,28.0
Belarus,BLR,1996,Europe & Central Asia,10171.0,,4833.330136400265,0.661,98.39933401571972,53.0,28.0
Belarus,BLR,1997,Europe & Central Asia,10129.0,,5406.655949304214,0.667,98.39933401571972,53.0,28.0
Belarus,BLR,1998,Europe & Central Asia,10092.0,,5882.302381270768,0.671,98.39933401571972,53.0,28.0
Belarus,BLR,1999,Europe & Central Asia,10064.0,,6099.222802391223,0.676,98.39933401571972,53.0,28.0
Belarus,BLR,2000,Europe & Central Asia,10034.0,1.25,6472.271060762871,0.683,98.39933401571972,53.0,28.0
Belarus,BLR,2001,Europe & Central Asia,10000.0,1.28,6799.507791140829,0.689,98.39933401571972,53.0,28.0
Belarus,BLR,2002,Europe & Central Asia,9955.0,1.31,7171.756083071693,0.696,98.39933401571972,53.0,28.0
Belarus,BLR,2003,Europe & Central Asia,9905.0,1.34,7698.099986860501,0.705,98.39933401571972,53.0,28.0
Belarus,BLR,2004,Europe & Central Asia,9856.0,1.39,8618.405032467532,0.715,98.39933401571972,53.0,28.0
Belarus,BLR,2005,Europe & Central Asia,9809.0,1.39,9473.748598226119,0.725,98.39933401571972,53.0,28.0
Belarus,BLR,2006,Europe & Central Asia,9766.0,1.43,10466.926070038911,0.741,98.39933401571972,53.0,28.0
Belarus,BLR,2007,Europe & Central Asia,9725.0,1.22,11415.012853470436,0.757,98.39933401571972,53.0,28.0
Belarus,BLR,2008,Europe & Central Asia,9686.0,1.23,12607.061738591781,0.774,98.39933401571972,53.0,28.0
Belarus,BLR,2009,Europe & Central Asia,9649.0,1.24,,0.784,98.39933401571972,53.0,28.0
Belarus,BLR,2010,Europe & Central Asia,,1.25,,0.792,98.39933401571972,53.0,28.0
Belarus,BLR,2011,Europe & Central Asia,,1.26,,0.798,98.39933401571972,53.0,28.0
Belarus,BLR,2012,Europe & Central Asia,,1.45,,0.803,98.39933401571972,53.0,28.0
Belarus,BLR,2013,Europe & Central Asia,,1.46,,0.804,98.39933401571972,53.0,28.0
Belarus,BLR,2014,Europe & Central Asia,,1.47,,0.807,98.39933401571972,53.0,28.0
Belarus,BLR,2015,Europe & Central Asia,,1.47,,0.805,98.39933401571972,53.0,28.0
Belarus,BLR,2016,Europe & Central Asia,,1.48,,0.805,98.39933401571972,53.0,28.0
Belarus,BLR,2017,Europe & Central Asia,,1.48,,0.808,98.39933401571972,53.0,28.0
Belgium,BEL,1960,Europe & Central Asia,9118.7,,6952.0874686084635,,98.27021911016558,50.5,4.0
Belgium,BEL,1970,Europe & Central Asia,9637.8,,10610.824046981676,,98.27021911016558,50.5,4.0
Belgium,BEL,1980,Europe & Central Asia,9846.8,,14467.441199171306,,98.27021911016558,50.5,4.0
Belgium,BEL,1990,Europe & Central Asia,9969.31,,17196.977524021222,0.806,98.27021911016558,50.5,4.0
Belgium,BEL,1991,Europe & Central Asia,10004.487,,17450.635823414563,0.81,98.27021911016558,50.5,4.0
Belgium,BEL,1992,Europe & Central Asia,10045.622,,17645.19386867241,0.825,98.27021911016558,50.5,4.0
Belgium,BEL,1993,Europe & Central Asia,10085.426,,17406.49932286211,0.839,98.27021911016558,50.5,4.0
Belgium,BEL,1994,Europe & Central Asia,10122.914,,17901.660779581147,0.845,98.27021911016558,50.5,4.0
Belgium,BEL,1995,Europe & Central Asia,10155.459,,18269.834713382123,0.852,98.27021911016558,50.5,4.0
Belgium,BEL,1996,Europe & Central Asia,10178.934,,18438.55629657775,0.857,98.27021911016558,50.5,4.0
Belgium,BEL,1997,Europe & Central Asia,10199.787,,19015.124380236186,0.862,98.27021911016558,50.5,4.0
Belgium,BEL,1998,Europe & Central Asia,10217.03,,19338.9859871215,0.866,98.27021911016558,50.5,4.0
Belgium,BEL,1999,Europe & Central Asia,10235.655,,19964.428265704537,0.868,98.27021911016558,50.5,4.0
Belgium,BEL,2000,Europe & Central Asia,10263.618,1.61,20656.45857045732,0.873,98.27021911016558,50.5,4.0
Belgium,BEL,2001,Europe & Central Asia,10291.679,1.61,20761.23827803024,0.876,98.27021911016558,50.5,4.0
Belgium,BEL,2002,Europe & Central Asia,10311.97,1.61,21032.935510867468,0.879,98.27021911016558,50.5,4.0
Belgium,BEL,2003,Europe & Central Asia,10330.824,1.62,21205.859280924735,0.882,98.27021911016558,50.5,4.0
Belgium,BEL,2004,Europe & Central Asia,10348.276,1.64,21801.60250847581,0.885,98.27021911016558,50.5,4.0
Belgium,BEL,2005,Europe & Central Asia,10364.388,1.64,22246.56197741729,0.889,98.27021911016558,50.5,4.0
Belgium,BEL,2006,Europe & Central Asia,10379.067,1.64,22881.6328095772,0.896,98.27021911016558,50.5,4.0
Belgium,BEL,2007,Europe & Central Asia,10392.226,1.64,23446.949671802748,0.899,98.27021911016558,50.5,4.0
Belgium,BEL,2008,Europe & Central Asia,10403.951,1.65,23654.763464380027,0.899,98.27021911016558,50.5,4.0
Belgium,BEL,2009,Europe & Central Asia,10414.0,1.65,,0.899,98.27021911016558,50.5,4.0
Belgium,BEL,2010,Europe & Central Asia,,1.65,,0.903,98.27021911016558,50.5,4.0
Belgium,BEL,2011,Europe & Central Asia,,1.65,,0.904,98.27021911016558,50.5,4.0
Belgium,BEL,2012,Europe & Central Asia,,1.65,,0.905,98.27021911016558,50.5,4.0
Belgium,BEL,2013,Europe & Central Asia,,1.65,,0.908,98.27021911016558,50.5,4.0
Belgium,BEL,2014,Europe & Central Asia,,1.65,,0.909,98.27021911016558,50.5,4.0
Belgium,BEL,2015,Europe & Central Asia,,1.65,,0.913,98.27021911016558,50.5,4.0
Belgium,BEL,2016,Europe & Central Asia,,1.78,,0.915,98.27021911016558,50.5,4.0
Belgium,BEL,2017,Europe & Central Asia,,1.78,,0.916,98.27021911016558,50.5,4.0
Belize,BLZ,1960,Latin America & Caribbean,91.863,,,,62.548239971933114,17.15,-88.45
Belize,BLZ,1970,Latin America & Caribbean,122.07,,,,62.548239971933114,17.15,-88.45
Belize,BLZ,1980,Latin America & Caribbean,144.416,,,,62.548239971933114,17.15,-88.45
Belize,BLZ,1990,Latin America & Caribbean,190.865,,,0.644,62.548239971933114,17.15,-88.45
Belize,BLZ,1991,Latin America & Caribbean,195.745,,,0.651,62.548239971933114,17.15,-88.45
Belize,BLZ,1992,Latin America & Caribbean,200.824,,,0.657,62.548239971933114,17.15,-88.45
Belize,BLZ,1993,Latin America & Caribbean,206.093,,,0.661,62.548239971933114,17.15,-88.45
Belize,BLZ,1994,Latin America & Caribbean,211.546,,,0.661,62.548239971933114,17.15,-88.45
Belize,BLZ,1995,Latin America & Caribbean,217.167,,,0.662,62.548239971933114,17.15,-88.45
Belize,BLZ,1996,Latin America & Caribbean,222.972,,,0.662,62.548239971933114,17.15,-88.45
Belize,BLZ,1997,Latin America & Caribbean,228.954,,,0.664,62.548239971933114,17.15,-88.45
Belize,BLZ,1998,Latin America & Caribbean,235.126,,,0.666,62.548239971933114,17.15,-88.45
Belize,BLZ,1999,Latin America & Caribbean,241.48,,,0.67,62.548239971933114,17.15,-88.45
Belize,BLZ,2000,Latin America & Caribbean,248.004,4.14,,0.677,62.548239971933114,17.15,-88.45
Belize,BLZ,2001,Latin America & Caribbean,254.639,4.05,,0.679,62.548239971933114,17.15,-88.45
Belize,BLZ,2002,Latin America & Caribbean,261.298,3.96,,0.685,62.548239971933114,17.15,-88.45
Belize,BLZ,2003,Latin America & Caribbean,267.958,3.86,,0.692,62.548239971933114,17.15,-88.45
Belize,BLZ,2004,Latin America & Caribbean,274.62,3.68,,0.696,62.548239971933114,17.15,-88.45
Belize,BLZ,2005,Latin America & Caribbean,281.289,3.68,,0.693,62.548239971933114,17.15,-88.45
Belize,BLZ,2006,Latin America & Caribbean,287.953,3.6,,0.7,62.548239971933114,17.15,-88.45
Belize,BLZ,2007,Latin America & Caribbean,294.61,3.52,,0.699,62.548239971933114,17.15,-88.45
Belize,BLZ,2008,Latin America & Caribbean,301.27,3.44,,0.7,62.548239971933114,17.15,-88.45
Belize,BLZ,2009,Latin America & Caribbean,308.0,3.36,,0.699,62.548239971933114,17.15,-88.45
Belize,BLZ,2010,Latin America & Caribbean,,3.28,,0.699,62.548239971933114,17.15,-88.45
Belize,BLZ,2011,Latin America & Caribbean,,3.21,,0.702,62.548239971933114,17.15,-88.45
Belize,BLZ,2012,Latin America & Caribbean,,3.15,,0.706,62.548239971933114,17.15,-88.45
Belize,BLZ,2013,Latin America & Caribbean,,3.08,,0.705,62.548239971933114,17.15,-88.45
Belize,BLZ,2014,Latin America & Caribbean,,3.02,,0.706,62.548239971933114,17.15,-88.45
Belize,BLZ,2015,Latin America & Caribbean,,3.02,,0.709,62.548239971933114,17.15,-88.45
Belize,BLZ,2016,Latin America & Caribbean,,2.9,,0.709,62.548239971933114,17.15,-88.45
Belize,BLZ,2017,Latin America & Caribbean,,2.85,,0.708,62.548239971933114,17.15,-88.45
Benin,BEN,1960,Sub-Saharan Africa,2055.083,,978.1159649150053,,70.35899155794769,9.3,2.15
Benin,BEN,1970,Sub-Saharan Africa,2619.809,,1027.4128471689396,,70.35899155794769,9.3,2.15
Benin,BEN,1980,Sub-Saharan Africa,3458.062,,1127.97028695283,,70.35899155794769,9.3,2.15
Benin,BEN,1990,Sub-Saharan Africa,4705.442,,1136.3438333742079,0.348,70.35899155794769,9.3,2.15
Benin,BEN,1991,Sub-Saharan Africa,4855.063,,1153.0867879572313,0.354,70.35899155794769,9.3,2.15
Benin,BEN,1992,Sub-Saharan Africa,5010.143,,1162.090854492576,0.358,70.35899155794769,9.3,2.15
Benin,BEN,1993,Sub-Saharan Africa,5250.36,,1147.734594884922,0.365,70.35899155794769,9.3,2.15
Benin,BEN,1994,Sub-Saharan Africa,5488.151,,1146.317708666252,0.368,70.35899155794769,9.3,2.15
Benin,BEN,1995,Sub-Saharan Africa,5646.826,,1165.3552375041452,0.373,70.35899155794769,9.3,2.15
Benin,BEN,1996,Sub-Saharan Africa,5820.226,,1192.821199445723,0.377,70.35899155794769,9.3,2.15
Benin,BEN,1997,Sub-Saharan Africa,6006.23,,1221.7665372441613,0.381,70.35899155794769,9.3,2.15
Benin,BEN,1998,Sub-Saharan Africa,6202.318,,1237.440582698275,0.385,70.35899155794769,9.3,2.15
Benin,BEN,1999,Sub-Saharan Africa,6406.766,,1254.4550557957011,0.391,70.35899155794769,9.3,2.15
Benin,BEN,2000,Sub-Saharan Africa,6619.12,6.32,1284.6118517265136,0.398,70.35899155794769,9.3,2.15
Benin,BEN,2001,Sub-Saharan Africa,6839.006,6.23,1305.4528684431625,0.41,70.35899155794769,9.3,2.15
Benin,BEN,2002,Sub-Saharan Africa,7064.487,6.14,1339.6584918338729,0.419,70.35899155794769,9.3,2.15
Benin,BEN,2003,Sub-Saharan Africa,7293.71,6.04,1348.147924718696,0.426,70.35899155794769,9.3,2.15
Benin,BEN,2004,Sub-Saharan Africa,7526.831,5.86,1346.9147905672387,0.434,70.35899155794769,9.3,2.15
Benin,BEN,2005,Sub-Saharan Africa,7777.709,5.32,1341.269003507331,0.44,70.35899155794769,9.3,2.15
Benin,BEN,2006,Sub-Saharan Africa,8031.708,5.2,1348.156581389662,0.447,70.35899155794769,9.3,2.15
Benin,BEN,2007,Sub-Saharan Africa,8278.158,5.08,1368.299566159525,0.455,70.35899155794769,9.3,2.15
Benin,BEN,2008,Sub-Saharan Africa,8532.547,5.58,1393.8393776207736,0.462,70.35899155794769,9.3,2.15
Benin,BEN,2009,Sub-Saharan Africa,8792.0,5.49,,0.468,70.35899155794769,9.3,2.15
Benin,BEN,2010,Sub-Saharan Africa,,5.4,,0.473,70.35899155794769,9.3,2.15
Benin,BEN,2011,Sub-Saharan Africa,,5.31,,0.479,70.35899155794769,9.3,2.15
Benin,BEN,2012,Sub-Saharan Africa,,5.22,,0.489,70.35899155794769,9.3,2.15
Benin,BEN,2013,Sub-Saharan Africa,,5.13,,0.5,70.35899155794769,9.3,2.15
Benin,BEN,2014,Sub-Saharan Africa,,5.04,,0.505,70.35899155794769,9.3,2.15
Benin,BEN,2015,Sub-Saharan Africa,,5.04,,0.508,70.35899155794769,9.3,2.15
Benin,BEN,2016,Sub-Saharan Africa,,4.86,,0.512,70.35899155794769,9.3,2.15
Benin,BEN,2017,Sub-Saharan Africa,,4.77,,0.515,70.35899155794769,9.3,2.15
Bermuda,BMU,1960,Latin America & Caribbean,44.365,,,,93.19469974715551,32.2,-64.45
Bermuda,BMU,1970,Latin America & Caribbean,52.6,,,,93.19469974715551,32.2,-64.45
Bermuda,BMU,1980,Latin America & Caribbean,54.726,,,,93.19469974715551,32.2,-64.45
Bermuda,BMU,1990,Latin America & Caribbean,57.781,,,,93.19469974715551,32.2,-64.45
Bermuda,BMU,1991,Latin America & Caribbean,58.095,,,,93.19469974715551,32.2,-64.45
Bermuda,BMU,1992,Latin America & Caribbean,58.696,,,,93.19469974715551,32.2,-64.45
Bermuda,BMU,1993,Latin America & Caribbean,59.241,,,,93.19469974715551,32.2,-64.45
Bermuda,BMU,1994,Latin America & Caribbean,59.746,,,,93.19469974715551,32.2,-64.45
Bermuda,BMU,1995,Latin America & Caribbean,60.294,,,,93.19469974715551,32.2,-64.45
Bermuda,BMU,1996,Latin America & Caribbean,60.871,,,,93.19469974715551,32.2,-64.45
Bermuda,BMU,1997,Latin America & Caribbean,61.45,,,,93.19469974715551,32.2,-64.45
Bermuda,BMU,1998,Latin America & Caribbean,61.981,,,,93.19469974715551,32.2,-64.45
Bermuda,BMU,1999,Latin America & Caribbean,62.509,,,,93.19469974715551,32.2,-64.45
Bermuda,BMU,2000,Latin America & Caribbean,63.061,1.68,,,93.19469974715551,32.2,-64.45
Bermuda,BMU,2001,Latin America & Caribbean,63.606,1.81,,,93.19469974715551,32.2,-64.45
Bermuda,BMU,2002,Latin America & Caribbean,64.182,1.81,,,93.19469974715551,32.2,-64.45
Bermuda,BMU,2003,Latin America & Caribbean,64.761,1.9,,,93.19469974715551,32.2,-64.45
Bermuda,BMU,2004,Latin America & Caribbean,65.337,1.89,,,93.19469974715551,32.2,-64.45
Bermuda,BMU,2005,Latin America & Caribbean,65.91,1.89,,,93.19469974715551,32.2,-64.45
Bermuda,BMU,2006,Latin America & Caribbean,66.436,1.89,,,93.19469974715551,32.2,-64.45
Bermuda,BMU,2007,Latin America & Caribbean,66.921,1.88,,,93.19469974715551,32.2,-64.45
Bermuda,BMU,2008,Latin America & Caribbean,67.388,1.88,,,93.19469974715551,32.2,-64.45
Bermuda,BMU,2009,Latin America & Caribbean,68.0,1.99,,,93.19469974715551,32.2,-64.45
Bermuda,BMU,2010,Latin America & Caribbean,,1.98,,,93.19469974715551,32.2,-64.45
Bermuda,BMU,2011,Latin America & Caribbean,,1.97,,,93.19469974715551,32.2,-64.45
Bermuda,BMU,2012,Latin America & Caribbean,,1.97,,,93.19469974715551,32.2,-64.45
Bermuda,BMU,2013,Latin America & Caribbean,,1.96,,,93.19469974715551,32.2,-64.45
Bermuda,BMU,2014,Latin America & Caribbean,,1.95,,,93.19469974715551,32.2,-64.45
Bermuda,BMU,2015,Latin America & Caribbean,,1.95,,,93.19469974715551,32.2,-64.45
Bermuda,BMU,2016,Latin America & Caribbean,,1.94,,,93.19469974715551,32.2,-64.45
Bermuda,BMU,2017,Latin America & Caribbean,,1.93,,,93.19469974715551,32.2,-64.45
Bhutan,BTN,1960,South Asia,212.052,,,,87.35018575755296,27.3,90.3
Bhutan,BTN,1970,South Asia,309.265,,,,87.35018575755296,27.3,90.3
Bhutan,BTN,1980,South Asia,446.035,,,,87.35018575755296,27.3,90.3
Bhutan,BTN,1990,South Asia,614.744,,,,87.35018575755296,27.3,90.3
Bhutan,BTN,1991,South Asia,625.045,,,,87.35018575755296,27.3,90.3
Bhutan,BTN,1992,South Asia,601.655,,,,87.35018575755296,27.3,90.3
Bhutan,BTN,1993,South Asia,576.693,,,,87.35018575755296,27.3,90.3
Bhutan,BTN,1994,South Asia,574.72,,,,87.35018575755296,27.3,90.3
Bhutan,BTN,1995,South Asia,566.313,,,,87.35018575755296,27.3,90.3
Bhutan,BTN,1996,South Asia,565.33,,,,87.35018575755296,27.3,90.3
Bhutan,BTN,1997,South Asia,574.838,,,,87.35018575755296,27.3,90.3
Bhutan,BTN,1998,South Asia,585.274,,,,87.35018575755296,27.3,90.3
Bhutan,BTN,1999,South Asia,595.628,,,,87.35018575755296,27.3,90.3
Bhutan,BTN,2000,South Asia,605.872,5.13,,,87.35018575755296,27.3,90.3
Bhutan,BTN,2001,South Asia,615.98,5.07,,,87.35018575755296,27.3,90.3
Bhutan,BTN,2002,South Asia,625.943,5.0,,,87.35018575755296,27.3,90.3
Bhutan,BTN,2003,South Asia,635.757,4.94,,,87.35018575755296,27.3,90.3
Bhutan,BTN,2004,South Asia,645.415,4.81,,,87.35018575755296,27.3,90.3
Bhutan,BTN,2005,South Asia,654.897,4.81,,0.51,87.35018575755296,27.3,90.3
Bhutan,BTN,2006,South Asia,664.205,4.74,,0.521,87.35018575755296,27.3,90.3
Bhutan,BTN,2007,South Asia,673.353,4.67,,0.535,87.35018575755296,27.3,90.3
Bhutan,BTN,2008,South Asia,682.321,2.48,,0.543,87.35018575755296,27.3,90.3
Bhutan,BTN,2009,South Asia,691.0,2.38,,0.554,87.35018575755296,27.3,90.3
Bhutan,BTN,2010,South Asia,,2.29,,0.566,87.35018575755296,27.3,90.3
Bhutan,BTN,2011,South Asia,,2.2,,0.575,87.35018575755296,27.3,90.3
Bhutan,BTN,2012,South Asia,,2.13,,0.585,87.35018575755296,27.3,90.3
Bhutan,BTN,2013,South Asia,,2.07,,0.589,87.35018575755296,27.3,90.3
Bhutan,BTN,2014,South Asia,,2.02,,0.599,87.35018575755296,27.3,90.3
Bhutan,BTN,2015,South Asia,,2.02,,0.603,87.35018575755296,27.3,90.3
Bhutan,BTN,2016,South Asia,,1.93,,0.609,87.35018575755296,27.3,90.3
Bhutan,BTN,2017,South Asia,,1.9,,0.612,87.35018575755296,27.3,90.3
Bolivia,BOL,1960,Latin America & Caribbean,3434.073,,1606.2558949678705,,77.34942307692307,-17.0,-65.0
Bolivia,BOL,1970,Latin America & Caribbean,4346.218,,2176.3749540405015,,77.34942307692307,-17.0,-65.0
Bolivia,BOL,1980,Latin America & Caribbean,5441.298,,2571.996608162244,,77.34942307692307,-17.0,-65.0
Bolivia,BOL,1990,Latin America & Caribbean,6573.9,,2197.477905048753,0.536,77.34942307692307,-17.0,-65.0
Bolivia,BOL,1991,Latin America & Caribbean,6731.484,,2261.9083696849016,0.543,77.34942307692307,-17.0,-65.0
Bolivia,BOL,1992,Latin America & Caribbean,6893.451,,2246.3349634312335,0.55,77.34942307692307,-17.0,-65.0
Bolivia,BOL,1993,Latin America & Caribbean,7054.0,,2287.3546923731215,0.557,77.34942307692307,-17.0,-65.0
Bolivia,BOL,1994,Latin America & Caribbean,7215.0,,2343.7283437283436,0.564,77.34942307692307,-17.0,-65.0
Bolivia,BOL,1995,Latin America & Caribbean,7375.0,,2400.677966101695,0.571,77.34942307692307,-17.0,-65.0
Bolivia,BOL,1996,Latin America & Caribbean,7534.0,,2453.411202548447,0.578,77.34942307692307,-17.0,-65.0
Bolivia,BOL,1997,Latin America & Caribbean,7695.0,,2522.1572449642626,0.58,77.34942307692307,-17.0,-65.0
Bolivia,BOL,1998,Latin America & Caribbean,7859.0,,2597.913220511515,0.591,77.34942307692307,-17.0,-65.0
Bolivia,BOL,1999,Latin America & Caribbean,8026.0,,2554.074258659357,0.6,77.34942307692307,-17.0,-65.0
Bolivia,BOL,2000,Latin America & Caribbean,8195.0,3.66,2561.4399023794995,0.608,77.34942307692307,-17.0,-65.0
Bolivia,BOL,2001,Latin America & Caribbean,8367.0,3.51,2550.8545476275845,0.611,77.34942307692307,-17.0,-65.0
Bolivia,BOL,2002,Latin America & Caribbean,8542.0,3.37,2559.470849918052,0.617,77.34942307692307,-17.0,-65.0
Bolivia,BOL,2003,Latin America & Caribbean,8719.0,3.23,2575.1806399816496,0.621,77.34942307692307,-17.0,-65.0
Bolivia,BOL,2004,Latin America & Caribbean,8896.0,2.94,2629.9460431654675,0.622,77.34942307692307,-17.0,-65.0
Bolivia,BOL,2005,Latin America & Caribbean,9072.0,2.94,2692.4603174603176,0.624,77.34942307692307,-17.0,-65.0
Bolivia,BOL,2006,Latin America & Caribbean,9250.0,2.85,2767.3513513513512,0.63,77.34942307692307,-17.0,-65.0
Bolivia,BOL,2007,Latin America & Caribbean,9426.0,2.76,2840.65351156376,0.631,77.34942307692307,-17.0,-65.0
Bolivia,BOL,2008,Latin America & Caribbean,9601.0,2.67,2958.9626080616604,0.64,77.34942307692307,-17.0,-65.0
Bolivia,BOL,2009,Latin America & Caribbean,9775.0,3.17,,0.647,77.34942307692307,-17.0,-65.0
Bolivia,BOL,2010,Latin America & Caribbean,,3.07,,0.649,77.34942307692307,-17.0,-65.0
Bolivia,BOL,2011,Latin America & Caribbean,,3.0,,0.655,77.34942307692307,-17.0,-65.0
Bolivia,BOL,2012,Latin America & Caribbean,,2.93,,0.662,77.34942307692307,-17.0,-65.0
Bolivia,BOL,2013,Latin America & Caribbean,,2.87,,0.668,77.34942307692307,-17.0,-65.0
Bolivia,BOL,2014,Latin America & Caribbean,,2.8,,0.675,77.34942307692307,-17.0,-65.0
Bolivia,BOL,2015,Latin America & Caribbean,,2.8,,0.681,77.34942307692307,-17.0,-65.0
Bolivia,BOL,2016,Latin America & Caribbean,,2.68,,0.689,77.34942307692307,-17.0,-65.0
Bolivia,BOL,2017,Latin America & Caribbean,,2.63,,0.693,77.34942307692307,-17.0,-65.0
Bosnia and Herzegovina,BIH,1960,Europe & Central Asia,3240.0,,,,88.05731899737054,44.0,18.0
Bosnia and Herzegovina,BIH,1970,Europe & Central Asia,3703.0,,,,88.05731899737054,44.0,18.0
Bosnia and Herzegovina,BIH,1980,Europe & Central Asia,4092.0,,,,88.05731899737054,44.0,18.0
Bosnia and Herzegovina,BIH,1990,Europe & Central Asia,4423.646,,3736.7366195215445,,88.05731899737054,44.0,18.0
Bosnia and Herzegovina,BIH,1991,Europe & Central Asia,4449.406,,3283.584370587894,,88.05731899737054,44.0,18.0
Bosnia and Herzegovina,BIH,1992,Europe & Central Asia,4256.013,,2475.321386471329,,88.05731899737054,44.0,18.0
Bosnia and Herzegovina,BIH,1993,Europe & Central Asia,3955.016,,1842.4704223699725,,88.05731899737054,44.0,18.0
Bosnia and Herzegovina,BIH,1994,Europe & Central Asia,3784.983,,1977.2876126524213,,88.05731899737054,44.0,18.0
Bosnia and Herzegovina,BIH,1995,Europe & Central Asia,3708.96,,2138.8745092964064,,88.05731899737054,44.0,18.0
Bosnia and Herzegovina,BIH,1996,Europe & Central Asia,3608.495,,3389.968948273449,,88.05731899737054,44.0,18.0
Bosnia and Herzegovina,BIH,1997,Europe & Central Asia,3607.0,,4632.616877183254,,88.05731899737054,44.0,18.0
Bosnia and Herzegovina,BIH,1998,Europe & Central Asia,3817.575,,5103.68074566079,,88.05731899737054,44.0,18.0
Bosnia and Herzegovina,BIH,1999,Europe & Central Asia,3958.653,,5389.367040951684,,88.05731899737054,44.0,18.0
Bosnia and Herzegovina,BIH,2000,Europe & Central Asia,4035.457,1.71,5572.281959892472,0.672,88.05731899737054,44.0,18.0
Bosnia and Herzegovina,BIH,2001,Europe & Central Asia,4111.293,1.71,5715.62424080886,0.677,88.05731899737054,44.0,18.0
Bosnia and Herzegovina,BIH,2002,Europe & Central Asia,4165.416,1.71,5850.089007039606,0.683,88.05731899737054,44.0,18.0
Bosnia and Herzegovina,BIH,2003,Europe & Central Asia,4243.181,1.71,5926.6460918329885,0.688,88.05731899737054,44.0,18.0
Bosnia and Herzegovina,BIH,2004,Europe & Central Asia,4345.591,1.71,6140.016398229837,0.694,88.05731899737054,44.0,18.0
Bosnia and Herzegovina,BIH,2005,Europe & Central Asia,4430.494,1.21,6257.315775622313,0.7,88.05731899737054,44.0,18.0
Bosnia and Herzegovina,BIH,2006,Europe & Central Asia,4498.976,1.22,6587.054476396407,0.706,88.05731899737054,44.0,18.0
Bosnia and Herzegovina,BIH,2007,Europe & Central Asia,4552.198,1.23,6952.904948334848,0.712,88.05731899737054,44.0,18.0
Bosnia and Herzegovina,BIH,2008,Europe & Central Asia,4590.31,1.24,7274.2363805494615,0.719,88.05731899737054,44.0,18.0
Bosnia and Herzegovina,BIH,2009,Europe & Central Asia,4613.0,1.25,,0.72,88.05731899737054,44.0,18.0
Bosnia and Herzegovina,BIH,2010,Europe & Central Asia,,1.26,,0.713,88.05731899737054,44.0,18.0
Bosnia and Herzegovina,BIH,2011,Europe & Central Asia,,1.27,,0.721,88.05731899737054,44.0,18.0
Bosnia and Herzegovina,BIH,2012,Europe & Central Asia,,1.24,,0.739,88.05731899737054,44.0,18.0
Bosnia and Herzegovina,BIH,2013,Europe & Central Asia,,1.25,,0.747,88.05731899737054,44.0,18.0
Bosnia and Herzegovina,BIH,2014,Europe & Central Asia,,1.26,,0.754,88.05731899737054,44.0,18.0
Bosnia and Herzegovina,BIH,2015,Europe & Central Asia,,1.26,,0.755,88.05731899737054,44.0,18.0
Bosnia and Herzegovina,BIH,2016,Europe & Central Asia,,1.28,,0.766,88.05731899737054,44.0,18.0
Bosnia and Herzegovina,BIH,2017,Europe & Central Asia,,1.3,,0.768,88.05731899737054,44.0,18.0
Botswana,BWA,1960,Sub-Saharan Africa,496.695,,402.56574541715287,,69.44598733204616,-22.0,24.0
Botswana,BWA,1970,Sub-Saharan Africa,583.999,,647.2691284568737,,69.44598733204616,-22.0,24.0
Botswana,BWA,1980,Sub-Saharan Africa,900.476,,1764.587857871758,,69.44598733204616,-22.0,24.0
Botswana,BWA,1990,Sub-Saharan Africa,1264.612,,3303.780131771642,0.581,69.44598733204616,-22.0,24.0
Botswana,BWA,1991,Sub-Saharan Africa,1303.104,,3360.0943593915204,0.588,69.44598733204616,-22.0,24.0
Botswana,BWA,1992,Sub-Saharan Africa,1344.726,,3353.7753952132575,0.587,69.44598733204616,-22.0,24.0
Botswana,BWA,1993,Sub-Saharan Africa,1389.35,,3310.977904448566,0.585,69.44598733204616,-22.0,24.0
Botswana,BWA,1994,Sub-Saharan Africa,1433.688,,3320.806200512245,0.575,69.44598733204616,-22.0,24.0
Botswana,BWA,1995,Sub-Saharan Africa,1477.591,,3366.9669076219334,0.577,69.44598733204616,-22.0,24.0
Botswana,BWA,1996,Sub-Saharan Africa,1520.912,,3457.793744805748,0.571,69.44598733204616,-22.0,24.0
Botswana,BWA,1997,Sub-Saharan Africa,1563.19,,3589.4548967176092,0.57,69.44598733204616,-22.0,24.0
Botswana,BWA,1998,Sub-Saharan Africa,1604.007,,3704.472611403816,0.567,69.44598733204616,-22.0,24.0
Botswana,BWA,1999,Sub-Saharan Africa,1642.943,,3844.9294954237607,0.566,69.44598733204616,-22.0,24.0
Botswana,BWA,2000,Sub-Saharan Africa,1679.68,3.8,4084.111259287483,0.565,69.44598733204616,-22.0,24.0
Botswana,BWA,2001,Sub-Saharan Africa,1714.009,3.7,4210.596327090465,0.567,69.44598733204616,-22.0,24.0
Botswana,BWA,2002,Sub-Saharan Africa,1746.177,3.6,4338.620884366247,0.566,69.44598733204616,-22.0,24.0
Botswana,BWA,2003,Sub-Saharan Africa,1777.092,3.27,4429.14604308612,0.575,69.44598733204616,-22.0,24.0
Botswana,BWA,2004,Sub-Saharan Africa,1807.832,2.85,4488.802056828289,0.584,69.44598733204616,-22.0,24.0
Botswana,BWA,2005,Sub-Saharan Africa,1840.116,2.85,4480.695782222426,0.596,69.44598733204616,-22.0,24.0
Botswana,BWA,2006,Sub-Saharan Africa,1875.778,2.79,4619.416583412323,0.611,69.44598733204616,-22.0,24.0
Botswana,BWA,2007,Sub-Saharan Africa,1913.422,2.73,4728.178101851028,0.625,69.44598733204616,-22.0,24.0
Botswana,BWA,2008,Sub-Saharan Africa,1952.048,2.66,4768.837651533159,0.639,69.44598733204616,-22.0,24.0
Botswana,BWA,2009,Sub-Saharan Africa,1991.0,2.6,,0.648,69.44598733204616,-22.0,24.0
Botswana,BWA,2010,Sub-Saharan Africa,,2.54,,0.66,69.44598733204616,-22.0,24.0
Botswana,BWA,2011,Sub-Saharan Africa,,2.5,,0.673,69.44598733204616,-22.0,24.0
Botswana,BWA,2012,Sub-Saharan Africa,,2.46,,0.683,69.44598733204616,-22.0,24.0
Botswana,BWA,2013,Sub-Saharan Africa,,2.41,,0.693,69.44598733204616,-22.0,24.0
Botswana,BWA,2014,Sub-Saharan Africa,,2.37,,0.701,69.44598733204616,-22.0,24.0
Botswana,BWA,2015,Sub-Saharan Africa,,2.37,,0.706,69.44598733204616,-22.0,24.0
Botswana,BWA,2016,Sub-Saharan Africa,,2.3,,0.712,69.44598733204616,-22.0,24.0
Botswana,BWA,2017,Sub-Saharan Africa,,2.56,,0.717,69.44598733204616,-22.0,24.0
Brazil,BRA,1960,Latin America & Caribbean,71694.81,,2334.8552008157912,,83.48832937018817,-10.0,-55.0
Brazil,BRA,1970,Latin America & Caribbean,95684.297,,3056.718909686926,,83.48832937018817,-10.0,-55.0
Brazil,BRA,1980,Latin America & Caribbean,123020.0,,5195.0333279141605,,83.48832937018817,-10.0,-55.0
Brazil,BRA,1990,Latin America & Caribbean,151170.0,,4920.056889594496,0.611,83.48832937018817,-10.0,-55.0
Brazil,BRA,1991,Latin America & Caribbean,153584.0,,4891.154026461089,0.615,83.48832937018817,-10.0,-55.0
Brazil,BRA,1992,Latin America & Caribbean,156032.0,,4799.9705188679245,0.622,83.48832937018817,-10.0,-55.0
Brazil,BRA,1993,Latin America & Caribbean,158512.0,,4937.493691329363,0.63,83.48832937018817,-10.0,-55.0
Brazil,BRA,1994,Latin America & Caribbean,161017.0,,5162.038790935119,0.64,83.48832937018817,-10.0,-55.0
Brazil,BRA,1995,Latin America & Caribbean,163544.0,,5295.736927065499,0.648,83.48832937018817,-10.0,-55.0
Brazil,BRA,1996,Latin America & Caribbean,166086.0,,5365.906819358645,0.656,83.48832937018817,-10.0,-55.0
Brazil,BRA,1997,Latin America & Caribbean,168639.0,,5485.4926796292675,0.664,83.48832937018817,-10.0,-55.0
Brazil,BRA,1998,Latin America & Caribbean,171201.0,,5414.2090291528675,0.67,83.48832937018817,-10.0,-55.0
Brazil,BRA,1999,Latin America & Caribbean,173764.0,,5377.022858589812,0.676,83.48832937018817,-10.0,-55.0
Brazil,BRA,2000,Latin America & Caribbean,176320.0,2.13,5532.236842105263,0.684,83.48832937018817,-10.0,-55.0
Brazil,BRA,2001,Latin America & Caribbean,178870.0,2.09,5524.665958517358,0.691,83.48832937018817,-10.0,-55.0
Brazil,BRA,2002,Latin America & Caribbean,181418.0,2.05,5552.343207399486,0.698,83.48832937018817,-10.0,-55.0
Brazil,BRA,2003,Latin America & Caribbean,183960.0,2.01,5535.850184822787,0.695,83.48832937018817,-10.0,-55.0
Brazil,BRA,2004,Latin America & Caribbean,186489.0,1.93,5772.045536197846,0.698,83.48832937018817,-10.0,-55.0
Brazil,BRA,2005,Latin America & Caribbean,188993.0,1.93,5877.826162873757,0.7,83.48832937018817,-10.0,-55.0
Brazil,BRA,2006,Latin America & Caribbean,191469.0,1.91,6033.89060370086,0.702,83.48832937018817,-10.0,-55.0
Brazil,BRA,2007,Latin America & Caribbean,193919.0,1.88,6195.9581062196075,0.705,83.48832937018817,-10.0,-55.0
Brazil,BRA,2008,Latin America & Caribbean,196343.0,2.22,6428.948320031781,0.716,83.48832937018817,-10.0,-55.0
Brazil,BRA,2009,Latin America & Caribbean,198739.0,2.21,,0.718,83.48832937018817,-10.0,-55.0
Brazil,BRA,2010,Latin America & Caribbean,,2.19,,0.727,83.48832937018817,-10.0,-55.0
Brazil,BRA,2011,Latin America & Caribbean,,2.18,,0.731,83.48832937018817,-10.0,-55.0
Brazil,BRA,2012,Latin America & Caribbean,,1.82,,0.736,83.48832937018817,-10.0,-55.0
Brazil,BRA,2013,Latin America & Caribbean,,1.81,,0.748,83.48832937018817,-10.0,-55.0
Brazil,BRA,2014,Latin America & Caribbean,,1.79,,0.752,83.48832937018817,-10.0,-55.0
Brazil,BRA,2015,Latin America & Caribbean,,1.79,,0.757,83.48832937018817,-10.0,-55.0
Brazil,BRA,2016,Latin America & Caribbean,,1.76,,0.758,83.48832937018817,-10.0,-55.0
Brazil,BRA,2017,Latin America & Caribbean,,1.75,,0.759,83.48832937018817,-10.0,-55.0
Brunei,BRN,1960,East Asia & Pacific,83.037,,,,87.60851140450015,4.3,114.4
Brunei,BRN,1970,East Asia & Pacific,127.554,,,,87.60851140450015,4.3,114.4
Brunei,BRN,1980,East Asia & Pacific,185.22,,,,87.60851140450015,4.3,114.4
Brunei,BRN,1990,East Asia & Pacific,252.887,,,0.782,87.60851140450015,4.3,114.4
Brunei,BRN,1991,East Asia & Pacific,259.254,,,0.787,87.60851140450015,4.3,114.4
Brunei,BRN,1992,East Asia & Pacific,265.759,,,0.792,87.60851140450015,4.3,114.4
Brunei,BRN,1993,East Asia & Pacific,273.107,,,0.797,87.60851140450015,4.3,114.4
Brunei,BRN,1994,East Asia & Pacific,280.501,,,0.801,87.60851140450015,4.3,114.4
Brunei,BRN,1995,East Asia & Pacific,287.99,,,0.805,87.60851140450015,4.3,114.4
Brunei,BRN,1996,East Asia & Pacific,295.573,,,0.807,87.60851140450015,4.3,114.4
Brunei,BRN,1997,East Asia & Pacific,303.11,,,0.81,87.60851140450015,4.3,114.4
Brunei,BRN,1998,East Asia & Pacific,310.525,,,0.812,87.60851140450015,4.3,114.4
Brunei,BRN,1999,East Asia & Pacific,317.901,,,0.818,87.60851140450015,4.3,114.4
Brunei,BRN,2000,East Asia & Pacific,325.297,2.47,,0.819,87.60851140450015,4.3,114.4
Brunei,BRN,2001,East Asia & Pacific,332.654,2.44,,0.82,87.60851140450015,4.3,114.4
Brunei,BRN,2002,East Asia & Pacific,339.989,2.4,,0.823,87.60851140450015,4.3,114.4
Brunei,BRN,2003,East Asia & Pacific,347.26,2.37,,0.828,87.60851140450015,4.3,114.4
Brunei,BRN,2004,East Asia & Pacific,354.305,2.3,,0.834,87.60851140450015,4.3,114.4
Brunei,BRN,2005,East Asia & Pacific,361.11,2.3,,0.838,87.60851140450015,4.3,114.4
Brunei,BRN,2006,East Asia & Pacific,367.819,2.28,,0.84,87.60851140450015,4.3,114.4
Brunei,BRN,2007,East Asia & Pacific,374.577,1.97,,0.84,87.60851140450015,4.3,114.4
Brunei,BRN,2008,East Asia & Pacific,381.371,1.94,,0.84,87.60851140450015,4.3,114.4
Brunei,BRN,2009,East Asia & Pacific,388.0,1.91,,0.842,87.60851140450015,4.3,114.4
Brunei,BRN,2010,East Asia & Pacific,,1.88,,0.842,87.60851140450015,4.3,114.4
Brunei,BRN,2011,East Asia & Pacific,,1.86,,0.846,87.60851140450015,4.3,114.4
Brunei,BRN,2012,East Asia & Pacific,,1.85,,0.852,87.60851140450015,4.3,114.4
Brunei,BRN,2013,East Asia & Pacific,,1.83,,0.853,87.60851140450015,4.3,114.4
Brunei,BRN,2014,East Asia & Pacific,,1.82,,0.853,87.60851140450015,4.3,114.4
Brunei,BRN,2015,East Asia & Pacific,,1.82,,0.852,87.60851140450015,4.3,114.4
Brunei,BRN,2016,East Asia & Pacific,,1.79,,0.852,87.60851140450015,4.3,114.4
Brunei,BRN,2017,East Asia & Pacific,,1.78,,0.853,87.60851140450015,4.3,114.4
Bulgaria,BGR,1960,Europe & Central Asia,7867.374,,2911.712565955613,,91.00755203306545,43.0,25.0
Bulgaria,BGR,1970,Europe & Central Asia,8489.574,,4773.223453572573,,91.00755203306545,43.0,25.0
Bulgaria,BGR,1980,Europe & Central Asia,8843.528,,6043.7999070686,,91.00755203306545,43.0,25.0
Bulgaria,BGR,1990,Europe & Central Asia,8894.028,,5596.901651310294,0.694,91.00755203306545,43.0,25.0
Bulgaria,BGR,1991,Europe & Central Asia,8772.368,,5197.862652364789,0.691,91.00755203306545,43.0,25.0
Bulgaria,BGR,1992,Europe & Central Asia,8658.506,,4881.782356910073,0.691,91.00755203306545,43.0,25.0
Bulgaria,BGR,1993,Europe & Central Asia,8441.872,,4931.952024453818,0.69,91.00755203306545,43.0,25.0
Bulgaria,BGR,1994,Europe & Central Asia,8353.335,,5073.941849475742,0.691,91.00755203306545,43.0,25.0
Bulgaria,BGR,1995,Europe & Central Asia,8255.811,,5282.761655314902,0.696,91.00755203306545,43.0,25.0
Bulgaria,BGR,1996,Europe & Central Asia,8161.026,,4841.770446093448,0.702,91.00755203306545,43.0,25.0
Bulgaria,BGR,1997,Europe & Central Asia,8066.057,,4624.445486163887,0.704,91.00755203306545,43.0,25.0
Bulgaria,BGR,1998,Europe & Central Asia,7971.774,,4866.304855127886,0.709,91.00755203306545,43.0,25.0
Bulgaria,BGR,1999,Europe & Central Asia,7893.227,,5027.769177061098,0.708,91.00755203306545,43.0,25.0
Bulgaria,BGR,2000,Europe & Central Asia,7818.495,1.13,5349.921037581575,0.712,91.00755203306545,43.0,25.0
Bulgaria,BGR,2001,Europe & Central Asia,7738.416,1.13,5626.8999300267815,0.722,91.00755203306545,43.0,25.0
Bulgaria,BGR,2002,Europe & Central Asia,7661.799,1.13,5961.643444172201,0.729,91.00755203306545,43.0,25.0
Bulgaria,BGR,2003,Europe & Central Asia,7588.399,1.13,6278.138652357166,0.738,91.00755203306545,43.0,25.0
Bulgaria,BGR,2004,Europe & Central Asia,7517.973,1.38,6755.145303128916,0.745,91.00755203306545,43.0,25.0
Bulgaria,BGR,2005,Europe & Central Asia,7450.349,1.38,7239.123965870592,0.75,91.00755203306545,43.0,25.0
Bulgaria,BGR,2006,Europe & Central Asia,7385.367,1.38,7762.782810928692,0.756,91.00755203306545,43.0,25.0
Bulgaria,BGR,2007,Europe & Central Asia,7322.858,1.39,8314.513267907147,0.764,91.00755203306545,43.0,25.0
Bulgaria,BGR,2008,Europe & Central Asia,7262.675,1.4,8886.395164316178,0.771,91.00755203306545,43.0,25.0
Bulgaria,BGR,2009,Europe & Central Asia,7205.0,1.41,,0.774,91.00755203306545,43.0,25.0
Bulgaria,BGR,2010,Europe & Central Asia,,1.41,,0.779,91.00755203306545,43.0,25.0
Bulgaria,BGR,2011,Europe & Central Asia,,1.42,,0.782,91.00755203306545,43.0,25.0
Bulgaria,BGR,2012,Europe & Central Asia,,1.43,,0.786,91.00755203306545,43.0,25.0
Bulgaria,BGR,2013,Europe & Central Asia,,1.43,,0.792,91.00755203306545,43.0,25.0
Bulgaria,BGR,2014,Europe & Central Asia,,1.44,,0.797,91.00755203306545,43.0,25.0
Bulgaria,BGR,2015,Europe & Central Asia,,1.44,,0.807,91.00755203306545,43.0,25.0
Bulgaria,BGR,2016,Europe & Central Asia,,1.46,,0.81,91.00755203306545,43.0,25.0
Bulgaria,BGR,2017,Europe & Central Asia,,1.46,,0.813,91.00755203306545,43.0,25.0
Burkina Faso,BFA,1960,Sub-Saharan Africa,4865.796,,608.7348706263664,,73.79999999999997,13.0,-2.0
Burkina Faso,BFA,1970,Sub-Saharan Africa,5303.777,,744.7519295049597,,73.79999999999997,13.0,-2.0
Burkina Faso,BFA,1980,Sub-Saharan Africa,6318.189,,730.6346662646328,,73.79999999999997,13.0,-2.0
Burkina Faso,BFA,1990,Sub-Saharan Africa,8361.039,,807.0767281434759,,73.79999999999997,13.0,-2.0
Burkina Faso,BFA,1991,Sub-Saharan Africa,8642.245,,858.8971962724963,,73.79999999999997,13.0,-2.0
Burkina Faso,BFA,1992,Sub-Saharan Africa,8934.969,,851.5272968490434,,73.79999999999997,13.0,-2.0
Burkina Faso,BFA,1993,Sub-Saharan Africa,9237.704,,817.0323534938984,,73.79999999999997,13.0,-2.0
Burkina Faso,BFA,1994,Sub-Saharan Africa,9570.647,,799.7338198672443,,73.79999999999997,13.0,-2.0
Burkina Faso,BFA,1995,Sub-Saharan Africa,9902.779,,807.7159568878228,,73.79999999999997,13.0,-2.0
Burkina Faso,BFA,1996,Sub-Saharan Africa,10220.18,,841.2864777192043,,73.79999999999997,13.0,-2.0
Burkina Faso,BFA,1997,Sub-Saharan Africa,10542.567,,854.6745147125397,,73.79999999999997,13.0,-2.0
Burkina Faso,BFA,1998,Sub-Saharan Africa,10872.709,,881.8200758909195,,73.79999999999997,13.0,-2.0
Burkina Faso,BFA,1999,Sub-Saharan Africa,11225.306,,907.8534256780645,,73.79999999999997,13.0,-2.0
Burkina Faso,BFA,2000,Sub-Saharan Africa,11587.75,6.44,898.8970326205059,0.286,73.79999999999997,13.0,-2.0
Burkina Faso,BFA,2001,Sub-Saharan Africa,12039.362,6.35,923.1386181427223,0.29,73.79999999999997,13.0,-2.0
Burkina Faso,BFA,2002,Sub-Saharan Africa,12584.957,6.26,929.045685257407,0.296,73.79999999999997,13.0,-2.0
Burkina Faso,BFA,2003,Sub-Saharan Africa,13065.394,6.34,966.4461707010137,0.303,73.79999999999997,13.0,-2.0
Burkina Faso,BFA,2004,Sub-Saharan Africa,13478.093,6.23,979.9605923478937,0.312,73.79999999999997,13.0,-2.0
Burkina Faso,BFA,2005,Sub-Saharan Africa,13903.886,6.54,1017.4134051444323,0.324,73.79999999999997,13.0,-2.0
Burkina Faso,BFA,2006,Sub-Saharan Africa,14343.529,6.47,1040.469189974099,0.333,73.79999999999997,13.0,-2.0
Burkina Faso,BFA,2007,Sub-Saharan Africa,14797.172,6.41,1044.861815487446,0.344,73.79999999999997,13.0,-2.0
Burkina Faso,BFA,2008,Sub-Saharan Africa,15264.735,6.34,1063.497007972952,0.357,73.79999999999997,13.0,-2.0
Burkina Faso,BFA,2009,Sub-Saharan Africa,15746.0,6.28,,0.366,73.79999999999997,13.0,-2.0
Burkina Faso,BFA,2010,Sub-Saharan Africa,,6.21,,0.375,73.79999999999997,13.0,-2.0
Burkina Faso,BFA,2011,Sub-Saharan Africa,,6.14,,0.385,73.79999999999997,13.0,-2.0
Burkina Faso,BFA,2012,Sub-Saharan Africa,,6.07,,0.394,73.79999999999997,13.0,-2.0
Burkina Faso,BFA,2013,Sub-Saharan Africa,,6.0,,0.401,73.79999999999997,13.0,-2.0
Burkina Faso,BFA,2014,Sub-Saharan Africa,,5.93,,0.405,73.79999999999997,13.0,-2.0
Burkina Faso,BFA,2015,Sub-Saharan Africa,,5.93,,0.412,73.79999999999997,13.0,-2.0
Burkina Faso,BFA,2016,Sub-Saharan Africa,,5.79,,0.42,73.79999999999997,13.0,-2.0
Burkina Faso,BFA,2017,Sub-Saharan Africa,,5.71,,0.423,73.79999999999997,13.0,-2.0
Burundi,BDI,1960,Sub-Saharan Africa,2815.405,,443.64476929215044,,72.16232152577925,-3.3,30.0
Burundi,BDI,1970,Sub-Saharan Africa,3521.913,,540.1860480285538,,72.16232152577925,-3.3,30.0
Burundi,BDI,1980,Sub-Saharan Africa,4299.555,,603.3705418366739,,72.16232152577925,-3.3,30.0
Burundi,BDI,1990,Sub-Saharan Africa,5505.113,,704.6176890465282,0.297,72.16232152577925,-3.3,30.0
Burundi,BDI,1991,Sub-Saharan Africa,5636.676,,722.5801163664541,0.3,72.16232152577925,-3.3,30.0
Burundi,BDI,1992,Sub-Saharan Africa,5809.236,,706.0241054073203,0.297,72.16232152577925,-3.3,30.0
Burundi,BDI,1993,Sub-Saharan Africa,5632.915,,685.1646921087925,0.299,72.16232152577925,-3.3,30.0
Burundi,BDI,1994,Sub-Saharan Africa,5681.513,,654.0345295026488,0.298,72.16232152577925,-3.3,30.0
Burundi,BDI,1995,Sub-Saharan Africa,6077.812,,566.8745134460273,0.296,72.16232152577925,-3.3,30.0
Burundi,BDI,1996,Sub-Saharan Africa,6100.754,,517.3043784112334,0.294,72.16232152577925,-3.3,30.0
Burundi,BDI,1997,Sub-Saharan Africa,6121.61,,517.6041176803301,0.296,72.16232152577925,-3.3,30.0
Burundi,BDI,1998,Sub-Saharan Africa,6271.409,,529.4331403618608,0.3,72.16232152577925,-3.3,30.0
Burundi,BDI,1999,Sub-Saharan Africa,6458.283,,508.9947440012659,0.3,72.16232152577925,-3.3,30.0
Burundi,BDI,2000,Sub-Saharan Africa,6621.126,6.25,495.97698886316863,0.303,72.16232152577925,-3.3,30.0
Burundi,BDI,2001,Sub-Saharan Africa,6810.307,6.16,492.34197518555334,0.302,72.16232152577925,-3.3,30.0
Burundi,BDI,2002,Sub-Saharan Africa,7021.078,6.07,498.9262332650342,0.31,72.16232152577925,-3.3,30.0
Burundi,BDI,2003,Sub-Saharan Africa,7251.827,5.99,477.39693735109785,0.316,72.16232152577925,-3.3,30.0
Burundi,BDI,2004,Sub-Saharan Africa,7516.212,5.81,482.5569049941646,0.324,72.16232152577925,-3.3,30.0
Burundi,BDI,2005,Sub-Saharan Africa,7795.426,6.63,469.5060924188107,0.33,72.16232152577925,-3.3,30.0
Burundi,BDI,2006,Sub-Saharan Africa,8090.068,6.55,475.3977346049502,0.35,72.16232152577925,-3.3,30.0
Burundi,BDI,2007,Sub-Saharan Africa,8390.505,6.48,474.94161555234166,0.361,72.16232152577925,-3.3,30.0
Burundi,BDI,2008,Sub-Saharan Africa,8691.005,6.4,479.1160515958742,0.372,72.16232152577925,-3.3,30.0
Burundi,BDI,2009,Sub-Saharan Africa,9511.0,6.33,,0.387,72.16232152577925,-3.3,30.0
Burundi,BDI,2010,Sub-Saharan Africa,,6.25,,0.395,72.16232152577925,-3.3,30.0
Burundi,BDI,2011,Sub-Saharan Africa,,6.16,,0.403,72.16232152577925,-3.3,30.0
Burundi,BDI,2012,Sub-Saharan Africa,,6.08,,0.408,72.16232152577925,-3.3,30.0
Burundi,BDI,2013,Sub-Saharan Africa,,5.99,,0.414,72.16232152577925,-3.3,30.0
Burundi,BDI,2014,Sub-Saharan Africa,,6.14,,0.421,72.16232152577925,-3.3,30.0
Burundi,BDI,2015,Sub-Saharan Africa,,6.14,,0.418,72.16232152577925,-3.3,30.0
Burundi,BDI,2016,Sub-Saharan Africa,,6.04,,0.418,72.16232152577925,-3.3,30.0
Burundi,BDI,2017,Sub-Saharan Africa,,5.99,,0.417,72.16232152577925,-3.3,30.0
Cabo Verde,CPV,1960,Sub-Saharan Africa,196.768,,507.52026601689795,,60.0,16.0,-24.0
Cabo Verde,CPV,1970,Sub-Saharan Africa,268.867,,618.9589509024773,,60.0,16.0,-24.0
Cabo Verde,CPV,1980,Sub-Saharan Africa,296.042,,840.5445755816254,,60.0,16.0,-24.0
Cabo Verde,CPV,1990,Sub-Saharan Africa,348.617,,1233.4452995694414,,60.0,16.0,-24.0
Cabo Verde,CPV,1991,Sub-Saharan Africa,354.941,,1186.112621534283,,60.0,16.0,-24.0
Cabo Verde,CPV,1992,Sub-Saharan Africa,361.096,,1143.740168819372,,60.0,16.0,-24.0
Cabo Verde,CPV,1993,Sub-Saharan Africa,367.057,,1183.6881456558515,,60.0,16.0,-24.0
Cabo Verde,CPV,1994,Sub-Saharan Africa,372.789,,1241.9894363835845,,60.0,16.0,-24.0
Cabo Verde,CPV,1995,Sub-Saharan Africa,378.24,,1319.2681895093062,,60.0,16.0,-24.0
Cabo Verde,CPV,1996,Sub-Saharan Africa,383.402,,1387.5775295903516,,60.0,16.0,-24.0
Cabo Verde,CPV,1997,Sub-Saharan Africa,388.301,,1475.659346743892,,60.0,16.0,-24.0
Cabo Verde,CPV,1998,Sub-Saharan Africa,392.959,,1565.0487709913757,,60.0,16.0,-24.0
Cabo Verde,CPV,1999,Sub-Saharan Africa,397.387,,1680.9810084376186,,60.0,16.0,-24.0
Cabo Verde,CPV,2000,Sub-Saharan Africa,401.553,4.19,1775.6062088939693,0.57,60.0,16.0,-24.0
Cabo Verde,CPV,2001,Sub-Saharan Africa,405.463,4.05,1864.5351117117962,0.575,60.0,16.0,-24.0
Cabo Verde,CPV,2002,Sub-Saharan Africa,409.145,3.91,1940.632294174437,0.585,60.0,16.0,-24.0
Cabo Verde,CPV,2003,Sub-Saharan Africa,412.602,3.77,2014.0474355432113,0.589,60.0,16.0,-24.0
Cabo Verde,CPV,2004,Sub-Saharan Africa,415.834,3.48,2084.96659724794,0.592,60.0,16.0,-24.0
Cabo Verde,CPV,2005,Sub-Saharan Africa,418.837,3.48,2203.721256718007,0.598,60.0,16.0,-24.0
Cabo Verde,CPV,2006,Sub-Saharan Africa,421.671,3.38,2426.062024659035,0.613,60.0,16.0,-24.0
Cabo Verde,CPV,2007,Sub-Saharan Africa,424.395,3.28,2598.993861850399,0.619,60.0,16.0,-24.0
Cabo Verde,CPV,2008,Sub-Saharan Africa,426.998,3.17,2735.375809722762,0.625,60.0,16.0,-24.0
Cabo Verde,CPV,2009,Sub-Saharan Africa,501.0,3.07,,0.626,60.0,16.0,-24.0
Cabo Verde,CPV,2010,Sub-Saharan Africa,,2.54,,0.629,60.0,16.0,-24.0
Cabo Verde,CPV,2011,Sub-Saharan Africa,,2.49,,0.635,60.0,16.0,-24.0
Cabo Verde,CPV,2012,Sub-Saharan Africa,,2.44,,0.636,60.0,16.0,-24.0
Cabo Verde,CPV,2013,Sub-Saharan Africa,,2.39,,0.642,60.0,16.0,-24.0
Cabo Verde,CPV,2014,Sub-Saharan Africa,,2.34,,0.644,60.0,16.0,-24.0
Cabo Verde,CPV,2015,Sub-Saharan Africa,,2.34,,0.647,60.0,16.0,-24.0
Cabo Verde,CPV,2016,Sub-Saharan Africa,,2.26,,0.652,60.0,16.0,-24.0
Cabo Verde,CPV,2017,Sub-Saharan Africa,,2.24,,0.654,60.0,16.0,-24.0
Cambodia,KHM,1960,East Asia & Pacific,5761.223,,670.517353693825,,99.73442485006788,13.0,105.0
Cambodia,KHM,1970,East Asia & Pacific,7395.691,,646.9983670220944,,99.73442485006788,13.0,105.0
Cambodia,KHM,1980,East Asia & Pacific,6888.021,,828.2495073693882,,99.73442485006788,13.0,105.0
Cambodia,KHM,1990,East Asia & Pacific,9344.566,,881.2608311611261,0.364,99.73442485006788,13.0,105.0
Cambodia,KHM,1991,East Asia & Pacific,9685.679,,914.7525950426398,0.368,99.73442485006788,13.0,105.0
Cambodia,KHM,1992,East Asia & Pacific,10122.637,,936.7124396538175,0.373,99.73442485006788,13.0,105.0
Cambodia,KHM,1993,East Asia & Pacific,10606.888,,930.5274082275592,0.377,99.73442485006788,13.0,105.0
Cambodia,KHM,1994,East Asia & Pacific,10962.997,,935.693040871944,0.38,99.73442485006788,13.0,105.0
Cambodia,KHM,1995,East Asia & Pacific,11228.171,,974.3350007761727,0.387,99.73442485006788,13.0,105.0
Cambodia,KHM,1996,East Asia & Pacific,11480.87,,1005.4116107925619,0.391,99.73442485006788,13.0,105.0
Cambodia,KHM,1997,East Asia & Pacific,11718.112,,1010.9137035044553,0.397,99.73442485006788,13.0,105.0
Cambodia,KHM,1998,East Asia & Pacific,11945.589,,1004.3874772520636,0.402,99.73442485006788,13.0,105.0
Cambodia,KHM,1999,East Asia & Pacific,12170.566,,1092.3074571881043,0.407,99.73442485006788,13.0,105.0
Cambodia,KHM,2000,East Asia & Pacific,12395.58,4.82,1147.5058044883742,0.42,99.73442485006788,13.0,105.0
Cambodia,KHM,2001,East Asia & Pacific,12621.512,4.74,1191.2201961223027,0.434,99.73442485006788,13.0,105.0
Cambodia,KHM,2002,East Asia & Pacific,12848.004,4.66,1234.5886567283135,0.453,99.73442485006788,13.0,105.0
Cambodia,KHM,2003,East Asia & Pacific,13074.337,3.58,1276.31710885225,0.466,99.73442485006788,13.0,105.0
Cambodia,KHM,2004,East Asia & Pacific,13300.312,3.44,1800.2585202512541,0.478,99.73442485006788,13.0,105.0
Cambodia,KHM,2005,East Asia & Pacific,13526.825,3.44,2005.5704128648074,0.49,99.73442485006788,13.0,105.0
Cambodia,KHM,2006,East Asia & Pacific,13757.662,3.37,2184.8189030955987,0.502,99.73442485006788,13.0,105.0
Cambodia,KHM,2007,East Asia & Pacific,13995.904,3.12,2366.692426584235,0.513,99.73442485006788,13.0,105.0
Cambodia,KHM,2008,East Asia & Pacific,14241.64,3.08,2481.736653924688,0.521,99.73442485006788,13.0,105.0
Cambodia,KHM,2009,East Asia & Pacific,14494.0,3.04,,0.521,99.73442485006788,13.0,105.0
Cambodia,KHM,2010,East Asia & Pacific,,2.9,,0.537,99.73442485006788,13.0,105.0
Cambodia,KHM,2011,East Asia & Pacific,,2.84,,0.546,99.73442485006788,13.0,105.0
Cambodia,KHM,2012,East Asia & Pacific,,2.78,,0.553,99.73442485006788,13.0,105.0
Cambodia,KHM,2013,East Asia & Pacific,,2.72,,0.56,99.73442485006788,13.0,105.0
Cambodia,KHM,2014,East Asia & Pacific,,2.66,,0.566,99.73442485006788,13.0,105.0
Cambodia,KHM,2015,East Asia & Pacific,,2.66,,0.571,99.73442485006788,13.0,105.0
Cambodia,KHM,2016,East Asia & Pacific,,2.56,,0.576,99.73442485006788,13.0,105.0
Cambodia,KHM,2017,East Asia & Pacific,,2.52,,0.582,99.73442485006788,13.0,105.0
Cameroon,CMR,1960,Sub-Saharan Africa,5608.76,,832.000884090454,,67.82970081398378,6.0,12.0
Cameroon,CMR,1970,Sub-Saharan Africa,6726.733,,981.8406775741043,,67.82970081398378,6.0,12.0
Cameroon,CMR,1980,Sub-Saharan Africa,8762.486,,1191.6026668725362,,67.82970081398378,6.0,12.0
Cameroon,CMR,1990,Sub-Saharan Africa,11884.495,,1211.0737561840026,0.44,67.82970081398378,6.0,12.0
Cameroon,CMR,1991,Sub-Saharan Africa,12230.299,,1132.111815091356,0.436,67.82970081398378,6.0,12.0
Cameroon,CMR,1992,Sub-Saharan Africa,12574.747,,1066.9668307441893,0.432,67.82970081398378,6.0,12.0
Cameroon,CMR,1993,Sub-Saharan Africa,12920.473,,1005.1875917756261,0.426,67.82970081398378,6.0,12.0
Cameroon,CMR,1994,Sub-Saharan Africa,13264.167,,954.6019738744243,0.423,67.82970081398378,6.0,12.0
Cameroon,CMR,1995,Sub-Saharan Africa,13603.162,,961.5914627641507,0.422,67.82970081398378,6.0,12.0
Cameroon,CMR,1996,Sub-Saharan Africa,13944.736,,984.8877741392881,0.422,67.82970081398378,6.0,12.0
Cameroon,CMR,1997,Sub-Saharan Africa,14290.128,,1010.1511561100127,0.422,67.82970081398378,6.0,12.0
Cameroon,CMR,1998,Sub-Saharan Africa,14637.981,,1035.3886919241118,0.428,67.82970081398378,6.0,12.0
Cameroon,CMR,1999,Sub-Saharan Africa,14988.502,,1055.6758774159018,0.426,67.82970081398378,6.0,12.0
Cameroon,CMR,2000,Sub-Saharan Africa,15343.036,4.88,1074.624344230177,0.431,67.82970081398378,6.0,12.0
Cameroon,CMR,2001,Sub-Saharan Africa,15706.855,4.8,1105.377238154933,0.448,67.82970081398378,6.0,12.0
Cameroon,CMR,2002,Sub-Saharan Africa,16094.435,4.72,1148.844305500628,0.451,67.82970081398378,6.0,12.0
Cameroon,CMR,2003,Sub-Saharan Africa,16489.008,4.63,1166.231467654088,0.458,67.82970081398378,6.0,12.0
Cameroon,CMR,2004,Sub-Saharan Africa,16872.75,4.47,1181.8464684180112,0.464,67.82970081398378,6.0,12.0
Cameroon,CMR,2005,Sub-Saharan Africa,17261.467,4.47,1181.8230744814446,0.466,67.82970081398378,6.0,12.0
Cameroon,CMR,2006,Sub-Saharan Africa,17657.856,4.39,1192.2172204824865,0.472,67.82970081398378,6.0,12.0
Cameroon,CMR,2007,Sub-Saharan Africa,18060.382,4.49,1204.1273545598315,0.484,67.82970081398378,6.0,12.0
Cameroon,CMR,2008,Sub-Saharan Africa,18467.692,4.41,1211.7377742708727,0.492,67.82970081398378,6.0,12.0
Cameroon,CMR,2009,Sub-Saharan Africa,18879.0,4.33,,0.499,67.82970081398378,6.0,12.0
Cameroon,CMR,2010,Sub-Saharan Africa,,4.25,,0.506,67.82970081398378,6.0,12.0
Cameroon,CMR,2011,Sub-Saharan Africa,,4.17,,0.515,67.82970081398378,6.0,12.0
Cameroon,CMR,2012,Sub-Saharan Africa,,4.09,,0.526,67.82970081398378,6.0,12.0
Cameroon,CMR,2013,Sub-Saharan Africa,,4.0,,0.535,67.82970081398378,6.0,12.0
Cameroon,CMR,2014,Sub-Saharan Africa,,4.82,,0.543,67.82970081398378,6.0,12.0
Cameroon,CMR,2015,Sub-Saharan Africa,,4.82,,0.548,67.82970081398378,6.0,12.0
Cameroon,CMR,2016,Sub-Saharan Africa,,4.7,,0.553,67.82970081398378,6.0,12.0
Cameroon,CMR,2017,Sub-Saharan Africa,,4.64,,0.556,67.82970081398378,6.0,12.0
Canada,CAN,1960,North America,18266.765,,8752.507627924268,,99.61769520836125,60.0,-95.0
Canada,CAN,1970,North America,21749.986,,12050.490515258263,,99.61769520836125,60.0,-95.0
Canada,CAN,1980,North America,24593.3,,16175.706391578196,,99.61769520836125,60.0,-95.0
Canada,CAN,1990,North America,27790.6,,18872.38850546588,0.849,99.61769520836125,60.0,-95.0
Canada,CAN,1991,North America,28117.6,,18255.18252376955,0.853,99.61769520836125,60.0,-95.0
Canada,CAN,1992,North America,28545.0,,18139.035226907145,0.856,99.61769520836125,60.0,-95.0
Canada,CAN,1993,North America,28953.0,,18302.790632474665,0.854,99.61769520836125,60.0,-95.0
Canada,CAN,1994,North America,29331.0,,18935.979054378622,0.859,99.61769520836125,60.0,-95.0
Canada,CAN,1995,North America,29691.0,,19226.978741073053,0.861,99.61769520836125,60.0,-95.0
Canada,CAN,1996,North America,30026.0,,19318.58215274865,0.863,99.61769520836125,60.0,-95.0
Canada,CAN,1997,North America,30305.843,,19952.647049497067,0.862,99.61769520836125,60.0,-95.0
Canada,CAN,1998,North America,30552.0,,20612.562189054726,0.861,99.61769520836125,60.0,-95.0
Canada,CAN,1999,North America,30821.0,,21563.34966419,0.864,99.61769520836125,60.0,-95.0
Canada,CAN,2000,North America,31100.0,1.64,22488.16720257235,0.867,99.61769520836125,60.0,-95.0
Canada,CAN,2001,North America,31377.0,1.6,22598.527583899035,0.872,99.61769520836125,60.0,-95.0
Canada,CAN,2002,North America,31641.0,1.6,23156.41098574634,0.877,99.61769520836125,60.0,-95.0
Canada,CAN,2003,North America,31889.0,1.61,23409.04387092728,0.882,99.61769520836125,60.0,-95.0
Canada,CAN,2004,North America,32135.0,1.61,23942.89715263731,0.887,99.61769520836125,60.0,-95.0
Canada,CAN,2005,North America,32386.0,1.61,24470.048786512692,0.892,99.61769520836125,60.0,-95.0
Canada,CAN,2006,North America,32657.0,1.61,24970.72603117249,0.895,99.61769520836125,60.0,-95.0
Canada,CAN,2007,North America,32386.0,1.61,25809.176804792194,0.897,99.61769520836125,60.0,-95.0
Canada,CAN,2008,North America,33213.0,1.57,25267.184536175595,0.899,99.61769520836125,60.0,-95.0
Canada,CAN,2009,North America,33487.0,1.58,,0.899,99.61769520836125,60.0,-95.0
Canada,CAN,2010,North America,,1.58,,0.902,99.61769520836125,60.0,-95.0
Canada,CAN,2011,North America,,1.58,,0.905,99.61769520836125,60.0,-95.0
Canada,CAN,2012,North America,,1.59,,0.908,99.61769520836125,60.0,-95.0
Canada,CAN,2013,North America,,1.59,,0.911,99.61769520836125,60.0,-95.0
Canada,CAN,2014,North America,,1.59,,0.918,99.61769520836125,60.0,-95.0
Canada,CAN,2015,North America,,1.59,,0.92,99.61769520836125,60.0,-95.0
Canada,CAN,2016,North America,,1.6,,0.922,99.61769520836125,60.0,-95.0
Canada,CAN,2017,North America,,1.6,,0.926,99.61769520836125,60.0,-95.0
Cayman Islands,CYM,1960,Latin America & Caribbean,7.661,,,,82.26100417617803,19.3,-80.3
Cayman Islands,CYM,1970,Latin America & Caribbean,10.068,,,,82.26100417617803,19.3,-80.3
Cayman Islands,CYM,1980,Latin America & Caribbean,17.082,,,,82.26100417617803,19.3,-80.3
Cayman Islands,CYM,1990,Latin America & Caribbean,26.355,,,,82.26100417617803,19.3,-80.3
Cayman Islands,CYM,1991,Latin America & Caribbean,27.514,,,,82.26100417617803,19.3,-80.3
Cayman Islands,CYM,1992,Latin America & Caribbean,28.675,,,,82.26100417617803,19.3,-80.3
Cayman Islands,CYM,1993,Latin America & Caribbean,30.006,,,,82.26100417617803,19.3,-80.3
Cayman Islands,CYM,1994,Latin America & Caribbean,31.299,,,,82.26100417617803,19.3,-80.3
Cayman Islands,CYM,1995,Latin America & Caribbean,32.49,,,,82.26100417617803,19.3,-80.3
Cayman Islands,CYM,1996,Latin America & Caribbean,33.681,,,,82.26100417617803,19.3,-80.3
Cayman Islands,CYM,1997,Latin America & Caribbean,34.871,,,,82.26100417617803,19.3,-80.3
Cayman Islands,CYM,1998,Latin America & Caribbean,36.06,,,,82.26100417617803,19.3,-80.3
Cayman Islands,CYM,1999,Latin America & Caribbean,37.248,,,,82.26100417617803,19.3,-80.3
Cayman Islands,CYM,2000,Latin America & Caribbean,38.436,2.05,,,82.26100417617803,19.3,-80.3
Cayman Islands,CYM,2001,Latin America & Caribbean,39.621,2.04,,,82.26100417617803,19.3,-80.3
Cayman Islands,CYM,2002,Latin America & Caribbean,40.804,2.03,,,82.26100417617803,19.3,-80.3
Cayman Islands,CYM,2003,Latin America & Caribbean,41.985,1.91,,,82.26100417617803,19.3,-80.3
Cayman Islands,CYM,2004,Latin America & Caribbean,43.163,1.9,,,82.26100417617803,19.3,-80.3
Cayman Islands,CYM,2005,Latin America & Caribbean,44.34,1.9,,,82.26100417617803,19.3,-80.3
Cayman Islands,CYM,2006,Latin America & Caribbean,45.517,1.9,,,82.26100417617803,19.3,-80.3
Cayman Islands,CYM,2007,Latin America & Caribbean,46.69,1.89,,,82.26100417617803,19.3,-80.3
Cayman Islands,CYM,2008,Latin America & Caribbean,47.862,1.89,,,82.26100417617803,19.3,-80.3
Cayman Islands,CYM,2009,Latin America & Caribbean,49.0,1.88,,,82.26100417617803,19.3,-80.3
Cayman Islands,CYM,2010,Latin America & Caribbean,,1.88,,,82.26100417617803,19.3,-80.3
Cayman Islands,CYM,2011,Latin America & Caribbean,,1.87,,,82.26100417617803,19.3,-80.3
Cayman Islands,CYM,2012,Latin America & Caribbean,,1.87,,,82.26100417617803,19.3,-80.3
Cayman Islands,CYM,2013,Latin America & Caribbean,,1.86,,,82.26100417617803,19.3,-80.3
Cayman Islands,CYM,2014,Latin America & Caribbean,,1.86,,,82.26100417617803,19.3,-80.3
Cayman Islands,CYM,2015,Latin America & Caribbean,,1.86,,,82.26100417617803,19.3,-80.3
Cayman Islands,CYM,2016,Latin America & Caribbean,,1.85,,,82.26100417617803,19.3,-80.3
Cayman Islands,CYM,2017,Latin America & Caribbean,,1.85,,,82.26100417617803,19.3,-80.3
Central African Rep.,CAF,1960,Sub-Saharan Africa,1467.449,,925.3793711803577,,63.579074270974736,7.0,21.0
Central African Rep.,CAF,1970,Sub-Saharan Africa,1839.245,,890.5262906597237,,63.579074270974736,7.0,21.0
Central African Rep.,CAF,1980,Sub-Saharan Africa,2348.575,,736.719207979031,,63.579074270974736,7.0,21.0
Central African Rep.,CAF,1990,Sub-Saharan Africa,3085.222,,642.4173041680631,0.317,63.579074270974736,7.0,21.0
Central African Rep.,CAF,1991,Sub-Saharan Africa,3174.955,,620.5152513972639,0.312,63.579074270974736,7.0,21.0
Central African Rep.,CAF,1992,Sub-Saharan Africa,3267.335,,564.3807837274109,0.299,63.579074270974736,7.0,21.0
Central African Rep.,CAF,1993,Sub-Saharan Africa,3367.951,,549.1627257237411,0.299,63.579074270974736,7.0,21.0
Central African Rep.,CAF,1994,Sub-Saharan Africa,3466.753,,568.8319877418437,0.301,63.579074270974736,7.0,21.0
Central African Rep.,CAF,1995,Sub-Saharan Africa,3544.495,,585.4148475311715,0.303,63.579074270974736,7.0,21.0
Central African Rep.,CAF,1996,Sub-Saharan Africa,3619.335,,530.2078973071019,0.3,63.579074270974736,7.0,21.0
Central African Rep.,CAF,1997,Sub-Saharan Africa,3700.422,,558.5849397717342,0.302,63.579074270974736,7.0,21.0
Central African Rep.,CAF,1998,Sub-Saharan Africa,3783.066,,567.5290888395814,0.304,63.579074270974736,7.0,21.0
Central African Rep.,CAF,1999,Sub-Saharan Africa,3863.414,,575.9154985719883,0.308,63.579074270974736,7.0,21.0
Central African Rep.,CAF,2000,Sub-Saharan Africa,3940.259,4.95,574.8353090494812,0.309,63.579074270974736,7.0,21.0
Central African Rep.,CAF,2001,Sub-Saharan Africa,3998.193,4.86,568.2567099687284,0.311,63.579074270974736,7.0,21.0
Central African Rep.,CAF,2002,Sub-Saharan Africa,4053.466,4.77,557.0541358925917,0.312,63.579074270974736,7.0,21.0
Central African Rep.,CAF,2003,Sub-Saharan Africa,4117.87,4.68,506.57257271356303,0.311,63.579074270974736,7.0,21.0
Central African Rep.,CAF,2004,Sub-Saharan Africa,4177.92,4.5,505.9934129901961,0.315,63.579074270974736,7.0,21.0
Central African Rep.,CAF,2005,Sub-Saharan Africa,4244.254,4.5,510.1014218281941,0.319,63.579074270974736,7.0,21.0
Central African Rep.,CAF,2006,Sub-Saharan Africa,4310.708,4.41,521.2600807106397,0.325,63.579074270974736,7.0,21.0
Central African Rep.,CAF,2007,Sub-Saharan Africa,4377.386,4.32,532.2811376469883,0.331,63.579074270974736,7.0,21.0
Central African Rep.,CAF,2008,Sub-Saharan Africa,4444.33,4.23,535.7387952739783,0.337,63.579074270974736,7.0,21.0
Central African Rep.,CAF,2009,Sub-Saharan Africa,4742.0,4.14,,0.343,63.579074270974736,7.0,21.0
Central African Rep.,CAF,2010,Sub-Saharan Africa,,4.68,,0.351,63.579074270974736,7.0,21.0
Central African Rep.,CAF,2011,Sub-Saharan Africa,,4.63,,0.358,63.579074270974736,7.0,21.0
Central African Rep.,CAF,2012,Sub-Saharan Africa,,4.57,,0.365,63.579074270974736,7.0,21.0
Central African Rep.,CAF,2013,Sub-Saharan Africa,,4.52,,0.344,63.579074270974736,7.0,21.0
Central African Rep.,CAF,2014,Sub-Saharan Africa,,4.46,,0.349,63.579074270974736,7.0,21.0
Central African Rep.,CAF,2015,Sub-Saharan Africa,,4.46,,0.357,63.579074270974736,7.0,21.0
Central African Rep.,CAF,2016,Sub-Saharan Africa,,4.36,,0.362,63.579074270974736,7.0,21.0
Central African Rep.,CAF,2017,Sub-Saharan Africa,,4.3,,0.367,63.579074270974736,7.0,21.0
Chad,TCD,1960,Sub-Saharan Africa,3042.303,,568.648158976933,,77.95458516472871,15.0,19.0
Chad,TCD,1970,Sub-Saharan Africa,3727.238,,512.9803892319193,,77.95458516472871,15.0,19.0
Chad,TCD,1980,Sub-Saharan Africa,4522.391,,340.74895337444286,,77.95458516472871,15.0,19.0
Chad,TCD,1990,Sub-Saharan Africa,5841.411,,434.3128740641602,,77.95458516472871,15.0,19.0
Chad,TCD,1991,Sub-Saharan Africa,6028.221,,464.6226473780574,,77.95458516472871,15.0,19.0
Chad,TCD,1992,Sub-Saharan Africa,6263.272,,457.9185371479956,,77.95458516472871,15.0,19.0
Chad,TCD,1993,Sub-Saharan Africa,6379.099,,441.51111648588625,,77.95458516472871,15.0,19.0
Chad,TCD,1994,Sub-Saharan Africa,6496.685,,457.3101512540626,,77.95458516472871,15.0,19.0
Chad,TCD,1995,Sub-Saharan Africa,6769.686,,440.64082145021206,,77.95458516472871,15.0,19.0
Chad,TCD,1996,Sub-Saharan Africa,7051.0,,436.1083534250461,,77.95458516472871,15.0,19.0
Chad,TCD,1997,Sub-Saharan Africa,7261.713,,441.2182084309859,,77.95458516472871,15.0,19.0
Chad,TCD,1998,Sub-Saharan Africa,7479.317,,461.4057673982798,,77.95458516472871,15.0,19.0
Chad,TCD,1999,Sub-Saharan Africa,7708.743,,458.05133210433917,,77.95458516472871,15.0,19.0
Chad,TCD,2000,Sub-Saharan Africa,7942.675,6.63,448.96713009156235,0.299,77.95458516472871,15.0,19.0
Chad,TCD,2001,Sub-Saharan Africa,8179.408,6.56,479.1300299483777,0.306,77.95458516472871,15.0,19.0
Chad,TCD,2002,Sub-Saharan Africa,8436.193,6.5,510.5383435395563,0.311,77.95458516472871,15.0,19.0
Chad,TCD,2003,Sub-Saharan Africa,8745.74,6.44,564.8464280895613,0.309,77.95458516472871,15.0,19.0
Chad,TCD,2004,Sub-Saharan Africa,9097.655,6.32,725.4616711669105,0.323,77.95458516472871,15.0,19.0
Chad,TCD,2005,Sub-Saharan Africa,9400.658,6.32,757.5001664777084,0.33,77.95458516472871,15.0,19.0
Chad,TCD,2006,Sub-Saharan Africa,9648.955,6.25,739.561952563775,0.332,77.95458516472871,15.0,19.0
Chad,TCD,2007,Sub-Saharan Africa,9885.661,5.56,723.2697945033722,0.342,77.95458516472871,15.0,19.0
Chad,TCD,2008,Sub-Saharan Africa,10111.337,5.43,705.7424750060255,0.348,77.95458516472871,15.0,19.0
Chad,TCD,2009,Sub-Saharan Africa,10329.0,5.31,,0.363,77.95458516472871,15.0,19.0
Chad,TCD,2010,Sub-Saharan Africa,,5.18,,0.371,77.95458516472871,15.0,19.0
Chad,TCD,2011,Sub-Saharan Africa,,5.05,,0.382,77.95458516472871,15.0,19.0
Chad,TCD,2012,Sub-Saharan Africa,,4.93,,0.391,77.95458516472871,15.0,19.0
Chad,TCD,2013,Sub-Saharan Africa,,4.8,,0.397,77.95458516472871,15.0,19.0
Chad,TCD,2014,Sub-Saharan Africa,,4.68,,0.403,77.95458516472871,15.0,19.0
Chad,TCD,2015,Sub-Saharan Africa,,4.68,,0.407,77.95458516472871,15.0,19.0
Chad,TCD,2016,Sub-Saharan Africa,,4.45,,0.405,77.95458516472871,15.0,19.0
Chad,TCD,2017,Sub-Saharan Africa,,4.34,,0.404,77.95458516472871,15.0,19.0
Chile,CHL,1960,Latin America & Caribbean,7585.349,,4270.277230783615,,87.95281371764987,-30.0,-71.0
Chile,CHL,1970,Latin America & Caribbean,9368.558,,5231.429388612516,,87.95281371764987,-30.0,-71.0
Chile,CHL,1980,Latin America & Caribbean,11093.718,,5680.414863152536,,87.95281371764987,-30.0,-71.0
Chile,CHL,1990,Latin America & Caribbean,13129.0,,6400.944335125957,0.701,87.95281371764987,-30.0,-71.0
Chile,CHL,1991,Latin America & Caribbean,13354.0,,6794.558789421768,0.711,87.95281371764987,-30.0,-71.0
Chile,CHL,1992,Latin America & Caribbean,13574.0,,7505.057831204405,0.719,87.95281371764987,-30.0,-71.0
Chile,CHL,1993,Latin America & Caribbean,13789.0,,7905.129831345341,0.713,87.95281371764987,-30.0,-71.0
Chile,CHL,1994,Latin America & Caribbean,14001.0,,8399.305982477072,0.718,87.95281371764987,-30.0,-71.0
Chile,CHL,1995,Latin America & Caribbean,14207.0,,8973.215198259702,0.727,87.95281371764987,-30.0,-71.0
Chile,CHL,1996,Latin America & Caribbean,14405.0,,9504.922414229719,0.734,87.95281371764987,-30.0,-71.0
Chile,CHL,1997,Latin America & Caribbean,14601.0,,9996.757880153873,0.741,87.95281371764987,-30.0,-71.0
Chile,CHL,1998,Latin America & Caribbean,14792.0,,10186.488532395631,0.747,87.95281371764987,-30.0,-71.0
Chile,CHL,1999,Latin America & Caribbean,14977.0,,9984.115207432716,0.753,87.95281371764987,-30.0,-71.0
Chile,CHL,2000,Latin America & Caribbean,15156.0,2.2,10309.09884322874,0.759,87.95281371764987,-30.0,-71.0
Chile,CHL,2001,Latin America & Caribbean,15332.0,2.16,10534.903917852022,0.766,87.95281371764987,-30.0,-71.0
Chile,CHL,2002,Latin America & Caribbean,15504.0,2.13,10645.575335397316,0.768,87.95281371764987,-30.0,-71.0
Chile,CHL,2003,Latin America & Caribbean,15672.0,2.09,10942.18989280245,0.774,87.95281371764987,-30.0,-71.0
Chile,CHL,2004,Latin America & Caribbean,15836.0,2.02,11478.593079060369,0.783,87.95281371764987,-30.0,-71.0
Chile,CHL,2005,Latin America & Caribbean,15995.0,2.02,12000.875273522975,0.788,87.95281371764987,-30.0,-71.0
Chile,CHL,2006,Latin America & Caribbean,16151.0,2.0,12431.67605721008,0.788,87.95281371764987,-30.0,-71.0
Chile,CHL,2007,Latin America & Caribbean,16304.0,1.97,12893.82973503435,0.795,87.95281371764987,-30.0,-71.0
Chile,CHL,2008,Latin America & Caribbean,16454.0,1.95,13185.122158745595,0.806,87.95281371764987,-30.0,-71.0
Chile,CHL,2009,Latin America & Caribbean,16602.0,1.92,,0.804,87.95281371764987,-30.0,-71.0
Chile,CHL,2010,Latin America & Caribbean,,1.9,,0.808,87.95281371764987,-30.0,-71.0
Chile,CHL,2011,Latin America & Caribbean,,1.88,,0.814,87.95281371764987,-30.0,-71.0
Chile,CHL,2012,Latin America & Caribbean,,1.87,,0.819,87.95281371764987,-30.0,-71.0
Chile,CHL,2013,Latin America & Caribbean,,1.85,,0.828,87.95281371764987,-30.0,-71.0
Chile,CHL,2014,Latin America & Caribbean,,1.84,,0.833,87.95281371764987,-30.0,-71.0
Chile,CHL,2015,Latin America & Caribbean,,1.84,,0.84,87.95281371764987,-30.0,-71.0
Chile,CHL,2016,Latin America & Caribbean,,1.81,,0.842,87.95281371764987,-30.0,-71.0
Chile,CHL,2017,Latin America & Caribbean,,1.8,,0.843,87.95281371764987,-30.0,-71.0
China,CHN,1960,East Asia & Pacific,667070.0,,662.1404050549418,,102.83677451852913,35.0,105.0
China,CHN,1970,East Asia & Pacific,818315.0,,778.3518571699162,,102.83677451852913,35.0,105.0
China,CHN,1980,East Asia & Pacific,981235.0,,1061.0526530341865,,102.83677451852913,35.0,105.0
China,CHN,1990,East Asia & Pacific,1135185.0,,1870.9302888956424,0.502,102.83677451852913,35.0,105.0
China,CHN,1991,East Asia & Pacific,1150780.0,,1967.1822589895548,0.51,102.83677451852913,35.0,105.0
China,CHN,1992,East Asia & Pacific,1164970.0,,2132.1759358610093,0.521,102.83677451852913,35.0,105.0
China,CHN,1993,East Asia & Pacific,1178440.0,,2311.822409286854,0.531,102.83677451852913,35.0,105.0
China,CHN,1994,East Asia & Pacific,1191835.0,,2514.660166885517,0.541,102.83677451852913,35.0,105.0
China,CHN,1995,East Asia & Pacific,1204855.0,,2863.4848176751557,0.55,102.83677451852913,35.0,105.0
China,CHN,1996,East Asia & Pacific,1217550.0,,2891.9888300275143,0.559,102.83677451852913,35.0,105.0
China,CHN,1997,East Asia & Pacific,1230075.0,,3013.350405463081,0.568,102.83677451852913,35.0,105.0
China,CHN,1998,East Asia & Pacific,1241935.0,,2993.1936856598777,0.576,102.83677451852913,35.0,105.0
China,CHN,1999,East Asia & Pacific,1252735.0,,3162.233832374764,0.585,102.83677451852913,35.0,105.0
China,CHN,2000,East Asia & Pacific,1262645.0,1.82,3420.86572235268,0.594,102.83677451852913,35.0,105.0
China,CHN,2001,East Asia & Pacific,1271850.0,1.82,3758.9314777686045,0.602,102.83677451852913,35.0,105.0
China,CHN,2002,East Asia & Pacific,1280400.0,1.82,4197.145423305217,0.611,102.83677451852913,35.0,105.0
China,CHN,2003,East Asia & Pacific,1288400.0,1.7,4802.843061161129,0.623,102.83677451852913,35.0,105.0
China,CHN,2004,East Asia & Pacific,1296075.0,1.72,5168.708600968309,0.635,102.83677451852913,35.0,105.0
China,CHN,2005,East Asia & Pacific,1303720.0,1.72,5575.372779431166,0.647,102.83677451852913,35.0,105.0
China,CHN,2006,East Asia & Pacific,1311020.0,1.73,6047.562203475157,0.661,102.83677451852913,35.0,105.0
China,CHN,2007,East Asia & Pacific,1317885.0,1.75,6303.024163716865,0.675,102.83677451852913,35.0,105.0
China,CHN,2008,East Asia & Pacific,1324786.0,1.77,6724.779700268572,0.685,102.83677451852913,35.0,105.0
China,CHN,2009,East Asia & Pacific,1331400.0,1.79,,0.694,102.83677451852913,35.0,105.0
China,CHN,2010,East Asia & Pacific,,1.54,,0.706,102.83677451852913,35.0,105.0
China,CHN,2011,East Asia & Pacific,,1.54,,0.714,102.83677451852913,35.0,105.0
China,CHN,2012,East Asia & Pacific,,1.55,,0.722,102.83677451852913,35.0,105.0
China,CHN,2013,East Asia & Pacific,,1.55,,0.729,102.83677451852913,35.0,105.0
China,CHN,2014,East Asia & Pacific,,1.55,,0.738,102.83677451852913,35.0,105.0
China,CHN,2015,East Asia & Pacific,,1.55,,0.743,102.83677451852913,35.0,105.0
China,CHN,2016,East Asia & Pacific,,1.6,,0.748,102.83677451852913,35.0,105.0
China,CHN,2017,East Asia & Pacific,,1.6,,0.752,102.83677451852913,35.0,105.0
Colombia,COL,1960,Latin America & Caribbean,15952.727,,2496.814494474832,,83.02690308140578,4.0,-72.0
Colombia,COL,1970,Latin America & Caribbean,21429.658,,3094.2164359319218,,83.02690308140578,4.0,-72.0
Colombia,COL,1980,Latin America & Caribbean,26631.0,,4257.256580676655,,83.02690308140578,4.0,-72.0
Colombia,COL,1990,Latin America & Caribbean,32957.0,,4825.742634341717,0.592,83.02690308140578,4.0,-72.0
Colombia,COL,1991,Latin America & Caribbean,33623.0,,4805.847187936829,0.595,83.02690308140578,4.0,-72.0
Colombia,COL,1992,Latin America & Caribbean,34314.0,,4892.7260010491345,0.606,83.02690308140578,4.0,-72.0
Colombia,COL,1993,Latin America & Caribbean,35012.0,,5010.967668228036,0.612,83.02690308140578,4.0,-72.0
Colombia,COL,1994,Latin America & Caribbean,35707.0,,5222.953482510432,0.619,83.02690308140578,4.0,-72.0
Colombia,COL,1995,Latin America & Caribbean,36402.0,,5399.8956101313115,0.625,83.02690308140578,4.0,-72.0
Colombia,COL,1996,Latin America & Caribbean,37094.0,,5410.443737531677,0.634,83.02690308140578,4.0,-72.0
Colombia,COL,1997,Latin America & Caribbean,37782.0,,5391.615054787994,0.642,83.02690308140578,4.0,-72.0
Colombia,COL,1998,Latin America & Caribbean,38467.0,,5332.674760184054,0.649,83.02690308140578,4.0,-72.0
Colombia,COL,1999,Latin America & Caribbean,39145.0,,5025.469408609018,0.649,83.02690308140578,4.0,-72.0
Colombia,COL,2000,Latin America & Caribbean,39817.0,2.69,5078.986362608936,0.653,83.02690308140578,4.0,-72.0
Colombia,COL,2001,Latin America & Caribbean,40484.0,2.66,5068.767908309455,0.656,83.02690308140578,4.0,-72.0
Colombia,COL,2002,Latin America & Caribbean,41145.0,2.64,5083.558148013124,0.658,83.02690308140578,4.0,-72.0
Colombia,COL,2003,Latin America & Caribbean,41802.0,2.61,5233.816563800775,0.657,83.02690308140578,4.0,-72.0
Colombia,COL,2004,Latin America & Caribbean,42454.0,2.56,5395.651764262496,0.671,83.02690308140578,4.0,-72.0
Colombia,COL,2005,Latin America & Caribbean,43100.0,2.56,5617.726218097448,0.683,83.02690308140578,4.0,-72.0
Colombia,COL,2006,Latin America & Caribbean,43742.0,2.54,5917.2191486443235,0.691,83.02690308140578,4.0,-72.0
Colombia,COL,2007,Latin America & Caribbean,44380.0,2.51,6269.558359621451,0.704,83.02690308140578,4.0,-72.0
Colombia,COL,2008,Latin America & Caribbean,45014.0,2.49,6329.608566223841,0.71,83.02690308140578,4.0,-72.0
Colombia,COL,2009,Latin America & Caribbean,43677.0,2.46,,0.715,83.02690308140578,4.0,-72.0
Colombia,COL,2010,Latin America & Caribbean,,2.18,,0.719,83.02690308140578,4.0,-72.0
Colombia,COL,2011,Latin America & Caribbean,,2.15,,0.725,83.02690308140578,4.0,-72.0
Colombia,COL,2012,Latin America & Caribbean,,2.12,,0.725,83.02690308140578,4.0,-72.0
Colombia,COL,2013,Latin America & Caribbean,,2.1,,0.735,83.02690308140578,4.0,-72.0
Colombia,COL,2014,Latin America & Caribbean,,2.07,,0.738,83.02690308140578,4.0,-72.0
Colombia,COL,2015,Latin America & Caribbean,,2.07,,0.742,83.02690308140578,4.0,-72.0
Colombia,COL,2016,Latin America & Caribbean,,2.02,,0.747,83.02690308140578,4.0,-72.0
Colombia,COL,2017,Latin America & Caribbean,,2.0,,0.747,83.02690308140578,4.0,-72.0
Comoros,COM,1960,Sub-Saharan Africa,182.899,,712.1015623753266,,77.00920972497077,-12.1,44.15
Comoros,COM,1970,Sub-Saharan Africa,236.252,,1008.8201529766452,,77.00920972497077,-12.1,44.15
Comoros,COM,1980,Sub-Saharan Africa,333.514,,643.4813685384328,,77.00920972497077,-12.1,44.15
Comoros,COM,1990,Sub-Saharan Africa,429.136,,685.0974982289997,,77.00920972497077,-12.1,44.15
Comoros,COM,1991,Sub-Saharan Africa,441.535,,629.902499235621,,77.00920972497077,-12.1,44.15
Comoros,COM,1992,Sub-Saharan Africa,454.525,,663.9118640338814,,77.00920972497077,-12.1,44.15
Comoros,COM,1993,Sub-Saharan Africa,468.101,,663.9966079969921,,77.00920972497077,-12.1,44.15
Comoros,COM,1994,Sub-Saharan Africa,482.255,,610.3496074927165,,77.00920972497077,-12.1,44.15
Comoros,COM,1995,Sub-Saharan Africa,497.008,,643.8528152464347,,77.00920972497077,-12.1,44.15
Comoros,COM,1996,Sub-Saharan Africa,512.315,,616.8080185042405,,77.00920972497077,-12.1,44.15
Comoros,COM,1997,Sub-Saharan Africa,528.122,,624.8556204816313,,77.00920972497077,-12.1,44.15
Comoros,COM,1998,Sub-Saharan Africa,544.435,,611.6432631994637,,77.00920972497077,-12.1,44.15
Comoros,COM,1999,Sub-Saharan Africa,561.261,,605.7787731554482,,77.00920972497077,-12.1,44.15
Comoros,COM,2000,Sub-Saharan Africa,578.626,5.38,580.685969866546,,77.00920972497077,-12.1,44.15
Comoros,COM,2001,Sub-Saharan Africa,596.457,5.32,576.7389769924739,,77.00920972497077,-12.1,44.15
Comoros,COM,2002,Sub-Saharan Africa,614.67,5.26,572.665007239657,,77.00920972497077,-12.1,44.15
Comoros,COM,2003,Sub-Saharan Africa,633.272,5.21,570.0552053462019,,77.00920972497077,-12.1,44.15
Comoros,COM,2004,Sub-Saharan Africa,652.26,5.09,576.4572409775243,0.449,77.00920972497077,-12.1,44.15
Comoros,COM,2005,Sub-Saharan Africa,671.638,5.09,583.6477388116813,0.455,77.00920972497077,-12.1,44.15
Comoros,COM,2006,Sub-Saharan Africa,691.37,5.03,572.7757929907285,0.461,77.00920972497077,-12.1,44.15
Comoros,COM,2007,Sub-Saharan Africa,711.417,4.97,559.44685044074,0.466,77.00920972497077,-12.1,44.15
Comoros,COM,2008,Sub-Saharan Africa,731.775,4.9,549.349185200369,0.47,77.00920972497077,-12.1,44.15
Comoros,COM,2009,Sub-Saharan Africa,752.0,4.84,,0.476,77.00920972497077,-12.1,44.15
Comoros,COM,2010,Sub-Saharan Africa,,4.78,,0.482,77.00920972497077,-12.1,44.15
Comoros,COM,2011,Sub-Saharan Africa,,4.72,,0.487,77.00920972497077,-12.1,44.15
Comoros,COM,2012,Sub-Saharan Africa,,4.09,,0.493,77.00920972497077,-12.1,44.15
Comoros,COM,2013,Sub-Saharan Africa,,3.93,,0.499,77.00920972497077,-12.1,44.15
Comoros,COM,2014,Sub-Saharan Africa,,3.76,,0.501,77.00920972497077,-12.1,44.15
Comoros,COM,2015,Sub-Saharan Africa,,3.76,,0.502,77.00920972497077,-12.1,44.15
Comoros,COM,2016,Sub-Saharan Africa,,3.47,,0.502,77.00920972497077,-12.1,44.15
Comoros,COM,2017,Sub-Saharan Africa,,3.34,,0.503,77.00920972497077,-12.1,44.15
"Congo, Democratic Republic of the",COD,1960,Sub-Saharan Africa,16610.482,,747.914854731655,,65.67152085008358,0.0,25.0
"Congo, Democratic Republic of the",COD,1970,Sub-Saharan Africa,21780.955,,768.4214866737459,,65.67152085008358,0.0,25.0
"Congo, Democratic Republic of the",COD,1980,Sub-Saharan Africa,29012.545,,598.2036181508537,,65.67152085008358,0.0,25.0
"Congo, Democratic Republic of the",COD,1990,Sub-Saharan Africa,39047.458,,510.19966523813156,0.356,65.67152085008358,0.0,25.0
"Congo, Democratic Republic of the",COD,1991,Sub-Saharan Africa,40366.247,,452.0745265221213,0.353,65.67152085008358,0.0,25.0
"Congo, Democratic Republic of the",COD,1992,Sub-Saharan Africa,41645.395,,392.17911224038096,,65.67152085008358,0.0,25.0
"Congo, Democratic Republic of the",COD,1993,Sub-Saharan Africa,43026.95,,328.3424166621153,0.34,65.67152085008358,0.0,25.0
"Congo, Democratic Republic of the",COD,1994,Sub-Saharan Africa,44486.48,,305.1900352935948,0.334,65.67152085008358,0.0,25.0
"Congo, Democratic Republic of the",COD,1995,Sub-Saharan Africa,46298.585,,295.2982993221329,0.333,65.67152085008358,0.0,25.0
"Congo, Democratic Republic of the",COD,1996,Sub-Saharan Africa,47196.67,,286.7913827876182,0.337,65.67152085008358,0.0,25.0
"Congo, Democratic Republic of the",COD,1997,Sub-Saharan Africa,47739.821,,267.6462663181952,0.334,65.67152085008358,0.0,25.0
"Congo, Democratic Republic of the",COD,1998,Sub-Saharan Africa,48759.711,,257.84339529282994,0.334,65.67152085008358,0.0,25.0
"Congo, Democratic Republic of the",COD,1999,Sub-Saharan Africa,50283.549,,239.27845965340774,0.331,65.67152085008358,0.0,25.0
"Congo, Democratic Republic of the",COD,2000,Sub-Saharan Africa,51848.551,6.92,217.67542656889938,0.333,65.67152085008358,0.0,25.0
"Congo, Democratic Republic of the",COD,2001,Sub-Saharan Africa,53496.568,6.84,206.53661371323858,0.333,65.67152085008358,0.0,25.0
"Congo, Democratic Republic of the",COD,2002,Sub-Saharan Africa,55200.413,6.77,207.17236300387825,0.34,65.67152085008358,0.0,25.0
"Congo, Democratic Republic of the",COD,2003,Sub-Saharan Africa,56885.544,6.69,212.69023989644893,0.349,65.67152085008358,0.0,25.0
"Congo, Democratic Republic of the",COD,2004,Sub-Saharan Africa,58629.98,6.62,219.9898413746687,0.357,65.67152085008358,0.0,25.0
"Congo, Democratic Republic of the",COD,2005,Sub-Saharan Africa,60473.51,6.54,230.1338222305932,0.364,65.67152085008358,0.0,25.0
"Congo, Democratic Republic of the",COD,2006,Sub-Saharan Africa,62375.905,6.45,235.6037960491315,0.372,65.67152085008358,0.0,25.0
"Congo, Democratic Republic of the",COD,2007,Sub-Saharan Africa,64390.2,6.37,242.6145593584117,0.379,65.67152085008358,0.0,25.0
"Congo, Democratic Republic of the",COD,2008,Sub-Saharan Africa,66514.506,6.28,249.43431136660627,0.39,65.67152085008358,0.0,25.0
"Congo, Democratic Republic of the",COD,2009,Sub-Saharan Africa,68693.0,6.2,,0.397,65.67152085008358,0.0,25.0
"Congo, Democratic Republic of the",COD,2010,Sub-Saharan Africa,,6.11,,0.407,65.67152085008358,0.0,25.0
"Congo, Democratic Republic of the",COD,2011,Sub-Saharan Africa,,5.24,,0.415,65.67152085008358,0.0,25.0
"Congo, Democratic Republic of the",COD,2012,Sub-Saharan Africa,,5.09,,0.42,65.67152085008358,0.0,25.0
"Congo, Democratic Republic of the",COD,2013,Sub-Saharan Africa,,4.95,,0.426,65.67152085008358,0.0,25.0
"Congo, Democratic Republic of the",COD,2014,Sub-Saharan Africa,,4.8,,0.436,65.67152085008358,0.0,25.0
"Congo, Democratic Republic of the",COD,2015,Sub-Saharan Africa,,4.8,,0.444,65.67152085008358,0.0,25.0
"Congo, Democratic Republic of the",COD,2016,Sub-Saharan Africa,,4.53,,0.452,65.67152085008358,0.0,25.0
"Congo, Democratic Republic of the",COD,2017,Sub-Saharan Africa,,4.39,,0.457,65.67152085008358,0.0,25.0
"Congo, Republic of the",COG,1960,Sub-Saharan Africa,1002.214,,1415.6619798831466,,62.9662764,-1.0,15.0
"Congo, Republic of the",COG,1970,Sub-Saharan Africa,1272.408,,1696.3050141814433,,62.9662764,-1.0,15.0
"Congo, Republic of the",COG,1980,Sub-Saharan Africa,1674.288,,2324.0005635270686,,62.9662764,-1.0,15.0
"Congo, Republic of the",COG,1990,Sub-Saharan Africa,2266.001,,2380.404951277603,0.536,62.9662764,-1.0,15.0
"Congo, Republic of the",COG,1991,Sub-Saharan Africa,2337.401,,2363.075912092106,0.535,62.9662764,-1.0,15.0
"Congo, Republic of the",COG,1992,Sub-Saharan Africa,2410.397,,2351.0923121792803,0.535,62.9662764,-1.0,15.0
"Congo, Republic of the",COG,1993,Sub-Saharan Africa,2488.937,,2254.133068631307,0.528,62.9662764,-1.0,15.0
"Congo, Republic of the",COG,1994,Sub-Saharan Africa,2570.292,,2062.411585920977,0.524,62.9662764,-1.0,15.0
"Congo, Republic of the",COG,1995,Sub-Saharan Africa,2649.999,,2080.7164078341284,0.507,62.9662764,-1.0,15.0
"Congo, Republic of the",COG,1996,Sub-Saharan Africa,2731.246,,2105.632374381509,0.504,62.9662764,-1.0,15.0
"Congo, Republic of the",COG,1997,Sub-Saharan Africa,2802.469,,2039.630054783835,0.505,62.9662764,-1.0,15.0
"Congo, Republic of the",COG,1998,Sub-Saharan Africa,2879.995,,2058.336906834908,0.509,62.9662764,-1.0,15.0
"Congo, Republic of the",COG,1999,Sub-Saharan Africa,2972.317,,1934.5177516395458,0.496,62.9662764,-1.0,15.0
"Congo, Republic of the",COG,2000,Sub-Saharan Africa,3103.941,5.06,2004.2262401250541,0.49,62.9662764,-1.0,15.0
"Congo, Republic of the",COG,2001,Sub-Saharan Africa,3239.986,5.0,1989.2061261993108,0.495,62.9662764,-1.0,15.0
"Congo, Republic of the",COG,2002,Sub-Saharan Africa,3330.421,4.94,2039.6820702247553,0.497,62.9662764,-1.0,15.0
"Congo, Republic of the",COG,2003,Sub-Saharan Africa,3414.253,3.65,2005.4167046203077,0.498,62.9662764,-1.0,15.0
"Congo, Republic of the",COG,2004,Sub-Saharan Africa,3503.742,3.54,2022.6945933804489,0.501,62.9662764,-1.0,15.0
"Congo, Republic of the",COG,2005,Sub-Saharan Africa,3604.002,6.14,2119.865638254363,0.5,62.9662764,-1.0,15.0
"Congo, Republic of the",COG,2006,Sub-Saharan Africa,3704.056,6.07,2190.301658506243,0.503,62.9662764,-1.0,15.0
"Congo, Republic of the",COG,2007,Sub-Saharan Africa,3802.332,5.99,2099.7640395420494,0.52,62.9662764,-1.0,15.0
"Congo, Republic of the",COG,2008,Sub-Saharan Africa,3905.01,5.92,2159.021359740436,0.536,62.9662764,-1.0,15.0
"Congo, Republic of the",COG,2009,Sub-Saharan Africa,4013.0,5.84,,0.55,62.9662764,-1.0,15.0
"Congo, Republic of the",COG,2010,Sub-Saharan Africa,,5.77,,0.557,62.9662764,-1.0,15.0
"Congo, Republic of the",COG,2011,Sub-Saharan Africa,,5.68,,0.56,62.9662764,-1.0,15.0
"Congo, Republic of the",COG,2012,Sub-Saharan Africa,,5.59,,0.573,62.9662764,-1.0,15.0
"Congo, Republic of the",COG,2013,Sub-Saharan Africa,,5.49,,0.582,62.9662764,-1.0,15.0
"Congo, Republic of the",COG,2014,Sub-Saharan Africa,,4.73,,0.595,62.9662764,-1.0,15.0
"Congo, Republic of the",COG,2015,Sub-Saharan Africa,,4.73,,0.613,62.9662764,-1.0,15.0
"Congo, Republic of the",COG,2016,Sub-Saharan Africa,,4.63,,0.612,62.9662764,-1.0,15.0
"Congo, Republic of the",COG,2017,Sub-Saharan Africa,,4.59,,0.606,62.9662764,-1.0,15.0
Cook Islands,COK,1960,Other,17.883,,,,83.96000000000001,-21.14,-159.46
Cook Islands,COK,1970,Other,20.828,,,,83.96000000000001,-21.14,-159.46
Cook Islands,COK,1980,Other,18.01,,,,83.96000000000001,-21.14,-159.46
Cook Islands,COK,1990,Other,18.394,,,,83.96000000000001,-21.14,-159.46
Cook Islands,COK,1991,Other,18.64,,,,83.96000000000001,-21.14,-159.46
Cook Islands,COK,1992,Other,18.581,,,,83.96000000000001,-21.14,-159.46
Cook Islands,COK,1993,Other,18.507,,,,83.96000000000001,-21.14,-159.46
Cook Islands,COK,1994,Other,18.417,,,,83.96000000000001,-21.14,-159.46
Cook Islands,COK,1995,Other,18.309,,,,83.96000000000001,-21.14,-159.46
Cook Islands,COK,1996,Other,18.18,,,,83.96000000000001,-21.14,-159.46
Cook Islands,COK,1997,Other,17.872,,,,83.96000000000001,-21.14,-159.46
Cook Islands,COK,1998,Other,17.381,,,,83.96000000000001,-21.14,-159.46
Cook Islands,COK,1999,Other,16.859,,,,83.96000000000001,-21.14,-159.46
Cook Islands,COK,2000,Other,16.307,3.14,,,83.96000000000001,-21.14,-159.46
Cook Islands,COK,2001,Other,15.725,,,,83.96000000000001,-21.14,-159.46
Cook Islands,COK,2002,Other,15.147,,,,83.96000000000001,-21.14,-159.46
Cook Islands,COK,2003,Other,14.602,,,,83.96000000000001,-21.14,-159.46
Cook Islands,COK,2004,Other,14.086,,,,83.96000000000001,-21.14,-159.46
Cook Islands,COK,2005,Other,13.597,,,,83.96000000000001,-21.14,-159.46
Cook Islands,COK,2006,Other,13.132,,,,83.96000000000001,-21.14,-159.46
Cook Islands,COK,2007,Other,12.691,,,,83.96000000000001,-21.14,-159.46
Cook Islands,COK,2008,Other,12.271,,,,83.96000000000001,-21.14,-159.46
Cook Islands,COK,2009,Other,12.0,2.49,,,83.96000000000001,-21.14,-159.46
Cook Islands,COK,2010,Other,,2.43,,,83.96000000000001,-21.14,-159.46
Cook Islands,COK,2011,Other,,2.39,,,83.96000000000001,-21.14,-159.46
Cook Islands,COK,2012,Other,,2.35,,,83.96000000000001,-21.14,-159.46
Cook Islands,COK,2013,Other,,2.31,,,83.96000000000001,-21.14,-159.46
Cook Islands,COK,2014,Other,,2.27,,,83.96000000000001,-21.14,-159.46
Cook Islands,COK,2015,Other,,2.27,,,83.96000000000001,-21.14,-159.46
Cook Islands,COK,2016,Other,,2.21,,,83.96000000000001,-21.14,-159.46
Cook Islands,COK,2017,Other,,2.19,,,83.96000000000001,-21.14,-159.46
Costa Rica,CRI,1960,Latin America & Caribbean,1248.022,,2715.497002456688,,88.26169675776765,10.0,-84.0
Costa Rica,CRI,1970,Latin America & Caribbean,1735.523,,3753.9116450775937,,88.26169675776765,10.0,-84.0
Costa Rica,CRI,1980,Latin America & Caribbean,2299.124,,4910.56593728742,,88.26169675776765,10.0,-84.0
Costa Rica,CRI,1990,Latin America & Caribbean,3027.175,,4747.000090843773,0.656,88.26169675776765,10.0,-84.0
Costa Rica,CRI,1991,Latin America & Caribbean,3101.029,,4735.847359054043,0.661,88.26169675776765,10.0,-84.0
Costa Rica,CRI,1992,Latin America & Caribbean,3173.216,,4956.800923731634,0.67,88.26169675776765,10.0,-84.0
Costa Rica,CRI,1993,Latin America & Caribbean,3244.282,,5129.332160397894,0.677,88.26169675776765,10.0,-84.0
Costa Rica,CRI,1994,Latin America & Caribbean,3314.588,,5236.548252754188,0.682,88.26169675776765,10.0,-84.0
Costa Rica,CRI,1995,Latin America & Caribbean,3383.786,,5242.352796542098,0.687,88.26169675776765,10.0,-84.0
Costa Rica,CRI,1996,Latin America & Caribbean,3451.722,,5185.527687339826,0.691,88.26169675776765,10.0,-84.0
Costa Rica,CRI,1997,Latin America & Caribbean,3518.107,,5372.491513191611,0.697,88.26169675776765,10.0,-84.0
Costa Rica,CRI,1998,Latin America & Caribbean,3583.162,,5718.133871703261,0.703,88.26169675776765,10.0,-84.0
Costa Rica,CRI,1999,Latin America & Caribbean,3648.0,,6144.462719298246,0.707,88.26169675776765,10.0,-84.0
Costa Rica,CRI,2000,Latin America & Caribbean,3710.558,2.52,6173.734516479732,0.711,88.26169675776765,10.0,-84.0
Costa Rica,CRI,2001,Latin America & Caribbean,3774.0,2.47,6135.400105988341,0.714,88.26169675776765,10.0,-84.0
Costa Rica,CRI,2002,Latin America & Caribbean,3836.0,2.42,6212.721584984359,0.717,88.26169675776765,10.0,-84.0
Costa Rica,CRI,2003,Latin America & Caribbean,3899.0,2.38,6503.462426263145,0.721,88.26169675776765,10.0,-84.0
Costa Rica,CRI,2004,Latin America & Caribbean,3959.0,2.28,6680.474867390755,0.725,88.26169675776765,10.0,-84.0
Costa Rica,CRI,2005,Latin America & Caribbean,4019.0,2.28,6968.897735755163,0.728,88.26169675776765,10.0,-84.0
Costa Rica,CRI,2006,Latin America & Caribbean,4078.0,2.24,7472.5355566454145,0.734,88.26169675776765,10.0,-84.0
Costa Rica,CRI,2007,Latin America & Caribbean,4137.0,2.21,7868.020304568528,0.742,88.26169675776765,10.0,-84.0
Costa Rica,CRI,2008,Latin America & Caribbean,4196.0,2.17,8032.411820781696,0.75,88.26169675776765,10.0,-84.0
Costa Rica,CRI,2009,Latin America & Caribbean,4455.0,2.14,,0.752,88.26169675776765,10.0,-84.0
Costa Rica,CRI,2010,Latin America & Caribbean,,1.93,,0.754,88.26169675776765,10.0,-84.0
Costa Rica,CRI,2011,Latin America & Caribbean,,1.93,,0.76,88.26169675776765,10.0,-84.0
Costa Rica,CRI,2012,Latin America & Caribbean,,1.92,,0.772,88.26169675776765,10.0,-84.0
Costa Rica,CRI,2013,Latin America & Caribbean,,1.91,,0.776,88.26169675776765,10.0,-84.0
Costa Rica,CRI,2014,Latin America & Caribbean,,1.91,,0.78,88.26169675776765,10.0,-84.0
Costa Rica,CRI,2015,Latin America & Caribbean,,1.91,,0.788,88.26169675776765,10.0,-84.0
Costa Rica,CRI,2016,Latin America & Caribbean,,1.9,,0.791,88.26169675776765,10.0,-84.0
Costa Rica,CRI,2017,Latin America & Caribbean,,1.89,,0.794,88.26169675776765,10.0,-84.0
Cote d'Ivoire,CIV,1960,Sub-Saharan Africa,3576.077,,1256.2958674013264,,60.83531464195182,8.0,-5.0
Cote d'Ivoire,CIV,1970,Sub-Saharan Africa,5579.014,,1807.9878318474327,,60.83531464195182,8.0,-5.0
Cote d'Ivoire,CIV,1980,Sub-Saharan Africa,8593.262,,2040.9883340183471,,60.83531464195182,8.0,-5.0
Cote d'Ivoire,CIV,1990,Sub-Saharan Africa,12490.877,,1307.354159359667,0.388,60.83531464195182,8.0,-5.0
Cote d'Ivoire,CIV,1991,Sub-Saharan Africa,13039.524,,1252.3463279794569,0.387,60.83531464195182,8.0,-5.0
Cote d'Ivoire,CIV,1992,Sub-Saharan Africa,13422.141,,1214.213142299727,0.387,60.83531464195182,8.0,-5.0
Cote d'Ivoire,CIV,1993,Sub-Saharan Africa,13860.566,,1173.4546280433283,0.386,60.83531464195182,8.0,-5.0
Cote d'Ivoire,CIV,1994,Sub-Saharan Africa,14379.919,,1153.6949704932274,0.386,60.83531464195182,8.0,-5.0
Cote d'Ivoire,CIV,1995,Sub-Saharan Africa,14845.795,,1196.832711382206,0.387,60.83531464195182,8.0,-5.0
Cote d'Ivoire,CIV,1996,Sub-Saharan Africa,15281.453,,1252.2369436990057,0.388,60.83531464195182,8.0,-5.0
Cote d'Ivoire,CIV,1997,Sub-Saharan Africa,15686.232,,1289.4747444765576,0.391,60.83531464195182,8.0,-5.0
Cote d'Ivoire,CIV,1998,Sub-Saharan Africa,16045.358,,1321.1297622651985,0.389,60.83531464195182,8.0,-5.0
Cote d'Ivoire,CIV,1999,Sub-Saharan Africa,16456.878,,1308.6929367769512,0.392,60.83531464195182,8.0,-5.0
Cote d'Ivoire,CIV,2000,Sub-Saharan Africa,16884.578,5.8,1246.2259939217906,0.394,60.83531464195182,8.0,-5.0
Cote d'Ivoire,CIV,2001,Sub-Saharan Africa,17310.968,5.7,1216.7430498398471,0.396,60.83531464195182,8.0,-5.0
Cote d'Ivoire,CIV,2002,Sub-Saharan Africa,17687.648,5.61,1172.9654502396247,0.399,60.83531464195182,8.0,-5.0
Cote d'Ivoire,CIV,2003,Sub-Saharan Africa,18068.004,5.51,1128.7356367643044,0.402,60.83531464195182,8.0,-5.0
Cote d'Ivoire,CIV,2004,Sub-Saharan Africa,18504.38,4.58,1119.7348951977854,0.407,60.83531464195182,8.0,-5.0
Cote d'Ivoire,CIV,2005,Sub-Saharan Africa,18920.502,4.58,1115.9323362561943,0.413,60.83531464195182,8.0,-5.0
Cote d'Ivoire,CIV,2006,Sub-Saharan Africa,19326.799,4.5,1100.0787041868653,0.418,60.83531464195182,8.0,-5.0
Cote d'Ivoire,CIV,2007,Sub-Saharan Africa,19746.949,4.43,1093.9411450346074,0.424,60.83531464195182,8.0,-5.0
Cote d'Ivoire,CIV,2008,Sub-Saharan Africa,20179.602,4.23,1095.0661960528262,0.43,60.83531464195182,8.0,-5.0
Cote d'Ivoire,CIV,2009,Sub-Saharan Africa,20617.0,4.12,,0.437,60.83531464195182,8.0,-5.0
Cote d'Ivoire,CIV,2010,Sub-Saharan Africa,,4.01,,0.442,60.83531464195182,8.0,-5.0
Cote d'Ivoire,CIV,2011,Sub-Saharan Africa,,3.92,,0.445,60.83531464195182,8.0,-5.0
Cote d'Ivoire,CIV,2012,Sub-Saharan Africa,,3.82,,0.454,60.83531464195182,8.0,-5.0
Cote d'Ivoire,CIV,2013,Sub-Saharan Africa,,3.73,,0.462,60.83531464195182,8.0,-5.0
Cote d'Ivoire,CIV,2014,Sub-Saharan Africa,,3.63,,0.465,60.83531464195182,8.0,-5.0
Cote d'Ivoire,CIV,2015,Sub-Saharan Africa,,3.63,,0.478,60.83531464195182,8.0,-5.0
Cote d'Ivoire,CIV,2016,Sub-Saharan Africa,,3.46,,0.486,60.83531464195182,8.0,-5.0
Cote d'Ivoire,CIV,2017,Sub-Saharan Africa,,3.38,,0.492,60.83531464195182,8.0,-5.0
Croatia,HRV,1960,Europe & Central Asia,4036.145,,,,94.8337909233297,45.1,15.3
Croatia,HRV,1970,Europe & Central Asia,4205.389,,,,94.8337909233297,45.1,15.3
Croatia,HRV,1980,Europe & Central Asia,4383.0,,,,94.8337909233297,45.1,15.3
Croatia,HRV,1990,Europe & Central Asia,4508.347,,7350.587698772965,0.67,94.8337909233297,45.1,15.3
Croatia,HRV,1991,Europe & Central Asia,4540.641,,5758.365614017935,0.665,94.8337909233297,45.1,15.3
Croatia,HRV,1992,Europe & Central Asia,4494.013,,5137.392903180299,0.664,94.8337909233297,45.1,15.3
Croatia,HRV,1993,Europe & Central Asia,4486.066,,4734.77422168109,0.666,94.8337909233297,45.1,15.3
Croatia,HRV,1994,Europe & Central Asia,4511.187,,4986.204234743549,0.68,94.8337909233297,45.1,15.3
Croatia,HRV,1995,Europe & Central Asia,4496.683,,5342.442708167822,0.696,94.8337909233297,45.1,15.3
Croatia,HRV,1996,Europe & Central Asia,4464.03,,5699.030766201268,0.709,94.8337909233297,45.1,15.3
Croatia,HRV,1997,Europe & Central Asia,4444.595,,6113.179744028452,0.719,94.8337909233297,45.1,15.3
Croatia,HRV,1998,Europe & Central Asia,4420.195,,6300.598350869227,0.731,94.8337909233297,45.1,15.3
Croatia,HRV,1999,Europe & Central Asia,4408.383,,6260.623105472622,0.739,94.8337909233297,45.1,15.3
Croatia,HRV,2000,Europe & Central Asia,4410.83,1.94,6438.607241070804,0.75,94.8337909233297,45.1,15.3
Croatia,HRV,2001,Europe & Central Asia,4439.11,1.94,6679.083073887818,0.759,94.8337909233297,45.1,15.3
Croatia,HRV,2002,Europe & Central Asia,4481.02,1.93,6960.679054380633,0.766,94.8337909233297,45.1,15.3
Croatia,HRV,2003,Europe & Central Asia,4497.779,1.93,7232.937092880712,0.771,94.8337909233297,45.1,15.3
Croatia,HRV,2004,Europe & Central Asia,4496.869,1.39,7545.472194097716,0.778,94.8337909233297,45.1,15.3
Croatia,HRV,2005,Europe & Central Asia,4495.904,1.39,7864.0469191512975,0.783,94.8337909233297,45.1,15.3
Croatia,HRV,2006,Europe & Central Asia,4494.749,1.4,8235.832523684861,0.793,94.8337909233297,45.1,15.3
Croatia,HRV,2007,Europe & Central Asia,4493.312,1.41,8691.584292388332,0.8,94.8337909233297,45.1,15.3
Croatia,HRV,2008,Europe & Central Asia,4491.543,1.41,8903.621762053708,0.803,94.8337909233297,45.1,15.3
Croatia,HRV,2009,Europe & Central Asia,4489.0,1.42,,0.802,94.8337909233297,45.1,15.3
Croatia,HRV,2010,Europe & Central Asia,,1.43,,0.808,94.8337909233297,45.1,15.3
Croatia,HRV,2011,Europe & Central Asia,,1.43,,0.815,94.8337909233297,45.1,15.3
Croatia,HRV,2012,Europe & Central Asia,,1.44,,0.816,94.8337909233297,45.1,15.3
Croatia,HRV,2013,Europe & Central Asia,,1.45,,0.821,94.8337909233297,45.1,15.3
Croatia,HRV,2014,Europe & Central Asia,,1.45,,0.824,94.8337909233297,45.1,15.3
Croatia,HRV,2015,Europe & Central Asia,,1.45,,0.827,94.8337909233297,45.1,15.3
Croatia,HRV,2016,Europe & Central Asia,,1.39,,0.828,94.8337909233297,45.1,15.3
Croatia,HRV,2017,Europe & Central Asia,,1.4,,0.831,94.8337909233297,45.1,15.3
Cuba,CUB,1960,Latin America & Caribbean,7027.21,,2051.8811875552315,,83.78146046620671,21.3,-80.0
Cuba,CUB,1970,Latin America & Caribbean,8542.746,,1917.4162499973663,,83.78146046620671,21.3,-80.0
Cuba,CUB,1980,Latin America & Caribbean,9652.975,,2644.4697101152756,,83.78146046620671,21.3,-80.0
Cuba,CUB,1990,Latin America & Caribbean,10513.0,,2957.0056120993054,0.676,83.78146046620671,21.3,-80.0
Cuba,CUB,1991,Latin America & Caribbean,10611.0,,2589.8595796814625,0.67,83.78146046620671,21.3,-80.0
Cuba,CUB,1992,Latin America & Caribbean,10692.0,,2215.581743359521,0.663,83.78146046620671,21.3,-80.0
Cuba,CUB,1993,Latin America & Caribbean,10767.0,,1848.0542398068171,0.656,83.78146046620671,21.3,-80.0
Cuba,CUB,1994,Latin America & Caribbean,10813.0,,1876.9999075187275,0.652,83.78146046620671,21.3,-80.0
Cuba,CUB,1995,Latin America & Caribbean,10865.0,,1931.5232397606994,0.654,83.78146046620671,21.3,-80.0
Cuba,CUB,1996,Latin America & Caribbean,10912.0,,2090.542521994135,0.665,83.78146046620671,21.3,-80.0
Cuba,CUB,1997,Latin America & Caribbean,10952.0,,2151.6617969320673,0.669,83.78146046620671,21.3,-80.0
Cuba,CUB,1998,Latin America & Caribbean,10999.0,,2170.2882080189106,0.672,83.78146046620671,21.3,-80.0
Cuba,CUB,1999,Latin America & Caribbean,11053.0,,2306.523115896137,0.679,83.78146046620671,21.3,-80.0
Cuba,CUB,2000,Latin America & Caribbean,11106.0,1.6,2421.7540068431476,0.686,83.78146046620671,21.3,-80.0
Cuba,CUB,2001,Latin America & Caribbean,11156.0,1.6,2482.4309788454643,0.692,83.78146046620671,21.3,-80.0
Cuba,CUB,2002,Latin America & Caribbean,11203.0,1.6,2509.8634294385433,0.694,83.78146046620671,21.3,-80.0
Cuba,CUB,2003,Latin America & Caribbean,11247.0,1.61,2595.003111940962,0.704,83.78146046620671,21.3,-80.0
Cuba,CUB,2004,Latin America & Caribbean,11288.0,1.66,2735.5598866052446,0.718,83.78146046620671,21.3,-80.0
Cuba,CUB,2005,Latin America & Caribbean,11326.0,1.66,3031.785272823592,0.731,83.78146046620671,21.3,-80.0
Cuba,CUB,2006,Latin America & Caribbean,11362.0,1.66,3387.8718535469106,0.753,83.78146046620671,21.3,-80.0
Cuba,CUB,2007,Latin America & Caribbean,11394.0,1.6,3624.9780586273478,0.77,83.78146046620671,21.3,-80.0
Cuba,CUB,2008,Latin America & Caribbean,11424.0,1.6,3763.655462184874,0.78,83.78146046620671,21.3,-80.0
Cuba,CUB,2009,Latin America & Caribbean,11452.0,1.61,,0.782,83.78146046620671,21.3,-80.0
Cuba,CUB,2010,Latin America & Caribbean,,1.61,,0.779,83.78146046620671,21.3,-80.0
Cuba,CUB,2011,Latin America & Caribbean,,1.44,,0.778,83.78146046620671,21.3,-80.0
Cuba,CUB,2012,Latin America & Caribbean,,1.45,,0.767,83.78146046620671,21.3,-80.0
Cuba,CUB,2013,Latin America & Caribbean,,1.46,,0.765,83.78146046620671,21.3,-80.0
Cuba,CUB,2014,Latin America & Caribbean,,1.46,,0.768,83.78146046620671,21.3,-80.0
Cuba,CUB,2015,Latin America & Caribbean,,1.46,,0.772,83.78146046620671,21.3,-80.0
Cuba,CUB,2016,Latin America & Caribbean,,1.71,,0.774,83.78146046620671,21.3,-80.0
Cuba,CUB,2017,Latin America & Caribbean,,1.71,,0.777,83.78146046620671,21.3,-80.0
Cyprus,CYP,1960,Europe & Central Asia,573.0,,,,93.36073668084691,35.0,33.0
Cyprus,CYP,1970,Europe & Central Asia,614.6,,,,93.36073668084691,35.0,33.0
Cyprus,CYP,1980,Europe & Central Asia,611.0,,,,93.36073668084691,35.0,33.0
Cyprus,CYP,1990,Europe & Central Asia,681.349,,,0.732,93.36073668084691,35.0,33.0
Cyprus,CYP,1991,Europe & Central Asia,693.906,,,0.735,93.36073668084691,35.0,33.0
Cyprus,CYP,1992,Europe & Central Asia,707.285,,,0.74,93.36073668084691,35.0,33.0
Cyprus,CYP,1993,Europe & Central Asia,718.776,,,0.777,93.36073668084691,35.0,33.0
Cyprus,CYP,1994,Europe & Central Asia,726.752,,,0.781,93.36073668084691,35.0,33.0
Cyprus,CYP,1995,Europe & Central Asia,733.188,,,0.786,93.36073668084691,35.0,33.0
Cyprus,CYP,1996,Europe & Central Asia,738.649,,,0.789,93.36073668084691,35.0,33.0
Cyprus,CYP,1997,Europe & Central Asia,743.728,,,0.792,93.36073668084691,35.0,33.0
Cyprus,CYP,1998,Europe & Central Asia,748.822,,,0.8,93.36073668084691,35.0,33.0
Cyprus,CYP,1999,Europe & Central Asia,753.692,,,0.799,93.36073668084691,35.0,33.0
Cyprus,CYP,2000,Europe & Central Asia,758.363,1.95,,0.802,93.36073668084691,35.0,33.0
Cyprus,CYP,2001,Europe & Central Asia,762.887,1.93,,0.807,93.36073668084691,35.0,33.0
Cyprus,CYP,2002,Europe & Central Asia,767.314,1.9,,0.816,93.36073668084691,35.0,33.0
Cyprus,CYP,2003,Europe & Central Asia,771.657,1.88,,0.824,93.36073668084691,35.0,33.0
Cyprus,CYP,2004,Europe & Central Asia,775.927,1.83,,0.828,93.36073668084691,35.0,33.0
Cyprus,CYP,2005,Europe & Central Asia,780.133,1.83,,0.831,93.36073668084691,35.0,33.0
Cyprus,CYP,2006,Europe & Central Asia,784.301,1.82,,0.837,93.36073668084691,35.0,33.0
Cyprus,CYP,2007,Europe & Central Asia,788.457,1.8,,0.846,93.36073668084691,35.0,33.0
Cyprus,CYP,2008,Europe & Central Asia,792.604,1.79,,0.852,93.36073668084691,35.0,33.0
Cyprus,CYP,2009,Europe & Central Asia,1085.0,1.77,,0.856,93.36073668084691,35.0,33.0
Cyprus,CYP,2010,Europe & Central Asia,,1.45,,0.85,93.36073668084691,35.0,33.0
Cyprus,CYP,2011,Europe & Central Asia,,1.45,,0.853,93.36073668084691,35.0,33.0
Cyprus,CYP,2012,Europe & Central Asia,,1.45,,0.852,93.36073668084691,35.0,33.0
Cyprus,CYP,2013,Europe & Central Asia,,1.46,,0.853,93.36073668084691,35.0,33.0
Cyprus,CYP,2014,Europe & Central Asia,,1.46,,0.856,93.36073668084691,35.0,33.0
Cyprus,CYP,2015,Europe & Central Asia,,1.46,,0.86,93.36073668084691,35.0,33.0
Cyprus,CYP,2016,Europe & Central Asia,,1.47,,0.867,93.36073668084691,35.0,33.0
Cyprus,CYP,2017,Europe & Central Asia,,1.47,,0.869,93.36073668084691,35.0,33.0
Czechia,CZE,1960,Europe & Central Asia,9659.818,,5108.318511332441,,99.22028697625478,49.45,15.3
Czechia,CZE,1970,Europe & Central Asia,9795.226,,6466.339872642831,,99.22028697625478,49.45,15.3
Czechia,CZE,1980,Europe & Central Asia,10288.726,,7982.0160370616795,,99.22028697625478,49.45,15.3
Czechia,CZE,1990,Europe & Central Asia,10309.514,,8895.278671720122,0.73,99.22028697625478,49.45,15.3
Czechia,CZE,1991,Europe & Central Asia,10305.158,,7865.42062882972,0.726,99.22028697625478,49.45,15.3
Czechia,CZE,1992,Europe & Central Asia,10315.702,,7817.580118897919,0.728,99.22028697625478,49.45,15.3
Czechia,CZE,1993,Europe & Central Asia,10326.434,,7814.28979156332,0.735,99.22028697625478,49.45,15.3
Czechia,CZE,1994,Europe & Central Asia,10330.165,,7984.842240441681,0.744,99.22028697625478,49.45,15.3
Czechia,CZE,1995,Europe & Central Asia,10323.83,,8464.140076205651,0.753,99.22028697625478,49.45,15.3
Czechia,CZE,1996,Europe & Central Asia,10311.817,,8826.432748681036,0.768,99.22028697625478,49.45,15.3
Czechia,CZE,1997,Europe & Central Asia,10300.707,,8771.709238926827,0.774,99.22028697625478,49.45,15.3
Czechia,CZE,1998,Europe & Central Asia,10290.949,,8703.376141500652,0.775,99.22028697625478,49.45,15.3
Czechia,CZE,1999,Europe & Central Asia,10280.436,,8825.209358824859,0.785,99.22028697625478,49.45,15.3
Czechia,CZE,2000,Europe & Central Asia,10270.128,1.18,9155.582092063507,0.796,99.22028697625478,49.45,15.3
Czechia,CZE,2001,Europe & Central Asia,10262.308,1.18,9400.90669662224,0.806,99.22028697625478,49.45,15.3
Czechia,CZE,2002,Europe & Central Asia,10256.295,1.18,9573.340080409153,0.813,99.22028697625478,49.45,15.3
Czechia,CZE,2003,Europe & Central Asia,10251.087,1.18,9923.728088543196,0.822,99.22028697625478,49.45,15.3
Czechia,CZE,2004,Europe & Central Asia,10246.178,1.2,10376.356920600052,0.825,99.22028697625478,49.45,15.3
Czechia,CZE,2005,Europe & Central Asia,10241.138,1.2,11035.49234469841,0.835,99.22028697625478,49.45,15.3
Czechia,CZE,2006,Europe & Central Asia,10235.455,1.21,11792.441078584196,0.843,99.22028697625478,49.45,15.3
Czechia,CZE,2007,Europe & Central Asia,10228.744,1.22,12520.012232195859,0.85,99.22028697625478,49.45,15.3
Czechia,CZE,2008,Europe & Central Asia,10220.911,1.23,12867.93320086634,0.854,99.22028697625478,49.45,15.3
Czechia,CZE,2009,Europe & Central Asia,10212.0,1.24,,0.857,99.22028697625478,49.45,15.3
Czechia,CZE,2010,Europe & Central Asia,,1.25,,0.862,99.22028697625478,49.45,15.3
Czechia,CZE,2011,Europe & Central Asia,,1.26,,0.865,99.22028697625478,49.45,15.3
Czechia,CZE,2012,Europe & Central Asia,,1.27,,0.865,99.22028697625478,49.45,15.3
Czechia,CZE,2013,Europe & Central Asia,,1.29,,0.874,99.22028697625478,49.45,15.3
Czechia,CZE,2014,Europe & Central Asia,,1.43,,0.879,99.22028697625478,49.45,15.3
Czechia,CZE,2015,Europe & Central Asia,,1.43,,0.882,99.22028697625478,49.45,15.3
Czechia,CZE,2016,Europe & Central Asia,,1.45,,0.885,99.22028697625478,49.45,15.3
Czechia,CZE,2017,Europe & Central Asia,,1.45,,0.888,99.22028697625478,49.45,15.3
Denmark,DNK,1960,Europe & Central Asia,4581.0,,8811.831477843265,,98.25388036262186,56.0,10.0
Denmark,DNK,1970,Europe & Central Asia,4928.757,,12685.55134692175,,98.25388036262186,56.0,10.0
Denmark,DNK,1980,Europe & Central Asia,5123.027,,15227.325563577939,,98.25388036262186,56.0,10.0
Denmark,DNK,1990,Europe & Central Asia,5140.954,,18452.411750815125,0.799,98.25388036262186,56.0,10.0
Denmark,DNK,1991,Europe & Central Asia,5154.352,,18643.779300210022,0.804,98.25388036262186,56.0,10.0
Denmark,DNK,1992,Europe & Central Asia,5171.393,,18949.427489258374,0.809,98.25388036262186,56.0,10.0
Denmark,DNK,1993,Europe & Central Asia,5188.386,,18870.436974959637,0.815,98.25388036262186,56.0,10.0
Denmark,DNK,1994,Europe & Central Asia,5205.603,,19847.246385420305,0.824,98.25388036262186,56.0,10.0
Denmark,DNK,1995,Europe & Central Asia,5232.612,,20350.023828644404,0.831,98.25388036262186,56.0,10.0
Denmark,DNK,1996,Europe & Central Asia,5262.075,,20809.68712767362,0.837,98.25388036262186,56.0,10.0
Denmark,DNK,1997,Europe & Central Asia,5283.663,,21387.543114619457,0.843,98.25388036262186,56.0,10.0
Denmark,DNK,1998,Europe & Central Asia,5302.767,,21771.08667984092,0.849,98.25388036262186,56.0,10.0
Denmark,DNK,1999,Europe & Central Asia,5320.134,,22254.890572305132,0.861,98.25388036262186,56.0,10.0
Denmark,DNK,2000,Europe & Central Asia,5337.416,1.73,22975.162513096224,0.863,98.25388036262186,56.0,10.0
Denmark,DNK,2001,Europe & Central Asia,5355.826,1.73,23059.374968492255,0.876,98.25388036262186,56.0,10.0
Denmark,DNK,2002,Europe & Central Asia,5374.693,1.73,23082.620718988044,0.883,98.25388036262186,56.0,10.0
Denmark,DNK,2003,Europe & Central Asia,5394.138,1.73,23088.582457475135,0.894,98.25388036262186,56.0,10.0
Denmark,DNK,2004,Europe & Central Asia,5413.392,1.74,23492.664118911027,0.898,98.25388036262186,56.0,10.0
Denmark,DNK,2005,Europe & Central Asia,5432.335,1.74,23972.564284050964,0.903,98.25388036262186,56.0,10.0
Denmark,DNK,2006,Europe & Central Asia,5450.661,1.74,24680.492879670925,0.905,98.25388036262186,56.0,10.0
Denmark,DNK,2007,Europe & Central Asia,5468.12,1.74,24995.2451665289,0.904,98.25388036262186,56.0,10.0
Denmark,DNK,2008,Europe & Central Asia,5484.723,1.74,24620.568805389077,0.909,98.25388036262186,56.0,10.0
Denmark,DNK,2009,Europe & Central Asia,5501.0,1.74,,0.906,98.25388036262186,56.0,10.0
Denmark,DNK,2010,Europe & Central Asia,,1.74,,0.91,98.25388036262186,56.0,10.0
Denmark,DNK,2011,Europe & Central Asia,,1.74,,0.922,98.25388036262186,56.0,10.0
Denmark,DNK,2012,Europe & Central Asia,,1.74,,0.924,98.25388036262186,56.0,10.0
Denmark,DNK,2013,Europe & Central Asia,,1.73,,0.931,98.25388036262186,56.0,10.0
Denmark,DNK,2014,Europe & Central Asia,,1.73,,0.928,98.25388036262186,56.0,10.0
Denmark,DNK,2015,Europe & Central Asia,,1.73,,0.926,98.25388036262186,56.0,10.0
Denmark,DNK,2016,Europe & Central Asia,,1.73,,0.928,98.25388036262186,56.0,10.0
Denmark,DNK,2017,Europe & Central Asia,,1.73,,0.929,98.25388036262186,56.0,10.0
Djibouti,DJI,1960,Sub-Saharan Africa,78.417,,1771.4852327884937,,60.0,11.3,43.0
Djibouti,DJI,1970,Sub-Saharan Africa,158.034,,2069.079324343273,,60.0,11.3,43.0
Djibouti,DJI,1980,Sub-Saharan Africa,279.149,,1661.2588488239314,,60.0,11.3,43.0
Djibouti,DJI,1990,Sub-Saharan Africa,366.088,,1447.739341360547,,60.0,11.3,43.0
Djibouti,DJI,1991,Sub-Saharan Africa,375.227,,1419.5407046934256,,60.0,11.3,43.0
Djibouti,DJI,1992,Sub-Saharan Africa,384.156,,1383.772998469372,,60.0,11.3,43.0
Djibouti,DJI,1993,Sub-Saharan Africa,393.258,,1299.0273476954062,,60.0,11.3,43.0
Djibouti,DJI,1994,Sub-Saharan Africa,402.548,,1256.9929548774307,,60.0,11.3,43.0
Djibouti,DJI,1995,Sub-Saharan Africa,409.366,,1194.5300782185136,0.355,60.0,11.3,43.0
Djibouti,DJI,1996,Sub-Saharan Africa,413.627,,1121.7836359812102,0.353,60.0,11.3,43.0
Djibouti,DJI,1997,Sub-Saharan Africa,417.908,,1103.1136039511089,0.357,60.0,11.3,43.0
Djibouti,DJI,1998,Sub-Saharan Africa,422.202,,1091.8944012581655,0.359,60.0,11.3,43.0
Djibouti,DJI,1999,Sub-Saharan Africa,426.507,,1106.6641344690709,0.362,60.0,11.3,43.0
Djibouti,DJI,2000,Sub-Saharan Africa,430.822,5.8,1102.543509848615,0.363,60.0,11.3,43.0
Djibouti,DJI,2001,Sub-Saharan Africa,437.778,5.72,1105.5831951354337,0.372,60.0,11.3,43.0
Djibouti,DJI,2002,Sub-Saharan Africa,447.416,5.64,1110.8230371734583,0.378,60.0,11.3,43.0
Djibouti,DJI,2003,Sub-Saharan Africa,457.13,5.56,1124.4066239362983,0.388,60.0,11.3,43.0
Djibouti,DJI,2004,Sub-Saharan Africa,466.9,5.4,1130.8631398586422,0.396,60.0,11.3,43.0
Djibouti,DJI,2005,Sub-Saharan Africa,476.703,5.4,1143.2694990381854,0.405,60.0,11.3,43.0
Djibouti,DJI,2006,Sub-Saharan Africa,486.53,5.31,1173.6172486794237,0.416,60.0,11.3,43.0
Djibouti,DJI,2007,Sub-Saharan Africa,496.374,5.23,1208.7659708203896,0.426,60.0,11.3,43.0
Djibouti,DJI,2008,Sub-Saharan Africa,506.221,5.14,1254.3928442320646,0.435,60.0,11.3,43.0
Djibouti,DJI,2009,Sub-Saharan Africa,725.0,5.06,,0.441,60.0,11.3,43.0
Djibouti,DJI,2010,Sub-Saharan Africa,,2.79,,0.449,60.0,11.3,43.0
Djibouti,DJI,2011,Sub-Saharan Africa,,2.71,,0.454,60.0,11.3,43.0
Djibouti,DJI,2012,Sub-Saharan Africa,,2.63,,0.459,60.0,11.3,43.0
Djibouti,DJI,2013,Sub-Saharan Africa,,2.55,,0.463,60.0,11.3,43.0
Djibouti,DJI,2014,Sub-Saharan Africa,,2.47,,0.467,60.0,11.3,43.0
Djibouti,DJI,2015,Sub-Saharan Africa,,2.47,,0.47,60.0,11.3,43.0
Djibouti,DJI,2016,Sub-Saharan Africa,,2.35,,0.474,60.0,11.3,43.0
Djibouti,DJI,2017,Sub-Saharan Africa,,2.31,,0.476,60.0,11.3,43.0
Dominica,DMA,1960,Latin America & Caribbean,59.838,,,,66.02348118490521,15.25,-61.2
Dominica,DMA,1970,Latin America & Caribbean,69.785,,,,66.02348118490521,15.25,-61.2
Dominica,DMA,1980,Latin America & Caribbean,73.887,,,,66.02348118490521,15.25,-61.2
Dominica,DMA,1990,Latin America & Caribbean,70.009,,,,66.02348118490521,15.25,-61.2
Dominica,DMA,1991,Latin America & Caribbean,70.121,,,,66.02348118490521,15.25,-61.2
Dominica,DMA,1992,Latin America & Caribbean,70.278,,,,66.02348118490521,15.25,-61.2
Dominica,DMA,1993,Latin America & Caribbean,70.419,,,,66.02348118490521,15.25,-61.2
Dominica,DMA,1994,Latin America & Caribbean,70.922,,,,66.02348118490521,15.25,-61.2
Dominica,DMA,1995,Latin America & Caribbean,71.421,,,,66.02348118490521,15.25,-61.2
Dominica,DMA,1996,Latin America & Caribbean,70.996,,,,66.02348118490521,15.25,-61.2
Dominica,DMA,1997,Latin America & Caribbean,70.284,,,,66.02348118490521,15.25,-61.2
Dominica,DMA,1998,Latin America & Caribbean,70.041,,,,66.02348118490521,15.25,-61.2
Dominica,DMA,1999,Latin America & Caribbean,70.348,,,,66.02348118490521,15.25,-61.2
Dominica,DMA,2000,Latin America & Caribbean,70.818,2.05,,0.693,66.02348118490521,15.25,-61.2
Dominica,DMA,2001,Latin America & Caribbean,71.208,2.03,,0.697,66.02348118490521,15.25,-61.2
Dominica,DMA,2002,Latin America & Caribbean,71.534,2.01,,0.696,66.02348118490521,15.25,-61.2
Dominica,DMA,2003,Latin America & Caribbean,71.734,1.99,,0.702,66.02348118490521,15.25,-61.2
Dominica,DMA,2004,Latin America & Caribbean,71.933,1.96,,0.704,66.02348118490521,15.25,-61.2
Dominica,DMA,2005,Latin America & Caribbean,72.125,1.96,,0.705,66.02348118490521,15.25,-61.2
Dominica,DMA,2006,Latin America & Caribbean,72.247,1.94,,0.711,66.02348118490521,15.25,-61.2
Dominica,DMA,2007,Latin America & Caribbean,72.377,2.12,,0.715,66.02348118490521,15.25,-61.2
Dominica,DMA,2008,Latin America & Caribbean,72.514,2.1,,0.72,66.02348118490521,15.25,-61.2
Dominica,DMA,2009,Latin America & Caribbean,73.0,2.09,,0.72,66.02348118490521,15.25,-61.2
Dominica,DMA,2010,Latin America & Caribbean,,2.08,,0.722,66.02348118490521,15.25,-61.2
Dominica,DMA,2011,Latin America & Caribbean,,2.07,,0.722,66.02348118490521,15.25,-61.2
Dominica,DMA,2012,Latin America & Caribbean,,2.06,,0.721,66.02348118490521,15.25,-61.2
Dominica,DMA,2013,Latin America & Caribbean,,2.06,,0.721,66.02348118490521,15.25,-61.2
Dominica,DMA,2014,Latin America & Caribbean,,2.05,,0.724,66.02348118490521,15.25,-61.2
Dominica,DMA,2015,Latin America & Caribbean,,2.05,,0.721,66.02348118490521,15.25,-61.2
Dominica,DMA,2016,Latin America & Caribbean,,2.04,,0.718,66.02348118490521,15.25,-61.2
Dominica,DMA,2017,Latin America & Caribbean,,2.03,,0.715,66.02348118490521,15.25,-61.2
Dominican Republic,DOM,1960,Latin America & Caribbean,3231.488,,1302.4959399508832,,81.78893070935743,19.0,-70.4
Dominican Republic,DOM,1970,Latin America & Caribbean,4422.755,,1561.4701696114753,,81.78893070935743,19.0,-70.4
Dominican Republic,DOM,1980,Latin America & Caribbean,5696.855,,2371.65945069692,,81.78893070935743,19.0,-70.4
Dominican Republic,DOM,1990,Latin America & Caribbean,7083.0,,2471.1280530848508,0.598,81.78893070935743,19.0,-70.4
Dominican Republic,DOM,1991,Latin America & Caribbean,7223.0,,2442.6138723522085,0.603,81.78893070935743,19.0,-70.4
Dominican Republic,DOM,1992,Latin America & Caribbean,7360.0,,2550.5434782608695,0.612,81.78893070935743,19.0,-70.4
Dominican Republic,DOM,1993,Latin America & Caribbean,7489.0,,2556.8166644411804,0.618,81.78893070935743,19.0,-70.4
Dominican Republic,DOM,1994,Latin America & Caribbean,7615.0,,2622.586999343401,0.623,81.78893070935743,19.0,-70.4
Dominican Republic,DOM,1995,Latin America & Caribbean,7744.0,,2694.9896694214876,0.629,81.78893070935743,19.0,-70.4
Dominican Republic,DOM,1996,Latin America & Caribbean,7878.0,,2839.93399339934,0.635,81.78893070935743,19.0,-70.4
Dominican Republic,DOM,1997,Latin America & Caribbean,8011.0,,3024.591187117713,0.641,81.78893070935743,19.0,-70.4
Dominican Republic,DOM,1998,Latin America & Caribbean,8143.0,,3192.6808301608744,0.646,81.78893070935743,19.0,-70.4
Dominican Republic,DOM,1999,Latin America & Caribbean,8277.0,,3392.291893198019,0.651,81.78893070935743,19.0,-70.4
Dominican Republic,DOM,2000,Latin America & Caribbean,8410.0,3.0,3638.525564803805,0.657,81.78893070935743,19.0,-70.4
Dominican Republic,DOM,2001,Latin America & Caribbean,8545.0,2.97,3710.9420713867758,0.66,81.78893070935743,19.0,-70.4
Dominican Republic,DOM,2002,Latin America & Caribbean,8680.0,2.94,3815.2073732718895,0.664,81.78893070935743,19.0,-70.4
Dominican Republic,DOM,2003,Latin America & Caribbean,8815.0,2.92,3745.5473624503684,0.666,81.78893070935743,19.0,-70.4
Dominican Republic,DOM,2004,Latin America & Caribbean,8951.0,2.86,3736.565746843928,0.668,81.78893070935743,19.0,-70.4
Dominican Republic,DOM,2005,Latin America & Caribbean,9088.0,2.86,4022.447183098592,0.675,81.78893070935743,19.0,-70.4
Dominican Republic,DOM,2006,Latin America & Caribbean,9226.0,2.83,4026.230218946456,0.682,81.78893070935743,19.0,-70.4
Dominican Republic,DOM,2007,Latin America & Caribbean,9366.0,2.81,4303.224428784967,0.691,81.78893070935743,19.0,-70.4
Dominican Republic,DOM,2008,Latin America & Caribbean,9507.0,2.78,4464.079099610813,0.695,81.78893070935743,19.0,-70.4
Dominican Republic,DOM,2009,Latin America & Caribbean,9650.0,2.76,,0.696,81.78893070935743,19.0,-70.4
Dominican Republic,DOM,2010,Latin America & Caribbean,,2.47,,0.703,81.78893070935743,19.0,-70.4
Dominican Republic,DOM,2011,Latin America & Caribbean,,2.44,,0.706,81.78893070935743,19.0,-70.4
Dominican Republic,DOM,2012,Latin America & Caribbean,,2.41,,0.71,81.78893070935743,19.0,-70.4
Dominican Republic,DOM,2013,Latin America & Caribbean,,2.39,,0.713,81.78893070935743,19.0,-70.4
Dominican Republic,DOM,2014,Latin America & Caribbean,,2.36,,0.718,81.78893070935743,19.0,-70.4
Dominican Republic,DOM,2015,Latin America & Caribbean,,2.36,,0.729,81.78893070935743,19.0,-70.4
Dominican Republic,DOM,2016,Latin America & Caribbean,,2.31,,0.733,81.78893070935743,19.0,-70.4
Dominican Republic,DOM,2017,Latin America & Caribbean,,2.29,,0.736,81.78893070935743,19.0,-70.4
Ecuador,ECU,1960,Latin America & Caribbean,4415.956,,2288.5191790860235,,78.23546038122689,-2.0,-77.3
Ecuador,ECU,1970,Latin America & Caribbean,5939.246,,2845.3106673810107,,78.23546038122689,-2.0,-77.3
Ecuador,ECU,1980,Latin America & Caribbean,7920.499,,4129.285288717289,,78.23546038122689,-2.0,-77.3
Ecuador,ECU,1990,Latin America & Caribbean,10318.036,,3902.583786294213,0.643,78.23546038122689,-2.0,-77.3
Ecuador,ECU,1991,Latin America & Caribbean,10429.0,,4054.079969316329,0.646,78.23546038122689,-2.0,-77.3
Ecuador,ECU,1992,Latin America & Caribbean,10554.0,,4126.302823574,0.65,78.23546038122689,-2.0,-77.3
Ecuador,ECU,1993,Latin America & Caribbean,10754.0,,4138.646085177608,0.654,78.23546038122689,-2.0,-77.3
Ecuador,ECU,1994,Latin America & Caribbean,11013.0,,4219.104694452011,0.658,78.23546038122689,-2.0,-77.3
Ecuador,ECU,1995,Latin America & Caribbean,11266.0,,4248.091603053435,0.662,78.23546038122689,-2.0,-77.3
Ecuador,ECU,1996,Latin America & Caribbean,11526.0,,4235.294117647059,0.664,78.23546038122689,-2.0,-77.3
Ecuador,ECU,1997,Latin America & Caribbean,11792.0,,4280.529172320217,0.668,78.23546038122689,-2.0,-77.3
Ecuador,ECU,1998,Latin America & Caribbean,12051.0,,4205.2941664592145,0.671,78.23546038122689,-2.0,-77.3
Ecuador,ECU,1999,Latin America & Caribbean,12268.0,,3829.312031300946,0.668,78.23546038122689,-2.0,-77.3
Ecuador,ECU,2000,Latin America & Caribbean,12446.0,3.18,3218.6244576570784,0.67,78.23546038122689,-2.0,-77.3
Ecuador,ECU,2001,Latin America & Caribbean,12629.0,3.12,3334.2307387758333,0.675,78.23546038122689,-2.0,-77.3
Ecuador,ECU,2002,Latin America & Caribbean,12827.0,3.05,3316.9096437202775,0.679,78.23546038122689,-2.0,-77.3
Ecuador,ECU,2003,Latin America & Caribbean,13074.082,2.99,3371.403055296731,0.682,78.23546038122689,-2.0,-77.3
Ecuador,ECU,2004,Latin America & Caribbean,13368.0,2.72,3561.041292639138,0.688,78.23546038122689,-2.0,-77.3
Ecuador,ECU,2005,Latin America & Caribbean,13662.0,2.72,3693.4563021519543,0.693,78.23546038122689,-2.0,-77.3
Ecuador,ECU,2006,Latin America & Caribbean,13917.0,2.68,3767.191205001078,0.696,78.23546038122689,-2.0,-77.3
Ecuador,ECU,2007,Latin America & Caribbean,14135.0,2.63,3801.8394057304567,0.698,78.23546038122689,-2.0,-77.3
Ecuador,ECU,2008,Latin America & Caribbean,14354.0,2.59,3987.1116065208307,0.711,78.23546038122689,-2.0,-77.3
Ecuador,ECU,2009,Latin America & Caribbean,14573.0,2.51,,0.712,78.23546038122689,-2.0,-77.3
Ecuador,ECU,2010,Latin America & Caribbean,,2.46,,0.715,78.23546038122689,-2.0,-77.3
Ecuador,ECU,2011,Latin America & Caribbean,,2.42,,0.721,78.23546038122689,-2.0,-77.3
Ecuador,ECU,2012,Latin America & Caribbean,,2.38,,0.726,78.23546038122689,-2.0,-77.3
Ecuador,ECU,2013,Latin America & Caribbean,,2.33,,0.734,78.23546038122689,-2.0,-77.3
Ecuador,ECU,2014,Latin America & Caribbean,,2.29,,0.742,78.23546038122689,-2.0,-77.3
Ecuador,ECU,2015,Latin America & Caribbean,,2.29,,0.743,78.23546038122689,-2.0,-77.3
Ecuador,ECU,2016,Latin America & Caribbean,,2.22,,0.749,78.23546038122689,-2.0,-77.3
Ecuador,ECU,2017,Latin America & Caribbean,,2.19,,0.752,78.23546038122689,-2.0,-77.3
Egypt,EGY,1960,Middle East & North Africa,26846.61,,991.455184937412,,76.30673359087238,27.0,30.0
Egypt,EGY,1970,Middle East & North Africa,33574.026,,1254.104623803258,,76.30673359087238,27.0,30.0
Egypt,EGY,1980,Middle East & North Africa,42634.215,,2069.2899336550095,,76.30673359087238,27.0,30.0
Egypt,EGY,1990,Middle East & North Africa,56683.22,,2522.792459567399,0.546,76.30673359087238,27.0,30.0
Egypt,EGY,1991,Middle East & North Africa,58129.094,,2381.320445145765,0.55,76.30673359087238,27.0,30.0
Egypt,EGY,1992,Middle East & North Africa,59394.173,,2407.508763528031,0.557,76.30673359087238,27.0,30.0
Egypt,EGY,1993,Middle East & North Africa,60671.509,,2394.5319024783107,0.562,76.30673359087238,27.0,30.0
Egypt,EGY,1994,Middle East & North Africa,61979.673,,2437.12940797444,0.569,76.30673359087238,27.0,30.0
Egypt,EGY,1995,Middle East & North Africa,63321.438,,2496.229380141326,0.576,76.30673359087238,27.0,30.0
Egypt,EGY,1996,Middle East & North Africa,64707.453,,2564.6208867828045,0.584,76.30673359087238,27.0,30.0
Egypt,EGY,1997,Middle East & North Africa,66139.197,,2647.0401313627167,0.591,76.30673359087238,27.0,30.0
Egypt,EGY,1998,Middle East & North Africa,67610.699,,2737.948946806551,0.592,76.30673359087238,27.0,30.0
Egypt,EGY,1999,Middle East & North Africa,69080.012,,2843.181324288131,0.605,76.30673359087238,27.0,30.0
Egypt,EGY,2000,Middle East & North Africa,70512.306,3.15,2935.842149312207,0.611,76.30673359087238,27.0,30.0
Egypt,EGY,2001,Middle East & North Africa,71928.891,3.07,2978.74744099697,0.616,76.30673359087238,27.0,30.0
Egypt,EGY,2002,Middle East & North Africa,73347.164,2.99,3014.6359851077536,0.62,76.30673359087238,27.0,30.0
Egypt,EGY,2003,Middle East & North Africa,74760.58,3.02,3052.2770155073704,0.622,76.30673359087238,27.0,30.0
Egypt,EGY,2004,Middle East & North Africa,76166.369,2.88,3118.7780528175103,0.628,76.30673359087238,27.0,30.0
Egypt,EGY,2005,Middle East & North Africa,77561.884,2.88,3200.4895600524605,0.634,76.30673359087238,27.0,30.0
Egypt,EGY,2006,Middle East & North Africa,78950.32,2.83,3358.010455182449,0.642,76.30673359087238,27.0,30.0
Egypt,EGY,2007,Middle East & North Africa,80335.036,2.77,3534.435461011059,0.65,76.30673359087238,27.0,30.0
Egypt,EGY,2008,Middle East & North Africa,81713.517,2.72,3725.0018255853556,0.658,76.30673359087238,27.0,30.0
Egypt,EGY,2009,Middle East & North Africa,78867.0,2.66,,0.66,76.30673359087238,27.0,30.0
Egypt,EGY,2010,Middle East & North Africa,,3.01,,0.665,76.30673359087238,27.0,30.0
Egypt,EGY,2011,Middle East & North Africa,,2.97,,0.668,76.30673359087238,27.0,30.0
Egypt,EGY,2012,Middle East & North Africa,,2.94,,0.675,76.30673359087238,27.0,30.0
Egypt,EGY,2013,Middle East & North Africa,,2.9,,0.68,76.30673359087238,27.0,30.0
Egypt,EGY,2014,Middle East & North Africa,,2.87,,0.683,76.30673359087238,27.0,30.0
Egypt,EGY,2015,Middle East & North Africa,,2.87,,0.691,76.30673359087238,27.0,30.0
Egypt,EGY,2016,Middle East & North Africa,,3.53,,0.694,76.30673359087238,27.0,30.0
Egypt,EGY,2017,Middle East & North Africa,,3.47,,0.696,76.30673359087238,27.0,30.0
El Salvador,SLV,1960,Latin America & Caribbean,2581.583,,1763.646568791319,,69.63380001715281,13.5,-88.55
El Salvador,SLV,1970,Latin America & Caribbean,3603.907,,2186.793388397647,,69.63380001715281,13.5,-88.55
El Salvador,SLV,1980,Latin America & Caribbean,4566.199,,2353.8176938850015,,69.63380001715281,13.5,-88.55
El Salvador,SLV,1990,Latin America & Caribbean,5099.884,,2118.675640465548,0.529,69.63380001715281,13.5,-88.55
El Salvador,SLV,1991,Latin America & Caribbean,5185.604,,2142.084123662354,0.534,69.63380001715281,13.5,-88.55
El Salvador,SLV,1992,Latin America & Caribbean,5274.649,,2259.4868397878226,0.546,69.63380001715281,13.5,-88.55
El Salvador,SLV,1993,Latin America & Caribbean,5369.502,,2361.671529315009,0.557,69.63380001715281,13.5,-88.55
El Salvador,SLV,1994,Latin America & Caribbean,5466.906,,2458.7947917889937,0.567,69.63380001715281,13.5,-88.55
El Salvador,SLV,1995,Latin America & Caribbean,5569.0,,2563.2968216915065,0.577,69.63380001715281,13.5,-88.55
El Salvador,SLV,1996,Latin America & Caribbean,5675.0,,2560.704845814978,0.585,69.63380001715281,13.5,-88.55
El Salvador,SLV,1997,Latin America & Caribbean,5785.0,,2620.0518582541054,0.595,69.63380001715281,13.5,-88.55
El Salvador,SLV,1998,Latin America & Caribbean,5897.0,,2667.7971850093268,0.604,69.63380001715281,13.5,-88.55
El Salvador,SLV,1999,Latin America & Caribbean,6011.0,,2706.3716519713857,0.607,69.63380001715281,13.5,-88.55
El Salvador,SLV,2000,Latin America & Caribbean,6126.0,3.38,2714.005876591577,0.615,69.63380001715281,13.5,-88.55
El Salvador,SLV,2001,Latin America & Caribbean,6242.0,3.34,2709.0676065363664,0.62,69.63380001715281,13.5,-88.55
El Salvador,SLV,2002,Latin America & Caribbean,6358.0,3.29,2718.9367725699904,0.628,69.63380001715281,13.5,-88.55
El Salvador,SLV,2003,Latin America & Caribbean,6476.0,3.25,2730.852378011118,0.635,69.63380001715281,13.5,-88.55
El Salvador,SLV,2004,Latin America & Caribbean,6594.0,3.16,2732.9390354868065,0.643,69.63380001715281,13.5,-88.55
El Salvador,SLV,2005,Latin America & Caribbean,6712.0,3.16,2768.176400476758,0.651,69.63380001715281,13.5,-88.55
El Salvador,SLV,2006,Latin America & Caribbean,6830.0,3.12,2834.5534407027817,0.659,69.63380001715281,13.5,-88.55
El Salvador,SLV,2007,Latin America & Caribbean,6948.0,3.08,2917.3862982153137,0.656,69.63380001715281,13.5,-88.55
El Salvador,SLV,2008,Latin America & Caribbean,7066.0,3.04,2940.4189074440983,0.659,69.63380001715281,13.5,-88.55
El Salvador,SLV,2009,Latin America & Caribbean,6031.0,3.0,,0.659,69.63380001715281,13.5,-88.55
El Salvador,SLV,2010,Latin America & Caribbean,,2.12,,0.671,69.63380001715281,13.5,-88.55
El Salvador,SLV,2011,Latin America & Caribbean,,2.08,,0.666,69.63380001715281,13.5,-88.55
El Salvador,SLV,2012,Latin America & Caribbean,,2.04,,0.67,69.63380001715281,13.5,-88.55
El Salvador,SLV,2013,Latin America & Caribbean,,1.99,,0.671,69.63380001715281,13.5,-88.55
El Salvador,SLV,2014,Latin America & Caribbean,,1.95,,0.67,69.63380001715281,13.5,-88.55
El Salvador,SLV,2015,Latin America & Caribbean,,1.95,,0.674,69.63380001715281,13.5,-88.55
El Salvador,SLV,2016,Latin America & Caribbean,,1.89,,0.679,69.63380001715281,13.5,-88.55
El Salvador,SLV,2017,Latin America & Caribbean,,1.87,,0.674,69.63380001715281,13.5,-88.55
Equatorial Guinea,GNQ,1960,Sub-Saharan Africa,243.867,,746.308438616131,,,2.0,10.0
Equatorial Guinea,GNQ,1970,Sub-Saharan Africa,270.435,,1309.002163181541,,,2.0,10.0
Equatorial Guinea,GNQ,1980,Sub-Saharan Africa,256.009,,1476.5105914245203,,,2.0,10.0
Equatorial Guinea,GNQ,1990,Sub-Saharan Africa,371.1,,1552.1422797089733,,,2.0,10.0
Equatorial Guinea,GNQ,1991,Sub-Saharan Africa,381.377,,1581.112652309919,,,2.0,10.0
Equatorial Guinea,GNQ,1992,Sub-Saharan Africa,392.024,,1703.977307511785,,,2.0,10.0
Equatorial Guinea,GNQ,1993,Sub-Saharan Africa,403.044,,1761.594267623386,,,2.0,10.0
Equatorial Guinea,GNQ,1994,Sub-Saharan Africa,414.443,,1800.0062734803098,,,2.0,10.0
Equatorial Guinea,GNQ,1995,Sub-Saharan Africa,426.231,,1998.9160807167946,,,2.0,10.0
Equatorial Guinea,GNQ,1996,Sub-Saharan Africa,438.42,,2509.0096254732903,,,2.0,10.0
Equatorial Guinea,GNQ,1997,Sub-Saharan Africa,451.026,,4177.1427811257,,,2.0,10.0
Equatorial Guinea,GNQ,1998,Sub-Saharan Africa,464.06,,4951.945869068654,,,2.0,10.0
Equatorial Guinea,GNQ,1999,Sub-Saharan Africa,477.538,,6805.74111379618,,,2.0,10.0
Equatorial Guinea,GNQ,2000,Sub-Saharan Africa,491.483,4.94,7676.7660325992965,0.516,,2.0,10.0
Equatorial Guinea,GNQ,2001,Sub-Saharan Africa,505.919,4.88,10477.96188717957,0.532,,2.0,10.0
Equatorial Guinea,GNQ,2002,Sub-Saharan Africa,520.764,4.81,11154.764922306456,0.525,,2.0,10.0
Equatorial Guinea,GNQ,2003,Sub-Saharan Africa,535.927,4.75,12824.507815430086,0.539,,2.0,10.0
Equatorial Guinea,GNQ,2004,Sub-Saharan Africa,551.415,4.62,16415.94806089787,0.53,,2.0,10.0
Equatorial Guinea,GNQ,2005,Sub-Saharan Africa,567.232,4.62,17506.064537966828,0.567,,2.0,10.0
Equatorial Guinea,GNQ,2006,Sub-Saharan Africa,583.355,4.55,17243.359532360228,0.578,,2.0,10.0
Equatorial Guinea,GNQ,2007,Sub-Saharan Africa,599.763,4.48,20361.376076883702,0.585,,2.0,10.0
Equatorial Guinea,GNQ,2008,Sub-Saharan Africa,616.459,5.16,22048.506064474688,0.586,,2.0,10.0
Equatorial Guinea,GNQ,2009,Sub-Saharan Africa,633.0,5.08,,0.589,,2.0,10.0
Equatorial Guinea,GNQ,2010,Sub-Saharan Africa,,5.0,,0.581,,2.0,10.0
Equatorial Guinea,GNQ,2011,Sub-Saharan Africa,,4.91,,0.584,,2.0,10.0
Equatorial Guinea,GNQ,2012,Sub-Saharan Africa,,4.83,,0.589,,2.0,10.0
Equatorial Guinea,GNQ,2013,Sub-Saharan Africa,,4.74,,0.59,,2.0,10.0
Equatorial Guinea,GNQ,2014,Sub-Saharan Africa,,4.66,,0.59,,2.0,10.0
Equatorial Guinea,GNQ,2015,Sub-Saharan Africa,,4.66,,0.593,,2.0,10.0
Equatorial Guinea,GNQ,2016,Sub-Saharan Africa,,4.48,,0.593,,2.0,10.0
Equatorial Guinea,GNQ,2017,Sub-Saharan Africa,,4.39,,0.591,,2.0,10.0
Eritrea,ERI,1960,Sub-Saharan Africa,1614.698,,440.038158963187,,68.59808707745246,15.0,39.0
Eritrea,ERI,1970,Sub-Saharan Africa,2160.46,,594.7475864211044,,68.59808707745246,15.0,39.0
Eritrea,ERI,1980,Sub-Saharan Africa,2568.741,,648.1704873006997,,68.59808707745246,15.0,39.0
Eritrea,ERI,1990,Sub-Saharan Africa,3137.919,,574.2274614848179,,68.59808707745246,15.0,39.0
Eritrea,ERI,1991,Sub-Saharan Africa,3114.642,,530.0637646763716,,68.59808707745246,15.0,39.0
Eritrea,ERI,1992,Sub-Saharan Africa,3087.294,,488.74218041504304,,68.59808707745246,15.0,39.0
Eritrea,ERI,1993,Sub-Saharan Africa,3228.367,,541.6637899886643,,68.59808707745246,15.0,39.0
Eritrea,ERI,1994,Sub-Saharan Africa,3379.691,,537.0672271998833,,68.59808707745246,15.0,39.0
Eritrea,ERI,1995,Sub-Saharan Africa,3565.003,,553.9499474075594,,68.59808707745246,15.0,39.0
Eritrea,ERI,1996,Sub-Saharan Africa,3733.059,,594.47498125828,,68.59808707745246,15.0,39.0
Eritrea,ERI,1997,Sub-Saharan Africa,3841.583,,605.3170700194921,,68.59808707745246,15.0,39.0
Eritrea,ERI,1998,Sub-Saharan Africa,3963.11,,580.1536929269873,,68.59808707745246,15.0,39.0
Eritrea,ERI,1999,Sub-Saharan Africa,4079.574,,597.2537574063601,,68.59808707745246,15.0,39.0
Eritrea,ERI,2000,Sub-Saharan Africa,4197.31,5.93,611.0699279348053,,68.59808707745246,15.0,39.0
Eritrea,ERI,2001,Sub-Saharan Africa,4337.991,5.87,638.5171923014509,,68.59808707745246,15.0,39.0
Eritrea,ERI,2002,Sub-Saharan Africa,4505.426,5.8,628.7976906400927,,68.59808707745246,15.0,39.0
Eritrea,ERI,2003,Sub-Saharan Africa,4700.022,5.74,587.3357808743707,,68.59808707745246,15.0,39.0
Eritrea,ERI,2004,Sub-Saharan Africa,4907.337,5.61,643.0497630245883,,68.59808707745246,15.0,39.0
Eritrea,ERI,2005,Sub-Saharan Africa,5069.562,5.2,697.6777159683799,0.408,68.59808707745246,15.0,39.0
Eritrea,ERI,2006,Sub-Saharan Africa,5214.33,5.08,749.0039452963158,0.409,68.59808707745246,15.0,39.0
Eritrea,ERI,2007,Sub-Saharan Africa,5357.676,4.96,805.4074381960936,0.411,68.59808707745246,15.0,39.0
Eritrea,ERI,2008,Sub-Saharan Africa,5502.026,4.84,867.0041899504791,0.407,68.59808707745246,15.0,39.0
Eritrea,ERI,2009,Sub-Saharan Africa,5647.0,4.72,,0.416,68.59808707745246,15.0,39.0
Eritrea,ERI,2010,Sub-Saharan Africa,,4.6,,0.416,68.59808707745246,15.0,39.0
Eritrea,ERI,2011,Sub-Saharan Africa,,4.48,,0.417,68.59808707745246,15.0,39.0
Eritrea,ERI,2012,Sub-Saharan Africa,,4.37,,0.422,68.59808707745246,15.0,39.0
Eritrea,ERI,2013,Sub-Saharan Africa,,4.25,,0.425,68.59808707745246,15.0,39.0
Eritrea,ERI,2014,Sub-Saharan Africa,,4.14,,0.428,68.59808707745246,15.0,39.0
Eritrea,ERI,2015,Sub-Saharan Africa,,4.14,,0.433,68.59808707745246,15.0,39.0
Eritrea,ERI,2016,Sub-Saharan Africa,,4.07,,0.436,68.59808707745246,15.0,39.0
Eritrea,ERI,2017,Sub-Saharan Africa,,3.99,,0.44,68.59808707745246,15.0,39.0
Estonia,EST,1960,Europe & Central Asia,1210.647,,,,101.11487069336215,59.0,26.0
Estonia,EST,1970,Europe & Central Asia,1363.183,,,,101.11487069336215,59.0,26.0
Estonia,EST,1980,Europe & Central Asia,1482.196,,,,101.11487069336215,59.0,26.0
Estonia,EST,1990,Europe & Central Asia,1569.322,,10819.95919256851,0.733,101.11487069336215,59.0,26.0
Estonia,EST,1991,Europe & Central Asia,1559.547,,9798.999324803934,0.728,101.11487069336215,59.0,26.0
Estonia,EST,1992,Europe & Central Asia,1528.715,,8587.106164327555,0.719,101.11487069336215,59.0,26.0
Estonia,EST,1993,Europe & Central Asia,1491.426,,8053.649842499727,0.712,101.11487069336215,59.0,26.0
Estonia,EST,1994,Europe & Central Asia,1467.535,,8053.804512791857,0.716,101.11487069336215,59.0,26.0
Estonia,EST,1995,Europe & Central Asia,1446.509,,8538.561326570105,0.727,101.11487069336215,59.0,26.0
Estonia,EST,1996,Europe & Central Asia,1427.827,,9039.544403630622,0.738,101.11487069336215,59.0,26.0
Estonia,EST,1997,Europe & Central Asia,1413.351,,10091.004040580849,0.751,101.11487069336215,59.0,26.0
Estonia,EST,1998,Europe & Central Asia,1400.972,,10709.53698264523,0.763,101.11487069336215,59.0,26.0
Estonia,EST,1999,Europe & Central Asia,1389.756,,10785.172133960781,0.769,101.11487069336215,59.0,26.0
Estonia,EST,2000,Europe & Central Asia,1379.835,1.19,11710.009373274901,0.78,101.11487069336215,59.0,26.0
Estonia,EST,2001,Europe & Central Asia,1369.983,1.21,12549.049990927939,0.79,101.11487069336215,59.0,26.0
Estonia,EST,2002,Europe & Central Asia,1360.122,1.24,13550.113949182038,0.799,101.11487069336215,59.0,26.0
Estonia,EST,2003,Europe & Central Asia,1350.722,1.27,14340.277493898546,0.806,101.11487069336215,59.0,26.0
Estonia,EST,2004,Europe & Central Asia,1341.664,1.39,15635.807474896845,0.814,101.11487069336215,59.0,26.0
Estonia,EST,2005,Europe & Central Asia,1332.893,1.39,17218.186306027565,0.825,101.11487069336215,59.0,26.0
Estonia,EST,2006,Europe & Central Asia,1324.333,1.4,19062.426142065477,0.832,101.11487069336215,59.0,26.0
Estonia,EST,2007,Europe & Central Asia,1315.912,1.41,20565.96489734876,0.839,101.11487069336215,59.0,26.0
Estonia,EST,2008,Europe & Central Asia,1307.605,1.42,19950.979080073874,0.841,101.11487069336215,59.0,26.0
Estonia,EST,2009,Europe & Central Asia,1299.0,1.42,,0.839,101.11487069336215,59.0,26.0
Estonia,EST,2010,Europe & Central Asia,,1.43,,0.845,101.11487069336215,59.0,26.0
Estonia,EST,2011,Europe & Central Asia,,1.44,,0.853,101.11487069336215,59.0,26.0
Estonia,EST,2012,Europe & Central Asia,,1.44,,0.859,101.11487069336215,59.0,26.0
Estonia,EST,2013,Europe & Central Asia,,1.45,,0.862,101.11487069336215,59.0,26.0
Estonia,EST,2014,Europe & Central Asia,,1.46,,0.864,101.11487069336215,59.0,26.0
Estonia,EST,2015,Europe & Central Asia,,1.46,,0.866,101.11487069336215,59.0,26.0
Estonia,EST,2016,Europe & Central Asia,,1.6,,0.868,101.11487069336215,59.0,26.0
Estonia,EST,2017,Europe & Central Asia,,1.6,,0.871,101.11487069336215,59.0,26.0
Ethiopia,ETH,1960,Sub-Saharan Africa,24168.672,,440.038158963187,,68.55958337731356,8.0,38.0
Ethiopia,ETH,1970,Sub-Saharan Africa,29468.504,,594.7475864211044,,68.55958337731356,8.0,38.0
Ethiopia,ETH,1980,Sub-Saharan Africa,36036.457,,648.1704873006997,,68.55958337731356,8.0,38.0
Ethiopia,ETH,1990,Sub-Saharan Africa,48397.408,,574.2274614848179,,68.55958337731356,8.0,38.0
Ethiopia,ETH,1991,Sub-Saharan Africa,50090.521,,530.0637646763716,,68.55958337731356,8.0,38.0
Ethiopia,ETH,1992,Sub-Saharan Africa,51673.317,,488.74218041504304,,68.55958337731356,8.0,38.0
Ethiopia,ETH,1993,Sub-Saharan Africa,52803.018,,541.6637899886643,,68.55958337731356,8.0,38.0
Ethiopia,ETH,1994,Sub-Saharan Africa,54034.247,,537.0672271998833,,68.55958337731356,8.0,38.0
Ethiopia,ETH,1995,Sub-Saharan Africa,55549.97,,553.9499474075594,,68.55958337731356,8.0,38.0
Ethiopia,ETH,1996,Sub-Saharan Africa,57192.652,,594.47498125828,,68.55958337731356,8.0,38.0
Ethiopia,ETH,1997,Sub-Saharan Africa,58805.416,,605.3170700194921,,68.55958337731356,8.0,38.0
Ethiopia,ETH,1998,Sub-Saharan Africa,60483.904,,580.1536929269873,,68.55958337731356,8.0,38.0
Ethiopia,ETH,1999,Sub-Saharan Africa,62279.402,,597.2537574063601,,68.55958337731356,8.0,38.0
Ethiopia,ETH,2000,Sub-Saharan Africa,64164.965,7.07,611.0699279348053,0.283,68.55958337731356,8.0,38.0
Ethiopia,ETH,2001,Sub-Saharan Africa,66122.58,7.0,638.5171923014509,0.298,68.55958337731356,8.0,38.0
Ethiopia,ETH,2002,Sub-Saharan Africa,68187.271,6.94,628.7976906400927,0.306,68.55958337731356,8.0,38.0
Ethiopia,ETH,2003,Sub-Saharan Africa,70366.067,5.55,587.3357808743707,0.31,68.55958337731356,8.0,38.0
Ethiopia,ETH,2004,Sub-Saharan Africa,72637.206,5.33,643.0497630245883,0.325,68.55958337731356,8.0,38.0
Ethiopia,ETH,2005,Sub-Saharan Africa,74980.293,5.33,697.6777159683799,0.346,68.55958337731356,8.0,38.0
Ethiopia,ETH,2006,Sub-Saharan Africa,77411.403,5.22,749.0039452963158,0.362,68.55958337731356,8.0,38.0
Ethiopia,ETH,2007,Sub-Saharan Africa,79935.8,5.1,805.4074381960936,0.378,68.55958337731356,8.0,38.0
Ethiopia,ETH,2008,Sub-Saharan Africa,82544.838,6.17,867.0041899504791,0.394,68.55958337731356,8.0,38.0
Ethiopia,ETH,2009,Sub-Saharan Africa,85237.0,6.12,,0.401,68.55958337731356,8.0,38.0
Ethiopia,ETH,2010,Sub-Saharan Africa,,6.07,,0.412,68.55958337731356,8.0,38.0
Ethiopia,ETH,2011,Sub-Saharan Africa,,6.02,,0.423,68.55958337731356,8.0,38.0
Ethiopia,ETH,2012,Sub-Saharan Africa,,5.39,,0.43,68.55958337731356,8.0,38.0
Ethiopia,ETH,2013,Sub-Saharan Africa,,5.31,,0.438,68.55958337731356,8.0,38.0
Ethiopia,ETH,2014,Sub-Saharan Africa,,5.23,,0.445,68.55958337731356,8.0,38.0
Ethiopia,ETH,2015,Sub-Saharan Africa,,5.23,,0.451,68.55958337731356,8.0,38.0
Ethiopia,ETH,2016,Sub-Saharan Africa,,5.07,,0.457,68.55958337731356,8.0,38.0
Ethiopia,ETH,2017,Sub-Saharan Africa,,4.99,,0.463,68.55958337731356,8.0,38.0
Fiji,FJI,1960,East Asia & Pacific,393.348,,,,83.96000000000001,-18.0,175.0
Fiji,FJI,1970,East Asia & Pacific,521.0,,,,83.96000000000001,-18.0,175.0
Fiji,FJI,1980,East Asia & Pacific,634.506,,,,83.96000000000001,-18.0,175.0
Fiji,FJI,1990,East Asia & Pacific,738.416,,,0.643,83.96000000000001,-18.0,175.0
Fiji,FJI,1991,East Asia & Pacific,744.21,,,0.651,83.96000000000001,-18.0,175.0
Fiji,FJI,1992,East Asia & Pacific,750.579,,,0.655,83.96000000000001,-18.0,175.0
Fiji,FJI,1993,East Asia & Pacific,758.049,,,0.659,83.96000000000001,-18.0,175.0
Fiji,FJI,1994,East Asia & Pacific,766.603,,,0.666,83.96000000000001,-18.0,175.0
Fiji,FJI,1995,East Asia & Pacific,776.225,,,0.673,83.96000000000001,-18.0,175.0
Fiji,FJI,1996,East Asia & Pacific,786.915,,,0.676,83.96000000000001,-18.0,175.0
Fiji,FJI,1997,East Asia & Pacific,798.195,,,0.675,83.96000000000001,-18.0,175.0
Fiji,FJI,1998,East Asia & Pacific,809.591,,,0.676,83.96000000000001,-18.0,175.0
Fiji,FJI,1999,East Asia & Pacific,821.116,,,0.681,83.96000000000001,-18.0,175.0
Fiji,FJI,2000,East Asia & Pacific,832.777,2.89,,0.683,83.96000000000001,-18.0,175.0
Fiji,FJI,2001,East Asia & Pacific,844.603,2.86,,0.687,83.96000000000001,-18.0,175.0
Fiji,FJI,2002,East Asia & Pacific,856.612,2.83,,0.689,83.96000000000001,-18.0,175.0
Fiji,FJI,2003,East Asia & Pacific,868.79,2.81,,0.691,83.96000000000001,-18.0,175.0
Fiji,FJI,2004,East Asia & Pacific,881.123,2.75,,0.699,83.96000000000001,-18.0,175.0
Fiji,FJI,2005,East Asia & Pacific,893.586,2.75,,0.695,83.96000000000001,-18.0,175.0
Fiji,FJI,2006,East Asia & Pacific,906.163,2.73,,0.698,83.96000000000001,-18.0,175.0
Fiji,FJI,2007,East Asia & Pacific,918.878,2.7,,0.702,83.96000000000001,-18.0,175.0
Fiji,FJI,2008,East Asia & Pacific,931.741,2.68,,0.703,83.96000000000001,-18.0,175.0
Fiji,FJI,2009,East Asia & Pacific,945.0,2.65,,0.707,83.96000000000001,-18.0,175.0
Fiji,FJI,2010,East Asia & Pacific,,2.65,,0.711,83.96000000000001,-18.0,175.0
Fiji,FJI,2011,East Asia & Pacific,,2.61,,0.717,83.96000000000001,-18.0,175.0
Fiji,FJI,2012,East Asia & Pacific,,2.58,,0.719,83.96000000000001,-18.0,175.0
Fiji,FJI,2013,East Asia & Pacific,,2.54,,0.727,83.96000000000001,-18.0,175.0
Fiji,FJI,2014,East Asia & Pacific,,2.51,,0.73,83.96000000000001,-18.0,175.0
Fiji,FJI,2015,East Asia & Pacific,,2.51,,0.738,83.96000000000001,-18.0,175.0
Fiji,FJI,2016,East Asia & Pacific,,2.44,,0.738,83.96000000000001,-18.0,175.0
Fiji,FJI,2017,East Asia & Pacific,,2.41,,0.741,83.96000000000001,-18.0,175.0
Finland,FIN,1960,Europe & Central Asia,4429.6,,6230.359400397327,,100.65508293782332,64.0,26.0
Finland,FIN,1970,Europe & Central Asia,4606.307,,9576.869279446637,,100.65508293782332,64.0,26.0
Finland,FIN,1980,Europe & Central Asia,4779.535,,12948.95842377972,,100.65508293782332,64.0,26.0
Finland,FIN,1990,Europe & Central Asia,4986.431,,16866.371960225664,0.784,100.65508293782332,64.0,26.0
Finland,FIN,1991,Europe & Central Asia,5013.786,,15702.913452073202,0.787,100.65508293782332,64.0,26.0
Finland,FIN,1992,Europe & Central Asia,5041.039,,15022.908081008856,0.795,100.65508293782332,64.0,26.0
Finland,FIN,1993,Europe & Central Asia,5064.846,,14766.532904230105,0.799,100.65508293782332,64.0,26.0
Finland,FIN,1994,Europe & Central Asia,5086.044,,15283.664122807653,0.809,100.65508293782332,64.0,26.0
Finland,FIN,1995,Europe & Central Asia,5104.654,,15752.678133567295,0.816,100.65508293782332,64.0,26.0
Finland,FIN,1996,Europe & Central Asia,5120.31,,16300.089751979567,0.823,100.65508293782332,64.0,26.0
Finland,FIN,1997,Europe & Central Asia,5134.406,,17261.581599203648,0.832,100.65508293782332,64.0,26.0
Finland,FIN,1998,Europe & Central Asia,5146.983,,18193.18229727978,0.84,100.65508293782332,64.0,26.0
Finland,FIN,1999,Europe & Central Asia,5158.097,,18855.985065810124,0.848,100.65508293782332,64.0,26.0
Finland,FIN,2000,Europe & Central Asia,5168.595,1.7,19770.363125762415,0.858,100.65508293782332,64.0,26.0
Finland,FIN,2001,Europe & Central Asia,5180.309,1.7,20245.896528566154,0.864,100.65508293782332,64.0,26.0
Finland,FIN,2002,Europe & Central Asia,5193.039,1.7,20521.702224843684,0.867,100.65508293782332,64.0,26.0
Finland,FIN,2003,Europe & Central Asia,5204.405,1.7,20845.802738257305,0.87,100.65508293782332,64.0,26.0
Finland,FIN,2004,Europe & Central Asia,5214.512,1.73,21574.4061956325,0.891,100.65508293782332,64.0,26.0
Finland,FIN,2005,Europe & Central Asia,5223.442,1.73,22140.573208240847,0.895,100.65508293782332,64.0,26.0
Finland,FIN,2006,Europe & Central Asia,5231.372,1.73,23190.283543208167,0.899,100.65508293782332,64.0,26.0
Finland,FIN,2007,Europe & Central Asia,5238.46,1.73,24131.519568728214,0.901,100.65508293782332,64.0,26.0
Finland,FIN,2008,Europe & Central Asia,5244.749,1.73,24343.58631843011,0.904,100.65508293782332,64.0,26.0
Finland,FIN,2009,Europe & Central Asia,5250.0,1.73,,0.899,100.65508293782332,64.0,26.0
Finland,FIN,2010,Europe & Central Asia,,1.73,,0.903,100.65508293782332,64.0,26.0
Finland,FIN,2011,Europe & Central Asia,,1.73,,0.907,100.65508293782332,64.0,26.0
Finland,FIN,2012,Europe & Central Asia,,1.73,,0.908,100.65508293782332,64.0,26.0
Finland,FIN,2013,Europe & Central Asia,,1.73,,0.912,100.65508293782332,64.0,26.0
Finland,FIN,2014,Europe & Central Asia,,1.73,,0.914,100.65508293782332,64.0,26.0
Finland,FIN,2015,Europe & Central Asia,,1.73,,0.915,100.65508293782332,64.0,26.0
Finland,FIN,2016,Europe & Central Asia,,1.75,,0.918,100.65508293782332,64.0,26.0
Finland,FIN,2017,Europe & Central Asia,,1.75,,0.92,100.65508293782332,64.0,26.0
Gabon,GAB,1960,Sub-Saharan Africa,446.003,,4184.206986200538,,62.9662764,-1.0,11.45
Gabon,GAB,1970,Sub-Saharan Africa,514.579,,5869.355306943486,,62.9662764,-1.0,11.45
Gabon,GAB,1980,Sub-Saharan Africa,713.827,,6776.580524263113,,62.9662764,-1.0,11.45
Gabon,GAB,1990,Sub-Saharan Africa,938.084,,4797.011781460936,0.62,62.9662764,-1.0,11.45
Gabon,GAB,1991,Sub-Saharan Africa,960.425,,4971.23669208944,0.625,62.9662764,-1.0,11.45
Gabon,GAB,1992,Sub-Saharan Africa,986.367,,4680.75422231279,0.624,62.9662764,-1.0,11.45
Gabon,GAB,1993,Sub-Saharan Africa,1013.159,,4666.34367952118,0.626,62.9662764,-1.0,11.45
Gabon,GAB,1994,Sub-Saharan Africa,1040.811,,4710.749598149904,0.63,62.9662764,-1.0,11.45
Gabon,GAB,1995,Sub-Saharan Africa,1069.065,,4815.422822746979,0.632,62.9662764,-1.0,11.45
Gabon,GAB,1996,Sub-Saharan Africa,1097.708,,4858.304758642553,0.634,62.9662764,-1.0,11.45
Gabon,GAB,1997,Sub-Saharan Africa,1126.94,,5002.040924982697,0.637,62.9662764,-1.0,11.45
Gabon,GAB,1998,Sub-Saharan Africa,1157.171,,5042.4699547430755,0.64,62.9662764,-1.0,11.45
Gabon,GAB,1999,Sub-Saharan Africa,1195.647,,4052.199353153565,0.636,62.9662764,-1.0,11.45
Gabon,GAB,2000,Sub-Saharan Africa,1236.429,3.73,3844.135004921431,0.633,62.9662764,-1.0,11.45
Gabon,GAB,2001,Sub-Saharan Africa,1269.154,3.69,3819.8674077377527,0.636,62.9662764,-1.0,11.45
Gabon,GAB,2002,Sub-Saharan Africa,1300.423,3.65,3728.017729615671,0.639,62.9662764,-1.0,11.45
Gabon,GAB,2003,Sub-Saharan Africa,1332.623,4.83,3732.488483239446,0.641,62.9662764,-1.0,11.45
Gabon,GAB,2004,Sub-Saharan Africa,1364.412,4.77,3685.836829344802,0.641,62.9662764,-1.0,11.45
Gabon,GAB,2005,Sub-Saharan Africa,1395.69,4.77,3711.4258897033005,0.647,62.9662764,-1.0,11.45
Gabon,GAB,2006,Sub-Saharan Africa,1426.392,4.74,3675.006590053786,0.647,62.9662764,-1.0,11.45
Gabon,GAB,2007,Sub-Saharan Africa,1456.451,4.71,3801.020425678584,0.652,62.9662764,-1.0,11.45
Gabon,GAB,2008,Sub-Saharan Africa,1485.832,4.68,3811.3326405677085,0.653,62.9662764,-1.0,11.45
Gabon,GAB,2009,Sub-Saharan Africa,1515.0,4.65,,0.661,62.9662764,-1.0,11.45
Gabon,GAB,2010,Sub-Saharan Africa,,4.62,,0.665,62.9662764,-1.0,11.45
Gabon,GAB,2011,Sub-Saharan Africa,,4.59,,0.67,62.9662764,-1.0,11.45
Gabon,GAB,2012,Sub-Saharan Africa,,4.56,,0.678,62.9662764,-1.0,11.45
Gabon,GAB,2013,Sub-Saharan Africa,,4.52,,0.687,62.9662764,-1.0,11.45
Gabon,GAB,2014,Sub-Saharan Africa,,4.49,,0.693,62.9662764,-1.0,11.45
Gabon,GAB,2015,Sub-Saharan Africa,,4.49,,0.694,62.9662764,-1.0,11.45
Gabon,GAB,2016,Sub-Saharan Africa,,4.43,,0.698,62.9662764,-1.0,11.45
Gabon,GAB,2017,Sub-Saharan Africa,,4.39,,0.702,62.9662764,-1.0,11.45
"Gambia, The",GMB,1960,Sub-Saharan Africa,351.953,,721.6518530202578,,60.00000000000001,13.28,-16.34
"Gambia, The",GMB,1970,Sub-Saharan Africa,484.58,,878.8945826119635,,60.00000000000001,13.28,-16.34
"Gambia, The",GMB,1980,Sub-Saharan Africa,670.523,,1038.784778259025,,60.00000000000001,13.28,-16.34
"Gambia, The",GMB,1990,Sub-Saharan Africa,949.255,,877.5302737409863,0.333,60.00000000000001,13.28,-16.34
"Gambia, The",GMB,1991,Sub-Saharan Africa,986.512,,862.9656811067682,0.337,60.00000000000001,13.28,-16.34
"Gambia, The",GMB,1992,Sub-Saharan Africa,1025.384,,866.7819509569098,0.342,60.00000000000001,13.28,-16.34
"Gambia, The",GMB,1993,Sub-Saharan Africa,1065.906,,884.6935742776568,0.346,60.00000000000001,13.28,-16.34
"Gambia, The",GMB,1994,Sub-Saharan Africa,1107.563,,883.772928641885,0.349,60.00000000000001,13.28,-16.34
"Gambia, The",GMB,1995,Sub-Saharan Africa,1149.787,,821.8913590082336,0.353,60.00000000000001,13.28,-16.34
"Gambia, The",GMB,1996,Sub-Saharan Africa,1192.548,,841.0562929123189,0.36,60.00000000000001,13.28,-16.34
"Gambia, The",GMB,1997,Sub-Saharan Africa,1235.767,,851.2931644881276,0.364,60.00000000000001,13.28,-16.34
"Gambia, The",GMB,1998,Sub-Saharan Africa,1279.41,,851.1735878256384,0.371,60.00000000000001,13.28,-16.34
"Gambia, The",GMB,1999,Sub-Saharan Africa,1323.467,,875.7301844322525,0.378,60.00000000000001,13.28,-16.34
"Gambia, The",GMB,2000,Sub-Saharan Africa,1367.884,5.76,894.8127180374944,0.385,60.00000000000001,13.28,-16.34
"Gambia, The",GMB,2001,Sub-Saharan Africa,1412.663,5.68,916.7083727683106,0.393,60.00000000000001,13.28,-16.34
"Gambia, The",GMB,2002,Sub-Saharan Africa,1457.766,5.61,860.2203645852626,0.397,60.00000000000001,13.28,-16.34
"Gambia, The",GMB,2003,Sub-Saharan Africa,1503.179,5.53,890.113552677359,0.403,60.00000000000001,13.28,-16.34
"Gambia, The",GMB,2004,Sub-Saharan Africa,1548.956,5.38,925.7848512159158,0.412,60.00000000000001,13.28,-16.34
"Gambia, The",GMB,2005,Sub-Saharan Africa,1595.086,5.38,944.7766452717909,0.416,60.00000000000001,13.28,-16.34
"Gambia, The",GMB,2006,Sub-Saharan Africa,1641.564,5.3,977.7261197248476,0.421,60.00000000000001,13.28,-16.34
"Gambia, The",GMB,2007,Sub-Saharan Africa,1688.359,5.21,1010.4486071978769,0.427,60.00000000000001,13.28,-16.34
"Gambia, The",GMB,2008,Sub-Saharan Africa,1735.464,5.13,1042.9487445432462,0.435,60.00000000000001,13.28,-16.34
"Gambia, The",GMB,2009,Sub-Saharan Africa,1778.0,5.04,,0.438,60.00000000000001,13.28,-16.34
"Gambia, The",GMB,2010,Sub-Saharan Africa,,4.96,,0.441,60.00000000000001,13.28,-16.34
"Gambia, The",GMB,2011,Sub-Saharan Africa,,4.23,,0.44,60.00000000000001,13.28,-16.34
"Gambia, The",GMB,2012,Sub-Saharan Africa,,4.1,,0.445,60.00000000000001,13.28,-16.34
"Gambia, The",GMB,2013,Sub-Saharan Africa,,3.98,,0.453,60.00000000000001,13.28,-16.34
"Gambia, The",GMB,2014,Sub-Saharan Africa,,3.85,,0.454,60.00000000000001,13.28,-16.34
"Gambia, The",GMB,2015,Sub-Saharan Africa,,3.85,,0.457,60.00000000000001,13.28,-16.34
"Gambia, The",GMB,2016,Sub-Saharan Africa,,3.63,,0.457,60.00000000000001,13.28,-16.34
"Gambia, The",GMB,2017,Sub-Saharan Africa,,3.52,,0.46,60.00000000000001,13.28,-16.34
Gaza Strip,PSE,1960,Middle East & North Africa,1101.0,,1393.2788374205268,,76.27298436233795,31.25,34.2
Gaza Strip,PSE,1970,Middle East & North Africa,1096.0,,1864.963503649635,,76.27298436233795,31.25,34.2
Gaza Strip,PSE,1980,Middle East & North Africa,1476.0,,2528.4552845528456,,76.27298436233795,31.25,34.2
Gaza Strip,PSE,1990,Middle East & North Africa,2154.0,,3352.831940575673,,76.27298436233795,31.25,34.2
Gaza Strip,PSE,1991,Middle East & North Africa,2235.0,,3513.6465324384785,,76.27298436233795,31.25,34.2
Gaza Strip,PSE,1992,Middle East & North Africa,2319.0,,3689.0901250539027,,76.27298436233795,31.25,34.2
Gaza Strip,PSE,1993,Middle East & North Africa,2406.0,,3868.6616791354945,,76.27298436233795,31.25,34.2
Gaza Strip,PSE,1994,Middle East & North Africa,2496.0,,4082.1314102564106,,76.27298436233795,31.25,34.2
Gaza Strip,PSE,1995,Middle East & North Africa,2617.0,,4292.701566679404,,76.27298436233795,31.25,34.2
Gaza Strip,PSE,1996,Middle East & North Africa,2714.0,,4561.901252763449,,76.27298436233795,31.25,34.2
Gaza Strip,PSE,1997,Middle East & North Africa,2814.0,,4823.3830845771145,,76.27298436233795,31.25,34.2
Gaza Strip,PSE,1998,Middle East & North Africa,2914.0,,5081.331503088539,,76.27298436233795,31.25,34.2
Gaza Strip,PSE,1999,Middle East & North Africa,3026.0,,5338.070059484468,,76.27298436233795,31.25,34.2
Gaza Strip,PSE,2000,Middle East & North Africa,3149.0,6.55,5129.564941251191,,76.27298436233795,31.25,34.2
Gaza Strip,PSE,2001,Middle East & North Africa,3261.0,6.42,3962.588163140141,,76.27298436233795,31.25,34.2
Gaza Strip,PSE,2002,Middle East & North Africa,3377.0,6.29,3061.297009179745,,76.27298436233795,31.25,34.2
Gaza Strip,PSE,2003,Middle East & North Africa,3497.0,6.17,2573.634543894767,,76.27298436233795,31.25,34.2
Gaza Strip,PSE,2004,Middle East & North Africa,3622.0,5.91,2484.815019326339,0.65,76.27298436233795,31.25,34.2
Gaza Strip,PSE,2005,Middle East & North Africa,3762.0,5.91,2392.3444976076557,0.657,76.27298436233795,31.25,34.2
Gaza Strip,PSE,2006,Middle East & North Africa,3882.0,5.78,2318.3925811437402,0.658,76.27298436233795,31.25,34.2
Gaza Strip,PSE,2007,Middle East & North Africa,4005.0,5.64,2247.191011235955,0.663,76.27298436233795,31.25,34.2
Gaza Strip,PSE,2008,Middle East & North Africa,4132.0,5.19,2178.1219748305903,0.66,76.27298436233795,31.25,34.2
Gaza Strip,PSE,2009,Middle East & North Africa,4013.0,5.03,,0.67,76.27298436233795,31.25,34.2
Gaza Strip,PSE,2010,Middle East & North Africa,,4.9,,0.672,76.27298436233795,31.25,34.2
Gaza Strip,PSE,2011,Middle East & North Africa,,4.74,,0.677,76.27298436233795,31.25,34.2
Gaza Strip,PSE,2012,Middle East & North Africa,,4.57,,0.687,76.27298436233795,31.25,34.2
Gaza Strip,PSE,2013,Middle East & North Africa,,4.41,,0.679,76.27298436233795,31.25,34.2
Gaza Strip,PSE,2014,Middle East & North Africa,,4.24,,0.679,76.27298436233795,31.25,34.2
Gaza Strip,PSE,2015,Middle East & North Africa,,4.24,,0.687,76.27298436233795,31.25,34.2
Gaza Strip,PSE,2016,Middle East & North Africa,,4.3,,0.689,76.27298436233795,31.25,34.2
Gaza Strip,PSE,2017,Middle East & North Africa,,4.13,,0.686,76.27298436233795,31.25,34.2
Georgia,GEO,1960,Europe & Central Asia,4146.57,,,,84.43035475321595,42.0,43.3
Georgia,GEO,1970,Europe & Central Asia,4694.491,,,,84.43035475321595,42.0,43.3
Georgia,GEO,1980,Europe & Central Asia,5045.697,,,,84.43035475321595,42.0,43.3
Georgia,GEO,1990,Europe & Central Asia,5426.207,,7615.817089174813,,84.43035475321595,42.0,43.3
Georgia,GEO,1991,Europe & Central Asia,5420.156,,6015.587927727542,,84.43035475321595,42.0,43.3
Georgia,GEO,1992,Europe & Central Asia,5355.289,,3354.737564116522,,84.43035475321595,42.0,43.3
Georgia,GEO,1993,Europe & Central Asia,5247.618,,2420.464208089271,,84.43035475321595,42.0,43.3
Georgia,GEO,1994,Europe & Central Asia,5120.809,,2222.4413575795547,,84.43035475321595,42.0,43.3
Georgia,GEO,1995,Europe & Central Asia,5012.952,,2329.2853883735793,,84.43035475321595,42.0,43.3
Georgia,GEO,1996,Europe & Central Asia,4934.572,,2631.3071490282314,,84.43035475321595,42.0,43.3
Georgia,GEO,1997,Europe & Central Asia,4883.476,,2938.0166733693313,,84.43035475321595,42.0,43.3
Georgia,GEO,1998,Europe & Central Asia,4848.495,,3050.9495551239997,,84.43035475321595,42.0,43.3
Georgia,GEO,1999,Europe & Central Asia,4815.667,,3160.828304678416,,84.43035475321595,42.0,43.3
Georgia,GEO,2000,Europe & Central Asia,4777.209,1.41,3243.6268745154116,0.673,84.43035475321595,42.0,43.3
Georgia,GEO,2001,Europe & Central Asia,4746.164,1.45,3421.5561673512725,0.678,84.43035475321595,42.0,43.3
Georgia,GEO,2002,Europe & Central Asia,4728.357,1.48,3623.336049765471,0.684,84.43035475321595,42.0,43.3
Georgia,GEO,2003,Europe & Central Asia,4710.921,1.51,4040.4255774622147,0.693,84.43035475321595,42.0,43.3
Georgia,GEO,2004,Europe & Central Asia,4693.892,1.41,4294.304172315852,0.701,84.43035475321595,42.0,43.3
Georgia,GEO,2005,Europe & Central Asia,4677.401,1.41,4723.135775615561,0.712,84.43035475321595,42.0,43.3
Georgia,GEO,2006,Europe & Central Asia,4661.473,1.42,5184.841787134667,0.718,84.43035475321595,42.0,43.3
Georgia,GEO,2007,Europe & Central Asia,4646.003,1.42,5842.441341514415,0.73,84.43035475321595,42.0,43.3
Georgia,GEO,2008,Europe & Central Asia,4630.841,1.43,5984.010247814598,0.728,84.43035475321595,42.0,43.3
Georgia,GEO,2009,Europe & Central Asia,4616.0,1.44,,0.731,84.43035475321595,42.0,43.3
Georgia,GEO,2010,Europe & Central Asia,,1.44,,0.735,84.43035475321595,42.0,43.3
Georgia,GEO,2011,Europe & Central Asia,,1.45,,0.741,84.43035475321595,42.0,43.3
Georgia,GEO,2012,Europe & Central Asia,,1.46,,0.75,84.43035475321595,42.0,43.3
Georgia,GEO,2013,Europe & Central Asia,,1.46,,0.757,84.43035475321595,42.0,43.3
Georgia,GEO,2014,Europe & Central Asia,,1.77,,0.765,84.43035475321595,42.0,43.3
Georgia,GEO,2015,Europe & Central Asia,,1.77,,0.771,84.43035475321595,42.0,43.3
Georgia,GEO,2016,Europe & Central Asia,,1.76,,0.776,84.43035475321595,42.0,43.3
Georgia,GEO,2017,Europe & Central Asia,,1.76,,0.78,84.43035475321595,42.0,43.3
Germany,DEU,1960,Europe & Central Asia,72480.869,,7705.233225059704,,100.61109371385746,51.0,9.0
Germany,DEU,1970,Europe & Central Asia,77783.164,,10839.145088003876,,100.61109371385746,51.0,9.0
Germany,DEU,1980,Europe & Central Asia,78297.904,,14114.030434326825,,100.61109371385746,51.0,9.0
Germany,DEU,1990,Europe & Central Asia,79380.394,,15928.845099962591,0.801,100.61109371385746,51.0,9.0
Germany,DEU,1991,Europe & Central Asia,79984.244,,16649.52350172438,0.809,100.61109371385746,51.0,9.0
Germany,DEU,1992,Europe & Central Asia,80597.764,,16890.560511864,0.814,100.61109371385746,51.0,9.0
Germany,DEU,1993,Europe & Central Asia,81132.272,,16644.680242702154,0.824,100.61109371385746,51.0,9.0
Germany,DEU,1994,Europe & Central Asia,81414.164,,17027.786172939646,0.829,100.61109371385746,51.0,9.0
Germany,DEU,1995,Europe & Central Asia,81653.702,,17298.81910831468,0.834,100.61109371385746,51.0,9.0
Germany,DEU,1996,Europe & Central Asia,81890.667,,17420.220809056824,0.839,100.61109371385746,51.0,9.0
Germany,DEU,1997,Europe & Central Asia,82011.073,,17708.525215602687,0.844,100.61109371385746,51.0,9.0
Germany,DEU,1998,Europe & Central Asia,82023.672,,18028.880735795392,0.85,100.61109371385746,51.0,9.0
Germany,DEU,1999,Europe & Central Asia,82074.778,,18380.04362314571,0.855,100.61109371385746,51.0,9.0
Germany,DEU,2000,Europe & Central Asia,82187.909,1.38,18943.516375383148,0.868,100.61109371385746,51.0,9.0
Germany,DEU,2001,Europe & Central Asia,82280.551,1.38,19156.68989625507,0.877,100.61109371385746,51.0,9.0
Germany,DEU,2002,Europe & Central Asia,82350.671,1.39,19140.37834615822,0.883,100.61109371385746,51.0,9.0
Germany,DEU,2003,Europe & Central Asia,82398.326,1.37,19087.572240241872,0.889,100.61109371385746,51.0,9.0
Germany,DEU,2004,Europe & Central Asia,82424.609,1.39,19283.670487293424,0.897,100.61109371385746,51.0,9.0
Germany,DEU,2005,Europe & Central Asia,82431.39,1.39,19417.057021603057,0.903,100.61109371385746,51.0,9.0
Germany,DEU,2006,Europe & Central Asia,82422.299,1.39,20040.620318052523,0.911,100.61109371385746,51.0,9.0
Germany,DEU,2007,Europe & Central Asia,82400.996,1.4,20546.93610742278,0.915,100.61109371385746,51.0,9.0
Germany,DEU,2008,Europe & Central Asia,82369.548,1.41,20801.437443847575,0.917,100.61109371385746,51.0,9.0
Germany,DEU,2009,Europe & Central Asia,82330.0,1.41,,0.917,100.61109371385746,51.0,9.0
Germany,DEU,2010,Europe & Central Asia,,1.42,,0.921,100.61109371385746,51.0,9.0
Germany,DEU,2011,Europe & Central Asia,,1.41,,0.926,100.61109371385746,51.0,9.0
Germany,DEU,2012,Europe & Central Asia,,1.41,,0.928,100.61109371385746,51.0,9.0
Germany,DEU,2013,Europe & Central Asia,,1.42,,0.928,100.61109371385746,51.0,9.0
Germany,DEU,2014,Europe & Central Asia,,1.43,,0.93,100.61109371385746,51.0,9.0
Germany,DEU,2015,Europe & Central Asia,,1.43,,0.933,100.61109371385746,51.0,9.0
Germany,DEU,2016,Europe & Central Asia,,1.44,,0.934,100.61109371385746,51.0,9.0
Germany,DEU,2017,Europe & Central Asia,,1.45,,0.936,100.61109371385746,51.0,9.0
Ghana,GHA,1960,Sub-Saharan Africa,6958.283,,1378.420029857518,,60.83531464195181,8.0,-2.0
Ghana,GHA,1970,Sub-Saharan Africa,8788.945,,1423.972994105523,,60.83531464195181,8.0,-2.0
Ghana,GHA,1980,Sub-Saharan Africa,11016.641,,1157.066266029882,,60.83531464195181,8.0,-2.0
Ghana,GHA,1990,Sub-Saharan Africa,15413.8,,1062.1650728567906,0.455,60.83531464195181,8.0,-2.0
Ghana,GHA,1991,Sub-Saharan Africa,15855.992,,1087.2682075016182,0.46,60.83531464195181,8.0,-2.0
Ghana,GHA,1992,Sub-Saharan Africa,16302.142,,1098.7553000090418,0.464,60.83531464195181,8.0,-2.0
Ghana,GHA,1993,Sub-Saharan Africa,16814.104,,1118.564995803523,0.468,60.83531464195181,8.0,-2.0
Ghana,GHA,1994,Sub-Saharan Africa,17310.453,,1122.385416487945,0.47,60.83531464195181,8.0,-2.0
Ghana,GHA,1995,Sub-Saharan Africa,17712.493,,1140.7767387685067,0.473,60.83531464195181,8.0,-2.0
Ghana,GHA,1996,Sub-Saharan Africa,18092.295,,1168.176839919977,0.474,60.83531464195181,8.0,-2.0
Ghana,GHA,1997,Sub-Saharan Africa,18476.748,,1191.9305280344788,0.476,60.83531464195181,8.0,-2.0
Ghana,GHA,1998,Sub-Saharan Africa,18884.919,,1220.9742599372546,0.477,60.83531464195181,8.0,-2.0
Ghana,GHA,1999,Sub-Saharan Africa,19304.881,,1246.9903336881484,0.48,60.83531464195181,8.0,-2.0
Ghana,GHA,2000,Sub-Saharan Africa,19736.036,3.95,1264.843659587974,0.484,60.83531464195181,8.0,-2.0
Ghana,GHA,2001,Sub-Saharan Africa,20176.859,3.82,1289.1501100344706,0.483,60.83531464195181,8.0,-2.0
Ghana,GHA,2002,Sub-Saharan Africa,20639.112,3.69,1317.014026572461,0.489,60.83531464195181,8.0,-2.0
Ghana,GHA,2003,Sub-Saharan Africa,21111.483,3.32,1354.4761398334736,0.49,60.83531464195181,8.0,-2.0
Ghana,GHA,2004,Sub-Saharan Africa,21572.019,3.02,1399.8226128022602,0.498,60.83531464195181,8.0,-2.0
Ghana,GHA,2005,Sub-Saharan Africa,22025.68,4.1,1451.8961503118178,0.509,60.83531464195181,8.0,-2.0
Ghana,GHA,2006,Sub-Saharan Africa,22478.658,3.99,1513.6579772689279,0.519,60.83531464195181,8.0,-2.0
Ghana,GHA,2007,Sub-Saharan Africa,22931.299,3.89,1568.3804044419815,0.53,60.83531464195181,8.0,-2.0
Ghana,GHA,2008,Sub-Saharan Africa,23382.848,3.78,1650.35499525122,0.542,60.83531464195181,8.0,-2.0
Ghana,GHA,2009,Sub-Saharan Africa,23888.0,3.68,,0.547,60.83531464195181,8.0,-2.0
Ghana,GHA,2010,Sub-Saharan Africa,,3.57,,0.554,60.83531464195181,8.0,-2.0
Ghana,GHA,2011,Sub-Saharan Africa,,3.48,,0.563,60.83531464195181,8.0,-2.0
Ghana,GHA,2012,Sub-Saharan Africa,,4.15,,0.57,60.83531464195181,8.0,-2.0
Ghana,GHA,2013,Sub-Saharan Africa,,4.12,,0.577,60.83531464195181,8.0,-2.0
Ghana,GHA,2014,Sub-Saharan Africa,,4.09,,0.576,60.83531464195181,8.0,-2.0
Ghana,GHA,2015,Sub-Saharan Africa,,4.09,,0.585,60.83531464195181,8.0,-2.0
Ghana,GHA,2016,Sub-Saharan Africa,,4.03,,0.588,60.83531464195181,8.0,-2.0
Ghana,GHA,2017,Sub-Saharan Africa,,4.0,,0.592,60.83531464195181,8.0,-2.0
Greece,GRC,1960,Europe & Central Asia,8327.405,,3145.6378067357114,,91.51443277435274,39.0,22.0
Greece,GRC,1970,Europe & Central Asia,8792.806,,6210.645384419945,,91.51443277435274,39.0,22.0
Greece,GRC,1980,Europe & Central Asia,9642.505,,8971.21650442494,,91.51443277435274,39.0,22.0
Greece,GRC,1990,Europe & Central Asia,10129.603,,10015.397444500048,0.753,91.51443277435274,39.0,22.0
Greece,GRC,1991,Europe & Central Asia,10250.88,,10203.714364898358,0.763,91.51443277435274,39.0,22.0
Greece,GRC,1992,Europe & Central Asia,10325.429,,10200.953988542125,0.764,91.51443277435274,39.0,22.0
Greece,GRC,1993,Europe & Central Asia,10382.995,,9982.081328205395,0.762,91.51443277435274,39.0,22.0
Greece,GRC,1994,Europe & Central Asia,10429.826,,10136.013216903164,0.766,91.51443277435274,39.0,22.0
Greece,GRC,1995,Europe & Central Asia,10457.554,,10321.40020878146,0.768,91.51443277435274,39.0,22.0
Greece,GRC,1996,Europe & Central Asia,10479.42,,10542.7770641495,0.772,91.51443277435274,39.0,22.0
Greece,GRC,1997,Europe & Central Asia,10502.372,,10902.399799800403,0.777,91.51443277435274,39.0,22.0
Greece,GRC,1998,Europe & Central Asia,10520.068,,11247.931097023327,0.787,91.51443277435274,39.0,22.0
Greece,GRC,1999,Europe & Central Asia,10536.749,,11616.960791226971,0.789,91.51443277435274,39.0,22.0
Greece,GRC,2000,Europe & Central Asia,10559.11,1.33,12110.869192573995,0.796,91.51443277435274,39.0,22.0
Greece,GRC,2001,Europe & Central Asia,10581.515,1.33,12625.791297370935,0.806,91.51443277435274,39.0,22.0
Greece,GRC,2002,Europe & Central Asia,10603.863,1.34,13092.775717679493,0.818,91.51443277435274,39.0,22.0
Greece,GRC,2003,Europe & Central Asia,10625.945,1.35,13724.614610747562,0.825,91.51443277435274,39.0,22.0
Greece,GRC,2004,Europe & Central Asia,10647.529,1.33,14319.00302877785,0.835,91.51443277435274,39.0,22.0
Greece,GRC,2005,Europe & Central Asia,10668.354,1.33,14705.455030832312,0.845,91.51443277435274,39.0,22.0
Greece,GRC,2006,Europe & Central Asia,10688.058,1.34,15338.895054648841,0.851,91.51443277435274,39.0,22.0
Greece,GRC,2007,Europe & Central Asia,10706.29,1.35,15925.31119556821,0.849,91.51443277435274,39.0,22.0
Greece,GRC,2008,Europe & Central Asia,10722.816,1.36,16361.840024113068,0.857,91.51443277435274,39.0,22.0
Greece,GRC,2009,Europe & Central Asia,10737.0,1.37,,0.858,91.51443277435274,39.0,22.0
Greece,GRC,2010,Europe & Central Asia,,1.37,,0.856,91.51443277435274,39.0,22.0
Greece,GRC,2011,Europe & Central Asia,,1.38,,0.852,91.51443277435274,39.0,22.0
Greece,GRC,2012,Europe & Central Asia,,1.39,,0.854,91.51443277435274,39.0,22.0
Greece,GRC,2013,Europe & Central Asia,,1.4,,0.856,91.51443277435274,39.0,22.0
Greece,GRC,2014,Europe & Central Asia,,1.41,,0.864,91.51443277435274,39.0,22.0
Greece,GRC,2015,Europe & Central Asia,,1.41,,0.866,91.51443277435274,39.0,22.0
Greece,GRC,2016,Europe & Central Asia,,1.42,,0.868,91.51443277435274,39.0,22.0
Greece,GRC,2017,Europe & Central Asia,,1.43,,0.87,91.51443277435274,39.0,22.0
Greenland,GRL,1960,Other,32.498,,,,94.68,72.0,-40.0
Greenland,GRL,1970,Other,46.431,,,,94.68,72.0,-40.0
Greenland,GRL,1980,Other,50.208,,,,94.68,72.0,-40.0
Greenland,GRL,1990,Other,55.628,,,,94.68,72.0,-40.0
Greenland,GRL,1991,Other,55.539,,,,94.68,72.0,-40.0
Greenland,GRL,1992,Other,55.49,,,,94.68,72.0,-40.0
Greenland,GRL,1993,Other,55.637,,,,94.68,72.0,-40.0
Greenland,GRL,1994,Other,55.923,,,,94.68,72.0,-40.0
Greenland,GRL,1995,Other,56.185,,,,94.68,72.0,-40.0
Greenland,GRL,1996,Other,56.336,,,,94.68,72.0,-40.0
Greenland,GRL,1997,Other,56.508,,,,94.68,72.0,-40.0
Greenland,GRL,1998,Other,56.613,,,,94.68,72.0,-40.0
Greenland,GRL,1999,Other,56.696,,,,94.68,72.0,-40.0
Greenland,GRL,2000,Other,56.89,2.45,,,94.68,72.0,-40.0
Greenland,GRL,2001,Other,57.128,2.44,,,94.68,72.0,-40.0
Greenland,GRL,2002,Other,57.363,2.43,,,94.68,72.0,-40.0
Greenland,GRL,2003,Other,57.541,2.43,,,94.68,72.0,-40.0
Greenland,GRL,2004,Other,57.702,2.41,,,94.68,72.0,-40.0
Greenland,GRL,2005,Other,57.78,2.41,,,94.68,72.0,-40.0
Greenland,GRL,2006,Other,57.638,2.4,,,94.68,72.0,-40.0
Greenland,GRL,2007,Other,57.527,2.4,,,94.68,72.0,-40.0
Greenland,GRL,2008,Other,57.564,2.22,,,94.68,72.0,-40.0
Greenland,GRL,2009,Other,58.0,2.19,,,94.68,72.0,-40.0
Greenland,GRL,2010,Other,,2.16,,,94.68,72.0,-40.0
Greenland,GRL,2011,Other,,2.13,,,94.68,72.0,-40.0
Greenland,GRL,2012,Other,,2.11,,,94.68,72.0,-40.0
Greenland,GRL,2013,Other,,2.08,,,94.68,72.0,-40.0
Greenland,GRL,2014,Other,,2.06,,,94.68,72.0,-40.0
Greenland,GRL,2015,Other,,2.06,,,94.68,72.0,-40.0
Greenland,GRL,2016,Other,,2.01,,,94.68,72.0,-40.0
Greenland,GRL,2017,Other,,1.99,,,94.68,72.0,-40.0
Grenada,GRD,1960,Latin America & Caribbean,90.148,,,,79.38877806850768,12.07,-61.4
Grenada,GRD,1970,Latin America & Caribbean,95.41,,,,79.38877806850768,12.07,-61.4
Grenada,GRD,1980,Latin America & Caribbean,90.164,,,,79.38877806850768,12.07,-61.4
Grenada,GRD,1990,Latin America & Caribbean,92.358,,,,79.38877806850768,12.07,-61.4
Grenada,GRD,1991,Latin America & Caribbean,91.835,,,,79.38877806850768,12.07,-61.4
Grenada,GRD,1992,Latin America & Caribbean,91.485,,,,79.38877806850768,12.07,-61.4
Grenada,GRD,1993,Latin America & Caribbean,90.902,,,,79.38877806850768,12.07,-61.4
Grenada,GRD,1994,Latin America & Caribbean,90.589,,,,79.38877806850768,12.07,-61.4
Grenada,GRD,1995,Latin America & Caribbean,90.601,,,,79.38877806850768,12.07,-61.4
Grenada,GRD,1996,Latin America & Caribbean,90.369,,,,79.38877806850768,12.07,-61.4
Grenada,GRD,1997,Latin America & Caribbean,90.004,,,,79.38877806850768,12.07,-61.4
Grenada,GRD,1998,Latin America & Caribbean,89.699,,,,79.38877806850768,12.07,-61.4
Grenada,GRD,1999,Latin America & Caribbean,89.472,,,,79.38877806850768,12.07,-61.4
Grenada,GRD,2000,Latin America & Caribbean,89.318,2.42,,,79.38877806850768,12.07,-61.4
Grenada,GRD,2001,Latin America & Caribbean,89.237,2.54,,,79.38877806850768,12.07,-61.4
Grenada,GRD,2002,Latin America & Caribbean,89.225,2.5,,0.702,79.38877806850768,12.07,-61.4
Grenada,GRD,2003,Latin America & Caribbean,89.275,2.45,,0.711,79.38877806850768,12.07,-61.4
Grenada,GRD,2004,Latin America & Caribbean,89.378,2.37,,0.713,79.38877806850768,12.07,-61.4
Grenada,GRD,2005,Latin America & Caribbean,89.527,2.37,,0.727,79.38877806850768,12.07,-61.4
Grenada,GRD,2006,Latin America & Caribbean,89.732,2.34,,0.729,79.38877806850768,12.07,-61.4
Grenada,GRD,2007,Latin America & Caribbean,90.005,2.3,,0.735,79.38877806850768,12.07,-61.4
Grenada,GRD,2008,Latin America & Caribbean,90.343,2.27,,0.739,79.38877806850768,12.07,-61.4
Grenada,GRD,2009,Latin America & Caribbean,107.0,2.23,,0.738,79.38877806850768,12.07,-61.4
Grenada,GRD,2010,Latin America & Caribbean,,2.21,,0.743,79.38877806850768,12.07,-61.4
Grenada,GRD,2011,Latin America & Caribbean,,2.18,,0.747,79.38877806850768,12.07,-61.4
Grenada,GRD,2012,Latin America & Caribbean,,2.15,,0.749,79.38877806850768,12.07,-61.4
Grenada,GRD,2013,Latin America & Caribbean,,2.12,,0.754,79.38877806850768,12.07,-61.4
Grenada,GRD,2014,Latin America & Caribbean,,2.09,,0.761,79.38877806850768,12.07,-61.4
Grenada,GRD,2015,Latin America & Caribbean,,2.09,,0.767,79.38877806850768,12.07,-61.4
Grenada,GRD,2016,Latin America & Caribbean,,2.04,,0.77,79.38877806850768,12.07,-61.4
Grenada,GRD,2017,Latin America & Caribbean,,2.02,,0.772,79.38877806850768,12.07,-61.4
Guatemala,GTM,1960,Latin America & Caribbean,4100.0,,2193.1707317073174,,61.29494247598246,15.3,-90.15
Guatemala,GTM,1970,Latin America & Caribbean,5264.0,,2918.6930091185413,,61.29494247598246,15.3,-90.15
Guatemala,GTM,1980,Latin America & Caribbean,6650.0,,4004.812030075188,,61.29494247598246,15.3,-90.15
Guatemala,GTM,1990,Latin America & Caribbean,8966.0,,3240.017845192951,0.478,61.29494247598246,15.3,-90.15
Guatemala,GTM,1991,Latin America & Caribbean,9213.0,,3269.8361011614024,0.483,61.29494247598246,15.3,-90.15
Guatemala,GTM,1992,Latin America & Caribbean,9367.0,,3373.6521831963273,0.49,61.29494247598246,15.3,-90.15
Guatemala,GTM,1993,Latin America & Caribbean,9523.0,,3451.1183450593303,0.495,61.29494247598246,15.3,-90.15
Guatemala,GTM,1994,Latin America & Caribbean,9779.0,,3498.5172308006954,0.5,61.29494247598246,15.3,-90.15
Guatemala,GTM,1995,Latin America & Caribbean,10028.0,,3582.2696449940167,0.507,61.29494247598246,15.3,-90.15
Guatemala,GTM,1996,Latin America & Caribbean,10268.0,,3603.4281262173745,0.515,61.29494247598246,15.3,-90.15
Guatemala,GTM,1997,Latin America & Caribbean,10496.0,,3669.7789634146343,0.523,61.29494247598246,15.3,-90.15
Guatemala,GTM,1998,Latin America & Caribbean,10708.0,,3780.537915577139,0.531,61.29494247598246,15.3,-90.15
Guatemala,GTM,1999,Latin America & Caribbean,10903.0,,3853.985141704118,0.539,61.29494247598246,15.3,-90.15
Guatemala,GTM,2000,Latin America & Caribbean,11085.0,4.66,3927.1989174560217,0.546,61.29494247598246,15.3,-90.15
Guatemala,GTM,2001,Latin America & Caribbean,11284.0,4.58,3947.9794399149237,0.554,61.29494247598246,15.3,-90.15
Guatemala,GTM,2002,Latin America & Caribbean,11507.0,4.51,3958.546971408708,0.56,61.29494247598246,15.3,-90.15
Guatemala,GTM,2003,Latin America & Caribbean,11725.0,4.67,3982.089552238806,0.564,61.29494247598246,15.3,-90.15
Guatemala,GTM,2004,Latin America & Caribbean,11940.0,4.53,4035.510887772194,0.567,61.29494247598246,15.3,-90.15
Guatemala,GTM,2005,Latin America & Caribbean,12183.0,3.93,4085.529015841747,0.571,61.29494247598246,15.3,-90.15
Guatemala,GTM,2006,Latin America & Caribbean,12455.0,3.82,4212.123645122441,0.579,61.29494247598246,15.3,-90.15
Guatemala,GTM,2007,Latin America & Caribbean,12728.0,3.7,4381.4424890006285,0.59,61.29494247598246,15.3,-90.15
Guatemala,GTM,2008,Latin America & Caribbean,13002.0,3.59,4460.621442854946,0.598,61.29494247598246,15.3,-90.15
Guatemala,GTM,2009,Latin America & Caribbean,13277.0,3.47,,0.604,61.29494247598246,15.3,-90.15
Guatemala,GTM,2010,Latin America & Caribbean,,3.36,,0.611,61.29494247598246,15.3,-90.15
Guatemala,GTM,2011,Latin America & Caribbean,,3.27,,0.619,61.29494247598246,15.3,-90.15
Guatemala,GTM,2012,Latin America & Caribbean,,3.18,,0.613,61.29494247598246,15.3,-90.15
Guatemala,GTM,2013,Latin America & Caribbean,,3.08,,0.616,61.29494247598246,15.3,-90.15
Guatemala,GTM,2014,Latin America & Caribbean,,2.99,,0.643,61.29494247598246,15.3,-90.15
Guatemala,GTM,2015,Latin America & Caribbean,,2.99,,0.645,61.29494247598246,15.3,-90.15
Guatemala,GTM,2016,Latin America & Caribbean,,2.83,,0.649,61.29494247598246,15.3,-90.15
Guatemala,GTM,2017,Latin America & Caribbean,,2.77,,0.65,61.29494247598246,15.3,-90.15
Guinea,GIN,1960,Sub-Saharan Africa,3026.091,,392.107837974892,,60.0,11.0,-10.0
Guinea,GIN,1970,Sub-Saharan Africa,3643.361,,464.94344106438444,,60.0,11.0,-10.0
Guinea,GIN,1980,Sub-Saharan Africa,4447.369,,558.4618084604414,,60.0,11.0,-10.0
Guinea,GIN,1990,Sub-Saharan Africa,6118.452,,540.0058707660041,0.276,60.0,11.0,-10.0
Guinea,GIN,1991,Sub-Saharan Africa,6552.474,,516.3387142016893,0.28,60.0,11.0,-10.0
Guinea,GIN,1992,Sub-Saharan Africa,6800.519,,514.9182525627823,0.283,60.0,11.0,-10.0
Guinea,GIN,1993,Sub-Saharan Africa,6989.107,,525.5743282568145,0.287,60.0,11.0,-10.0
Guinea,GIN,1994,Sub-Saharan Africa,7209.485,,529.8890316445073,0.291,60.0,11.0,-10.0
Guinea,GIN,1995,Sub-Saharan Africa,7445.695,,537.0888815617616,0.295,60.0,11.0,-10.0
Guinea,GIN,1996,Sub-Saharan Africa,7701.569,,545.7329538954983,0.299,60.0,11.0,-10.0
Guinea,GIN,1997,Sub-Saharan Africa,7791.058,,566.4185788374313,0.307,60.0,11.0,-10.0
Guinea,GIN,1998,Sub-Saharan Africa,7906.607,,584.9538240613199,0.314,60.0,11.0,-10.0
Guinea,GIN,1999,Sub-Saharan Africa,8154.403,,593.2991047903813,0.322,60.0,11.0,-10.0
Guinea,GIN,2000,Sub-Saharan Africa,8350.413,5.46,591.4677513555317,0.329,60.0,11.0,-10.0
Guinea,GIN,2001,Sub-Saharan Africa,8416.924,5.39,610.1991653958144,0.336,60.0,11.0,-10.0
Guinea,GIN,2002,Sub-Saharan Africa,8520.304,5.32,616.4099309132632,0.345,60.0,11.0,-10.0
Guinea,GIN,2003,Sub-Saharan Africa,8755.538,5.9,607.0443643782941,0.336,60.0,11.0,-10.0
Guinea,GIN,2004,Sub-Saharan Africa,8971.979,5.83,608.4499306117414,0.361,60.0,11.0,-10.0
Guinea,GIN,2005,Sub-Saharan Africa,9153.73,5.83,614.2851056345338,0.371,60.0,11.0,-10.0
Guinea,GIN,2006,Sub-Saharan Africa,9345.729,5.79,616.6453146672668,0.38,60.0,11.0,-10.0
Guinea,GIN,2007,Sub-Saharan Africa,9569.216,5.75,613.1118787578837,0.39,60.0,11.0,-10.0
Guinea,GIN,2008,Sub-Saharan Africa,9806.509,5.25,627.6443533575506,0.396,60.0,11.0,-10.0
Guinea,GIN,2009,Sub-Saharan Africa,10058.0,5.2,,0.399,60.0,11.0,-10.0
Guinea,GIN,2010,Sub-Saharan Africa,,5.15,,0.404,60.0,11.0,-10.0
Guinea,GIN,2011,Sub-Saharan Africa,,5.1,,0.418,60.0,11.0,-10.0
Guinea,GIN,2012,Sub-Saharan Africa,,5.04,,0.428,60.0,11.0,-10.0
Guinea,GIN,2013,Sub-Saharan Africa,,4.99,,0.435,60.0,11.0,-10.0
Guinea,GIN,2014,Sub-Saharan Africa,,4.93,,0.44,60.0,11.0,-10.0
Guinea,GIN,2015,Sub-Saharan Africa,,4.93,,0.443,60.0,11.0,-10.0
Guinea,GIN,2016,Sub-Saharan Africa,,4.82,,0.449,60.0,11.0,-10.0
Guinea,GIN,2017,Sub-Saharan Africa,,4.77,,0.459,60.0,11.0,-10.0
Guinea-Bissau,GNB,1960,Sub-Saharan Africa,616.682,,500.76800324755,,,12.0,-15.0
Guinea-Bissau,GNB,1970,Sub-Saharan Africa,620.02,,871.5591974640996,,,12.0,-15.0
Guinea-Bissau,GNB,1980,Sub-Saharan Africa,788.898,,754.3251408795074,,,12.0,-15.0
Guinea-Bissau,GNB,1990,Sub-Saharan Africa,995.989,,797.1975594107968,,,12.0,-15.0
Guinea-Bissau,GNB,1991,Sub-Saharan Africa,1020.216,,817.9581578802919,,,12.0,-15.0
Guinea-Bissau,GNB,1992,Sub-Saharan Africa,1051.003,,802.7317086630579,,,12.0,-15.0
Guinea-Bissau,GNB,1993,Sub-Saharan Africa,1084.455,,794.3073489577712,,,12.0,-15.0
Guinea-Bissau,GNB,1994,Sub-Saharan Africa,1116.514,,796.1880232130076,,,12.0,-15.0
Guinea-Bissau,GNB,1995,Sub-Saharan Africa,1143.328,,811.7260294769587,,,12.0,-15.0
Guinea-Bissau,GNB,1996,Sub-Saharan Africa,1166.256,,831.7213373393149,,,12.0,-15.0
Guinea-Bissau,GNB,1997,Sub-Saharan Africa,1194.113,,857.5402830385399,,,12.0,-15.0
Guinea-Bissau,GNB,1998,Sub-Saharan Africa,1222.239,,601.901409765244,,,12.0,-15.0
Guinea-Bissau,GNB,1999,Sub-Saharan Africa,1250.409,,635.7919688677864,,,12.0,-15.0
Guinea-Bissau,GNB,2000,Sub-Saharan Africa,1278.859,5.27,680.2939182505656,,,12.0,-15.0
Guinea-Bissau,GNB,2001,Sub-Saharan Africa,1306.455,5.2,666.6896295700963,,,12.0,-15.0
Guinea-Bissau,GNB,2002,Sub-Saharan Africa,1333.12,5.13,619.599135861738,,,12.0,-15.0
Guinea-Bissau,GNB,2003,Sub-Saharan Africa,1359.917,5.07,603.7133148567156,,,12.0,-15.0
Guinea-Bissau,GNB,2004,Sub-Saharan Africa,1386.926,4.93,604.9349424554736,,,12.0,-15.0
Guinea-Bissau,GNB,2005,Sub-Saharan Africa,1414.159,4.93,613.7923670534925,0.396,,12.0,-15.0
Guinea-Bissau,GNB,2006,Sub-Saharan Africa,1442.747,4.86,605.7888181365132,0.404,,12.0,-15.0
Guinea-Bissau,GNB,2007,Sub-Saharan Africa,1472.78,4.79,609.0522684990291,0.409,,12.0,-15.0
Guinea-Bissau,GNB,2008,Sub-Saharan Africa,1503.182,4.72,616.6917911470467,0.415,,12.0,-15.0
Guinea-Bissau,GNB,2009,Sub-Saharan Africa,1534.0,4.65,,0.421,,12.0,-15.0
Guinea-Bissau,GNB,2010,Sub-Saharan Africa,,4.58,,0.426,,12.0,-15.0
Guinea-Bissau,GNB,2011,Sub-Saharan Africa,,4.51,,0.435,,12.0,-15.0
Guinea-Bissau,GNB,2012,Sub-Saharan Africa,,4.44,,0.437,,12.0,-15.0
Guinea-Bissau,GNB,2013,Sub-Saharan Africa,,4.37,,0.44,,12.0,-15.0
Guinea-Bissau,GNB,2014,Sub-Saharan Africa,,4.3,,0.445,,12.0,-15.0
Guinea-Bissau,GNB,2015,Sub-Saharan Africa,,4.3,,0.449,,12.0,-15.0
Guinea-Bissau,GNB,2016,Sub-Saharan Africa,,4.16,,0.453,,12.0,-15.0
Guinea-Bissau,GNB,2017,Sub-Saharan Africa,,4.09,,0.455,,12.0,-15.0
Guyana,GUY,1960,Latin America & Caribbean,571.083,,,,83.3263538462026,5.0,-59.0
Guyana,GUY,1970,Latin America & Caribbean,714.811,,,,83.3263538462026,5.0,-59.0
Guyana,GUY,1980,Latin America & Caribbean,759.352,,,,83.3263538462026,5.0,-59.0
Guyana,GUY,1990,Latin America & Caribbean,750.903,,,0.538,83.3263538462026,5.0,-59.0
Guyana,GUY,1991,Latin America & Caribbean,748.816,,,0.533,83.3263538462026,5.0,-59.0
Guyana,GUY,1992,Latin America & Caribbean,747.46,,,0.548,83.3263538462026,5.0,-59.0
Guyana,GUY,1993,Latin America & Caribbean,747.337,,,0.562,83.3263538462026,5.0,-59.0
Guyana,GUY,1994,Latin America & Caribbean,747.536,,,0.572,83.3263538462026,5.0,-59.0
Guyana,GUY,1995,Latin America & Caribbean,747.929,,,0.578,83.3263538462026,5.0,-59.0
Guyana,GUY,1996,Latin America & Caribbean,747.171,,,0.589,83.3263538462026,5.0,-59.0
Guyana,GUY,1997,Latin America & Caribbean,746.336,,,0.594,83.3263538462026,5.0,-59.0
Guyana,GUY,1998,Latin America & Caribbean,748.211,,,0.597,83.3263538462026,5.0,-59.0
Guyana,GUY,1999,Latin America & Caribbean,752.105,,,0.6,83.3263538462026,5.0,-59.0
Guyana,GUY,2000,Latin America & Caribbean,755.171,2.11,,0.604,83.3263538462026,5.0,-59.0
Guyana,GUY,2001,Latin America & Caribbean,757.092,2.1,,0.607,83.3263538462026,5.0,-59.0
Guyana,GUY,2002,Latin America & Caribbean,759.104,2.09,,0.609,83.3263538462026,5.0,-59.0
Guyana,GUY,2003,Latin America & Caribbean,761.181,2.07,,0.605,83.3263538462026,5.0,-59.0
Guyana,GUY,2004,Latin America & Caribbean,763.251,2.05,,0.611,83.3263538462026,5.0,-59.0
Guyana,GUY,2005,Latin America & Caribbean,765.283,2.05,,0.614,83.3263538462026,5.0,-59.0
Guyana,GUY,2006,Latin America & Caribbean,767.245,2.04,,0.614,83.3263538462026,5.0,-59.0
Guyana,GUY,2007,Latin America & Caribbean,769.095,2.04,,0.618,83.3263538462026,5.0,-59.0
Guyana,GUY,2008,Latin America & Caribbean,770.794,2.03,,0.621,83.3263538462026,5.0,-59.0
Guyana,GUY,2009,Latin America & Caribbean,753.0,2.03,,0.624,83.3263538462026,5.0,-59.0
Guyana,GUY,2010,Latin America & Caribbean,,2.4,,0.63,83.3263538462026,5.0,-59.0
Guyana,GUY,2011,Latin America & Caribbean,,2.34,,0.639,83.3263538462026,5.0,-59.0
Guyana,GUY,2012,Latin America & Caribbean,,2.27,,0.642,83.3263538462026,5.0,-59.0
Guyana,GUY,2013,Latin America & Caribbean,,2.21,,0.645,83.3263538462026,5.0,-59.0
Guyana,GUY,2014,Latin America & Caribbean,,2.14,,0.648,83.3263538462026,5.0,-59.0
Guyana,GUY,2015,Latin America & Caribbean,,2.14,,0.651,83.3263538462026,5.0,-59.0
Guyana,GUY,2016,Latin America & Caribbean,,2.04,,0.652,83.3263538462026,5.0,-59.0
Guyana,GUY,2017,Latin America & Caribbean,,2.0,,0.654,83.3263538462026,5.0,-59.0
Haiti,HTI,1960,Latin America & Caribbean,3697.0,,1061.9421152285638,,88.60079139588072,19.0,-72.25
Haiti,HTI,1970,Latin America & Caribbean,4541.0,,919.1807971812376,,88.60079139588072,19.0,-72.25
Haiti,HTI,1980,Latin America & Caribbean,5200.0,,1267.5,,88.60079139588072,19.0,-72.25
Haiti,HTI,1990,Latin America & Caribbean,6289.0,,1005.4062649069804,0.409,88.60079139588072,19.0,-72.25
Haiti,HTI,1991,Latin America & Caribbean,6404.0,,988.2885696439724,0.409,88.60079139588072,19.0,-72.25
Haiti,HTI,1992,Latin America & Caribbean,6523.0,,836.424957841484,0.406,88.60079139588072,19.0,-72.25
Haiti,HTI,1993,Latin America & Caribbean,6662.0,,800.9606724707296,0.414,88.60079139588072,19.0,-72.25
Haiti,HTI,1994,Latin America & Caribbean,6801.0,,719.4530216144684,0.417,88.60079139588072,19.0,-72.25
Haiti,HTI,1995,Latin America & Caribbean,6945.0,,739.812814974802,0.418,88.60079139588072,19.0,-72.25
Haiti,HTI,1996,Latin America & Caribbean,7087.0,,754.7622407224495,0.427,88.60079139588072,19.0,-72.25
Haiti,HTI,1997,Latin America & Caribbean,7225.0,,760.2768166089965,0.431,88.60079139588072,19.0,-72.25
Haiti,HTI,1998,Latin America & Caribbean,7364.0,,762.3574144486693,0.435,88.60079139588072,19.0,-72.25
Haiti,HTI,1999,Latin America & Caribbean,7499.0,,768.769169222563,0.439,88.60079139588072,19.0,-72.25
Haiti,HTI,2000,Latin America & Caribbean,7639.0,4.5,761.4871056420998,0.442,88.60079139588072,19.0,-72.25
Haiti,HTI,2001,Latin America & Caribbean,7782.0,4.4,739.52711385248,0.444,88.60079139588072,19.0,-72.25
Haiti,HTI,2002,Latin America & Caribbean,7925.0,4.3,722.1451104100946,0.446,88.60079139588072,19.0,-72.25
Haiti,HTI,2003,Latin America & Caribbean,8077.0,4.86,711.4027485452519,0.449,88.60079139588072,19.0,-72.25
Haiti,HTI,2004,Latin America & Caribbean,8235.0,5.02,673.3454766241651,0.45,88.60079139588072,19.0,-72.25
Haiti,HTI,2005,Latin America & Caribbean,8395.0,5.02,672.424061941632,0.453,88.60079139588072,19.0,-72.25
Haiti,HTI,2006,Latin America & Caribbean,8553.0,4.94,679.0599789547526,0.458,88.60079139588072,19.0,-72.25
Haiti,HTI,2007,Latin America & Caribbean,8711.0,4.86,689.4730800137758,0.462,88.60079139588072,19.0,-72.25
Haiti,HTI,2008,Latin America & Caribbean,8871.0,4.79,685.830233344606,0.466,88.60079139588072,19.0,-72.25
Haiti,HTI,2009,Latin America & Caribbean,9036.0,3.81,,0.47,88.60079139588072,19.0,-72.25
Haiti,HTI,2010,Latin America & Caribbean,,3.07,,0.47,88.60079139588072,19.0,-72.25
Haiti,HTI,2011,Latin America & Caribbean,,3.07,,0.477,88.60079139588072,19.0,-72.25
Haiti,HTI,2012,Latin America & Caribbean,,2.98,,0.481,88.60079139588072,19.0,-72.25
Haiti,HTI,2013,Latin America & Caribbean,,2.88,,0.486,88.60079139588072,19.0,-72.25
Haiti,HTI,2014,Latin America & Caribbean,,2.79,,0.49,88.60079139588072,19.0,-72.25
Haiti,HTI,2015,Latin America & Caribbean,,2.79,,0.493,88.60079139588072,19.0,-72.25
Haiti,HTI,2016,Latin America & Caribbean,,2.79,,0.496,88.60079139588072,19.0,-72.25
Haiti,HTI,2017,Latin America & Caribbean,,2.72,,0.498,88.60079139588072,19.0,-72.25
Honduras,HND,1960,Latin America & Caribbean,1951.64,,1397.7987743641245,,62.15840503169477,15.0,-86.3
Honduras,HND,1970,Latin America & Caribbean,2760.666,,1556.1462342782502,,62.15840503169477,15.0,-86.3
Honduras,HND,1980,Latin America & Caribbean,3401.94,,2061.7647577558687,,62.15840503169477,15.0,-86.3
Honduras,HND,1990,Latin America & Caribbean,4792.271,,1856.7397377986345,0.506,62.15840503169477,15.0,-86.3
Honduras,HND,1991,Latin America & Caribbean,4931.117,,1853.1298283938506,0.509,62.15840503169477,15.0,-86.3
Honduras,HND,1992,Latin America & Caribbean,5077.347,,1904.1440342761684,0.513,62.15840503169477,15.0,-86.3
Honduras,HND,1993,Latin America & Caribbean,5229.618,,1980.068142644453,0.521,62.15840503169477,15.0,-86.3
Honduras,HND,1994,Latin America & Caribbean,5386.133,,1885.9541715735575,0.524,62.15840503169477,15.0,-86.3
Honduras,HND,1995,Latin America & Caribbean,5546.185,,1899.323589097731,0.529,62.15840503169477,15.0,-86.3
Honduras,HND,1996,Latin America & Caribbean,5707.074,,1912.1882772152596,0.534,62.15840503169477,15.0,-86.3
Honduras,HND,1997,Latin America & Caribbean,5867.957,,1952.809129310252,0.541,62.15840503169477,15.0,-86.3
Honduras,HND,1998,Latin America & Caribbean,6022.706,,1957.7578583447373,0.546,62.15840503169477,15.0,-86.3
Honduras,HND,1999,Latin America & Caribbean,6180.871,,1871.4190928754215,0.549,62.15840503169477,15.0,-86.3
Honduras,HND,2000,Latin America & Caribbean,6347.658,4.26,1911.5711653022263,0.554,62.15840503169477,15.0,-86.3
Honduras,HND,2001,Latin America & Caribbean,6513.048,4.15,1911.547404533177,0.559,62.15840503169477,15.0,-86.3
Honduras,HND,2002,Latin America & Caribbean,6677.328,4.03,1915.2870729129975,0.563,62.15840503169477,15.0,-86.3
Honduras,HND,2003,Latin America & Caribbean,6843.018,4.07,1953.085612225483,0.568,62.15840503169477,15.0,-86.3
Honduras,HND,2004,Latin America & Caribbean,7007.482,3.87,2025.4065583043955,0.574,62.15840503169477,15.0,-86.3
Honduras,HND,2005,Latin America & Caribbean,7167.902,3.69,2100.8936785129035,0.58,62.15840503169477,15.0,-86.3
Honduras,HND,2006,Latin America & Caribbean,7326.496,3.59,2191.088345642992,0.586,62.15840503169477,15.0,-86.3
Honduras,HND,2007,Latin America & Caribbean,7483.763,3.48,2280.136343173882,0.593,62.15840503169477,15.0,-86.3
Honduras,HND,2008,Latin America & Caribbean,7639.327,3.38,2323.1103996464612,0.59,62.15840503169477,15.0,-86.3
Honduras,HND,2009,Latin America & Caribbean,7834.0,3.27,,0.591,62.15840503169477,15.0,-86.3
Honduras,HND,2010,Latin America & Caribbean,,3.17,,0.596,62.15840503169477,15.0,-86.3
Honduras,HND,2011,Latin America & Caribbean,,3.09,,0.598,62.15840503169477,15.0,-86.3
Honduras,HND,2012,Latin America & Caribbean,,3.01,,0.597,62.15840503169477,15.0,-86.3
Honduras,HND,2013,Latin America & Caribbean,,2.94,,0.6,62.15840503169477,15.0,-86.3
Honduras,HND,2014,Latin America & Caribbean,,2.86,,0.603,62.15840503169477,15.0,-86.3
Honduras,HND,2015,Latin America & Caribbean,,2.86,,0.609,62.15840503169477,15.0,-86.3
Honduras,HND,2016,Latin America & Caribbean,,2.72,,0.614,62.15840503169477,15.0,-86.3
Honduras,HND,2017,Latin America & Caribbean,,2.67,,0.617,62.15840503169477,15.0,-86.3
Hong Kong,HKG,1960,East Asia & Pacific,3075.3,,3133.678015152993,,105.35324705484962,22.15,114.1
Hong Kong,HKG,1970,East Asia & Pacific,3959.0,,5695.377620611265,,105.35324705484962,22.15,114.1
Hong Kong,HKG,1980,East Asia & Pacific,5063.1,,10502.853982737848,,105.35324705484962,22.15,114.1
Hong Kong,HKG,1990,East Asia & Pacific,5687.959,,17540.56244076302,0.781,105.35324705484962,22.15,114.1
Hong Kong,HKG,1991,East Asia & Pacific,5752.0,,18323.260818840783,0.786,105.35324705484962,22.15,114.1
Hong Kong,HKG,1992,East Asia & Pacific,5829.696,,19269.57222472366,0.791,105.35324705484962,22.15,114.1
Hong Kong,HKG,1993,East Asia & Pacific,5934.511,,20130.764216717795,0.799,105.35324705484962,22.15,114.1
Hong Kong,HKG,1994,East Asia & Pacific,6067.288,,20769.75110272044,0.804,105.35324705484962,22.15,114.1
Hong Kong,HKG,1995,East Asia & Pacific,6225.347,,21028.945209353282,0.808,105.35324705484962,22.15,114.1
Hong Kong,HKG,1996,East Asia & Pacific,6391.564,,21364.16324168225,0.811,105.35324705484962,22.15,114.1
Hong Kong,HKG,1997,East Asia & Pacific,6495.918,,22087.14764320723,0.816,105.35324705484962,22.15,114.1
Hong Kong,HKG,1998,East Asia & Pacific,6544.564,,20833.646469228202,0.817,105.35324705484962,22.15,114.1
Hong Kong,HKG,1999,East Asia & Pacific,6599.307,,21366.719771094078,0.821,105.35324705484962,22.15,114.1
Hong Kong,HKG,2000,East Asia & Pacific,6658.72,1.27,23328.385264871456,0.827,105.35324705484962,22.15,114.1
Hong Kong,HKG,2001,East Asia & Pacific,6713.376,1.29,23245.645383124833,0.835,105.35324705484962,22.15,114.1
Hong Kong,HKG,2002,East Asia & Pacific,6762.476,1.3,23512.566997805538,0.842,105.35324705484962,22.15,114.1
Hong Kong,HKG,2003,East Asia & Pacific,6809.738,1.32,24098.212243095164,0.851,105.35324705484962,22.15,114.1
Hong Kong,HKG,2004,East Asia & Pacific,6855.125,0.91,25997.483634507033,0.862,105.35324705484962,22.15,114.1
Hong Kong,HKG,2005,East Asia & Pacific,6898.686,0.93,27667.44275649015,0.871,105.35324705484962,22.15,114.1
Hong Kong,HKG,2006,East Asia & Pacific,6940.432,0.95,29426.12217798546,0.883,105.35324705484962,22.15,114.1
Hong Kong,HKG,2007,East Asia & Pacific,6980.412,0.98,31130.110944740794,0.887,105.35324705484962,22.15,114.1
Hong Kong,HKG,2008,East Asia & Pacific,7018.636,1.0,31703.59596935929,0.896,105.35324705484962,22.15,114.1
Hong Kong,HKG,2009,East Asia & Pacific,7055.0,1.02,,0.898,105.35324705484962,22.15,114.1
Hong Kong,HKG,2010,East Asia & Pacific,,1.04,,0.901,105.35324705484962,22.15,114.1
Hong Kong,HKG,2011,East Asia & Pacific,,1.07,,0.904,105.35324705484962,22.15,114.1
Hong Kong,HKG,2012,East Asia & Pacific,,1.09,,0.911,105.35324705484962,22.15,114.1
Hong Kong,HKG,2013,East Asia & Pacific,,1.11,,0.915,105.35324705484962,22.15,114.1
Hong Kong,HKG,2014,East Asia & Pacific,,1.17,,0.923,105.35324705484962,22.15,114.1
Hong Kong,HKG,2015,East Asia & Pacific,,1.17,,0.927,105.35324705484962,22.15,114.1
Hong Kong,HKG,2016,East Asia & Pacific,,1.19,,0.93,105.35324705484962,22.15,114.1
Hong Kong,HKG,2017,East Asia & Pacific,,1.19,,0.933,105.35324705484962,22.15,114.1
Hungary,HUN,1960,Europe & Central Asia,9983.512,,3649.1015883674495,,99.30500680262472,47.0,20.0
Hungary,HUN,1970,Europe & Central Asia,10337.004,,5027.915450762804,,99.30500680262472,47.0,20.0
Hungary,HUN,1980,Europe & Central Asia,10711.122,,6306.455049988236,,99.30500680262472,47.0,20.0
Hungary,HUN,1990,Europe & Central Asia,10371.878,,6458.811027279727,0.704,99.30500680262472,47.0,20.0
Hungary,HUN,1991,Europe & Central Asia,10364.737,,5694.243807967352,0.701,99.30500680262472,47.0,20.0
Hungary,HUN,1992,Europe & Central Asia,10348.684,,5528.324267639645,,99.30500680262472,47.0,20.0
Hungary,HUN,1993,Europe & Central Asia,10329.012,,5506.94333667724,0.719,99.30500680262472,47.0,20.0
Hungary,HUN,1994,Europe & Central Asia,10312.714,,5678.201047891714,0.733,99.30500680262472,47.0,20.0
Hungary,HUN,1995,Europe & Central Asia,10295.874,,5772.204919037927,0.741,99.30500680262472,47.0,20.0
Hungary,HUN,1996,Europe & Central Asia,10273.591,,5861.083520658204,0.746,99.30500680262472,47.0,20.0
Hungary,HUN,1997,Europe & Central Asia,10244.684,,6146.005234832812,0.747,99.30500680262472,47.0,20.0
Hungary,HUN,1998,Europe & Central Asia,10211.127,,6464.320735605384,0.754,99.30500680262472,47.0,20.0
Hungary,HUN,1999,Europe & Central Asia,10172.673,,6755.549893326955,0.761,99.30500680262472,47.0,20.0
Hungary,HUN,2000,Europe & Central Asia,10137.449,1.25,7132.267693775821,0.769,99.30500680262472,47.0,20.0
Hungary,HUN,2001,Europe & Central Asia,10109.467,1.25,7443.518041059929,0.777,99.30500680262472,47.0,20.0
Hungary,HUN,2002,Europe & Central Asia,10083.313,1.25,7789.007442296,0.784,99.30500680262472,47.0,20.0
Hungary,HUN,2003,Europe & Central Asia,10057.745,1.25,8136.515690147244,0.792,99.30500680262472,47.0,20.0
Hungary,HUN,2004,Europe & Central Asia,10032.375,1.32,8548.424475759728,0.795,99.30500680262472,47.0,20.0
Hungary,HUN,2005,Europe & Central Asia,10006.835,1.32,8912.908027363297,0.804,99.30500680262472,47.0,20.0
Hungary,HUN,2006,Europe & Central Asia,9981.334,1.32,9284.229943612747,0.811,99.30500680262472,47.0,20.0
Hungary,HUN,2007,Europe & Central Asia,9956.108,1.33,9419.443822827154,0.813,99.30500680262472,47.0,20.0
Hungary,HUN,2008,Europe & Central Asia,9930.915,1.34,9500.030963914201,0.818,99.30500680262472,47.0,20.0
Hungary,HUN,2009,Europe & Central Asia,9906.0,1.35,,0.818,99.30500680262472,47.0,20.0
Hungary,HUN,2010,Europe & Central Asia,,1.39,,0.823,99.30500680262472,47.0,20.0
Hungary,HUN,2011,Europe & Central Asia,,1.4,,0.827,99.30500680262472,47.0,20.0
Hungary,HUN,2012,Europe & Central Asia,,1.41,,0.83,99.30500680262472,47.0,20.0
Hungary,HUN,2013,Europe & Central Asia,,1.41,,0.835,99.30500680262472,47.0,20.0
Hungary,HUN,2014,Europe & Central Asia,,1.42,,0.833,99.30500680262472,47.0,20.0
Hungary,HUN,2015,Europe & Central Asia,,1.42,,0.834,99.30500680262472,47.0,20.0
Hungary,HUN,2016,Europe & Central Asia,,1.44,,0.835,99.30500680262472,47.0,20.0
Hungary,HUN,2017,Europe & Central Asia,,1.45,,0.838,99.30500680262472,47.0,20.0
Iceland,ISL,1960,Europe & Central Asia,175.86,,,,98.22544986320516,65.0,-18.0
Iceland,ISL,1970,Europe & Central Asia,204.104,,,,98.22544986320516,65.0,-18.0
Iceland,ISL,1980,Europe & Central Asia,228.161,,,,98.22544986320516,65.0,-18.0
Iceland,ISL,1990,Europe & Central Asia,254.719,,,0.802,98.22544986320516,65.0,-18.0
Iceland,ISL,1991,Europe & Central Asia,256.831,,,0.815,98.22544986320516,65.0,-18.0
Iceland,ISL,1992,Europe & Central Asia,259.012,,,0.818,98.22544986320516,65.0,-18.0
Iceland,ISL,1993,Europe & Central Asia,261.27,,,0.818,98.22544986320516,65.0,-18.0
Iceland,ISL,1994,Europe & Central Asia,266.075,,,0.823,98.22544986320516,65.0,-18.0
Iceland,ISL,1995,Europe & Central Asia,267.527,,,0.826,98.22544986320516,65.0,-18.0
Iceland,ISL,1996,Europe & Central Asia,269.0,,,0.831,98.22544986320516,65.0,-18.0
Iceland,ISL,1997,Europe & Central Asia,271.192,,,0.84,98.22544986320516,65.0,-18.0
Iceland,ISL,1998,Europe & Central Asia,274.0,,,0.849,98.22544986320516,65.0,-18.0
Iceland,ISL,1999,Europe & Central Asia,277.28,,,0.853,98.22544986320516,65.0,-18.0
Iceland,ISL,2000,Europe & Central Asia,281.043,2.03,,0.86,98.22544986320516,65.0,-18.0
Iceland,ISL,2001,Europe & Central Asia,284.812,2.01,,0.866,98.22544986320516,65.0,-18.0
Iceland,ISL,2002,Europe & Central Asia,288.03,1.99,,0.875,98.22544986320516,65.0,-18.0
Iceland,ISL,2003,Europe & Central Asia,291.064,1.98,,0.881,98.22544986320516,65.0,-18.0
Iceland,ISL,2004,Europe & Central Asia,293.966,1.92,,0.885,98.22544986320516,65.0,-18.0
Iceland,ISL,2005,Europe & Central Asia,296.737,1.92,,0.889,98.22544986320516,65.0,-18.0
Iceland,ISL,2006,Europe & Central Asia,299.388,1.92,,0.891,98.22544986320516,65.0,-18.0
Iceland,ISL,2007,Europe & Central Asia,301.931,1.91,,0.897,98.22544986320516,65.0,-18.0
Iceland,ISL,2008,Europe & Central Asia,304.367,1.91,,0.89,98.22544986320516,65.0,-18.0
Iceland,ISL,2009,Europe & Central Asia,307.0,1.9,,0.89,98.22544986320516,65.0,-18.0
Iceland,ISL,2010,Europe & Central Asia,,1.9,,0.891,98.22544986320516,65.0,-18.0
Iceland,ISL,2011,Europe & Central Asia,,1.89,,0.901,98.22544986320516,65.0,-18.0
Iceland,ISL,2012,Europe & Central Asia,,1.89,,0.909,98.22544986320516,65.0,-18.0
Iceland,ISL,2013,Europe & Central Asia,,1.88,,0.92,98.22544986320516,65.0,-18.0
Iceland,ISL,2014,Europe & Central Asia,,1.88,,0.925,98.22544986320516,65.0,-18.0
Iceland,ISL,2015,Europe & Central Asia,,1.88,,0.927,98.22544986320516,65.0,-18.0
Iceland,ISL,2016,Europe & Central Asia,,2.01,,0.933,98.22544986320516,65.0,-18.0
Iceland,ISL,2017,Europe & Central Asia,,2.0,,0.935,98.22544986320516,65.0,-18.0
India,IND,1960,South Asia,434000.0,,753.2488479262672,,76.1406215102303,20.0,77.0
India,IND,1970,South Asia,541000.0,,867.992606284658,,76.1406215102303,20.0,77.0
India,IND,1980,South Asia,679000.0,,938.4418262150222,,76.1406215102303,20.0,77.0
India,IND,1990,South Asia,839000.0,,1308.8200238379022,0.427,76.1406215102303,20.0,77.0
India,IND,1991,South Asia,853724.0,,1302.9269412597046,0.432,76.1406215102303,20.0,77.0
India,IND,1992,South Asia,869090.0,,1345.4314282755527,0.438,76.1406215102303,20.0,77.0
India,IND,1993,South Asia,884943.0,,1399.267523445013,0.445,76.1406215102303,20.0,77.0
India,IND,1994,South Asia,901176.0,,1473.682166413664,0.452,76.1406215102303,20.0,77.0
India,IND,1995,South Asia,917772.0,,1553.3520307876029,0.46,76.1406215102303,20.0,77.0
India,IND,1996,South Asia,934692.0,,1644.8017100820377,0.467,76.1406215102303,20.0,77.0
India,IND,1997,South Asia,951861.0,,1692.5874681282246,0.473,76.1406215102303,20.0,77.0
India,IND,1998,South Asia,969153.0,,1770.5594472699358,0.48,76.1406215102303,20.0,77.0
India,IND,1999,South Asia,986477.0,,1844.885385062196,0.488,76.1406215102303,20.0,77.0
India,IND,2000,South Asia,1004124.0,3.11,1891.724528046337,0.493,76.1406215102303,20.0,77.0
India,IND,2001,South Asia,1021967.0,3.04,1966.2552704735083,0.498,76.1406215102303,20.0,77.0
India,IND,2002,South Asia,1039691.0,2.98,2000.9185421437717,0.504,76.1406215102303,20.0,77.0
India,IND,2003,South Asia,1057504.0,2.91,2134.42786032015,0.517,76.1406215102303,20.0,77.0
India,IND,2004,South Asia,1065070.607,2.78,2278.2085845318984,0.526,76.1406215102303,20.0,77.0
India,IND,2005,South Asia,1093563.0,2.78,2422.9852326752093,0.535,76.1406215102303,20.0,77.0
India,IND,2006,South Asia,1111714.0,2.73,2617.0004155745096,0.545,76.1406215102303,20.0,77.0
India,IND,2007,South Asia,1129866.0,2.81,2817.0021931804304,0.556,76.1406215102303,20.0,77.0
India,IND,2008,South Asia,1147996.0,2.76,2974.9084491583594,0.564,76.1406215102303,20.0,77.0
India,IND,2009,South Asia,1156898.0,2.72,,0.57,76.1406215102303,20.0,77.0
India,IND,2010,South Asia,,2.65,,0.581,76.1406215102303,20.0,77.0
India,IND,2011,South Asia,,2.62,,0.591,76.1406215102303,20.0,77.0
India,IND,2012,South Asia,,2.58,,0.6,76.1406215102303,20.0,77.0
India,IND,2013,South Asia,,2.55,,0.607,76.1406215102303,20.0,77.0
India,IND,2014,South Asia,,2.51,,0.618,76.1406215102303,20.0,77.0
India,IND,2015,South Asia,,2.51,,0.627,76.1406215102303,20.0,77.0
India,IND,2016,South Asia,,2.45,,0.636,76.1406215102303,20.0,77.0
India,IND,2017,South Asia,,2.43,,0.64,76.1406215102303,20.0,77.0
Indonesia,IDN,1960,East Asia & Pacific,95960.6889928225,,1011.6851079222802,,78.7937589429188,-5.0,120.0
Indonesia,IDN,1970,East Asia & Pacific,117338.24512731525,,1181.3028211697058,,78.7937589429188,-5.0,120.0
Indonesia,IDN,1980,East Asia & Pacific,147489.948,,1869.9918451391684,,78.7937589429188,-5.0,120.0
Indonesia,IDN,1990,East Asia & Pacific,179323.40999999997,,2514.456980268221,0.528,78.7937589429188,-5.0,120.0
Indonesia,IDN,1991,East Asia & Pacific,182297.72852709098,,2602.4515161717827,0.533,78.7937589429188,-5.0,120.0
Indonesia,IDN,1992,East Asia & Pacific,185327.23927781198,,2839.9548930366705,0.539,78.7937589429188,-5.0,120.0
Indonesia,IDN,1993,East Asia & Pacific,188413.0461781866,,2993.7045838458657,0.545,78.7937589429188,-5.0,120.0
Indonesia,IDN,1994,East Asia & Pacific,191554.2780057417,,3168.5483943188524,0.555,78.7937589429188,-5.0,120.0
Indonesia,IDN,1995,East Asia & Pacific,194755.089,,3368.8516349885986,0.564,78.7937589429188,-5.0,120.0
Indonesia,IDN,1996,East Asia & Pacific,196961.79488717054,,3583.9183959730444,0.577,78.7937589429188,-5.0,120.0
Indonesia,IDN,1997,East Asia & Pacific,199198.0123002049,,3703.6514143933614,0.59,78.7937589429188,-5.0,120.0
Indonesia,IDN,1998,East Asia & Pacific,201461.1110568319,,3171.9868745275107,0.59,78.7937589429188,-5.0,120.0
Indonesia,IDN,1999,East Asia & Pacific,203754.4661851988,,3147.346961303489,0.598,78.7937589429188,-5.0,120.0
Indonesia,IDN,2000,East Asia & Pacific,205132.458,2.61,3276.487819397162,0.606,78.7937589429188,-5.0,120.0
Indonesia,IDN,2001,East Asia & Pacific,207800.88918812928,2.58,3358.25800710705,0.612,78.7937589429188,-5.0,120.0
Indonesia,IDN,2002,East Asia & Pacific,210508.10014002502,2.54,3456.1187883794346,0.618,78.7937589429188,-5.0,120.0
Indonesia,IDN,2003,East Asia & Pacific,213254.7230571874,2.5,3582.0965137318403,0.624,78.7937589429188,-5.0,120.0
Indonesia,IDN,2004,East Asia & Pacific,216041.40157749548,2.44,3708.8539240594614,0.629,78.7937589429188,-5.0,120.0
Indonesia,IDN,2005,East Asia & Pacific,218868.79100000003,2.44,3869.6151979018327,0.632,78.7937589429188,-5.0,120.0
Indonesia,IDN,2006,East Asia & Pacific,221737.55851440848,2.4,4029.6285662491373,0.641,78.7937589429188,-5.0,120.0
Indonesia,IDN,2007,East Asia & Pacific,224648.38343536365,2.38,4227.9939231046465,0.642,78.7937589429188,-5.0,120.0
Indonesia,IDN,2008,East Asia & Pacific,227601.95744162076,2.34,4427.685997641233,0.646,78.7937589429188,-5.0,120.0
Indonesia,IDN,2009,East Asia & Pacific,230599.0,2.31,,0.656,78.7937589429188,-5.0,120.0
Indonesia,IDN,2010,East Asia & Pacific,,2.28,,0.661,78.7937589429188,-5.0,120.0
Indonesia,IDN,2011,East Asia & Pacific,,2.25,,0.669,78.7937589429188,-5.0,120.0
Indonesia,IDN,2012,East Asia & Pacific,,2.23,,0.675,78.7937589429188,-5.0,120.0
Indonesia,IDN,2013,East Asia & Pacific,,2.2,,0.681,78.7937589429188,-5.0,120.0
Indonesia,IDN,2014,East Asia & Pacific,,2.18,,0.683,78.7937589429188,-5.0,120.0
Indonesia,IDN,2015,East Asia & Pacific,,2.18,,0.686,78.7937589429188,-5.0,120.0
Indonesia,IDN,2016,East Asia & Pacific,,2.13,,0.691,78.7937589429188,-5.0,120.0
Indonesia,IDN,2017,East Asia & Pacific,,2.11,,0.694,78.7937589429188,-5.0,120.0
Iran,IRN,1960,Middle East & North Africa,21547.591,,2156.4823650124044,,80.00371563382433,32.0,53.0
Iran,IRN,1970,Middle East & North Africa,28854.184,,4188.8205883763685,,80.00371563382433,32.0,53.0
Iran,IRN,1980,Middle East & North Africa,39421.764,,3973.5157462765997,,80.00371563382433,32.0,53.0
Iran,IRN,1990,Middle East & North Africa,56668.726,,3526.0895048178777,0.577,80.00371563382433,32.0,53.0
Iran,IRN,1991,Middle East & North Africa,58786.619,,3759.3419005777487,0.594,80.00371563382433,32.0,53.0
Iran,IRN,1992,Middle East & North Africa,59999.286,,3907.9131708334,0.608,80.00371563382433,32.0,53.0
Iran,IRN,1993,Middle East & North Africa,60150.929,,3979.9052812634036,0.62,80.00371563382433,32.0,53.0
Iran,IRN,1994,Middle East & North Africa,60180.915,,4069.4130356775063,0.629,80.00371563382433,32.0,53.0
Iran,IRN,1995,Middle East & North Africa,60780.987,,4162.20618464126,0.64,80.00371563382433,32.0,53.0
Iran,IRN,1996,Middle East & North Africa,61343.02,,4359.143061427364,0.647,80.00371563382433,32.0,53.0
Iran,IRN,1997,Middle East & North Africa,61909.331,,4535.22910787067,0.653,80.00371563382433,32.0,53.0
Iran,IRN,1998,Middle East & North Africa,62413.149,,4579.595879707976,0.659,80.00371563382433,32.0,53.0
Iran,IRN,1999,Middle East & North Africa,62834.242,,4635.338801413408,0.664,80.00371563382433,32.0,53.0
Iran,IRN,2000,Middle East & North Africa,63273.255,2.2,4837.936660600123,0.67,80.00371563382433,32.0,53.0
Iran,IRN,2001,Middle East & North Africa,63750.355,2.02,4979.391879464828,0.678,80.00371563382433,32.0,53.0
Iran,IRN,2002,Middle East & North Africa,63941.906,2.01,5187.881011867241,0.683,80.00371563382433,32.0,53.0
Iran,IRN,2003,Middle East & North Africa,63988.372,1.99,3994.5851411878393,0.689,80.00371563382433,32.0,53.0
Iran,IRN,2004,Middle East & North Africa,64326.188,1.82,5810.121998835062,0.691,80.00371563382433,32.0,53.0
Iran,IRN,2005,Middle East & North Africa,64737.226,1.82,6044.574724286147,0.695,80.00371563382433,32.0,53.0
Iran,IRN,2006,Middle East & North Africa,65025.373,1.8,6366.822378704387,0.731,80.00371563382433,32.0,53.0
Iran,IRN,2007,Middle East & North Africa,65397.521,1.71,6824.3718290178,0.736,80.00371563382433,32.0,53.0
Iran,IRN,2008,Middle East & North Africa,65875.223,1.71,6944.264917327112,0.741,80.00371563382433,32.0,53.0
Iran,IRN,2009,Middle East & North Africa,66429.0,1.71,,0.747,80.00371563382433,32.0,53.0
Iran,IRN,2010,Middle East & North Africa,,1.89,,0.755,80.00371563382433,32.0,53.0
Iran,IRN,2011,Middle East & North Africa,,1.88,,0.766,80.00371563382433,32.0,53.0
Iran,IRN,2012,Middle East & North Africa,,1.87,,0.781,80.00371563382433,32.0,53.0
Iran,IRN,2013,Middle East & North Africa,,1.86,,0.784,80.00371563382433,32.0,53.0
Iran,IRN,2014,Middle East & North Africa,,1.85,,0.788,80.00371563382433,32.0,53.0
Iran,IRN,2015,Middle East & North Africa,,1.85,,0.789,80.00371563382433,32.0,53.0
Iran,IRN,2016,Middle East & North Africa,,1.83,,0.796,80.00371563382433,32.0,53.0
Iran,IRN,2017,Middle East & North Africa,,1.97,,0.798,80.00371563382433,32.0,53.0
Iraq,IRQ,1960,Middle East & North Africa,6822.03,,2735.0207888845675,,89.81242835390111,33.0,44.0
Iraq,IRQ,1970,Middle East & North Africa,9413.671,,3472.706263593048,,89.81242835390111,33.0,44.0
Iraq,IRQ,1980,Middle East & North Africa,13232.839,,6377.487667612846,,89.81242835390111,33.0,44.0
Iraq,IRQ,1990,Middle East & North Africa,18134.702,,2458.43576585929,0.572,89.81242835390111,33.0,44.0
Iraq,IRQ,1991,Middle East & North Africa,17471.586,,946.6967108767344,0.527,89.81242835390111,33.0,44.0
Iraq,IRQ,1992,Middle East & North Africa,17861.905,,1196.4042220580618,0.541,89.81242835390111,33.0,44.0
Iraq,IRQ,1993,Middle East & North Africa,18404.698,,1161.1197617043217,0.561,89.81242835390111,33.0,44.0
Iraq,IRQ,1994,Middle East & North Africa,18969.505,,1070.454922255483,0.561,89.81242835390111,33.0,44.0
Iraq,IRQ,1995,Middle East & North Africa,19557.247,,944.6626102334342,0.553,89.81242835390111,33.0,44.0
Iraq,IRQ,1996,Middle East & North Africa,20161.94,,1031.5971578131866,0.573,89.81242835390111,33.0,44.0
Iraq,IRQ,1997,Middle East & North Africa,20775.703,,962.4704396284448,0.582,89.81242835390111,33.0,44.0
Iraq,IRQ,1998,Middle East & North Africa,21397.764,,1074.5515279073086,0.596,89.81242835390111,33.0,44.0
Iraq,IRQ,1999,Middle East & North Africa,22031.349,,1132.3864008508965,0.603,89.81242835390111,33.0,44.0
Iraq,IRQ,2000,Middle East & North Africa,22675.617,4.87,1221.223660639532,0.607,89.81242835390111,33.0,44.0
Iraq,IRQ,2001,Middle East & North Africa,23331.985,4.75,1293.717615539355,0.614,89.81242835390111,33.0,44.0
Iraq,IRQ,2002,Middle East & North Africa,24001.816,4.63,1345.6065157736398,0.616,89.81242835390111,33.0,44.0
Iraq,IRQ,2003,Middle East & North Africa,24683.313,4.52,1023.2013830558321,0.603,89.81242835390111,33.0,44.0
Iraq,IRQ,2004,Middle East & North Africa,25374.691,4.28,995.3224652075567,0.628,89.81242835390111,33.0,44.0
Iraq,IRQ,2005,Middle East & North Africa,26074.906,4.28,961.8059601058582,0.631,89.81242835390111,33.0,44.0
Iraq,IRQ,2006,Middle East & North Africa,26783.383,4.18,994.4225492350985,0.636,89.81242835390111,33.0,44.0
Iraq,IRQ,2007,Middle East & North Africa,27499.638,4.07,983.0674861974546,0.638,89.81242835390111,33.0,44.0
Iraq,IRQ,2008,Middle East & North Africa,28221.181,3.97,1048.9284626323754,0.643,89.81242835390111,33.0,44.0
Iraq,IRQ,2009,Middle East & North Africa,28946.0,3.86,,0.646,89.81242835390111,33.0,44.0
Iraq,IRQ,2010,Middle East & North Africa,,3.76,,0.649,89.81242835390111,33.0,44.0
Iraq,IRQ,2011,Middle East & North Africa,,3.67,,0.656,89.81242835390111,33.0,44.0
Iraq,IRQ,2012,Middle East & North Africa,,3.58,,0.659,89.81242835390111,33.0,44.0
Iraq,IRQ,2013,Middle East & North Africa,,3.5,,0.666,89.81242835390111,33.0,44.0
Iraq,IRQ,2014,Middle East & North Africa,,3.41,,0.666,89.81242835390111,33.0,44.0
Iraq,IRQ,2015,Middle East & North Africa,,3.41,,0.668,89.81242835390111,33.0,44.0
Iraq,IRQ,2016,Middle East & North Africa,,4.06,,0.672,89.81242835390111,33.0,44.0
Iraq,IRQ,2017,Middle East & North Africa,,4.0,,0.685,89.81242835390111,33.0,44.0
Ireland,IRL,1960,Europe & Central Asia,2832.0,,4282.132768361582,,95.21033910238955,53.0,-8.0
Ireland,IRL,1970,Europe & Central Asia,2950.1,,6199.450866072337,,95.21033910238955,53.0,-8.0
Ireland,IRL,1980,Europe & Central Asia,3401.0,,8540.723316671567,,95.21033910238955,53.0,-8.0
Ireland,IRL,1990,Europe & Central Asia,3508.2,,11817.741291830569,0.763,95.21033910238955,53.0,-8.0
Ireland,IRL,1991,Europe & Central Asia,3530.771,,11968.77334467697,0.767,95.21033910238955,53.0,-8.0
Ireland,IRL,1992,Europe & Central Asia,3557.761,,12275.083900023406,0.773,95.21033910238955,53.0,-8.0
Ireland,IRL,1993,Europe & Central Asia,3578.349,,12533.070328814209,0.781,95.21033910238955,53.0,-8.0
Ireland,IRL,1994,Europe & Central Asia,3595.542,,13191.078115681548,0.789,95.21033910238955,53.0,-8.0
Ireland,IRL,1995,Europe & Central Asia,3613.89,,14388.531720851168,0.795,95.21033910238955,53.0,-8.0
Ireland,IRL,1996,Europe & Central Asia,3636.179,,15480.997778003179,0.801,95.21033910238955,53.0,-8.0
Ireland,IRL,1997,Europe & Central Asia,3667.233,,17142.89654874779,0.809,95.21033910238955,53.0,-8.0
Ireland,IRL,1998,Europe & Central Asia,3707.555,,18265.136997293364,0.84,95.21033910238955,53.0,-8.0
Ireland,IRL,1999,Europe & Central Asia,3750.141,,19921.650945924433,0.849,95.21033910238955,53.0,-8.0
Ireland,IRL,2000,Europe & Central Asia,3791.69,1.91,21551.339903842352,0.857,95.21033910238955,53.0,-8.0
Ireland,IRL,2001,Europe & Central Asia,3835.025,1.9,22605.067763573898,0.863,95.21033910238955,53.0,-8.0
Ireland,IRL,2002,Europe & Central Asia,3879.155,1.9,23822.71396734598,0.871,95.21033910238955,53.0,-8.0
Ireland,IRL,2003,Europe & Central Asia,3924.023,1.89,24601.537758570732,0.88,95.21033910238955,53.0,-8.0
Ireland,IRL,2004,Europe & Central Asia,3969.558,1.87,25379.399923114866,0.89,95.21033910238955,53.0,-8.0
Ireland,IRL,2005,Europe & Central Asia,4015.676,1.87,26643.334771032325,0.896,95.21033910238955,53.0,-8.0
Ireland,IRL,2006,Europe & Central Asia,4062.235,1.86,27760.33390485779,0.902,95.21033910238955,53.0,-8.0
Ireland,IRL,2007,Europe & Central Asia,4109.086,1.86,29090.410860225362,0.908,95.21033910238955,53.0,-8.0
Ireland,IRL,2008,Europe & Central Asia,4156.119,1.85,27898.383082871303,0.908,95.21033910238955,53.0,-8.0
Ireland,IRL,2009,Europe & Central Asia,4203.0,1.85,,0.906,95.21033910238955,53.0,-8.0
Ireland,IRL,2010,Europe & Central Asia,,2.03,,0.909,95.21033910238955,53.0,-8.0
Ireland,IRL,2011,Europe & Central Asia,,2.02,,0.895,95.21033910238955,53.0,-8.0
Ireland,IRL,2012,Europe & Central Asia,,2.01,,0.902,95.21033910238955,53.0,-8.0
Ireland,IRL,2013,Europe & Central Asia,,2.01,,0.911,95.21033910238955,53.0,-8.0
Ireland,IRL,2014,Europe & Central Asia,,2.0,,0.921,95.21033910238955,53.0,-8.0
Ireland,IRL,2015,Europe & Central Asia,,2.0,,0.929,95.21033910238955,53.0,-8.0
Ireland,IRL,2016,Europe & Central Asia,,1.98,,0.934,95.21033910238955,53.0,-8.0
Ireland,IRL,2017,Europe & Central Asia,,1.97,,0.938,95.21033910238955,53.0,-8.0
Israel,ISR,1960,Middle East & North Africa,2141.495,,4663.1665645218245,,92.51484705028778,31.3,34.45
Israel,ISR,1970,Middle East & North Africa,2903.434,,8100.623187320563,,92.51484705028778,31.3,34.45
Israel,ISR,1980,Middle East & North Africa,3737.473,,10984.255487765851,,92.51484705028778,31.3,34.45
Israel,ISR,1990,Middle East & North Africa,4477.808,,13066.884511350196,0.792,92.51484705028778,31.3,34.45
Israel,ISR,1991,Middle East & North Africa,4649.34,,13302.56995817974,0.8,92.51484705028778,31.3,34.45
Israel,ISR,1992,Middle East & North Africa,4822.463,,13696.598357222649,0.807,92.51484705028778,31.3,34.45
Israel,ISR,1993,Middle East & North Africa,4997.772,,13665.661365694894,0.812,92.51484705028778,31.3,34.45
Israel,ISR,1994,Middle East & North Africa,5174.857,,14333.14968896725,0.818,92.51484705028778,31.3,34.45
Israel,ISR,1995,Middle East & North Africa,5352.901,,14798.517663599607,0.823,92.51484705028778,31.3,34.45
Israel,ISR,1996,Middle East & North Africa,5514.519,,15039.933673272319,0.828,92.51484705028778,31.3,34.45
Israel,ISR,1997,Middle East & North Africa,5660.093,,15136.67708286772,0.835,92.51484705028778,31.3,34.45
Israel,ISR,1998,Middle East & North Africa,5808.725,,15191.974142346211,0.843,92.51484705028778,31.3,34.45
Israel,ISR,1999,Middle East & North Africa,5960.294,,15234.98673052034,0.85,92.51484705028778,31.3,34.45
Israel,ISR,2000,Middle East & North Africa,6114.57,2.6,16172.355537674768,0.853,92.51484705028778,31.3,34.45
Israel,ISR,2001,Middle East & North Africa,6251.342,2.57,15755.177048384172,0.857,92.51484705028778,31.3,34.45
Israel,ISR,2002,Middle East & North Africa,6369.54,2.54,15370.026720924901,0.865,92.51484705028778,31.3,34.45
Israel,ISR,2003,Middle East & North Africa,6491.919,2.5,15427.179544291912,0.865,92.51484705028778,31.3,34.45
Israel,ISR,2004,Middle East & North Africa,6617.728,2.44,15920.871936713023,0.868,92.51484705028778,31.3,34.45
Israel,ISR,2005,Middle East & North Africa,6742.915,2.44,16422.126038960894,0.872,92.51484705028778,31.3,34.45
Israel,ISR,2006,Middle East & North Africa,6866.876,2.41,16980.356132832454,0.872,92.51484705028778,31.3,34.45
Israel,ISR,2007,Middle East & North Africa,6990.062,2.38,17548.628324040616,0.881,92.51484705028778,31.3,34.45
Israel,ISR,2008,Middle East & North Africa,7112.359,2.77,17936.664895571215,0.88,92.51484705028778,31.3,34.45
Israel,ISR,2009,Middle East & North Africa,7234.0,2.75,,0.882,92.51484705028778,31.3,34.45
Israel,ISR,2010,Middle East & North Africa,,2.72,,0.887,92.51484705028778,31.3,34.45
Israel,ISR,2011,Middle East & North Africa,,2.7,,0.892,92.51484705028778,31.3,34.45
Israel,ISR,2012,Middle East & North Africa,,2.67,,0.893,92.51484705028778,31.3,34.45
Israel,ISR,2013,Middle East & North Africa,,2.65,,0.895,92.51484705028778,31.3,34.45
Israel,ISR,2014,Middle East & North Africa,,2.62,,0.899,92.51484705028778,31.3,34.45
Israel,ISR,2015,Middle East & North Africa,,2.62,,0.901,92.51484705028778,31.3,34.45
Israel,ISR,2016,Middle East & North Africa,,2.66,,0.902,92.51484705028778,31.3,34.45
Israel,ISR,2017,Middle East & North Africa,,2.64,,0.903,92.51484705028778,31.3,34.45
Italy,ITA,1960,Europe & Central Asia,50197.6,,5916.239023379604,,93.97126914322641,42.5,12.5
Italy,ITA,1970,Europe & Central Asia,53661.1,,9718.511174761605,,93.97126914322641,42.5,12.5
Italy,ITA,1980,Europe & Central Asia,56451.247,,13149.381801964446,,93.97126914322641,42.5,12.5
Italy,ITA,1990,Europe & Central Asia,56742.886,,16313.12866250758,0.769,93.97126914322641,42.5,12.5
Italy,ITA,1991,Europe & Central Asia,56747.462,,16538.57348133764,0.774,93.97126914322641,42.5,12.5
Italy,ITA,1992,Europe & Central Asia,56840.847,,16636.982096475338,0.78,93.97126914322641,42.5,12.5
Italy,ITA,1993,Europe & Central Asia,57026.746,,16436.19890104666,0.786,93.97126914322641,42.5,12.5
Italy,ITA,1994,Europe & Central Asia,57179.46,,16754.15408903099,0.794,93.97126914322641,42.5,12.5
Italy,ITA,1995,Europe & Central Asia,57274.531,,17215.400921868444,0.8,93.97126914322641,42.5,12.5
Italy,ITA,1996,Europe & Central Asia,57367.032,,17375.518410457076,0.806,93.97126914322641,42.5,12.5
Italy,ITA,1997,Europe & Central Asia,57479.469,,17692.918340068776,0.814,93.97126914322641,42.5,12.5
Italy,ITA,1998,Europe & Central Asia,57550.318,,17834.21943906548,0.819,93.97126914322641,42.5,12.5
Italy,ITA,1999,Europe & Central Asia,57603.634,,18160.156354024468,0.824,93.97126914322641,42.5,12.5
Italy,ITA,2000,Europe & Central Asia,57719.337,1.18,18773.56976570954,0.83,93.97126914322641,42.5,12.5
Italy,ITA,2001,Europe & Central Asia,57844.924,1.18,19068.708604405805,0.837,93.97126914322641,42.5,12.5
Italy,ITA,2002,Europe & Central Asia,57926.999,1.19,19107.20422440665,0.842,93.97126914322641,42.5,12.5
Italy,ITA,2003,Europe & Central Asia,57998.353,1.26,19090.076575105504,0.847,93.97126914322641,42.5,12.5
Italy,ITA,2004,Europe & Central Asia,58057.477,1.28,19299.908606087032,0.852,93.97126914322641,42.5,12.5
Italy,ITA,2005,Europe & Central Asia,58103.033,1.28,19419.777965807738,0.857,93.97126914322641,42.5,12.5
Italy,ITA,2006,Europe & Central Asia,58133.509,1.28,19797.77274411562,0.862,93.97126914322641,42.5,12.5
Italy,ITA,2007,Europe & Central Asia,58147.733,1.29,20109.623190297032,0.866,93.97126914322641,42.5,12.5
Italy,ITA,2008,Europe & Central Asia,58145.321,1.3,19909.35779682083,0.868,93.97126914322641,42.5,12.5
Italy,ITA,2009,Europe & Central Asia,58126.0,1.31,,0.868,93.97126914322641,42.5,12.5
Italy,ITA,2010,Europe & Central Asia,,1.32,,0.87,93.97126914322641,42.5,12.5
Italy,ITA,2011,Europe & Central Asia,,1.39,,0.875,93.97126914322641,42.5,12.5
Italy,ITA,2012,Europe & Central Asia,,1.4,,0.874,93.97126914322641,42.5,12.5
Italy,ITA,2013,Europe & Central Asia,,1.41,,0.876,93.97126914322641,42.5,12.5
Italy,ITA,2014,Europe & Central Asia,,1.42,,0.874,93.97126914322641,42.5,12.5
Italy,ITA,2015,Europe & Central Asia,,1.42,,0.876,93.97126914322641,42.5,12.5
Italy,ITA,2016,Europe & Central Asia,,1.43,,0.878,93.97126914322641,42.5,12.5
Italy,ITA,2017,Europe & Central Asia,,1.44,,0.88,93.97126914322641,42.5,12.5
Jamaica,JAM,1960,Latin America & Caribbean,1631.784,,2653.537477999539,,75.16611707949694,18.15,-77.3
Jamaica,JAM,1970,Latin America & Caribbean,1943.787,,3848.6727197990317,,75.16611707949694,18.15,-77.3
Jamaica,JAM,1980,Latin America & Caribbean,2228.803,,3121.4064230889853,,75.16611707949694,18.15,-77.3
Jamaica,JAM,1990,Latin America & Caribbean,2347.922,,3786.3268030198615,0.638,75.16611707949694,18.15,-77.3
Jamaica,JAM,1991,Latin America & Caribbean,2358.643,,3780.563654609875,0.639,75.16611707949694,18.15,-77.3
Jamaica,JAM,1992,Latin America & Caribbean,2378.618,,3842.567406788312,0.645,75.16611707949694,18.15,-77.3
Jamaica,JAM,1993,Latin America & Caribbean,2407.463,,3864.6492178695994,0.653,75.16611707949694,18.15,-77.3
Jamaica,JAM,1994,Latin America & Caribbean,2436.866,,3890.6529944609183,0.655,75.16611707949694,18.15,-77.3
Jamaica,JAM,1995,Latin America & Caribbean,2469.389,,3904.6096018083826,0.657,75.16611707949694,18.15,-77.3
Jamaica,JAM,1996,Latin America & Caribbean,2501.477,,3796.5569941278695,0.66,75.16611707949694,18.15,-77.3
Jamaica,JAM,1997,Latin America & Caribbean,2531.311,,3695.7134070053025,0.661,75.16611707949694,18.15,-77.3
Jamaica,JAM,1998,Latin America & Caribbean,2560.447,,3638.817753306356,0.662,75.16611707949694,18.15,-77.3
Jamaica,JAM,1999,Latin America & Caribbean,2588.786,,3595.507701293193,0.664,75.16611707949694,18.15,-77.3
Jamaica,JAM,2000,Latin America & Caribbean,2615.467,2.11,3598.2101857909124,0.662,75.16611707949694,18.15,-77.3
Jamaica,JAM,2001,Latin America & Caribbean,2640.289,2.08,3626.1182014544615,0.673,75.16611707949694,18.15,-77.3
Jamaica,JAM,2002,Latin America & Caribbean,2664.659,2.05,3629.732735032888,0.677,75.16611707949694,18.15,-77.3
Jamaica,JAM,2003,Latin America & Caribbean,2688.706,2.01,3723.352423061502,0.673,75.16611707949694,18.15,-77.3
Jamaica,JAM,2004,Latin America & Caribbean,2713.0,1.95,3741.6144489495023,0.691,75.16611707949694,18.15,-77.3
Jamaica,JAM,2005,Latin America & Caribbean,2737.0,2.47,3745.706978443551,0.695,75.16611707949694,18.15,-77.3
Jamaica,JAM,2006,Latin America & Caribbean,2759.0,2.41,3814.0630663283796,0.7,75.16611707949694,18.15,-77.3
Jamaica,JAM,2007,Latin America & Caribbean,2782.0,2.36,3835.3702372393964,0.705,75.16611707949694,18.15,-77.3
Jamaica,JAM,2008,Latin America & Caribbean,2804.0,2.3,3668.330955777461,0.708,75.16611707949694,18.15,-77.3
Jamaica,JAM,2009,Latin America & Caribbean,2826.0,2.25,,0.709,75.16611707949694,18.15,-77.3
Jamaica,JAM,2010,Latin America & Caribbean,,2.21,,0.712,75.16611707949694,18.15,-77.3
Jamaica,JAM,2011,Latin America & Caribbean,,2.17,,0.715,75.16611707949694,18.15,-77.3
Jamaica,JAM,2012,Latin America & Caribbean,,2.12,,0.721,75.16611707949694,18.15,-77.3
Jamaica,JAM,2013,Latin America & Caribbean,,2.09,,0.726,75.16611707949694,18.15,-77.3
Jamaica,JAM,2014,Latin America & Caribbean,,2.05,,0.728,75.16611707949694,18.15,-77.3
Jamaica,JAM,2015,Latin America & Caribbean,,2.05,,0.73,75.16611707949694,18.15,-77.3
Jamaica,JAM,2016,Latin America & Caribbean,,1.99,,0.732,75.16611707949694,18.15,-77.3
Jamaica,JAM,2017,Latin America & Caribbean,,1.96,,0.732,75.16611707949694,18.15,-77.3
Japan,JPN,1960,East Asia & Pacific,94091.638,,3986.4328857788614,,106.38721239935813,36.0,138.0
Japan,JPN,1970,East Asia & Pacific,104344.973,,9713.95143300291,,106.38721239935813,36.0,138.0
Japan,JPN,1980,East Asia & Pacific,116807.309,,13427.729937687376,,106.38721239935813,36.0,138.0
Japan,JPN,1990,East Asia & Pacific,123537.399,,18789.07131596643,0.816,106.38721239935813,36.0,138.0
Japan,JPN,1991,East Asia & Pacific,123946.268,,19354.578465298484,0.821,106.38721239935813,36.0,138.0
Japan,JPN,1992,East Asia & Pacific,124329.269,,19482.498448268896,0.824,106.38721239935813,36.0,138.0
Japan,JPN,1993,East Asia & Pacific,124668.019,,19477.665653177362,0.829,106.38721239935813,36.0,138.0
Japan,JPN,1994,East Asia & Pacific,125014.05,,19637.148299110933,0.835,106.38721239935813,36.0,138.0
Japan,JPN,1995,East Asia & Pacific,125341.354,,19979.41124640394,0.84,106.38721239935813,36.0,138.0
Japan,JPN,1996,East Asia & Pacific,125645.311,,20615.6931276158,0.845,106.38721239935813,36.0,138.0
Japan,JPN,1997,East Asia & Pacific,125956.499,,20929.031406352686,0.848,106.38721239935813,36.0,138.0
Japan,JPN,1998,East Asia & Pacific,126246.096,,20266.725713245025,0.847,106.38721239935813,36.0,138.0
Japan,JPN,1999,East Asia & Pacific,126494.403,,20197.676256079092,0.85,106.38721239935813,36.0,138.0
Japan,JPN,2000,East Asia & Pacific,126729.0,1.41,20737.60544153272,0.855,106.38721239935813,36.0,138.0
Japan,JPN,2001,East Asia & Pacific,126972.0,1.41,20736.122924739313,0.859,106.38721239935813,36.0,138.0
Japan,JPN,2002,East Asia & Pacific,127187.0,1.42,20755.27373080582,0.862,106.38721239935813,36.0,138.0
Japan,JPN,2003,East Asia & Pacific,127358.0,1.38,21091.914131817397,0.865,106.38721239935813,36.0,138.0
Japan,JPN,2004,East Asia & Pacific,127480.0,1.39,21576.27078757452,0.869,106.38721239935813,36.0,138.0
Japan,JPN,2005,East Asia & Pacific,127537.0,1.39,21976.391164916848,0.873,106.38721239935813,36.0,138.0
Japan,JPN,2006,East Asia & Pacific,127515.0,1.4,22419.785907540292,0.877,106.38721239935813,36.0,138.0
Japan,JPN,2007,East Asia & Pacific,127433.0,1.23,22950.201282242433,0.88,106.38721239935813,36.0,138.0
Japan,JPN,2008,East Asia & Pacific,127288.0,1.22,22815.512852743384,0.881,106.38721239935813,36.0,138.0
Japan,JPN,2009,East Asia & Pacific,127079.0,1.21,,0.88,106.38721239935813,36.0,138.0
Japan,JPN,2010,East Asia & Pacific,,1.2,,0.885,106.38721239935813,36.0,138.0
Japan,JPN,2011,East Asia & Pacific,,1.21,,0.89,106.38721239935813,36.0,138.0
Japan,JPN,2012,East Asia & Pacific,,1.39,,0.895,106.38721239935813,36.0,138.0
Japan,JPN,2013,East Asia & Pacific,,1.39,,0.899,106.38721239935813,36.0,138.0
Japan,JPN,2014,East Asia & Pacific,,1.4,,0.903,106.38721239935813,36.0,138.0
Japan,JPN,2015,East Asia & Pacific,,1.4,,0.905,106.38721239935813,36.0,138.0
Japan,JPN,2016,East Asia & Pacific,,1.41,,0.907,106.38721239935813,36.0,138.0
Japan,JPN,2017,East Asia & Pacific,,1.41,,0.909,106.38721239935813,36.0,138.0
Jordan,JOR,1960,Middle East & North Africa,848.515,,2330.006006263399,,80.76668761701356,31.0,36.0
Jordan,JOR,1970,Middle East & North Africa,1502.959,,2395.4831171605238,,80.76668761701356,31.0,36.0
Jordan,JOR,1980,Middle East & North Africa,2162.807,,4479.919352784236,,80.76668761701356,31.0,36.0
Jordan,JOR,1990,Middle East & North Africa,3262.054,,3792.395834035856,0.617,80.76668761701356,31.0,36.0
Jordan,JOR,1991,Middle East & North Africa,3630.633,,3485.7648790169646,0.627,80.76668761701356,31.0,36.0
Jordan,JOR,1992,Middle East & North Africa,3867.409,,3828.6546910347465,0.648,80.76668761701356,31.0,36.0
Jordan,JOR,1993,Middle East & North Africa,3984.238,,3931.9383228060174,0.659,80.76668761701356,31.0,36.0
Jordan,JOR,1994,Middle East & North Africa,4082.087,,4028.5765590003352,0.67,80.76668761701356,31.0,36.0
Jordan,JOR,1995,Middle East & North Africa,4201.514,,4163.975176567304,0.684,80.76668761701356,31.0,36.0
Jordan,JOR,1996,Middle East & North Africa,4363.534,,4093.241853965158,0.686,80.76668761701356,31.0,36.0
Jordan,JOR,1997,Middle East & North Africa,4526.235,,4067.177245547348,0.689,80.76668761701356,31.0,36.0
Jordan,JOR,1998,Middle East & North Africa,4685.946,,4044.0073359786907,0.693,80.76668761701356,31.0,36.0
Jordan,JOR,1999,Middle East & North Africa,4842.831,,4045.9805431988025,0.697,80.76668761701356,31.0,36.0
Jordan,JOR,2000,Middle East & North Africa,4998.564,3.44,4088.5742385213025,0.702,80.76668761701356,31.0,36.0
Jordan,JOR,2001,Middle East & North Africa,5153.378,3.29,4175.901709519465,0.708,80.76668761701356,31.0,36.0
Jordan,JOR,2002,Middle East & North Africa,5307.47,3.15,4289.802862757585,0.713,80.76668761701356,31.0,36.0
Jordan,JOR,2003,Middle East & North Africa,5460.265,3.0,4344.844068923394,0.719,80.76668761701356,31.0,36.0
Jordan,JOR,2004,Middle East & North Africa,5611.202,2.71,4591.707801643925,0.726,80.76668761701356,31.0,36.0
Jordan,JOR,2005,Middle East & North Africa,5759.732,2.71,4835.6416583271575,0.729,80.76668761701356,31.0,36.0
Jordan,JOR,2006,Middle East & North Africa,5906.76,2.63,5092.470322139378,0.732,80.76668761701356,31.0,36.0
Jordan,JOR,2007,Middle East & North Africa,6053.193,2.55,5411.524132800656,0.735,80.76668761701356,31.0,36.0
Jordan,JOR,2008,Middle East & North Africa,6198.677,2.47,5702.184514534311,0.736,80.76668761701356,31.0,36.0
Jordan,JOR,2009,Middle East & North Africa,6269.0,2.39,,0.734,80.76668761701356,31.0,36.0
Jordan,JOR,2010,Middle East & North Africa,,3.42,,0.728,80.76668761701356,31.0,36.0
Jordan,JOR,2011,Middle East & North Africa,,3.39,,0.726,80.76668761701356,31.0,36.0
Jordan,JOR,2012,Middle East & North Africa,,3.36,,0.726,80.76668761701356,31.0,36.0
Jordan,JOR,2013,Middle East & North Africa,,3.32,,0.727,80.76668761701356,31.0,36.0
Jordan,JOR,2014,Middle East & North Africa,,3.16,,0.73,80.76668761701356,31.0,36.0
Jordan,JOR,2015,Middle East & North Africa,,3.16,,0.733,80.76668761701356,31.0,36.0
Jordan,JOR,2016,Middle East & North Africa,,3.18,,0.735,80.76668761701356,31.0,36.0
Jordan,JOR,2017,Middle East & North Africa,,3.19,,0.735,80.76668761701356,31.0,36.0
Kazakhstan,KAZ,1960,Europe & Central Asia,9982.014,,,,88.76510342421327,48.0,68.0
Kazakhstan,KAZ,1970,Europe & Central Asia,13106.377,,,,88.76510342421327,48.0,68.0
Kazakhstan,KAZ,1980,Europe & Central Asia,14966.718,,,,88.76510342421327,48.0,68.0
Kazakhstan,KAZ,1990,Europe & Central Asia,16398.131,,7457.862118554852,0.69,88.76510342421327,48.0,68.0
Kazakhstan,KAZ,1991,Europe & Central Asia,16504.75,,6594.619730683592,0.684,88.76510342421327,48.0,68.0
Kazakhstan,KAZ,1992,Europe & Central Asia,16542.063,,6231.018153539858,,88.76510342421327,48.0,68.0
Kazakhstan,KAZ,1993,Europe & Central Asia,16451.625,,5688.866390025301,0.675,88.76510342421327,48.0,68.0
Kazakhstan,KAZ,1994,Europe & Central Asia,16182.154,,5054.865894973018,0.667,88.76510342421327,48.0,68.0
Kazakhstan,KAZ,1995,Europe & Central Asia,15878.488,,4729.110961707029,0.664,88.76510342421327,48.0,68.0
Kazakhstan,KAZ,1996,Europe & Central Asia,15696.091,,4807.986097584054,0.666,88.76510342421327,48.0,68.0
Kazakhstan,KAZ,1997,Europe & Central Asia,15484.518,,4956.532666936047,0.669,88.76510342421327,48.0,68.0
Kazakhstan,KAZ,1998,Europe & Central Asia,15247.098,,4938.072702889613,0.672,88.76510342421327,48.0,68.0
Kazakhstan,KAZ,1999,Europe & Central Asia,15084.623,,5126.024226773785,0.676,88.76510342421327,48.0,68.0
Kazakhstan,KAZ,2000,Europe & Central Asia,15032.14,2.03,5648.025428104345,0.685,88.76510342421327,48.0,68.0
Kazakhstan,KAZ,2001,Europe & Central Asia,15052.25,2.07,6401.944338438821,0.7,88.76510342421327,48.0,68.0
Kazakhstan,KAZ,2002,Europe & Central Asia,15077.224,2.12,7017.691453131943,0.713,88.76510342421327,48.0,68.0
Kazakhstan,KAZ,2003,Europe & Central Asia,15107.581,2.16,7654.92407155845,0.725,88.76510342421327,48.0,68.0
Kazakhstan,KAZ,2004,Europe & Central Asia,15143.704,1.89,8346.835093977008,0.737,88.76510342421327,48.0,68.0
Kazakhstan,KAZ,2005,Europe & Central Asia,15185.844,1.89,9131.069698859017,0.747,88.76510342421327,48.0,68.0
Kazakhstan,KAZ,2006,Europe & Central Asia,15233.244,1.89,10076.64552606129,0.754,88.76510342421327,48.0,68.0
Kazakhstan,KAZ,2007,Europe & Central Asia,15284.929,1.89,10936.328196225184,0.759,88.76510342421327,48.0,68.0
Kazakhstan,KAZ,2008,Europe & Central Asia,15340.533,1.88,11245.43716962116,0.759,88.76510342421327,48.0,68.0
Kazakhstan,KAZ,2009,Europe & Central Asia,15399.0,1.88,,0.763,88.76510342421327,48.0,68.0
Kazakhstan,KAZ,2010,Europe & Central Asia,,1.87,,0.765,88.76510342421327,48.0,68.0
Kazakhstan,KAZ,2011,Europe & Central Asia,,1.87,,0.772,88.76510342421327,48.0,68.0
Kazakhstan,KAZ,2012,Europe & Central Asia,,2.41,,0.781,88.76510342421327,48.0,68.0
Kazakhstan,KAZ,2013,Europe & Central Asia,,2.38,,0.788,88.76510342421327,48.0,68.0
Kazakhstan,KAZ,2014,Europe & Central Asia,,2.34,,0.793,88.76510342421327,48.0,68.0
Kazakhstan,KAZ,2015,Europe & Central Asia,,2.34,,0.797,88.76510342421327,48.0,68.0
Kazakhstan,KAZ,2016,Europe & Central Asia,,2.28,,0.797,88.76510342421327,48.0,68.0
Kazakhstan,KAZ,2017,Europe & Central Asia,,2.25,,0.8,88.76510342421327,48.0,68.0
Kenya,KEN,1960,Sub-Saharan Africa,8156.827,,725.5171511750693,,75.22246843674809,1.0,38.0
Kenya,KEN,1970,Sub-Saharan Africa,11247.182,,914.9532664845209,,75.22246843674809,1.0,38.0
Kenya,KEN,1980,Sub-Saharan Africa,16330.543,,1050.8143479977298,,75.22246843674809,1.0,38.0
Kenya,KEN,1990,Sub-Saharan Africa,23354.478,,1117.2589684941793,0.468,75.22246843674809,1.0,38.0
Kenya,KEN,1991,Sub-Saharan Africa,24121.429,,1096.8795422526584,0.466,75.22246843674809,1.0,38.0
Kenya,KEN,1992,Sub-Saharan Africa,25018.974,,1049.0692217834355,0.463,75.22246843674809,1.0,38.0
Kenya,KEN,1993,Sub-Saharan Africa,25817.554,,1020.6862403129282,0.458,75.22246843674809,1.0,38.0
Kenya,KEN,1994,Sub-Saharan Africa,26454.524,,1023.0386303680987,0.457,75.22246843674809,1.0,38.0
Kenya,KEN,1995,Sub-Saharan Africa,27123.906,,1041.664132002227,0.456,75.22246843674809,1.0,38.0
Kenya,KEN,1996,Sub-Saharan Africa,27790.287,,1059.398918766114,0.455,75.22246843674809,1.0,38.0
Kenya,KEN,1997,Sub-Saharan Africa,28458.61,,1056.2357051170104,0.453,75.22246843674809,1.0,38.0
Kenya,KEN,1998,Sub-Saharan Africa,29122.893,,1048.6595545298333,0.452,75.22246843674809,1.0,38.0
Kenya,KEN,1999,Sub-Saharan Africa,29795.495,,1038.31132860857,0.451,75.22246843674809,1.0,38.0
Kenya,KEN,2000,Sub-Saharan Africa,30507.979,3.66,1013.0464558140675,0.451,75.22246843674809,1.0,38.0
Kenya,KEN,2001,Sub-Saharan Africa,31298.701,3.5,998.316192100113,0.456,75.22246843674809,1.0,38.0
Kenya,KEN,2002,Sub-Saharan Africa,32155.316,3.34,982.4192055833007,0.456,75.22246843674809,1.0,38.0
Kenya,KEN,2003,Sub-Saharan Africa,33041.785,3.47,982.8464170443575,0.468,75.22246843674809,1.0,38.0
Kenya,KEN,2004,Sub-Saharan Africa,33967.087,4.96,1000.0268789608011,0.48,75.22246843674809,1.0,38.0
Kenya,KEN,2005,Sub-Saharan Africa,34911.779,4.96,1030.3685756030936,0.49,75.22246843674809,1.0,38.0
Kenya,KEN,2006,Sub-Saharan Africa,35890.645,4.91,1066.4060230737007,0.505,75.22246843674809,1.0,38.0
Kenya,KEN,2007,Sub-Saharan Africa,36913.721,4.82,1110.4813844152966,0.514,75.22246843674809,1.0,38.0
Kenya,KEN,2008,Sub-Saharan Africa,37953.838,4.7,1098.4132882687647,0.523,75.22246843674809,1.0,38.0
Kenya,KEN,2009,Sub-Saharan Africa,39003.0,4.56,,0.533,75.22246843674809,1.0,38.0
Kenya,KEN,2010,Sub-Saharan Africa,,4.38,,0.543,75.22246843674809,1.0,38.0
Kenya,KEN,2011,Sub-Saharan Africa,,4.19,,0.552,75.22246843674809,1.0,38.0
Kenya,KEN,2012,Sub-Saharan Africa,,3.98,,0.559,75.22246843674809,1.0,38.0
Kenya,KEN,2013,Sub-Saharan Africa,,3.76,,0.566,75.22246843674809,1.0,38.0
Kenya,KEN,2014,Sub-Saharan Africa,,3.54,,0.572,75.22246843674809,1.0,38.0
Kenya,KEN,2015,Sub-Saharan Africa,,3.54,,0.578,75.22246843674809,1.0,38.0
Kenya,KEN,2016,Sub-Saharan Africa,,3.14,,0.585,75.22246843674809,1.0,38.0
Kenya,KEN,2017,Sub-Saharan Africa,,2.98,,0.59,75.22246843674809,1.0,38.0
Kiribati,KIR,1960,East Asia & Pacific,40.732,,,,83.96000000000001,1.25,173.0
Kiribati,KIR,1970,East Asia & Pacific,48.899,,,,83.96000000000001,1.25,173.0
Kiribati,KIR,1980,East Asia & Pacific,57.536,,,,83.96000000000001,1.25,173.0
Kiribati,KIR,1990,East Asia & Pacific,71.354,,,,83.96000000000001,1.25,173.0
Kiribati,KIR,1991,East Asia & Pacific,73.336,,,,83.96000000000001,1.25,173.0
Kiribati,KIR,1992,East Asia & Pacific,75.345,,,,83.96000000000001,1.25,173.0
Kiribati,KIR,1993,East Asia & Pacific,77.375,,,,83.96000000000001,1.25,173.0
Kiribati,KIR,1994,East Asia & Pacific,79.422,,,,83.96000000000001,1.25,173.0
Kiribati,KIR,1995,East Asia & Pacific,81.485,,,,83.96000000000001,1.25,173.0
Kiribati,KIR,1996,East Asia & Pacific,83.563,,,,83.96000000000001,1.25,173.0
Kiribati,KIR,1997,East Asia & Pacific,85.656,,,,83.96000000000001,1.25,173.0
Kiribati,KIR,1998,East Asia & Pacific,87.763,,,,83.96000000000001,1.25,173.0
Kiribati,KIR,1999,East Asia & Pacific,89.887,,,,83.96000000000001,1.25,173.0
Kiribati,KIR,2000,East Asia & Pacific,92.033,4.4,,0.552,83.96000000000001,1.25,173.0
Kiribati,KIR,2001,East Asia & Pacific,94.203,4.36,,0.567,83.96000000000001,1.25,173.0
Kiribati,KIR,2002,East Asia & Pacific,96.396,4.32,,0.566,83.96000000000001,1.25,173.0
Kiribati,KIR,2003,East Asia & Pacific,98.618,4.28,,0.57,83.96000000000001,1.25,173.0
Kiribati,KIR,2004,East Asia & Pacific,100.875,4.2,,0.568,83.96000000000001,1.25,173.0
Kiribati,KIR,2005,East Asia & Pacific,103.176,4.2,,0.585,83.96000000000001,1.25,173.0
Kiribati,KIR,2006,East Asia & Pacific,105.523,4.16,,0.58,83.96000000000001,1.25,173.0
Kiribati,KIR,2007,East Asia & Pacific,107.915,4.12,,0.582,83.96000000000001,1.25,173.0
Kiribati,KIR,2008,East Asia & Pacific,110.356,4.08,,0.585,83.96000000000001,1.25,173.0
Kiribati,KIR,2009,East Asia & Pacific,98.0,4.04,,0.584,83.96000000000001,1.25,173.0
Kiribati,KIR,2010,East Asia & Pacific,,2.86,,0.59,83.96000000000001,1.25,173.0
Kiribati,KIR,2011,East Asia & Pacific,,2.78,,0.59,83.96000000000001,1.25,173.0
Kiribati,KIR,2012,East Asia & Pacific,,2.71,,0.598,83.96000000000001,1.25,173.0
Kiribati,KIR,2013,East Asia & Pacific,,2.63,,0.609,83.96000000000001,1.25,173.0
Kiribati,KIR,2014,East Asia & Pacific,,2.56,,0.616,83.96000000000001,1.25,173.0
Kiribati,KIR,2015,East Asia & Pacific,,2.56,,0.621,83.96000000000001,1.25,173.0
Kiribati,KIR,2016,East Asia & Pacific,,2.43,,0.61,83.96000000000001,1.25,173.0
Kiribati,KIR,2017,East Asia & Pacific,,2.39,,0.612,83.96000000000001,1.25,173.0
"Korea, North",PRK,1960,East Asia & Pacific,10391.909,,1104.9942796843197,,102.7526689906257,40.0,127.0
"Korea, North",PRK,1970,East Asia & Pacific,13911.902,,1954.0103143337267,,102.7526689906257,40.0,127.0
"Korea, North",PRK,1980,East Asia & Pacific,17113.626,,2841.0694495719376,,102.7526689906257,40.0,127.0
"Korea, North",PRK,1990,East Asia & Pacific,20018.546,,2841.0654799804147,,102.7526689906257,40.0,127.0
"Korea, North",PRK,1991,East Asia & Pacific,20361.086,,2841.0075965496144,,102.7526689906257,40.0,127.0
"Korea, North",PRK,1992,East Asia & Pacific,20711.375,,2577.858785329318,,102.7526689906257,40.0,127.0
"Korea, North",PRK,1993,East Asia & Pacific,21072.651,,2541.3034174010663,,102.7526689906257,40.0,127.0
"Korea, North",PRK,1994,East Asia & Pacific,21328.968,,1850.4411465196065,,102.7526689906257,40.0,127.0
"Korea, North",PRK,1995,East Asia & Pacific,21533.979,,1521.2237366814559,,102.7526689906257,40.0,127.0
"Korea, North",PRK,1996,East Asia & Pacific,21605.963,,1253.8668144530286,,102.7526689906257,40.0,127.0
"Korea, North",PRK,1997,East Asia & Pacific,21470.453,,1175.9882290327082,,102.7526689906257,40.0,127.0
"Korea, North",PRK,1998,East Asia & Pacific,21204.866,,1185.1053432735673,,102.7526689906257,40.0,127.0
"Korea, North",PRK,1999,East Asia & Pacific,21102.088,,1199.4073761800255,,102.7526689906257,40.0,127.0
"Korea, North",PRK,2000,East Asia & Pacific,21263.45,2.3,1190.3054302100552,,102.7526689906257,40.0,127.0
"Korea, North",PRK,2001,East Asia & Pacific,21494.731,2.26,1177.497871455102,,102.7526689906257,40.0,127.0
"Korea, North",PRK,2002,East Asia & Pacific,21712.136,2.22,1165.7075103066784,,102.7526689906257,40.0,127.0
"Korea, North",PRK,2003,East Asia & Pacific,21898.28,2.25,1155.7985376020401,,102.7526689906257,40.0,127.0
"Korea, North",PRK,2004,East Asia & Pacific,22054.479,2.15,1147.61269128144,,102.7526689906257,40.0,127.0
"Korea, North",PRK,2005,East Asia & Pacific,22198.568,2.15,1140.1636357804703,,102.7526689906257,40.0,127.0
"Korea, North",PRK,2006,East Asia & Pacific,22331.558,2.1,1133.3736768388483,,102.7526689906257,40.0,127.0
"Korea, North",PRK,2007,East Asia & Pacific,22454.218,2.05,1127.1824295996414,,102.7526689906257,40.0,127.0
"Korea, North",PRK,2008,East Asia & Pacific,22565.347,2.0,1121.6313225761608,,102.7526689906257,40.0,127.0
"Korea, North",PRK,2009,East Asia & Pacific,22665.0,1.96,,,102.7526689906257,40.0,127.0
"Korea, North",PRK,2010,East Asia & Pacific,,1.94,,,102.7526689906257,40.0,127.0
"Korea, North",PRK,2011,East Asia & Pacific,,2.02,,,102.7526689906257,40.0,127.0
"Korea, North",PRK,2012,East Asia & Pacific,,2.01,,,102.7526689906257,40.0,127.0
"Korea, North",PRK,2013,East Asia & Pacific,,1.99,,,102.7526689906257,40.0,127.0
"Korea, North",PRK,2014,East Asia & Pacific,,1.98,,,102.7526689906257,40.0,127.0
"Korea, North",PRK,2015,East Asia & Pacific,,1.98,,,102.7526689906257,40.0,127.0
"Korea, North",PRK,2016,East Asia & Pacific,,1.96,,,102.7526689906257,40.0,127.0
"Korea, North",PRK,2017,East Asia & Pacific,,1.95,,,102.7526689906257,40.0,127.0
"Korea, South",KOR,1960,East Asia & Pacific,24784.14,,1226.3891343415587,,102.63886903120816,37.0,127.3
"Korea, South",KOR,1970,East Asia & Pacific,32241.0,,2167.3335194317797,,102.63886903120816,37.0,127.3
"Korea, South",KOR,1980,East Asia & Pacific,38124.0,,4114.101353478124,,102.63886903120816,37.0,127.3
"Korea, South",KOR,1990,East Asia & Pacific,42869.0,,8704.425109053162,0.728,102.63886903120816,37.0,127.3
"Korea, South",KOR,1991,East Asia & Pacific,43339.909,,9404.304920726645,0.739,102.63886903120816,37.0,127.3
"Korea, South",KOR,1992,East Asia & Pacific,43837.115,,9803.206597265513,0.746,102.63886903120816,37.0,127.3
"Korea, South",KOR,1993,East Asia & Pacific,44307.038,,10231.867043115019,0.756,102.63886903120816,37.0,127.3
"Korea, South",KOR,1994,East Asia & Pacific,44718.897,,10973.993008059004,0.767,102.63886903120816,37.0,127.3
"Korea, South",KOR,1995,East Asia & Pacific,45105.079,,11850.489017883328,0.778,102.63886903120816,37.0,127.3
"Korea, South",KOR,1996,East Asia & Pacific,45467.969,,12578.661886621183,0.789,102.63886903120816,37.0,127.3
"Korea, South",KOR,1997,East Asia & Pacific,45807.825,,13066.023315022296,0.8,102.63886903120816,37.0,127.3
"Korea, South",KOR,1998,East Asia & Pacific,46151.512,,12281.612788764103,0.797,102.63886903120816,37.0,127.3
"Korea, South",KOR,1999,East Asia & Pacific,46485.422,,13350.03477004038,0.808,102.63886903120816,37.0,127.3
"Korea, South",KOR,2000,East Asia & Pacific,46838.842,1.72,14374.586801270621,0.817,102.63886903120816,37.0,127.3
"Korea, South",KOR,2001,East Asia & Pacific,47177.811,1.72,14947.259846371422,0.824,102.63886903120816,37.0,127.3
"Korea, South",KOR,2002,East Asia & Pacific,47437.276,1.72,15763.573776875384,0.832,102.63886903120816,37.0,127.3
"Korea, South",KOR,2003,East Asia & Pacific,47656.631,1.56,16177.350010327,0.839,102.63886903120816,37.0,127.3
"Korea, South",KOR,2004,East Asia & Pacific,47853.847,1.26,16873.43966306408,0.847,102.63886903120816,37.0,127.3
"Korea, South",KOR,2005,East Asia & Pacific,48005.157,1.26,17493.058089571503,0.855,102.63886903120816,37.0,127.3
"Korea, South",KOR,2006,East Asia & Pacific,48123.561,1.27,18357.432027941573,0.862,102.63886903120816,37.0,127.3
"Korea, South",KOR,2007,East Asia & Pacific,48250.148,1.28,19243.029057651802,0.869,102.63886903120816,37.0,127.3
"Korea, South",KOR,2008,East Asia & Pacific,48379.392,1.2,19613.847152109724,0.874,102.63886903120816,37.0,127.3
"Korea, South",KOR,2009,East Asia & Pacific,48509.0,1.21,,0.869,102.63886903120816,37.0,127.3
"Korea, South",KOR,2010,East Asia & Pacific,,1.22,,0.884,102.63886903120816,37.0,127.3
"Korea, South",KOR,2011,East Asia & Pacific,,1.23,,0.888,102.63886903120816,37.0,127.3
"Korea, South",KOR,2012,East Asia & Pacific,,1.23,,0.89,102.63886903120816,37.0,127.3
"Korea, South",KOR,2013,East Asia & Pacific,,1.24,,0.893,102.63886903120816,37.0,127.3
"Korea, South",KOR,2014,East Asia & Pacific,,1.25,,0.896,102.63886903120816,37.0,127.3
"Korea, South",KOR,2015,East Asia & Pacific,,1.25,,0.898,102.63886903120816,37.0,127.3
"Korea, South",KOR,2016,East Asia & Pacific,,1.25,,0.9,102.63886903120816,37.0,127.3
"Korea, South",KOR,2017,East Asia & Pacific,,1.26,,0.903,102.63886903120816,37.0,127.3
Kuwait,KWT,1960,Middle East & North Africa,292.229,,28813.49350289377,,78.61976969736799,29.3,45.45
Kuwait,KWT,1970,Middle East & North Africa,747.502,,30694.56670350046,,78.61976969736799,29.3,45.45
Kuwait,KWT,1980,Middle East & North Africa,1369.769,,13270.94855305634,,78.61976969736799,29.3,45.45
Kuwait,KWT,1990,Middle East & North Africa,2142.011,,6120.883599570684,0.713,78.61976969736799,29.3,45.45
Kuwait,KWT,1991,Middle East & North Africa,954.071,,8107.876667459759,0.673,78.61976969736799,29.3,45.45
Kuwait,KWT,1992,Middle East & North Africa,1418.095,,9676.89700619493,0.666,78.61976969736799,29.3,45.45
Kuwait,KWT,1993,Middle East & North Africa,1483.773,,12411.563579415451,0.695,78.61976969736799,29.3,45.45
Kuwait,KWT,1994,Middle East & North Africa,1551.427,,12872.020404440558,0.721,78.61976969736799,29.3,45.45
Kuwait,KWT,1995,Middle East & North Africa,1620.808,,12454.282061786467,0.747,78.61976969736799,29.3,45.45
Kuwait,KWT,1996,Middle East & North Africa,1692.893,,11529.376044439901,0.772,78.61976969736799,29.3,45.45
Kuwait,KWT,1997,Middle East & North Africa,1765.345,,11163.82350192172,0.775,78.61976969736799,29.3,45.45
Kuwait,KWT,1998,Middle East & North Africa,1835.863,,10542.180979735416,0.781,78.61976969736799,29.3,45.45
Kuwait,KWT,1999,Middle East & North Africa,1905.246,,9975.614697524623,0.786,78.61976969736799,29.3,45.45
Kuwait,KWT,2000,Middle East & North Africa,1973.572,3.26,10082.733236993634,0.786,78.61976969736799,29.3,45.45
Kuwait,KWT,2001,Middle East & North Africa,2041.961,3.2,9764.633114932165,0.786,78.61976969736799,29.3,45.45
Kuwait,KWT,2002,Middle East & North Africa,2111.561,3.14,9725.979974057107,0.788,78.61976969736799,29.3,45.45
Kuwait,KWT,2003,Middle East & North Africa,2183.161,3.08,10958.8802658164,0.791,78.61976969736799,29.3,45.45
Kuwait,KWT,2004,Middle East & North Africa,2257.549,2.97,11710.930748346991,0.789,78.61976969736799,29.3,45.45
Kuwait,KWT,2005,Middle East & North Africa,2335.648,2.97,12519.00971379249,0.783,78.61976969736799,29.3,45.45
Kuwait,KWT,2006,Middle East & North Africa,2418.393,2.91,12707.612038241923,0.788,78.61976969736799,29.3,45.45
Kuwait,KWT,2007,Middle East & North Africa,2505.559,2.86,12572.044801180095,0.788,78.61976969736799,29.3,45.45
Kuwait,KWT,2008,Middle East & North Africa,2596.799,2.81,12894.33645037602,0.789,78.61976969736799,29.3,45.45
Kuwait,KWT,2009,Middle East & North Africa,2693.0,2.76,,0.79,78.61976969736799,29.3,45.45
Kuwait,KWT,2010,Middle East & North Africa,,2.7,,0.792,78.61976969736799,29.3,45.45
Kuwait,KWT,2011,Middle East & North Africa,,2.64,,0.794,78.61976969736799,29.3,45.45
Kuwait,KWT,2012,Middle East & North Africa,,2.6,,0.796,78.61976969736799,29.3,45.45
Kuwait,KWT,2013,Middle East & North Africa,,2.56,,0.795,78.61976969736799,29.3,45.45
Kuwait,KWT,2014,Middle East & North Africa,,2.53,,0.799,78.61976969736799,29.3,45.45
Kuwait,KWT,2015,Middle East & North Africa,,2.53,,0.802,78.61976969736799,29.3,45.45
Kuwait,KWT,2016,Middle East & North Africa,,2.44,,0.804,78.61976969736799,29.3,45.45
Kuwait,KWT,2017,Middle East & North Africa,,2.4,,0.803,78.61976969736799,29.3,45.45
Kyrgyzstan,KGZ,1960,Europe & Central Asia,2171.285,,,,79.09271249509324,41.0,75.0
Kyrgyzstan,KGZ,1970,Europe & Central Asia,2963.792,,,,79.09271249509324,41.0,75.0
Kyrgyzstan,KGZ,1980,Europe & Central Asia,3622.728,,,,79.09271249509324,41.0,75.0
Kyrgyzstan,KGZ,1990,Europe & Central Asia,4382.486,,3602.2933102353327,0.618,79.09271249509324,41.0,75.0
Kyrgyzstan,KGZ,1991,Europe & Central Asia,4448.687,,3268.3411982007274,0.611,79.09271249509324,41.0,75.0
Kyrgyzstan,KGZ,1992,Europe & Central Asia,4495.436,,2788.0123026998936,0.601,79.09271249509324,41.0,75.0
Kyrgyzstan,KGZ,1993,Europe & Central Asia,4490.211,,2358.6117865129277,0.588,79.09271249509324,41.0,75.0
Kyrgyzstan,KGZ,1994,Europe & Central Asia,4486.193,,1886.218672766747,0.569,79.09271249509324,41.0,75.0
Kyrgyzstan,KGZ,1995,Europe & Central Asia,4532.223,,1766.240582579179,0.563,79.09271249509324,41.0,75.0
Kyrgyzstan,KGZ,1996,Europe & Central Asia,4598.192,,1864.5047709020341,0.568,79.09271249509324,41.0,75.0
Kyrgyzstan,KGZ,1997,Europe & Central Asia,4663.484,,2020.4020562211426,0.576,79.09271249509324,41.0,75.0
Kyrgyzstan,KGZ,1998,Europe & Central Asia,4729.895,,2033.8669312262198,0.58,79.09271249509324,41.0,75.0
Kyrgyzstan,KGZ,1999,Europe & Central Asia,4796.574,,2079.8003280535477,0.587,79.09271249509324,41.0,75.0
Kyrgyzstan,KGZ,2000,Europe & Central Asia,4851.054,3.22,2167.490951942548,0.594,79.09271249509324,41.0,75.0
Kyrgyzstan,KGZ,2001,Europe & Central Asia,4901.329,3.19,2258.956760903235,0.602,79.09271249509324,41.0,75.0
Kyrgyzstan,KGZ,2002,Europe & Central Asia,4959.164,3.16,2232.6122471370363,0.604,79.09271249509324,41.0,75.0
Kyrgyzstan,KGZ,2003,Europe & Central Asia,5019.15,3.12,2353.726613241781,0.611,79.09271249509324,41.0,75.0
Kyrgyzstan,KGZ,2004,Europe & Central Asia,5081.429,2.7,2487.686042646665,0.615,79.09271249509324,41.0,75.0
Kyrgyzstan,KGZ,2005,Europe & Central Asia,5146.281,2.7,2451.2847238617555,0.616,79.09271249509324,41.0,75.0
Kyrgyzstan,KGZ,2006,Europe & Central Asia,5213.898,2.69,2494.6786454203743,0.621,79.09271249509324,41.0,75.0
Kyrgyzstan,KGZ,2007,Europe & Central Asia,5284.149,2.68,2670.6287048302383,0.628,79.09271249509324,41.0,75.0
Kyrgyzstan,KGZ,2008,Europe & Central Asia,5356.869,2.67,2834.6782420850686,0.631,79.09271249509324,41.0,75.0
Kyrgyzstan,KGZ,2009,Europe & Central Asia,5432.0,2.65,,0.636,79.09271249509324,41.0,75.0
Kyrgyzstan,KGZ,2010,Europe & Central Asia,,2.64,,0.636,79.09271249509324,41.0,75.0
Kyrgyzstan,KGZ,2011,Europe & Central Asia,,2.63,,0.639,79.09271249509324,41.0,75.0
Kyrgyzstan,KGZ,2012,Europe & Central Asia,,2.73,,0.649,79.09271249509324,41.0,75.0
Kyrgyzstan,KGZ,2013,Europe & Central Asia,,2.71,,0.658,79.09271249509324,41.0,75.0
Kyrgyzstan,KGZ,2014,Europe & Central Asia,,2.68,,0.663,79.09271249509324,41.0,75.0
Kyrgyzstan,KGZ,2015,Europe & Central Asia,,2.68,,0.666,79.09271249509324,41.0,75.0
Kyrgyzstan,KGZ,2016,Europe & Central Asia,,2.64,,0.669,79.09271249509324,41.0,75.0
Kyrgyzstan,KGZ,2017,Europe & Central Asia,,2.61,,0.672,79.09271249509324,41.0,75.0
Laos,LAO,1960,East Asia & Pacific,2309.365,,678.974523299695,,80.12453168685927,18.0,105.0
Laos,LAO,1970,East Asia & Pacific,2844.851,,747.6665737502597,,80.12453168685927,18.0,105.0
Laos,LAO,1980,East Asia & Pacific,3293.159,,876.0585201018232,,80.12453168685927,18.0,105.0
Laos,LAO,1990,East Asia & Pacific,4210.452,,929.1163989044406,0.4,80.12453168685927,18.0,105.0
Laos,LAO,1991,East Asia & Pacific,4330.626,,930.8123121230049,0.405,80.12453168685927,18.0,105.0
Laos,LAO,1992,East Asia & Pacific,4454.183,,953.0367297437037,0.411,80.12453168685927,18.0,105.0
Laos,LAO,1993,East Asia & Pacific,4581.218,,1020.2526926245379,0.417,80.12453168685927,18.0,105.0
Laos,LAO,1994,East Asia & Pacific,4711.829,,1053.5187079157583,0.426,80.12453168685927,18.0,105.0
Laos,LAO,1995,East Asia & Pacific,4846.116,,1079.2147773598485,0.428,80.12453168685927,18.0,105.0
Laos,LAO,1996,East Asia & Pacific,4971.042,,1077.2389370276896,0.441,80.12453168685927,18.0,105.0
Laos,LAO,1997,East Asia & Pacific,5098.612,,1105.3988811072504,0.448,80.12453168685927,18.0,105.0
Laos,LAO,1998,East Asia & Pacific,5228.908,,1110.3656824713687,0.455,80.12453168685927,18.0,105.0
Laos,LAO,1999,East Asia & Pacific,5361.949,,1166.926429177152,0.462,80.12453168685927,18.0,105.0
Laos,LAO,2000,East Asia & Pacific,5497.733,5.21,1203.223219461549,0.466,80.12453168685927,18.0,105.0
Laos,LAO,2001,East Asia & Pacific,5636.273,5.12,1240.5360776527325,0.472,80.12453168685927,18.0,105.0
Laos,LAO,2002,East Asia & Pacific,5777.564,5.03,1280.9897043113672,0.48,80.12453168685927,18.0,105.0
Laos,LAO,2003,East Asia & Pacific,5921.545,4.94,1322.2900442367659,0.489,80.12453168685927,18.0,105.0
Laos,LAO,2004,East Asia & Pacific,6068.117,4.77,1372.9135413835957,0.497,80.12453168685927,18.0,105.0
Laos,LAO,2005,East Asia & Pacific,6217.141,4.77,1435.2256125444155,0.506,80.12453168685927,18.0,105.0
Laos,LAO,2006,East Asia & Pacific,6368.481,4.68,1518.7295055131672,0.512,80.12453168685927,18.0,105.0
Laos,LAO,2007,East Asia & Pacific,6521.998,4.59,1594.1433898017144,0.521,80.12453168685927,18.0,105.0
Laos,LAO,2008,East Asia & Pacific,6677.534,4.5,1669.1790711960434,0.529,80.12453168685927,18.0,105.0
Laos,LAO,2009,East Asia & Pacific,6834.0,4.41,,0.539,80.12453168685927,18.0,105.0
Laos,LAO,2010,East Asia & Pacific,,3.22,,0.546,80.12453168685927,18.0,105.0
Laos,LAO,2011,East Asia & Pacific,,3.14,,0.558,80.12453168685927,18.0,105.0
Laos,LAO,2012,East Asia & Pacific,,3.06,,0.569,80.12453168685927,18.0,105.0
Laos,LAO,2013,East Asia & Pacific,,2.98,,0.579,80.12453168685927,18.0,105.0
Laos,LAO,2014,East Asia & Pacific,,2.9,,0.586,80.12453168685927,18.0,105.0
Laos,LAO,2015,East Asia & Pacific,,2.9,,0.593,80.12453168685927,18.0,105.0
Laos,LAO,2016,East Asia & Pacific,,2.76,,0.598,80.12453168685927,18.0,105.0
Laos,LAO,2017,East Asia & Pacific,,2.7,,0.601,80.12453168685927,18.0,105.0
Latvia,LVA,1960,Europe & Central Asia,2115.183,,,,94.81763756480103,57.0,25.0
Latvia,LVA,1970,Europe & Central Asia,2361.159,,,,94.81763756480103,57.0,25.0
Latvia,LVA,1980,Europe & Central Asia,2524.543,,,,94.81763756480103,57.0,25.0
Latvia,LVA,1990,Europe & Central Asia,2663.59,,9916.315949526766,0.704,94.81763756480103,57.0,25.0
Latvia,LVA,1991,Europe & Central Asia,2651.308,,8707.008766993498,0.699,94.81763756480103,57.0,25.0
Latvia,LVA,1992,Europe & Central Asia,2615.869,,5992.153734762711,0.678,94.81763756480103,57.0,25.0
Latvia,LVA,1993,Europe & Central Asia,2565.708,,5412.843016207612,0.667,94.81763756480103,57.0,25.0
Latvia,LVA,1994,Europe & Central Asia,2523.532,,5624.3810941471775,0.668,94.81763756480103,57.0,25.0
Latvia,LVA,1995,Europe & Central Asia,2488.008,,5653.344330176566,0.673,94.81763756480103,57.0,25.0
Latvia,LVA,1996,Europe & Central Asia,2460.277,,5934.314479712171,0.68,94.81763756480103,57.0,25.0
Latvia,LVA,1997,Europe & Central Asia,2435.967,,6491.000161945813,0.692,94.81763756480103,57.0,25.0
Latvia,LVA,1998,Europe & Central Asia,2413.173,,6860.270570943279,0.705,94.81763756480103,57.0,25.0
Latvia,LVA,1999,Europe & Central Asia,2393.657,,7144.438557852372,0.716,94.81763756480103,57.0,25.0
Latvia,LVA,2000,Europe & Central Asia,2376.178,1.13,7693.585036669514,0.728,94.81763756480103,57.0,25.0
Latvia,LVA,2001,Europe & Central Asia,2358.232,1.15,8372.30336357252,0.745,94.81763756480103,57.0,25.0
Latvia,LVA,2002,Europe & Central Asia,2340.205,1.18,8976.751636223387,0.76,94.81763756480103,57.0,25.0
Latvia,LVA,2003,Europe & Central Asia,2322.943,1.2,9721.718093195468,0.774,94.81763756480103,57.0,25.0
Latvia,LVA,2004,Europe & Central Asia,2306.306,1.26,11077.454596224437,0.788,94.81763756480103,57.0,25.0
Latvia,LVA,2005,Europe & Central Asia,2290.237,1.26,12337.587769300731,0.802,94.81763756480103,57.0,25.0
Latvia,LVA,2006,Europe & Central Asia,2274.735,1.27,13937.0080470912,0.809,94.81763756480103,57.0,25.0
Latvia,LVA,2007,Europe & Central Asia,2259.81,1.28,15432.270854629372,0.818,94.81763756480103,57.0,25.0
Latvia,LVA,2008,Europe & Central Asia,2245.423,1.29,14816.361995045034,0.821,94.81763756480103,57.0,25.0
Latvia,LVA,2009,Europe & Central Asia,2232.0,1.3,,0.818,94.81763756480103,57.0,25.0
Latvia,LVA,2010,Europe & Central Asia,,1.31,,0.816,94.81763756480103,57.0,25.0
Latvia,LVA,2011,Europe & Central Asia,,1.32,,0.821,94.81763756480103,57.0,25.0
Latvia,LVA,2012,Europe & Central Asia,,1.33,,0.824,94.81763756480103,57.0,25.0
Latvia,LVA,2013,Europe & Central Asia,,1.34,,0.833,94.81763756480103,57.0,25.0
Latvia,LVA,2014,Europe & Central Asia,,1.35,,0.838,94.81763756480103,57.0,25.0
Latvia,LVA,2015,Europe & Central Asia,,1.35,,0.841,94.81763756480103,57.0,25.0
Latvia,LVA,2016,Europe & Central Asia,,1.51,,0.844,94.81763756480103,57.0,25.0
Latvia,LVA,2017,Europe & Central Asia,,1.51,,0.847,94.81763756480103,57.0,25.0
Lebanon,LBN,1960,Middle East & North Africa,1786.235,,2392.5221124151376,,81.71063051027873,33.5,35.5
Lebanon,LBN,1970,Middle East & North Africa,2383.029,,2916.6277345578346,,81.71063051027873,33.5,35.5
Lebanon,LBN,1980,Middle East & North Africa,3087.467,,3523.754706216199,,81.71063051027873,33.5,35.5
Lebanon,LBN,1990,Middle East & North Africa,3149.674,,1936.3908772780928,,81.71063051027873,33.5,35.5
Lebanon,LBN,1991,Middle East & North Africa,3195.606,,2637.62741714717,,81.71063051027873,33.5,35.5
Lebanon,LBN,1992,Middle East & North Africa,3222.39,,2733.4105462094903,,81.71063051027873,33.5,35.5
Lebanon,LBN,1993,Middle East & North Africa,3254.864,,2895.5688614639503,,81.71063051027873,33.5,35.5
Lebanon,LBN,1994,Middle East & North Africa,3293.096,,3090.908213558305,,81.71063051027873,33.5,35.5
Lebanon,LBN,1995,Middle East & North Africa,3337.114,,3248.6154203901933,,81.71063051027873,33.5,35.5
Lebanon,LBN,1996,Middle East & North Africa,3384.528,,3331.0405468650283,,81.71063051027873,33.5,35.5
Lebanon,LBN,1997,Middle East & North Africa,3432.827,,3415.5522547451415,,81.71063051027873,33.5,35.5
Lebanon,LBN,1998,Middle East & North Africa,3481.776,,3468.6321003993367,,81.71063051027873,33.5,35.5
Lebanon,LBN,1999,Middle East & North Africa,3531.151,,3392.661486297244,,81.71063051027873,33.5,35.5
Lebanon,LBN,2000,Middle East & North Africa,3580.728,2.08,3402.6600177394093,,81.71063051027873,33.5,35.5
Lebanon,LBN,2001,Middle East & North Africa,3630.599,2.05,3506.859336434566,,81.71063051027873,33.5,35.5
Lebanon,LBN,2002,Middle East & North Africa,3680.786,2.02,3573.1498652733408,,81.71063051027873,33.5,35.5
Lebanon,LBN,2003,Middle East & North Africa,3730.926,1.98,3669.866408500195,,81.71063051027873,33.5,35.5
Lebanon,LBN,2004,Middle East & North Africa,3780.677,1.92,3889.515026012537,,81.71063051027873,33.5,35.5
Lebanon,LBN,2005,Middle East & North Africa,3829.722,1.92,3935.7948174828352,0.732,81.71063051027873,33.5,35.5
Lebanon,LBN,2006,Middle East & North Africa,3878.01,1.9,3909.995074793515,0.731,81.71063051027873,33.5,35.5
Lebanon,LBN,2007,Middle East & North Africa,3925.502,1.88,4152.335166304844,0.743,81.71063051027873,33.5,35.5
Lebanon,LBN,2008,Middle East & North Africa,3971.941,1.87,4452.734821589747,0.75,81.71063051027873,33.5,35.5
Lebanon,LBN,2009,Middle East & North Africa,4099.0,1.85,,0.756,81.71063051027873,33.5,35.5
Lebanon,LBN,2010,Middle East & North Africa,,1.78,,0.758,81.71063051027873,33.5,35.5
Lebanon,LBN,2011,Middle East & North Africa,,1.77,,0.76,81.71063051027873,33.5,35.5
Lebanon,LBN,2012,Middle East & North Africa,,1.76,,0.751,81.71063051027873,33.5,35.5
Lebanon,LBN,2013,Middle East & North Africa,,1.75,,0.751,81.71063051027873,33.5,35.5
Lebanon,LBN,2014,Middle East & North Africa,,1.74,,0.751,81.71063051027873,33.5,35.5
Lebanon,LBN,2015,Middle East & North Africa,,1.74,,0.752,81.71063051027873,33.5,35.5
Lebanon,LBN,2016,Middle East & North Africa,,1.73,,0.753,81.71063051027873,33.5,35.5
Lebanon,LBN,2017,Middle East & North Africa,,1.72,,0.757,81.71063051027873,33.5,35.5
Lesotho,LSO,1960,Sub-Saharan Africa,858.551,,458.0788820400644,,69.79818526640575,-29.3,28.3
Lesotho,LSO,1970,Sub-Saharan Africa,1067.136,,604.0794544688229,,69.79818526640575,-29.3,28.3
Lesotho,LSO,1980,Sub-Saharan Africa,1344.719,,1005.0147480714797,,69.79818526640575,-29.3,28.3
Lesotho,LSO,1990,Sub-Saharan Africa,1721.26,,1181.11151133472,0.499,69.79818526640575,-29.3,28.3
Lesotho,LSO,1991,Sub-Saharan Africa,1762.101,,1201.0395544863773,0.499,69.79818526640575,-29.3,28.3
Lesotho,LSO,1992,Sub-Saharan Africa,1802.222,,1228.3199505943219,0.499,69.79818526640575,-29.3,28.3
Lesotho,LSO,1993,Sub-Saharan Africa,1842.111,,1246.1856705735975,0.495,69.79818526640575,-29.3,28.3
Lesotho,LSO,1994,Sub-Saharan Africa,1881.315,,1215.4099275187486,0.495,69.79818526640575,-29.3,28.3
Lesotho,LSO,1995,Sub-Saharan Africa,1919.284,,1341.4452121749252,0.492,69.79818526640575,-29.3,28.3
Lesotho,LSO,1996,Sub-Saharan Africa,1955.407,,1441.7899215011623,0.487,69.79818526640575,-29.3,28.3
Lesotho,LSO,1997,Sub-Saharan Africa,1989.071,,1485.0428063496524,0.48,69.79818526640575,-29.3,28.3
Lesotho,LSO,1998,Sub-Saharan Africa,2019.426,,1419.213266877983,0.478,69.79818526640575,-29.3,28.3
Lesotho,LSO,1999,Sub-Saharan Africa,2045.763,,1434.1040385940826,0.469,69.79818526640575,-29.3,28.3
Lesotho,LSO,2000,Sub-Saharan Africa,2067.669,4.15,1468.9326054501742,0.467,69.79818526640575,-29.3,28.3
Lesotho,LSO,2001,Sub-Saharan Africa,2085.091,4.08,1504.4906912935696,0.461,69.79818526640575,-29.3,28.3
Lesotho,LSO,2002,Sub-Saharan Africa,2098.2,4.01,1562.2914879420457,0.458,69.79818526640575,-29.3,28.3
Lesotho,LSO,2003,Sub-Saharan Africa,2107.433,3.52,1597.678312904847,0.46,69.79818526640575,-29.3,28.3
Lesotho,LSO,2004,Sub-Saharan Africa,2113.646,3.35,1659.6913579662817,0.46,69.79818526640575,-29.3,28.3
Lesotho,LSO,2005,Sub-Saharan Africa,2118.091,3.35,1668.0114310480524,0.461,69.79818526640575,-29.3,28.3
Lesotho,LSO,2006,Sub-Saharan Africa,2121.887,3.28,1799.8130908950382,0.466,69.79818526640575,-29.3,28.3
Lesotho,LSO,2007,Sub-Saharan Africa,2125.262,3.21,1888.2377796243472,0.473,69.79818526640575,-29.3,28.3
Lesotho,LSO,2008,Sub-Saharan Africa,2128.18,3.13,1951.902564632691,0.48,69.79818526640575,-29.3,28.3
Lesotho,LSO,2009,Sub-Saharan Africa,1916.0,3.06,,0.489,69.79818526640575,-29.3,28.3
Lesotho,LSO,2010,Sub-Saharan Africa,,3.0,,0.493,69.79818526640575,-29.3,28.3
Lesotho,LSO,2011,Sub-Saharan Africa,,2.94,,0.498,69.79818526640575,-29.3,28.3
Lesotho,LSO,2012,Sub-Saharan Africa,,2.89,,0.505,69.79818526640575,-29.3,28.3
Lesotho,LSO,2013,Sub-Saharan Africa,,2.83,,0.505,69.79818526640575,-29.3,28.3
Lesotho,LSO,2014,Sub-Saharan Africa,,2.78,,0.509,69.79818526640575,-29.3,28.3
Lesotho,LSO,2015,Sub-Saharan Africa,,2.78,,0.511,69.79818526640575,-29.3,28.3
Lesotho,LSO,2016,Sub-Saharan Africa,,2.68,,0.516,69.79818526640575,-29.3,28.3
Lesotho,LSO,2017,Sub-Saharan Africa,,2.63,,0.52,69.79818526640575,-29.3,28.3
Liberia,LBR,1960,Sub-Saharan Africa,1054.837,,1229.5738583307184,,59.999999999999986,6.3,-9.3
Liberia,LBR,1970,Sub-Saharan Africa,1396.565,,1491.5166855821246,,59.999999999999986,6.3,-9.3
Liberia,LBR,1980,Sub-Saharan Africa,1848.799,,1162.3762236998182,,59.999999999999986,6.3,-9.3
Liberia,LBR,1990,Sub-Saharan Africa,2117.239,,1060.3432111348789,,59.999999999999986,6.3,-9.3
Liberia,LBR,1991,Sub-Saharan Africa,1817.358,,1255.1186942803786,,59.999999999999986,6.3,-9.3
Liberia,LBR,1992,Sub-Saharan Africa,1913.344,,1213.0594393898848,,59.999999999999986,6.3,-9.3
Liberia,LBR,1993,Sub-Saharan Africa,1989.814,,1193.0763377883559,,59.999999999999986,6.3,-9.3
Liberia,LBR,1994,Sub-Saharan Africa,1974.381,,1228.7395391264401,,59.999999999999986,6.3,-9.3
Liberia,LBR,1995,Sub-Saharan Africa,1975.252,,1261.6111767004918,,59.999999999999986,6.3,-9.3
Liberia,LBR,1996,Sub-Saharan Africa,2025.646,,1254.4146410577168,,59.999999999999986,6.3,-9.3
Liberia,LBR,1997,Sub-Saharan Africa,2201.269,,1160.694126887718,,59.999999999999986,6.3,-9.3
Liberia,LBR,1998,Sub-Saharan Africa,2455.863,,1050.5472007192584,,59.999999999999986,6.3,-9.3
Liberia,LBR,1999,Sub-Saharan Africa,2598.615,,1009.3838448558174,0.35,59.999999999999986,6.3,-9.3
Liberia,LBR,2000,Sub-Saharan Africa,2694.875,6.43,989.6562920358087,0.387,59.999999999999986,6.3,-9.3
Liberia,LBR,2001,Sub-Saharan Africa,2759.347,6.36,982.8412301896063,0.377,59.999999999999986,6.3,-9.3
Liberia,LBR,2002,Sub-Saharan Africa,2816.12,6.29,1012.3858358308595,0.374,59.999999999999986,6.3,-9.3
Liberia,LBR,2003,Sub-Saharan Africa,2811.524,6.23,696.7751297872613,0.335,59.999999999999986,6.3,-9.3
Liberia,LBR,2004,Sub-Saharan Africa,2809.109,6.09,715.5293724807403,0.373,59.999999999999986,6.3,-9.3
Liberia,LBR,2005,Sub-Saharan Africa,2902.179,6.09,729.4519049307435,0.378,59.999999999999986,6.3,-9.3
Liberia,LBR,2006,Sub-Saharan Africa,3043.979,6.02,749.6766567706283,0.383,59.999999999999986,6.3,-9.3
Liberia,LBR,2007,Sub-Saharan Africa,3195.931,5.94,780.9930815152142,0.394,59.999999999999986,6.3,-9.3
Liberia,LBR,2008,Sub-Saharan Africa,3334.587,5.87,801.5985187970805,0.399,59.999999999999986,6.3,-9.3
Liberia,LBR,2009,Sub-Saharan Africa,3583.0,5.79,,0.404,59.999999999999986,6.3,-9.3
Liberia,LBR,2010,Sub-Saharan Africa,,5.24,,0.407,59.999999999999986,6.3,-9.3
Liberia,LBR,2011,Sub-Saharan Africa,,5.13,,0.417,59.999999999999986,6.3,-9.3
Liberia,LBR,2012,Sub-Saharan Africa,,5.02,,0.42,59.999999999999986,6.3,-9.3
Liberia,LBR,2013,Sub-Saharan Africa,,4.92,,0.429,59.999999999999986,6.3,-9.3
Liberia,LBR,2014,Sub-Saharan Africa,,4.81,,0.431,59.999999999999986,6.3,-9.3
Liberia,LBR,2015,Sub-Saharan Africa,,4.81,,0.432,59.999999999999986,6.3,-9.3
Liberia,LBR,2016,Sub-Saharan Africa,,4.6,,0.432,59.999999999999986,6.3,-9.3
Liberia,LBR,2017,Sub-Saharan Africa,,5.06,,0.435,59.999999999999986,6.3,-9.3
Libya,LBY,1960,Middle East & North Africa,1337.947,,1829.668888229504,,79.83051841404959,25.0,17.0
Libya,LBY,1970,Middle East & North Africa,1999.162,,9114.819109206757,,79.83051841404959,25.0,17.0
Libya,LBY,1980,Middle East & North Africa,3065.365,,7271.5647239398895,,79.83051841404959,25.0,17.0
Libya,LBY,1990,Middle East & North Africa,4139.825,,3087.0870145477165,0.677,79.83051841404959,25.0,17.0
Libya,LBY,1991,Middle East & North Africa,4252.354,,2825.02350462826,0.688,79.83051841404959,25.0,17.0
Libya,LBY,1992,Middle East & North Africa,4364.501,,2636.7275434236353,0.692,79.83051841404959,25.0,17.0
Libya,LBY,1993,Middle East & North Africa,4475.679,,2453.0356176124337,0.695,79.83051841404959,25.0,17.0
Libya,LBY,1994,Middle East & North Africa,4585.017,,2363.3500159323294,0.7,79.83051841404959,25.0,17.0
Libya,LBY,1995,Middle East & North Africa,4654.252,,2321.318226860084,0.704,79.83051841404959,25.0,17.0
Libya,LBY,1996,Middle East & North Africa,4686.329,,2381.3949041990013,0.709,79.83051841404959,25.0,17.0
Libya,LBY,1997,Middle East & North Africa,4759.67,,2466.7676540600505,0.715,79.83051841404959,25.0,17.0
Libya,LBY,1998,Middle East & North Africa,4874.638,,2321.8134351720064,0.718,79.83051841404959,25.0,17.0
Libya,LBY,1999,Middle East & North Africa,4993.414,,2291.4182561269704,0.722,79.83051841404959,25.0,17.0
Libya,LBY,2000,Middle East & North Africa,5115.45,3.71,2312.992991818902,0.727,79.83051841404959,25.0,17.0
Libya,LBY,2001,Middle East & North Africa,5240.599,3.64,2390.9480576552414,0.731,79.83051841404959,25.0,17.0
Libya,LBY,2002,Middle East & North Africa,5368.585,3.57,2366.5453746191965,0.735,79.83051841404959,25.0,17.0
Libya,LBY,2003,Middle East & North Africa,5499.074,3.49,2446.7755843983914,0.743,79.83051841404959,25.0,17.0
Libya,LBY,2004,Middle East & North Africa,5631.585,3.34,2508.5300141967136,0.743,79.83051841404959,25.0,17.0
Libya,LBY,2005,Middle East & North Africa,5765.563,3.34,2702.5981677765035,0.747,79.83051841404959,25.0,17.0
Libya,LBY,2006,Middle East & North Africa,5900.754,3.28,2817.6060211966133,0.751,79.83051841404959,25.0,17.0
Libya,LBY,2007,Middle East & North Africa,6036.914,3.21,2960.618620705877,0.752,79.83051841404959,25.0,17.0
Libya,LBY,2008,Middle East & North Africa,6173.579,3.15,2993.563377094551,0.757,79.83051841404959,25.0,17.0
Libya,LBY,2009,Middle East & North Africa,6324.0,3.08,,0.755,79.83051841404959,25.0,17.0
Libya,LBY,2010,Middle East & North Africa,,3.01,,0.755,79.83051841404959,25.0,17.0
Libya,LBY,2011,Middle East & North Africa,,2.96,,0.707,79.83051841404959,25.0,17.0
Libya,LBY,2012,Middle East & North Africa,,2.12,,0.741,79.83051841404959,25.0,17.0
Libya,LBY,2013,Middle East & North Africa,,2.09,,0.707,79.83051841404959,25.0,17.0
Libya,LBY,2014,Middle East & North Africa,,2.07,,0.695,79.83051841404959,25.0,17.0
Libya,LBY,2015,Middle East & North Africa,,2.07,,0.694,79.83051841404959,25.0,17.0
Libya,LBY,2016,Middle East & North Africa,,2.04,,0.693,79.83051841404959,25.0,17.0
Libya,LBY,2017,Middle East & North Africa,,2.04,,0.706,79.83051841404959,25.0,17.0
Liechtenstein,LIE,1960,Europe & Central Asia,16.426,,,,101.07357982825421,47.16,9.32
Liechtenstein,LIE,1970,Europe & Central Asia,21.103,,,,101.07357982825421,47.16,9.32
Liechtenstein,LIE,1980,Europe & Central Asia,25.074,,,,101.07357982825421,47.16,9.32
Liechtenstein,LIE,1990,Europe & Central Asia,28.796,,,,101.07357982825421,47.16,9.32
Liechtenstein,LIE,1991,Europe & Central Asia,29.288,,,,101.07357982825421,47.16,9.32
Liechtenstein,LIE,1992,Europe & Central Asia,29.706,,,,101.07357982825421,47.16,9.32
Liechtenstein,LIE,1993,Europe & Central Asia,30.168,,,,101.07357982825421,47.16,9.32
Liechtenstein,LIE,1994,Europe & Central Asia,30.549,,,,101.07357982825421,47.16,9.32
Liechtenstein,LIE,1995,Europe & Central Asia,30.855,,,,101.07357982825421,47.16,9.32
Liechtenstein,LIE,1996,Europe & Central Asia,31.112,,,,101.07357982825421,47.16,9.32
Liechtenstein,LIE,1997,Europe & Central Asia,31.296,,,,101.07357982825421,47.16,9.32
Liechtenstein,LIE,1998,Europe & Central Asia,31.539,,,,101.07357982825421,47.16,9.32
Liechtenstein,LIE,1999,Europe & Central Asia,31.875,,,,101.07357982825421,47.16,9.32
Liechtenstein,LIE,2000,Europe & Central Asia,32.207,1.49,,0.862,101.07357982825421,47.16,9.32
Liechtenstein,LIE,2001,Europe & Central Asia,32.532,1.5,,0.868,101.07357982825421,47.16,9.32
Liechtenstein,LIE,2002,Europe & Central Asia,32.847,1.5,,0.873,101.07357982825421,47.16,9.32
Liechtenstein,LIE,2003,Europe & Central Asia,33.15,1.5,,0.878,101.07357982825421,47.16,9.32
Liechtenstein,LIE,2004,Europe & Central Asia,33.443,1.51,,0.883,101.07357982825421,47.16,9.32
Liechtenstein,LIE,2005,Europe & Central Asia,33.726,1.51,,0.886,101.07357982825421,47.16,9.32
Liechtenstein,LIE,2006,Europe & Central Asia,33.999,1.51,,0.89,101.07357982825421,47.16,9.32
Liechtenstein,LIE,2007,Europe & Central Asia,34.261,1.51,,0.893,101.07357982825421,47.16,9.32
Liechtenstein,LIE,2008,Europe & Central Asia,34.515,1.51,,0.899,101.07357982825421,47.16,9.32
Liechtenstein,LIE,2009,Europe & Central Asia,35.0,1.52,,0.899,101.07357982825421,47.16,9.32
Liechtenstein,LIE,2010,Europe & Central Asia,,1.53,,0.904,101.07357982825421,47.16,9.32
Liechtenstein,LIE,2011,Europe & Central Asia,,1.53,,0.909,101.07357982825421,47.16,9.32
Liechtenstein,LIE,2012,Europe & Central Asia,,1.69,,0.913,101.07357982825421,47.16,9.32
Liechtenstein,LIE,2013,Europe & Central Asia,,1.69,,0.912,101.07357982825421,47.16,9.32
Liechtenstein,LIE,2014,Europe & Central Asia,,1.69,,0.911,101.07357982825421,47.16,9.32
Liechtenstein,LIE,2015,Europe & Central Asia,,1.69,,0.912,101.07357982825421,47.16,9.32
Liechtenstein,LIE,2016,Europe & Central Asia,,1.69,,0.915,101.07357982825421,47.16,9.32
Liechtenstein,LIE,2017,Europe & Central Asia,,1.69,,0.916,101.07357982825421,47.16,9.32
Lithuania,LTU,1960,Europe & Central Asia,2764.864,,,,96.04653778210559,56.0,24.0
Lithuania,LTU,1970,Europe & Central Asia,3137.562,,,,96.04653778210559,56.0,24.0
Lithuania,LTU,1980,Europe & Central Asia,3435.289,,,,96.04653778210559,56.0,24.0
Lithuania,LTU,1990,Europe & Central Asia,3694.836,,8663.442707605967,0.732,96.04653778210559,56.0,24.0
Lithuania,LTU,1991,Europe & Central Asia,3702.136,,8153.517320811554,0.728,96.04653778210559,56.0,24.0
Lithuania,LTU,1992,Europe & Central Asia,3700.278,,6420.040172657296,0.713,96.04653778210559,56.0,24.0
Lithuania,LTU,1993,Europe & Central Asia,3689.004,,5396.435514187569,0.701,96.04653778210559,56.0,24.0
Lithuania,LTU,1994,Europe & Central Asia,3679.636,,4879.977237481415,0.697,96.04653778210559,56.0,24.0
Lithuania,LTU,1995,Europe & Central Asia,3673.577,,5142.203361511805,0.703,96.04653778210559,56.0,24.0
Lithuania,LTU,1996,Europe & Central Asia,3668.316,,5391.60834510619,0.712,96.04653778210559,56.0,24.0
Lithuania,LTU,1997,Europe & Central Asia,3664.372,,5775.230183822118,0.724,96.04653778210559,56.0,24.0
Lithuania,LTU,1998,Europe & Central Asia,3661.168,,6202.245015533502,0.736,96.04653778210559,56.0,24.0
Lithuania,LTU,1999,Europe & Central Asia,3658.454,,6101.329726268867,0.744,96.04653778210559,56.0,24.0
Lithuania,LTU,2000,Europe & Central Asia,3654.387,1.34,6346.336628808153,0.756,96.04653778210559,56.0,24.0
Lithuania,LTU,2001,Europe & Central Asia,3645.747,1.37,6768.504824572996,0.768,96.04653778210559,56.0,24.0
Lithuania,LTU,2002,Europe & Central Asia,3633.232,1.4,7253.663288626286,0.779,96.04653778210559,56.0,24.0
Lithuania,LTU,2003,Europe & Central Asia,3620.094,1.43,7986.147047694368,0.791,96.04653778210559,56.0,24.0
Lithuania,LTU,2004,Europe & Central Asia,3607.899,1.19,8598.355996107432,0.798,96.04653778210559,56.0,24.0
Lithuania,LTU,2005,Europe & Central Asia,3596.617,1.19,9298.182152839738,0.809,96.04653778210559,56.0,24.0
Lithuania,LTU,2006,Europe & Central Asia,3585.906,1.2,10053.247352273038,0.817,96.04653778210559,56.0,24.0
Lithuania,LTU,2007,Europe & Central Asia,3575.439,1.21,10980.190124904942,0.825,96.04653778210559,56.0,24.0
Lithuania,LTU,2008,Europe & Central Asia,3565.205,1.22,11341.844297873475,0.831,96.04653778210559,56.0,24.0
Lithuania,LTU,2009,Europe & Central Asia,3555.0,1.23,,0.822,96.04653778210559,56.0,24.0
Lithuania,LTU,2010,Europe & Central Asia,,1.24,,0.824,96.04653778210559,56.0,24.0
Lithuania,LTU,2011,Europe & Central Asia,,1.25,,0.828,96.04653778210559,56.0,24.0
Lithuania,LTU,2012,Europe & Central Asia,,1.27,,0.831,96.04653778210559,56.0,24.0
Lithuania,LTU,2013,Europe & Central Asia,,1.28,,0.836,96.04653778210559,56.0,24.0
Lithuania,LTU,2014,Europe & Central Asia,,1.29,,0.851,96.04653778210559,56.0,24.0
Lithuania,LTU,2015,Europe & Central Asia,,1.29,,0.852,96.04653778210559,56.0,24.0
Lithuania,LTU,2016,Europe & Central Asia,,1.59,,0.855,96.04653778210559,56.0,24.0
Lithuania,LTU,2017,Europe & Central Asia,,1.59,,0.858,96.04653778210559,56.0,24.0
Luxembourg,LUX,1960,Europe & Central Asia,313.969,,,,99.90266040935163,49.45,6.1
Luxembourg,LUX,1970,Europe & Central Asia,339.174,,,,99.90266040935163,49.45,6.1
Luxembourg,LUX,1980,Europe & Central Asia,364.4,,,,99.90266040935163,49.45,6.1
Luxembourg,LUX,1990,Europe & Central Asia,382.966,,,0.782,99.90266040935163,49.45,6.1
Luxembourg,LUX,1991,Europe & Central Asia,387.152,,,0.79,99.90266040935163,49.45,6.1
Luxembourg,LUX,1992,Europe & Central Asia,392.552,,,0.795,99.90266040935163,49.45,6.1
Luxembourg,LUX,1993,Europe & Central Asia,398.084,,,0.799,99.90266040935163,49.45,6.1
Luxembourg,LUX,1994,Europe & Central Asia,403.756,,,0.803,99.90266040935163,49.45,6.1
Luxembourg,LUX,1995,Europe & Central Asia,409.704,,,0.808,99.90266040935163,49.45,6.1
Luxembourg,LUX,1996,Europe & Central Asia,415.566,,,0.817,99.90266040935163,49.45,6.1
Luxembourg,LUX,1997,Europe & Central Asia,421.014,,,0.826,99.90266040935163,49.45,6.1
Luxembourg,LUX,1998,Europe & Central Asia,426.495,,,0.834,99.90266040935163,49.45,6.1
Luxembourg,LUX,1999,Europe & Central Asia,432.527,,,0.849,99.90266040935163,49.45,6.1
Luxembourg,LUX,2000,Europe & Central Asia,438.777,1.7,,0.855,99.90266040935163,49.45,6.1
Luxembourg,LUX,2001,Europe & Central Asia,444.779,1.7,,0.861,99.90266040935163,49.45,6.1
Luxembourg,LUX,2002,Europe & Central Asia,450.786,1.7,,0.863,99.90266040935163,49.45,6.1
Luxembourg,LUX,2003,Europe & Central Asia,456.764,1.7,,0.864,99.90266040935163,49.45,6.1
Luxembourg,LUX,2004,Europe & Central Asia,462.69,1.79,,0.872,99.90266040935163,49.45,6.1
Luxembourg,LUX,2005,Europe & Central Asia,468.571,1.79,,0.878,99.90266040935163,49.45,6.1
Luxembourg,LUX,2006,Europe & Central Asia,474.413,1.78,,0.881,99.90266040935163,49.45,6.1
Luxembourg,LUX,2007,Europe & Central Asia,480.222,1.78,,0.888,99.90266040935163,49.45,6.1
Luxembourg,LUX,2008,Europe & Central Asia,486.006,1.78,,0.89,99.90266040935163,49.45,6.1
Luxembourg,LUX,2009,Europe & Central Asia,492.0,1.78,,0.883,99.90266040935163,49.45,6.1
Luxembourg,LUX,2010,Europe & Central Asia,,1.78,,0.889,99.90266040935163,49.45,6.1
Luxembourg,LUX,2011,Europe & Central Asia,,1.77,,0.892,99.90266040935163,49.45,6.1
Luxembourg,LUX,2012,Europe & Central Asia,,1.77,,0.892,99.90266040935163,49.45,6.1
Luxembourg,LUX,2013,Europe & Central Asia,,1.77,,0.892,99.90266040935163,49.45,6.1
Luxembourg,LUX,2014,Europe & Central Asia,,1.77,,0.895,99.90266040935163,49.45,6.1
Luxembourg,LUX,2015,Europe & Central Asia,,1.77,,0.899,99.90266040935163,49.45,6.1
Luxembourg,LUX,2016,Europe & Central Asia,,1.61,,0.904,99.90266040935163,49.45,6.1
Luxembourg,LUX,2017,Europe & Central Asia,,1.62,,0.904,99.90266040935163,49.45,6.1
Macau,MAC,1960,East Asia & Pacific,186.053,,,,100.13903801110811,22.1,113.33
Macau,MAC,1970,East Asia & Pacific,261.369,,,,100.13903801110811,22.1,113.33
Macau,MAC,1980,East Asia & Pacific,255.773,,,,100.13903801110811,22.1,113.33
Macau,MAC,1990,East Asia & Pacific,351.756,,,,100.13903801110811,22.1,113.33
Macau,MAC,1991,East Asia & Pacific,363.858,,,,100.13903801110811,22.1,113.33
Macau,MAC,1992,East Asia & Pacific,375.327,,,,100.13903801110811,22.1,113.33
Macau,MAC,1993,East Asia & Pacific,384.404,,,,100.13903801110811,22.1,113.33
Macau,MAC,1994,East Asia & Pacific,392.941,,,,100.13903801110811,22.1,113.33
Macau,MAC,1995,East Asia & Pacific,401.295,,,,100.13903801110811,22.1,113.33
Macau,MAC,1996,East Asia & Pacific,410.395,,,,100.13903801110811,22.1,113.33
Macau,MAC,1997,East Asia & Pacific,416.985,,,,100.13903801110811,22.1,113.33
Macau,MAC,1998,East Asia & Pacific,421.609,,,,100.13903801110811,22.1,113.33
Macau,MAC,1999,East Asia & Pacific,427.773,,,,100.13903801110811,22.1,113.33
Macau,MAC,2000,East Asia & Pacific,431.739,1.3,,,100.13903801110811,22.1,113.33
Macau,MAC,2001,East Asia & Pacific,434.778,1.31,,,100.13903801110811,22.1,113.33
Macau,MAC,2002,East Asia & Pacific,438.977,1.31,,,100.13903801110811,22.1,113.33
Macau,MAC,2003,East Asia & Pacific,444.177,1.32,,,100.13903801110811,22.1,113.33
Macau,MAC,2004,East Asia & Pacific,455.227,0.93,,,100.13903801110811,22.1,113.33
Macau,MAC,2005,East Asia & Pacific,474.027,1.0,,,100.13903801110811,22.1,113.33
Macau,MAC,2006,East Asia & Pacific,499.427,1.02,,,100.13903801110811,22.1,113.33
Macau,MAC,2007,East Asia & Pacific,525.531,1.03,,,100.13903801110811,22.1,113.33
Macau,MAC,2008,East Asia & Pacific,545.674,0.9,,,100.13903801110811,22.1,113.33
Macau,MAC,2009,East Asia & Pacific,560.0,0.91,,,100.13903801110811,22.1,113.33
Macau,MAC,2010,East Asia & Pacific,,0.91,,,100.13903801110811,22.1,113.33
Macau,MAC,2011,East Asia & Pacific,,0.92,,,100.13903801110811,22.1,113.33
Macau,MAC,2012,East Asia & Pacific,,0.92,,,100.13903801110811,22.1,113.33
Macau,MAC,2013,East Asia & Pacific,,0.93,,,100.13903801110811,22.1,113.33
Macau,MAC,2014,East Asia & Pacific,,0.93,,,100.13903801110811,22.1,113.33
Macau,MAC,2015,East Asia & Pacific,,0.93,,,100.13903801110811,22.1,113.33
Macau,MAC,2016,East Asia & Pacific,,0.94,,,100.13903801110811,22.1,113.33
Macau,MAC,2017,East Asia & Pacific,,0.95,,,100.13903801110811,22.1,113.33
Macedonia,MKD,1960,Europe & Central Asia,1366.198,,,,82.50572307777773,41.5,22.0
Macedonia,MKD,1970,Europe & Central Asia,1574.407,,,,82.50572307777773,41.5,22.0
Macedonia,MKD,1980,Europe & Central Asia,1792.0,,,,82.50572307777773,41.5,22.0
Macedonia,MKD,1990,Europe & Central Asia,1861.361,,3972.3621586570257,,82.50572307777773,41.5,22.0
Macedonia,MKD,1991,Europe & Central Asia,1867.71,,3713.4094693501665,,82.50572307777773,41.5,22.0
Macedonia,MKD,1992,Europe & Central Asia,1889.358,,3428.5848674523304,,82.50572307777773,41.5,22.0
Macedonia,MKD,1993,Europe & Central Asia,1917.563,,3124.7929947542793,,82.50572307777773,41.5,22.0
Macedonia,MKD,1994,Europe & Central Asia,1935.034,,3040.841481684973,,82.50572307777773,41.5,22.0
Macedonia,MKD,1995,Europe & Central Asia,1954.048,,2978.128586123996,,82.50572307777773,41.5,22.0
Macedonia,MKD,1996,Europe & Central Asia,1971.102,,2987.7901204239665,,82.50572307777773,41.5,22.0
Macedonia,MKD,1997,Europe & Central Asia,1984.86,,3008.619463889238,,82.50572307777773,41.5,22.0
Macedonia,MKD,1998,Europe & Central Asia,1995.474,,3094.3654668937957,,82.50572307777773,41.5,22.0
Macedonia,MKD,1999,Europe & Central Asia,2004.985,,3212.1133308323306,,82.50572307777773,41.5,22.0
Macedonia,MKD,2000,Europe & Central Asia,2014.512,1.82,3340.784171906997,0.669,82.50572307777773,41.5,22.0
Macedonia,MKD,2001,Europe & Central Asia,2023.912,1.79,3175.6309377825987,0.673,82.50572307777773,41.5,22.0
Macedonia,MKD,2002,Europe & Central Asia,2030.445,1.77,3193.9019971545163,0.679,82.50572307777773,41.5,22.0
Macedonia,MKD,2003,Europe & Central Asia,2035.145,1.75,3294.867825237623,0.686,82.50572307777773,41.5,22.0
Macedonia,MKD,2004,Europe & Central Asia,2040.085,1.57,3421.9162436859247,0.693,82.50572307777773,41.5,22.0
Macedonia,MKD,2005,Europe & Central Asia,2045.262,1.57,3553.0900197627493,0.702,82.50572307777773,41.5,22.0
Macedonia,MKD,2006,Europe & Central Asia,2050.554,1.57,3685.8331943465037,0.708,82.50572307777773,41.5,22.0
Macedonia,MKD,2007,Europe & Central Asia,2055.915,1.57,3893.157061454389,0.712,82.50572307777773,41.5,22.0
Macedonia,MKD,2008,Europe & Central Asia,2061.315,1.58,4063.425531760066,0.728,82.50572307777773,41.5,22.0
Macedonia,MKD,2009,Europe & Central Asia,2067.0,1.58,,0.731,82.50572307777773,41.5,22.0
Macedonia,MKD,2010,Europe & Central Asia,,1.58,,0.735,82.50572307777773,41.5,22.0
Macedonia,MKD,2011,Europe & Central Asia,,1.58,,0.738,82.50572307777773,41.5,22.0
Macedonia,MKD,2012,Europe & Central Asia,,1.59,,0.74,82.50572307777773,41.5,22.0
Macedonia,MKD,2013,Europe & Central Asia,,1.59,,0.743,82.50572307777773,41.5,22.0
Macedonia,MKD,2014,Europe & Central Asia,,1.59,,0.747,82.50572307777773,41.5,22.0
Macedonia,MKD,2015,Europe & Central Asia,,1.59,,0.754,82.50572307777773,41.5,22.0
Macedonia,MKD,2016,Europe & Central Asia,,1.6,,0.756,82.50572307777773,41.5,22.0
Macedonia,MKD,2017,Europe & Central Asia,,1.6,,0.757,82.50572307777773,41.5,22.0
Madagascar,MDG,1960,Sub-Saharan Africa,5481.721,,1125.4301145807624,,77.04060714348303,-20.0,47.0
Madagascar,MDG,1970,Sub-Saharan Africa,6765.644,,1226.1996839253063,,77.04060714348303,-20.0,47.0
Madagascar,MDG,1980,Sub-Saharan Africa,8691.245,,1053.6201651623458,,77.04060714348303,-20.0,47.0
Madagascar,MDG,1990,Sub-Saharan Africa,11632.868,,791.7222133011395,,77.04060714348303,-20.0,47.0
Madagascar,MDG,1991,Sub-Saharan Africa,11988.712,,719.8246150211967,,77.04060714348303,-20.0,47.0
Madagascar,MDG,1992,Sub-Saharan Africa,12356.68,,706.7697180796137,,77.04060714348303,-20.0,47.0
Madagascar,MDG,1993,Sub-Saharan Africa,12736.607,,700.0865389063194,,77.04060714348303,-20.0,47.0
Madagascar,MDG,1994,Sub-Saharan Africa,13128.41,,679.1932238587917,,77.04060714348303,-20.0,47.0
Madagascar,MDG,1995,Sub-Saharan Africa,13532.361,,670.1713027017237,,77.04060714348303,-20.0,47.0
Madagascar,MDG,1996,Sub-Saharan Africa,13948.484,,663.7815273599995,,77.04060714348303,-20.0,47.0
Madagascar,MDG,1997,Sub-Saharan Africa,14376.599,,667.8909246894901,,77.04060714348303,-20.0,47.0
Madagascar,MDG,1998,Sub-Saharan Africa,14816.581,,673.2842807277302,,77.04060714348303,-20.0,47.0
Madagascar,MDG,1999,Sub-Saharan Africa,15271.26,,683.9645189722393,,77.04060714348303,-20.0,47.0
Madagascar,MDG,2000,Sub-Saharan Africa,15741.942,5.84,695.3398761093135,0.456,77.04060714348303,-20.0,47.0
Madagascar,MDG,2001,Sub-Saharan Africa,16226.824,5.8,714.9889590224186,0.462,77.04060714348303,-20.0,47.0
Madagascar,MDG,2002,Sub-Saharan Africa,16725.885,5.77,605.5882842671704,0.457,77.04060714348303,-20.0,47.0
Madagascar,MDG,2003,Sub-Saharan Africa,17239.524,5.73,645.1454228086575,0.466,77.04060714348303,-20.0,47.0
Madagascar,MDG,2004,Sub-Saharan Africa,17768.148,5.66,659.1007684087277,0.472,77.04060714348303,-20.0,47.0
Madagascar,MDG,2005,Sub-Saharan Africa,18312.163,5.66,668.9542901076186,0.479,77.04060714348303,-20.0,47.0
Madagascar,MDG,2006,Sub-Saharan Africa,18872.164,5.62,681.5328650174935,0.484,77.04060714348303,-20.0,47.0
Madagascar,MDG,2007,Sub-Saharan Africa,19448.815,5.24,702.3564160592817,0.491,77.04060714348303,-20.0,47.0
Madagascar,MDG,2008,Sub-Saharan Africa,20042.551,5.19,729.8971074091318,0.5,77.04060714348303,-20.0,47.0
Madagascar,MDG,2009,Sub-Saharan Africa,20654.0,5.14,,0.503,77.04060714348303,-20.0,47.0
Madagascar,MDG,2010,Sub-Saharan Africa,,5.09,,0.504,77.04060714348303,-20.0,47.0
Madagascar,MDG,2011,Sub-Saharan Africa,,5.02,,0.504,77.04060714348303,-20.0,47.0
Madagascar,MDG,2012,Sub-Saharan Africa,,4.45,,0.507,77.04060714348303,-20.0,47.0
Madagascar,MDG,2013,Sub-Saharan Africa,,4.36,,0.509,77.04060714348303,-20.0,47.0
Madagascar,MDG,2014,Sub-Saharan Africa,,4.28,,0.512,77.04060714348303,-20.0,47.0
Madagascar,MDG,2015,Sub-Saharan Africa,,4.28,,0.514,77.04060714348303,-20.0,47.0
Madagascar,MDG,2016,Sub-Saharan Africa,,4.12,,0.517,77.04060714348303,-20.0,47.0
Madagascar,MDG,2017,Sub-Saharan Africa,,4.03,,0.519,77.04060714348303,-20.0,47.0
Malawi,MWI,1960,Sub-Saharan Africa,3450.444,,394.1449762695665,,69.70399301086897,-13.3,34.0
Malawi,MWI,1970,Sub-Saharan Africa,4508.062,,447.45266978111835,,69.70399301086897,-13.3,34.0
Malawi,MWI,1980,Sub-Saharan Africa,6258.512,,630.3160757159006,,69.70399301086897,-13.3,34.0
Malawi,MWI,1990,Sub-Saharan Africa,9536.25,,539.6251146939311,0.34,69.70399301086897,-13.3,34.0
Malawi,MWI,1991,Sub-Saharan Africa,9919.733,,563.896427454247,0.346,69.70399301086897,-13.3,34.0
Malawi,MWI,1992,Sub-Saharan Africa,10294.08,,503.72269828872516,0.355,69.70399301086897,-13.3,34.0
Malawi,MWI,1993,Sub-Saharan Africa,10475.43,,542.984870310813,0.363,69.70399301086897,-13.3,34.0
Malawi,MWI,1994,Sub-Saharan Africa,10296.316,,495.5170373558853,0.364,69.70399301086897,-13.3,34.0
Malawi,MWI,1995,Sub-Saharan Africa,10223.553,,582.3807046337022,0.398,69.70399301086897,-13.3,34.0
Malawi,MWI,1996,Sub-Saharan Africa,10458.524,,610.8892612380102,0.385,69.70399301086897,-13.3,34.0
Malawi,MWI,1997,Sub-Saharan Africa,10735.426,,617.7677532312179,0.404,69.70399301086897,-13.3,34.0
Malawi,MWI,1998,Sub-Saharan Africa,11010.637,,622.1256771974228,0.404,69.70399301086897,-13.3,34.0
Malawi,MWI,1999,Sub-Saharan Africa,11285.571,,631.2485207881816,0.405,69.70399301086897,-13.3,34.0
Malawi,MWI,2000,Sub-Saharan Africa,11559.538,5.33,639.1258889412362,0.399,69.70399301086897,-13.3,34.0
Malawi,MWI,2001,Sub-Saharan Africa,11833.124,5.18,598.7429862139533,0.4,69.70399301086897,-13.3,34.0
Malawi,MWI,2002,Sub-Saharan Africa,12109.15,5.04,597.3994871646647,0.37,69.70399301086897,-13.3,34.0
Malawi,MWI,2003,Sub-Saharan Africa,12389.488,6.1,606.6433092311805,0.374,69.70399301086897,-13.3,34.0
Malawi,MWI,2004,Sub-Saharan Africa,12677.21,5.98,622.5344535587877,0.375,69.70399301086897,-13.3,34.0
Malawi,MWI,2005,Sub-Saharan Africa,12974.924,5.98,628.288843926947,0.38,69.70399301086897,-13.3,34.0
Malawi,MWI,2006,Sub-Saharan Africa,13283.755,5.92,654.8600151086797,0.389,69.70399301086897,-13.3,34.0
Malawi,MWI,2007,Sub-Saharan Africa,13603.181,5.74,694.469918469805,0.4,69.70399301086897,-13.3,34.0
Malawi,MWI,2008,Sub-Saharan Africa,13931.831,5.67,743.8361834851428,0.417,69.70399301086897,-13.3,34.0
Malawi,MWI,2009,Sub-Saharan Africa,15029.0,5.59,,0.431,69.70399301086897,-13.3,34.0
Malawi,MWI,2010,Sub-Saharan Africa,,5.51,,0.441,69.70399301086897,-13.3,34.0
Malawi,MWI,2011,Sub-Saharan Africa,,5.43,,0.45,69.70399301086897,-13.3,34.0
Malawi,MWI,2012,Sub-Saharan Africa,,5.35,,0.455,69.70399301086897,-13.3,34.0
Malawi,MWI,2013,Sub-Saharan Africa,,5.26,,0.461,69.70399301086897,-13.3,34.0
Malawi,MWI,2014,Sub-Saharan Africa,,5.66,,0.468,69.70399301086897,-13.3,34.0
Malawi,MWI,2015,Sub-Saharan Africa,,5.66,,0.47,69.70399301086897,-13.3,34.0
Malawi,MWI,2016,Sub-Saharan Africa,,5.54,,0.474,69.70399301086897,-13.3,34.0
Malawi,MWI,2017,Sub-Saharan Africa,,5.49,,0.477,69.70399301086897,-13.3,34.0
Malaysia,MYS,1960,East Asia & Pacific,8428.493,,1530.4040710480508,,88.79130923615884,2.3,112.3
Malaysia,MYS,1970,East Asia & Pacific,10910.216,,2079.152236765982,,88.79130923615884,2.3,112.3
Malaysia,MYS,1980,East Asia & Pacific,13764.352,,3656.764953410084,,88.79130923615884,2.3,112.3
Malaysia,MYS,1990,East Asia & Pacific,17507.289,,5130.605886496762,0.643,88.79130923615884,2.3,112.3
Malaysia,MYS,1991,East Asia & Pacific,17910.854,,5493.709300190036,0.652,88.79130923615884,2.3,112.3
Malaysia,MYS,1992,East Asia & Pacific,18324.648,,5846.754434652879,0.66,88.79130923615884,2.3,112.3
Malaysia,MYS,1993,East Asia & Pacific,18753.862,,6278.233852010373,0.668,88.79130923615884,2.3,112.3
Malaysia,MYS,1994,East Asia & Pacific,19187.064,,6701.780611317466,0.675,88.79130923615884,2.3,112.3
Malaysia,MYS,1995,East Asia & Pacific,19618.509,,7198.634094533325,0.683,88.79130923615884,2.3,112.3
Malaysia,MYS,1996,East Asia & Pacific,20052.566,,7747.284243651742,0.695,88.79130923615884,2.3,112.3
Malaysia,MYS,1997,East Asia & Pacific,20484.783,,8139.164693256802,0.706,88.79130923615884,2.3,112.3
Malaysia,MYS,1998,East Asia & Pacific,20921.378,,7382.818738269644,0.71,88.79130923615884,2.3,112.3
Malaysia,MYS,1999,East Asia & Pacific,21364.525,,7673.412809342719,0.716,88.79130923615884,2.3,112.3
Malaysia,MYS,2000,East Asia & Pacific,21803.909,3.29,8161.614344239429,0.725,88.79130923615884,2.3,112.3
Malaysia,MYS,2001,East Asia & Pacific,22240.158,3.24,8027.474089937503,0.723,88.79130923615884,2.3,112.3
Malaysia,MYS,2002,East Asia & Pacific,22674.014,3.18,8197.925717668306,0.725,88.79130923615884,2.3,112.3
Malaysia,MYS,2003,East Asia & Pacific,23105.096,3.13,8511.585496117392,0.731,88.79130923615884,2.3,112.3
Malaysia,MYS,2004,East Asia & Pacific,23535.083,3.07,8930.964891859529,0.734,88.79130923615884,2.3,112.3
Malaysia,MYS,2005,East Asia & Pacific,23966.096,3.07,9235.171218541393,0.731,88.79130923615884,2.3,112.3
Malaysia,MYS,2006,East Asia & Pacific,24399.224,3.04,9597.354407664769,0.737,88.79130923615884,2.3,112.3
Malaysia,MYS,2007,East Asia & Pacific,24835.243,3.01,10013.47158149409,0.75,88.79130923615884,2.3,112.3
Malaysia,MYS,2008,East Asia & Pacific,25274.133,2.98,10292.182920775165,0.761,88.79130923615884,2.3,112.3
Malaysia,MYS,2009,East Asia & Pacific,25716.0,2.95,,0.765,88.79130923615884,2.3,112.3
Malaysia,MYS,2010,East Asia & Pacific,,2.7,,0.772,88.79130923615884,2.3,112.3
Malaysia,MYS,2011,East Asia & Pacific,,2.67,,0.778,88.79130923615884,2.3,112.3
Malaysia,MYS,2012,East Asia & Pacific,,2.64,,0.781,88.79130923615884,2.3,112.3
Malaysia,MYS,2013,East Asia & Pacific,,2.61,,0.785,88.79130923615884,2.3,112.3
Malaysia,MYS,2014,East Asia & Pacific,,2.58,,0.79,88.79130923615884,2.3,112.3
Malaysia,MYS,2015,East Asia & Pacific,,2.58,,0.795,88.79130923615884,2.3,112.3
Malaysia,MYS,2016,East Asia & Pacific,,2.53,,0.799,88.79130923615884,2.3,112.3
Malaysia,MYS,2017,East Asia & Pacific,,2.5,,0.802,88.79130923615884,2.3,112.3
Maldives,MDV,1960,South Asia,92.247,,,,80.50624395393496,3.15,73.0
Maldives,MDV,1970,South Asia,114.572,,,,80.50624395393496,3.15,73.0
Maldives,MDV,1980,South Asia,152.87,,,,80.50624395393496,3.15,73.0
Maldives,MDV,1990,South Asia,216.606,,,,80.50624395393496,3.15,73.0
Maldives,MDV,1991,South Asia,227.218,,,,80.50624395393496,3.15,73.0
Maldives,MDV,1992,South Asia,237.848,,,,80.50624395393496,3.15,73.0
Maldives,MDV,1993,South Asia,246.91,,,,80.50624395393496,3.15,73.0
Maldives,MDV,1994,South Asia,253.376,,,,80.50624395393496,3.15,73.0
Maldives,MDV,1995,South Asia,260.584,,,0.539,80.50624395393496,3.15,73.0
Maldives,MDV,1996,South Asia,270.531,,,0.553,80.50624395393496,3.15,73.0
Maldives,MDV,1997,South Asia,275.714,,,0.568,80.50624395393496,3.15,73.0
Maldives,MDV,1998,South Asia,281.184,,,0.58,80.50624395393496,3.15,73.0
Maldives,MDV,1999,South Asia,291.48,,,0.595,80.50624395393496,3.15,73.0
Maldives,MDV,2000,South Asia,299.981,5.62,,0.606,80.50624395393496,3.15,73.0
Maldives,MDV,2001,South Asia,305.913,5.5,,0.61,80.50624395393496,3.15,73.0
Maldives,MDV,2002,South Asia,311.855,5.38,,0.615,80.50624395393496,3.15,73.0
Maldives,MDV,2003,South Asia,318.49,5.26,,0.63,80.50624395393496,3.15,73.0
Maldives,MDV,2004,South Asia,326.599,5.02,,0.635,80.50624395393496,3.15,73.0
Maldives,MDV,2005,South Asia,336.248,5.02,,0.631,80.50624395393496,3.15,73.0
Maldives,MDV,2006,South Asia,348.119,4.9,,0.643,80.50624395393496,3.15,73.0
Maldives,MDV,2007,South Asia,364.968,4.78,,0.651,80.50624395393496,3.15,73.0
Maldives,MDV,2008,South Asia,385.925,1.97,,0.66,80.50624395393496,3.15,73.0
Maldives,MDV,2009,South Asia,396.0,1.9,,0.66,80.50624395393496,3.15,73.0
Maldives,MDV,2010,South Asia,,1.83,,0.671,80.50624395393496,3.15,73.0
Maldives,MDV,2011,South Asia,,1.81,,0.682,80.50624395393496,3.15,73.0
Maldives,MDV,2012,South Asia,,1.79,,0.688,80.50624395393496,3.15,73.0
Maldives,MDV,2013,South Asia,,1.78,,0.696,80.50624395393496,3.15,73.0
Maldives,MDV,2014,South Asia,,1.76,,0.705,80.50624395393496,3.15,73.0
Maldives,MDV,2015,South Asia,,1.76,,0.71,80.50624395393496,3.15,73.0
Maldives,MDV,2016,South Asia,,1.73,,0.712,80.50624395393496,3.15,73.0
Maldives,MDV,2017,South Asia,,1.73,,0.717,80.50624395393496,3.15,73.0
Mali,MLI,1960,Sub-Saharan Africa,4494.738,,533.7690477877026,,60.00000000000001,17.0,-4.0
Mali,MLI,1970,Sub-Saharan Africa,5546.065,,585.6927565091664,,60.00000000000001,17.0,-4.0
Mali,MLI,1980,Sub-Saharan Africa,6758.153,,732.9377478329573,,60.00000000000001,17.0,-4.0
Mali,MLI,1990,Sub-Saharan Africa,8084.632,,747.0964664810965,0.231,60.00000000000001,17.0,-4.0
Mali,MLI,1991,Sub-Saharan Africa,8248.008,,725.7073465496154,0.238,60.00000000000001,17.0,-4.0
Mali,MLI,1992,Sub-Saharan Africa,8417.713,,770.807196681569,0.243,60.00000000000001,17.0,-4.0
Mali,MLI,1993,Sub-Saharan Africa,8593.64,,736.9067531057852,0.249,60.00000000000001,17.0,-4.0
Mali,MLI,1994,Sub-Saharan Africa,8776.266,,740.4059995446811,0.256,60.00000000000001,17.0,-4.0
Mali,MLI,1995,Sub-Saharan Africa,8966.35,,775.3433671449363,0.262,60.00000000000001,17.0,-4.0
Mali,MLI,1996,Sub-Saharan Africa,9165.475,,791.1210275517635,0.271,60.00000000000001,17.0,-4.0
Mali,MLI,1997,Sub-Saharan Africa,9372.774,,825.4760010216826,0.281,60.00000000000001,17.0,-4.0
Mali,MLI,1998,Sub-Saharan Africa,9588.701,,846.4128769892815,0.291,60.00000000000001,17.0,-4.0
Mali,MLI,1999,Sub-Saharan Africa,9813.715,,882.4385057034975,0.302,60.00000000000001,17.0,-4.0
Mali,MLI,2000,Sub-Saharan Africa,10048.561,6.89,893.7598129722256,0.308,60.00000000000001,17.0,-4.0
Mali,MLI,2001,Sub-Saharan Africa,10294.195,6.81,978.0269365404482,0.321,60.00000000000001,17.0,-4.0
Mali,MLI,2002,Sub-Saharan Africa,10549.895,6.73,995.3653567168203,0.33,60.00000000000001,17.0,-4.0
Mali,MLI,2003,Sub-Saharan Africa,10814.982,6.66,1040.8708955780046,0.343,60.00000000000001,17.0,-4.0
Mali,MLI,2004,Sub-Saharan Africa,11091.009,6.5,1039.3103098194224,0.352,60.00000000000001,17.0,-4.0
Mali,MLI,2005,Sub-Saharan Africa,11379.386,7.47,1074.7504302956238,0.363,60.00000000000001,17.0,-4.0
Mali,MLI,2006,Sub-Saharan Africa,11680.646,7.42,1102.5075154233764,0.372,60.00000000000001,17.0,-4.0
Mali,MLI,2007,Sub-Saharan Africa,11995.402,7.38,1119.7623889553681,0.367,60.00000000000001,17.0,-4.0
Mali,MLI,2008,Sub-Saharan Africa,12324.029,7.34,1145.4857822875942,0.39,60.00000000000001,17.0,-4.0
Mali,MLI,2009,Sub-Saharan Africa,13443.0,7.29,,0.398,60.00000000000001,17.0,-4.0
Mali,MLI,2010,Sub-Saharan Africa,,6.54,,0.403,60.00000000000001,17.0,-4.0
Mali,MLI,2011,Sub-Saharan Africa,,6.44,,0.408,60.00000000000001,17.0,-4.0
Mali,MLI,2012,Sub-Saharan Africa,,6.35,,0.408,60.00000000000001,17.0,-4.0
Mali,MLI,2013,Sub-Saharan Africa,,6.25,,0.408,60.00000000000001,17.0,-4.0
Mali,MLI,2014,Sub-Saharan Africa,,6.16,,0.414,60.00000000000001,17.0,-4.0
Mali,MLI,2015,Sub-Saharan Africa,,6.16,,0.418,60.00000000000001,17.0,-4.0
Mali,MLI,2016,Sub-Saharan Africa,,5.95,,0.421,60.00000000000001,17.0,-4.0
Mali,MLI,2017,Sub-Saharan Africa,,6.01,,0.427,60.00000000000001,17.0,-4.0
Malta,MLT,1960,Europe & Central Asia,328.517,,,,91.26803677120819,35.5,14.35
Malta,MLT,1970,Europe & Central Asia,325.569,,,,91.26803677120819,35.5,14.35
Malta,MLT,1980,Europe & Central Asia,364.001,,,,91.26803677120819,35.5,14.35
Malta,MLT,1990,Europe & Central Asia,359.107,,,0.74,91.26803677120819,35.5,14.35
Malta,MLT,1991,Europe & Central Asia,362.579,,,0.745,91.26803677120819,35.5,14.35
Malta,MLT,1992,Europe & Central Asia,365.897,,,0.749,91.26803677120819,35.5,14.35
Malta,MLT,1993,Europe & Central Asia,370.008,,,0.753,91.26803677120819,35.5,14.35
Malta,MLT,1994,Europe & Central Asia,373.606,,,0.756,91.26803677120819,35.5,14.35
Malta,MLT,1995,Europe & Central Asia,376.893,,,0.759,91.26803677120819,35.5,14.35
Malta,MLT,1996,Europe & Central Asia,379.962,,,0.763,91.26803677120819,35.5,14.35
Malta,MLT,1997,Europe & Central Asia,382.953,,,0.768,91.26803677120819,35.5,14.35
Malta,MLT,1998,Europe & Central Asia,385.608,,,0.776,91.26803677120819,35.5,14.35
Malta,MLT,1999,Europe & Central Asia,387.799,,,0.78,91.26803677120819,35.5,14.35
Malta,MLT,2000,Europe & Central Asia,389.947,1.92,,0.783,91.26803677120819,35.5,14.35
Malta,MLT,2001,Europe & Central Asia,391.873,1.92,,0.788,91.26803677120819,35.5,14.35
Malta,MLT,2002,Europe & Central Asia,393.515,1.91,,0.792,91.26803677120819,35.5,14.35
Malta,MLT,2003,Europe & Central Asia,395.178,1.91,,0.8,91.26803677120819,35.5,14.35
Malta,MLT,2004,Europe & Central Asia,396.851,1.5,,0.809,91.26803677120819,35.5,14.35
Malta,MLT,2005,Europe & Central Asia,398.534,1.5,,0.824,91.26803677120819,35.5,14.35
Malta,MLT,2006,Europe & Central Asia,400.214,1.5,,0.822,91.26803677120819,35.5,14.35
Malta,MLT,2007,Europe & Central Asia,401.88,1.51,,0.827,91.26803677120819,35.5,14.35
Malta,MLT,2008,Europe & Central Asia,403.532,1.51,,0.829,91.26803677120819,35.5,14.35
Malta,MLT,2009,Europe & Central Asia,405.0,1.51,,0.83,91.26803677120819,35.5,14.35
Malta,MLT,2010,Europe & Central Asia,,1.52,,0.843,91.26803677120819,35.5,14.35
Malta,MLT,2011,Europe & Central Asia,,1.52,,0.843,91.26803677120819,35.5,14.35
Malta,MLT,2012,Europe & Central Asia,,1.53,,0.849,91.26803677120819,35.5,14.35
Malta,MLT,2013,Europe & Central Asia,,1.53,,0.856,91.26803677120819,35.5,14.35
Malta,MLT,2014,Europe & Central Asia,,1.54,,0.862,91.26803677120819,35.5,14.35
Malta,MLT,2015,Europe & Central Asia,,1.54,,0.871,91.26803677120819,35.5,14.35
Malta,MLT,2016,Europe & Central Asia,,1.55,,0.875,91.26803677120819,35.5,14.35
Malta,MLT,2017,Europe & Central Asia,,1.55,,0.878,91.26803677120819,35.5,14.35
Mariana Islands,MNP,1960,Other,8.861,,,,81.89246166872822,15.12,145.45
Mariana Islands,MNP,1970,Other,12.359,,,,81.89246166872822,15.12,145.45
Mariana Islands,MNP,1980,Other,16.89,,,,81.89246166872822,15.12,145.45
Mariana Islands,MNP,1990,Other,44.037,,,,81.89246166872822,15.12,145.45
Mariana Islands,MNP,1991,Other,46.555,,,,81.89246166872822,15.12,145.45
Mariana Islands,MNP,1992,Other,49.211,,,,81.89246166872822,15.12,145.45
Mariana Islands,MNP,1993,Other,51.937,,,,81.89246166872822,15.12,145.45
Mariana Islands,MNP,1994,Other,54.613,,,,81.89246166872822,15.12,145.45
Mariana Islands,MNP,1995,Other,57.229,,,,81.89246166872822,15.12,145.45
Mariana Islands,MNP,1996,Other,59.822,,,,81.89246166872822,15.12,145.45
Mariana Islands,MNP,1997,Other,62.388,,,,81.89246166872822,15.12,145.45
Mariana Islands,MNP,1998,Other,64.889,,,,81.89246166872822,15.12,145.45
Mariana Islands,MNP,1999,Other,67.302,,,,81.89246166872822,15.12,145.45
Mariana Islands,MNP,2000,Other,69.706,1.76,,,81.89246166872822,15.12,145.45
Mariana Islands,MNP,2001,Other,71.868,1.76,,,81.89246166872822,15.12,145.45
Mariana Islands,MNP,2002,Other,74.003,1.76,,,81.89246166872822,15.12,145.45
Mariana Islands,MNP,2003,Other,76.129,1.75,,,81.89246166872822,15.12,145.45
Mariana Islands,MNP,2004,Other,78.252,1.27,,,81.89246166872822,15.12,145.45
Mariana Islands,MNP,2005,Other,80.362,1.27,,,81.89246166872822,15.12,145.45
Mariana Islands,MNP,2006,Other,82.459,1.24,,,81.89246166872822,15.12,145.45
Mariana Islands,MNP,2007,Other,84.546,1.21,,,81.89246166872822,15.12,145.45
Mariana Islands,MNP,2008,Other,86.616,1.18,,,81.89246166872822,15.12,145.45
Mariana Islands,MNP,2009,Other,51.0,1.15,,,81.89246166872822,15.12,145.45
Mariana Islands,MNP,2010,Other,,2.18,,,81.89246166872822,15.12,145.45
Mariana Islands,MNP,2011,Other,,2.13,,,81.89246166872822,15.12,145.45
Mariana Islands,MNP,2012,Other,,2.09,,,81.89246166872822,15.12,145.45
Mariana Islands,MNP,2013,Other,,2.05,,,81.89246166872822,15.12,145.45
Mariana Islands,MNP,2014,Other,,2.01,,,81.89246166872822,15.12,145.45
Mariana Islands,MNP,2015,Other,,2.01,,,81.89246166872822,15.12,145.45
Mariana Islands,MNP,2016,Other,,1.96,,,81.89246166872822,15.12,145.45
Mariana Islands,MNP,2017,Other,,2.8,,,81.89246166872822,15.12,145.45
Marshall Islands,MHL,1960,East Asia & Pacific,15.12,,,,83.96000000000001,9.0,168.0
Marshall Islands,MHL,1970,East Asia & Pacific,21.714,,,,83.96000000000001,9.0,168.0
Marshall Islands,MHL,1980,East Asia & Pacific,30.681,,,,83.96000000000001,9.0,168.0
Marshall Islands,MHL,1990,East Asia & Pacific,45.828,,,,83.96000000000001,9.0,168.0
Marshall Islands,MHL,1991,East Asia & Pacific,46.853,,,,83.96000000000001,9.0,168.0
Marshall Islands,MHL,1992,East Asia & Pacific,47.678,,,,83.96000000000001,9.0,168.0
Marshall Islands,MHL,1993,East Asia & Pacific,48.406,,,,83.96000000000001,9.0,168.0
Marshall Islands,MHL,1994,East Asia & Pacific,49.054,,,,83.96000000000001,9.0,168.0
Marshall Islands,MHL,1995,East Asia & Pacific,49.639,,,,83.96000000000001,9.0,168.0
Marshall Islands,MHL,1996,East Asia & Pacific,50.194,,,,83.96000000000001,9.0,168.0
Marshall Islands,MHL,1997,East Asia & Pacific,50.829,,,,83.96000000000001,9.0,168.0
Marshall Islands,MHL,1998,East Asia & Pacific,51.555,,,,83.96000000000001,9.0,168.0
Marshall Islands,MHL,1999,East Asia & Pacific,52.295,,,,83.96000000000001,9.0,168.0
Marshall Islands,MHL,2000,East Asia & Pacific,53.072,6.61,,,83.96000000000001,9.0,168.0
Marshall Islands,MHL,2001,East Asia & Pacific,54.007,6.55,,,83.96000000000001,9.0,168.0
Marshall Islands,MHL,2002,East Asia & Pacific,55.163,6.49,,,83.96000000000001,9.0,168.0
Marshall Islands,MHL,2003,East Asia & Pacific,56.448,4.12,,,83.96000000000001,9.0,168.0
Marshall Islands,MHL,2004,East Asia & Pacific,57.76,3.93,,,83.96000000000001,9.0,168.0
Marshall Islands,MHL,2005,East Asia & Pacific,59.096,3.93,,,83.96000000000001,9.0,168.0
Marshall Islands,MHL,2006,East Asia & Pacific,60.451,3.85,,,83.96000000000001,9.0,168.0
Marshall Islands,MHL,2007,East Asia & Pacific,61.815,3.76,,,83.96000000000001,9.0,168.0
Marshall Islands,MHL,2008,East Asia & Pacific,63.174,3.68,,,83.96000000000001,9.0,168.0
Marshall Islands,MHL,2009,East Asia & Pacific,64.0,3.59,,,83.96000000000001,9.0,168.0
Marshall Islands,MHL,2010,East Asia & Pacific,,3.51,,,83.96000000000001,9.0,168.0
Marshall Islands,MHL,2011,East Asia & Pacific,,3.44,,,83.96000000000001,9.0,168.0
Marshall Islands,MHL,2012,East Asia & Pacific,,3.37,,,83.96000000000001,9.0,168.0
Marshall Islands,MHL,2013,East Asia & Pacific,,3.29,,,83.96000000000001,9.0,168.0
Marshall Islands,MHL,2014,East Asia & Pacific,,3.22,,,83.96000000000001,9.0,168.0
Marshall Islands,MHL,2015,East Asia & Pacific,,3.22,,,83.96000000000001,9.0,168.0
Marshall Islands,MHL,2016,East Asia & Pacific,,3.09,,,83.96000000000001,9.0,168.0
Marshall Islands,MHL,2017,East Asia & Pacific,,3.03,,0.708,83.96000000000001,9.0,168.0
Mauritania,MRT,1960,Sub-Saharan Africa,1117.376,,624.5917985356518,,60.000000000000014,20.0,-12.0
Mauritania,MRT,1970,Sub-Saharan Africa,1289.42,,1058.629378837409,,60.000000000000014,20.0,-12.0
Mauritania,MRT,1980,Sub-Saharan Africa,1544.909,,1009.4794817075418,,60.000000000000014,20.0,-12.0
Mauritania,MRT,1990,Sub-Saharan Africa,1924.978,,948.062783055183,0.374,60.000000000000014,20.0,-12.0
Mauritania,MRT,1991,Sub-Saharan Africa,1973.43,,948.8302093309618,0.379,60.000000000000014,20.0,-12.0
Mauritania,MRT,1992,Sub-Saharan Africa,2042.816,,932.184616725148,0.387,60.000000000000014,20.0,-12.0
Mauritania,MRT,1993,Sub-Saharan Africa,2119.242,,947.9885453147868,0.399,60.000000000000014,20.0,-12.0
Mauritania,MRT,1994,Sub-Saharan Africa,2183.335,,962.4871717920063,0.411,60.000000000000014,20.0,-12.0
Mauritania,MRT,1995,Sub-Saharan Africa,2234.79,,983.5376030857485,0.418,60.000000000000014,20.0,-12.0
Mauritania,MRT,1996,Sub-Saharan Africa,2270.682,,1021.2790694601888,0.428,60.000000000000014,20.0,-12.0
Mauritania,MRT,1997,Sub-Saharan Africa,2315.223,,1033.5937402142256,0.427,60.000000000000014,20.0,-12.0
Mauritania,MRT,1998,Sub-Saharan Africa,2374.103,,1045.447480585299,0.435,60.000000000000014,20.0,-12.0
Mauritania,MRT,1999,Sub-Saharan Africa,2436.909,,1059.9493046313999,0.441,60.000000000000014,20.0,-12.0
Mauritania,MRT,2000,Sub-Saharan Africa,2500.867,6.29,1084.8237831120166,0.442,60.000000000000014,20.0,-12.0
Mauritania,MRT,2001,Sub-Saharan Africa,2565.791,6.22,1103.753189562205,0.442,60.000000000000014,20.0,-12.0
Mauritania,MRT,2002,Sub-Saharan Africa,2631.845,6.15,1120.1267551850508,0.449,60.000000000000014,20.0,-12.0
Mauritania,MRT,2003,Sub-Saharan Africa,2699.242,6.08,1153.2867375359453,0.451,60.000000000000014,20.0,-12.0
Mauritania,MRT,2004,Sub-Saharan Africa,2767.954,5.94,1183.1844026309686,0.461,60.000000000000014,20.0,-12.0
Mauritania,MRT,2005,Sub-Saharan Africa,2837.937,5.94,1216.3765439472404,0.466,60.000000000000014,20.0,-12.0
Mauritania,MRT,2006,Sub-Saharan Africa,2909.101,5.86,1321.714165303989,0.475,60.000000000000014,20.0,-12.0
Mauritania,MRT,2007,Sub-Saharan Africa,2981.452,5.78,1302.720956097901,0.476,60.000000000000014,20.0,-12.0
Mauritania,MRT,2008,Sub-Saharan Africa,3054.933,5.69,1299.210162710606,0.476,60.000000000000014,20.0,-12.0
Mauritania,MRT,2009,Sub-Saharan Africa,3129.0,4.45,,0.484,60.000000000000014,20.0,-12.0
Mauritania,MRT,2010,Sub-Saharan Africa,,4.37,,0.487,60.000000000000014,20.0,-12.0
Mauritania,MRT,2011,Sub-Saharan Africa,,4.3,,0.49,60.000000000000014,20.0,-12.0
Mauritania,MRT,2012,Sub-Saharan Africa,,4.22,,0.499,60.000000000000014,20.0,-12.0
Mauritania,MRT,2013,Sub-Saharan Africa,,4.15,,0.508,60.000000000000014,20.0,-12.0
Mauritania,MRT,2014,Sub-Saharan Africa,,4.07,,0.514,60.000000000000014,20.0,-12.0
Mauritania,MRT,2015,Sub-Saharan Africa,,4.07,,0.514,60.000000000000014,20.0,-12.0
Mauritania,MRT,2016,Sub-Saharan Africa,,3.93,,0.516,60.000000000000014,20.0,-12.0
Mauritania,MRT,2017,Sub-Saharan Africa,,3.86,,0.52,60.000000000000014,20.0,-12.0
Mauritius,MUS,1960,Sub-Saharan Africa,663.229,,2776.8754883649294,,86.56058635394457,-20.17,57.33
Mauritius,MUS,1970,Sub-Saharan Africa,829.511,,2945.3785752582644,,86.56058635394457,-20.17,57.33
Mauritius,MUS,1980,Sub-Saharan Africa,963.701,,4366.749153680399,,86.56058635394457,-20.17,57.33
Mauritius,MUS,1990,Sub-Saharan Africa,1061.598,,7208.001522233463,0.619,86.56058635394457,-20.17,57.33
Mauritius,MUS,1991,Sub-Saharan Africa,1071.723,,7596.858516612969,0.626,86.56058635394457,-20.17,57.33
Mauritius,MUS,1992,Sub-Saharan Africa,1084.809,,7865.468431770017,0.633,86.56058635394457,-20.17,57.33
Mauritius,MUS,1993,Sub-Saharan Africa,1098.641,,8286.792971724157,0.638,86.56058635394457,-20.17,57.33
Mauritius,MUS,1994,Sub-Saharan Africa,1111.297,,8553.06907154433,0.643,86.56058635394457,-20.17,57.33
Mauritius,MUS,1995,Sub-Saharan Africa,1123.115,,8758.675647640714,0.648,86.56058635394457,-20.17,57.33
Mauritius,MUS,1996,Sub-Saharan Africa,1135.344,,9115.298975464704,0.652,86.56058635394457,-20.17,57.33
Mauritius,MUS,1997,Sub-Saharan Africa,1148.35,,9552.836678712938,0.656,86.56058635394457,-20.17,57.33
Mauritius,MUS,1998,Sub-Saharan Africa,1160.659,,10018.446417078574,0.662,86.56058635394457,-20.17,57.33
Mauritius,MUS,1999,Sub-Saharan Africa,1173.129,,10437.044860369151,0.667,86.56058635394457,-20.17,57.33
Mauritius,MUS,2000,Sub-Saharan Africa,1185.932,2.02,10593.356111480252,0.673,86.56058635394457,-20.17,57.33
Mauritius,MUS,2001,Sub-Saharan Africa,1197.878,2.01,11232.36256112893,0.682,86.56058635394457,-20.17,57.33
Mauritius,MUS,2002,Sub-Saharan Africa,1209.59,2.0,11501.417835795603,0.687,86.56058635394457,-20.17,57.33
Mauritius,MUS,2003,Sub-Saharan Africa,1221.004,1.98,12182.59727240861,0.695,86.56058635394457,-20.17,57.33
Mauritius,MUS,2004,Sub-Saharan Africa,1232.059,1.96,12640.628411464062,0.704,86.56058635394457,-20.17,57.33
Mauritius,MUS,2005,Sub-Saharan Africa,1242.821,1.96,12957.618192804919,0.713,86.56058635394457,-20.17,57.33
Mauritius,MUS,2006,Sub-Saharan Africa,1253.425,1.95,13297.165765801705,0.72,86.56058635394457,-20.17,57.33
Mauritius,MUS,2007,Sub-Saharan Africa,1263.899,1.94,13740.813150417875,0.728,86.56058635394457,-20.17,57.33
Mauritius,MUS,2008,Sub-Saharan Africa,1274.189,1.83,14529.241737293289,0.734,86.56058635394457,-20.17,57.33
Mauritius,MUS,2009,Sub-Saharan Africa,1284.0,1.81,,0.741,86.56058635394457,-20.17,57.33
Mauritius,MUS,2010,Sub-Saharan Africa,,1.8,,0.749,86.56058635394457,-20.17,57.33
Mauritius,MUS,2011,Sub-Saharan Africa,,1.79,,0.758,86.56058635394457,-20.17,57.33
Mauritius,MUS,2012,Sub-Saharan Africa,,1.78,,0.767,86.56058635394457,-20.17,57.33
Mauritius,MUS,2013,Sub-Saharan Africa,,1.78,,0.772,86.56058635394457,-20.17,57.33
Mauritius,MUS,2014,Sub-Saharan Africa,,1.77,,0.782,86.56058635394457,-20.17,57.33
Mauritius,MUS,2015,Sub-Saharan Africa,,1.77,,0.782,86.56058635394457,-20.17,57.33
Mauritius,MUS,2016,Sub-Saharan Africa,,1.75,,0.788,86.56058635394457,-20.17,57.33
Mauritius,MUS,2017,Sub-Saharan Africa,,1.75,,0.79,86.56058635394457,-20.17,57.33
Mexico,MEX,1960,Latin America & Caribbean,38578.505,,3155.202618660314,,87.83543498283044,23.0,-102.0
Mexico,MEX,1970,Latin America & Caribbean,52775.158,,4319.645997080672,,87.83543498283044,23.0,-102.0
Mexico,MEX,1980,Latin America & Caribbean,68347.479,,6320.39405579246,,87.83543498283044,23.0,-102.0
Mexico,MEX,1990,Latin America & Caribbean,84913.652,,6084.910822113739,0.65,87.83543498283044,23.0,-102.0
Mexico,MEX,1991,Latin America & Caribbean,86488.032,,6226.387484455652,0.654,87.83543498283044,23.0,-102.0
Mexico,MEX,1992,Latin America & Caribbean,88111.03,,6333.474934976926,0.658,87.83543498283044,23.0,-102.0
Mexico,MEX,1993,Latin America & Caribbean,89749.141,,6339.158165313248,0.663,87.83543498283044,23.0,-102.0
Mexico,MEX,1994,Latin America & Caribbean,91337.896,,6503.915964957196,0.67,87.83543498283044,23.0,-102.0
Mexico,MEX,1995,Latin America & Caribbean,92880.353,,6001.473745475536,0.669,87.83543498283044,23.0,-102.0
Mexico,MEX,1996,Latin America & Caribbean,94398.579,,6209.246009942586,0.677,87.83543498283044,23.0,-102.0
Mexico,MEX,1997,Latin America & Caribbean,95895.146,,6525.450203704785,0.683,87.83543498283044,23.0,-102.0
Mexico,MEX,1998,Latin America & Caribbean,97325.063,,6753.27587509499,0.69,87.83543498283044,23.0,-102.0
Mexico,MEX,1999,Latin America & Caribbean,98616.905,,6915.4674850118245,0.695,87.83543498283044,23.0,-102.0
Mexico,MEX,2000,Latin America & Caribbean,99926.62,2.67,7274.678158832952,0.702,87.83543498283044,23.0,-102.0
Mexico,MEX,2001,Latin America & Caribbean,101246.961,2.62,7177.262337780193,0.705,87.83543498283044,23.0,-102.0
Mexico,MEX,2002,Latin America & Caribbean,102479.927,2.57,7145.360281140716,0.71,87.83543498283044,23.0,-102.0
Mexico,MEX,2003,Latin America & Caribbean,103718.062,2.53,7158.9073849065935,0.717,87.83543498283044,23.0,-102.0
Mexico,MEX,2004,Latin America & Caribbean,104959.594,2.45,7357.193092801026,0.724,87.83543498283044,23.0,-102.0
Mexico,MEX,2005,Latin America & Caribbean,106202.903,2.45,7511.009374197614,0.728,87.83543498283044,23.0,-102.0
Mexico,MEX,2006,Latin America & Caribbean,107449.525,2.42,7795.064705963102,0.736,87.83543498283044,23.0,-102.0
Mexico,MEX,2007,Latin America & Caribbean,108700.891,2.39,7972.114966380542,0.739,87.83543498283044,23.0,-102.0
Mexico,MEX,2008,Latin America & Caribbean,109955.4,2.37,7978.798676554313,0.742,87.83543498283044,23.0,-102.0
Mexico,MEX,2009,Latin America & Caribbean,111212.0,2.34,,0.743,87.83543498283044,23.0,-102.0
Mexico,MEX,2010,Latin America & Caribbean,,2.31,,0.743,87.83543498283044,23.0,-102.0
Mexico,MEX,2011,Latin America & Caribbean,,2.29,,0.751,87.83543498283044,23.0,-102.0
Mexico,MEX,2012,Latin America & Caribbean,,2.27,,0.757,87.83543498283044,23.0,-102.0
Mexico,MEX,2013,Latin America & Caribbean,,2.25,,0.756,87.83543498283044,23.0,-102.0
Mexico,MEX,2014,Latin America & Caribbean,,2.29,,0.761,87.83543498283044,23.0,-102.0
Mexico,MEX,2015,Latin America & Caribbean,,2.29,,0.767,87.83543498283044,23.0,-102.0
Mexico,MEX,2016,Latin America & Caribbean,,2.25,,0.772,87.83543498283044,23.0,-102.0
Mexico,MEX,2017,Latin America & Caribbean,,2.24,,0.774,87.83543498283044,23.0,-102.0
"Micronesia, Federated States of",FSM,1960,East Asia & Pacific,41.777,,,,83.96000000000001,6.55,158.15
"Micronesia, Federated States of",FSM,1970,East Asia & Pacific,56.822,,,,83.96000000000001,6.55,158.15
"Micronesia, Federated States of",FSM,1980,East Asia & Pacific,77.08,,,,83.96000000000001,6.55,158.15
"Micronesia, Federated States of",FSM,1990,East Asia & Pacific,108.6,,,,83.96000000000001,6.55,158.15
"Micronesia, Federated States of",FSM,1991,East Asia & Pacific,111.689,,,,83.96000000000001,6.55,158.15
"Micronesia, Federated States of",FSM,1992,East Asia & Pacific,114.694,,,,83.96000000000001,6.55,158.15
"Micronesia, Federated States of",FSM,1993,East Asia & Pacific,117.588,,,,83.96000000000001,6.55,158.15
"Micronesia, Federated States of",FSM,1994,East Asia & Pacific,105.444,,,,83.96000000000001,6.55,158.15
"Micronesia, Federated States of",FSM,1995,East Asia & Pacific,105.982,,,,83.96000000000001,6.55,158.15
"Micronesia, Federated States of",FSM,1996,East Asia & Pacific,106.462,,,,83.96000000000001,6.55,158.15
"Micronesia, Federated States of",FSM,1997,East Asia & Pacific,106.879,,,,83.96000000000001,6.55,158.15
"Micronesia, Federated States of",FSM,1998,East Asia & Pacific,107.226,,,,83.96000000000001,6.55,158.15
"Micronesia, Federated States of",FSM,1999,East Asia & Pacific,107.501,,,,83.96000000000001,6.55,158.15
"Micronesia, Federated States of",FSM,2000,East Asia & Pacific,107.724,3.83,,0.552,83.96000000000001,6.55,158.15
"Micronesia, Federated States of",FSM,2001,East Asia & Pacific,107.905,,,0.558,83.96000000000001,6.55,158.15
"Micronesia, Federated States of",FSM,2002,East Asia & Pacific,108.034,,,0.564,83.96000000000001,6.55,158.15
"Micronesia, Federated States of",FSM,2003,East Asia & Pacific,108.109,3.5,,0.57,83.96000000000001,6.55,158.15
"Micronesia, Federated States of",FSM,2004,East Asia & Pacific,108.126,3.25,,0.575,83.96000000000001,6.55,158.15
"Micronesia, Federated States of",FSM,2005,East Asia & Pacific,108.082,3.25,,0.582,83.96000000000001,6.55,158.15
"Micronesia, Federated States of",FSM,2006,East Asia & Pacific,107.986,3.16,,0.587,83.96000000000001,6.55,158.15
"Micronesia, Federated States of",FSM,2007,East Asia & Pacific,107.848,3.07,,0.592,83.96000000000001,6.55,158.15
"Micronesia, Federated States of",FSM,2008,East Asia & Pacific,107.665,2.98,,0.596,83.96000000000001,6.55,158.15
"Micronesia, Federated States of",FSM,2009,East Asia & Pacific,107.0,2.89,,0.603,83.96000000000001,6.55,158.15
"Micronesia, Federated States of",FSM,2010,East Asia & Pacific,,2.8,,0.608,83.96000000000001,6.55,158.15
"Micronesia, Federated States of",FSM,2011,East Asia & Pacific,,2.74,,0.613,83.96000000000001,6.55,158.15
"Micronesia, Federated States of",FSM,2012,East Asia & Pacific,,2.68,,0.616,83.96000000000001,6.55,158.15
"Micronesia, Federated States of",FSM,2013,East Asia & Pacific,,2.68,,0.619,83.96000000000001,6.55,158.15
"Micronesia, Federated States of",FSM,2014,East Asia & Pacific,,2.55,,0.618,83.96000000000001,6.55,158.15
"Micronesia, Federated States of",FSM,2015,East Asia & Pacific,,2.55,,0.627,83.96000000000001,6.55,158.15
"Micronesia, Federated States of",FSM,2016,East Asia & Pacific,,2.45,,0.627,83.96000000000001,6.55,158.15
"Micronesia, Federated States of",FSM,2017,East Asia & Pacific,,2.41,,0.627,83.96000000000001,6.55,158.15
Moldova,MDA,1960,Europe & Central Asia,2998.981,,,,90.19961123645778,47.0,29.0
Moldova,MDA,1970,Europe & Central Asia,3594.517,,,,90.19961123645778,47.0,29.0
Moldova,MDA,1980,Europe & Central Asia,3996.278,,,,90.19961123645778,47.0,29.0
Moldova,MDA,1990,Europe & Central Asia,4394.0,,6170.232134729175,0.651,90.19961123645778,47.0,29.0
Moldova,MDA,1991,Europe & Central Asia,4421.0,,5059.353087536756,0.64,90.19961123645778,47.0,29.0
Moldova,MDA,1992,Europe & Central Asia,4438.0,,3578.3808021631367,0.62,90.19961123645778,47.0,29.0
Moldova,MDA,1993,Europe & Central Asia,4444.0,,3530.6669108910887,0.618,90.19961123645778,47.0,29.0
Moldova,MDA,1994,Europe & Central Asia,4441.0,,2441.338903992794,0.595,90.19961123645778,47.0,29.0
Moldova,MDA,1995,Europe & Central Asia,4433.0,,2411.5042336149672,0.594,90.19961123645778,47.0,29.0
Moldova,MDA,1996,Europe & Central Asia,4422.0,,2274.8703233437027,0.591,90.19961123645778,47.0,29.0
Moldova,MDA,1997,Europe & Central Asia,4416.0,,2314.40855863747,0.593,90.19961123645778,47.0,29.0
Moldova,MDA,1998,Europe & Central Asia,4412.0,,2165.9338989736552,0.593,90.19961123645778,47.0,29.0
Moldova,MDA,1999,Europe & Central Asia,4403.0,,2096.5689189085915,0.595,90.19961123645778,47.0,29.0
Moldova,MDA,2000,Europe & Central Asia,4391.0,1.63,2146.446823480659,0.597,90.19961123645778,47.0,29.0
Moldova,MDA,2001,Europe & Central Asia,4378.0,1.67,2284.14251485146,0.607,90.19961123645778,47.0,29.0
Moldova,MDA,2002,Europe & Central Asia,4367.0,1.71,2468.5079121962967,0.617,90.19961123645778,47.0,29.0
Moldova,MDA,2003,Europe & Central Asia,4356.0,1.74,2630.650233671392,0.63,90.19961123645778,47.0,29.0
Moldova,MDA,2004,Europe & Central Asia,4347.0,1.81,2831.1479181044397,0.64,90.19961123645778,47.0,29.0
Moldova,MDA,2005,Europe & Central Asia,4340.0,1.81,3048.3870967741937,0.648,90.19961123645778,47.0,29.0
Moldova,MDA,2006,Europe & Central Asia,4334.0,1.85,3199.123211813567,0.656,90.19961123645778,47.0,29.0
Moldova,MDA,2007,Europe & Central Asia,4329.0,1.25,3298.914298914299,0.661,90.19961123645778,47.0,29.0
Moldova,MDA,2008,Europe & Central Asia,4324.0,1.26,3540.471785383904,0.666,90.19961123645778,47.0,29.0
Moldova,MDA,2009,Europe & Central Asia,4321.0,1.27,,0.662,90.19961123645778,47.0,29.0
Moldova,MDA,2010,Europe & Central Asia,,1.28,,0.67,90.19961123645778,47.0,29.0
Moldova,MDA,2011,Europe & Central Asia,,1.29,,0.677,90.19961123645778,47.0,29.0
Moldova,MDA,2012,Europe & Central Asia,,1.55,,0.684,90.19961123645778,47.0,29.0
Moldova,MDA,2013,Europe & Central Asia,,1.55,,0.693,90.19961123645778,47.0,29.0
Moldova,MDA,2014,Europe & Central Asia,,1.56,,0.696,90.19961123645778,47.0,29.0
Moldova,MDA,2015,Europe & Central Asia,,1.56,,0.693,90.19961123645778,47.0,29.0
Moldova,MDA,2016,Europe & Central Asia,,1.56,,0.697,90.19961123645778,47.0,29.0
Moldova,MDA,2017,Europe & Central Asia,,1.57,,0.7,90.19961123645778,47.0,29.0
Mongolia,MNG,1960,East Asia & Pacific,954.652,,585.553688673988,,91.02617619665793,46.0,105.0
Mongolia,MNG,1970,East Asia & Pacific,1247.6,,787.1112536069254,,91.02617619665793,46.0,105.0
Mongolia,MNG,1980,East Asia & Pacific,1662.38,,1057.5199412889954,,91.02617619665793,46.0,105.0
Mongolia,MNG,1990,East Asia & Pacific,2217.539,,1332.107349633986,0.579,91.02617619665793,46.0,105.0
Mongolia,MNG,1991,East Asia & Pacific,2270.382,,1180.8585515565221,0.574,91.02617619665793,46.0,105.0
Mongolia,MNG,1992,East Asia & Pacific,2317.954,,1046.6126592676126,0.561,91.02617619665793,46.0,105.0
Mongolia,MNG,1993,East Asia & Pacific,2359.688,,997.5895118337678,0.547,91.02617619665793,46.0,105.0
Mongolia,MNG,1994,East Asia & Pacific,2400.648,,1003.0625064565899,0.55,91.02617619665793,46.0,105.0
Mongolia,MNG,1995,East Asia & Pacific,2447.042,,1046.161038510986,0.555,91.02617619665793,46.0,105.0
Mongolia,MNG,1996,East Asia & Pacific,2494.853,,1050.1620736772868,0.561,91.02617619665793,46.0,105.0
Mongolia,MNG,1997,East Asia & Pacific,2539.223,,1073.5567533847955,0.568,91.02617619665793,46.0,105.0
Mongolia,MNG,1998,East Asia & Pacific,2581.518,,1092.7678985775035,0.576,91.02617619665793,46.0,105.0
Mongolia,MNG,1999,East Asia & Pacific,2623.049,,1075.4659939635135,0.582,91.02617619665793,46.0,105.0
Mongolia,MNG,2000,East Asia & Pacific,2663.757,2.4,1059.030534692166,0.589,91.02617619665793,46.0,105.0
Mongolia,MNG,2001,East Asia & Pacific,2704.47,2.39,1043.0879248059694,0.6,91.02617619665793,46.0,105.0
Mongolia,MNG,2002,East Asia & Pacific,2744.553,2.37,1027.854080427669,0.609,91.02617619665793,46.0,105.0
Mongolia,MNG,2003,East Asia & Pacific,2784.084,2.28,1013.2596573953947,0.622,91.02617619665793,46.0,105.0
Mongolia,MNG,2004,East Asia & Pacific,2824.567,2.26,1062.1096968137063,0.637,91.02617619665793,46.0,105.0
Mongolia,MNG,2005,East Asia & Pacific,2865.994,2.26,1046.757250713016,0.65,91.02617619665793,46.0,105.0
Mongolia,MNG,2006,East Asia & Pacific,2908.403,2.25,1031.4939160769675,0.66,91.02617619665793,46.0,105.0
Mongolia,MNG,2007,East Asia & Pacific,2951.786,2.25,1016.3338399192896,0.672,91.02617619665793,46.0,105.0
Mongolia,MNG,2008,East Asia & Pacific,2996.081,2.24,1001.3080420722937,0.683,91.02617619665793,46.0,105.0
Mongolia,MNG,2009,East Asia & Pacific,3041.0,2.23,,0.689,91.02617619665793,46.0,105.0
Mongolia,MNG,2010,East Asia & Pacific,,2.22,,0.697,91.02617619665793,46.0,105.0
Mongolia,MNG,2011,East Asia & Pacific,,2.21,,0.711,91.02617619665793,46.0,105.0
Mongolia,MNG,2012,East Asia & Pacific,,2.19,,0.72,91.02617619665793,46.0,105.0
Mongolia,MNG,2013,East Asia & Pacific,,2.18,,0.729,91.02617619665793,46.0,105.0
Mongolia,MNG,2014,East Asia & Pacific,,2.22,,0.734,91.02617619665793,46.0,105.0
Mongolia,MNG,2015,East Asia & Pacific,,2.22,,0.737,91.02617619665793,46.0,105.0
Mongolia,MNG,2016,East Asia & Pacific,,2.13,,0.743,91.02617619665793,46.0,105.0
Mongolia,MNG,2017,East Asia & Pacific,,2.09,,0.741,91.02617619665793,46.0,105.0
Montenegro,MNE,1960,Europe & Central Asia,7932.423,,,,86.11290602124548,42.3,19.18
Montenegro,MNE,1970,Europe & Central Asia,8681.198,,,,86.11290602124548,42.3,19.18
Montenegro,MNE,1980,Europe & Central Asia,9515.0,,,,86.11290602124548,42.3,19.18
Montenegro,MNE,1990,Europe & Central Asia,10231.0,,5010.849379337308,,86.11290602124548,42.3,19.18
Montenegro,MNE,1991,Europe & Central Asia,10240.0,,4425.69765625,,86.11290602124548,42.3,19.18
Montenegro,MNE,1992,Europe & Central Asia,10266.0,,3182.846563802845,,86.11290602124548,42.3,19.18
Montenegro,MNE,1993,Europe & Central Asia,10307.0,,2193.7684247800526,,86.11290602124548,42.3,19.18
Montenegro,MNE,1994,Europe & Central Asia,10351.0,,2239.0542394998743,,86.11290602124548,42.3,19.18
Montenegro,MNE,1995,Europe & Central Asia,10391.0,,2366.4915705398957,,86.11290602124548,42.3,19.18
Montenegro,MNE,1996,Europe & Central Asia,10451.0,,2491.7267754415248,,86.11290602124548,42.3,19.18
Montenegro,MNE,1997,Europe & Central Asia,10473.0,,2670.493004236579,,86.11290602124548,42.3,19.18
Montenegro,MNE,1998,Europe & Central Asia,10342.0,,2771.9275830790884,,86.11290602124548,42.3,19.18
Montenegro,MNE,1999,Europe & Central Asia,10159.0,,2322.390725252469,,86.11290602124548,42.3,19.18
Montenegro,MNE,2000,Europe & Central Asia,10036.0,1.96,2501.3082991253077,,86.11290602124548,42.3,19.18
Montenegro,MNE,2001,Europe & Central Asia,9995.0,,2649.705077035795,,86.11290602124548,42.3,19.18
Montenegro,MNE,2002,Europe & Central Asia,10001.0,,2748.743798648309,,86.11290602124548,42.3,19.18
Montenegro,MNE,2003,Europe & Central Asia,9997.0,,2791.0912805077483,0.741,86.11290602124548,42.3,19.18
Montenegro,MNE,2004,Europe & Central Asia,9987.0,,2997.4967457695,0.748,86.11290602124548,42.3,19.18
Montenegro,MNE,2005,Europe & Central Asia,9968.0,,3188.6035313001603,0.753,86.11290602124548,42.3,19.18
Montenegro,MNE,2006,Europe & Central Asia,9945.0,,3380.593262946204,0.764,86.11290602124548,42.3,19.18
Montenegro,MNE,2007,Europe & Central Asia,9917.0,,3437.430674599173,0.775,86.11290602124548,42.3,19.18
Montenegro,MNE,2008,Europe & Central Asia,9887.0,,3620.2083544047737,0.786,86.11290602124548,42.3,19.18
Montenegro,MNE,2009,Europe & Central Asia,9856.0,,,0.788,86.11290602124548,42.3,19.18
Montenegro,MNE,2010,Europe & Central Asia,,,,0.793,86.11290602124548,42.3,19.18
Montenegro,MNE,2011,Europe & Central Asia,,,,0.798,86.11290602124548,42.3,19.18
Montenegro,MNE,2012,Europe & Central Asia,,,,0.8,86.11290602124548,42.3,19.18
Montenegro,MNE,2013,Europe & Central Asia,,,,0.803,86.11290602124548,42.3,19.18
Montenegro,MNE,2014,Europe & Central Asia,,,,0.805,86.11290602124548,42.3,19.18
Montenegro,MNE,2015,Europe & Central Asia,,,,0.809,86.11290602124548,42.3,19.18
Montenegro,MNE,2016,Europe & Central Asia,,,,0.81,86.11290602124548,42.3,19.18
Montenegro,MNE,2017,Europe & Central Asia,,,,0.814,86.11290602124548,42.3,19.18
Morocco,MAR,1960,Middle East & North Africa,12423.434,,1328.6986512746798,,69.26797459647284,32.0,-5.0
Morocco,MAR,1970,Middle East & North Africa,15909.275,,1616.227012230287,,69.26797459647284,32.0,-5.0
Morocco,MAR,1980,Middle East & North Africa,19487.272,,2272.149739583868,,69.26797459647284,32.0,-5.0
Morocco,MAR,1990,Middle East & North Africa,24734.809,,2590.7618692345673,0.458,69.26797459647284,32.0,-5.0
Morocco,MAR,1991,Middle East & North Africa,25294.167,,2708.278869195415,0.464,69.26797459647284,32.0,-5.0
Morocco,MAR,1992,Middle East & North Africa,25849.79,,2544.0636724708397,0.468,69.26797459647284,32.0,-5.0
Morocco,MAR,1993,Middle East & North Africa,26403.829,,2465.7740573611495,0.474,69.26797459647284,32.0,-5.0
Morocco,MAR,1994,Middle East & North Africa,26955.218,,2666.5296391137626,0.485,69.26797459647284,32.0,-5.0
Morocco,MAR,1995,Middle East & North Africa,27502.455,,2440.9825644973075,0.489,69.26797459647284,32.0,-5.0
Morocco,MAR,1996,Middle East & North Africa,28046.328,,2685.663520728988,0.499,69.26797459647284,32.0,-5.0
Morocco,MAR,1997,Middle East & North Africa,28587.611,,2573.3524917489603,0.503,69.26797459647284,32.0,-5.0
Morocco,MAR,1998,Middle East & North Africa,29125.075,,2724.0788221146213,0.51,69.26797459647284,32.0,-5.0
Morocco,MAR,1999,Middle East & North Africa,29657.451,,2672.4818663613405,0.52,69.26797459647284,32.0,-5.0
Morocco,MAR,2000,Middle East & North Africa,30184.084,3.13,2652.1262000198517,0.53,69.26797459647284,32.0,-5.0
Morocco,MAR,2001,Middle East & North Africa,30708.095,3.05,2771.0934201551736,0.541,69.26797459647284,32.0,-5.0
Morocco,MAR,2002,Middle East & North Africa,31231.743,2.97,2811.8187319868766,0.552,69.26797459647284,32.0,-5.0
Morocco,MAR,2003,Middle East & North Africa,31754.405,2.89,2934.2385725696954,0.563,69.26797459647284,32.0,-5.0
Morocco,MAR,2004,Middle East & North Africa,32275.34,2.73,3061.7802941812542,0.572,69.26797459647284,32.0,-5.0
Morocco,MAR,2005,Middle East & North Africa,32793.012,2.73,3103.8624936312644,0.58,69.26797459647284,32.0,-5.0
Morocco,MAR,2006,Middle East & North Africa,33309.331,2.68,3294.0919768097415,0.586,69.26797459647284,32.0,-5.0
Morocco,MAR,2007,Middle East & North Africa,33826.296,2.62,3318.985915572902,0.594,69.26797459647284,32.0,-5.0
Morocco,MAR,2008,Middle East & North Africa,34343.219,2.57,3464.934373216442,0.602,69.26797459647284,32.0,-5.0
Morocco,MAR,2009,Middle East & North Africa,31285.0,2.51,,0.608,69.26797459647284,32.0,-5.0
Morocco,MAR,2010,Middle East & North Africa,,2.23,,0.616,69.26797459647284,32.0,-5.0
Morocco,MAR,2011,Middle East & North Africa,,2.21,,0.626,69.26797459647284,32.0,-5.0
Morocco,MAR,2012,Middle East & North Africa,,2.19,,0.635,69.26797459647284,32.0,-5.0
Morocco,MAR,2013,Middle East & North Africa,,2.17,,0.645,69.26797459647284,32.0,-5.0
Morocco,MAR,2014,Middle East & North Africa,,2.15,,0.65,69.26797459647284,32.0,-5.0
Morocco,MAR,2015,Middle East & North Africa,,2.15,,0.655,69.26797459647284,32.0,-5.0
Morocco,MAR,2016,Middle East & North Africa,,2.12,,0.662,69.26797459647284,32.0,-5.0
Morocco,MAR,2017,Middle East & North Africa,,2.11,,0.667,69.26797459647284,32.0,-5.0
Mozambique,MOZ,1960,Sub-Saharan Africa,7472.23,,1327.3322143676978,,72.45300961485687,-18.15,35.0
Mozambique,MOZ,1970,Sub-Saharan Africa,9304.375,,1742.8516319676874,,72.45300961485687,-18.15,35.0
Mozambique,MOZ,1980,Sub-Saharan Africa,12102.619,,1220.4739893585656,,72.45300961485687,-18.15,35.0
Mozambique,MOZ,1990,Sub-Saharan Africa,12666.573,,1113.5608660685098,0.209,72.45300961485687,-18.15,35.0
Mozambique,MOZ,1991,Sub-Saharan Africa,12934.803,,1143.9018437312109,0.212,72.45300961485687,-18.15,35.0
Mozambique,MOZ,1992,Sub-Saharan Africa,13179.999,,1031.688792616752,0.208,72.45300961485687,-18.15,35.0
Mozambique,MOZ,1993,Sub-Saharan Africa,13691.368,,1079.5600144693356,0.214,72.45300961485687,-18.15,35.0
Mozambique,MOZ,1994,Sub-Saharan Africa,14781.456,,1074.9955890678157,0.221,72.45300961485687,-18.15,35.0
Mozambique,MOZ,1995,Sub-Saharan Africa,15764.753,,1051.2692460199028,0.229,72.45300961485687,-18.15,35.0
Mozambique,MOZ,1996,Sub-Saharan Africa,16298.343,,1089.0113956716068,0.253,72.45300961485687,-18.15,35.0
Mozambique,MOZ,1997,Sub-Saharan Africa,16759.663,,1176.6346375819132,0.266,72.45300961485687,-18.15,35.0
Mozambique,MOZ,1998,Sub-Saharan Africa,17220.028,,1289.4287976767519,0.279,72.45300961485687,-18.15,35.0
Mozambique,MOZ,1999,Sub-Saharan Africa,17676.731,,1350.3628018099048,0.291,72.45300961485687,-18.15,35.0
Mozambique,MOZ,2000,Sub-Saharan Africa,18124.564,4.93,1338.073566900699,0.298,72.45300961485687,-18.15,35.0
Mozambique,MOZ,2001,Sub-Saharan Africa,18559.164,4.82,1476.62901195334,0.311,72.45300961485687,-18.15,35.0
Mozambique,MOZ,2002,Sub-Saharan Africa,18979.166,4.71,1550.8057624871399,0.318,72.45300961485687,-18.15,35.0
Mozambique,MOZ,2003,Sub-Saharan Africa,19383.077,4.87,1638.439552192874,0.333,72.45300961485687,-18.15,35.0
Mozambique,MOZ,2004,Sub-Saharan Africa,19772.838,4.7,1726.6110206334567,0.343,72.45300961485687,-18.15,35.0
Mozambique,MOZ,2005,Sub-Saharan Africa,20154.01,4.7,1836.2598807879922,0.357,72.45300961485687,-18.15,35.0
Mozambique,MOZ,2006,Sub-Saharan Africa,20530.023,4.62,1959.4230362040996,0.365,72.45300961485687,-18.15,35.0
Mozambique,MOZ,2007,Sub-Saharan Africa,20905.585,5.29,2058.923488627561,0.378,72.45300961485687,-18.15,35.0
Mozambique,MOZ,2008,Sub-Saharan Africa,21284.701,5.24,2159.7672431480246,0.388,72.45300961485687,-18.15,35.0
Mozambique,MOZ,2009,Sub-Saharan Africa,21669.0,5.18,,0.397,72.45300961485687,-18.15,35.0
Mozambique,MOZ,2010,Sub-Saharan Africa,,5.13,,0.403,72.45300961485687,-18.15,35.0
Mozambique,MOZ,2011,Sub-Saharan Africa,,5.46,,0.407,72.45300961485687,-18.15,35.0
Mozambique,MOZ,2012,Sub-Saharan Africa,,5.4,,0.412,72.45300961485687,-18.15,35.0
Mozambique,MOZ,2013,Sub-Saharan Africa,,5.34,,0.423,72.45300961485687,-18.15,35.0
Mozambique,MOZ,2014,Sub-Saharan Africa,,5.27,,0.427,72.45300961485687,-18.15,35.0
Mozambique,MOZ,2015,Sub-Saharan Africa,,5.27,,0.432,72.45300961485687,-18.15,35.0
Mozambique,MOZ,2016,Sub-Saharan Africa,,5.15,,0.435,72.45300961485687,-18.15,35.0
Mozambique,MOZ,2017,Sub-Saharan Africa,,5.08,,0.437,72.45300961485687,-18.15,35.0
Myanmar,MMR,1960,East Asia & Pacific,22839.044,,563.5524849463926,,90.79690277514848,22.0,98.0
Myanmar,MMR,1970,East Asia & Pacific,27392.973,,641.5878992032007,,90.79690277514848,22.0,98.0
Myanmar,MMR,1980,East Asia & Pacific,33061.428,,828.1856427980063,,90.79690277514848,22.0,98.0
Myanmar,MMR,1990,East Asia & Pacific,39242.996,,785.7198262844151,0.359,90.79690277514848,22.0,98.0
Myanmar,MMR,1991,East Asia & Pacific,39742.053,,770.8176932670433,0.366,90.79690277514848,22.0,98.0
Myanmar,MMR,1992,East Asia & Pacific,40132.994,,837.0407815493538,0.38,90.79690277514848,22.0,98.0
Myanmar,MMR,1993,East Asia & Pacific,40568.35,,878.0728779680719,0.387,90.79690277514848,22.0,98.0
Myanmar,MMR,1994,East Asia & Pacific,41158.489,,930.2049117841362,0.393,90.79690277514848,22.0,98.0
Myanmar,MMR,1995,East Asia & Pacific,41752.699,,980.6778501811137,0.398,90.79690277514848,22.0,98.0
Myanmar,MMR,1996,East Asia & Pacific,42308.354,,1030.1506814783988,0.404,90.79690277514848,22.0,98.0
Myanmar,MMR,1997,East Asia & Pacific,42831.263,,1076.0284304882182,0.41,90.79690277514848,22.0,98.0
Myanmar,MMR,1998,East Asia & Pacific,43338.254,,1124.8350859460068,0.413,90.79690277514848,22.0,98.0
Myanmar,MMR,1999,East Asia & Pacific,43828.893,,1233.9796716305648,0.421,90.79690277514848,22.0,98.0
Myanmar,MMR,2000,East Asia & Pacific,44301.206,2.37,1388.6372977462245,0.431,90.79690277514848,22.0,98.0
Myanmar,MMR,2001,East Asia & Pacific,44753.046,2.3,1529.9486888764072,0.44,90.79690277514848,22.0,98.0
Myanmar,MMR,2002,East Asia & Pacific,45198.023,2.23,1696.672218377113,0.449,90.79690277514848,22.0,98.0
Myanmar,MMR,2003,East Asia & Pacific,45628.897,2.15,1912.5807687289002,0.459,90.79690277514848,22.0,98.0
Myanmar,MMR,2004,East Asia & Pacific,46117.911,2.01,2149.663717422066,0.468,90.79690277514848,22.0,98.0
Myanmar,MMR,2005,East Asia & Pacific,46595.675,2.01,2416.9625185170084,0.477,90.79690277514848,22.0,98.0
Myanmar,MMR,2006,East Asia & Pacific,46986.207,1.98,2710.880663340201,0.487,90.79690277514848,22.0,98.0
Myanmar,MMR,2007,East Asia & Pacific,47373.958,1.95,3008.657203605407,0.498,90.79690277514848,22.0,98.0
Myanmar,MMR,2008,East Asia & Pacific,47758.181,1.92,3103.8242432223287,0.509,90.79690277514848,22.0,98.0
Myanmar,MMR,2009,East Asia & Pacific,52826.0,1.89,,0.519,90.79690277514848,22.0,98.0
Myanmar,MMR,2010,East Asia & Pacific,,2.28,,0.53,90.79690277514848,22.0,98.0
Myanmar,MMR,2011,East Asia & Pacific,,2.26,,0.54,90.79690277514848,22.0,98.0
Myanmar,MMR,2012,East Asia & Pacific,,2.23,,0.549,90.79690277514848,22.0,98.0
Myanmar,MMR,2013,East Asia & Pacific,,2.21,,0.558,90.79690277514848,22.0,98.0
Myanmar,MMR,2014,East Asia & Pacific,,2.18,,0.564,90.79690277514848,22.0,98.0
Myanmar,MMR,2015,East Asia & Pacific,,2.18,,0.569,90.79690277514848,22.0,98.0
Myanmar,MMR,2016,East Asia & Pacific,,2.15,,0.574,90.79690277514848,22.0,98.0
Myanmar,MMR,2017,East Asia & Pacific,,2.17,,0.578,90.79690277514848,22.0,98.0
Namibia,NAM,1960,Sub-Saharan Africa,590.731,,2615.982459164994,,66.19438314685002,-22.0,17.0
Namibia,NAM,1970,Sub-Saharan Africa,764.683,,3321.4405045387134,,66.19438314685002,-22.0,17.0
Namibia,NAM,1980,Sub-Saharan Africa,1058.021,,3767.4495716307774,,66.19438314685002,-22.0,17.0
Namibia,NAM,1990,Sub-Saharan Africa,1470.569,,3140.9610837709756,0.579,66.19438314685002,-22.0,17.0
Namibia,NAM,1991,Sub-Saharan Africa,1511.991,,3229.0423686384374,0.582,66.19438314685002,-22.0,17.0
Namibia,NAM,1992,Sub-Saharan Africa,1552.502,,3443.5381629137996,0.587,66.19438314685002,-22.0,17.0
Namibia,NAM,1993,Sub-Saharan Africa,1595.138,,3284.4668532127,0.589,66.19438314685002,-22.0,17.0
Namibia,NAM,1994,Sub-Saharan Africa,1638.327,,3415.069152861425,0.591,66.19438314685002,-22.0,17.0
Namibia,NAM,1995,Sub-Saharan Africa,1681.478,,3467.1877954989595,0.588,66.19438314685002,-22.0,17.0
Namibia,NAM,1996,Sub-Saharan Africa,1724.32,,3482.532244594971,0.581,66.19438314685002,-22.0,17.0
Namibia,NAM,1997,Sub-Saharan Africa,1766.142,,3542.750243185429,0.575,66.19438314685002,-22.0,17.0
Namibia,NAM,1998,Sub-Saharan Africa,1806.532,,3581.4477684314475,0.569,66.19438314685002,-22.0,17.0
Namibia,NAM,1999,Sub-Saharan Africa,1846.699,,3629.7198406453895,0.56,66.19438314685002,-22.0,17.0
Namibia,NAM,2000,Sub-Saharan Africa,1893.442,4.89,3660.5293428581385,0.558,66.19438314685002,-22.0,17.0
Namibia,NAM,2001,Sub-Saharan Africa,1935.098,4.83,3660.279737770387,0.557,66.19438314685002,-22.0,17.0
Namibia,NAM,2002,Sub-Saharan Africa,1960.672,4.77,3703.322126291394,0.554,66.19438314685002,-22.0,17.0
Namibia,NAM,2003,Sub-Saharan Africa,1983.43,4.71,3788.8909616169967,0.556,66.19438314685002,-22.0,17.0
Namibia,NAM,2004,Sub-Saharan Africa,2006.646,3.18,3992.2338070591427,0.557,66.19438314685002,-22.0,17.0
Namibia,NAM,2005,Sub-Saharan Africa,2028.356,3.18,4048.105953787205,0.556,66.19438314685002,-22.0,17.0
Namibia,NAM,2006,Sub-Saharan Africa,2049.149,3.06,4291.537609026967,0.56,66.19438314685002,-22.0,17.0
Namibia,NAM,2007,Sub-Saharan Africa,2069.028,2.94,4484.231242883132,0.568,66.19438314685002,-22.0,17.0
Namibia,NAM,2008,Sub-Saharan Africa,2088.669,2.81,4570.853495695106,0.575,66.19438314685002,-22.0,17.0
Namibia,NAM,2009,Sub-Saharan Africa,2109.0,2.69,,0.583,66.19438314685002,-22.0,17.0
Namibia,NAM,2010,Sub-Saharan Africa,,2.57,,0.594,66.19438314685002,-22.0,17.0
Namibia,NAM,2011,Sub-Saharan Africa,,2.49,,0.607,66.19438314685002,-22.0,17.0
Namibia,NAM,2012,Sub-Saharan Africa,,2.41,,0.617,66.19438314685002,-22.0,17.0
Namibia,NAM,2013,Sub-Saharan Africa,,2.33,,0.628,66.19438314685002,-22.0,17.0
Namibia,NAM,2014,Sub-Saharan Africa,,2.25,,0.636,66.19438314685002,-22.0,17.0
Namibia,NAM,2015,Sub-Saharan Africa,,2.25,,0.642,66.19438314685002,-22.0,17.0
Namibia,NAM,2016,Sub-Saharan Africa,,3.36,,0.645,66.19438314685002,-22.0,17.0
Namibia,NAM,2017,Sub-Saharan Africa,,3.29,,0.647,66.19438314685002,-22.0,17.0
Nepal,NPL,1960,South Asia,10034.723,,606.9923404960954,,60.0,28.0,84.0
Nepal,NPL,1970,South Asia,11918.678,,653.3442719066662,,60.0,28.0,84.0
Nepal,NPL,1980,South Asia,14665.245,,652.0859351480319,,60.0,28.0,84.0
Nepal,NPL,1990,South Asia,18918.256,,825.0760535220583,0.378,60.0,28.0,84.0
Nepal,NPL,1991,South Asia,19448.325,,853.6981976596956,0.386,60.0,28.0,84.0
Nepal,NPL,1992,South Asia,20033.374,,862.8102285715827,0.394,60.0,28.0,84.0
Nepal,NPL,1993,South Asia,20641.366,,869.6129897604644,0.398,60.0,28.0,84.0
Nepal,NPL,1994,South Asia,21246.735,,914.258120129987,0.405,60.0,28.0,84.0
Nepal,NPL,1995,South Asia,21876.669,,918.7413312328306,0.41,60.0,28.0,84.0
Nepal,NPL,1996,South Asia,22502.569,,940.7814725509785,0.42,60.0,28.0,84.0
Nepal,NPL,1997,South Asia,23109.342,,953.0777639622971,0.426,60.0,28.0,84.0
Nepal,NPL,1998,South Asia,23700.285,,946.6130892518803,0.432,60.0,28.0,84.0
Nepal,NPL,1999,South Asia,24269.874,,954.887528464301,0.439,60.0,28.0,84.0
Nepal,NPL,2000,South Asia,24818.162,4.68,994.473321594081,0.446,60.0,28.0,84.0
Nepal,NPL,2001,South Asia,25335.614,4.58,1025.789230922132,0.447,60.0,28.0,84.0
Nepal,NPL,2002,South Asia,25815.05,4.48,1003.71682410067,0.457,60.0,28.0,84.0
Nepal,NPL,2003,South Asia,26275.378,4.39,1016.6932707875791,0.462,60.0,28.0,84.0
Nepal,NPL,2004,South Asia,26708.316,4.19,1036.2315617353038,0.469,60.0,28.0,84.0
Nepal,NPL,2005,South Asia,27093.869,4.19,1053.153390532744,0.475,60.0,28.0,84.0
Nepal,NPL,2006,South Asia,27458.953,4.1,1076.5159181415256,0.486,60.0,28.0,84.0
Nepal,NPL,2007,South Asia,27827.891,4.01,1097.3522930645374,0.491,60.0,28.0,84.0
Nepal,NPL,2008,South Asia,28196.96,3.91,1133.8810992390668,0.502,60.0,28.0,84.0
Nepal,NPL,2009,South Asia,28563.0,2.64,,0.514,60.0,28.0,84.0
Nepal,NPL,2010,South Asia,,2.53,,0.529,60.0,28.0,84.0
Nepal,NPL,2011,South Asia,,2.47,,0.535,60.0,28.0,84.0
Nepal,NPL,2012,South Asia,,2.41,,0.548,60.0,28.0,84.0
Nepal,NPL,2013,South Asia,,2.36,,0.554,60.0,28.0,84.0
Nepal,NPL,2014,South Asia,,2.3,,0.56,60.0,28.0,84.0
Nepal,NPL,2015,South Asia,,2.3,,0.566,60.0,28.0,84.0
Nepal,NPL,2016,South Asia,,2.18,,0.569,60.0,28.0,84.0
Nepal,NPL,2017,South Asia,,2.12,,0.574,60.0,28.0,84.0
Netherlands,NLD,1960,Europe & Central Asia,11486.0,,8286.609785826224,,100.76391598509541,52.3,5.45
Netherlands,NLD,1970,Europe & Central Asia,13032.335,,11966.773413973782,,100.76391598509541,52.3,5.45
Netherlands,NLD,1980,Europe & Central Asia,14143.901,,14704.500547621197,,100.76391598509541,52.3,5.45
Netherlands,NLD,1990,Europe & Central Asia,14951.51,,17262.069182310013,0.829,100.76391598509541,52.3,5.45
Netherlands,NLD,1991,Europe & Central Asia,15066.22,,17519.67613894978,0.834,100.76391598509541,52.3,5.45
Netherlands,NLD,1992,Europe & Central Asia,15174.244,,17747.28650925115,0.835,100.76391598509541,52.3,5.45
Netherlands,NLD,1993,Europe & Central Asia,15274.942,,17764.54780903772,0.839,100.76391598509541,52.3,5.45
Netherlands,NLD,1994,Europe & Central Asia,15382.198,,18054.602518936026,0.864,100.76391598509541,52.3,5.45
Netherlands,NLD,1995,Europe & Central Asia,15459.054,,18509.724982330197,0.861,100.76391598509541,52.3,5.45
Netherlands,NLD,1996,Europe & Central Asia,15527.809,,18987.851378941185,0.866,100.76391598509541,52.3,5.45
Netherlands,NLD,1997,Europe & Central Asia,15604.464,,19619.857555380197,0.865,100.76391598509541,52.3,5.45
Netherlands,NLD,1998,Europe & Central Asia,15699.259,,20636.32430040169,0.867,100.76391598509541,52.3,5.45
Netherlands,NLD,1999,Europe & Central Asia,15801.947,,21460.96300664722,0.87,100.76391598509541,52.3,5.45
Netherlands,NLD,2000,Europe & Central Asia,15907.853,1.64,22161.44441364903,0.876,100.76391598509541,52.3,5.45
Netherlands,NLD,2001,Europe & Central Asia,16017.445,1.65,22433.415566590054,0.879,100.76391598509541,52.3,5.45
Netherlands,NLD,2002,Europe & Central Asia,16122.83,1.65,22300.8615733094,0.878,100.76391598509541,52.3,5.45
Netherlands,NLD,2003,Europe & Central Asia,16223.248,1.65,22237.1623734039,0.883,100.76391598509541,52.3,5.45
Netherlands,NLD,2004,Europe & Central Asia,16318.199,1.66,22602.004056942802,0.886,100.76391598509541,52.3,5.45
Netherlands,NLD,2005,Europe & Central Asia,16407.491,1.66,22928.55135498779,0.891,100.76391598509541,52.3,5.45
Netherlands,NLD,2006,Europe & Central Asia,16491.461,1.66,23587.418967913152,0.897,100.76391598509541,52.3,5.45
Netherlands,NLD,2007,Europe & Central Asia,16570.613,1.66,24319.86070762741,0.904,100.76391598509541,52.3,5.45
Netherlands,NLD,2008,Europe & Central Asia,16645.313,1.66,24694.93965057912,0.906,100.76391598509541,52.3,5.45
Netherlands,NLD,2009,Europe & Central Asia,16716.0,1.66,,0.906,100.76391598509541,52.3,5.45
Netherlands,NLD,2010,Europe & Central Asia,,1.66,,0.91,100.76391598509541,52.3,5.45
Netherlands,NLD,2011,Europe & Central Asia,,1.66,,0.921,100.76391598509541,52.3,5.45
Netherlands,NLD,2012,Europe & Central Asia,,1.78,,0.921,100.76391598509541,52.3,5.45
Netherlands,NLD,2013,Europe & Central Asia,,1.78,,0.923,100.76391598509541,52.3,5.45
Netherlands,NLD,2014,Europe & Central Asia,,1.78,,0.924,100.76391598509541,52.3,5.45
Netherlands,NLD,2015,Europe & Central Asia,,1.78,,0.926,100.76391598509541,52.3,5.45
Netherlands,NLD,2016,Europe & Central Asia,,1.78,,0.928,100.76391598509541,52.3,5.45
Netherlands,NLD,2017,Europe & Central Asia,,1.78,,0.931,100.76391598509541,52.3,5.45
Netherlands Antilles,ANT,1960,Other,136.282,,,,80.01445279999999,12.3,-69.58
Netherlands Antilles,ANT,1970,Other,158.355,,,,80.01445279999999,12.3,-69.58
Netherlands Antilles,ANT,1980,Other,172.534,,,,80.01445279999999,12.3,-69.58
Netherlands Antilles,ANT,1990,Other,188.787,,,,80.01445279999999,12.3,-69.58
Netherlands Antilles,ANT,1991,Other,190.139,,,,80.01445279999999,12.3,-69.58
Netherlands Antilles,ANT,1992,Other,192.001,,,,80.01445279999999,12.3,-69.58
Netherlands Antilles,ANT,1993,Other,194.495,,,,80.01445279999999,12.3,-69.58
Netherlands Antilles,ANT,1994,Other,196.792,,,,80.01445279999999,12.3,-69.58
Netherlands Antilles,ANT,1995,Other,198.913,,,,80.01445279999999,12.3,-69.58
Netherlands Antilles,ANT,1996,Other,201.242,,,,80.01445279999999,12.3,-69.58
Netherlands Antilles,ANT,1997,Other,203.542,,,,80.01445279999999,12.3,-69.58
Netherlands Antilles,ANT,1998,Other,205.805,,,,80.01445279999999,12.3,-69.58
Netherlands Antilles,ANT,1999,Other,208.02,,,,80.01445279999999,12.3,-69.58
Netherlands Antilles,ANT,2000,Other,210.181,2.09,,,80.01445279999999,12.3,-69.58
Netherlands Antilles,ANT,2001,Other,212.287,2.07,,,80.01445279999999,12.3,-69.58
Netherlands Antilles,ANT,2002,Other,214.337,2.06,,,80.01445279999999,12.3,-69.58
Netherlands Antilles,ANT,2003,Other,216.324,2.04,,,80.01445279999999,12.3,-69.58
Netherlands Antilles,ANT,2004,Other,218.244,2.0,,,80.01445279999999,12.3,-69.58
Netherlands Antilles,ANT,2005,Other,220.095,2.0,,,80.01445279999999,12.3,-69.58
Netherlands Antilles,ANT,2006,Other,221.894,1.99,,,80.01445279999999,12.3,-69.58
Netherlands Antilles,ANT,2007,Other,223.652,1.99,,,80.01445279999999,12.3,-69.58
Netherlands Antilles,ANT,2008,Other,225.369,1.98,,,80.01445279999999,12.3,-69.58
Netherlands Antilles,ANT,2009,Other,227.0,1.97,,,80.01445279999999,12.3,-69.58
Netherlands Antilles,ANT,2010,Other,,,,,80.01445279999999,12.3,-69.58
Netherlands Antilles,ANT,2011,Other,,,,,80.01445279999999,12.3,-69.58
Netherlands Antilles,ANT,2012,Other,,,,,80.01445279999999,12.3,-69.58
Netherlands Antilles,ANT,2013,Other,,,,,80.01445279999999,12.3,-69.58
Netherlands Antilles,ANT,2014,Other,,,,,80.01445279999999,12.3,-69.58
Netherlands Antilles,ANT,2015,Other,,,,,80.01445279999999,12.3,-69.58
Netherlands Antilles,ANT,2016,Other,,,,,80.01445279999999,12.3,-69.58
Netherlands Antilles,ANT,2017,Other,,,,,80.01445279999999,12.3,-69.58
New Caledonia,NCL,1960,Other,78.804,,,,94.15957621545607,-21.3,165.3
New Caledonia,NCL,1970,Other,112.0,,,,94.15957621545607,-21.3,165.3
New Caledonia,NCL,1980,Other,139.4,,,,94.15957621545607,-21.3,165.3
New Caledonia,NCL,1990,Other,168.357,,,,94.15957621545607,-21.3,165.3
New Caledonia,NCL,1991,Other,171.984,,,,94.15957621545607,-21.3,165.3
New Caledonia,NCL,1992,Other,175.608,,,,94.15957621545607,-21.3,165.3
New Caledonia,NCL,1993,Other,179.148,,,,94.15957621545607,-21.3,165.3
New Caledonia,NCL,1994,Other,182.539,,,,94.15957621545607,-21.3,165.3
New Caledonia,NCL,1995,Other,185.831,,,,94.15957621545607,-21.3,165.3
New Caledonia,NCL,1996,Other,189.109,,,,94.15957621545607,-21.3,165.3
New Caledonia,NCL,1997,Other,192.364,,,,94.15957621545607,-21.3,165.3
New Caledonia,NCL,1998,Other,195.585,,,,94.15957621545607,-21.3,165.3
New Caledonia,NCL,1999,Other,198.76,,,,94.15957621545607,-21.3,165.3
New Caledonia,NCL,2000,Other,201.881,2.52,,,94.15957621545607,-21.3,165.3
New Caledonia,NCL,2001,Other,204.946,2.48,,,94.15957621545607,-21.3,165.3
New Caledonia,NCL,2002,Other,207.962,2.44,,,94.15957621545607,-21.3,165.3
New Caledonia,NCL,2003,Other,210.924,2.39,,,94.15957621545607,-21.3,165.3
New Caledonia,NCL,2004,Other,213.826,2.31,,,94.15957621545607,-21.3,165.3
New Caledonia,NCL,2005,Other,216.662,2.31,,,94.15957621545607,-21.3,165.3
New Caledonia,NCL,2006,Other,219.436,2.28,,,94.15957621545607,-21.3,165.3
New Caledonia,NCL,2007,Other,222.157,2.25,,,94.15957621545607,-21.3,165.3
New Caledonia,NCL,2008,Other,224.824,2.21,,,94.15957621545607,-21.3,165.3
New Caledonia,NCL,2009,Other,227.0,2.18,,,94.15957621545607,-21.3,165.3
New Caledonia,NCL,2010,Other,,2.09,,,94.15957621545607,-21.3,165.3
New Caledonia,NCL,2011,Other,,2.07,,,94.15957621545607,-21.3,165.3
New Caledonia,NCL,2012,Other,,2.04,,,94.15957621545607,-21.3,165.3
New Caledonia,NCL,2013,Other,,2.02,,,94.15957621545607,-21.3,165.3
New Caledonia,NCL,2014,Other,,1.99,,,94.15957621545607,-21.3,165.3
New Caledonia,NCL,2015,Other,,1.99,,,94.15957621545607,-21.3,165.3
New Caledonia,NCL,2016,Other,,1.95,,,94.15957621545607,-21.3,165.3
New Caledonia,NCL,2017,Other,,1.93,,,94.15957621545607,-21.3,165.3
New Zealand,NZL,1960,East Asia & Pacific,2371.746,,9465.178817630554,,99.32016558025546,-41.0,174.0
New Zealand,NZL,1970,East Asia & Pacific,2828.05,,11189.33540778982,,99.32016558025546,-41.0,174.0
New Zealand,NZL,1980,East Asia & Pacific,3170.15,,12346.734381653863,,99.32016558025546,-41.0,174.0
New Zealand,NZL,1990,East Asia & Pacific,3414.0,,13687.46338605741,0.818,99.32016558025546,-41.0,174.0
New Zealand,NZL,1991,East Asia & Pacific,3455.0,,13346.643383766708,0.82,99.32016558025546,-41.0,174.0
New Zealand,NZL,1992,East Asia & Pacific,3494.0,,13343.14598860086,0.825,99.32016558025546,-41.0,174.0
New Zealand,NZL,1993,East Asia & Pacific,3537.0,,14030.911555795787,0.836,99.32016558025546,-41.0,174.0
New Zealand,NZL,1994,East Asia & Pacific,3586.0,,14571.55870350782,0.845,99.32016558025546,-41.0,174.0
New Zealand,NZL,1995,East Asia & Pacific,3642.0,,14940.552053798687,0.851,99.32016558025546,-41.0,174.0
New Zealand,NZL,1996,East Asia & Pacific,3697.0,,15237.383514094176,0.854,99.32016558025546,-41.0,174.0
New Zealand,NZL,1997,East Asia & Pacific,3738.0,,15289.175455109491,0.86,99.32016558025546,-41.0,174.0
New Zealand,NZL,1998,East Asia & Pacific,3764.0,,15262.752391073325,0.863,99.32016558025546,-41.0,174.0
New Zealand,NZL,1999,East Asia & Pacific,3784.0,,15975.951374207189,0.865,99.32016558025546,-41.0,174.0
New Zealand,NZL,2000,East Asia & Pacific,3802.0,1.8,16245.660178853235,0.869,99.32016558025546,-41.0,174.0
New Zealand,NZL,2001,East Asia & Pacific,3838.0,1.8,16675.351745700886,0.873,99.32016558025546,-41.0,174.0
New Zealand,NZL,2002,East Asia & Pacific,3898.0,1.8,17170.343766033864,0.881,99.32016558025546,-41.0,174.0
New Zealand,NZL,2003,East Asia & Pacific,3960.0,1.79,17485.60606060606,0.884,99.32016558025546,-41.0,174.0
New Zealand,NZL,2004,East Asia & Pacific,4008.0,1.79,17911.676646706586,0.886,99.32016558025546,-41.0,174.0
New Zealand,NZL,2005,East Asia & Pacific,4048.0,1.79,18231.225296442688,0.888,99.32016558025546,-41.0,174.0
New Zealand,NZL,2006,East Asia & Pacific,4090.0,1.79,18404.889975550122,0.891,99.32016558025546,-41.0,174.0
New Zealand,NZL,2007,East Asia & Pacific,4132.0,1.79,18800.82284607938,0.894,99.32016558025546,-41.0,174.0
New Zealand,NZL,2008,East Asia & Pacific,4173.0,2.11,18653.24706446202,0.894,99.32016558025546,-41.0,174.0
New Zealand,NZL,2009,East Asia & Pacific,4213.0,2.1,,0.898,99.32016558025546,-41.0,174.0
New Zealand,NZL,2010,East Asia & Pacific,,2.09,,0.899,99.32016558025546,-41.0,174.0
New Zealand,NZL,2011,East Asia & Pacific,,2.08,,0.902,99.32016558025546,-41.0,174.0
New Zealand,NZL,2012,East Asia & Pacific,,2.07,,0.905,99.32016558025546,-41.0,174.0
New Zealand,NZL,2013,East Asia & Pacific,,2.06,,0.907,99.32016558025546,-41.0,174.0
New Zealand,NZL,2014,East Asia & Pacific,,2.05,,0.91,99.32016558025546,-41.0,174.0
New Zealand,NZL,2015,East Asia & Pacific,,2.05,,0.914,99.32016558025546,-41.0,174.0
New Zealand,NZL,2016,East Asia & Pacific,,2.03,,0.915,99.32016558025546,-41.0,174.0
New Zealand,NZL,2017,East Asia & Pacific,,2.02,,0.917,99.32016558025546,-41.0,174.0
Nicaragua,NIC,1960,Latin America & Caribbean,1492.698,,1982.9865116721533,,60.21673129053289,13.0,-85.0
Nicaragua,NIC,1970,Latin America & Caribbean,2052.544,,2811.632783511584,,60.21673129053289,13.0,-85.0
Nicaragua,NIC,1980,Latin America & Caribbean,2805.321,,2154.120687080017,,60.21673129053289,13.0,-85.0
Nicaragua,NIC,1990,Latin America & Caribbean,3685.0,,1437.449118046133,0.489,60.21673129053289,13.0,-85.0
Nicaragua,NIC,1991,Latin America & Caribbean,3873.0,,1363.5424735347276,0.498,60.21673129053289,13.0,-85.0
Nicaragua,NIC,1992,Latin America & Caribbean,4020.0,,1324.1293532338307,0.505,60.21673129053289,13.0,-85.0
Nicaragua,NIC,1993,Latin America & Caribbean,4142.0,,1280.0579430226944,0.509,60.21673129053289,13.0,-85.0
Nicaragua,NIC,1994,Latin America & Caribbean,4264.0,,1293.1519699812384,0.514,60.21673129053289,13.0,-85.0
Nicaragua,NIC,1995,Latin America & Caribbean,4385.0,,1314.025085518814,0.524,60.21673129053289,13.0,-85.0
Nicaragua,NIC,1996,Latin America & Caribbean,4501.0,,1340.368806931793,0.534,60.21673129053289,13.0,-85.0
Nicaragua,NIC,1997,Latin America & Caribbean,4612.0,,1374.6747614917608,0.543,60.21673129053289,13.0,-85.0
Nicaragua,NIC,1998,Latin America & Caribbean,4720.0,,1398.3050847457628,0.552,60.21673129053289,13.0,-85.0
Nicaragua,NIC,1999,Latin America & Caribbean,4827.0,,1634.3484565983013,0.562,60.21673129053289,13.0,-85.0
Nicaragua,NIC,2000,Latin America & Caribbean,4935.0,3.27,1519.756838905775,0.57,60.21673129053289,13.0,-85.0
Nicaragua,NIC,2001,Latin America & Caribbean,5043.0,3.18,1532.0245885385684,0.577,60.21673129053289,13.0,-85.0
Nicaragua,NIC,2002,Latin America & Caribbean,5150.0,3.09,1509.7087378640776,0.583,60.21673129053289,13.0,-85.0
Nicaragua,NIC,2003,Latin America & Caribbean,5257.0,3.0,1515.8835837930378,0.587,60.21673129053289,13.0,-85.0
Nicaragua,NIC,2004,Latin America & Caribbean,4363.0,2.81,1923.4471693788678,0.592,60.21673129053289,13.0,-85.0
Nicaragua,NIC,2005,Latin America & Caribbean,5469.0,2.81,1600.4754068385446,0.596,60.21673129053289,13.0,-85.0
Nicaragua,NIC,2006,Latin America & Caribbean,5575.0,2.75,1631.2107623318386,0.6,60.21673129053289,13.0,-85.0
Nicaragua,NIC,2007,Latin America & Caribbean,5680.0,2.69,1652.2887323943662,0.607,60.21673129053289,13.0,-85.0
Nicaragua,NIC,2008,Latin America & Caribbean,5786.0,2.63,1673.8679571379191,0.614,60.21673129053289,13.0,-85.0
Nicaragua,NIC,2009,Latin America & Caribbean,5891.0,2.57,,0.615,60.21673129053289,13.0,-85.0
Nicaragua,NIC,2010,Latin America & Caribbean,,2.51,,0.621,60.21673129053289,13.0,-85.0
Nicaragua,NIC,2011,Latin America & Caribbean,,2.12,,0.627,60.21673129053289,13.0,-85.0
Nicaragua,NIC,2012,Latin America & Caribbean,,2.08,,0.633,60.21673129053289,13.0,-85.0
Nicaragua,NIC,2013,Latin America & Caribbean,,2.03,,0.639,60.21673129053289,13.0,-85.0
Nicaragua,NIC,2014,Latin America & Caribbean,,1.99,,0.649,60.21673129053289,13.0,-85.0
Nicaragua,NIC,2015,Latin America & Caribbean,,1.99,,0.652,60.21673129053289,13.0,-85.0
Nicaragua,NIC,2016,Latin America & Caribbean,,1.92,,0.657,60.21673129053289,13.0,-85.0
Nicaragua,NIC,2017,Latin America & Caribbean,,1.89,,0.658,60.21673129053289,13.0,-85.0
Niger,NER,1960,Sub-Saharan Africa,3912.663,,760.8809110918303,,70.86518010034624,16.0,8.0
Niger,NER,1970,Sub-Saharan Africa,4840.501,,838.9474803635117,,70.86518010034624,16.0,8.0
Niger,NER,1980,Sub-Saharan Africa,6093.469,,810.1938803853186,,70.86518010034624,16.0,8.0
Niger,NER,1990,Sub-Saharan Africa,7841.73,,546.9456357206892,0.21,70.86518010034624,16.0,8.0
Niger,NER,1991,Sub-Saharan Africa,8085.316,,543.7295215177736,0.214,70.86518010034624,16.0,8.0
Niger,NER,1992,Sub-Saharan Africa,8339.188,,492.91014604779264,0.216,70.86518010034624,16.0,8.0
Niger,NER,1993,Sub-Saharan Africa,8609.306,,484.12926201600914,0.22,70.86518010034624,16.0,8.0
Niger,NER,1994,Sub-Saharan Africa,8892.59,,487.45502026518704,0.224,70.86518010034624,16.0,8.0
Niger,NER,1995,Sub-Saharan Africa,9199.333,,483.4525304459747,0.229,70.86518010034624,16.0,8.0
Niger,NER,1996,Sub-Saharan Africa,9524.744,,482.81127608806867,0.235,70.86518010034624,16.0,8.0
Niger,NER,1997,Sub-Saharan Africa,9851.304,,479.83495382946256,0.238,70.86518010034624,16.0,8.0
Niger,NER,1998,Sub-Saharan Africa,10195.656,,511.8846693140686,0.246,70.86518010034624,16.0,8.0
Niger,NER,1999,Sub-Saharan Africa,10563.223,,491.1379793837544,0.25,70.86518010034624,16.0,8.0
Niger,NER,2000,Sub-Saharan Africa,10951.428,7.16,467.0623776186996,0.252,70.86518010034624,16.0,8.0
Niger,NER,2001,Sub-Saharan Africa,11362.154,7.08,482.12689248887136,0.258,70.86518010034624,16.0,8.0
Niger,NER,2002,Sub-Saharan Africa,11792.076,7.0,478.5416918954729,0.263,70.86518010034624,16.0,8.0
Niger,NER,2003,Sub-Saharan Africa,12239.313,6.91,481.80808841149826,0.266,70.86518010034624,16.0,8.0
Niger,NER,2004,Sub-Saharan Africa,12704.657,6.75,460.4610734473194,0.274,70.86518010034624,16.0,8.0
Niger,NER,2005,Sub-Saharan Africa,13188.874,7.55,480.78403053968066,0.283,70.86518010034624,16.0,8.0
Niger,NER,2006,Sub-Saharan Africa,13692.952,7.46,489.9600904173184,0.289,70.86518010034624,16.0,8.0
Niger,NER,2007,Sub-Saharan Africa,14214.714,7.37,487.59334869488055,0.294,70.86518010034624,16.0,8.0
Niger,NER,2008,Sub-Saharan Africa,14752.08,7.29,514.435930390833,0.303,70.86518010034624,16.0,8.0
Niger,NER,2009,Sub-Saharan Africa,15306.0,7.75,,0.308,70.86518010034624,16.0,8.0
Niger,NER,2010,Sub-Saharan Africa,,7.68,,0.318,70.86518010034624,16.0,8.0
Niger,NER,2011,Sub-Saharan Africa,,7.6,,0.325,70.86518010034624,16.0,8.0
Niger,NER,2012,Sub-Saharan Africa,,7.16,,0.336,70.86518010034624,16.0,8.0
Niger,NER,2013,Sub-Saharan Africa,,7.03,,0.34,70.86518010034624,16.0,8.0
Niger,NER,2014,Sub-Saharan Africa,,6.89,,0.345,70.86518010034624,16.0,8.0
Niger,NER,2015,Sub-Saharan Africa,,6.89,,0.347,70.86518010034624,16.0,8.0
Niger,NER,2016,Sub-Saharan Africa,,6.62,,0.351,70.86518010034624,16.0,8.0
Niger,NER,2017,Sub-Saharan Africa,,6.49,,0.354,70.86518010034624,16.0,8.0
Nigeria,NGA,1960,Sub-Saharan Africa,41547.479,,820.2793263252512,,67.82970081398378,10.0,8.0
Nigeria,NGA,1970,Sub-Saharan Africa,55585.637,,1094.0534295374368,,67.82970081398378,10.0,8.0
Nigeria,NGA,1980,Sub-Saharan Africa,74821.273,,1305.0631405774839,,67.82970081398378,10.0,8.0
Nigeria,NGA,1990,Sub-Saharan Africa,96603.759,,1112.3687226291058,,67.82970081398378,10.0,8.0
Nigeria,NGA,1991,Sub-Saharan Africa,99092.499,,1149.4970976562008,,67.82970081398378,10.0,8.0
Nigeria,NGA,1992,Sub-Saharan Africa,101625.07,,1149.9929106075892,,67.82970081398378,10.0,8.0
Nigeria,NGA,1993,Sub-Saharan Africa,104199.678,,1146.2531435162402,,67.82970081398378,10.0,8.0
Nigeria,NGA,1994,Sub-Saharan Africa,106814.038,,1111.2771525405678,,67.82970081398378,10.0,8.0
Nigeria,NGA,1995,Sub-Saharan Africa,109465.082,,1112.7690939251088,,67.82970081398378,10.0,8.0
Nigeria,NGA,1996,Sub-Saharan Africa,112149.016,,1155.6513269884304,,67.82970081398378,10.0,8.0
Nigeria,NGA,1997,Sub-Saharan Africa,114862.043,,1161.0711120644094,,67.82970081398378,10.0,8.0
Nigeria,NGA,1998,Sub-Saharan Africa,117599.565,,1154.4600526370994,,67.82970081398378,10.0,8.0
Nigeria,NGA,1999,Sub-Saharan Africa,120369.199,,1139.1784703992255,,67.82970081398378,10.0,8.0
Nigeria,NGA,2000,Sub-Saharan Africa,123178.818,5.66,1161.0600127694033,,67.82970081398378,10.0,8.0
Nigeria,NGA,2001,Sub-Saharan Africa,126014.331,5.57,1170.1208809337725,,67.82970081398378,10.0,8.0
Nigeria,NGA,2002,Sub-Saharan Africa,128864.323,5.49,1161.3998080756612,,67.82970081398378,10.0,8.0
Nigeria,NGA,2003,Sub-Saharan Africa,131727.515,5.4,1257.725084998377,0.443,67.82970081398378,10.0,8.0
Nigeria,NGA,2004,Sub-Saharan Africa,134604.514,5.53,1304.6962154627295,0.462,67.82970081398378,10.0,8.0
Nigeria,NGA,2005,Sub-Saharan Africa,137495.055,5.53,1346.237506505234,0.465,67.82970081398378,10.0,8.0
Nigeria,NGA,2006,Sub-Saharan Africa,140397.768,5.49,1400.1504639304521,0.475,67.82970081398378,10.0,8.0
Nigeria,NGA,2007,Sub-Saharan Africa,143312.101,5.45,1467.6918315502191,0.479,67.82970081398378,10.0,8.0
Nigeria,NGA,2008,Sub-Saharan Africa,146255.306,5.01,1524.4438379555268,0.485,67.82970081398378,10.0,8.0
Nigeria,NGA,2009,Sub-Saharan Africa,149229.0,4.91,,0.49,67.82970081398378,10.0,8.0
Nigeria,NGA,2010,Sub-Saharan Africa,,4.82,,0.484,67.82970081398378,10.0,8.0
Nigeria,NGA,2011,Sub-Saharan Africa,,4.73,,0.494,67.82970081398378,10.0,8.0
Nigeria,NGA,2012,Sub-Saharan Africa,,5.38,,0.512,67.82970081398378,10.0,8.0
Nigeria,NGA,2013,Sub-Saharan Africa,,5.31,,0.519,67.82970081398378,10.0,8.0
Nigeria,NGA,2014,Sub-Saharan Africa,,5.25,,0.524,67.82970081398378,10.0,8.0
Nigeria,NGA,2015,Sub-Saharan Africa,,5.25,,0.527,67.82970081398378,10.0,8.0
Nigeria,NGA,2016,Sub-Saharan Africa,,5.13,,0.53,67.82970081398378,10.0,8.0
Nigeria,NGA,2017,Sub-Saharan Africa,,5.07,,0.532,67.82970081398378,10.0,8.0
Norway,NOR,1960,Europe & Central Asia,3581.239,,7203.72173741814,,98.51977899491884,62.0,10.0
Norway,NOR,1970,Europe & Central Asia,3877.386,,10027.230870410142,,98.51977899491884,62.0,10.0
Norway,NOR,1980,Europe & Central Asia,4085.62,,15076.032937750795,,98.51977899491884,62.0,10.0
Norway,NOR,1990,Europe & Central Asia,4242.006,,18466.027629381002,0.85,98.51977899491884,62.0,10.0
Norway,NOR,1991,Europe & Central Asia,4261.733,,19045.235972039343,0.856,98.51977899491884,62.0,10.0
Norway,NOR,1992,Europe & Central Asia,4286.357,,19560.71748585757,0.862,98.51977899491884,62.0,10.0
Norway,NOR,1993,Europe & Central Asia,4311.964,,19974.48054498799,0.87,98.51977899491884,62.0,10.0
Norway,NOR,1994,Europe & Central Asia,4336.638,,20904.763867746504,0.885,98.51977899491884,62.0,10.0
Norway,NOR,1995,Europe & Central Asia,4359.101,,21703.234496288816,0.883,98.51977899491884,62.0,10.0
Norway,NOR,1996,Europe & Central Asia,4381.277,,22727.93627020168,0.888,98.51977899491884,62.0,10.0
Norway,NOR,1997,Europe & Central Asia,4405.672,,23774.844560535326,0.894,98.51977899491884,62.0,10.0
Norway,NOR,1998,Europe & Central Asia,4432.718,,24137.560747153326,0.906,98.51977899491884,62.0,10.0
Norway,NOR,1999,Europe & Central Asia,4463.377,,24470.48501616601,0.911,98.51977899491884,62.0,10.0
Norway,NOR,2000,Europe & Central Asia,4492.4,1.81,25101.949959932335,0.917,98.51977899491884,62.0,10.0
Norway,NOR,2001,Europe & Central Asia,4515.195,1.81,25468.003043057943,0.916,98.51977899491884,62.0,10.0
Norway,NOR,2002,Europe & Central Asia,4535.591,1.8,25733.360878438994,0.918,98.51977899491884,62.0,10.0
Norway,NOR,2003,Europe & Central Asia,4555.4,1.8,25879.3958818106,0.924,98.51977899491884,62.0,10.0
Norway,NOR,2004,Europe & Central Asia,4574.56,1.78,26765.197089993355,0.934,98.51977899491884,62.0,10.0
Norway,NOR,2005,Europe & Central Asia,4593.041,1.78,27377.286638634403,0.932,98.51977899491884,62.0,10.0
Norway,NOR,2006,Europe & Central Asia,4610.82,1.78,27898.942053691102,0.936,98.51977899491884,62.0,10.0
Norway,NOR,2007,Europe & Central Asia,4627.926,1.78,28013.196408067026,0.938,98.51977899491884,62.0,10.0
Norway,NOR,2008,Europe & Central Asia,4644.457,1.78,28499.56410404919,0.938,98.51977899491884,62.0,10.0
Norway,NOR,2009,Europe & Central Asia,4661.0,1.78,,0.938,98.51977899491884,62.0,10.0
Norway,NOR,2010,Europe & Central Asia,,1.77,,0.942,98.51977899491884,62.0,10.0
Norway,NOR,2011,Europe & Central Asia,,1.77,,0.943,98.51977899491884,62.0,10.0
Norway,NOR,2012,Europe & Central Asia,,1.77,,0.942,98.51977899491884,62.0,10.0
Norway,NOR,2013,Europe & Central Asia,,1.77,,0.946,98.51977899491884,62.0,10.0
Norway,NOR,2014,Europe & Central Asia,,1.86,,0.946,98.51977899491884,62.0,10.0
Norway,NOR,2015,Europe & Central Asia,,1.86,,0.948,98.51977899491884,62.0,10.0
Norway,NOR,2016,Europe & Central Asia,,1.86,,0.951,98.51977899491884,62.0,10.0
Norway,NOR,2017,Europe & Central Asia,,1.85,,0.953,98.51977899491884,62.0,10.0
Oman,OMN,1960,Middle East & North Africa,599.292,,934.7083836463336,,78.94059175382392,21.0,57.0
Oman,OMN,1970,Middle East & North Africa,778.536,,3798.535547823696,,78.94059175382392,21.0,57.0
Oman,OMN,1980,Middle East & North Africa,1174.857,,4071.913421319034,,78.94059175382392,21.0,57.0
Oman,OMN,1990,Middle East & North Africa,1772.974,,6478.944417684636,,78.94059175382392,21.0,57.0
Oman,OMN,1991,Middle East & North Africa,1843.255,,6605.825021497296,,78.94059175382392,21.0,57.0
Oman,OMN,1992,Middle East & North Africa,1915.208,,6898.049036971442,,78.94059175382392,21.0,57.0
Oman,OMN,1993,Middle East & North Africa,1988.746,,7048.201138154394,,78.94059175382392,21.0,57.0
Oman,OMN,1994,Middle East & North Africa,2058.802,,7070.131076227824,,78.94059175382392,21.0,57.0
Oman,OMN,1995,Middle East & North Africa,2131.373,,7159.234915709264,,78.94059175382392,21.0,57.0
Oman,OMN,1996,Middle East & North Africa,2206.548,,7115.186254729107,,78.94059175382392,21.0,57.0
Oman,OMN,1997,Middle East & North Africa,2284.358,,7297.892887191937,,78.94059175382392,21.0,57.0
Oman,OMN,1998,Middle East & North Africa,2364.89,,7239.660195611636,,78.94059175382392,21.0,57.0
Oman,OMN,1999,Middle East & North Africa,2448.226,,6979.339325699506,,78.94059175382392,21.0,57.0
Oman,OMN,2000,Middle East & North Africa,2534.434,6.08,7112.830714865725,0.704,78.94059175382392,21.0,57.0
Oman,OMN,2001,Middle East & North Africa,2623.346,6.04,7387.130786407893,0.716,78.94059175382392,21.0,57.0
Oman,OMN,2002,Middle East & North Africa,2714.732,5.99,7323.743190856409,0.725,78.94059175382392,21.0,57.0
Oman,OMN,2003,Middle East & North Africa,2808.529,5.94,7220.861881789364,0.736,78.94059175382392,21.0,57.0
Oman,OMN,2004,Middle East & North Africa,2904.708,5.84,7358.743116347667,0.742,78.94059175382392,21.0,57.0
Oman,OMN,2005,Middle East & North Africa,3003.265,5.84,7465.874639767054,0.748,78.94059175382392,21.0,57.0
Oman,OMN,2006,Middle East & North Africa,3104.064,5.77,7657.058617348096,0.752,78.94059175382392,21.0,57.0
Oman,OMN,2007,Middle East & North Africa,3206.906,5.7,7982.148525712945,0.764,78.94059175382392,21.0,57.0
Oman,OMN,2008,Middle East & North Africa,3311.64,5.62,8332.427437764976,0.782,78.94059175382392,21.0,57.0
Oman,OMN,2009,Middle East & North Africa,2910.0,5.53,,0.789,78.94059175382392,21.0,57.0
Oman,OMN,2010,Middle East & North Africa,,2.87,,0.793,78.94059175382392,21.0,57.0
Oman,OMN,2011,Middle East & North Africa,,2.87,,0.795,78.94059175382392,21.0,57.0
Oman,OMN,2012,Middle East & North Africa,,2.87,,0.804,78.94059175382392,21.0,57.0
Oman,OMN,2013,Middle East & North Africa,,2.86,,0.812,78.94059175382392,21.0,57.0
Oman,OMN,2014,Middle East & North Africa,,2.86,,0.815,78.94059175382392,21.0,57.0
Oman,OMN,2015,Middle East & North Africa,,2.86,,0.822,78.94059175382392,21.0,57.0
Oman,OMN,2016,Middle East & North Africa,,2.84,,0.822,78.94059175382392,21.0,57.0
Oman,OMN,2017,Middle East & North Africa,,2.82,,0.821,78.94059175382392,21.0,57.0
Pakistan,PAK,1960,South Asia,50386.898,,647.4103644959449,,80.04897108727721,30.0,70.0
Pakistan,PAK,1970,South Asia,65705.964,,951.5422374748202,,80.04897108727721,30.0,70.0
Pakistan,PAK,1980,South Asia,85219.117,,1160.6198642025356,,80.04897108727721,30.0,70.0
Pakistan,PAK,1990,South Asia,114606.69,,1588.162087221959,0.404,80.04897108727721,30.0,70.0
Pakistan,PAK,1991,South Asia,117684.292,,1630.9911297561814,0.409,80.04897108727721,30.0,70.0
Pakistan,PAK,1992,South Asia,120098.197,,1714.948480286419,0.414,80.04897108727721,30.0,70.0
Pakistan,PAK,1993,South Asia,122523.65,,1710.5570116934925,0.418,80.04897108727721,30.0,70.0
Pakistan,PAK,1994,South Asia,125531.448,,1731.9699999214863,0.423,80.04897108727721,30.0,70.0
Pakistan,PAK,1995,South Asia,128733.657,,1772.7006941620773,0.428,80.04897108727721,30.0,70.0
Pakistan,PAK,1996,South Asia,132194.115,,1809.9629033653139,0.433,80.04897108727721,30.0,70.0
Pakistan,PAK,1997,South Asia,135616.31,,1782.1864749876477,0.437,80.04897108727721,30.0,70.0
Pakistan,PAK,1998,South Asia,139062.987,,1782.338425950246,0.441,80.04897108727721,30.0,70.0
Pakistan,PAK,1999,South Asia,142520.124,,1802.7574249695167,0.445,80.04897108727721,30.0,70.0
Pakistan,PAK,2000,South Asia,146404.914,4.56,1814.37716230308,0.45,80.04897108727721,30.0,70.0
Pakistan,PAK,2001,South Asia,150399.566,4.41,1799.0379451201602,0.457,80.04897108727721,30.0,70.0
Pakistan,PAK,2002,South Asia,153470.779,4.25,1819.7887202097058,0.465,80.04897108727721,30.0,70.0
Pakistan,PAK,2003,South Asia,156196.488,4.1,1871.9370950261057,0.473,80.04897108727721,30.0,70.0
Pakistan,PAK,2004,South Asia,159266.367,4.14,1973.7249359119241,0.487,80.04897108727721,30.0,70.0
Pakistan,PAK,2005,South Asia,162490.385,4.14,2083.5263575749423,0.5,80.04897108727721,30.0,70.0
Pakistan,PAK,2006,South Asia,165873.928,4.0,2165.530197126579,0.505,80.04897108727721,30.0,70.0
Pakistan,PAK,2007,South Asia,169340.538,3.71,2239.983435035502,0.513,80.04897108727721,30.0,70.0
Pakistan,PAK,2008,South Asia,172800.051,3.73,2239.03869102446,0.515,80.04897108727721,30.0,70.0
Pakistan,PAK,2009,South Asia,174579.0,3.6,,0.522,80.04897108727721,30.0,70.0
Pakistan,PAK,2010,South Asia,,3.28,,0.526,80.04897108727721,30.0,70.0
Pakistan,PAK,2011,South Asia,,3.17,,0.53,80.04897108727721,30.0,70.0
Pakistan,PAK,2012,South Asia,,3.07,,0.535,80.04897108727721,30.0,70.0
Pakistan,PAK,2013,South Asia,,2.96,,0.538,80.04897108727721,30.0,70.0
Pakistan,PAK,2014,South Asia,,2.86,,0.548,80.04897108727721,30.0,70.0
Pakistan,PAK,2015,South Asia,,2.86,,0.551,80.04897108727721,30.0,70.0
Pakistan,PAK,2016,South Asia,,2.68,,0.56,80.04897108727721,30.0,70.0
Pakistan,PAK,2017,South Asia,,2.62,,0.562,80.04897108727721,30.0,70.0
Panama,PAN,1960,Latin America & Caribbean,1147.61,,2391.056195048841,,78.81547867569434,9.0,-80.0
Panama,PAN,1970,Latin America & Caribbean,1531.038,,3813.7524999379507,,78.81547867569434,9.0,-80.0
Panama,PAN,1980,Latin America & Caribbean,1960.0,,5082.142857142857,,78.81547867569434,9.0,-80.0
Panama,PAN,1990,Latin America & Caribbean,2393.0,,4466.360217300459,0.66,78.81547867569434,9.0,-80.0
Panama,PAN,1991,Latin America & Caribbean,2441.0,,4772.634166325276,0.665,78.81547867569434,9.0,-80.0
Panama,PAN,1992,Latin America & Caribbean,2489.0,,5064.28284451587,0.673,78.81547867569434,9.0,-80.0
Panama,PAN,1993,Latin America & Caribbean,2538.0,,5229.708431836092,0.68,78.81547867569434,9.0,-80.0
Panama,PAN,1994,Latin America & Caribbean,2588.0,,5287.867078825348,0.684,78.81547867569434,9.0,-80.0
Panama,PAN,1995,Latin America & Caribbean,2638.0,,5286.20166793025,0.688,78.81547867569434,9.0,-80.0
Panama,PAN,1996,Latin America & Caribbean,2690.0,,5308.550185873606,0.694,78.81547867569434,9.0,-80.0
Panama,PAN,1997,Latin America & Caribbean,2744.0,,5432.944606413995,0.7,78.81547867569434,9.0,-80.0
Panama,PAN,1998,Latin America & Caribbean,2797.0,,5543.081873435824,0.708,78.81547867569434,9.0,-80.0
Panama,PAN,1999,Latin America & Caribbean,2848.0,,5617.977528089888,0.713,78.81547867569434,9.0,-80.0
Panama,PAN,2000,Latin America & Caribbean,2900.0,2.32,5655.172413793103,0.719,78.81547867569434,9.0,-80.0
Panama,PAN,2001,Latin America & Caribbean,2952.0,2.27,5587.059620596206,0.722,78.81547867569434,9.0,-80.0
Panama,PAN,2002,Latin America & Caribbean,3003.0,2.22,5614.718614718615,0.728,78.81547867569434,9.0,-80.0
Panama,PAN,2003,Latin America & Caribbean,3054.0,2.53,5730.844793713163,0.73,78.81547867569434,9.0,-80.0
Panama,PAN,2004,Latin America & Caribbean,3104.0,2.45,5869.523195876289,0.735,78.81547867569434,9.0,-80.0
Panama,PAN,2005,Latin America & Caribbean,3155.0,2.7,5942.313787638668,0.739,78.81547867569434,9.0,-80.0
Panama,PAN,2006,Latin America & Caribbean,3206.0,2.68,6099.1890205864,0.744,78.81547867569434,9.0,-80.0
Panama,PAN,2007,Latin America & Caribbean,3258.0,2.66,6410.067526089626,0.751,78.81547867569434,9.0,-80.0
Panama,PAN,2008,Latin America & Caribbean,3310.0,2.57,6674.924471299094,0.755,78.81547867569434,9.0,-80.0
Panama,PAN,2009,Latin America & Caribbean,3360.0,2.53,,0.756,78.81547867569434,9.0,-80.0
Panama,PAN,2010,Latin America & Caribbean,,2.48,,0.758,78.81547867569434,9.0,-80.0
Panama,PAN,2011,Latin America & Caribbean,,2.45,,0.764,78.81547867569434,9.0,-80.0
Panama,PAN,2012,Latin America & Caribbean,,2.43,,0.771,78.81547867569434,9.0,-80.0
Panama,PAN,2013,Latin America & Caribbean,,2.4,,0.776,78.81547867569434,9.0,-80.0
Panama,PAN,2014,Latin America & Caribbean,,2.38,,0.781,78.81547867569434,9.0,-80.0
Panama,PAN,2015,Latin America & Caribbean,,2.38,,0.781,78.81547867569434,9.0,-80.0
Panama,PAN,2016,Latin America & Caribbean,,2.33,,0.785,78.81547867569434,9.0,-80.0
Panama,PAN,2017,Latin America & Caribbean,,2.3,,0.789,78.81547867569434,9.0,-80.0
Papua New Guinea,PNG,1960,East Asia & Pacific,1746.986,,,,78.7937589429188,-6.0,147.0
Papua New Guinea,PNG,1970,East Asia & Pacific,2288.056,,,,78.7937589429188,-6.0,147.0
Papua New Guinea,PNG,1980,East Asia & Pacific,2991.217,,,,78.7937589429188,-6.0,147.0
Papua New Guinea,PNG,1990,East Asia & Pacific,3828.459,,,0.38,78.7937589429188,-6.0,147.0
Papua New Guinea,PNG,1991,East Asia & Pacific,3926.917,,,0.388,78.7937589429188,-6.0,147.0
Papua New Guinea,PNG,1992,East Asia & Pacific,4028.38,,,0.398,78.7937589429188,-6.0,147.0
Papua New Guinea,PNG,1993,East Asia & Pacific,4132.725,,,0.41,78.7937589429188,-6.0,147.0
Papua New Guinea,PNG,1994,East Asia & Pacific,4240.047,,,0.417,78.7937589429188,-6.0,147.0
Papua New Guinea,PNG,1995,East Asia & Pacific,4350.054,,,0.425,78.7937589429188,-6.0,147.0
Papua New Guinea,PNG,1996,East Asia & Pacific,4462.368,,,0.432,78.7937589429188,-6.0,147.0
Papua New Guinea,PNG,1997,East Asia & Pacific,4576.967,,,0.435,78.7937589429188,-6.0,147.0
Papua New Guinea,PNG,1998,East Asia & Pacific,4693.871,,,0.441,78.7937589429188,-6.0,147.0
Papua New Guinea,PNG,1999,East Asia & Pacific,4813.006,,,0.445,78.7937589429188,-6.0,147.0
Papua New Guinea,PNG,2000,East Asia & Pacific,4934.083,4.38,,0.449,78.7937589429188,-6.0,147.0
Papua New Guinea,PNG,2001,East Asia & Pacific,5056.526,4.3,,0.456,78.7937589429188,-6.0,147.0
Papua New Guinea,PNG,2002,East Asia & Pacific,5179.926,4.21,,0.462,78.7937589429188,-6.0,147.0
Papua New Guinea,PNG,2003,East Asia & Pacific,5304.163,4.13,,0.469,78.7937589429188,-6.0,147.0
Papua New Guinea,PNG,2004,East Asia & Pacific,5429.088,3.96,,0.472,78.7937589429188,-6.0,147.0
Papua New Guinea,PNG,2005,East Asia & Pacific,5554.512,3.96,,0.479,78.7937589429188,-6.0,147.0
Papua New Guinea,PNG,2006,East Asia & Pacific,5680.226,3.88,,0.484,78.7937589429188,-6.0,147.0
Papua New Guinea,PNG,2007,East Asia & Pacific,5806.036,3.79,,0.499,78.7937589429188,-6.0,147.0
Papua New Guinea,PNG,2008,East Asia & Pacific,5931.769,3.71,,0.503,78.7937589429188,-6.0,147.0
Papua New Guinea,PNG,2009,East Asia & Pacific,5941.0,3.62,,0.51,78.7937589429188,-6.0,147.0
Papua New Guinea,PNG,2010,East Asia & Pacific,,3.54,,0.52,78.7937589429188,-6.0,147.0
Papua New Guinea,PNG,2011,East Asia & Pacific,,3.46,,0.529,78.7937589429188,-6.0,147.0
Papua New Guinea,PNG,2012,East Asia & Pacific,,3.39,,0.53,78.7937589429188,-6.0,147.0
Papua New Guinea,PNG,2013,East Asia & Pacific,,3.31,,0.534,78.7937589429188,-6.0,147.0
Papua New Guinea,PNG,2014,East Asia & Pacific,,3.24,,0.536,78.7937589429188,-6.0,147.0
Papua New Guinea,PNG,2015,East Asia & Pacific,,3.24,,0.542,78.7937589429188,-6.0,147.0
Papua New Guinea,PNG,2016,East Asia & Pacific,,3.1,,0.543,78.7937589429188,-6.0,147.0
Papua New Guinea,PNG,2017,East Asia & Pacific,,3.03,,0.544,78.7937589429188,-6.0,147.0
Paraguay,PRY,1960,Latin America & Caribbean,1909.538,,1555.3500375483493,,84.65647210730103,-23.0,-58.0
Paraguay,PRY,1970,Latin America & Caribbean,2476.785,,1871.7813617249783,,84.65647210730103,-23.0,-58.0
Paraguay,PRY,1980,Latin America & Caribbean,3196.0,,3300.6883604505633,,84.65647210730103,-23.0,-58.0
Paraguay,PRY,1990,Latin America & Caribbean,4244.0,,3280.631479736098,0.58,84.65647210730103,-23.0,-58.0
Paraguay,PRY,1991,Latin America & Caribbean,4367.0,,3267.918479505381,0.585,84.65647210730103,-23.0,-58.0
Paraguay,PRY,1992,Latin America & Caribbean,4493.0,,3230.3583351880707,0.589,84.65647210730103,-23.0,-58.0
Paraguay,PRY,1993,Latin America & Caribbean,4622.0,,3265.6858502812634,0.596,84.65647210730103,-23.0,-58.0
Paraguay,PRY,1994,Latin America & Caribbean,4754.0,,3270.298695835086,0.6,84.65647210730103,-23.0,-58.0
Paraguay,PRY,1995,Latin America & Caribbean,4887.0,,3324.534479230612,0.606,84.65647210730103,-23.0,-58.0
Paraguay,PRY,1996,Latin America & Caribbean,5024.0,,3275.875796178344,0.613,84.65647210730103,-23.0,-58.0
Paraguay,PRY,1997,Latin America & Caribbean,5162.0,,3271.2127082526154,0.618,84.65647210730103,-23.0,-58.0
Paraguay,PRY,1998,Latin America & Caribbean,5303.0,,3171.600980577032,0.622,84.65647210730103,-23.0,-58.0
Paraguay,PRY,1999,Latin America & Caribbean,5447.0,,3103.176060216633,0.625,84.65647210730103,-23.0,-58.0
Paraguay,PRY,2000,Latin America & Caribbean,5592.0,4.16,3010.5507868383406,0.624,84.65647210730103,-23.0,-58.0
Paraguay,PRY,2001,Latin America & Caribbean,5740.0,4.11,2993.728222996516,0.632,84.65647210730103,-23.0,-58.0
Paraguay,PRY,2002,Latin America & Caribbean,5890.0,4.07,2915.789473684211,0.642,84.65647210730103,-23.0,-58.0
Paraguay,PRY,2003,Latin America & Caribbean,6041.0,4.02,2951.1670253269326,0.64,84.65647210730103,-23.0,-58.0
Paraguay,PRY,2004,Latin America & Caribbean,6195.0,3.93,2995.803066989508,0.646,84.65647210730103,-23.0,-58.0
Paraguay,PRY,2005,Latin America & Caribbean,6351.0,3.93,3006.928042827901,0.649,84.65647210730103,-23.0,-58.0
Paraguay,PRY,2006,Latin America & Caribbean,6509.0,3.89,3060.070671378092,0.649,84.65647210730103,-23.0,-58.0
Paraguay,PRY,2007,Latin America & Caribbean,6669.0,3.84,3189.6836107362424,0.655,84.65647210730103,-23.0,-58.0
Paraguay,PRY,2008,Latin America & Caribbean,6831.0,3.8,3294.685990338164,0.664,84.65647210730103,-23.0,-58.0
Paraguay,PRY,2009,Latin America & Caribbean,6291.0,3.75,,0.659,84.65647210730103,-23.0,-58.0
Paraguay,PRY,2010,Latin America & Caribbean,,2.16,,0.675,84.65647210730103,-23.0,-58.0
Paraguay,PRY,2011,Latin America & Caribbean,,2.11,,0.68,84.65647210730103,-23.0,-58.0
Paraguay,PRY,2012,Latin America & Caribbean,,2.06,,0.68,84.65647210730103,-23.0,-58.0
Paraguay,PRY,2013,Latin America & Caribbean,,2.01,,0.695,84.65647210730103,-23.0,-58.0
Paraguay,PRY,2014,Latin America & Caribbean,,1.96,,0.698,84.65647210730103,-23.0,-58.0
Paraguay,PRY,2015,Latin America & Caribbean,,1.96,,0.702,84.65647210730103,-23.0,-58.0
Paraguay,PRY,2016,Latin America & Caribbean,,1.91,,0.702,84.65647210730103,-23.0,-58.0
Paraguay,PRY,2017,Latin America & Caribbean,,1.9,,0.702,84.65647210730103,-23.0,-58.0
Peru,PER,1960,Latin America & Caribbean,9931.0,,2969.086698217702,,82.09669435040806,-10.0,-76.0
Peru,PER,1970,Latin America & Caribbean,13192.8,,3854.2235158571343,,82.09669435040806,-10.0,-76.0
Peru,PER,1980,Latin America & Caribbean,17295.298,,4262.834904608178,,82.09669435040806,-10.0,-76.0
Peru,PER,1990,Latin America & Caribbean,21600.0,,3008.287037037037,0.611,82.09669435040806,-10.0,-76.0
Peru,PER,1991,Latin America & Caribbean,22057.0,,3019.585619077844,0.617,82.09669435040806,-10.0,-76.0
Peru,PER,1992,Latin America & Caribbean,22522.0,,2930.6455909777105,0.617,82.09669435040806,-10.0,-76.0
Peru,PER,1993,Latin America & Caribbean,22993.0,,3034.2278084634454,0.622,82.09669435040806,-10.0,-76.0
Peru,PER,1994,Latin America & Caribbean,23469.0,,3376.965358558098,0.633,82.09669435040806,-10.0,-76.0
Peru,PER,1995,Latin America & Caribbean,23942.0,,3594.9377662684824,0.643,82.09669435040806,-10.0,-76.0
Peru,PER,1996,Latin America & Caribbean,24402.0,,3608.3107941971966,0.648,82.09669435040806,-10.0,-76.0
Peru,PER,1997,Latin America & Caribbean,24847.0,,3848.4324063267195,0.654,82.09669435040806,-10.0,-76.0
Peru,PER,1998,Latin America & Caribbean,25276.0,,3786.912486152872,0.665,82.09669435040806,-10.0,-76.0
Peru,PER,1999,Latin America & Caribbean,25686.0,,3759.985984583041,0.675,82.09669435040806,-10.0,-76.0
Peru,PER,2000,Latin America & Caribbean,26087.0,3.04,3816.9586384022696,0.678,82.09669435040806,-10.0,-76.0
Peru,PER,2001,Latin America & Caribbean,26485.0,2.96,3766.547102133283,0.686,82.09669435040806,-10.0,-76.0
Peru,PER,2002,Latin America & Caribbean,26882.0,2.89,3894.204300275277,0.687,82.09669435040806,-10.0,-76.0
Peru,PER,2003,Latin America & Caribbean,27275.0,2.81,3991.60403299725,0.686,82.09669435040806,-10.0,-76.0
Peru,PER,2004,Latin America & Caribbean,27665.0,2.56,4132.1163925537685,0.693,82.09669435040806,-10.0,-76.0
Peru,PER,2005,Latin America & Caribbean,28051.0,2.56,4352.358204698585,0.698,82.09669435040806,-10.0,-76.0
Peru,PER,2006,Latin America & Caribbean,28433.0,2.51,4624.52080329195,0.695,82.09669435040806,-10.0,-76.0
Peru,PER,2007,Latin America & Caribbean,28809.0,2.46,4970.356485820404,0.703,82.09669435040806,-10.0,-76.0
Peru,PER,2008,Latin America & Caribbean,29181.0,2.42,5387.889380076077,0.712,82.09669435040806,-10.0,-76.0
Peru,PER,2009,Latin America & Caribbean,29547.0,2.37,,0.715,82.09669435040806,-10.0,-76.0
Peru,PER,2010,Latin America & Caribbean,,2.32,,0.717,82.09669435040806,-10.0,-76.0
Peru,PER,2011,Latin America & Caribbean,,2.32,,0.729,82.09669435040806,-10.0,-76.0
Peru,PER,2012,Latin America & Caribbean,,2.29,,0.729,82.09669435040806,-10.0,-76.0
Peru,PER,2013,Latin America & Caribbean,,2.25,,0.736,82.09669435040806,-10.0,-76.0
Peru,PER,2014,Latin America & Caribbean,,2.22,,0.746,82.09669435040806,-10.0,-76.0
Peru,PER,2015,Latin America & Caribbean,,2.22,,0.745,82.09669435040806,-10.0,-76.0
Peru,PER,2016,Latin America & Caribbean,,2.15,,0.748,82.09669435040806,-10.0,-76.0
Peru,PER,2017,Latin America & Caribbean,,2.12,,0.75,82.09669435040806,-10.0,-76.0
Philippines,PHL,1960,East Asia & Pacific,28528.939,,1476.185286806495,,82.92362606326583,13.0,122.0
Philippines,PHL,1970,East Asia & Pacific,38603.696,,1764.1316002488466,,82.92362606326583,13.0,122.0
Philippines,PHL,1980,East Asia & Pacific,50940.182,,2375.5706251697334,,82.92362606326583,13.0,122.0
Philippines,PHL,1990,East Asia & Pacific,65087.72,,2197.419113774457,0.586,82.92362606326583,13.0,122.0
Philippines,PHL,1991,East Asia & Pacific,66572.226,,2135.890724158751,0.587,82.92362606326583,13.0,122.0
Philippines,PHL,1992,East Asia & Pacific,67977.755,,2098.745391047409,0.589,82.92362606326583,13.0,122.0
Philippines,PHL,1993,East Asia & Pacific,69416.966,,2098.9681398636753,0.591,82.92362606326583,13.0,122.0
Philippines,PHL,1994,East Asia & Pacific,70944.552,,2144.1392709055376,0.595,82.92362606326583,13.0,122.0
Philippines,PHL,1995,East Asia & Pacific,72597.432,,2193.7966070204793,0.598,82.92362606326583,13.0,122.0
Philippines,PHL,1996,East Asia & Pacific,74335.818,,2266.834542669592,0.606,82.92362606326583,13.0,122.0
Philippines,PHL,1997,East Asia & Pacific,76057.058,,2330.671270508517,0.611,82.92362606326583,13.0,122.0
Philippines,PHL,1998,East Asia & Pacific,77740.547,,2266.513509353105,0.615,82.92362606326583,13.0,122.0
Philippines,PHL,1999,East Asia & Pacific,79448.134,,2293.219372527994,0.62,82.92362606326583,13.0,122.0
Philippines,PHL,2000,East Asia & Pacific,81222.082,3.48,2377.013679605012,0.624,82.92362606326583,13.0,122.0
Philippines,PHL,2001,East Asia & Pacific,83095.279,3.42,2364.0211858485973,0.628,82.92362606326583,13.0,122.0
Philippines,PHL,2002,East Asia & Pacific,84936.406,3.35,2413.229022193381,0.633,82.92362606326583,13.0,122.0
Philippines,PHL,2003,East Asia & Pacific,86751.693,3.29,2478.5107075662486,0.637,82.92362606326583,13.0,122.0
Philippines,PHL,2004,East Asia & Pacific,88621.786,3.16,2581.4871300382056,0.647,82.92362606326583,13.0,122.0
Philippines,PHL,2005,East Asia & Pacific,90435.785,3.16,2656.1941160791603,0.65,82.92362606326583,13.0,122.0
Philippines,PHL,2006,East Asia & Pacific,92266.941,3.11,2741.458611920384,0.651,82.92362606326583,13.0,122.0
Philippines,PHL,2007,East Asia & Pacific,94157.465,3.05,2877.1484024129154,0.657,82.92362606326583,13.0,122.0
Philippines,PHL,2008,East Asia & Pacific,96061.683,3.32,2926.452995831855,0.661,82.92362606326583,13.0,122.0
Philippines,PHL,2009,East Asia & Pacific,97977.0,3.27,,0.659,82.92362606326583,13.0,122.0
Philippines,PHL,2010,East Asia & Pacific,,3.23,,0.665,82.92362606326583,13.0,122.0
Philippines,PHL,2011,East Asia & Pacific,,3.19,,0.67,82.92362606326583,13.0,122.0
Philippines,PHL,2012,East Asia & Pacific,,3.15,,0.677,82.92362606326583,13.0,122.0
Philippines,PHL,2013,East Asia & Pacific,,3.1,,0.685,82.92362606326583,13.0,122.0
Philippines,PHL,2014,East Asia & Pacific,,3.06,,0.689,82.92362606326583,13.0,122.0
Philippines,PHL,2015,East Asia & Pacific,,3.06,,0.693,82.92362606326583,13.0,122.0
Philippines,PHL,2016,East Asia & Pacific,,3.06,,0.696,82.92362606326583,13.0,122.0
Philippines,PHL,2017,East Asia & Pacific,,3.02,,0.699,82.92362606326583,13.0,122.0
Poland,POL,1960,Europe & Central Asia,29589.842,,3214.6655576367243,,96.37637751456055,52.0,20.0
Poland,POL,1970,Europe & Central Asia,32526.0,,4427.795779053819,,96.37637751456055,52.0,20.0
Poland,POL,1980,Europe & Central Asia,35578.016,,5739.878092209526,,96.37637751456055,52.0,20.0
Poland,POL,1990,Europe & Central Asia,38119.408,,5113.405748588751,0.712,96.37637751456055,52.0,20.0
Poland,POL,1991,Europe & Central Asia,38253.222,,4738.038246835287,0.711,96.37637751456055,52.0,20.0
Poland,POL,1992,Europe & Central Asia,38370.697,,4842.328290218261,0.714,96.37637751456055,52.0,20.0
Poland,POL,1993,Europe & Central Asia,38467.746,,5010.676226150695,0.725,96.37637751456055,52.0,20.0
Poland,POL,1994,Europe & Central Asia,38548.296,,5264.856748142548,0.734,96.37637751456055,52.0,20.0
Poland,POL,1995,Europe & Central Asia,38600.642,,5623.226648716826,0.74,96.37637751456055,52.0,20.0
Poland,POL,1996,Europe & Central Asia,38629.842,,5956.113245590643,0.748,96.37637751456055,52.0,20.0
Poland,POL,1997,Europe & Central Asia,38654.957,,6356.996299591983,0.759,96.37637751456055,52.0,20.0
Poland,POL,1998,Europe & Central Asia,38668.756,,6705.232513815547,0.769,96.37637751456055,52.0,20.0
Poland,POL,1999,Europe & Central Asia,38665.539,,7013.5062645835615,0.778,96.37637751456055,52.0,20.0
Poland,POL,2000,Europe & Central Asia,38654.164,1.38,7308.837412704102,0.785,96.37637751456055,52.0,20.0
Poland,POL,2001,Europe & Central Asia,38643.641,1.37,7399.613302483583,0.791,96.37637751456055,52.0,20.0
Poland,POL,2002,Europe & Central Asia,38625.976,1.37,7509.972045754907,0.799,96.37637751456055,52.0,20.0
Poland,POL,2003,Europe & Central Asia,38602.853,1.37,7804.241826374853,0.804,96.37637751456055,52.0,20.0
Poland,POL,2004,Europe & Central Asia,38580.445,1.39,8225.643846254236,0.802,96.37637751456055,52.0,20.0
Poland,POL,2005,Europe & Central Asia,38557.984,1.24,8526.71654202668,0.808,96.37637751456055,52.0,20.0
Poland,POL,2006,Europe & Central Asia,38536.869,1.25,9060.362428509696,0.814,96.37637751456055,52.0,20.0
Poland,POL,2007,Europe & Central Asia,38518.241,1.26,9681.127442969164,0.819,96.37637751456055,52.0,20.0
Poland,POL,2008,Europe & Central Asia,38500.696,1.27,10160.128014309143,0.824,96.37637751456055,52.0,20.0
Poland,POL,2009,Europe & Central Asia,38483.0,1.28,,0.828,96.37637751456055,52.0,20.0
Poland,POL,2010,Europe & Central Asia,,1.29,,0.835,96.37637751456055,52.0,20.0
Poland,POL,2011,Europe & Central Asia,,1.3,,0.839,96.37637751456055,52.0,20.0
Poland,POL,2012,Europe & Central Asia,,1.31,,0.836,96.37637751456055,52.0,20.0
Poland,POL,2013,Europe & Central Asia,,1.32,,0.85,96.37637751456055,52.0,20.0
Poland,POL,2014,Europe & Central Asia,,1.33,,0.842,96.37637751456055,52.0,20.0
Poland,POL,2015,Europe & Central Asia,,1.33,,0.855,96.37637751456055,52.0,20.0
Poland,POL,2016,Europe & Central Asia,,1.34,,0.86,96.37637751456055,52.0,20.0
Poland,POL,2017,Europe & Central Asia,,1.35,,0.865,96.37637751456055,52.0,20.0
Portugal,PRT,1960,Europe & Central Asia,9036.7,,2955.835647968838,,92.7902999759507,39.3,-8.0
Portugal,PRT,1970,Europe & Central Asia,9044.2,,5472.899758961545,,92.7902999759507,39.3,-8.0
Portugal,PRT,1980,Europe & Central Asia,9777.8,,8044.243081265725,,92.7902999759507,39.3,-8.0
Portugal,PRT,1990,Europe & Central Asia,9922.689,,10826.399980892276,0.711,92.7902999759507,39.3,-8.0
Portugal,PRT,1991,Europe & Central Asia,9919.009,,11303.5006911851,0.72,92.7902999759507,39.3,-8.0
Portugal,PRT,1992,Europe & Central Asia,9927.68,,11416.670668827068,0.732,92.7902999759507,39.3,-8.0
Portugal,PRT,1993,Europe & Central Asia,9967.832,,11138.352029217796,0.745,92.7902999759507,39.3,-8.0
Portugal,PRT,1994,Europe & Central Asia,10027.688,,11178.691106002756,0.753,92.7902999759507,39.3,-8.0
Portugal,PRT,1995,Europe & Central Asia,10065.543,,11613.604280103307,0.76,92.7902999759507,39.3,-8.0
Portugal,PRT,1996,Europe & Central Asia,10099.918,,11994.4191107336,0.767,92.7902999759507,39.3,-8.0
Portugal,PRT,1997,Europe & Central Asia,10156.415,,12426.638748927875,0.773,92.7902999759507,39.3,-8.0
Portugal,PRT,1998,Europe & Central Asia,10224.828,,12939.092960781347,0.78,92.7902999759507,39.3,-8.0
Portugal,PRT,1999,Europe & Central Asia,10283.381,,13355.626909087587,0.779,92.7902999759507,39.3,-8.0
Portugal,PRT,2000,Europe & Central Asia,10335.597,1.47,13813.425581512129,0.785,92.7902999759507,39.3,-8.0
Portugal,PRT,2001,Europe & Central Asia,10386.753,1.48,14021.32119633537,0.79,92.7902999759507,39.3,-8.0
Portugal,PRT,2002,Europe & Central Asia,10433.867,1.48,14067.842727916697,0.792,92.7902999759507,39.3,-8.0
Portugal,PRT,2003,Europe & Central Asia,10479.955,1.49,13896.624556116893,0.796,92.7902999759507,39.3,-8.0
Portugal,PRT,2004,Europe & Central Asia,10524.145,1.47,14047.792005906418,0.797,92.7902999759507,39.3,-8.0
Portugal,PRT,2005,Europe & Central Asia,10566.212,1.47,14117.83144233714,0.8,92.7902999759507,39.3,-8.0
Portugal,PRT,2006,Europe & Central Asia,10605.87,1.47,14261.913449815998,0.803,92.7902999759507,39.3,-8.0
Portugal,PRT,2007,Europe & Central Asia,10642.836,1.48,14482.230112349755,0.81,92.7902999759507,39.3,-8.0
Portugal,PRT,2008,Europe & Central Asia,10676.91,1.49,14436.011917305663,0.814,92.7902999759507,39.3,-8.0
Portugal,PRT,2009,Europe & Central Asia,10708.0,1.49,,0.817,92.7902999759507,39.3,-8.0
Portugal,PRT,2010,Europe & Central Asia,,1.5,,0.822,92.7902999759507,39.3,-8.0
Portugal,PRT,2011,Europe & Central Asia,,1.5,,0.826,92.7902999759507,39.3,-8.0
Portugal,PRT,2012,Europe & Central Asia,,1.51,,0.829,92.7902999759507,39.3,-8.0
Portugal,PRT,2013,Europe & Central Asia,,1.51,,0.837,92.7902999759507,39.3,-8.0
Portugal,PRT,2014,Europe & Central Asia,,1.52,,0.839,92.7902999759507,39.3,-8.0
Portugal,PRT,2015,Europe & Central Asia,,1.52,,0.842,92.7902999759507,39.3,-8.0
Portugal,PRT,2016,Europe & Central Asia,,1.53,,0.845,92.7902999759507,39.3,-8.0
Portugal,PRT,2017,Europe & Central Asia,,1.53,,0.847,92.7902999759507,39.3,-8.0
Puerto Rico,PRI,1960,Latin America & Caribbean,2358.0,,3420.6955046649705,,81.88613175763781,18.15,-66.3
Puerto Rico,PRI,1970,Latin America & Caribbean,2721.754,,6348.84710374266,,81.88613175763781,18.15,-66.3
Puerto Rico,PRI,1980,Latin America & Caribbean,3209.648,,8182.51721061001,,81.88613175763781,18.15,-66.3
Puerto Rico,PRI,1990,Latin America & Caribbean,3536.91,,10539.42565685867,,81.88613175763781,18.15,-66.3
Puerto Rico,PRI,1991,Latin America & Caribbean,3562.11,,10706.014132073406,,81.88613175763781,18.15,-66.3
Puerto Rico,PRI,1992,Latin America & Caribbean,3585.176,,11122.745438438727,,81.88613175763781,18.15,-66.3
Puerto Rico,PRI,1993,Latin America & Caribbean,3615.497,,11541.70505465777,,81.88613175763781,18.15,-66.3
Puerto Rico,PRI,1994,Latin America & Caribbean,3649.237,,11913.449304608059,,81.88613175763781,18.15,-66.3
Puerto Rico,PRI,1995,Latin America & Caribbean,3683.103,,12340.952723830964,,81.88613175763781,18.15,-66.3
Puerto Rico,PRI,1996,Latin America & Caribbean,3724.655,,12605.999750312443,,81.88613175763781,18.15,-66.3
Puerto Rico,PRI,1997,Latin America & Caribbean,3759.43,,12913.925781301954,,81.88613175763781,18.15,-66.3
Puerto Rico,PRI,1998,Latin America & Caribbean,3781.101,,13250.902316547481,,81.88613175763781,18.15,-66.3
Puerto Rico,PRI,1999,Latin America & Caribbean,3800.081,,13738.391365868252,,81.88613175763781,18.15,-66.3
Puerto Rico,PRI,2000,Latin America & Caribbean,3814.0,1.9,14112.742527530152,,81.88613175763781,18.15,-66.3
Puerto Rico,PRI,2001,Latin America & Caribbean,3838.0,1.9,14332.985930171964,,81.88613175763781,18.15,-66.3
Puerto Rico,PRI,2002,Latin America & Caribbean,3858.0,1.9,14329.963711767756,,81.88613175763781,18.15,-66.3
Puerto Rico,PRI,2003,Latin America & Caribbean,3877.0,2.02,14488.006190353366,,81.88613175763781,18.15,-66.3
Puerto Rico,PRI,2004,Latin America & Caribbean,3894.0,1.91,14655.624036979969,,81.88613175763781,18.15,-66.3
Puerto Rico,PRI,2005,Latin America & Caribbean,3911.299,1.75,14984.79149765845,,81.88613175763781,18.15,-66.3
Puerto Rico,PRI,2006,Latin America & Caribbean,3927.188,1.75,15297.205023034292,,81.88613175763781,18.15,-66.3
Puerto Rico,PRI,2007,Latin America & Caribbean,3942.491,1.77,15313.922086315479,,81.88613175763781,18.15,-66.3
Puerto Rico,PRI,2008,Latin America & Caribbean,3957.169,1.76,15074.160340384757,,81.88613175763781,18.15,-66.3
Puerto Rico,PRI,2009,Latin America & Caribbean,3966.0,1.71,,,81.88613175763781,18.15,-66.3
Puerto Rico,PRI,2010,Latin America & Caribbean,,1.62,,,81.88613175763781,18.15,-66.3
Puerto Rico,PRI,2011,Latin America & Caribbean,,1.62,,,81.88613175763781,18.15,-66.3
Puerto Rico,PRI,2012,Latin America & Caribbean,,1.64,,,81.88613175763781,18.15,-66.3
Puerto Rico,PRI,2013,Latin America & Caribbean,,1.64,,,81.88613175763781,18.15,-66.3
Puerto Rico,PRI,2014,Latin America & Caribbean,,1.64,,,81.88613175763781,18.15,-66.3
Puerto Rico,PRI,2015,Latin America & Caribbean,,1.64,,,81.88613175763781,18.15,-66.3
Puerto Rico,PRI,2016,Latin America & Caribbean,,1.64,,,81.88613175763781,18.15,-66.3
Puerto Rico,PRI,2017,Latin America & Caribbean,,1.22,,,81.88613175763781,18.15,-66.3
Qatar,QAT,1960,Middle East & North Africa,45.588,,32810.116993596435,,80.97811633969334,25.3,51.15
Qatar,QAT,1970,Middle East & North Africa,115.302,,32573.312713089996,,80.97811633969334,25.3,51.15
Qatar,QAT,1980,Middle East & North Africa,236.9,,28771.2561997198,,80.97811633969334,25.3,51.15
Qatar,QAT,1990,Middle East & North Africa,446.131,,7343.134639825523,0.754,80.97811633969334,25.3,51.15
Qatar,QAT,1991,Middle East & North Africa,461.117,,7076.0696309179675,0.751,80.97811633969334,25.3,51.15
Qatar,QAT,1992,Middle East & North Africa,475.811,,7495.298191929149,0.753,80.97811633969334,25.3,51.15
Qatar,QAT,1993,Middle East & North Africa,491.044,,7233.730473619473,0.764,80.97811633969334,25.3,51.15
Qatar,QAT,1994,Middle East & North Africa,506.26,,7180.1050843440125,0.775,80.97811633969334,25.3,51.15
Qatar,QAT,1995,Middle East & North Africa,521.212,,7179.420274283784,0.784,80.97811633969334,25.3,51.15
Qatar,QAT,1996,Middle East & North Africa,536.017,,7316.932112227783,0.796,80.97811633969334,25.3,51.15
Qatar,QAT,1997,Middle East & North Africa,550.862,,8831.612999262974,0.8,80.97811633969334,25.3,51.15
Qatar,QAT,1998,Middle East & North Africa,570.562,,9245.270452641429,0.804,80.97811633969334,25.3,51.15
Qatar,QAT,1999,Middle East & North Africa,597.105,,9319.9688496998,0.808,80.97811633969334,25.3,51.15
Qatar,QAT,2000,Middle East & North Africa,626.964,3.25,9844.265380468416,0.81,80.97811633969334,25.3,51.15
Qatar,QAT,2001,Middle East & North Africa,658.849,3.17,9958.275720233316,0.811,80.97811633969334,25.3,51.15
Qatar,QAT,2002,Middle East & North Africa,691.732,3.1,9787.027345850707,0.816,80.97811633969334,25.3,51.15
Qatar,QAT,2003,Middle East & North Africa,725.118,3.02,9925.281126658005,0.823,80.97811633969334,25.3,51.15
Qatar,QAT,2004,Middle East & North Africa,758.823,2.87,11163.34112171086,0.826,80.97811633969334,25.3,51.15
Qatar,QAT,2005,Middle East & North Africa,785.667,2.87,11773.435819501135,0.831,80.97811633969334,25.3,51.15
Qatar,QAT,2006,Middle East & North Africa,802.576,2.81,13254.819481270308,0.827,80.97811633969334,25.3,51.15
Qatar,QAT,2007,Middle East & North Africa,814.897,2.75,15050.981903234397,0.83,80.97811633969334,25.3,51.15
Qatar,QAT,2008,Middle East & North Africa,824.789,2.47,17311.094110129987,0.835,80.97811633969334,25.3,51.15
Qatar,QAT,2009,Middle East & North Africa,833.0,2.45,,0.833,80.97811633969334,25.3,51.15
Qatar,QAT,2010,Middle East & North Africa,,2.44,,0.825,80.97811633969334,25.3,51.15
Qatar,QAT,2011,Middle East & North Africa,,2.43,,0.836,80.97811633969334,25.3,51.15
Qatar,QAT,2012,Middle East & North Africa,,1.93,,0.844,80.97811633969334,25.3,51.15
Qatar,QAT,2013,Middle East & North Africa,,1.92,,0.854,80.97811633969334,25.3,51.15
Qatar,QAT,2014,Middle East & North Africa,,1.92,,0.853,80.97811633969334,25.3,51.15
Qatar,QAT,2015,Middle East & North Africa,,1.92,,0.854,80.97811633969334,25.3,51.15
Qatar,QAT,2016,Middle East & North Africa,,1.9,,0.855,80.97811633969334,25.3,51.15
Qatar,QAT,2017,Middle East & North Africa,,1.9,,0.856,80.97811633969334,25.3,51.15
Romania,ROU,1960,Europe & Central Asia,18403.414,,1843.7188046247886,,86.90564906267556,46.0,25.0
Romania,ROU,1970,Europe & Central Asia,20252.541,,2852.907142668206,,86.90564906267556,46.0,25.0
Romania,ROU,1980,Europe & Central Asia,22130.036,,4135.400012577375,,86.90564906267556,46.0,25.0
Romania,ROU,1990,Europe & Central Asia,22865.945,,3510.7667756569867,0.701,86.90564906267556,46.0,25.0
Romania,ROU,1991,Europe & Central Asia,22825.559,,3063.2882638274045,0.686,86.90564906267556,46.0,25.0
Romania,ROU,1992,Europe & Central Asia,22797.027,,2797.2154221688643,0.678,86.90564906267556,46.0,25.0
Romania,ROU,1993,Europe & Central Asia,22768.538,,2842.7261529290986,0.678,86.90564906267556,46.0,25.0
Romania,ROU,1994,Europe & Central Asia,22738.68,,2957.470814294665,0.681,86.90564906267556,46.0,25.0
Romania,ROU,1995,Europe & Central Asia,22692.83,,3173.865930340112,0.687,86.90564906267556,46.0,25.0
Romania,ROU,1996,Europe & Central Asia,22627.562,,3307.142985979654,0.695,86.90564906267556,46.0,25.0
Romania,ROU,1997,Europe & Central Asia,22562.458,,3114.367920271561,0.696,86.90564906267556,46.0,25.0
Romania,ROU,1998,Europe & Central Asia,22515.824,,2971.019013942642,0.698,86.90564906267556,46.0,25.0
Romania,ROU,1999,Europe & Central Asia,22480.527,,2939.975647544341,0.704,86.90564906267556,46.0,25.0
Romania,ROU,2000,Europe & Central Asia,22451.921,1.35,3005.539622394282,0.709,86.90564906267556,46.0,25.0
Romania,ROU,2001,Europe & Central Asia,22428.044,1.35,3180.237475891126,0.715,86.90564906267556,46.0,25.0
Romania,ROU,2002,Europe & Central Asia,22404.337,1.35,3342.7827541480865,0.724,86.90564906267556,46.0,25.0
Romania,ROU,2003,Europe & Central Asia,22380.273,1.36,3510.34949741079,0.734,86.90564906267556,46.0,25.0
Romania,ROU,2004,Europe & Central Asia,22355.551,1.36,3812.9679738155414,0.746,86.90564906267556,46.0,25.0
Romania,ROU,2005,Europe & Central Asia,22329.977,1.36,3973.8509358966203,0.755,86.90564906267556,46.0,25.0
Romania,ROU,2006,Europe & Central Asia,22303.552,1.37,4337.694731314546,0.767,86.90564906267556,46.0,25.0
Romania,ROU,2007,Europe & Central Asia,22276.056,1.38,4564.632087475448,0.781,86.90564906267556,46.0,25.0
Romania,ROU,2008,Europe & Central Asia,22246.862,1.38,4895.162293001144,0.795,86.90564906267556,46.0,25.0
Romania,ROU,2009,Europe & Central Asia,22215.0,1.39,,0.798,86.90564906267556,46.0,25.0
Romania,ROU,2010,Europe & Central Asia,,1.27,,0.797,86.90564906267556,46.0,25.0
Romania,ROU,2011,Europe & Central Asia,,1.29,,0.798,86.90564906267556,46.0,25.0
Romania,ROU,2012,Europe & Central Asia,,1.3,,0.795,86.90564906267556,46.0,25.0
Romania,ROU,2013,Europe & Central Asia,,1.31,,0.8,86.90564906267556,46.0,25.0
Romania,ROU,2014,Europe & Central Asia,,1.32,,0.802,86.90564906267556,46.0,25.0
Romania,ROU,2015,Europe & Central Asia,,1.32,,0.805,86.90564906267556,46.0,25.0
Romania,ROU,2016,Europe & Central Asia,,1.34,,0.807,86.90564906267556,46.0,25.0
Romania,ROU,2017,Europe & Central Asia,,1.35,,0.811,86.90564906267556,46.0,25.0
Russia,RUS,1960,Europe & Central Asia,119631.633,,,,97.93377547154279,60.0,100.0
Russia,RUS,1970,Europe & Central Asia,130245.476,,,,97.93377547154279,60.0,100.0
Russia,RUS,1980,Europe & Central Asia,139038.849,,,,97.93377547154279,60.0,100.0
Russia,RUS,1990,Europe & Central Asia,147973.0,,7778.716387449062,0.734,97.93377547154279,60.0,100.0
Russia,RUS,1991,Europe & Central Asia,148299.0,,7373.535897072806,0.729,97.93377547154279,60.0,100.0
Russia,RUS,1992,Europe & Central Asia,148400.0,,6300.082479784367,0.718,97.93377547154279,60.0,100.0
Russia,RUS,1993,Europe & Central Asia,148390.0,,5752.362929577464,0.71,97.93377547154279,60.0,100.0
Russia,RUS,1994,Europe & Central Asia,148442.0,,5020.053670522898,0.702,97.93377547154279,60.0,100.0
Russia,RUS,1995,Europe & Central Asia,148490.0,,4812.675250012862,0.7,97.93377547154279,60.0,100.0
Russia,RUS,1996,Europe & Central Asia,148312.0,,4644.987044547515,0.701,97.93377547154279,60.0,100.0
Russia,RUS,1997,Europe & Central Asia,148067.0,,4717.810322425958,0.704,97.93377547154279,60.0,100.0
Russia,RUS,1998,Europe & Central Asia,147813.0,,4475.443728880951,0.703,97.93377547154279,60.0,100.0
Russia,RUS,1999,Europe & Central Asia,147352.0,,4776.769943987821,0.709,97.93377547154279,60.0,100.0
Russia,RUS,2000,Europe & Central Asia,146710.0,1.25,5277.440292176012,0.72,97.93377547154279,60.0,100.0
Russia,RUS,2001,Europe & Central Asia,145990.0,1.27,5573.944666029625,0.727,97.93377547154279,60.0,100.0
Russia,RUS,2002,Europe & Central Asia,145163.0,1.3,5869.167558799193,0.732,97.93377547154279,60.0,100.0
Russia,RUS,2003,Europe & Central Asia,144308.0,1.33,6334.929083437085,0.74,97.93377547154279,60.0,100.0
Russia,RUS,2004,Europe & Central Asia,143507.0,1.27,6828.949110496353,0.746,97.93377547154279,60.0,100.0
Russia,RUS,2005,Europe & Central Asia,142776.0,1.27,7303.202218860312,0.752,97.93377547154279,60.0,100.0
Russia,RUS,2006,Europe & Central Asia,142069.0,1.28,7904.6941978897585,0.759,97.93377547154279,60.0,100.0
Russia,RUS,2007,Europe & Central Asia,141378.0,1.39,8586.739096606261,0.767,97.93377547154279,60.0,100.0
Russia,RUS,2008,Europe & Central Asia,140702.0,1.4,9111.164020411934,0.774,97.93377547154279,60.0,100.0
Russia,RUS,2009,Europe & Central Asia,140041.0,1.41,,0.771,97.93377547154279,60.0,100.0
Russia,RUS,2010,Europe & Central Asia,,1.41,,0.78,97.93377547154279,60.0,100.0
Russia,RUS,2011,Europe & Central Asia,,1.42,,0.789,97.93377547154279,60.0,100.0
Russia,RUS,2012,Europe & Central Asia,,1.61,,0.798,97.93377547154279,60.0,100.0
Russia,RUS,2013,Europe & Central Asia,,1.61,,0.804,97.93377547154279,60.0,100.0
Russia,RUS,2014,Europe & Central Asia,,1.61,,0.807,97.93377547154279,60.0,100.0
Russia,RUS,2015,Europe & Central Asia,,1.61,,0.813,97.93377547154279,60.0,100.0
Russia,RUS,2016,Europe & Central Asia,,1.61,,0.815,97.93377547154279,60.0,100.0
Russia,RUS,2017,Europe & Central Asia,,1.61,,0.816,97.93377547154279,60.0,100.0
Rwanda,RWA,1960,Sub-Saharan Africa,3031.804,,656.1079832676551,,70.22754664945913,-2.0,30.0
Rwanda,RWA,1970,Sub-Saharan Africa,3769.171,,716.7669746761385,,70.22754664945913,-2.0,30.0
Rwanda,RWA,1980,Sub-Saharan Africa,5138.478,,952.0838727761723,,70.22754664945913,-2.0,30.0
Rwanda,RWA,1990,Sub-Saharan Africa,6981.76,,877.285956549638,0.25,70.22754664945913,-2.0,30.0
Rwanda,RWA,1991,Sub-Saharan Africa,7121.616,,823.0751278923211,0.227,70.22754664945913,-2.0,30.0
Rwanda,RWA,1992,Sub-Saharan Africa,7270.626,,859.4159911402403,0.213,70.22754664945913,-2.0,30.0
Rwanda,RWA,1993,Sub-Saharan Africa,7559.604,,757.958669958109,0.209,70.22754664945913,-2.0,30.0
Rwanda,RWA,1994,Sub-Saharan Africa,6264.306,,455.59715633303995,0.199,70.22754664945913,-2.0,30.0
Rwanda,RWA,1995,Sub-Saharan Africa,5460.622,,706.5129210555134,0.234,70.22754664945913,-2.0,30.0
Rwanda,RWA,1996,Sub-Saharan Africa,6510.963,,667.7967606327974,0.262,70.22754664945913,-2.0,30.0
Rwanda,RWA,1997,Sub-Saharan Africa,7580.468,,652.7301480594601,0.288,70.22754664945913,-2.0,30.0
Rwanda,RWA,1998,Sub-Saharan Africa,7956.552,,677.1777523731386,0.302,70.22754664945913,-2.0,30.0
Rwanda,RWA,1999,Sub-Saharan Africa,8122.239,,713.8425746890729,0.32,70.22754664945913,-2.0,30.0
Rwanda,RWA,2000,Sub-Saharan Africa,8278.209,5.07,742.4311224807201,0.335,70.22754664945913,-2.0,30.0
Rwanda,RWA,2001,Sub-Saharan Africa,8467.241,4.89,774.5143902246316,0.345,70.22754664945913,-2.0,30.0
Rwanda,RWA,2002,Sub-Saharan Africa,8686.155,4.72,825.9120404828143,0.361,70.22754664945913,-2.0,30.0
Rwanda,RWA,2003,Sub-Saharan Africa,8897.149,5.6,813.6314228299425,0.374,70.22754664945913,-2.0,30.0
Rwanda,RWA,2004,Sub-Saharan Africa,9127.896,5.49,824.7245586496604,0.391,70.22754664945913,-2.0,30.0
Rwanda,RWA,2005,Sub-Saharan Africa,9378.226,5.49,860.5038948730815,0.408,70.22754664945913,-2.0,30.0
Rwanda,RWA,2006,Sub-Saharan Africa,9638.17,5.43,898.4070627515389,0.429,70.22754664945913,-2.0,30.0
Rwanda,RWA,2007,Sub-Saharan Africa,9907.509,5.37,943.0221057583698,0.445,70.22754664945913,-2.0,30.0
Rwanda,RWA,2008,Sub-Saharan Africa,10186.063,5.31,1020.0211799200536,0.455,70.22754664945913,-2.0,30.0
Rwanda,RWA,2009,Sub-Saharan Africa,10746.0,5.25,,0.47,70.22754664945913,-2.0,30.0
Rwanda,RWA,2010,Sub-Saharan Africa,,4.99,,0.485,70.22754664945913,-2.0,30.0
Rwanda,RWA,2011,Sub-Saharan Africa,,4.9,,0.493,70.22754664945913,-2.0,30.0
Rwanda,RWA,2012,Sub-Saharan Africa,,4.81,,0.5,70.22754664945913,-2.0,30.0
Rwanda,RWA,2013,Sub-Saharan Africa,,4.71,,0.503,70.22754664945913,-2.0,30.0
Rwanda,RWA,2014,Sub-Saharan Africa,,4.62,,0.509,70.22754664945913,-2.0,30.0
Rwanda,RWA,2015,Sub-Saharan Africa,,4.62,,0.51,70.22754664945913,-2.0,30.0
Rwanda,RWA,2016,Sub-Saharan Africa,,4.46,,0.52,70.22754664945913,-2.0,30.0
Rwanda,RWA,2017,Sub-Saharan Africa,,3.87,,0.524,70.22754664945913,-2.0,30.0
"Saint Helena, Ascension, and Tristan da Cunha",SHN,1960,Other,5.316,,,,68.98863466564454,-15.57,-5.42
"Saint Helena, Ascension, and Tristan da Cunha",SHN,1970,Other,5.676,,,,68.98863466564454,-15.57,-5.42
"Saint Helena, Ascension, and Tristan da Cunha",SHN,1980,Other,6.469,,,,68.98863466564454,-15.57,-5.42
"Saint Helena, Ascension, and Tristan da Cunha",SHN,1990,Other,6.681,,,,68.98863466564454,-15.57,-5.42
"Saint Helena, Ascension, and Tristan da Cunha",SHN,1991,Other,6.73,,,,68.98863466564454,-15.57,-5.42
"Saint Helena, Ascension, and Tristan da Cunha",SHN,1992,Other,6.782,,,,68.98863466564454,-15.57,-5.42
"Saint Helena, Ascension, and Tristan da Cunha",SHN,1993,Other,6.836,,,,68.98863466564454,-15.57,-5.42
"Saint Helena, Ascension, and Tristan da Cunha",SHN,1994,Other,6.89,,,,68.98863466564454,-15.57,-5.42
"Saint Helena, Ascension, and Tristan da Cunha",SHN,1995,Other,6.946,,,,68.98863466564454,-15.57,-5.42
"Saint Helena, Ascension, and Tristan da Cunha",SHN,1996,Other,7.003,,,,68.98863466564454,-15.57,-5.42
"Saint Helena, Ascension, and Tristan da Cunha",SHN,1997,Other,7.061,,,,68.98863466564454,-15.57,-5.42
"Saint Helena, Ascension, and Tristan da Cunha",SHN,1998,Other,7.118,,,,68.98863466564454,-15.57,-5.42
"Saint Helena, Ascension, and Tristan da Cunha",SHN,1999,Other,7.175,,,,68.98863466564454,-15.57,-5.42
"Saint Helena, Ascension, and Tristan da Cunha",SHN,2000,Other,7.23,1.53,,,68.98863466564454,-15.57,-5.42
"Saint Helena, Ascension, and Tristan da Cunha",SHN,2001,Other,7.283,1.53,,,68.98863466564454,-15.57,-5.42
"Saint Helena, Ascension, and Tristan da Cunha",SHN,2002,Other,7.335,1.53,,,68.98863466564454,-15.57,-5.42
"Saint Helena, Ascension, and Tristan da Cunha",SHN,2003,Other,7.386,1.54,,,68.98863466564454,-15.57,-5.42
"Saint Helena, Ascension, and Tristan da Cunha",SHN,2004,Other,7.434,1.54,,,68.98863466564454,-15.57,-5.42
"Saint Helena, Ascension, and Tristan da Cunha",SHN,2005,Other,7.479,1.54,,,68.98863466564454,-15.57,-5.42
"Saint Helena, Ascension, and Tristan da Cunha",SHN,2006,Other,7.522,1.55,,,68.98863466564454,-15.57,-5.42
"Saint Helena, Ascension, and Tristan da Cunha",SHN,2007,Other,7.563,1.55,,,68.98863466564454,-15.57,-5.42
"Saint Helena, Ascension, and Tristan da Cunha",SHN,2008,Other,7.601,1.56,,,68.98863466564454,-15.57,-5.42
"Saint Helena, Ascension, and Tristan da Cunha",SHN,2009,Other,8.0,1.56,,,68.98863466564454,-15.57,-5.42
"Saint Helena, Ascension, and Tristan da Cunha",SHN,2010,Other,,1.56,,,68.98863466564454,-15.57,-5.42
"Saint Helena, Ascension, and Tristan da Cunha",SHN,2011,Other,,1.57,,,68.98863466564454,-15.57,-5.42
"Saint Helena, Ascension, and Tristan da Cunha",SHN,2012,Other,,1.57,,,68.98863466564454,-15.57,-5.42
"Saint Helena, Ascension, and Tristan da Cunha",SHN,2013,Other,,1.57,,,68.98863466564454,-15.57,-5.42
"Saint Helena, Ascension, and Tristan da Cunha",SHN,2014,Other,,1.58,,,68.98863466564454,-15.57,-5.42
"Saint Helena, Ascension, and Tristan da Cunha",SHN,2015,Other,,1.58,,,68.98863466564454,-15.57,-5.42
"Saint Helena, Ascension, and Tristan da Cunha",SHN,2016,Other,,1.58,,,68.98863466564454,-15.57,-5.42
"Saint Helena, Ascension, and Tristan da Cunha",SHN,2017,Other,,1.59,,,68.98863466564454,-15.57,-5.42
Saint Lucia,LCA,1960,Latin America & Caribbean,87.687,,,,73.7106612352206,13.53,-60.58
Saint Lucia,LCA,1970,Latin America & Caribbean,102.704,,,,73.7106612352206,13.53,-60.58
Saint Lucia,LCA,1980,Latin America & Caribbean,122.477,,,,73.7106612352206,13.53,-60.58
Saint Lucia,LCA,1990,Latin America & Caribbean,137.561,,,,73.7106612352206,13.53,-60.58
Saint Lucia,LCA,1991,Latin America & Caribbean,139.171,,,,73.7106612352206,13.53,-60.58
Saint Lucia,LCA,1992,Latin America & Caribbean,140.992,,,,73.7106612352206,13.53,-60.58
Saint Lucia,LCA,1993,Latin America & Caribbean,142.793,,,,73.7106612352206,13.53,-60.58
Saint Lucia,LCA,1994,Latin America & Caribbean,144.635,,,,73.7106612352206,13.53,-60.58
Saint Lucia,LCA,1995,Latin America & Caribbean,146.496,,,,73.7106612352206,13.53,-60.58
Saint Lucia,LCA,1996,Latin America & Caribbean,148.172,,,,73.7106612352206,13.53,-60.58
Saint Lucia,LCA,1997,Latin America & Caribbean,149.715,,,,73.7106612352206,13.53,-60.58
Saint Lucia,LCA,1998,Latin America & Caribbean,151.022,,,,73.7106612352206,13.53,-60.58
Saint Lucia,LCA,1999,Latin America & Caribbean,152.114,,,,73.7106612352206,13.53,-60.58
Saint Lucia,LCA,2000,Latin America & Caribbean,153.302,2.42,,0.69,73.7106612352206,13.53,-60.58
Saint Lucia,LCA,2001,Latin America & Caribbean,154.4,2.38,,0.687,73.7106612352206,13.53,-60.58
Saint Lucia,LCA,2002,Latin America & Caribbean,155.297,2.34,,0.689,73.7106612352206,13.53,-60.58
Saint Lucia,LCA,2003,Latin America & Caribbean,156.008,2.29,,0.692,73.7106612352206,13.53,-60.58
Saint Lucia,LCA,2004,Latin America & Caribbean,156.657,2.21,,0.695,73.7106612352206,13.53,-60.58
Saint Lucia,LCA,2005,Latin America & Caribbean,157.371,2.21,,0.7,73.7106612352206,13.53,-60.58
Saint Lucia,LCA,2006,Latin America & Caribbean,158.128,2.18,,0.711,73.7106612352206,13.53,-60.58
Saint Lucia,LCA,2007,Latin America & Caribbean,158.875,2.15,,0.713,73.7106612352206,13.53,-60.58
Saint Lucia,LCA,2008,Latin America & Caribbean,159.585,1.86,,0.719,73.7106612352206,13.53,-60.58
Saint Lucia,LCA,2009,Latin America & Caribbean,160.0,1.84,,0.724,73.7106612352206,13.53,-60.58
Saint Lucia,LCA,2010,Latin America & Caribbean,,1.82,,0.731,73.7106612352206,13.53,-60.58
Saint Lucia,LCA,2011,Latin America & Caribbean,,1.81,,0.734,73.7106612352206,13.53,-60.58
Saint Lucia,LCA,2012,Latin America & Caribbean,,1.8,,0.73,73.7106612352206,13.53,-60.58
Saint Lucia,LCA,2013,Latin America & Caribbean,,1.78,,0.733,73.7106612352206,13.53,-60.58
Saint Lucia,LCA,2014,Latin America & Caribbean,,1.77,,0.737,73.7106612352206,13.53,-60.58
Saint Lucia,LCA,2015,Latin America & Caribbean,,1.77,,0.744,73.7106612352206,13.53,-60.58
Saint Lucia,LCA,2016,Latin America & Caribbean,,1.75,,0.745,73.7106612352206,13.53,-60.58
Saint Lucia,LCA,2017,Latin America & Caribbean,,1.75,,0.747,73.7106612352206,13.53,-60.58
Saint Vincent and the Grenadines,VCT,1960,Latin America & Caribbean,81.021,,,,63.4208640130815,13.15,-61.12
Saint Vincent and the Grenadines,VCT,1970,Latin America & Caribbean,87.51,,,,63.4208640130815,13.15,-61.12
Saint Vincent and the Grenadines,VCT,1980,Latin America & Caribbean,98.139,,,,63.4208640130815,13.15,-61.12
Saint Vincent and the Grenadines,VCT,1990,Latin America & Caribbean,107.385,,,,63.4208640130815,13.15,-61.12
Saint Vincent and the Grenadines,VCT,1991,Latin America & Caribbean,107.962,,,,63.4208640130815,13.15,-61.12
Saint Vincent and the Grenadines,VCT,1992,Latin America & Caribbean,108.224,,,,63.4208640130815,13.15,-61.12
Saint Vincent and the Grenadines,VCT,1993,Latin America & Caribbean,108.536,,,,63.4208640130815,13.15,-61.12
Saint Vincent and the Grenadines,VCT,1994,Latin America & Caribbean,108.691,,,,63.4208640130815,13.15,-61.12
Saint Vincent and the Grenadines,VCT,1995,Latin America & Caribbean,108.792,,,,63.4208640130815,13.15,-61.12
Saint Vincent and the Grenadines,VCT,1996,Latin America & Caribbean,108.768,,,,63.4208640130815,13.15,-61.12
Saint Vincent and the Grenadines,VCT,1997,Latin America & Caribbean,108.607,,,,63.4208640130815,13.15,-61.12
Saint Vincent and the Grenadines,VCT,1998,Latin America & Caribbean,108.404,,,,63.4208640130815,13.15,-61.12
Saint Vincent and the Grenadines,VCT,1999,Latin America & Caribbean,108.118,,,,63.4208640130815,13.15,-61.12
Saint Vincent and the Grenadines,VCT,2000,Latin America & Caribbean,107.861,2.11,,0.673,63.4208640130815,13.15,-61.12
Saint Vincent and the Grenadines,VCT,2001,Latin America & Caribbean,107.605,2.06,,0.677,63.4208640130815,13.15,-61.12
Saint Vincent and the Grenadines,VCT,2002,Latin America & Caribbean,107.262,2.01,,0.682,63.4208640130815,13.15,-61.12
Saint Vincent and the Grenadines,VCT,2003,Latin America & Caribbean,106.882,1.95,,0.689,63.4208640130815,13.15,-61.12
Saint Vincent and the Grenadines,VCT,2004,Latin America & Caribbean,106.479,1.85,,0.692,63.4208640130815,13.15,-61.12
Saint Vincent and the Grenadines,VCT,2005,Latin America & Caribbean,106.07,1.85,,0.697,63.4208640130815,13.15,-61.12
Saint Vincent and the Grenadines,VCT,2006,Latin America & Caribbean,105.685,1.83,,0.704,63.4208640130815,13.15,-61.12
Saint Vincent and the Grenadines,VCT,2007,Latin America & Caribbean,105.307,1.81,,0.709,63.4208640130815,13.15,-61.12
Saint Vincent and the Grenadines,VCT,2008,Latin America & Caribbean,104.938,1.79,,0.71,63.4208640130815,13.15,-61.12
Saint Vincent and the Grenadines,VCT,2009,Latin America & Caribbean,105.0,1.98,,0.713,63.4208640130815,13.15,-61.12
Saint Vincent and the Grenadines,VCT,2010,Latin America & Caribbean,,1.94,,0.715,63.4208640130815,13.15,-61.12
Saint Vincent and the Grenadines,VCT,2011,Latin America & Caribbean,,1.92,,0.717,63.4208640130815,13.15,-61.12
Saint Vincent and the Grenadines,VCT,2012,Latin America & Caribbean,,1.89,,0.718,63.4208640130815,13.15,-61.12
Saint Vincent and the Grenadines,VCT,2013,Latin America & Caribbean,,1.87,,0.721,63.4208640130815,13.15,-61.12
Saint Vincent and the Grenadines,VCT,2014,Latin America & Caribbean,,1.84,,0.72,63.4208640130815,13.15,-61.12
Saint Vincent and the Grenadines,VCT,2015,Latin America & Caribbean,,1.84,,0.72,63.4208640130815,13.15,-61.12
Saint Vincent and the Grenadines,VCT,2016,Latin America & Caribbean,,1.81,,0.721,63.4208640130815,13.15,-61.12
Saint Vincent and the Grenadines,VCT,2017,Latin America & Caribbean,,1.8,,0.723,63.4208640130815,13.15,-61.12
Samoa,WSM,1960,East Asia & Pacific,110.043,,,,83.96000000000001,-13.35,-172.2
Samoa,WSM,1970,East Asia & Pacific,142.331,,,,83.96000000000001,-13.35,-172.2
Samoa,WSM,1980,East Asia & Pacific,155.177,,,,83.96000000000001,-13.35,-172.2
Samoa,WSM,1990,East Asia & Pacific,172.257,,,0.62,83.96000000000001,-13.35,-172.2
Samoa,WSM,1991,East Asia & Pacific,174.807,,,0.622,83.96000000000001,-13.35,-172.2
Samoa,WSM,1992,East Asia & Pacific,176.814,,,0.624,83.96000000000001,-13.35,-172.2
Samoa,WSM,1993,East Asia & Pacific,179.835,,,0.63,83.96000000000001,-13.35,-172.2
Samoa,WSM,1994,East Asia & Pacific,183.998,,,0.611,83.96000000000001,-13.35,-172.2
Samoa,WSM,1995,East Asia & Pacific,186.417,,,0.618,83.96000000000001,-13.35,-172.2
Samoa,WSM,1996,East Asia & Pacific,187.648,,,0.628,83.96000000000001,-13.35,-172.2
Samoa,WSM,1997,East Asia & Pacific,190.001,,,0.63,83.96000000000001,-13.35,-172.2
Samoa,WSM,1998,East Asia & Pacific,192.326,,,0.636,83.96000000000001,-13.35,-172.2
Samoa,WSM,1999,East Asia & Pacific,194.564,,,0.642,83.96000000000001,-13.35,-172.2
Samoa,WSM,2000,East Asia & Pacific,196.769,3.5,,0.647,83.96000000000001,-13.35,-172.2
Samoa,WSM,2001,East Asia & Pacific,199.068,3.4,,0.654,83.96000000000001,-13.35,-172.2
Samoa,WSM,2002,East Asia & Pacific,201.451,3.3,,0.659,83.96000000000001,-13.35,-172.2
Samoa,WSM,2003,East Asia & Pacific,203.89,3.21,,0.663,83.96000000000001,-13.35,-172.2
Samoa,WSM,2004,East Asia & Pacific,206.385,3.01,,0.669,83.96000000000001,-13.35,-172.2
Samoa,WSM,2005,East Asia & Pacific,208.937,3.01,,0.673,83.96000000000001,-13.35,-172.2
Samoa,WSM,2006,East Asia & Pacific,211.554,2.94,,0.675,83.96000000000001,-13.35,-172.2
Samoa,WSM,2007,East Asia & Pacific,214.265,4.21,,0.681,83.96000000000001,-13.35,-172.2
Samoa,WSM,2008,East Asia & Pacific,217.083,4.18,,0.685,83.96000000000001,-13.35,-172.2
Samoa,WSM,2009,East Asia & Pacific,191.0,4.16,,0.687,83.96000000000001,-13.35,-172.2
Samoa,WSM,2010,East Asia & Pacific,,3.32,,0.693,83.96000000000001,-13.35,-172.2
Samoa,WSM,2011,East Asia & Pacific,,3.22,,0.697,83.96000000000001,-13.35,-172.2
Samoa,WSM,2012,East Asia & Pacific,,3.13,,0.697,83.96000000000001,-13.35,-172.2
Samoa,WSM,2013,East Asia & Pacific,,3.03,,0.7,83.96000000000001,-13.35,-172.2
Samoa,WSM,2014,East Asia & Pacific,,2.94,,0.703,83.96000000000001,-13.35,-172.2
Samoa,WSM,2015,East Asia & Pacific,,2.94,,0.706,83.96000000000001,-13.35,-172.2
Samoa,WSM,2016,East Asia & Pacific,,2.77,,0.711,83.96000000000001,-13.35,-172.2
Samoa,WSM,2017,East Asia & Pacific,,2.7,,0.713,83.96000000000001,-13.35,-172.2
Sao Tome and Principe,STP,1960,Sub-Saharan Africa,63.403,,867.4668391085596,,65.48916602135579,1.0,7.0
Sao Tome and Principe,STP,1970,Sub-Saharan Africa,73.631,,1439.6110333962597,,65.48916602135579,1.0,7.0
Sao Tome and Principe,STP,1980,Sub-Saharan Africa,94.071,,2009.12077048187,,65.48916602135579,1.0,7.0
Sao Tome and Principe,STP,1990,Sub-Saharan Africa,119.361,,1390.7390186074178,0.453,65.48916602135579,1.0,7.0
Sao Tome and Principe,STP,1991,Sub-Saharan Africa,122.503,,1355.068855456601,0.455,65.48916602135579,1.0,7.0
Sao Tome and Principe,STP,1992,Sub-Saharan Africa,125.821,,1327.2824091367897,0.458,65.48916602135579,1.0,7.0
Sao Tome and Principe,STP,1993,Sub-Saharan Africa,129.347,,1306.5629662844904,0.462,65.48916602135579,1.0,7.0
Sao Tome and Principe,STP,1994,Sub-Saharan Africa,133.084,,1299.9308707282617,0.466,65.48916602135579,1.0,7.0
Sao Tome and Principe,STP,1995,Sub-Saharan Africa,137.04,,1284.296555750146,0.469,65.48916602135579,1.0,7.0
Sao Tome and Principe,STP,1996,Sub-Saharan Africa,141.217,,1267.5527733913054,0.474,65.48916602135579,1.0,7.0
Sao Tome and Principe,STP,1997,Sub-Saharan Africa,145.601,,1243.123330196908,0.477,65.48916602135579,1.0,7.0
Sao Tome and Principe,STP,1998,Sub-Saharan Africa,150.186,,1231.8058940247424,0.481,65.48916602135579,1.0,7.0
Sao Tome and Principe,STP,1999,Sub-Saharan Africa,154.97,,1226.0437504033039,0.486,65.48916602135579,1.0,7.0
Sao Tome and Principe,STP,2000,Sub-Saharan Africa,159.948,6.08,1225.3982544326905,0.49,65.48916602135579,1.0,7.0
Sao Tome and Principe,STP,2001,Sub-Saharan Africa,165.123,6.02,1235.4426700096292,0.496,65.48916602135579,1.0,7.0
Sao Tome and Principe,STP,2002,Sub-Saharan Africa,170.486,5.95,1255.235033961733,0.499,65.48916602135579,1.0,7.0
Sao Tome and Principe,STP,2003,Sub-Saharan Africa,176.023,5.88,1295.2852752197157,0.505,65.48916602135579,1.0,7.0
Sao Tome and Principe,STP,2004,Sub-Saharan Africa,181.733,5.71,1331.6238657811184,0.51,65.48916602135579,1.0,7.0
Sao Tome and Principe,STP,2005,Sub-Saharan Africa,187.604,5.71,1364.576448263363,0.517,65.48916602135579,1.0,7.0
Sao Tome and Principe,STP,2006,Sub-Saharan Africa,193.634,5.62,1409.8763646880197,0.526,65.48916602135579,1.0,7.0
Sao Tome and Principe,STP,2007,Sub-Saharan Africa,199.827,5.53,1446.2510071211598,0.53,65.48916602135579,1.0,7.0
Sao Tome and Principe,STP,2008,Sub-Saharan Africa,206.178,5.43,1484.154468468993,0.53,65.48916602135579,1.0,7.0
Sao Tome and Principe,STP,2009,Sub-Saharan Africa,172.0,5.33,,0.538,65.48916602135579,1.0,7.0
Sao Tome and Principe,STP,2010,Sub-Saharan Africa,,5.21,,0.542,65.48916602135579,1.0,7.0
Sao Tome and Principe,STP,2011,Sub-Saharan Africa,,5.08,,0.548,65.48916602135579,1.0,7.0
Sao Tome and Principe,STP,2012,Sub-Saharan Africa,,4.94,,0.551,65.48916602135579,1.0,7.0
Sao Tome and Principe,STP,2013,Sub-Saharan Africa,,4.81,,0.56,65.48916602135579,1.0,7.0
Sao Tome and Principe,STP,2014,Sub-Saharan Africa,,4.67,,0.567,65.48916602135579,1.0,7.0
Sao Tome and Principe,STP,2015,Sub-Saharan Africa,,4.67,,0.58,65.48916602135579,1.0,7.0
Sao Tome and Principe,STP,2016,Sub-Saharan Africa,,4.4,,0.584,65.48916602135579,1.0,7.0
Sao Tome and Principe,STP,2017,Sub-Saharan Africa,,4.25,,0.589,65.48916602135579,1.0,7.0
Saudi Arabia,SAU,1960,Middle East & North Africa,4718.301,,3719.096730823886,,77.79257611451965,25.0,45.0
Saudi Arabia,SAU,1970,Middle East & North Africa,6109.051,,7623.636278628977,,77.79257611451965,25.0,45.0
Saudi Arabia,SAU,1980,Middle East & North Africa,9999.161,,13217.07828395595,,77.79257611451965,25.0,45.0
Saudi Arabia,SAU,1990,Middle East & North Africa,16060.761,,8993.22267481597,0.697,77.79257611451965,25.0,45.0
Saudi Arabia,SAU,1991,Middle East & North Africa,16305.774,,9602.168655103402,0.706,77.79257611451965,25.0,45.0
Saudi Arabia,SAU,1992,Middle East & North Africa,16945.857,,9498.178473711894,0.711,77.79257611451965,25.0,45.0
Saudi Arabia,SAU,1993,Middle East & North Africa,18057.781,,8859.83972952956,0.714,77.79257611451965,25.0,45.0
Saudi Arabia,SAU,1994,Middle East & North Africa,19109.664,,8415.166273985771,0.718,77.79257611451965,25.0,45.0
Saudi Arabia,SAU,1995,Middle East & North Africa,19967.943,,8091.168930119643,0.722,77.79257611451965,25.0,45.0
Saudi Arabia,SAU,1996,Middle East & North Africa,20625.871,,7942.210052608202,0.727,77.79257611451965,25.0,45.0
Saudi Arabia,SAU,1997,Middle East & North Africa,21228.305,,7871.848458932543,0.731,77.79257611451965,25.0,45.0
Saudi Arabia,SAU,1998,Middle East & North Africa,21839.81,,7783.355258127245,0.736,77.79257611451965,25.0,45.0
Saudi Arabia,SAU,1999,Middle East & North Africa,22478.802,,7509.163522148556,0.738,77.79257611451965,25.0,45.0
Saudi Arabia,SAU,2000,Middle East & North Africa,23146.685,6.3,7649.821129893978,0.743,77.79257611451965,25.0,45.0
Saudi Arabia,SAU,2001,Middle East & North Africa,23824.936,6.25,7469.191102968754,0.746,77.79257611451965,25.0,45.0
Saudi Arabia,SAU,2002,Middle East & North Africa,24492.137,6.21,7272.9872448451515,0.748,77.79257611451965,25.0,45.0
Saudi Arabia,SAU,2003,Middle East & North Africa,25145.83,6.15,7629.4160900634415,0.756,77.79257611451965,25.0,45.0
Saudi Arabia,SAU,2004,Middle East & North Africa,25783.87,4.05,7834.937113784704,0.765,77.79257611451965,25.0,45.0
Saudi Arabia,SAU,2005,Middle East & North Africa,26404.464,4.05,8079.239934580759,0.77,77.79257611451965,25.0,45.0
Saudi Arabia,SAU,2006,Middle East & North Africa,27005.774,4.0,8152.108508350844,0.777,77.79257611451965,25.0,45.0
Saudi Arabia,SAU,2007,Middle East & North Africa,27586.533,3.94,8243.841297491063,0.783,77.79257611451965,25.0,45.0
Saudi Arabia,SAU,2008,Middle East & North Africa,28146.657,3.89,8435.317913598052,0.791,77.79257611451965,25.0,45.0
Saudi Arabia,SAU,2009,Middle East & North Africa,28687.0,3.83,,0.796,77.79257611451965,25.0,45.0
Saudi Arabia,SAU,2010,Middle East & North Africa,,2.35,,0.808,77.79257611451965,25.0,45.0
Saudi Arabia,SAU,2011,Middle East & North Africa,,2.31,,0.823,77.79257611451965,25.0,45.0
Saudi Arabia,SAU,2012,Middle East & North Africa,,2.26,,0.835,77.79257611451965,25.0,45.0
Saudi Arabia,SAU,2013,Middle East & North Africa,,2.21,,0.844,77.79257611451965,25.0,45.0
Saudi Arabia,SAU,2014,Middle East & North Africa,,2.17,,0.852,77.79257611451965,25.0,45.0
Saudi Arabia,SAU,2015,Middle East & North Africa,,2.17,,0.854,77.79257611451965,25.0,45.0
Saudi Arabia,SAU,2016,Middle East & North Africa,,2.11,,0.854,77.79257611451965,25.0,45.0
Saudi Arabia,SAU,2017,Middle East & North Africa,,2.09,,0.853,77.79257611451965,25.0,45.0
Senegal,SEN,1960,Sub-Saharan Africa,3269.808,,1444.6390453789054,,60.000000000000014,14.0,-14.0
Senegal,SEN,1970,Sub-Saharan Africa,4317.891,,1435.173578240645,,60.000000000000014,14.0,-14.0
Senegal,SEN,1980,Sub-Saharan Africa,5787.32,,1268.1912476636114,,60.000000000000014,14.0,-14.0
Senegal,SEN,1990,Sub-Saharan Africa,8000.632,,1253.9009418255957,0.367,60.000000000000014,14.0,-14.0
Senegal,SEN,1991,Sub-Saharan Africa,8258.663,,1209.8655678285938,0.367,60.000000000000014,14.0,-14.0
Senegal,SEN,1992,Sub-Saharan Africa,8516.518,,1199.0455705019351,0.368,60.000000000000014,14.0,-14.0
Senegal,SEN,1993,Sub-Saharan Africa,8771.813,,1138.5372595097501,0.367,60.000000000000014,14.0,-14.0
Senegal,SEN,1994,Sub-Saharan Africa,9031.484,,1137.8705842845548,0.366,60.000000000000014,14.0,-14.0
Senegal,SEN,1995,Sub-Saharan Africa,9298.958,,1162.6033798625608,0.368,60.000000000000014,14.0,-14.0
Senegal,SEN,1996,Sub-Saharan Africa,9572.451,,1186.9478360348883,0.369,60.000000000000014,14.0,-14.0
Senegal,SEN,1997,Sub-Saharan Africa,9845.127,,1211.7669990442987,0.37,60.000000000000014,14.0,-14.0
Senegal,SEN,1998,Sub-Saharan Africa,10131.273,,1244.7596664308621,0.373,60.000000000000014,14.0,-14.0
Senegal,SEN,1999,Sub-Saharan Africa,10405.389,,1273.7630472056355,0.375,60.000000000000014,14.0,-14.0
Senegal,SEN,2000,Sub-Saharan Africa,10678.383,5.21,1313.1201606085865,0.38,60.000000000000014,14.0,-14.0
Senegal,SEN,2001,Sub-Saharan Africa,10980.2,5.12,1337.0430411103623,0.395,60.000000000000014,14.0,-14.0
Senegal,SEN,2002,Sub-Saharan Africa,11289.997,5.03,1314.7036265820088,0.4,60.000000000000014,14.0,-14.0
Senegal,SEN,2003,Sub-Saharan Africa,11609.992,4.93,1363.0500348320654,0.407,60.000000000000014,14.0,-14.0
Senegal,SEN,2004,Sub-Saharan Africa,11941.373,4.75,1402.100076766717,0.415,60.000000000000014,14.0,-14.0
Senegal,SEN,2005,Sub-Saharan Africa,12280.227,4.5,1439.7942318167245,0.422,60.000000000000014,14.0,-14.0
Senegal,SEN,2006,Sub-Saharan Africa,12627.393,4.38,1433.787639301319,0.427,60.000000000000014,14.0,-14.0
Senegal,SEN,2007,Sub-Saharan Africa,12981.931,5.0,1460.1833887423988,0.436,60.000000000000014,14.0,-14.0
Senegal,SEN,2008,Sub-Saharan Africa,13343.424,4.86,1456.1479872032846,0.445,60.000000000000014,14.0,-14.0
Senegal,SEN,2009,Sub-Saharan Africa,13712.0,4.95,,0.449,60.000000000000014,14.0,-14.0
Senegal,SEN,2010,Sub-Saharan Africa,,4.86,,0.456,60.000000000000014,14.0,-14.0
Senegal,SEN,2011,Sub-Saharan Africa,,4.78,,0.467,60.000000000000014,14.0,-14.0
Senegal,SEN,2012,Sub-Saharan Africa,,4.69,,0.476,60.000000000000014,14.0,-14.0
Senegal,SEN,2013,Sub-Saharan Africa,,4.61,,0.481,60.000000000000014,14.0,-14.0
Senegal,SEN,2014,Sub-Saharan Africa,,4.52,,0.486,60.000000000000014,14.0,-14.0
Senegal,SEN,2015,Sub-Saharan Africa,,4.52,,0.492,60.000000000000014,14.0,-14.0
Senegal,SEN,2016,Sub-Saharan Africa,,4.36,,0.499,60.000000000000014,14.0,-14.0
Senegal,SEN,2017,Sub-Saharan Africa,,4.28,,0.505,60.000000000000014,14.0,-14.0
Serbia,SRB,1960,Europe & Central Asia,7932.423,,,,89.7055641075155,44.0,21.0
Serbia,SRB,1970,Europe & Central Asia,8681.198,,,,89.7055641075155,44.0,21.0
Serbia,SRB,1980,Europe & Central Asia,9515.0,,,,89.7055641075155,44.0,21.0
Serbia,SRB,1990,Europe & Central Asia,10231.0,,5010.849379337308,0.718,89.7055641075155,44.0,21.0
Serbia,SRB,1991,Europe & Central Asia,10240.0,,4425.69765625,0.715,89.7055641075155,44.0,21.0
Serbia,SRB,1992,Europe & Central Asia,10266.0,,3182.846563802845,0.702,89.7055641075155,44.0,21.0
Serbia,SRB,1993,Europe & Central Asia,10307.0,,2193.7684247800526,0.685,89.7055641075155,44.0,21.0
Serbia,SRB,1994,Europe & Central Asia,10351.0,,2239.0542394998743,0.689,89.7055641075155,44.0,21.0
Serbia,SRB,1995,Europe & Central Asia,10391.0,,2366.4915705398957,0.695,89.7055641075155,44.0,21.0
Serbia,SRB,1996,Europe & Central Asia,10451.0,,2491.7267754415248,0.699,89.7055641075155,44.0,21.0
Serbia,SRB,1997,Europe & Central Asia,10473.0,,2670.493004236579,0.705,89.7055641075155,44.0,21.0
Serbia,SRB,1998,Europe & Central Asia,10342.0,,2771.9275830790884,0.708,89.7055641075155,44.0,21.0
Serbia,SRB,1999,Europe & Central Asia,10159.0,,2322.390725252469,0.704,89.7055641075155,44.0,21.0
Serbia,SRB,2000,Europe & Central Asia,10036.0,1.7,2501.3082991253077,0.711,89.7055641075155,44.0,21.0
Serbia,SRB,2001,Europe & Central Asia,9995.0,,2649.705077035795,0.716,89.7055641075155,44.0,21.0
Serbia,SRB,2002,Europe & Central Asia,10001.0,1.78,2748.743798648309,0.72,89.7055641075155,44.0,21.0
Serbia,SRB,2003,Europe & Central Asia,9997.0,1.77,2791.0912805077483,0.726,89.7055641075155,44.0,21.0
Serbia,SRB,2004,Europe & Central Asia,9987.0,1.67,2997.4967457695,0.734,89.7055641075155,44.0,21.0
Serbia,SRB,2005,Europe & Central Asia,9968.0,1.67,3188.6035313001603,0.742,89.7055641075155,44.0,21.0
Serbia,SRB,2006,Europe & Central Asia,9945.0,1.78,3380.593262946204,0.747,89.7055641075155,44.0,21.0
Serbia,SRB,2007,Europe & Central Asia,9917.0,1.69,3437.430674599173,0.751,89.7055641075155,44.0,21.0
Serbia,SRB,2008,Europe & Central Asia,9887.0,1.69,3620.2083544047737,0.757,89.7055641075155,44.0,21.0
Serbia,SRB,2009,Europe & Central Asia,9856.0,1.38,,0.759,89.7055641075155,44.0,21.0
Serbia,SRB,2010,Europe & Central Asia,,1.39,,0.759,89.7055641075155,44.0,21.0
Serbia,SRB,2011,Europe & Central Asia,,1.4,,0.769,89.7055641075155,44.0,21.0
Serbia,SRB,2012,Europe & Central Asia,,1.4,,0.768,89.7055641075155,44.0,21.0
Serbia,SRB,2013,Europe & Central Asia,,1.41,,0.771,89.7055641075155,44.0,21.0
Serbia,SRB,2014,Europe & Central Asia,,1.42,,0.775,89.7055641075155,44.0,21.0
Serbia,SRB,2015,Europe & Central Asia,,1.42,,0.78,89.7055641075155,44.0,21.0
Serbia,SRB,2016,Europe & Central Asia,,1.43,,0.785,89.7055641075155,44.0,21.0
Serbia,SRB,2017,Europe & Central Asia,,1.44,,0.787,89.7055641075155,44.0,21.0
Seychelles,SYC,1960,Sub-Saharan Africa,41.662,,2366.5239470203846,,78.75999999999999,-4.35,55.4
Seychelles,SYC,1970,Sub-Saharan Africa,54.106,,2569.9748132555183,,78.75999999999999,-4.35,55.4
Seychelles,SYC,1980,Sub-Saharan Africa,63.954,,4443.901248452443,,78.75999999999999,-4.35,55.4
Seychelles,SYC,1990,Sub-Saharan Africa,70.8,,5169.491525423729,,78.75999999999999,-4.35,55.4
Seychelles,SYC,1991,Sub-Saharan Africa,71.649,,5246.158355315496,,78.75999999999999,-4.35,55.4
Seychelles,SYC,1992,Sub-Saharan Africa,72.501,,5542.238838084991,,78.75999999999999,-4.35,55.4
Seychelles,SYC,1993,Sub-Saharan Africa,73.318,,5836.7115683733855,,78.75999999999999,-4.35,55.4
Seychelles,SYC,1994,Sub-Saharan Africa,74.133,,5638.514561666195,,78.75999999999999,-4.35,55.4
Seychelles,SYC,1995,Sub-Saharan Africa,74.931,,5605.156744204669,,78.75999999999999,-4.35,55.4
Seychelles,SYC,1996,Sub-Saharan Africa,75.714,,6101.909818527617,,78.75999999999999,-4.35,55.4
Seychelles,SYC,1997,Sub-Saharan Africa,76.405,,6779.661016949152,,78.75999999999999,-4.35,55.4
Seychelles,SYC,1998,Sub-Saharan Africa,77.174,,7100.8370694793575,,78.75999999999999,-4.35,55.4
Seychelles,SYC,1999,Sub-Saharan Africa,78.137,,6808.554206073947,,78.75999999999999,-4.35,55.4
Seychelles,SYC,2000,Sub-Saharan Africa,79.158,1.85,6367.012809823392,0.718,78.75999999999999,-4.35,55.4
Seychelles,SYC,2001,Sub-Saharan Africa,80.173,1.83,6149.2023499183015,0.714,78.75999999999999,-4.35,55.4
Seychelles,SYC,2002,Sub-Saharan Africa,81.125,1.81,6151.00154083205,0.716,78.75999999999999,-4.35,55.4
Seychelles,SYC,2003,Sub-Saharan Africa,82.049,1.79,5728.284317907592,0.717,78.75999999999999,-4.35,55.4
Seychelles,SYC,2004,Sub-Saharan Africa,82.97,1.75,5495.962396046763,0.715,78.75999999999999,-4.35,55.4
Seychelles,SYC,2005,Sub-Saharan Africa,83.886,1.75,5745.89323605846,0.73,78.75999999999999,-4.35,55.4
Seychelles,SYC,2006,Sub-Saharan Africa,84.798,1.74,5813.816363593481,0.72,78.75999999999999,-4.35,55.4
Seychelles,SYC,2007,Sub-Saharan Africa,85.702,1.74,6020.862990361952,0.741,78.75999999999999,-4.35,55.4
Seychelles,SYC,2008,Sub-Saharan Africa,86.595,1.73,6108.897742363878,0.741,78.75999999999999,-4.35,55.4
Seychelles,SYC,2009,Sub-Saharan Africa,87.0,1.93,,0.741,78.75999999999999,-4.35,55.4
Seychelles,SYC,2010,Sub-Saharan Africa,,1.92,,0.747,78.75999999999999,-4.35,55.4
Seychelles,SYC,2011,Sub-Saharan Africa,,1.91,,0.741,78.75999999999999,-4.35,55.4
Seychelles,SYC,2012,Sub-Saharan Africa,,1.9,,0.77,78.75999999999999,-4.35,55.4
Seychelles,SYC,2013,Sub-Saharan Africa,,1.89,,0.779,78.75999999999999,-4.35,55.4
Seychelles,SYC,2014,Sub-Saharan Africa,,1.88,,0.786,78.75999999999999,-4.35,55.4
Seychelles,SYC,2015,Sub-Saharan Africa,,1.88,,0.791,78.75999999999999,-4.35,55.4
Seychelles,SYC,2016,Sub-Saharan Africa,,1.86,,0.793,78.75999999999999,-4.35,55.4
Seychelles,SYC,2017,Sub-Saharan Africa,,1.85,,0.797,78.75999999999999,-4.35,55.4
Sierra Leone,SLE,1960,Sub-Saharan Africa,2396.304,,855.6482670516385,,59.99999999999999,8.3,-11.3
Sierra Leone,SLE,1970,Sub-Saharan Africa,2789.306,,1128.9070824707649,,59.99999999999999,8.3,-11.3
Sierra Leone,SLE,1980,Sub-Saharan Africa,3334.822,,1115.9182186012977,,59.99999999999999,8.3,-11.3
Sierra Leone,SLE,1990,Sub-Saharan Africa,4226.425,,1025.6895603258072,0.275,59.99999999999999,8.3,-11.3
Sierra Leone,SLE,1991,Sub-Saharan Africa,4339.902,,918.9608428946091,0.267,59.99999999999999,8.3,-11.3
Sierra Leone,SLE,1992,Sub-Saharan Africa,4267.269,,844.880601621318,0.264,59.99999999999999,8.3,-11.3
Sierra Leone,SLE,1993,Sub-Saharan Africa,4220.562,,855.0847334549285,0.269,59.99999999999999,8.3,-11.3
Sierra Leone,SLE,1994,Sub-Saharan Africa,4317.788,,865.0843828942042,0.271,59.99999999999999,8.3,-11.3
Sierra Leone,SLE,1995,Sub-Saharan Africa,4388.357,,766.0556948086037,0.274,59.99999999999999,8.3,-11.3
Sierra Leone,SLE,1996,Sub-Saharan Africa,4445.136,,568.711508489279,0.269,59.99999999999999,8.3,-11.3
Sierra Leone,SLE,1997,Sub-Saharan Africa,4584.839,,454.3234778800302,0.268,59.99999999999999,8.3,-11.3
Sierra Leone,SLE,1998,Sub-Saharan Africa,4679.617,,441.4891218661698,0.272,59.99999999999999,8.3,-11.3
Sierra Leone,SLE,1999,Sub-Saharan Africa,4705.961,,403.5307559922405,0.276,59.99999999999999,8.3,-11.3
Sierra Leone,SLE,2000,Sub-Saharan Africa,4815.613,6.08,409.2936870134705,0.284,59.99999999999999,8.3,-11.3
Sierra Leone,SLE,2001,Sub-Saharan Africa,5087.071,6.01,457.63072699398145,0.299,59.99999999999999,8.3,-11.3
Sierra Leone,SLE,2002,Sub-Saharan Africa,5365.473,5.94,553.1665148627158,0.315,59.99999999999999,8.3,-11.3
Sierra Leone,SLE,2003,Sub-Saharan Africa,5570.757,5.86,572.274109245835,0.325,59.99999999999999,8.3,-11.3
Sierra Leone,SLE,2004,Sub-Saharan Africa,5738.911,5.72,595.9318762740875,0.334,59.99999999999999,8.3,-11.3
Sierra Leone,SLE,2005,Sub-Saharan Africa,5874.481,6.15,623.5444458838151,0.342,59.99999999999999,8.3,-11.3
Sierra Leone,SLE,2006,Sub-Saharan Africa,6012.665,6.08,640.3150682767126,0.35,59.99999999999999,8.3,-11.3
Sierra Leone,SLE,2007,Sub-Saharan Africa,6152.359,6.01,665.7608894409444,0.363,59.99999999999999,8.3,-11.3
Sierra Leone,SLE,2008,Sub-Saharan Africa,6294.774,5.95,686.4424362177259,0.373,59.99999999999999,8.3,-11.3
Sierra Leone,SLE,2009,Sub-Saharan Africa,5132.0,5.88,,0.381,59.99999999999999,8.3,-11.3
Sierra Leone,SLE,2010,Sub-Saharan Africa,,4.97,,0.385,59.99999999999999,8.3,-11.3
Sierra Leone,SLE,2011,Sub-Saharan Africa,,4.94,,0.392,59.99999999999999,8.3,-11.3
Sierra Leone,SLE,2012,Sub-Saharan Africa,,4.9,,0.407,59.99999999999999,8.3,-11.3
Sierra Leone,SLE,2013,Sub-Saharan Africa,,4.87,,0.419,59.99999999999999,8.3,-11.3
Sierra Leone,SLE,2014,Sub-Saharan Africa,,4.83,,0.423,59.99999999999999,8.3,-11.3
Sierra Leone,SLE,2015,Sub-Saharan Africa,,4.83,,0.413,59.99999999999999,8.3,-11.3
Sierra Leone,SLE,2016,Sub-Saharan Africa,,4.76,,0.413,59.99999999999999,8.3,-11.3
Sierra Leone,SLE,2017,Sub-Saharan Africa,,4.73,,0.419,59.99999999999999,8.3,-11.3
Singapore,SGP,1960,East Asia & Pacific,1646.4,,2309.88824101069,,106.17427290427199,1.22,103.48
Singapore,SGP,1970,East Asia & Pacific,2074.507,,4439.126982941007,,106.17427290427199,1.22,103.48
Singapore,SGP,1980,East Asia & Pacific,2413.9,,9057.956004805501,,106.17427290427199,1.22,103.48
Singapore,SGP,1990,East Asia & Pacific,3047.1,,14220.078107052608,0.718,106.17427290427199,1.22,103.48
Singapore,SGP,1991,East Asia & Pacific,3144.576,,14710.796288197034,0.729,106.17427290427199,1.22,103.48
Singapore,SGP,1992,East Asia & Pacific,3235.865,,15252.464994026803,0.74,106.17427290427199,1.22,103.48
Singapore,SGP,1993,East Asia & Pacific,3328.154,,16647.031034976946,0.751,106.17427290427199,1.22,103.48
Singapore,SGP,1994,East Asia & Pacific,3427.979,,18005.35210470452,0.763,106.17427290427199,1.22,103.48
Singapore,SGP,1995,East Asia & Pacific,3542.866,,18822.2466936913,0.773,106.17427290427199,1.22,103.48
Singapore,SGP,1996,East Asia & Pacific,3672.284,,19638.080349188298,0.782,106.17427290427199,1.22,103.48
Singapore,SGP,1997,East Asia & Pacific,3802.309,,20588.355476200846,0.793,106.17427290427199,1.22,103.48
Singapore,SGP,1998,East Asia & Pacific,3904.528,,19861.42027835897,0.798,106.17427290427199,1.22,103.48
Singapore,SGP,1999,East Asia & Pacific,3967.753,,20885.566021850664,0.809,106.17427290427199,1.22,103.48
Singapore,SGP,2000,East Asia & Pacific,4036.753,1.16,22518.17002875932,0.819,106.17427290427199,1.22,103.48
Singapore,SGP,2001,East Asia & Pacific,4120.228,1.22,21641.661394077088,0.822,106.17427290427199,1.22,103.48
Singapore,SGP,2002,East Asia & Pacific,4197.776,1.23,21698.579640279397,0.83,106.17427290427199,1.22,103.48
Singapore,SGP,2003,East Asia & Pacific,4276.788,1.24,21958.067596523375,0.838,106.17427290427199,1.22,103.48
Singapore,SGP,2004,East Asia & Pacific,4353.893,1.05,23467.274000532394,0.845,106.17427290427199,1.22,103.48
Singapore,SGP,2005,East Asia & Pacific,4425.72,1.05,24771.788545140676,0.868,106.17427290427199,1.22,103.48
Singapore,SGP,2006,East Asia & Pacific,4492.15,1.06,26455.483454470577,0.871,106.17427290427199,1.22,103.48
Singapore,SGP,2007,East Asia & Pacific,4553.009,1.07,28137.87541381974,0.878,106.17427290427199,1.22,103.48
Singapore,SGP,2008,East Asia & Pacific,4608.167,1.08,28106.837273909558,0.883,106.17427290427199,1.22,103.48
Singapore,SGP,2009,East Asia & Pacific,4658.0,1.09,,0.884,106.17427290427199,1.22,103.48
Singapore,SGP,2010,East Asia & Pacific,,1.1,,0.909,106.17427290427199,1.22,103.48
Singapore,SGP,2011,East Asia & Pacific,,1.11,,0.914,106.17427290427199,1.22,103.48
Singapore,SGP,2012,East Asia & Pacific,,0.78,,0.92,106.17427290427199,1.22,103.48
Singapore,SGP,2013,East Asia & Pacific,,0.79,,0.923,106.17427290427199,1.22,103.48
Singapore,SGP,2014,East Asia & Pacific,,0.8,,0.928,106.17427290427199,1.22,103.48
Singapore,SGP,2015,East Asia & Pacific,,0.8,,0.929,106.17427290427199,1.22,103.48
Singapore,SGP,2016,East Asia & Pacific,,0.82,,0.93,106.17427290427199,1.22,103.48
Singapore,SGP,2017,East Asia & Pacific,,0.83,,0.932,106.17427290427199,1.22,103.48
Slovakia,SVK,1960,Europe & Central Asia,9659.818,,,,96.28279426727521,48.4,19.3
Slovakia,SVK,1970,Europe & Central Asia,9795.226,,,,96.28279426727521,48.4,19.3
Slovakia,SVK,1980,Europe & Central Asia,10288.726,,,,96.28279426727521,48.4,19.3
Slovakia,SVK,1990,Europe & Central Asia,10309.514,,8895.278671720122,0.739,96.28279426727521,48.4,19.3
Slovakia,SVK,1991,Europe & Central Asia,10305.158,,7865.42062882972,0.734,96.28279426727521,48.4,19.3
Slovakia,SVK,1992,Europe & Central Asia,10315.702,,7817.580118897919,0.733,96.28279426727521,48.4,19.3
Slovakia,SVK,1993,Europe & Central Asia,10326.434,,7814.28979156332,0.737,96.28279426727521,48.4,19.3
Slovakia,SVK,1994,Europe & Central Asia,10330.165,,7984.842240441681,0.743,96.28279426727521,48.4,19.3
Slovakia,SVK,1995,Europe & Central Asia,10323.83,,8464.140076205651,0.751,96.28279426727521,48.4,19.3
Slovakia,SVK,1996,Europe & Central Asia,10311.817,,8826.432748681036,0.754,96.28279426727521,48.4,19.3
Slovakia,SVK,1997,Europe & Central Asia,10300.707,,8771.709238926827,0.757,96.28279426727521,48.4,19.3
Slovakia,SVK,1998,Europe & Central Asia,10290.949,,8703.376141500652,0.763,96.28279426727521,48.4,19.3
Slovakia,SVK,1999,Europe & Central Asia,10280.436,,8825.209358824859,0.762,96.28279426727521,48.4,19.3
Slovakia,SVK,2000,Europe & Central Asia,10270.128,1.25,9155.582092063507,0.764,96.28279426727521,48.4,19.3
Slovakia,SVK,2001,Europe & Central Asia,10262.308,1.25,9400.90669662224,0.764,96.28279426727521,48.4,19.3
Slovakia,SVK,2002,Europe & Central Asia,10256.295,1.25,9573.340080409153,0.771,96.28279426727521,48.4,19.3
Slovakia,SVK,2003,Europe & Central Asia,10251.087,1.25,9923.728088543196,0.777,96.28279426727521,48.4,19.3
Slovakia,SVK,2004,Europe & Central Asia,10246.178,1.32,10376.356920600052,0.785,96.28279426727521,48.4,19.3
Slovakia,SVK,2005,Europe & Central Asia,10241.138,1.32,11035.49234469841,0.794,96.28279426727521,48.4,19.3
Slovakia,SVK,2006,Europe & Central Asia,10235.455,1.33,11792.441078584196,0.803,96.28279426727521,48.4,19.3
Slovakia,SVK,2007,Europe & Central Asia,10228.744,1.33,12520.012232195859,0.814,96.28279426727521,48.4,19.3
Slovakia,SVK,2008,Europe & Central Asia,10220.911,1.34,12867.93320086634,0.822,96.28279426727521,48.4,19.3
Slovakia,SVK,2009,Europe & Central Asia,10212.0,1.35,,0.824,96.28279426727521,48.4,19.3
Slovakia,SVK,2010,Europe & Central Asia,,1.36,,0.829,96.28279426727521,48.4,19.3
Slovakia,SVK,2011,Europe & Central Asia,,1.37,,0.837,96.28279426727521,48.4,19.3
Slovakia,SVK,2012,Europe & Central Asia,,1.38,,0.842,96.28279426727521,48.4,19.3
Slovakia,SVK,2013,Europe & Central Asia,,1.39,,0.844,96.28279426727521,48.4,19.3
Slovakia,SVK,2014,Europe & Central Asia,,1.39,,0.845,96.28279426727521,48.4,19.3
Slovakia,SVK,2015,Europe & Central Asia,,1.39,,0.851,96.28279426727521,48.4,19.3
Slovakia,SVK,2016,Europe & Central Asia,,1.4,,0.853,96.28279426727521,48.4,19.3
Slovakia,SVK,2017,Europe & Central Asia,,1.41,,0.855,96.28279426727521,48.4,19.3
Slovenia,SVN,1960,Europe & Central Asia,1557.756,,,,98.7002489200479,46.07,14.49
Slovenia,SVN,1970,Europe & Central Asia,1675.739,,,,98.7002489200479,46.07,14.49
Slovenia,SVN,1980,Europe & Central Asia,1833.0,,,,98.7002489200479,46.07,14.49
Slovenia,SVN,1990,Europe & Central Asia,1991.21,,10859.72850678733,0.767,98.7002489200479,46.07,14.49
Slovenia,SVN,1991,Europe & Central Asia,1999.48,,9852.293596335046,0.765,98.7002489200479,46.07,14.49
Slovenia,SVN,1992,Europe & Central Asia,1999.21,,9311.674851566368,0.766,98.7002489200479,46.07,14.49
Slovenia,SVN,1993,Europe & Central Asia,1999.926,,9568.974700783929,0.769,98.7002489200479,46.07,14.49
Slovenia,SVN,1994,Europe & Central Asia,2001.036,,10070.541002862677,0.775,98.7002489200479,46.07,14.49
Slovenia,SVN,1995,Europe & Central Asia,2002.827,,10474.05852065041,0.782,98.7002489200479,46.07,14.49
Slovenia,SVN,1996,Europe & Central Asia,2007.429,,10826.248591660918,0.788,98.7002489200479,46.07,14.49
Slovenia,SVN,1997,Europe & Central Asia,2011.612,,11322.315537263912,0.796,98.7002489200479,46.07,14.49
Slovenia,SVN,1998,Europe & Central Asia,2010.807,,11734.61481456858,0.805,98.7002489200479,46.07,14.49
Slovenia,SVN,1999,Europe & Central Asia,2009.653,,12398.868941891329,0.819,98.7002489200479,46.07,14.49
Slovenia,SVN,2000,Europe & Central Asia,2010.557,1.28,12876.632549159367,0.825,98.7002489200479,46.07,14.49
Slovenia,SVN,2001,Europe & Central Asia,2011.179,1.28,13220.211730661465,0.835,98.7002489200479,46.07,14.49
Slovenia,SVN,2002,Europe & Central Asia,2011.497,1.28,13654.319748492084,0.843,98.7002489200479,46.07,14.49
Slovenia,SVN,2003,Europe & Central Asia,2011.0,1.27,14225.758329189459,0.85,98.7002489200479,46.07,14.49
Slovenia,SVN,2004,Europe & Central Asia,2011.473,1.24,14854.785522848182,0.857,98.7002489200479,46.07,14.49
Slovenia,SVN,2005,Europe & Central Asia,2011.07,1.24,15496.72562367297,0.861,98.7002489200479,46.07,14.49
Slovenia,SVN,2006,Europe & Central Asia,2010.347,1.25,16417.066307458364,0.869,98.7002489200479,46.07,14.49
Slovenia,SVN,2007,Europe & Central Asia,2009.245,1.26,17542.90790819437,0.873,98.7002489200479,46.07,14.49
Slovenia,SVN,2008,Europe & Central Asia,2007.711,1.27,18170.443853721972,0.878,98.7002489200479,46.07,14.49
Slovenia,SVN,2009,Europe & Central Asia,2006.0,1.28,,0.878,98.7002489200479,46.07,14.49
Slovenia,SVN,2010,Europe & Central Asia,,1.29,,0.882,98.7002489200479,46.07,14.49
Slovenia,SVN,2011,Europe & Central Asia,,1.3,,0.884,98.7002489200479,46.07,14.49
Slovenia,SVN,2012,Europe & Central Asia,,1.31,,0.877,98.7002489200479,46.07,14.49
Slovenia,SVN,2013,Europe & Central Asia,,1.32,,0.885,98.7002489200479,46.07,14.49
Slovenia,SVN,2014,Europe & Central Asia,,1.33,,0.887,98.7002489200479,46.07,14.49
Slovenia,SVN,2015,Europe & Central Asia,,1.33,,0.889,98.7002489200479,46.07,14.49
Slovenia,SVN,2016,Europe & Central Asia,,1.35,,0.894,98.7002489200479,46.07,14.49
Slovenia,SVN,2017,Europe & Central Asia,,1.36,,0.896,98.7002489200479,46.07,14.49
Solomon Islands,SLB,1960,East Asia & Pacific,126.363,,,,83.96000000000001,-8.0,159.0
Solomon Islands,SLB,1970,East Asia & Pacific,163.0,,,,83.96000000000001,-8.0,159.0
Solomon Islands,SLB,1980,East Asia & Pacific,232.561,,,,83.96000000000001,-8.0,159.0
Solomon Islands,SLB,1990,East Asia & Pacific,334.604,,,,83.96000000000001,-8.0,159.0
Solomon Islands,SLB,1991,East Asia & Pacific,346.545,,,,83.96000000000001,-8.0,159.0
Solomon Islands,SLB,1992,East Asia & Pacific,358.789,,,,83.96000000000001,-8.0,159.0
Solomon Islands,SLB,1993,East Asia & Pacific,371.334,,,,83.96000000000001,-8.0,159.0
Solomon Islands,SLB,1994,East Asia & Pacific,384.177,,,,83.96000000000001,-8.0,159.0
Solomon Islands,SLB,1995,East Asia & Pacific,397.316,,,,83.96000000000001,-8.0,159.0
Solomon Islands,SLB,1996,East Asia & Pacific,410.719,,,,83.96000000000001,-8.0,159.0
Solomon Islands,SLB,1997,East Asia & Pacific,424.344,,,,83.96000000000001,-8.0,159.0
Solomon Islands,SLB,1998,East Asia & Pacific,438.164,,,,83.96000000000001,-8.0,159.0
Solomon Islands,SLB,1999,East Asia & Pacific,452.152,,,0.463,83.96000000000001,-8.0,159.0
Solomon Islands,SLB,2000,East Asia & Pacific,466.281,4.8,,0.45,83.96000000000001,-8.0,159.0
Solomon Islands,SLB,2001,East Asia & Pacific,480.531,4.65,,0.455,83.96000000000001,-8.0,159.0
Solomon Islands,SLB,2002,East Asia & Pacific,494.879,4.5,,0.462,83.96000000000001,-8.0,159.0
Solomon Islands,SLB,2003,East Asia & Pacific,509.286,4.34,,0.469,83.96000000000001,-8.0,159.0
Solomon Islands,SLB,2004,East Asia & Pacific,523.717,4.04,,0.477,83.96000000000001,-8.0,159.0
Solomon Islands,SLB,2005,East Asia & Pacific,538.133,4.04,,0.487,83.96000000000001,-8.0,159.0
Solomon Islands,SLB,2006,East Asia & Pacific,552.541,3.91,,0.497,83.96000000000001,-8.0,159.0
Solomon Islands,SLB,2007,East Asia & Pacific,566.948,3.78,,0.505,83.96000000000001,-8.0,159.0
Solomon Islands,SLB,2008,East Asia & Pacific,581.318,3.65,,0.504,83.96000000000001,-8.0,159.0
Solomon Islands,SLB,2009,East Asia & Pacific,596.0,3.52,,0.497,83.96000000000001,-8.0,159.0
Solomon Islands,SLB,2010,East Asia & Pacific,,3.67,,0.507,83.96000000000001,-8.0,159.0
Solomon Islands,SLB,2011,East Asia & Pacific,,3.59,,0.514,83.96000000000001,-8.0,159.0
Solomon Islands,SLB,2012,East Asia & Pacific,,3.51,,0.529,83.96000000000001,-8.0,159.0
Solomon Islands,SLB,2013,East Asia & Pacific,,3.44,,0.539,83.96000000000001,-8.0,159.0
Solomon Islands,SLB,2014,East Asia & Pacific,,3.36,,0.539,83.96000000000001,-8.0,159.0
Solomon Islands,SLB,2015,East Asia & Pacific,,3.36,,0.546,83.96000000000001,-8.0,159.0
Solomon Islands,SLB,2016,East Asia & Pacific,,3.22,,0.543,83.96000000000001,-8.0,159.0
Solomon Islands,SLB,2017,East Asia & Pacific,,3.16,,0.546,83.96000000000001,-8.0,159.0
Somalia,SOM,1960,Sub-Saharan Africa,2955.803,,1277.1487139027872,,67.67491892113637,10.0,49.0
Somalia,SOM,1970,Sub-Saharan Africa,3666.949,,1138.2759891124747,,67.67491892113637,10.0,49.0
Somalia,SOM,1980,Sub-Saharan Africa,5793.555,,1036.4965897449838,,67.67491892113637,10.0,49.0
Somalia,SOM,1990,Sub-Saharan Africa,6692.038,,1080.537797304797,,67.67491892113637,10.0,49.0
Somalia,SOM,1991,Sub-Saharan Africa,6464.481,,1006.2679432424661,,67.67491892113637,10.0,49.0
Somalia,SOM,1992,Sub-Saharan Africa,6116.213,,905.1352528108488,,67.67491892113637,10.0,49.0
Somalia,SOM,1993,Sub-Saharan Africa,6101.016,,907.3898511329917,,67.67491892113637,10.0,49.0
Somalia,SOM,1994,Sub-Saharan Africa,6264.44,,910.0574033752418,,67.67491892113637,10.0,49.0
Somalia,SOM,1995,Sub-Saharan Africa,6400.722,,916.6153443314677,,67.67491892113637,10.0,49.0
Somalia,SOM,1996,Sub-Saharan Africa,6574.263,,919.9510272101983,,67.67491892113637,10.0,49.0
Somalia,SOM,1997,Sub-Saharan Africa,6751.083,,895.2637673096302,,67.67491892113637,10.0,49.0
Somalia,SOM,1998,Sub-Saharan Africa,6965.204,,867.7419929121961,,67.67491892113637,10.0,49.0
Somalia,SOM,1999,Sub-Saharan Africa,7171.019,,857.7581512474028,,67.67491892113637,10.0,49.0
Somalia,SOM,2000,Sub-Saharan Africa,7385.722,7.18,847.5813197409814,,67.67491892113637,10.0,49.0
Somalia,SOM,2001,Sub-Saharan Africa,7626.767,7.11,835.3474021167816,,67.67491892113637,10.0,49.0
Somalia,SOM,2002,Sub-Saharan Africa,7896.78,7.05,847.9405529848875,,67.67491892113637,10.0,49.0
Somalia,SOM,2003,Sub-Saharan Africa,8174.244,6.98,860.9970536724865,,67.67491892113637,10.0,49.0
Somalia,SOM,2004,Sub-Saharan Africa,8459.467,6.84,878.5423478807825,,67.67491892113637,10.0,49.0
Somalia,SOM,2005,Sub-Saharan Africa,8752.449,6.84,896.6633224598052,,67.67491892113637,10.0,49.0
Somalia,SOM,2006,Sub-Saharan Africa,9030.18,6.76,918.1433814165388,,67.67491892113637,10.0,49.0
Somalia,SOM,2007,Sub-Saharan Africa,9291.609,6.68,949.5664313898701,,67.67491892113637,10.0,49.0
Somalia,SOM,2008,Sub-Saharan Africa,9558.666,6.6,978.065349286187,,67.67491892113637,10.0,49.0
Somalia,SOM,2009,Sub-Saharan Africa,9832.0,6.52,,,67.67491892113637,10.0,49.0
Somalia,SOM,2010,Sub-Saharan Africa,,6.44,,,67.67491892113637,10.0,49.0
Somalia,SOM,2011,Sub-Saharan Africa,,6.35,,,67.67491892113637,10.0,49.0
Somalia,SOM,2012,Sub-Saharan Africa,,6.26,,,67.67491892113637,10.0,49.0
Somalia,SOM,2013,Sub-Saharan Africa,,6.17,,,67.67491892113637,10.0,49.0
Somalia,SOM,2014,Sub-Saharan Africa,,6.08,,,67.67491892113637,10.0,49.0
Somalia,SOM,2015,Sub-Saharan Africa,,6.08,,,67.67491892113637,10.0,49.0
Somalia,SOM,2016,Sub-Saharan Africa,,5.89,,,67.67491892113637,10.0,49.0
Somalia,SOM,2017,Sub-Saharan Africa,,5.8,,,67.67491892113637,10.0,49.0
South Africa,ZAF,1960,Sub-Saharan Africa,17416.653,,3041.4726678782977,,69.79818526640575,-29.0,24.0
South Africa,ZAF,1970,Sub-Saharan Africa,22739.921,,4045.147592300034,,69.79818526640575,-29.0,24.0
South Africa,ZAF,1980,Sub-Saharan Africa,29251.588,,4390.036716198205,,69.79818526640575,-29.0,24.0
South Africa,ZAF,1990,Sub-Saharan Africa,38476.273,,3833.765292184095,0.618,69.79818526640575,-29.0,24.0
South Africa,ZAF,1991,Sub-Saharan Africa,39299.521,,3715.9208632593763,0.626,69.79818526640575,-29.0,24.0
South Africa,ZAF,1992,Sub-Saharan Africa,40091.067,,3566.061184901863,0.635,69.79818526640575,-29.0,24.0
South Africa,ZAF,1993,Sub-Saharan Africa,40940.611,,3533.9678800758493,0.641,69.79818526640575,-29.0,24.0
South Africa,ZAF,1994,Sub-Saharan Africa,41661.556,,3583.943288175549,0.645,69.79818526640575,-29.0,24.0
South Africa,ZAF,1995,Sub-Saharan Africa,42227.921,,3645.5026995053818,0.649,69.79818526640575,-29.0,24.0
South Africa,ZAF,1996,Sub-Saharan Africa,42793.959,,3751.9548027795227,0.647,69.79818526640575,-29.0,24.0
South Africa,ZAF,1997,Sub-Saharan Africa,43353.632,,3800.9733532821424,0.644,69.79818526640575,-29.0,24.0
South Africa,ZAF,1998,Sub-Saharan Africa,43961.924,,3777.223217073029,0.639,69.79818526640575,-29.0,24.0
South Africa,ZAF,1999,Sub-Saharan Africa,44526.272,,3807.6621370861685,0.634,69.79818526640575,-29.0,24.0
South Africa,ZAF,2000,Sub-Saharan Africa,45064.098,2.47,3890.1255718021916,0.63,69.79818526640575,-29.0,24.0
South Africa,ZAF,2001,Sub-Saharan Africa,45576.215,2.43,3950.2622146222548,0.61,69.79818526640575,-29.0,24.0
South Africa,ZAF,2002,Sub-Saharan Africa,46076.953,2.38,4048.010726750964,0.617,69.79818526640575,-29.0,24.0
South Africa,ZAF,2003,Sub-Saharan Africa,46566.626,2.24,4129.609905600634,0.615,69.79818526640575,-29.0,24.0
South Africa,ZAF,2004,Sub-Saharan Africa,47032.866,2.24,4156.093740917256,0.613,69.79818526640575,-29.0,24.0
South Africa,ZAF,2005,Sub-Saharan Africa,47483.447,2.24,4315.861904465361,0.614,69.79818526640575,-29.0,24.0
South Africa,ZAF,2006,Sub-Saharan Africa,47925.669,2.2,4502.660150659555,0.616,69.79818526640575,-29.0,24.0
South Africa,ZAF,2007,Sub-Saharan Africa,48367.131,2.16,4689.093508564732,0.621,69.79818526640575,-29.0,24.0
South Africa,ZAF,2008,Sub-Saharan Africa,48782.755,2.43,4793.2717207136,0.633,69.79818526640575,-29.0,24.0
South Africa,ZAF,2009,Sub-Saharan Africa,49052.0,2.38,,0.642,69.79818526640575,-29.0,24.0
South Africa,ZAF,2010,Sub-Saharan Africa,,2.33,,0.649,69.79818526640575,-29.0,24.0
South Africa,ZAF,2011,Sub-Saharan Africa,,2.3,,0.657,69.79818526640575,-29.0,24.0
South Africa,ZAF,2012,Sub-Saharan Africa,,2.28,,0.664,69.79818526640575,-29.0,24.0
South Africa,ZAF,2013,Sub-Saharan Africa,,2.25,,0.675,69.79818526640575,-29.0,24.0
South Africa,ZAF,2014,Sub-Saharan Africa,,2.23,,0.685,69.79818526640575,-29.0,24.0
South Africa,ZAF,2015,Sub-Saharan Africa,,2.23,,0.692,69.79818526640575,-29.0,24.0
South Africa,ZAF,2016,Sub-Saharan Africa,,2.31,,0.696,69.79818526640575,-29.0,24.0
South Africa,ZAF,2017,Sub-Saharan Africa,,2.29,,0.699,69.79818526640575,-29.0,24.0
South Sudan,SSD,1960,Sub-Saharan Africa,,,,,60.114141404905396,8.0,30.0
South Sudan,SSD,1970,Sub-Saharan Africa,,,,,60.114141404905396,8.0,30.0
South Sudan,SSD,1980,Sub-Saharan Africa,,,,,60.114141404905396,8.0,30.0
South Sudan,SSD,1990,Sub-Saharan Africa,,,,,60.114141404905396,8.0,30.0
South Sudan,SSD,1991,Sub-Saharan Africa,,,,,60.114141404905396,8.0,30.0
South Sudan,SSD,1992,Sub-Saharan Africa,,,,,60.114141404905396,8.0,30.0
South Sudan,SSD,1993,Sub-Saharan Africa,,,,,60.114141404905396,8.0,30.0
South Sudan,SSD,1994,Sub-Saharan Africa,,,,,60.114141404905396,8.0,30.0
South Sudan,SSD,1995,Sub-Saharan Africa,,,,,60.114141404905396,8.0,30.0
South Sudan,SSD,1996,Sub-Saharan Africa,,,,,60.114141404905396,8.0,30.0
South Sudan,SSD,1997,Sub-Saharan Africa,,,,,60.114141404905396,8.0,30.0
South Sudan,SSD,1998,Sub-Saharan Africa,,,,,60.114141404905396,8.0,30.0
South Sudan,SSD,1999,Sub-Saharan Africa,,,,,60.114141404905396,8.0,30.0
South Sudan,SSD,2000,Sub-Saharan Africa,,,,,60.114141404905396,8.0,30.0
South Sudan,SSD,2001,Sub-Saharan Africa,,,,,60.114141404905396,8.0,30.0
South Sudan,SSD,2002,Sub-Saharan Africa,,,,,60.114141404905396,8.0,30.0
South Sudan,SSD,2003,Sub-Saharan Africa,,,,,60.114141404905396,8.0,30.0
South Sudan,SSD,2004,Sub-Saharan Africa,,,,,60.114141404905396,8.0,30.0
South Sudan,SSD,2005,Sub-Saharan Africa,,,,,60.114141404905396,8.0,30.0
South Sudan,SSD,2006,Sub-Saharan Africa,,,,,60.114141404905396,8.0,30.0
South Sudan,SSD,2007,Sub-Saharan Africa,,,,,60.114141404905396,8.0,30.0
South Sudan,SSD,2008,Sub-Saharan Africa,,,,,60.114141404905396,8.0,30.0
South Sudan,SSD,2009,Sub-Saharan Africa,,,,,60.114141404905396,8.0,30.0
South Sudan,SSD,2010,Sub-Saharan Africa,,,,0.413,60.114141404905396,8.0,30.0
South Sudan,SSD,2011,Sub-Saharan Africa,,,,0.416,60.114141404905396,8.0,30.0
South Sudan,SSD,2012,Sub-Saharan Africa,,5.66,,0.388,60.114141404905396,8.0,30.0
South Sudan,SSD,2013,Sub-Saharan Africa,,5.54,,0.392,60.114141404905396,8.0,30.0
South Sudan,SSD,2014,Sub-Saharan Africa,,5.43,,0.397,60.114141404905396,8.0,30.0
South Sudan,SSD,2015,Sub-Saharan Africa,,5.43,,0.399,60.114141404905396,8.0,30.0
South Sudan,SSD,2016,Sub-Saharan Africa,,5.19,,0.394,60.114141404905396,8.0,30.0
South Sudan,SSD,2017,Sub-Saharan Africa,,5.07,,0.388,60.114141404905396,8.0,30.0
Spain,ESP,1960,Europe & Central Asia,30641.187,,3071.649933143908,,94.02186309478378,40.0,-4.0
Spain,ESP,1970,Europe & Central Asia,33876.479,,6319.133697454214,,94.02186309478378,40.0,-4.0
Spain,ESP,1980,Europe & Central Asia,37488.36,,9202.509792372886,,94.02186309478378,40.0,-4.0
Spain,ESP,1990,Europe & Central Asia,39350.769,,12054.808890774155,0.754,94.02186309478378,40.0,-4.0
Spain,ESP,1991,Europe & Central Asia,39461.418,,12327.06195601531,0.764,94.02186309478378,40.0,-4.0
Spain,ESP,1992,Europe & Central Asia,39549.438,,12413.917676939862,0.772,94.02186309478378,40.0,-4.0
Spain,ESP,1993,Europe & Central Asia,39627.587,,12261.63942287111,0.782,94.02186309478378,40.0,-4.0
Spain,ESP,1994,Europe & Central Asia,39690.971,,12533.812202205516,0.791,94.02186309478378,40.0,-4.0
Spain,ESP,1995,Europe & Central Asia,39749.715,,12860.397895744887,0.8,94.02186309478378,40.0,-4.0
Spain,ESP,1996,Europe & Central Asia,39803.829,,13152.49525516,0.806,94.02186309478378,40.0,-4.0
Spain,ESP,1997,Europe & Central Asia,39855.442,,13643.24990259365,0.81,94.02186309478378,40.0,-4.0
Spain,ESP,1998,Europe & Central Asia,39906.235,,14236.246541423914,0.814,94.02186309478378,40.0,-4.0
Spain,ESP,1999,Europe & Central Asia,39953.263,,14871.801584766681,0.819,94.02186309478378,40.0,-4.0
Spain,ESP,2000,Europe & Central Asia,40016.081,1.15,15621.719678146395,0.825,94.02186309478378,40.0,-4.0
Spain,ESP,2001,Europe & Central Asia,40087.104,1.15,16163.32773751878,0.828,94.02186309478378,40.0,-4.0
Spain,ESP,2002,Europe & Central Asia,40152.517,1.16,16572.834026818295,0.83,94.02186309478378,40.0,-4.0
Spain,ESP,2003,Europe & Central Asia,40217.413,1.26,17059.17782429218,0.833,94.02186309478378,40.0,-4.0
Spain,ESP,2004,Europe & Central Asia,40280.78,1.28,17588.189702384116,0.837,94.02186309478378,40.0,-4.0
Spain,ESP,2005,Europe & Central Asia,40341.462,1.28,18193.96133932875,0.844,94.02186309478378,40.0,-4.0
Spain,ESP,2006,Europe & Central Asia,40397.842,1.28,18895.316239912023,0.848,94.02186309478378,40.0,-4.0
Spain,ESP,2007,Europe & Central Asia,40448.191,1.29,19551.158666156418,0.853,94.02186309478378,40.0,-4.0
Spain,ESP,2008,Europe & Central Asia,40491.051,1.3,19706.255587191354,0.856,94.02186309478378,40.0,-4.0
Spain,ESP,2009,Europe & Central Asia,40525.0,1.31,,0.858,94.02186309478378,40.0,-4.0
Spain,ESP,2010,Europe & Central Asia,,1.47,,0.865,94.02186309478378,40.0,-4.0
Spain,ESP,2011,Europe & Central Asia,,1.47,,0.87,94.02186309478378,40.0,-4.0
Spain,ESP,2012,Europe & Central Asia,,1.48,,0.873,94.02186309478378,40.0,-4.0
Spain,ESP,2013,Europe & Central Asia,,1.48,,0.875,94.02186309478378,40.0,-4.0
Spain,ESP,2014,Europe & Central Asia,,1.48,,0.88,94.02186309478378,40.0,-4.0
Spain,ESP,2015,Europe & Central Asia,,1.48,,0.885,94.02186309478378,40.0,-4.0
Spain,ESP,2016,Europe & Central Asia,,1.49,,0.889,94.02186309478378,40.0,-4.0
Spain,ESP,2017,Europe & Central Asia,,1.5,,0.891,94.02186309478378,40.0,-4.0
Sri Lanka,LKA,1960,South Asia,9913.489,,1295.3058201809674,,86.61811035157457,7.0,81.0
Sri Lanka,LKA,1970,South Asia,12618.72,,1498.7257027654152,,86.61811035157457,7.0,81.0
Sri Lanka,LKA,1980,South Asia,15055.97,,1829.838927681179,,86.61811035157457,7.0,81.0
Sri Lanka,LKA,1990,South Asia,17365.08,,2423.77230626061,0.625,86.61811035157457,7.0,81.0
Sri Lanka,LKA,1991,South Asia,17559.048,,2507.2602127737223,0.63,86.61811035157457,7.0,81.0
Sri Lanka,LKA,1992,South Asia,17755.61,,2586.110723947909,0.635,86.61811035157457,7.0,81.0
Sri Lanka,LKA,1993,South Asia,17997.15,,2727.4557314003187,0.637,86.61811035157457,7.0,81.0
Sri Lanka,LKA,1994,South Asia,18247.057,,2840.7516290393055,0.646,86.61811035157457,7.0,81.0
Sri Lanka,LKA,1995,South Asia,18475.882,,2959.881075533838,0.65,86.61811035157457,7.0,81.0
Sri Lanka,LKA,1996,South Asia,18679.668,,3038.841559740032,0.655,86.61811035157457,7.0,81.0
Sri Lanka,LKA,1997,South Asia,18868.199,,3201.0192676030106,0.662,86.61811035157457,7.0,81.0
Sri Lanka,LKA,1998,South Asia,19055.66,,3318.4987481446065,0.668,86.61811035157457,7.0,81.0
Sri Lanka,LKA,1999,South Asia,19241.035,,3427.8472646173814,0.676,86.61811035157457,7.0,81.0
Sri Lanka,LKA,2000,South Asia,19435.869,1.98,3597.094973253476,0.685,86.61811035157457,7.0,81.0
Sri Lanka,LKA,2001,South Asia,19646.267,1.95,3503.5941602121366,0.691,86.61811035157457,7.0,81.0
Sri Lanka,LKA,2002,South Asia,19870.066,1.93,3601.4737117933123,0.697,86.61811035157457,7.0,81.0
Sri Lanka,LKA,2003,South Asia,20097.485,1.9,3770.9345935797483,0.705,86.61811035157457,7.0,81.0
Sri Lanka,LKA,2004,South Asia,20303.267,1.85,3934.1451796895544,0.711,86.61811035157457,7.0,81.0
Sri Lanka,LKA,2005,South Asia,20504.264,1.85,4137.090704645629,0.718,86.61811035157457,7.0,81.0
Sri Lanka,LKA,2006,South Asia,20717.932,1.84,4409.706528624575,0.724,86.61811035157457,7.0,81.0
Sri Lanka,LKA,2007,South Asia,20926.315,2.05,4662.693837878289,0.73,86.61811035157457,7.0,81.0
Sri Lanka,LKA,2008,South Asia,21128.773,2.02,4895.078384343473,0.738,86.61811035157457,7.0,81.0
Sri Lanka,LKA,2009,South Asia,21325.0,1.99,,0.74,86.61811035157457,7.0,81.0
Sri Lanka,LKA,2010,South Asia,,1.96,,0.745,86.61811035157457,7.0,81.0
Sri Lanka,LKA,2011,South Asia,,2.2,,0.751,86.61811035157457,7.0,81.0
Sri Lanka,LKA,2012,South Asia,,2.17,,0.757,86.61811035157457,7.0,81.0
Sri Lanka,LKA,2013,South Asia,,2.15,,0.759,86.61811035157457,7.0,81.0
Sri Lanka,LKA,2014,South Asia,,2.13,,0.763,86.61811035157457,7.0,81.0
Sri Lanka,LKA,2015,South Asia,,2.13,,0.766,86.61811035157457,7.0,81.0
Sri Lanka,LKA,2016,South Asia,,2.09,,0.768,86.61811035157457,7.0,81.0
Sri Lanka,LKA,2017,South Asia,,2.07,,0.77,86.61811035157457,7.0,81.0
Sudan,SDN,1960,Sub-Saharan Africa,10588.993,,1023.5380325371464,,77.95458516472871,15.0,30.0
Sudan,SDN,1970,Sub-Saharan Africa,13787.599,,888.181194098597,,77.95458516472871,15.0,30.0
Sudan,SDN,1980,Sub-Saharan Africa,19063.992,,931.46945353054,,77.95458516472871,15.0,30.0
Sudan,SDN,1990,Sub-Saharan Africa,26049.595,,759.8198743588912,0.331,77.95458516472871,15.0,30.0
Sudan,SDN,1991,Sub-Saharan Africa,26943.48,,786.03469188093,0.336,77.95458516472871,15.0,30.0
Sudan,SDN,1992,Sub-Saharan Africa,27850.996,,799.9639409664201,0.345,77.95458516472871,15.0,30.0
Sudan,SDN,1993,Sub-Saharan Africa,28581.708,,801.3386292575658,0.352,77.95458516472871,15.0,30.0
Sudan,SDN,1994,Sub-Saharan Africa,29349.074,,796.004671220632,0.359,77.95458516472871,15.0,30.0
Sudan,SDN,1995,Sub-Saharan Africa,30140.588,,798.3586783376621,0.366,77.95458516472871,15.0,30.0
Sudan,SDN,1996,Sub-Saharan Africa,30811.951,,819.2275782861008,0.375,77.95458516472871,15.0,30.0
Sudan,SDN,1997,Sub-Saharan Africa,31585.173,,879.0833597777033,0.384,77.95458516472871,15.0,30.0
Sudan,SDN,1998,Sub-Saharan Africa,32510.747,,905.3006379705764,0.39,77.95458516472871,15.0,30.0
Sudan,SDN,1999,Sub-Saharan Africa,33345.196,,950.6316891944495,0.396,77.95458516472871,15.0,30.0
Sudan,SDN,2000,Sub-Saharan Africa,34193.831,5.47,1016.9378213280636,0.402,77.95458516472871,15.0,30.0
Sudan,SDN,2001,Sub-Saharan Africa,35063.397,5.35,1052.2083755889369,0.408,77.95458516472871,15.0,30.0
Sudan,SDN,2002,Sub-Saharan Africa,35909.122,5.22,1089.0826013512667,0.414,77.95458516472871,15.0,30.0
Sudan,SDN,2003,Sub-Saharan Africa,36592.664,5.1,1144.6010052725323,0.42,77.95458516472871,15.0,30.0
Sudan,SDN,2004,Sub-Saharan Africa,37096.866,4.85,1186.650106777214,0.429,77.95458516472871,15.0,30.0
Sudan,SDN,2005,Sub-Saharan Africa,37762.842,4.85,1239.1546165937407,0.436,77.95458516472871,15.0,30.0
Sudan,SDN,2006,Sub-Saharan Africa,38574.264,4.72,1350.1748212227715,0.446,77.95458516472871,15.0,30.0
Sudan,SDN,2007,Sub-Saharan Africa,39379.358,4.69,1457.4640856257736,0.451,77.95458516472871,15.0,30.0
Sudan,SDN,2008,Sub-Saharan Africa,40218.455,4.58,1524.1013112015366,0.463,77.95458516472871,15.0,30.0
Sudan,SDN,2009,Sub-Saharan Africa,41088.0,4.48,,0.468,77.95458516472871,15.0,30.0
Sudan,SDN,2010,Sub-Saharan Africa,,4.93,,0.47,77.95458516472871,15.0,30.0
Sudan,SDN,2011,Sub-Saharan Africa,,4.84,,0.474,77.95458516472871,15.0,30.0
Sudan,SDN,2012,Sub-Saharan Africa,,4.17,,0.485,77.95458516472871,15.0,30.0
Sudan,SDN,2013,Sub-Saharan Africa,,4.05,,0.475,77.95458516472871,15.0,30.0
Sudan,SDN,2014,Sub-Saharan Africa,,3.92,,0.492,77.95458516472871,15.0,30.0
Sudan,SDN,2015,Sub-Saharan Africa,,3.92,,0.497,77.95458516472871,15.0,30.0
Sudan,SDN,2016,Sub-Saharan Africa,,3.68,,0.499,77.95458516472871,15.0,30.0
Sudan,SDN,2017,Sub-Saharan Africa,,3.57,,0.502,77.95458516472871,15.0,30.0
Suriname,SUR,1960,Latin America & Caribbean,284.298,,,,91.60888460309923,4.0,-56.0
Suriname,SUR,1970,Latin America & Caribbean,372.353,,,,91.60888460309923,4.0,-56.0
Suriname,SUR,1980,Latin America & Caribbean,354.083,,,,91.60888460309923,4.0,-56.0
Suriname,SUR,1990,Latin America & Caribbean,394.801,,,,91.60888460309923,4.0,-56.0
Suriname,SUR,1991,Latin America & Caribbean,395.362,,,,91.60888460309923,4.0,-56.0
Suriname,SUR,1992,Latin America & Caribbean,396.5,,,,91.60888460309923,4.0,-56.0
Suriname,SUR,1993,Latin America & Caribbean,397.24,,,,91.60888460309923,4.0,-56.0
Suriname,SUR,1994,Latin America & Caribbean,398.77,,,,91.60888460309923,4.0,-56.0
Suriname,SUR,1995,Latin America & Caribbean,402.828,,,,91.60888460309923,4.0,-56.0
Suriname,SUR,1996,Latin America & Caribbean,407.606,,,,91.60888460309923,4.0,-56.0
Suriname,SUR,1997,Latin America & Caribbean,413.388,,,,91.60888460309923,4.0,-56.0
Suriname,SUR,1998,Latin America & Caribbean,419.931,,,,91.60888460309923,4.0,-56.0
Suriname,SUR,1999,Latin America & Caribbean,426.256,,,,91.60888460309923,4.0,-56.0
Suriname,SUR,2000,Latin America & Caribbean,432.485,2.5,,,91.60888460309923,4.0,-56.0
Suriname,SUR,2001,Latin America & Caribbean,438.509,2.47,,,91.60888460309923,4.0,-56.0
Suriname,SUR,2002,Latin America & Caribbean,444.331,2.44,,,91.60888460309923,4.0,-56.0
Suriname,SUR,2003,Latin America & Caribbean,449.931,2.4,,,91.60888460309923,4.0,-56.0
Suriname,SUR,2004,Latin America & Caribbean,455.317,2.34,,0.671,91.60888460309923,4.0,-56.0
Suriname,SUR,2005,Latin America & Caribbean,460.495,2.34,,0.676,91.60888460309923,4.0,-56.0
Suriname,SUR,2006,Latin America & Caribbean,465.61,2.32,,0.681,91.60888460309923,4.0,-56.0
Suriname,SUR,2007,Latin America & Caribbean,470.784,2.03,,0.687,91.60888460309923,4.0,-56.0
Suriname,SUR,2008,Latin America & Caribbean,475.996,2.01,,0.691,91.60888460309923,4.0,-56.0
Suriname,SUR,2009,Latin America & Caribbean,481.0,1.99,,0.677,91.60888460309923,4.0,-56.0
Suriname,SUR,2010,Latin America & Caribbean,,1.97,,0.703,91.60888460309923,4.0,-56.0
Suriname,SUR,2011,Latin America & Caribbean,,1.95,,0.706,91.60888460309923,4.0,-56.0
Suriname,SUR,2012,Latin America & Caribbean,,2.08,,0.711,91.60888460309923,4.0,-56.0
Suriname,SUR,2013,Latin America & Caribbean,,2.04,,0.715,91.60888460309923,4.0,-56.0
Suriname,SUR,2014,Latin America & Caribbean,,2.01,,0.718,91.60888460309923,4.0,-56.0
Suriname,SUR,2015,Latin America & Caribbean,,2.01,,0.722,91.60888460309923,4.0,-56.0
Suriname,SUR,2016,Latin America & Caribbean,,1.95,,0.719,91.60888460309923,4.0,-56.0
Suriname,SUR,2017,Latin America & Caribbean,,1.93,,0.72,91.60888460309923,4.0,-56.0
Swaziland,SWZ,1960,Sub-Saharan Africa,351.842,,934.597154639953,,69.79818526640575,-26.3,31.3
Swaziland,SWZ,1970,Sub-Saharan Africa,455.145,,2035.584318624898,,69.79818526640575,-26.3,31.3
Swaziland,SWZ,1980,Sub-Saharan Africa,611.447,,2397.1596791625093,,69.79818526640575,-26.3,31.3
Swaziland,SWZ,1990,Sub-Saharan Africa,884.616,,2434.954827857511,0.536,69.79818526640575,-26.3,31.3
Swaziland,SWZ,1991,Sub-Saharan Africa,925.717,,2385.0161550452244,0.537,69.79818526640575,-26.3,31.3
Swaziland,SWZ,1992,Sub-Saharan Africa,962.344,,2324.067121528268,0.536,69.79818526640575,-26.3,31.3
Swaziland,SWZ,1993,Sub-Saharan Africa,991.859,,2329.3212721263803,0.531,69.79818526640575,-26.3,31.3
Swaziland,SWZ,1994,Sub-Saharan Africa,997.652,,2394.62257380329,0.524,69.79818526640575,-26.3,31.3
Swaziland,SWZ,1995,Sub-Saharan Africa,1004.849,,2467.03733595794,0.52,69.79818526640575,-26.3,31.3
Swaziland,SWZ,1996,Sub-Saharan Africa,1030.651,,2499.3911615085995,0.513,69.79818526640575,-26.3,31.3
Swaziland,SWZ,1997,Sub-Saharan Africa,1054.486,,2535.832623666886,0.504,69.79818526640575,-26.3,31.3
Swaziland,SWZ,1998,Sub-Saharan Africa,1075.9,,2564.3647179105865,0.492,69.79818526640575,-26.3,31.3
Swaziland,SWZ,1999,Sub-Saharan Africa,1094.429,,2609.5799727529147,0.483,69.79818526640575,-26.3,31.3
Swaziland,SWZ,2000,Sub-Saharan Africa,1109.75,5.87,2630.322144627168,0.471,69.79818526640575,-26.3,31.3
Swaziland,SWZ,2001,Sub-Saharan Africa,1121.699,5.82,2646.8776382969045,0.464,69.79818526640575,-26.3,31.3
Swaziland,SWZ,2002,Sub-Saharan Africa,1130.269,5.77,2700.242154743694,0.455,69.79818526640575,-26.3,31.3
Swaziland,SWZ,2003,Sub-Saharan Africa,1135.657,3.92,2751.7111240453764,0.454,69.79818526640575,-26.3,31.3
Swaziland,SWZ,2004,Sub-Saharan Africa,1138.171,3.7,2803.6208970356824,0.465,69.79818526640575,-26.3,31.3
Swaziland,SWZ,2005,Sub-Saharan Africa,1138.227,3.62,2864.9821169239526,0.48,69.79818526640575,-26.3,31.3
Swaziland,SWZ,2006,Sub-Saharan Africa,1136.334,3.53,2953.357023551174,0.496,69.79818526640575,-26.3,31.3
Swaziland,SWZ,2007,Sub-Saharan Africa,1133.066,3.43,3065.134775908906,0.507,69.79818526640575,-26.3,31.3
Swaziland,SWZ,2008,Sub-Saharan Africa,1128.814,3.34,3150.2089803988965,0.517,69.79818526640575,-26.3,31.3
Swaziland,SWZ,2009,Sub-Saharan Africa,1337.0,3.24,,0.527,69.79818526640575,-26.3,31.3
Swaziland,SWZ,2010,Sub-Saharan Africa,,3.19,,0.538,69.79818526640575,-26.3,31.3
Swaziland,SWZ,2011,Sub-Saharan Africa,,3.11,,0.55,69.79818526640575,-26.3,31.3
Swaziland,SWZ,2012,Sub-Saharan Africa,,3.03,,0.561,69.79818526640575,-26.3,31.3
Swaziland,SWZ,2013,Sub-Saharan Africa,,2.96,,0.572,69.79818526640575,-26.3,31.3
Swaziland,SWZ,2014,Sub-Saharan Africa,,2.88,,0.58,69.79818526640575,-26.3,31.3
Swaziland,SWZ,2015,Sub-Saharan Africa,,2.88,,0.584,69.79818526640575,-26.3,31.3
Swaziland,SWZ,2016,Sub-Saharan Africa,,2.74,,0.586,69.79818526640575,-26.3,31.3
Swaziland,SWZ,2017,Sub-Saharan Africa,,2.69,,0.588,69.79818526640575,-26.3,31.3
Sweden,SWE,1960,Europe & Central Asia,7480.0,,8791.978609625668,,97.763229942089,62.0,15.0
Sweden,SWE,1970,Europe & Central Asia,8043.0,,13010.941191097849,,97.763229942089,62.0,15.0
Sweden,SWE,1980,Europe & Central Asia,8310.0,,15016.004813477737,,97.763229942089,62.0,15.0
Sweden,SWE,1990,Europe & Central Asia,8559.0,,17781.04918798925,0.816,97.763229942089,62.0,15.0
Sweden,SWE,1991,Europe & Central Asia,8617.0,,17437.971451781363,0.818,97.763229942089,62.0,15.0
Sweden,SWE,1992,Europe & Central Asia,8668.0,,16997.000461467465,0.821,97.763229942089,62.0,15.0
Sweden,SWE,1993,Europe & Central Asia,8719.0,,16596.972129831403,0.84,97.763229942089,62.0,15.0
Sweden,SWE,1994,Europe & Central Asia,8781.0,,17066.051702539575,0.849,97.763229942089,62.0,15.0
Sweden,SWE,1995,Europe & Central Asia,8827.0,,17592.047128129605,0.856,97.763229942089,62.0,15.0
Sweden,SWE,1996,Europe & Central Asia,8841.0,,17824.00180975003,0.863,97.763229942089,62.0,15.0
Sweden,SWE,1997,Europe & Central Asia,8846.0,,18361.971512548047,0.874,97.763229942089,62.0,15.0
Sweden,SWE,1998,Europe & Central Asia,8851.0,,19072.986103265168,0.888,97.763229942089,62.0,15.0
Sweden,SWE,1999,Europe & Central Asia,8858.0,,19917.024158952358,0.893,97.763229942089,62.0,15.0
Sweden,SWE,2000,Europe & Central Asia,8872.0,1.53,20709.98647430117,0.897,97.763229942089,62.0,15.0
Sweden,SWE,2001,Europe & Central Asia,8940.0,1.53,20890.044742729304,0.9,97.763229942089,62.0,15.0
Sweden,SWE,2002,Europe & Central Asia,8954.0,1.54,21360.955997319634,0.902,97.763229942089,62.0,15.0
Sweden,SWE,2003,Europe & Central Asia,8970.0,1.54,21732.998885172798,0.908,97.763229942089,62.0,15.0
Sweden,SWE,2004,Europe & Central Asia,8986.0,1.66,22292.009793011348,0.896,97.763229942089,62.0,15.0
Sweden,SWE,2005,Europe & Central Asia,9002.0,1.66,22986.669628971336,0.899,97.763229942089,62.0,15.0
Sweden,SWE,2006,Europe & Central Asia,9017.0,1.66,23912.276810469113,0.902,97.763229942089,62.0,15.0
Sweden,SWE,2007,Europe & Central Asia,9031.0,1.66,24495.9583656295,0.905,97.763229942089,62.0,15.0
Sweden,SWE,2008,Europe & Central Asia,9045.0,1.67,24409.176340519625,0.901,97.763229942089,62.0,15.0
Sweden,SWE,2009,Europe & Central Asia,9060.0,1.67,,0.899,97.763229942089,62.0,15.0
Sweden,SWE,2010,Europe & Central Asia,,1.67,,0.905,97.763229942089,62.0,15.0
Sweden,SWE,2011,Europe & Central Asia,,1.67,,0.906,97.763229942089,62.0,15.0
Sweden,SWE,2012,Europe & Central Asia,,1.67,,0.908,97.763229942089,62.0,15.0
Sweden,SWE,2013,Europe & Central Asia,,1.67,,0.912,97.763229942089,62.0,15.0
Sweden,SWE,2014,Europe & Central Asia,,1.88,,0.92,97.763229942089,62.0,15.0
Sweden,SWE,2015,Europe & Central Asia,,1.88,,0.929,97.763229942089,62.0,15.0
Sweden,SWE,2016,Europe & Central Asia,,1.88,,0.932,97.763229942089,62.0,15.0
Sweden,SWE,2017,Europe & Central Asia,,1.88,,0.933,97.763229942089,62.0,15.0
Switzerland,CHE,1960,Europe & Central Asia,5362.0,,12456.732562476687,,99.335968817219,47.0,8.0
Switzerland,CHE,1970,Europe & Central Asia,6267.0,,16903.6221477581,,99.335968817219,47.0,8.0
Switzerland,CHE,1980,Europe & Central Asia,6385.229,,18779.122878756578,,99.335968817219,47.0,8.0
Switzerland,CHE,1990,Europe & Central Asia,6836.626,,21487.20728616718,0.832,99.335968817219,47.0,8.0
Switzerland,CHE,1991,Europe & Central Asia,6920.562,,21050.587443721717,0.834,99.335968817219,47.0,8.0
Switzerland,CHE,1992,Europe & Central Asia,6995.447,,20830.842195160927,0.836,99.335968817219,47.0,8.0
Switzerland,CHE,1993,Europe & Central Asia,7058.211,,20598.24597499027,0.841,99.335968817219,47.0,8.0
Switzerland,CHE,1994,Europe & Central Asia,7114.53,,20653.124478815193,0.844,99.335968817219,47.0,8.0
Switzerland,CHE,1995,Europe & Central Asia,7157.106,,20608.125002628683,0.848,99.335968817219,47.0,8.0
Switzerland,CHE,1996,Europe & Central Asia,7181.024,,20646.656923240713,0.854,99.335968817219,47.0,8.0
Switzerland,CHE,1997,Europe & Central Asia,7193.761,,21003.253880545537,0.864,99.335968817219,47.0,8.0
Switzerland,CHE,1998,Europe & Central Asia,7207.995,,21594.21586724186,0.873,99.335968817219,47.0,8.0
Switzerland,CHE,1999,Europe & Central Asia,7232.809,,21796.925648112647,0.881,99.335968817219,47.0,8.0
Switzerland,CHE,2000,Europe & Central Asia,7266.92,1.47,22474.85867465171,0.889,99.335968817219,47.0,8.0
Switzerland,CHE,2001,Europe & Central Asia,7311.237,1.47,22594.124633081927,0.891,99.335968817219,47.0,8.0
Switzerland,CHE,2002,Europe & Central Asia,7361.757,1.47,22536.332019652375,0.891,99.335968817219,47.0,8.0
Switzerland,CHE,2003,Europe & Central Asia,7408.319,1.48,22341.775509396935,0.896,99.335968817219,47.0,8.0
Switzerland,CHE,2004,Europe & Central Asia,7450.867,1.43,22786.744146687895,0.901,99.335968817219,47.0,8.0
Switzerland,CHE,2005,Europe & Central Asia,7489.37,1.43,23258.96570739595,0.905,99.335968817219,47.0,8.0
Switzerland,CHE,2006,Europe & Central Asia,7523.934,1.43,23985.590516875876,0.912,99.335968817219,47.0,8.0
Switzerland,CHE,2007,Europe & Central Asia,7554.661,1.44,24748.033035499542,0.915,99.335968817219,47.0,8.0
Switzerland,CHE,2008,Europe & Central Asia,7581.52,1.44,25104.200740748558,0.917,99.335968817219,47.0,8.0
Switzerland,CHE,2009,Europe & Central Asia,7604.0,1.45,,0.927,99.335968817219,47.0,8.0
Switzerland,CHE,2010,Europe & Central Asia,,1.46,,0.932,99.335968817219,47.0,8.0
Switzerland,CHE,2011,Europe & Central Asia,,1.46,,0.932,99.335968817219,47.0,8.0
Switzerland,CHE,2012,Europe & Central Asia,,1.53,,0.935,99.335968817219,47.0,8.0
Switzerland,CHE,2013,Europe & Central Asia,,1.53,,0.938,99.335968817219,47.0,8.0
Switzerland,CHE,2014,Europe & Central Asia,,1.54,,0.939,99.335968817219,47.0,8.0
Switzerland,CHE,2015,Europe & Central Asia,,1.54,,0.942,99.335968817219,47.0,8.0
Switzerland,CHE,2016,Europe & Central Asia,,1.55,,0.943,99.335968817219,47.0,8.0
Switzerland,CHE,2017,Europe & Central Asia,,1.56,,0.944,99.335968817219,47.0,8.0
Syria,SYR,1960,Middle East & North Africa,4532.557,,3023.4679553737315,,74.41006143222774,35.0,38.0
Syria,SYR,1970,Middle East & North Africa,6258.053,,3540.306739881936,,74.41006143222774,35.0,38.0
Syria,SYR,1980,Middle East & North Africa,8773.582,,6507.873783366706,,74.41006143222774,35.0,38.0
Syria,SYR,1990,Middle East & North Africa,12436.046,,5700.686536540634,,74.41006143222774,35.0,38.0
Syria,SYR,1991,Middle East & North Africa,12848.845,,5909.283986226,0.562,74.41006143222774,35.0,38.0
Syria,SYR,1992,Middle East & North Africa,13219.062,,6151.595677060898,0.568,74.41006143222774,35.0,38.0
Syria,SYR,1993,Middle East & North Africa,13579.013,,6623.314011653425,0.571,74.41006143222774,35.0,38.0
Syria,SYR,1994,Middle East & North Africa,13938.959,,6946.071080343948,0.576,74.41006143222774,35.0,38.0
Syria,SYR,1995,Middle East & North Africa,14309.657,,7176.83170183604,0.579,74.41006143222774,35.0,38.0
Syria,SYR,1996,Middle East & North Africa,14690.501,,7481.296927858349,0.583,74.41006143222774,35.0,38.0
Syria,SYR,1997,Middle East & North Africa,15081.016,,7468.992805259274,0.587,74.41006143222774,35.0,38.0
Syria,SYR,1998,Middle East & North Africa,15480.619,,7829.208896620994,0.59,74.41006143222774,35.0,38.0
Syria,SYR,1999,Middle East & North Africa,15888.917,,7391.5673421920455,0.589,74.41006143222774,35.0,38.0
Syria,SYR,2000,Middle East & North Africa,16305.659,4.06,7368.300784408652,0.59,74.41006143222774,35.0,38.0
Syria,SYR,2001,Middle East & North Africa,16728.808,3.95,7447.631654329465,0.597,74.41006143222774,35.0,38.0
Syria,SYR,2002,Middle East & North Africa,17155.814,3.84,7690.745539675355,0.6,74.41006143222774,35.0,38.0
Syria,SYR,2003,Middle East & North Africa,17585.54,3.72,7585.379806363637,0.61,74.41006143222774,35.0,38.0
Syria,SYR,2004,Middle East & North Africa,18016.874,3.5,7611.087250762813,0.623,74.41006143222774,35.0,38.0
Syria,SYR,2005,Middle East & North Africa,18448.752,3.5,7767.408874052835,0.635,74.41006143222774,35.0,38.0
Syria,SYR,2006,Middle East & North Africa,18881.361,3.4,7976.490677764171,0.643,74.41006143222774,35.0,38.0
Syria,SYR,2007,Middle East & North Africa,19314.747,3.31,8124.983464707045,0.649,74.41006143222774,35.0,38.0
Syria,SYR,2008,Middle East & North Africa,19747.586,3.21,8360.16108500553,0.646,74.41006143222774,35.0,38.0
Syria,SYR,2009,Middle East & North Africa,21763.0,3.12,,0.648,74.41006143222774,35.0,38.0
Syria,SYR,2010,Middle East & North Africa,,3.02,,0.644,74.41006143222774,35.0,38.0
Syria,SYR,2011,Middle East & North Africa,,2.94,,0.642,74.41006143222774,35.0,38.0
Syria,SYR,2012,Middle East & North Africa,,2.85,,0.631,74.41006143222774,35.0,38.0
Syria,SYR,2013,Middle East & North Africa,,2.77,,0.572,74.41006143222774,35.0,38.0
Syria,SYR,2014,Middle East & North Africa,,2.68,,0.55,74.41006143222774,35.0,38.0
Syria,SYR,2015,Middle East & North Africa,,2.68,,0.538,74.41006143222774,35.0,38.0
Syria,SYR,2016,Middle East & North Africa,,2.55,,0.536,74.41006143222774,35.0,38.0
Syria,SYR,2017,Middle East & North Africa,,2.5,,0.536,74.41006143222774,35.0,38.0
Taiwan,TWN,1960,East Asia & Pacific,10861.0,,1353.1903139674064,,106.58791049336799,23.3,121.0
Taiwan,TWN,1970,East Asia & Pacific,14532.0,,2537.0217451142307,,106.58791049336799,23.3,121.0
Taiwan,TWN,1980,East Asia & Pacific,17788.0,,5259.894310771307,,106.58791049336799,23.3,121.0
Taiwan,TWN,1990,East Asia & Pacific,20172.0,,9938.379932579814,,106.58791049336799,23.3,121.0
Taiwan,TWN,1991,East Asia & Pacific,20386.0,,10576.852909555892,,106.58791049336799,23.3,121.0
Taiwan,TWN,1992,East Asia & Pacific,20591.0,,11255.718139709194,,106.58791049336799,23.3,121.0
Taiwan,TWN,1993,East Asia & Pacific,20792.0,,11928.753904103532,,106.58791049336799,23.3,121.0
Taiwan,TWN,1994,East Asia & Pacific,20984.0,,12659.649919470201,,106.58791049336799,23.3,121.0
Taiwan,TWN,1995,East Asia & Pacific,21171.0,,13353.878356551124,,106.58791049336799,23.3,121.0
Taiwan,TWN,1996,East Asia & Pacific,21347.0,,14051.967463787827,,106.58791049336799,23.3,121.0
Taiwan,TWN,1997,East Asia & Pacific,21571.0,,14834.614477225874,,106.58791049336799,23.3,121.0
Taiwan,TWN,1998,East Asia & Pacific,21769.0,,15371.480595592475,,106.58791049336799,23.3,121.0
Taiwan,TWN,1999,East Asia & Pacific,21941.0,,16078.18886239799,,106.58791049336799,23.3,121.0
Taiwan,TWN,2000,East Asia & Pacific,22133.0,1.76,16872.474055240593,,106.58791049336799,23.3,121.0
Taiwan,TWN,2001,East Asia & Pacific,22335.805,1.76,16354.059674569897,,106.58791049336799,23.3,121.0
Taiwan,TWN,2002,East Asia & Pacific,22450.626,1.76,16854.594011505593,,106.58791049336799,23.3,121.0
Taiwan,TWN,2003,East Asia & Pacific,22543.469,1.57,17355.84705264305,,106.58791049336799,23.3,121.0
Taiwan,TWN,2004,East Asia & Pacific,22622.389,1.57,18350.316582391013,,106.58791049336799,23.3,121.0
Taiwan,TWN,2005,East Asia & Pacific,22701.079,1.57,19054.733037138896,,106.58791049336799,23.3,121.0
Taiwan,TWN,2006,East Asia & Pacific,22781.867,1.57,19898.54475052462,,106.58791049336799,23.3,121.0
Taiwan,TWN,2007,East Asia & Pacific,22858.872,1.12,20961.92673024286,,106.58791049336799,23.3,121.0
Taiwan,TWN,2008,East Asia & Pacific,22920.946,1.13,20926.056018804808,,106.58791049336799,23.3,121.0
Taiwan,TWN,2009,East Asia & Pacific,22974.0,1.14,,,106.58791049336799,23.3,121.0
Taiwan,TWN,2010,East Asia & Pacific,,1.15,,,106.58791049336799,23.3,121.0
Taiwan,TWN,2011,East Asia & Pacific,,1.15,,,106.58791049336799,23.3,121.0
Taiwan,TWN,2012,East Asia & Pacific,,1.1,,,106.58791049336799,23.3,121.0
Taiwan,TWN,2013,East Asia & Pacific,,1.11,,,106.58791049336799,23.3,121.0
Taiwan,TWN,2014,East Asia & Pacific,,1.11,,,106.58791049336799,23.3,121.0
Taiwan,TWN,2015,East Asia & Pacific,,1.11,,,106.58791049336799,23.3,121.0
Taiwan,TWN,2016,East Asia & Pacific,,1.12,,,106.58791049336799,23.3,121.0
Taiwan,TWN,2017,East Asia & Pacific,,1.13,,,106.58791049336799,23.3,121.0
Tajikistan,TJK,1960,Europe & Central Asia,2080.556,,,,87.71476303333336,39.0,71.0
Tajikistan,TJK,1970,Europe & Central Asia,2938.516,,,,87.71476303333336,39.0,71.0
Tajikistan,TJK,1980,Europe & Central Asia,3966.0,,,,87.71476303333336,39.0,71.0
Tajikistan,TJK,1990,Europe & Central Asia,5272.0,,3012.898330804249,0.623,87.71476303333336,39.0,71.0
Tajikistan,TJK,1991,Europe & Central Asia,5407.0,,2687.9711485111893,0.618,87.71476303333336,39.0,71.0
Tajikistan,TJK,1992,Europe & Central Asia,5500.0,,1788.9860399999998,0.597,87.71476303333336,39.0,71.0
Tajikistan,TJK,1993,Europe & Central Asia,5547.0,,1484.693930978907,0.579,87.71476303333336,39.0,71.0
Tajikistan,TJK,1994,Europe & Central Asia,5604.0,,1156.5694189962844,0.558,87.71476303333336,39.0,71.0
Tajikistan,TJK,1995,Europe & Central Asia,5678.0,,999.9506095583545,0.55,87.71476303333336,39.0,71.0
Tajikistan,TJK,1996,Europe & Central Asia,5764.0,,820.5309497524734,0.534,87.71476303333336,39.0,71.0
Tajikistan,TJK,1997,Europe & Central Asia,5864.0,,820.2494169641202,0.538,87.71476303333336,39.0,71.0
Tajikistan,TJK,1998,Europe & Central Asia,5983.0,,846.5434627903581,0.541,87.71476303333336,39.0,71.0
Tajikistan,TJK,1999,Europe & Central Asia,6111.0,,859.4779431805069,0.544,87.71476303333336,39.0,71.0
Tajikistan,TJK,2000,Europe & Central Asia,6230.0,4.35,913.0350075073021,0.55,87.71476303333336,39.0,71.0
Tajikistan,TJK,2001,Europe & Central Asia,6339.0,4.29,988.8634362898065,0.558,87.71476303333336,39.0,71.0
Tajikistan,TJK,2002,Europe & Central Asia,6452.0,4.23,1063.8412629094832,0.568,87.71476303333336,39.0,71.0
Tajikistan,TJK,2003,Europe & Central Asia,6568.0,4.17,1151.647688608065,0.578,87.71476303333336,39.0,71.0
Tajikistan,TJK,2004,Europe & Central Asia,6688.0,4.05,1250.8971291866028,0.587,87.71476303333336,39.0,71.0
Tajikistan,TJK,2005,Europe & Central Asia,6815.0,4.05,1309.9046221570065,0.593,87.71476303333336,39.0,71.0
Tajikistan,TJK,2006,Europe & Central Asia,6944.0,4.0,1375.4320276497697,0.599,87.71476303333336,39.0,71.0
Tajikistan,TJK,2007,Europe & Central Asia,7077.0,3.09,1454.8537515896567,0.604,87.71476303333336,39.0,71.0
Tajikistan,TJK,2008,Europe & Central Asia,7212.0,3.04,1540.4880754298392,0.618,87.71476303333336,39.0,71.0
Tajikistan,TJK,2009,Europe & Central Asia,7349.0,2.99,,0.62,87.71476303333336,39.0,71.0
Tajikistan,TJK,2010,Europe & Central Asia,,2.94,,0.634,87.71476303333336,39.0,71.0
Tajikistan,TJK,2011,Europe & Central Asia,,2.89,,0.637,87.71476303333336,39.0,71.0
Tajikistan,TJK,2012,Europe & Central Asia,,2.85,,0.642,87.71476303333336,39.0,71.0
Tajikistan,TJK,2013,Europe & Central Asia,,2.8,,0.646,87.71476303333336,39.0,71.0
Tajikistan,TJK,2014,Europe & Central Asia,,2.76,,0.645,87.71476303333336,39.0,71.0
Tajikistan,TJK,2015,Europe & Central Asia,,2.76,,0.645,87.71476303333336,39.0,71.0
Tajikistan,TJK,2016,Europe & Central Asia,,2.67,,0.647,87.71476303333336,39.0,71.0
Tajikistan,TJK,2017,Europe & Central Asia,,2.63,,0.65,87.71476303333336,39.0,71.0
Tanzania,TZA,1960,Sub-Saharan Africa,10259.653,,459.1142046601834,,74.76304981009875,-6.0,35.0
Tanzania,TZA,1970,Sub-Saharan Africa,13806.869,,568.3566087806328,,74.76304981009875,-6.0,35.0
Tanzania,TZA,1980,Sub-Saharan Africa,18665.062,,600.9133769227877,,74.76304981009875,-6.0,35.0
Tanzania,TZA,1990,Sub-Saharan Africa,25214.284,,549.3711421668766,0.37,74.76304981009875,-6.0,35.0
Tanzania,TZA,1991,Sub-Saharan Africa,25972.536,,544.5325785668368,0.371,74.76304981009875,-6.0,35.0
Tanzania,TZA,1992,Sub-Saharan Africa,26767.474,,531.5312663421286,0.37,74.76304981009875,-6.0,35.0
Tanzania,TZA,1993,Sub-Saharan Africa,27696.586,,519.8648795278956,0.37,74.76304981009875,-6.0,35.0
Tanzania,TZA,1994,Sub-Saharan Africa,28797.661,,507.95792061028845,0.369,74.76304981009875,-6.0,35.0
Tanzania,TZA,1995,Sub-Saharan Africa,29752.902,,509.37878099937683,0.371,74.76304981009875,-6.0,35.0
Tanzania,TZA,1996,Sub-Saharan Africa,30392.136,,521.105009361364,0.372,74.76304981009875,-6.0,35.0
Tanzania,TZA,1997,Sub-Saharan Africa,31092.65,,504.4600572804183,0.375,74.76304981009875,-6.0,35.0
Tanzania,TZA,1998,Sub-Saharan Africa,31950.957,,509.0927323397544,0.381,74.76304981009875,-6.0,35.0
Tanzania,TZA,1999,Sub-Saharan Africa,32808.026,,513.1366330909394,0.388,74.76304981009875,-6.0,35.0
Tanzania,TZA,2000,Sub-Saharan Africa,33712.118,5.51,524.8557803458092,0.395,74.76304981009875,-6.0,35.0
Tanzania,TZA,2001,Sub-Saharan Africa,34567.246,5.42,543.6070897866726,0.403,74.76304981009875,-6.0,35.0
Tanzania,TZA,2002,Sub-Saharan Africa,35383.103,5.33,569.3112896288378,0.413,74.76304981009875,-6.0,35.0
Tanzania,TZA,2003,Sub-Saharan Africa,36198.785,5.24,588.1965375357211,0.423,74.76304981009875,-6.0,35.0
Tanzania,TZA,2004,Sub-Saharan Africa,36989.97,5.06,614.1935232713084,0.434,74.76304981009875,-6.0,35.0
Tanzania,TZA,2005,Sub-Saharan Africa,37770.57,5.06,645.7143749750136,0.448,74.76304981009875,-6.0,35.0
Tanzania,TZA,2006,Sub-Saharan Africa,38568.534,4.97,674.7469323049718,0.458,74.76304981009875,-6.0,35.0
Tanzania,TZA,2007,Sub-Saharan Africa,39384.223,4.77,694.9737208221678,0.468,74.76304981009875,-6.0,35.0
Tanzania,TZA,2008,Sub-Saharan Africa,40213.162,4.62,744.3831450011318,0.477,74.76304981009875,-6.0,35.0
Tanzania,TZA,2009,Sub-Saharan Africa,41049.0,4.46,,0.486,74.76304981009875,-6.0,35.0
Tanzania,TZA,2010,Sub-Saharan Africa,,4.31,,0.493,74.76304981009875,-6.0,35.0
Tanzania,TZA,2011,Sub-Saharan Africa,,4.16,,0.499,74.76304981009875,-6.0,35.0
Tanzania,TZA,2012,Sub-Saharan Africa,,5.08,,0.506,74.76304981009875,-6.0,35.0
Tanzania,TZA,2013,Sub-Saharan Africa,,5.01,,0.507,74.76304981009875,-6.0,35.0
Tanzania,TZA,2014,Sub-Saharan Africa,,4.95,,0.515,74.76304981009875,-6.0,35.0
Tanzania,TZA,2015,Sub-Saharan Africa,,4.95,,0.528,74.76304981009875,-6.0,35.0
Tanzania,TZA,2016,Sub-Saharan Africa,,4.83,,0.533,74.76304981009875,-6.0,35.0
Tanzania,TZA,2017,Sub-Saharan Africa,,4.77,,0.538,74.76304981009875,-6.0,35.0
Thailand,THA,1960,East Asia & Pacific,27512.75,,1078.2273673115192,,89.09265358443757,15.0,100.0
Thailand,THA,1970,East Asia & Pacific,37090.871,,1694.2713477933696,,89.09265358443757,15.0,100.0
Thailand,THA,1980,East Asia & Pacific,47025.764,,2554.2594055462873,,89.09265358443757,15.0,100.0
Thailand,THA,1990,East Asia & Pacific,55196.722,,4633.101219307915,0.574,89.09265358443757,15.0,100.0
Thailand,THA,1991,East Asia & Pacific,55930.062,,4963.663369441643,0.583,89.09265358443757,15.0,100.0
Thailand,THA,1992,East Asia & Pacific,56667.095,,5295.118798660846,0.589,89.09265358443757,15.0,100.0
Thailand,THA,1993,East Asia & Pacific,57400.686,,5665.6988385121385,0.597,89.09265358443757,15.0,100.0
Thailand,THA,1994,East Asia & Pacific,58128.738,,6098.257285406747,0.604,89.09265358443757,15.0,100.0
Thailand,THA,1995,East Asia & Pacific,58855.798,,6577.041058894486,0.611,89.09265358443757,15.0,100.0
Thailand,THA,1996,East Asia & Pacific,59559.308,,6882.82006231503,0.619,89.09265358443757,15.0,100.0
Thailand,THA,1997,East Asia & Pacific,60216.677,,6712.376373741115,0.625,89.09265358443757,15.0,100.0
Thailand,THA,1998,East Asia & Pacific,60846.042,,5945.431914864734,0.63,89.09265358443757,15.0,100.0
Thailand,THA,1999,East Asia & Pacific,61394.684,,6154.376492922417,0.64,89.09265358443757,15.0,100.0
Thailand,THA,2000,East Asia & Pacific,61862.928,1.88,6397.870466137652,0.649,89.09265358443757,15.0,100.0
Thailand,THA,2001,East Asia & Pacific,62334.375,1.87,6487.094801223241,0.657,89.09265358443757,15.0,100.0
Thailand,THA,2002,East Asia & Pacific,62806.748,1.86,6781.834970981144,0.666,89.09265358443757,15.0,100.0
Thailand,THA,2003,East Asia & Pacific,63271.021,1.91,7194.510105977269,0.674,89.09265358443757,15.0,100.0
Thailand,THA,2004,East Asia & Pacific,63731.437,1.88,7592.51670411888,0.683,89.09265358443757,15.0,100.0
Thailand,THA,2005,East Asia & Pacific,64185.502,1.63,7885.596968611386,0.693,89.09265358443757,15.0,100.0
Thailand,THA,2006,East Asia & Pacific,64631.595,1.64,8238.38557597101,0.699,89.09265358443757,15.0,100.0
Thailand,THA,2007,East Asia & Pacific,65068.149,1.64,8584.076980582311,0.71,89.09265358443757,15.0,100.0
Thailand,THA,2008,East Asia & Pacific,65493.298,1.64,8750.101422591362,0.714,89.09265358443757,15.0,100.0
Thailand,THA,2009,East Asia & Pacific,65998.0,1.65,,0.718,89.09265358443757,15.0,100.0
Thailand,THA,2010,East Asia & Pacific,,1.65,,0.724,89.09265358443757,15.0,100.0
Thailand,THA,2011,East Asia & Pacific,,1.66,,0.727,89.09265358443757,15.0,100.0
Thailand,THA,2012,East Asia & Pacific,,1.66,,0.731,89.09265358443757,15.0,100.0
Thailand,THA,2013,East Asia & Pacific,,1.66,,0.728,89.09265358443757,15.0,100.0
Thailand,THA,2014,East Asia & Pacific,,1.5,,0.735,89.09265358443757,15.0,100.0
Thailand,THA,2015,East Asia & Pacific,,1.5,,0.741,89.09265358443757,15.0,100.0
Thailand,THA,2016,East Asia & Pacific,,1.51,,0.748,89.09265358443757,15.0,100.0
Thailand,THA,2017,East Asia & Pacific,,1.52,,0.755,89.09265358443757,15.0,100.0
Timor-Leste,TLS,1960,East Asia & Pacific,517.0,,,,78.7937589429188,-8.5,125.55
Timor-Leste,TLS,1970,East Asia & Pacific,609.0,,,,78.7937589429188,-8.5,125.55
Timor-Leste,TLS,1980,East Asia & Pacific,555.0,,,,78.7937589429188,-8.5,125.55
Timor-Leste,TLS,1990,East Asia & Pacific,748.0,,,,78.7937589429188,-8.5,125.55
Timor-Leste,TLS,1991,East Asia & Pacific,765.0,,,,78.7937589429188,-8.5,125.55
Timor-Leste,TLS,1992,East Asia & Pacific,783.0,,,,78.7937589429188,-8.5,125.55
Timor-Leste,TLS,1993,East Asia & Pacific,802.0,,,,78.7937589429188,-8.5,125.55
Timor-Leste,TLS,1994,East Asia & Pacific,820.0,,,,78.7937589429188,-8.5,125.55
Timor-Leste,TLS,1995,East Asia & Pacific,840.0,,,,78.7937589429188,-8.5,125.55
Timor-Leste,TLS,1996,East Asia & Pacific,859.0,,,,78.7937589429188,-8.5,125.55
Timor-Leste,TLS,1997,East Asia & Pacific,880.0,,,,78.7937589429188,-8.5,125.55
Timor-Leste,TLS,1998,East Asia & Pacific,900.0,,,,78.7937589429188,-8.5,125.55
Timor-Leste,TLS,1999,East Asia & Pacific,922.0,,,,78.7937589429188,-8.5,125.55
Timor-Leste,TLS,2000,East Asia & Pacific,,,,0.507,78.7937589429188,-8.5,125.55
Timor-Leste,TLS,2001,East Asia & Pacific,,,,0.513,78.7937589429188,-8.5,125.55
Timor-Leste,TLS,2002,East Asia & Pacific,,3.88,,0.523,78.7937589429188,-8.5,125.55
Timor-Leste,TLS,2003,East Asia & Pacific,,3.79,,0.525,78.7937589429188,-8.5,125.55
Timor-Leste,TLS,2004,East Asia & Pacific,,3.61,,0.519,78.7937589429188,-8.5,125.55
Timor-Leste,TLS,2005,East Asia & Pacific,,3.61,,0.496,78.7937589429188,-8.5,125.55
Timor-Leste,TLS,2006,East Asia & Pacific,,3.53,,0.536,78.7937589429188,-8.5,125.55
Timor-Leste,TLS,2007,East Asia & Pacific,,3.45,,0.581,78.7937589429188,-8.5,125.55
Timor-Leste,TLS,2008,East Asia & Pacific,,3.36,,0.599,78.7937589429188,-8.5,125.55
Timor-Leste,TLS,2009,East Asia & Pacific,1132.0,3.28,,0.61,78.7937589429188,-8.5,125.55
Timor-Leste,TLS,2010,East Asia & Pacific,,3.2,,0.619,78.7937589429188,-8.5,125.55
Timor-Leste,TLS,2011,East Asia & Pacific,,3.13,,0.624,78.7937589429188,-8.5,125.55
Timor-Leste,TLS,2012,East Asia & Pacific,,5.32,,0.599,78.7937589429188,-8.5,125.55
Timor-Leste,TLS,2013,East Asia & Pacific,,5.22,,0.614,78.7937589429188,-8.5,125.55
Timor-Leste,TLS,2014,East Asia & Pacific,,5.11,,0.61,78.7937589429188,-8.5,125.55
Timor-Leste,TLS,2015,East Asia & Pacific,,5.11,,0.63,78.7937589429188,-8.5,125.55
Timor-Leste,TLS,2016,East Asia & Pacific,,4.9,,0.631,78.7937589429188,-8.5,125.55
Timor-Leste,TLS,2017,East Asia & Pacific,,4.79,,0.625,78.7937589429188,-8.5,125.55
Togo,TGO,1960,Sub-Saharan Africa,1455.9,,697.6574108526902,,65.03653137291863,8.0,1.1
Togo,TGO,1970,Sub-Saharan Africa,1964.128,,1075.366917726999,,65.03653137291863,8.0,1.1
Togo,TGO,1980,Sub-Saharan Africa,2481.375,,1096.5361004229712,,65.03653137291863,8.0,1.1
Togo,TGO,1990,Sub-Saharan Africa,3504.813,,800.3280060876286,0.405,65.03653137291863,8.0,1.1
Togo,TGO,1991,Sub-Saharan Africa,3625.489,,768.272914357208,0.408,65.03653137291863,8.0,1.1
Togo,TGO,1992,Sub-Saharan Africa,3747.553,,713.5190349542755,0.399,65.03653137291863,8.0,1.1
Togo,TGO,1993,Sub-Saharan Africa,3726.013,,599.9502777902277,0.39,65.03653137291863,8.0,1.1
Togo,TGO,1994,Sub-Saharan Africa,3750.37,,700.1975805053902,0.396,65.03653137291863,8.0,1.1
Togo,TGO,1995,Sub-Saharan Africa,3965.576,,707.8416855458072,0.409,65.03653137291863,8.0,1.1
Togo,TGO,1996,Sub-Saharan Africa,4157.932,,740.7528550250462,0.417,65.03653137291863,8.0,1.1
Togo,TGO,1997,Sub-Saharan Africa,4320.89,,677.638171765539,0.424,65.03653137291863,8.0,1.1
Togo,TGO,1998,Sub-Saharan Africa,4454.777,,643.5787919350396,0.423,65.03653137291863,8.0,1.1
Togo,TGO,1999,Sub-Saharan Africa,4582.5,,643.7534097108564,0.424,65.03653137291863,8.0,1.1
Togo,TGO,2000,Sub-Saharan Africa,4711.655,5.5,614.2215421120604,0.425,65.03653137291863,8.0,1.1
Togo,TGO,2001,Sub-Saharan Africa,4843.185,5.32,601.2572305208246,0.426,65.03653137291863,8.0,1.1
Togo,TGO,2002,Sub-Saharan Africa,4977.378,5.14,611.3660646227793,0.427,65.03653137291863,8.0,1.1
Togo,TGO,2003,Sub-Saharan Africa,5114.524,4.97,625.8646943488778,0.431,65.03653137291863,8.0,1.1
Togo,TGO,2004,Sub-Saharan Africa,5255.32,4.61,623.1780367323017,0.434,65.03653137291863,8.0,1.1
Togo,TGO,2005,Sub-Saharan Africa,5399.991,5.01,613.7047265449146,0.436,65.03653137291863,8.0,1.1
Togo,TGO,2006,Sub-Saharan Africa,5548.702,4.96,620.6857027102916,0.443,65.03653137291863,8.0,1.1
Togo,TGO,2007,Sub-Saharan Africa,5701.579,4.9,615.4435464281036,0.441,65.03653137291863,8.0,1.1
Togo,TGO,2008,Sub-Saharan Africa,5858.673,4.85,605.5978888051953,0.44,65.03653137291863,8.0,1.1
Togo,TGO,2009,Sub-Saharan Africa,6032.0,4.79,,0.449,65.03653137291863,8.0,1.1
Togo,TGO,2010,Sub-Saharan Africa,,4.74,,0.456,65.03653137291863,8.0,1.1
Togo,TGO,2011,Sub-Saharan Africa,,4.69,,0.463,65.03653137291863,8.0,1.1
Togo,TGO,2012,Sub-Saharan Africa,,4.64,,0.466,65.03653137291863,8.0,1.1
Togo,TGO,2013,Sub-Saharan Africa,,4.58,,0.472,65.03653137291863,8.0,1.1
Togo,TGO,2014,Sub-Saharan Africa,,4.53,,0.481,65.03653137291863,8.0,1.1
Togo,TGO,2015,Sub-Saharan Africa,,4.53,,0.495,65.03653137291863,8.0,1.1
Togo,TGO,2016,Sub-Saharan Africa,,4.43,,0.5,65.03653137291863,8.0,1.1
Togo,TGO,2017,Sub-Saharan Africa,,4.38,,0.503,65.03653137291863,8.0,1.1
Tonga,TON,1960,East Asia & Pacific,63.718,,,,83.96000000000001,-20.0,-175.0
Tonga,TON,1970,East Asia & Pacific,83.1,,,,83.96000000000001,-20.0,-175.0
Tonga,TON,1980,East Asia & Pacific,91.361,,,,83.96000000000001,-20.0,-175.0
Tonga,TON,1990,East Asia & Pacific,92.116,,,0.648,83.96000000000001,-20.0,-175.0
Tonga,TON,1991,East Asia & Pacific,91.264,,,0.654,83.96000000000001,-20.0,-175.0
Tonga,TON,1992,East Asia & Pacific,92.141,,,0.656,83.96000000000001,-20.0,-175.0
Tonga,TON,1993,East Asia & Pacific,93.781,,,0.66,83.96000000000001,-20.0,-175.0
Tonga,TON,1994,East Asia & Pacific,94.443,,,0.668,83.96000000000001,-20.0,-175.0
Tonga,TON,1995,East Asia & Pacific,95.2,,,0.671,83.96000000000001,-20.0,-175.0
Tonga,TON,1996,East Asia & Pacific,96.204,,,0.671,83.96000000000001,-20.0,-175.0
Tonga,TON,1997,East Asia & Pacific,97.436,,,0.671,83.96000000000001,-20.0,-175.0
Tonga,TON,1998,East Asia & Pacific,98.87,,,0.674,83.96000000000001,-20.0,-175.0
Tonga,TON,1999,East Asia & Pacific,100.508,,,0.676,83.96000000000001,-20.0,-175.0
Tonga,TON,2000,East Asia & Pacific,102.351,3.2,,0.673,83.96000000000001,-20.0,-175.0
Tonga,TON,2001,East Asia & Pacific,104.255,3.0,,0.677,83.96000000000001,-20.0,-175.0
Tonga,TON,2002,East Asia & Pacific,106.164,3.0,,0.683,83.96000000000001,-20.0,-175.0
Tonga,TON,2003,East Asia & Pacific,108.167,3.0,,0.692,83.96000000000001,-20.0,-175.0
Tonga,TON,2004,East Asia & Pacific,110.262,3.0,,0.693,83.96000000000001,-20.0,-175.0
Tonga,TON,2005,East Asia & Pacific,112.445,3.0,,0.693,83.96000000000001,-20.0,-175.0
Tonga,TON,2006,East Asia & Pacific,114.709,3.0,,0.695,83.96000000000001,-20.0,-175.0
Tonga,TON,2007,East Asia & Pacific,116.938,2.75,,0.698,83.96000000000001,-20.0,-175.0
Tonga,TON,2008,East Asia & Pacific,119.009,2.5,,0.702,83.96000000000001,-20.0,-175.0
Tonga,TON,2009,East Asia & Pacific,121.0,2.25,,0.706,83.96000000000001,-20.0,-175.0
Tonga,TON,2010,East Asia & Pacific,,2.0,,0.712,83.96000000000001,-20.0,-175.0
Tonga,TON,2011,East Asia & Pacific,,3.65,,0.716,83.96000000000001,-20.0,-175.0
Tonga,TON,2012,East Asia & Pacific,,3.55,,0.717,83.96000000000001,-20.0,-175.0
Tonga,TON,2013,East Asia & Pacific,,3.46,,0.716,83.96000000000001,-20.0,-175.0
Tonga,TON,2014,East Asia & Pacific,,3.36,,0.717,83.96000000000001,-20.0,-175.0
Tonga,TON,2015,East Asia & Pacific,,3.36,,0.721,83.96000000000001,-20.0,-175.0
Tonga,TON,2016,East Asia & Pacific,,3.18,,0.724,83.96000000000001,-20.0,-175.0
Tonga,TON,2017,East Asia & Pacific,,3.1,,0.726,83.96000000000001,-20.0,-175.0
Trinidad and Tobago,TTO,1960,Latin America & Caribbean,841.15,,6250.965939487607,,85.62754548983699,11.0,-61.0
Trinidad and Tobago,TTO,1970,Latin America & Caribbean,955.0,,8243.979057591623,,85.62754548983699,11.0,-61.0
Trinidad and Tobago,TTO,1980,Latin America & Caribbean,1090.513,,12380.411787846639,,85.62754548983699,11.0,-61.0
Trinidad and Tobago,TTO,1990,Latin America & Caribbean,1255.0,,8852.589641434262,0.672,85.62754548983699,11.0,-61.0
Trinidad and Tobago,TTO,1991,Latin America & Caribbean,1260.0,,9126.190476190477,0.673,85.62754548983699,11.0,-61.0
Trinidad and Tobago,TTO,1992,Latin America & Caribbean,1264.0,,8996.835443037975,0.673,85.62754548983699,11.0,-61.0
Trinidad and Tobago,TTO,1993,Latin America & Caribbean,1265.0,,8882.213438735178,0.675,85.62754548983699,11.0,-61.0
Trinidad and Tobago,TTO,1994,Latin America & Caribbean,1265.0,,9255.335968379446,0.679,85.62754548983699,11.0,-61.0
Trinidad and Tobago,TTO,1995,Latin America & Caribbean,1264.0,,9642.40506329114,0.683,85.62754548983699,11.0,-61.0
Trinidad and Tobago,TTO,1996,Latin America & Caribbean,1262.0,,10024.564183835182,0.69,85.62754548983699,11.0,-61.0
Trinidad and Tobago,TTO,1997,Latin America & Caribbean,1260.0,,10351.5873015873,0.697,85.62754548983699,11.0,-61.0
Trinidad and Tobago,TTO,1998,Latin America & Caribbean,1258.0,,10865.659777424484,0.704,85.62754548983699,11.0,-61.0
Trinidad and Tobago,TTO,1999,Latin America & Caribbean,1255.0,,11631.87250996016,0.711,85.62754548983699,11.0,-61.0
Trinidad and Tobago,TTO,2000,Latin America & Caribbean,1252.0,1.83,12219.64856230032,0.716,85.62754548983699,11.0,-61.0
Trinidad and Tobago,TTO,2001,Latin America & Caribbean,1249.0,1.81,12768.61489191353,0.721,85.62754548983699,11.0,-61.0
Trinidad and Tobago,TTO,2002,Latin America & Caribbean,1246.0,1.8,13209.470304975923,0.728,85.62754548983699,11.0,-61.0
Trinidad and Tobago,TTO,2003,Latin America & Caribbean,1242.0,1.78,15160.225442834138,0.737,85.62754548983699,11.0,-61.0
Trinidad and Tobago,TTO,2004,Latin America & Caribbean,1239.0,1.75,16412.429378531073,0.746,85.62754548983699,11.0,-61.0
Trinidad and Tobago,TTO,2005,Latin America & Caribbean,1237.0,1.75,17327.40501212611,0.752,85.62754548983699,11.0,-61.0
Trinidad and Tobago,TTO,2006,Latin America & Caribbean,1235.0,1.74,19854.25101214575,0.757,85.62754548983699,11.0,-61.0
Trinidad and Tobago,TTO,2007,Latin America & Caribbean,1233.0,1.74,20801.297648012976,0.768,85.62754548983699,11.0,-61.0
Trinidad and Tobago,TTO,2008,Latin America & Caribbean,1231.0,1.73,21314.37855402112,0.773,85.62754548983699,11.0,-61.0
Trinidad and Tobago,TTO,2009,Latin America & Caribbean,1230.0,1.72,,0.772,85.62754548983699,11.0,-61.0
Trinidad and Tobago,TTO,2010,Latin America & Caribbean,,1.72,,0.775,85.62754548983699,11.0,-61.0
Trinidad and Tobago,TTO,2011,Latin America & Caribbean,,1.72,,0.773,85.62754548983699,11.0,-61.0
Trinidad and Tobago,TTO,2012,Latin America & Caribbean,,1.72,,0.774,85.62754548983699,11.0,-61.0
Trinidad and Tobago,TTO,2013,Latin America & Caribbean,,1.71,,0.779,85.62754548983699,11.0,-61.0
Trinidad and Tobago,TTO,2014,Latin America & Caribbean,,1.71,,0.779,85.62754548983699,11.0,-61.0
Trinidad and Tobago,TTO,2015,Latin America & Caribbean,,1.71,,0.783,85.62754548983699,11.0,-61.0
Trinidad and Tobago,TTO,2016,Latin America & Caribbean,,1.71,,0.785,85.62754548983699,11.0,-61.0
Trinidad and Tobago,TTO,2017,Latin America & Caribbean,,1.71,,0.784,85.62754548983699,11.0,-61.0
Tunisia,TUN,1960,Middle East & North Africa,4149.157,,1342.610656769464,,79.2210365316352,34.0,9.0
Tunisia,TUN,1970,Middle East & North Africa,5098.627,,1826.876020646996,,79.2210365316352,34.0,9.0
Tunisia,TUN,1980,Middle East & North Africa,6443.183,,2943.6168354175848,,79.2210365316352,34.0,9.0
Tunisia,TUN,1990,Middle East & North Africa,8211.005,,3335.401695651142,0.569,79.2210365316352,34.0,9.0
Tunisia,TUN,1991,Middle East & North Africa,8368.521,,3400.2535215003936,0.575,79.2210365316352,34.0,9.0
Tunisia,TUN,1992,Middle East & North Africa,8526.789,,3597.437470775927,0.583,79.2210365316352,34.0,9.0
Tunisia,TUN,1993,Middle East & North Africa,8684.117,,3609.9733846962217,0.589,79.2210365316352,34.0,9.0
Tunisia,TUN,1994,Middle East & North Africa,8835.404,,3661.632224174469,0.6,79.2210365316352,34.0,9.0
Tunisia,TUN,1995,Middle East & North Africa,8976.271,,3690.730816839197,0.607,79.2210365316352,34.0,9.0
Tunisia,TUN,1996,Middle East & North Africa,9108.858,,3895.2193568063085,0.616,79.2210365316352,34.0,9.0
Tunisia,TUN,1997,Middle East & North Africa,9235.294,,4049.3567394822517,0.623,79.2210365316352,34.0,9.0
Tunisia,TUN,1998,Middle East & North Africa,9352.742,,4190.4288603278055,0.634,79.2210365316352,34.0,9.0
Tunisia,TUN,1999,Middle East & North Africa,9462.545,,4394.378045229904,0.645,79.2210365316352,34.0,9.0
Tunisia,TUN,2000,Middle East & North Africa,9567.553,2.04,4550.484329692243,0.653,79.2210365316352,34.0,9.0
Tunisia,TUN,2001,Middle East & North Africa,9671.169,1.99,4722.2833144576425,0.661,79.2210365316352,34.0,9.0
Tunisia,TUN,2002,Middle East & North Africa,9774.475,1.94,4751.866468531558,0.666,79.2210365316352,34.0,9.0
Tunisia,TUN,2003,Middle East & North Africa,9877.179,1.9,4965.790333454522,0.673,79.2210365316352,34.0,9.0
Tunisia,TUN,2004,Middle East & North Africa,9978.926,1.75,5210.079722006156,0.682,79.2210365316352,34.0,9.0
Tunisia,TUN,2005,Middle East & North Africa,10079.38,1.75,5369.675515755929,0.689,79.2210365316352,34.0,9.0
Tunisia,TUN,2006,Middle East & North Africa,10179.726,1.74,5598.480744963076,0.695,79.2210365316352,34.0,9.0
Tunisia,TUN,2007,Middle East & North Africa,10281.21,1.73,5892.497089350379,0.701,79.2210365316352,34.0,9.0
Tunisia,TUN,2008,Middle East & North Africa,10383.577,1.73,6102.713929891405,0.707,79.2210365316352,34.0,9.0
Tunisia,TUN,2009,Middle East & North Africa,10486.0,1.72,,0.71,79.2210365316352,34.0,9.0
Tunisia,TUN,2010,Middle East & North Africa,,1.71,,0.716,79.2210365316352,34.0,9.0
Tunisia,TUN,2011,Middle East & North Africa,,2.03,,0.718,79.2210365316352,34.0,9.0
Tunisia,TUN,2012,Middle East & North Africa,,2.02,,0.719,79.2210365316352,34.0,9.0
Tunisia,TUN,2013,Middle East & North Africa,,2.01,,0.723,79.2210365316352,34.0,9.0
Tunisia,TUN,2014,Middle East & North Africa,,2.0,,0.725,79.2210365316352,34.0,9.0
Tunisia,TUN,2015,Middle East & North Africa,,2.0,,0.728,79.2210365316352,34.0,9.0
Tunisia,TUN,2016,Middle East & North Africa,,1.98,,0.732,79.2210365316352,34.0,9.0
Tunisia,TUN,2017,Middle East & North Africa,,2.23,,0.735,79.2210365316352,34.0,9.0
Turkey,TUR,1960,Europe & Central Asia,28217.122,,2247.465209244231,,87.1440867237034,39.0,35.0
Turkey,TUR,1970,Europe & Central Asia,35758.382,,3078.1873743616256,,87.1440867237034,39.0,35.0
Turkey,TUR,1980,Europe & Central Asia,45047.973,,4021.6015934834627,,87.1440867237034,39.0,35.0
Turkey,TUR,1990,Europe & Central Asia,56560.676,,5399.422736743812,0.579,87.1440867237034,39.0,35.0
Turkey,TUR,1991,Europe & Central Asia,57650.232,,5346.455376879298,0.583,87.1440867237034,39.0,35.0
Turkey,TUR,1992,Europe & Central Asia,58731.174,,5562.1163525281045,0.589,87.1440867237034,39.0,35.0
Turkey,TUR,1993,Europe & Central Asia,59800.534,,5901.96012277495,0.597,87.1440867237034,39.0,35.0
Turkey,TUR,1994,Europe & Central Asia,60867.087,,5482.19263553735,0.599,87.1440867237034,39.0,35.0
Turkey,TUR,1995,Europe & Central Asia,61940.15,,5774.624486213707,0.607,87.1440867237034,39.0,35.0
Turkey,TUR,1996,Europe & Central Asia,63017.799,,6073.490591290448,0.615,87.1440867237034,39.0,35.0
Turkey,TUR,1997,Europe & Central Asia,64097.691,,6420.722696199399,0.624,87.1440867237034,39.0,35.0
Turkey,TUR,1998,Europe & Central Asia,65177.181,,6508.059929747499,0.635,87.1440867237034,39.0,35.0
Turkey,TUR,1999,Europe & Central Asia,66253.997,,6101.36774087758,0.643,87.1440867237034,39.0,35.0
Turkey,TUR,2000,Europe & Central Asia,67329.299,2.16,6445.8119488218645,0.655,87.1440867237034,39.0,35.0
Turkey,TUR,2001,Europe & Central Asia,68404.901,2.12,5868.62920830775,0.662,87.1440867237034,39.0,35.0
Turkey,TUR,2002,Europe & Central Asia,69479.044,2.07,6234.354635046505,0.672,87.1440867237034,39.0,35.0
Turkey,TUR,2003,Europe & Central Asia,70548.635,2.03,6498.864223241173,0.679,87.1440867237034,39.0,35.0
Turkey,TUR,2004,Europe & Central Asia,71613.543,1.94,6973.8485079561,0.685,87.1440867237034,39.0,35.0
Turkey,TUR,2005,Europe & Central Asia,72673.81,1.94,7449.354863877372,0.69,87.1440867237034,39.0,35.0
Turkey,TUR,2006,Europe & Central Asia,73726.124,1.92,7849.7006027334355,0.701,87.1440867237034,39.0,35.0
Turkey,TUR,2007,Europe & Central Asia,74767.836,1.89,8104.126485618764,0.708,87.1440867237034,39.0,35.0
Turkey,TUR,2008,Europe & Central Asia,75793.836,1.87,8066.381545855525,0.71,87.1440867237034,39.0,35.0
Turkey,TUR,2009,Europe & Central Asia,76806.0,2.21,,0.718,87.1440867237034,39.0,35.0
Turkey,TUR,2010,Europe & Central Asia,,2.18,,0.734,87.1440867237034,39.0,35.0
Turkey,TUR,2011,Europe & Central Asia,,2.15,,0.753,87.1440867237034,39.0,35.0
Turkey,TUR,2012,Europe & Central Asia,,2.13,,0.76,87.1440867237034,39.0,35.0
Turkey,TUR,2013,Europe & Central Asia,,2.1,,0.771,87.1440867237034,39.0,35.0
Turkey,TUR,2014,Europe & Central Asia,,2.08,,0.778,87.1440867237034,39.0,35.0
Turkey,TUR,2015,Europe & Central Asia,,2.08,,0.783,87.1440867237034,39.0,35.0
Turkey,TUR,2016,Europe & Central Asia,,2.03,,0.787,87.1440867237034,39.0,35.0
Turkey,TUR,2017,Europe & Central Asia,,2.01,,0.791,87.1440867237034,39.0,35.0
Turkmenistan,TKM,1960,Europe & Central Asia,1584.82,,,,85.49227084980328,40.0,60.0
Turkmenistan,TKM,1970,Europe & Central Asia,2181.272,,,,85.49227084980328,40.0,60.0
Turkmenistan,TKM,1980,Europe & Central Asia,2875.133,,,,85.49227084980328,40.0,60.0
Turkmenistan,TKM,1990,Europe & Central Asia,3658.0,,3635.8665937670858,,85.49227084980328,40.0,60.0
Turkmenistan,TKM,1991,Europe & Central Asia,3745.0,,3384.4859813084113,,85.49227084980328,40.0,60.0
Turkmenistan,TKM,1992,Europe & Central Asia,3830.0,,2812.9673629242816,,85.49227084980328,40.0,60.0
Turkmenistan,TKM,1993,Europe & Central Asia,3917.0,,2791.746227980597,,85.49227084980328,40.0,60.0
Turkmenistan,TKM,1994,Europe & Central Asia,4004.0,,2258.608458872377,,85.49227084980328,40.0,60.0
Turkmenistan,TKM,1995,Europe & Central Asia,4079.0,,2057.4500009643534,,85.49227084980328,40.0,60.0
Turkmenistan,TKM,1996,Europe & Central Asia,4143.0,,2161.3867335378104,,85.49227084980328,40.0,60.0
Turkmenistan,TKM,1997,Europe & Central Asia,4201.0,,1888.5498595629072,,85.49227084980328,40.0,60.0
Turkmenistan,TKM,1998,Europe & Central Asia,4262.0,,1993.6878496446413,,85.49227084980328,40.0,60.0
Turkmenistan,TKM,1999,Europe & Central Asia,4325.0,,2288.8135772696096,,85.49227084980328,40.0,60.0
Turkmenistan,TKM,2000,Europe & Central Asia,4385.0,3.63,2395.2029563772444,,85.49227084980328,40.0,60.0
Turkmenistan,TKM,2001,Europe & Central Asia,4445.0,3.58,2459.74949993847,,85.49227084980328,40.0,60.0
Turkmenistan,TKM,2002,Europe & Central Asia,4503.0,3.54,2471.77239278627,,85.49227084980328,40.0,60.0
Turkmenistan,TKM,2003,Europe & Central Asia,4556.0,3.5,2609.143476399758,,85.49227084980328,40.0,60.0
Turkmenistan,TKM,2004,Europe & Central Asia,4608.0,3.41,2958.7673611111113,,85.49227084980328,40.0,60.0
Turkmenistan,TKM,2005,Europe & Central Asia,4664.0,3.41,3303.173241852487,,85.49227084980328,40.0,60.0
Turkmenistan,TKM,2006,Europe & Central Asia,4720.0,3.37,3636.228813559322,,85.49227084980328,40.0,60.0
Turkmenistan,TKM,2007,Europe & Central Asia,4774.0,3.13,4012.149141181399,,85.49227084980328,40.0,60.0
Turkmenistan,TKM,2008,Europe & Central Asia,4829.0,3.07,4382.8950093186995,,85.49227084980328,40.0,60.0
Turkmenistan,TKM,2009,Europe & Central Asia,4885.0,2.22,,,85.49227084980328,40.0,60.0
Turkmenistan,TKM,2010,Europe & Central Asia,,2.19,,0.673,85.49227084980328,40.0,60.0
Turkmenistan,TKM,2011,Europe & Central Asia,,2.16,,0.68,85.49227084980328,40.0,60.0
Turkmenistan,TKM,2012,Europe & Central Asia,,2.14,,0.686,85.49227084980328,40.0,60.0
Turkmenistan,TKM,2013,Europe & Central Asia,,2.12,,0.692,85.49227084980328,40.0,60.0
Turkmenistan,TKM,2014,Europe & Central Asia,,2.1,,0.697,85.49227084980328,40.0,60.0
Turkmenistan,TKM,2015,Europe & Central Asia,,2.1,,0.701,85.49227084980328,40.0,60.0
Turkmenistan,TKM,2016,Europe & Central Asia,,2.08,,0.705,85.49227084980328,40.0,60.0
Turkmenistan,TKM,2017,Europe & Central Asia,,2.07,,0.706,85.49227084980328,40.0,60.0
Turks and Caicos Islands,TCA,1960,Other,5.726,,,,84.20502960749467,21.45,-71.35
Turks and Caicos Islands,TCA,1970,Other,5.617,,,,84.20502960749467,21.45,-71.35
Turks and Caicos Islands,TCA,1980,Other,7.465,,,,84.20502960749467,21.45,-71.35
Turks and Caicos Islands,TCA,1990,Other,11.514,,,,84.20502960749467,21.45,-71.35
Turks and Caicos Islands,TCA,1991,Other,12.082,,,,84.20502960749467,21.45,-71.35
Turks and Caicos Islands,TCA,1992,Other,12.659,,,,84.20502960749467,21.45,-71.35
Turks and Caicos Islands,TCA,1993,Other,13.245,,,,84.20502960749467,21.45,-71.35
Turks and Caicos Islands,TCA,1994,Other,13.837,,,,84.20502960749467,21.45,-71.35
Turks and Caicos Islands,TCA,1995,Other,14.437,,,,84.20502960749467,21.45,-71.35
Turks and Caicos Islands,TCA,1996,Other,15.043,,,,84.20502960749467,21.45,-71.35
Turks and Caicos Islands,TCA,1997,Other,15.654,,,,84.20502960749467,21.45,-71.35
Turks and Caicos Islands,TCA,1998,Other,16.27,,,,84.20502960749467,21.45,-71.35
Turks and Caicos Islands,TCA,1999,Other,16.889,,,,84.20502960749467,21.45,-71.35
Turks and Caicos Islands,TCA,2000,Other,17.511,3.25,,,84.20502960749467,21.45,-71.35
Turks and Caicos Islands,TCA,2001,Other,18.132,3.22,,,84.20502960749467,21.45,-71.35
Turks and Caicos Islands,TCA,2002,Other,18.748,3.18,,,84.20502960749467,21.45,-71.35
Turks and Caicos Islands,TCA,2003,Other,19.36,3.15,,,84.20502960749467,21.45,-71.35
Turks and Caicos Islands,TCA,2004,Other,19.967,3.08,,,84.20502960749467,21.45,-71.35
Turks and Caicos Islands,TCA,2005,Other,20.569,3.08,,,84.20502960749467,21.45,-71.35
Turks and Caicos Islands,TCA,2006,Other,21.165,3.05,,,84.20502960749467,21.45,-71.35
Turks and Caicos Islands,TCA,2007,Other,21.76,3.02,,,84.20502960749467,21.45,-71.35
Turks and Caicos Islands,TCA,2008,Other,22.352,2.98,,,84.20502960749467,21.45,-71.35
Turks and Caicos Islands,TCA,2009,Other,23.0,2.95,,,84.20502960749467,21.45,-71.35
Turks and Caicos Islands,TCA,2010,Other,,2.92,,,84.20502960749467,21.45,-71.35
Turks and Caicos Islands,TCA,2011,Other,,1.7,,,84.20502960749467,21.45,-71.35
Turks and Caicos Islands,TCA,2012,Other,,1.7,,,84.20502960749467,21.45,-71.35
Turks and Caicos Islands,TCA,2013,Other,,1.7,,,84.20502960749467,21.45,-71.35
Turks and Caicos Islands,TCA,2014,Other,,1.7,,,84.20502960749467,21.45,-71.35
Turks and Caicos Islands,TCA,2015,Other,,1.7,,,84.20502960749467,21.45,-71.35
Turks and Caicos Islands,TCA,2016,Other,,1.7,,,84.20502960749467,21.45,-71.35
Turks and Caicos Islands,TCA,2017,Other,,1.7,,,84.20502960749467,21.45,-71.35
Uganda,UGA,1960,Sub-Saharan Africa,7261.862,,712.8965713943793,,76.47705422914173,1.0,32.0
Uganda,UGA,1970,Sub-Saharan Africa,9742.933,,867.2959866359761,,76.47705422914173,1.0,32.0
Uganda,UGA,1980,Sub-Saharan Africa,12414.719,,571.8877798971141,,76.47705422914173,1.0,32.0
Uganda,UGA,1990,Sub-Saharan Africa,17455.758,,584.6781331409383,0.311,76.47705422914173,1.0,32.0
Uganda,UGA,1991,Sub-Saharan Africa,18082.137,,570.0686815944376,0.311,76.47705422914173,1.0,32.0
Uganda,UGA,1992,Sub-Saharan Africa,18729.453,,567.4276691369469,0.305,76.47705422914173,1.0,32.0
Uganda,UGA,1993,Sub-Saharan Africa,19424.376,,593.0861865647576,0.312,76.47705422914173,1.0,32.0
Uganda,UGA,1994,Sub-Saharan Africa,20127.59,,608.9651070992602,0.315,76.47705422914173,1.0,32.0
Uganda,UGA,1995,Sub-Saharan Africa,20689.516,,662.9444594063968,0.321,76.47705422914173,1.0,32.0
Uganda,UGA,1996,Sub-Saharan Africa,21248.718,,700.9834663907724,0.338,76.47705422914173,1.0,32.0
Uganda,UGA,1997,Sub-Saharan Africa,21861.011,,716.1150964152573,0.353,76.47705422914173,1.0,32.0
Uganda,UGA,1998,Sub-Saharan Africa,22502.14,,728.4196080906082,0.368,76.47705422914173,1.0,32.0
Uganda,UGA,1999,Sub-Saharan Africa,23227.669,,759.3099419489747,0.384,76.47705422914173,1.0,32.0
Uganda,UGA,2000,Sub-Saharan Africa,23955.822,6.96,773.0062445780403,0.398,76.47705422914173,1.0,32.0
Uganda,UGA,2001,Sub-Saharan Africa,24690.002,6.88,786.7557078367187,0.406,76.47705422914173,1.0,32.0
Uganda,UGA,2002,Sub-Saharan Africa,25469.579,6.8,814.5403581268461,0.421,76.47705422914173,1.0,32.0
Uganda,UGA,2003,Sub-Saharan Africa,26321.962,6.72,822.8489958309339,0.43,76.47705422914173,1.0,32.0
Uganda,UGA,2004,Sub-Saharan Africa,27233.661,6.74,834.5921615165879,0.43,76.47705422914173,1.0,32.0
Uganda,UGA,2005,Sub-Saharan Africa,28199.39,6.74,856.4015037204705,0.437,76.47705422914173,1.0,32.0
Uganda,UGA,2006,Sub-Saharan Africa,29206.503,6.71,916.2000668138874,0.449,76.47705422914173,1.0,32.0
Uganda,UGA,2007,Sub-Saharan Africa,30262.61,6.84,958.4764830264144,0.459,76.47705422914173,1.0,32.0
Uganda,UGA,2008,Sub-Saharan Africa,31367.972,6.81,1007.938925729722,0.47,76.47705422914173,1.0,32.0
Uganda,UGA,2009,Sub-Saharan Africa,32370.0,6.77,,0.477,76.47705422914173,1.0,32.0
Uganda,UGA,2010,Sub-Saharan Africa,,6.73,,0.486,76.47705422914173,1.0,32.0
Uganda,UGA,2011,Sub-Saharan Africa,,6.69,,0.49,76.47705422914173,1.0,32.0
Uganda,UGA,2012,Sub-Saharan Africa,,6.14,,0.492,76.47705422914173,1.0,32.0
Uganda,UGA,2013,Sub-Saharan Africa,,6.06,,0.496,76.47705422914173,1.0,32.0
Uganda,UGA,2014,Sub-Saharan Africa,,5.97,,0.5,76.47705422914173,1.0,32.0
Uganda,UGA,2015,Sub-Saharan Africa,,5.97,,0.505,76.47705422914173,1.0,32.0
Uganda,UGA,2016,Sub-Saharan Africa,,5.8,,0.508,76.47705422914173,1.0,32.0
Uganda,UGA,2017,Sub-Saharan Africa,,5.71,,0.516,76.47705422914173,1.0,32.0
Ukraine,UKR,1960,Europe & Central Asia,42644.035,,,,90.61780447641814,49.0,32.0
Ukraine,UKR,1970,Europe & Central Asia,47235.697,,,,90.61780447641814,49.0,32.0
Ukraine,UKR,1980,Europe & Central Asia,50046.649,,,,90.61780447641814,49.0,32.0
Ukraine,UKR,1990,Europe & Central Asia,51622.275,,6026.7006829900465,0.705,90.61780447641814,49.0,32.0
Ukraine,UKR,1991,Europe & Central Asia,51730.355,,5490.881630330972,0.701,90.61780447641814,49.0,32.0
Ukraine,UKR,1992,Europe & Central Asia,51869.109,,4934.049969048052,0.692,90.61780447641814,49.0,32.0
Ukraine,UKR,1993,Europe & Central Asia,51887.112,,4231.946027615644,0.681,90.61780447641814,49.0,32.0
Ukraine,UKR,1994,Europe & Central Asia,51637.611,,3278.5956294997036,0.668,90.61780447641814,49.0,32.0
Ukraine,UKR,1995,Europe & Central Asia,51247.259,,2900.5334033929953,0.664,90.61780447641814,49.0,32.0
Ukraine,UKR,1996,Europe & Central Asia,50812.52,,2632.8146666539874,0.661,90.61780447641814,49.0,32.0
Ukraine,UKR,1997,Europe & Central Asia,50369.926,,2576.270401280311,0.663,90.61780447641814,49.0,32.0
Ukraine,UKR,1998,Europe & Central Asia,49938.798,,2549.1399498357664,0.665,90.61780447641814,49.0,32.0
Ukraine,UKR,1999,Europe & Central Asia,49487.245,,2567.255119142747,0.667,90.61780447641814,49.0,32.0
Ukraine,UKR,2000,Europe & Central Asia,49005.0,1.26,2745.4773933062766,0.671,90.61780447641814,49.0,32.0
Ukraine,UKR,2001,Europe & Central Asia,48508.0,1.29,3028.778648214721,0.681,90.61780447641814,49.0,32.0
Ukraine,UKR,2002,Europe & Central Asia,48057.0,1.32,3216.1773392079176,0.689,90.61780447641814,49.0,32.0
Ukraine,UKR,2003,Europe & Central Asia,47667.0,1.34,3547.285518765698,0.699,90.61780447641814,49.0,32.0
Ukraine,UKR,2004,Europe & Central Asia,47305.0,1.4,4006.933727935736,0.706,90.61780447641814,49.0,32.0
Ukraine,UKR,2005,Europe & Central Asia,46959.0,1.16,4145.446027385591,0.715,90.61780447641814,49.0,32.0
Ukraine,UKR,2006,Europe & Central Asia,46620.0,1.17,4480.394680394681,0.721,90.61780447641814,49.0,32.0
Ukraine,UKR,2007,Europe & Central Asia,46300.0,1.24,4867.775377969762,0.729,90.61780447641814,49.0,32.0
Ukraine,UKR,2008,Europe & Central Asia,45994.0,1.25,5003.065617254425,0.733,90.61780447641814,49.0,32.0
Ukraine,UKR,2009,Europe & Central Asia,45700.0,1.26,,0.727,90.61780447641814,49.0,32.0
Ukraine,UKR,2010,Europe & Central Asia,,1.27,,0.733,90.61780447641814,49.0,32.0
Ukraine,UKR,2011,Europe & Central Asia,,1.28,,0.738,90.61780447641814,49.0,32.0
Ukraine,UKR,2012,Europe & Central Asia,,1.29,,0.743,90.61780447641814,49.0,32.0
Ukraine,UKR,2013,Europe & Central Asia,,1.29,,0.745,90.61780447641814,49.0,32.0
Ukraine,UKR,2014,Europe & Central Asia,,1.3,,0.748,90.61780447641814,49.0,32.0
Ukraine,UKR,2015,Europe & Central Asia,,1.3,,0.743,90.61780447641814,49.0,32.0
Ukraine,UKR,2016,Europe & Central Asia,,1.54,,0.746,90.61780447641814,49.0,32.0
Ukraine,UKR,2017,Europe & Central Asia,,1.54,,0.751,90.61780447641814,49.0,32.0
United Arab Emirates,ARE,1960,Middle East & North Africa,103.048,,22432.80229402804,,82.03602627047022,24.0,54.0
United Arab Emirates,ARE,1970,Middle East & North Africa,249.369,,24552.41148129651,,82.03602627047022,24.0,54.0
United Arab Emirates,ARE,1980,Middle East & North Africa,1000.285,,27709.370931739475,,82.03602627047022,24.0,54.0
United Arab Emirates,ARE,1990,Middle East & North Africa,1826.25,,13960.848733744011,0.727,82.03602627047022,24.0,54.0
United Arab Emirates,ARE,1991,Middle East & North Africa,1936.688,,13191.072594036828,0.738,82.03602627047022,24.0,54.0
United Arab Emirates,ARE,1992,Middle East & North Africa,2056.289,,12759.27692265046,0.742,82.03602627047022,24.0,54.0
United Arab Emirates,ARE,1993,Middle East & North Africa,2184.199,,11903.96568121494,0.748,82.03602627047022,24.0,54.0
United Arab Emirates,ARE,1994,Middle East & North Africa,2319.182,,12171.532893925532,0.756,82.03602627047022,24.0,54.0
United Arab Emirates,ARE,1995,Middle East & North Africa,2457.98,,12391.88276552291,0.764,82.03602627047022,24.0,54.0
United Arab Emirates,ARE,1996,Middle East & North Africa,2599.579,,12446.630781368829,0.771,82.03602627047022,24.0,54.0
United Arab Emirates,ARE,1997,Middle East & North Africa,2746.332,,12568.40032450556,0.778,82.03602627047022,24.0,54.0
United Arab Emirates,ARE,1998,Middle East & North Africa,2898.504,,12391.219746462313,0.785,82.03602627047022,24.0,54.0
United Arab Emirates,ARE,1999,Middle East & North Africa,3056.08,,12116.502185806654,0.791,82.03602627047022,24.0,54.0
United Arab Emirates,ARE,2000,Middle East & North Africa,3219.297,3.29,12928.599007795801,0.798,82.03602627047022,24.0,54.0
United Arab Emirates,ARE,2001,Middle East & North Africa,3387.327,3.23,12496.283943061888,0.803,82.03602627047022,24.0,54.0
United Arab Emirates,ARE,2002,Middle East & North Africa,3558.098,3.16,12205.678427069744,0.808,82.03602627047022,24.0,54.0
United Arab Emirates,ARE,2003,Middle East & North Africa,3731.7,3.09,13022.751025002011,0.813,82.03602627047022,24.0,54.0
United Arab Emirates,ARE,2004,Middle East & North Africa,3907.949,2.94,13641.682631989312,0.818,82.03602627047022,24.0,54.0
United Arab Emirates,ARE,2005,Middle East & North Africa,4086.602,2.94,14115.149946092133,0.825,82.03602627047022,24.0,54.0
United Arab Emirates,ARE,2006,Middle East & North Africa,4265.914,2.88,14792.843925123669,0.83,82.03602627047022,24.0,54.0
United Arab Emirates,ARE,2007,Middle East & North Africa,4444.011,2.43,15094.472088390417,0.835,82.03602627047022,24.0,54.0
United Arab Emirates,ARE,2008,Middle East & North Africa,4621.399,2.43,15589.218762543549,0.838,82.03602627047022,24.0,54.0
United Arab Emirates,ARE,2009,Middle East & North Africa,4798.0,2.42,,0.835,82.03602627047022,24.0,54.0
United Arab Emirates,ARE,2010,Middle East & North Africa,,2.41,,0.836,82.03602627047022,24.0,54.0
United Arab Emirates,ARE,2011,Middle East & North Africa,,2.4,,0.841,82.03602627047022,24.0,54.0
United Arab Emirates,ARE,2012,Middle East & North Africa,,2.38,,0.846,82.03602627047022,24.0,54.0
United Arab Emirates,ARE,2013,Middle East & North Africa,,2.37,,0.851,82.03602627047022,24.0,54.0
United Arab Emirates,ARE,2014,Middle East & North Africa,,2.36,,0.855,82.03602627047022,24.0,54.0
United Arab Emirates,ARE,2015,Middle East & North Africa,,2.36,,0.86,82.03602627047022,24.0,54.0
United Arab Emirates,ARE,2016,Middle East & North Africa,,2.33,,0.862,82.03602627047022,24.0,54.0
United Arab Emirates,ARE,2017,Middle East & North Africa,,2.32,,0.863,82.03602627047022,24.0,54.0
United Kingdom,GBR,1960,Europe & Central Asia,52372.0,,8645.23027571985,,99.66185472324818,54.0,-2.0
United Kingdom,GBR,1970,Europe & Central Asia,55632.0,,10767.471958584987,,99.66185472324818,54.0,-2.0
United Kingdom,GBR,1980,Europe & Central Asia,56314.0,,12931.49128103136,,99.66185472324818,54.0,-2.0
United Kingdom,GBR,1990,Europe & Central Asia,57493.307,,16429.91244180823,0.775,99.66185472324818,54.0,-2.0
United Kingdom,GBR,1991,Europe & Central Asia,57665.646,,16157.216156419012,0.788,99.66185472324818,54.0,-2.0
United Kingdom,GBR,1992,Europe & Central Asia,57866.349,,16132.603086575276,0.801,99.66185472324818,54.0,-2.0
United Kingdom,GBR,1993,Europe & Central Asia,58026.92,,16463.132857746637,0.814,99.66185472324818,54.0,-2.0
United Kingdom,GBR,1994,Europe & Central Asia,58212.518,,17136.98720005861,0.827,99.66185472324818,54.0,-2.0
United Kingdom,GBR,1995,Europe & Central Asia,58426.014,,17561.419187255928,0.839,99.66185472324818,54.0,-2.0
United Kingdom,GBR,1996,Europe & Central Asia,58618.663,,17996.80011055278,0.844,99.66185472324818,54.0,-2.0
United Kingdom,GBR,1997,Europe & Central Asia,58808.266,,18526.683578830798,0.849,99.66185472324818,54.0,-2.0
United Kingdom,GBR,1998,Europe & Central Asia,59035.652,,19023.19974377517,0.855,99.66185472324818,54.0,-2.0
United Kingdom,GBR,1999,Europe & Central Asia,59293.32,,19516.43119326089,0.861,99.66185472324818,54.0,-2.0
United Kingdom,GBR,2000,Europe & Central Asia,59522.468,1.74,20352.869104822737,0.867,99.66185472324818,54.0,-2.0
United Kingdom,GBR,2001,Europe & Central Asia,59723.243,1.73,20589.97365565028,0.871,99.66185472324818,54.0,-2.0
United Kingdom,GBR,2002,Europe & Central Asia,59912.431,1.73,20945.65316503348,0.874,99.66185472324818,54.0,-2.0
United Kingdom,GBR,2003,Europe & Central Asia,60094.648,1.66,21460.896151683923,0.878,99.66185472324818,54.0,-2.0
United Kingdom,GBR,2004,Europe & Central Asia,60270.708,1.66,22095.6588065964,0.886,99.66185472324818,54.0,-2.0
United Kingdom,GBR,2005,Europe & Central Asia,60441.457,1.66,22517.971398340047,0.891,99.66185472324818,54.0,-2.0
United Kingdom,GBR,2006,Europe & Central Asia,60609.153,1.66,23106.872983359463,0.889,99.66185472324818,54.0,-2.0
United Kingdom,GBR,2007,Europe & Central Asia,60776.238,1.66,23642.480141663258,0.892,99.66185472324818,54.0,-2.0
United Kingdom,GBR,2008,Europe & Central Asia,60943.912,1.66,23742.469961560724,0.896,99.66185472324818,54.0,-2.0
United Kingdom,GBR,2009,Europe & Central Asia,61113.0,1.66,,0.899,99.66185472324818,54.0,-2.0
United Kingdom,GBR,2010,Europe & Central Asia,,1.92,,0.905,99.66185472324818,54.0,-2.0
United Kingdom,GBR,2011,Europe & Central Asia,,1.91,,0.899,99.66185472324818,54.0,-2.0
United Kingdom,GBR,2012,Europe & Central Asia,,1.91,,0.898,99.66185472324818,54.0,-2.0
United Kingdom,GBR,2013,Europe & Central Asia,,1.9,,0.915,99.66185472324818,54.0,-2.0
United Kingdom,GBR,2014,Europe & Central Asia,,1.9,,0.919,99.66185472324818,54.0,-2.0
United Kingdom,GBR,2015,Europe & Central Asia,,1.9,,0.918,99.66185472324818,54.0,-2.0
United Kingdom,GBR,2016,Europe & Central Asia,,1.89,,0.92,99.66185472324818,54.0,-2.0
United Kingdom,GBR,2017,Europe & Central Asia,,1.88,,0.922,99.66185472324818,54.0,-2.0
United States,USA,1960,North America,180671.0,,11328.475516269904,,97.50435606523484,38.0,-97.0
United States,USA,1970,North America,205052.0,,15029.846087821626,,97.50435606523484,38.0,-97.0
United States,USA,1980,North America,227726.463,,18577.36665413365,,97.50435606523484,38.0,-97.0
United States,USA,1990,North America,250131.894,,23200.559941388365,0.86,97.50435606523484,38.0,-97.0
United States,USA,1991,North America,253492.503,,22848.52918067601,0.861,97.50435606523484,38.0,-97.0
United States,USA,1992,North America,256894.189,,23298.119448949757,0.867,97.50435606523484,38.0,-97.0
United States,USA,1993,North America,260255.352,,23616.074711866208,0.871,97.50435606523484,38.0,-97.0
United States,USA,1994,North America,263435.673,,24278.63474414547,0.875,97.50435606523484,38.0,-97.0
United States,USA,1995,North America,266557.091,,24603.174663290505,0.877,97.50435606523484,38.0,-97.0
United States,USA,1996,North America,269667.391,,25230.224231062657,0.879,97.50435606523484,38.0,-97.0
United States,USA,1997,North America,272911.76,,26051.550692973986,0.881,97.50435606523484,38.0,-97.0
United States,USA,1998,North America,276115.288,,26848.774125103857,0.884,97.50435606523484,38.0,-97.0
United States,USA,1999,North America,279294.713,,27734.749851852728,0.885,97.50435606523484,38.0,-97.0
United States,USA,2000,North America,282158.0,2.06,28467.061008371198,0.885,97.50435606523484,38.0,-97.0
United States,USA,2001,North America,284915.0,2.06,28405.464787743713,0.887,97.50435606523484,38.0,-97.0
United States,USA,2002,North America,287501.0,2.07,28603.924855913545,0.889,97.50435606523484,38.0,-97.0
United States,USA,2003,North America,289986.0,2.07,29074.23461822295,0.893,97.50435606523484,38.0,-97.0
United States,USA,2004,North America,292806.0,2.08,29845.23882707322,0.895,97.50435606523484,38.0,-97.0
United States,USA,2005,North America,295583.0,2.08,30481.35379910211,0.898,97.50435606523484,38.0,-97.0
United States,USA,2006,North America,298442.0,2.09,31004.463178775106,0.901,97.50435606523484,38.0,-97.0
United States,USA,2007,North America,301280.0,2.09,31357.365241635685,0.905,97.50435606523484,38.0,-97.0
United States,USA,2008,North America,304228.0,2.1,31177.721971679133,0.91,97.50435606523484,38.0,-97.0
United States,USA,2009,North America,307212.0,2.05,,0.91,97.50435606523484,38.0,-97.0
United States,USA,2010,North America,,2.06,,0.914,97.50435606523484,38.0,-97.0
United States,USA,2011,North America,,2.06,,0.917,97.50435606523484,38.0,-97.0
United States,USA,2012,North America,,2.06,,0.918,97.50435606523484,38.0,-97.0
United States,USA,2013,North America,,2.06,,0.916,97.50435606523484,38.0,-97.0
United States,USA,2014,North America,,2.01,,0.918,97.50435606523484,38.0,-97.0
United States,USA,2015,North America,,2.01,,0.92,97.50435606523484,38.0,-97.0
United States,USA,2016,North America,,1.87,,0.922,97.50435606523484,38.0,-97.0
United States,USA,2017,North America,,1.87,,0.924,97.50435606523484,38.0,-97.0
Uruguay,URY,1960,Latin America & Caribbean,2530.969,,4960.155576777115,,87.60702726327536,-33.0,-56.0
Uruguay,URY,1970,Latin America & Caribbean,2823.659,,5184.0537402002155,,87.60702726327536,-33.0,-56.0
Uruguay,URY,1980,Latin America & Caribbean,2930.0,,6554.607508532423,,87.60702726327536,-33.0,-56.0
Uruguay,URY,1990,Latin America & Caribbean,3110.0,,6464.630225080386,0.692,87.60702726327536,-33.0,-56.0
Uruguay,URY,1991,Latin America & Caribbean,3131.0,,6607.154263813478,0.697,87.60702726327536,-33.0,-56.0
Uruguay,URY,1992,Latin America & Caribbean,3153.0,,7046.62226450999,0.7,87.60702726327536,-33.0,-56.0
Uruguay,URY,1993,Latin America & Caribbean,3175.0,,7214.8031496062995,0.703,87.60702726327536,-33.0,-56.0
Uruguay,URY,1994,Latin America & Caribbean,3195.0,,7563.6932707355245,0.709,87.60702726327536,-33.0,-56.0
Uruguay,URY,1995,Latin America & Caribbean,3219.0,,7357.253805529668,0.711,87.60702726327536,-33.0,-56.0
Uruguay,URY,1996,Latin America & Caribbean,3242.0,,7670.265268352869,0.717,87.60702726327536,-33.0,-56.0
Uruguay,URY,1997,Latin America & Caribbean,3267.0,,7992.653810835629,0.727,87.60702726327536,-33.0,-56.0
Uruguay,URY,1998,Latin America & Caribbean,3289.0,,8304.347826086958,0.735,87.60702726327536,-33.0,-56.0
Uruguay,URY,1999,Latin America & Caribbean,3308.0,,8025.392986698911,0.737,87.60702726327536,-33.0,-56.0
Uruguay,URY,2000,Latin America & Caribbean,3328.0,2.37,7873.497596153846,0.742,87.60702726327536,-33.0,-56.0
Uruguay,URY,2001,Latin America & Caribbean,3348.0,2.36,7561.52927120669,0.746,87.60702726327536,-33.0,-56.0
Uruguay,URY,2002,Latin America & Caribbean,3368.0,2.35,6689.726840855106,0.747,87.60702726327536,-33.0,-56.0
Uruguay,URY,2003,Latin America & Caribbean,3387.0,2.35,6798.641865958075,0.75,87.60702726327536,-33.0,-56.0
Uruguay,URY,2004,Latin America & Caribbean,3406.0,1.91,7558.426306517909,0.754,87.60702726327536,-33.0,-56.0
Uruguay,URY,2005,Latin America & Caribbean,3425.0,1.91,8012.554744525547,0.756,87.60702726327536,-33.0,-56.0
Uruguay,URY,2006,Latin America & Caribbean,3443.0,1.89,8528.608771420273,0.761,87.60702726327536,-33.0,-56.0
Uruguay,URY,2007,Latin America & Caribbean,3461.0,1.97,9129.153423865935,0.762,87.60702726327536,-33.0,-56.0
Uruguay,URY,2008,Latin America & Caribbean,3478.0,1.94,9893.041978148362,0.766,87.60702726327536,-33.0,-56.0
Uruguay,URY,2009,Latin America & Caribbean,3494.0,1.92,,0.778,87.60702726327536,-33.0,-56.0
Uruguay,URY,2010,Latin America & Caribbean,,1.89,,0.773,87.60702726327536,-33.0,-56.0
Uruguay,URY,2011,Latin America & Caribbean,,1.89,,0.782,87.60702726327536,-33.0,-56.0
Uruguay,URY,2012,Latin America & Caribbean,,1.87,,0.79,87.60702726327536,-33.0,-56.0
Uruguay,URY,2013,Latin America & Caribbean,,1.86,,0.797,87.60702726327536,-33.0,-56.0
Uruguay,URY,2014,Latin America & Caribbean,,1.84,,0.801,87.60702726327536,-33.0,-56.0
Uruguay,URY,2015,Latin America & Caribbean,,1.84,,0.8,87.60702726327536,-33.0,-56.0
Uruguay,URY,2016,Latin America & Caribbean,,1.81,,0.802,87.60702726327536,-33.0,-56.0
Uruguay,URY,2017,Latin America & Caribbean,,1.8,,0.804,87.60702726327536,-33.0,-56.0
Uzbekistan,UZB,1960,Europe & Central Asia,8531.032,,,,89.00641551681042,41.0,64.0
Uzbekistan,UZB,1970,Europe & Central Asia,11940.155,,,,89.00641551681042,41.0,64.0
Uzbekistan,UZB,1980,Europe & Central Asia,15994.0,,,,89.00641551681042,41.0,64.0
Uzbekistan,UZB,1990,Europe & Central Asia,20530.0,,4260.496833901607,,89.00641551681042,41.0,64.0
Uzbekistan,UZB,1991,Europe & Central Asia,21059.0,,4132.7062063725725,,89.00641551681042,41.0,64.0
Uzbekistan,UZB,1992,Europe & Central Asia,21610.0,,3580.2987848218418,,89.00641551681042,41.0,64.0
Uzbekistan,UZB,1993,Europe & Central Asia,22128.0,,3416.0674636198473,,89.00641551681042,41.0,64.0
Uzbekistan,UZB,1994,Europe & Central Asia,22604.0,,3170.2363436365695,,89.00641551681042,41.0,64.0
Uzbekistan,UZB,1995,Europe & Central Asia,23067.0,,3078.6440417374156,,89.00641551681042,41.0,64.0
Uzbekistan,UZB,1996,Europe & Central Asia,23524.0,,3070.155522302323,,89.00641551681042,41.0,64.0
Uzbekistan,UZB,1997,Europe & Central Asia,23952.0,,3172.090017910201,,89.00641551681042,41.0,64.0
Uzbekistan,UZB,1998,Europe & Central Asia,24342.0,,3258.6035540949997,,89.00641551681042,41.0,64.0
Uzbekistan,UZB,1999,Europe & Central Asia,24702.0,,3352.402580082052,,89.00641551681042,41.0,64.0
Uzbekistan,UZB,2000,Europe & Central Asia,25042.0,3.09,3439.1618271110265,0.595,89.00641551681042,41.0,64.0
Uzbekistan,UZB,2001,Europe & Central Asia,25372.0,3.06,3547.179865436997,0.602,89.00641551681042,41.0,64.0
Uzbekistan,UZB,2002,Europe & Central Asia,25696.0,3.03,3649.5566447226774,0.609,89.00641551681042,41.0,64.0
Uzbekistan,UZB,2003,Europe & Central Asia,25992.0,3.0,3766.746840361529,0.614,89.00641551681042,41.0,64.0
Uzbekistan,UZB,2004,Europe & Central Asia,26268.0,2.94,4014.1617176793056,0.621,89.00641551681042,41.0,64.0
Uzbekistan,UZB,2005,Europe & Central Asia,26540.0,2.94,4251.130369253956,0.628,89.00641551681042,41.0,64.0
Uzbekistan,UZB,2006,Europe & Central Asia,26810.0,2.91,4515.516598284222,0.634,89.00641551681042,41.0,64.0
Uzbekistan,UZB,2007,Europe & Central Asia,27079.0,2.88,4895.380183906348,0.646,89.00641551681042,41.0,64.0
Uzbekistan,UZB,2008,Europe & Central Asia,27345.0,2.01,5284.073870908759,0.653,89.00641551681042,41.0,64.0
Uzbekistan,UZB,2009,Europe & Central Asia,27606.0,1.95,,0.659,89.00641551681042,41.0,64.0
Uzbekistan,UZB,2010,Europe & Central Asia,,1.92,,0.666,89.00641551681042,41.0,64.0
Uzbekistan,UZB,2011,Europe & Central Asia,,1.89,,0.674,89.00641551681042,41.0,64.0
Uzbekistan,UZB,2012,Europe & Central Asia,,1.86,,0.683,89.00641551681042,41.0,64.0
Uzbekistan,UZB,2013,Europe & Central Asia,,1.83,,0.69,89.00641551681042,41.0,64.0
Uzbekistan,UZB,2014,Europe & Central Asia,,1.8,,0.695,89.00641551681042,41.0,64.0
Uzbekistan,UZB,2015,Europe & Central Asia,,1.8,,0.698,89.00641551681042,41.0,64.0
Uzbekistan,UZB,2016,Europe & Central Asia,,1.78,,0.703,89.00641551681042,41.0,64.0
Uzbekistan,UZB,2017,Europe & Central Asia,,1.76,,0.71,89.00641551681042,41.0,64.0
Vanuatu,VUT,1960,East Asia & Pacific,66.087,,,,94.15957621545607,-16.0,167.0
Vanuatu,VUT,1970,East Asia & Pacific,85.4,,,,94.15957621545607,-16.0,167.0
Vanuatu,VUT,1980,East Asia & Pacific,116.791,,,,94.15957621545607,-16.0,167.0
Vanuatu,VUT,1990,East Asia & Pacific,153.88,,,,94.15957621545607,-16.0,167.0
Vanuatu,VUT,1991,East Asia & Pacific,157.721,,,,94.15957621545607,-16.0,167.0
Vanuatu,VUT,1992,East Asia & Pacific,161.516,,,,94.15957621545607,-16.0,167.0
Vanuatu,VUT,1993,East Asia & Pacific,165.258,,,,94.15957621545607,-16.0,167.0
Vanuatu,VUT,1994,East Asia & Pacific,168.938,,,,94.15957621545607,-16.0,167.0
Vanuatu,VUT,1995,East Asia & Pacific,172.547,,,,94.15957621545607,-16.0,167.0
Vanuatu,VUT,1996,East Asia & Pacific,176.102,,,,94.15957621545607,-16.0,167.0
Vanuatu,VUT,1997,East Asia & Pacific,179.62,,,,94.15957621545607,-16.0,167.0
Vanuatu,VUT,1998,East Asia & Pacific,183.092,,,,94.15957621545607,-16.0,167.0
Vanuatu,VUT,1999,East Asia & Pacific,186.509,,,,94.15957621545607,-16.0,167.0
Vanuatu,VUT,2000,East Asia & Pacific,189.862,3.29,,,94.15957621545607,-16.0,167.0
Vanuatu,VUT,2001,East Asia & Pacific,193.171,3.19,,,94.15957621545607,-16.0,167.0
Vanuatu,VUT,2002,East Asia & Pacific,196.458,3.08,,,94.15957621545607,-16.0,167.0
Vanuatu,VUT,2003,East Asia & Pacific,199.713,2.98,,,94.15957621545607,-16.0,167.0
Vanuatu,VUT,2004,East Asia & Pacific,202.927,2.77,,,94.15957621545607,-16.0,167.0
Vanuatu,VUT,2005,East Asia & Pacific,206.09,2.77,,0.572,94.15957621545607,-16.0,167.0
Vanuatu,VUT,2006,East Asia & Pacific,209.222,2.7,,0.579,94.15957621545607,-16.0,167.0
Vanuatu,VUT,2007,East Asia & Pacific,212.344,2.63,,0.582,94.15957621545607,-16.0,167.0
Vanuatu,VUT,2008,East Asia & Pacific,215.446,2.57,,0.589,94.15957621545607,-16.0,167.0
Vanuatu,VUT,2009,East Asia & Pacific,219.0,2.5,,0.59,94.15957621545607,-16.0,167.0
Vanuatu,VUT,2010,East Asia & Pacific,,2.43,,0.591,94.15957621545607,-16.0,167.0
Vanuatu,VUT,2011,East Asia & Pacific,,2.39,,0.592,94.15957621545607,-16.0,167.0
Vanuatu,VUT,2012,East Asia & Pacific,,3.57,,0.592,94.15957621545607,-16.0,167.0
Vanuatu,VUT,2013,East Asia & Pacific,,3.47,,0.597,94.15957621545607,-16.0,167.0
Vanuatu,VUT,2014,East Asia & Pacific,,3.36,,0.598,94.15957621545607,-16.0,167.0
Vanuatu,VUT,2015,East Asia & Pacific,,3.36,,0.599,94.15957621545607,-16.0,167.0
Vanuatu,VUT,2016,East Asia & Pacific,,3.16,,0.6,94.15957621545607,-16.0,167.0
Vanuatu,VUT,2017,East Asia & Pacific,,3.07,,0.603,94.15957621545607,-16.0,167.0
Venezuela,VEN,1960,Latin America & Caribbean,7556.483,,9645.889496476071,,83.05783168476643,8.0,-66.0
Venezuela,VEN,1970,Latin America & Caribbean,10758.017,,10671.762277378813,,83.05783168476643,8.0,-66.0
Venezuela,VEN,1980,Latin America & Caribbean,14767.89,,10139.22774343525,,83.05783168476643,8.0,-66.0
Venezuela,VEN,1990,Latin America & Caribbean,19325.222,,8312.86698802218,0.634,83.05783168476643,8.0,-66.0
Venezuela,VEN,1991,Latin America & Caribbean,19791.0,,8969.531605275126,0.644,83.05783168476643,8.0,-66.0
Venezuela,VEN,1992,Latin America & Caribbean,20246.0,,9381.705028153709,0.651,83.05783168476643,8.0,-66.0
Venezuela,VEN,1993,Latin America & Caribbean,20691.0,,9143.202358513363,0.653,83.05783168476643,8.0,-66.0
Venezuela,VEN,1994,Latin America & Caribbean,21126.0,,8623.639117674904,0.654,83.05783168476643,8.0,-66.0
Venezuela,VEN,1995,Latin America & Caribbean,21549.0,,8953.13007564156,0.658,83.05783168476643,8.0,-66.0
Venezuela,VEN,1996,Latin America & Caribbean,21961.0,,8750.05691908383,0.66,83.05783168476643,8.0,-66.0
Venezuela,VEN,1997,Latin America & Caribbean,22362.0,,9160.316608532332,0.664,83.05783168476643,8.0,-66.0
Venezuela,VEN,1998,Latin America & Caribbean,22751.0,,8985.670959518264,0.667,83.05783168476643,8.0,-66.0
Venezuela,VEN,1999,Latin America & Caribbean,23129.0,,8299.66708461239,0.67,83.05783168476643,8.0,-66.0
Venezuela,VEN,2000,Latin America & Caribbean,23493.0,2.51,8432.511812029115,0.672,83.05783168476643,8.0,-66.0
Venezuela,VEN,2001,Latin America & Caribbean,23844.0,2.46,8590.379131018284,0.68,83.05783168476643,8.0,-66.0
Venezuela,VEN,2002,Latin America & Caribbean,24192.0,2.41,7717.01388888889,0.688,83.05783168476643,8.0,-66.0
Venezuela,VEN,2003,Latin America & Caribbean,24545.0,2.36,7012.75208800163,0.687,83.05783168476643,8.0,-66.0
Venezuela,VEN,2004,Latin America & Caribbean,24905.0,2.26,8176.149367596868,0.7,83.05783168476643,8.0,-66.0
Venezuela,VEN,2005,Latin America & Caribbean,25269.0,2.26,8888.440381495113,0.714,83.05783168476643,8.0,-66.0
Venezuela,VEN,2006,Latin America & Caribbean,25641.0,2.23,9626.652626652627,0.727,83.05783168476643,8.0,-66.0
Venezuela,VEN,2007,Latin America & Caribbean,26024.0,2.55,10262.719028588996,0.744,83.05783168476643,8.0,-66.0
Venezuela,VEN,2008,Latin America & Caribbean,26415.0,2.52,10596.138557637707,0.753,83.05783168476643,8.0,-66.0
Venezuela,VEN,2009,Latin America & Caribbean,26815.0,2.48,,0.753,83.05783168476643,8.0,-66.0
Venezuela,VEN,2010,Latin America & Caribbean,,2.45,,0.759,83.05783168476643,8.0,-66.0
Venezuela,VEN,2011,Latin America & Caribbean,,2.42,,0.771,83.05783168476643,8.0,-66.0
Venezuela,VEN,2012,Latin America & Caribbean,,2.4,,0.774,83.05783168476643,8.0,-66.0
Venezuela,VEN,2013,Latin America & Caribbean,,2.37,,0.776,83.05783168476643,8.0,-66.0
Venezuela,VEN,2014,Latin America & Caribbean,,2.35,,0.778,83.05783168476643,8.0,-66.0
Venezuela,VEN,2015,Latin America & Caribbean,,2.35,,0.775,83.05783168476643,8.0,-66.0
Venezuela,VEN,2016,Latin America & Caribbean,,2.35,,0.766,83.05783168476643,8.0,-66.0
Venezuela,VEN,2017,Latin America & Caribbean,,2.32,,0.761,83.05783168476643,8.0,-66.0
Vietnam,VNM,1960,East Asia & Pacific,31656.282,,799.1146907271044,,89.60830895024351,16.1,107.5
Vietnam,VNM,1970,East Asia & Pacific,42576.676,,735.026848972428,,89.60830895024351,16.1,107.5
Vietnam,VNM,1980,East Asia & Pacific,53715.202,,757.1599563192558,,89.60830895024351,16.1,107.5
Vietnam,VNM,1990,East Asia & Pacific,67282.704,,1024.9142186675494,0.475,89.60830895024351,16.1,107.5
Vietnam,VNM,1991,East Asia & Pacific,68639.527,,1063.0145699268087,0.484,89.60830895024351,16.1,107.5
Vietnam,VNM,1992,East Asia & Pacific,69940.728,,1133.9984024024486,0.496,89.60830895024351,16.1,107.5
Vietnam,VNM,1993,East Asia & Pacific,71243.961,,1203.1837723578826,0.506,89.60830895024351,16.1,107.5
Vietnam,VNM,1994,East Asia & Pacific,72538.927,,1286.0922708340695,0.517,89.60830895024351,16.1,107.5
Vietnam,VNM,1995,East Asia & Pacific,73772.337,,1385.2378585341462,0.529,89.60830895024351,16.1,107.5
Vietnam,VNM,1996,East Asia & Pacific,74941.175,,1490.996249305376,0.54,89.60830895024351,16.1,107.5
Vietnam,VNM,1997,East Asia & Pacific,76048.996,,1589.0474592199625,0.539,89.60830895024351,16.1,107.5
Vietnam,VNM,1998,East Asia & Pacific,77092.383,,1657.907133706275,0.559,89.60830895024351,16.1,107.5
Vietnam,VNM,1999,East Asia & Pacific,78089.676,,1714.8646872706076,0.567,89.60830895024351,16.1,107.5
Vietnam,VNM,2000,East Asia & Pacific,79060.41,2.53,1808.7731487298413,0.579,89.60830895024351,16.1,107.5
Vietnam,VNM,2001,East Asia & Pacific,79999.453,2.49,1910.790778663284,0.587,89.60830895024351,16.1,107.5
Vietnam,VNM,2002,East Asia & Pacific,80908.147,2.44,2023.0983021788913,0.595,89.60830895024351,16.1,107.5
Vietnam,VNM,2003,East Asia & Pacific,81790.803,2.24,2146.5593821565803,0.603,89.60830895024351,16.1,107.5
Vietnam,VNM,2004,East Asia & Pacific,82662.8,1.94,2289.5788673986362,0.612,89.60830895024351,16.1,107.5
Vietnam,VNM,2005,East Asia & Pacific,83535.576,1.94,2455.971573117542,0.616,89.60830895024351,16.1,107.5
Vietnam,VNM,2006,East Asia & Pacific,84402.966,1.91,2630.0497544126592,0.624,89.60830895024351,16.1,107.5
Vietnam,VNM,2007,East Asia & Pacific,85262.356,1.89,2824.845703301936,0.632,89.60830895024351,16.1,107.5
Vietnam,VNM,2008,East Asia & Pacific,86116.559,1.86,2970.2301505103105,0.64,89.60830895024351,16.1,107.5
Vietnam,VNM,2009,East Asia & Pacific,88577.0,1.83,,0.656,89.60830895024351,16.1,107.5
Vietnam,VNM,2010,East Asia & Pacific,,1.93,,0.654,89.60830895024351,16.1,107.5
Vietnam,VNM,2011,East Asia & Pacific,,1.91,,0.664,89.60830895024351,16.1,107.5
Vietnam,VNM,2012,East Asia & Pacific,,1.89,,0.67,89.60830895024351,16.1,107.5
Vietnam,VNM,2013,East Asia & Pacific,,1.87,,0.675,89.60830895024351,16.1,107.5
Vietnam,VNM,2014,East Asia & Pacific,,1.85,,0.678,89.60830895024351,16.1,107.5
Vietnam,VNM,2015,East Asia & Pacific,,1.85,,0.684,89.60830895024351,16.1,107.5
Vietnam,VNM,2016,East Asia & Pacific,,1.82,,0.689,89.60830895024351,16.1,107.5
Vietnam,VNM,2017,East Asia & Pacific,,1.81,,0.694,89.60830895024351,16.1,107.5
Virgin Islands,VGB,1960,Other,32.5,,,,76.56618121730016,18.2,-64.5
Virgin Islands,VGB,1970,Other,63.476,,,,76.56618121730016,18.2,-64.5
Virgin Islands,VGB,1980,Other,99.636,,,,76.56618121730016,18.2,-64.5
Virgin Islands,VGB,1990,Other,103.963,,,,76.56618121730016,18.2,-64.5
Virgin Islands,VGB,1991,Other,104.807,,,,76.56618121730016,18.2,-64.5
Virgin Islands,VGB,1992,Other,105.711,,,,76.56618121730016,18.2,-64.5
Virgin Islands,VGB,1993,Other,106.577,,,,76.56618121730016,18.2,-64.5
Virgin Islands,VGB,1994,Other,107.317,,,,76.56618121730016,18.2,-64.5
Virgin Islands,VGB,1995,Other,107.817,,,,76.56618121730016,18.2,-64.5
Virgin Islands,VGB,1996,Other,108.093,,,,76.56618121730016,18.2,-64.5
Virgin Islands,VGB,1997,Other,108.355,,,,76.56618121730016,18.2,-64.5
Virgin Islands,VGB,1998,Other,108.535,,,,76.56618121730016,18.2,-64.5
Virgin Islands,VGB,1999,Other,108.596,,,,76.56618121730016,18.2,-64.5
Virgin Islands,VGB,2000,Other,108.639,2.27,,,76.56618121730016,18.2,-64.5
Virgin Islands,VGB,2001,Other,108.747,2.25,,,76.56618121730016,18.2,-64.5
Virgin Islands,VGB,2002,Other,108.923,2.24,,,76.56618121730016,18.2,-64.5
Virgin Islands,VGB,2003,Other,109.148,2.22,,,76.56618121730016,18.2,-64.5
Virgin Islands,VGB,2004,Other,109.354,2.19,,,76.56618121730016,18.2,-64.5
Virgin Islands,VGB,2005,Other,109.6,2.19,,,76.56618121730016,18.2,-64.5
Virgin Islands,VGB,2006,Other,109.764,2.17,,,76.56618121730016,18.2,-64.5
Virgin Islands,VGB,2007,Other,109.821,2.16,,,76.56618121730016,18.2,-64.5
Virgin Islands,VGB,2008,Other,109.84,1.88,,,76.56618121730016,18.2,-64.5
Virgin Islands,VGB,2009,Other,110.0,1.85,,,76.56618121730016,18.2,-64.5
Virgin Islands,VGB,2010,Other,,1.81,,,76.56618121730016,18.2,-64.5
Virgin Islands,VGB,2011,Other,,1.8,,,76.56618121730016,18.2,-64.5
Virgin Islands,VGB,2012,Other,,1.78,,,76.56618121730016,18.2,-64.5
Virgin Islands,VGB,2013,Other,,1.77,,,76.56618121730016,18.2,-64.5
Virgin Islands,VGB,2014,Other,,1.75,,,76.56618121730016,18.2,-64.5
Virgin Islands,VGB,2015,Other,,1.75,,,76.56618121730016,18.2,-64.5
Virgin Islands,VGB,2016,Other,,1.73,,,76.56618121730016,18.2,-64.5
Virgin Islands,VGB,2017,Other,,2.08,,,76.56618121730016,18.2,-64.5
Yemen,YEM,1960,Middle East & North Africa,5871.831,,963.9419191412345,,66.11459192549623,15.0,48.0
Yemen,YEM,1970,Middle East & North Africa,7098.239,,1229.9678342205957,,66.11459192549623,15.0,48.0
Yemen,YEM,1980,Middle East & North Africa,9132.545,,2290.454497261436,,66.11459192549623,15.0,48.0
Yemen,YEM,1990,Middle East & North Africa,12416.08,,2272.214740884401,0.399,66.11459192549623,15.0,48.0
Yemen,YEM,1991,Middle East & North Africa,12882.42,,2196.5310865505085,0.403,66.11459192549623,15.0,48.0
Yemen,YEM,1992,Middle East & North Africa,13367.997,,2220.465127572964,0.405,66.11459192549623,15.0,48.0
Yemen,YEM,1993,Middle East & North Africa,13885.756,,2199.6629587727157,0.408,66.11459192549623,15.0,48.0
Yemen,YEM,1994,Middle East & North Africa,14394.75,,2167.8042341826012,0.409,66.11459192549623,15.0,48.0
Yemen,YEM,1995,Middle East & North Africa,14864.318,,2327.318347198977,0.415,66.11459192549623,15.0,48.0
Yemen,YEM,1996,Middle East & North Africa,15336.156,,2388.538562075138,0.422,66.11459192549623,15.0,48.0
Yemen,YEM,1997,Middle East & North Africa,15838.195,,2499.7798044537276,0.427,66.11459192549623,15.0,48.0
Yemen,YEM,1998,Middle East & North Africa,16366.21,,2537.667547953986,0.431,66.11459192549623,15.0,48.0
Yemen,YEM,1999,Middle East & North Africa,16919.659,,2547.923690424257,0.434,66.11459192549623,15.0,48.0
Yemen,YEM,2000,Middle East & North Africa,17495.14,7.05,2616.89817857988,0.443,66.11459192549623,15.0,48.0
Yemen,YEM,2001,Middle East & North Africa,18094.479,1.75,2626.3812293241494,0.45,66.11459192549623,15.0,48.0
Yemen,YEM,2002,Middle East & North Africa,18718.209,6.9,2637.8592097139212,0.456,66.11459192549623,15.0,48.0
Yemen,YEM,2003,Middle East & North Africa,19367.311,6.82,2643.7846740830464,0.463,66.11459192549623,15.0,48.0
Yemen,YEM,2004,Middle East & North Africa,20042.684,6.67,2656.879687371212,0.469,66.11459192549623,15.0,48.0
Yemen,YEM,2005,Middle East & North Africa,20745.098,6.67,2710.664466371766,0.474,66.11459192549623,15.0,48.0
Yemen,YEM,2006,Middle East & North Africa,21474.477,6.58,2702.41738599734,0.479,66.11459192549623,15.0,48.0
Yemen,YEM,2007,Middle East & North Africa,22230.531,6.49,2696.651735399393,0.482,66.11459192549623,15.0,48.0
Yemen,YEM,2008,Middle East & North Africa,23013.376,6.41,2698.69140451188,0.485,66.11459192549623,15.0,48.0
Yemen,YEM,2009,Middle East & North Africa,22858.0,6.32,,0.491,66.11459192549623,15.0,48.0
Yemen,YEM,2010,Middle East & North Africa,,4.81,,0.498,66.11459192549623,15.0,48.0
Yemen,YEM,2011,Middle East & North Africa,,4.63,,0.499,66.11459192549623,15.0,48.0
Yemen,YEM,2012,Middle East & North Africa,,4.45,,0.505,66.11459192549623,15.0,48.0
Yemen,YEM,2013,Middle East & North Africa,,4.27,,0.507,66.11459192549623,15.0,48.0
Yemen,YEM,2014,Middle East & North Africa,,4.09,,0.505,66.11459192549623,15.0,48.0
Yemen,YEM,2015,Middle East & North Africa,,4.09,,0.483,66.11459192549623,15.0,48.0
Yemen,YEM,2016,Middle East & North Africa,,3.77,,0.462,66.11459192549623,15.0,48.0
Yemen,YEM,2017,Middle East & North Africa,,3.63,,0.452,66.11459192549623,15.0,48.0
Zambia,ZMB,1960,Sub-Saharan Africa,3254.0,,959.8028030397329,,68.84231119288428,-15.0,30.0
Zambia,ZMB,1970,Sub-Saharan Africa,4251.612,,1073.1148552132056,,68.84231119288428,-15.0,30.0
Zambia,ZMB,1980,Sub-Saharan Africa,5699.777,,910.5873450621281,,68.84231119288428,-15.0,30.0
Zambia,ZMB,1990,Sub-Saharan Africa,7977.698,,806.2476167937167,0.401,68.84231119288428,-15.0,30.0
Zambia,ZMB,1991,Sub-Saharan Africa,8212.432,,783.2028319990959,0.402,68.84231119288428,-15.0,30.0
Zambia,ZMB,1992,Sub-Saharan Africa,8444.666,,748.7159350055999,0.403,68.84231119288428,-15.0,30.0
Zambia,ZMB,1993,Sub-Saharan Africa,8670.841,,778.7706645756737,0.409,68.84231119288428,-15.0,30.0
Zambia,ZMB,1994,Sub-Saharan Africa,8891.693,,658.4797743241924,0.408,68.84231119288428,-15.0,30.0
Zambia,ZMB,1995,Sub-Saharan Africa,9102.094,,627.1084433977501,0.412,68.84231119288428,-15.0,30.0
Zambia,ZMB,1996,Sub-Saharan Africa,9306.22,,653.3264848671105,0.416,68.84231119288428,-15.0,30.0
Zambia,ZMB,1997,Sub-Saharan Africa,9528.978,,659.6720026009085,0.419,68.84231119288428,-15.0,30.0
Zambia,ZMB,1998,Sub-Saharan Africa,9749.568,,632.5408469380387,0.42,68.84231119288428,-15.0,30.0
Zambia,ZMB,1999,Sub-Saharan Africa,9967.447,,632.2581900861876,0.426,68.84231119288428,-15.0,30.0
Zambia,ZMB,2000,Sub-Saharan Africa,10205.262,5.62,639.7679941975032,0.432,68.84231119288428,-15.0,30.0
Zambia,ZMB,2001,Sub-Saharan Africa,10439.789,5.53,656.0477419610683,0.44,68.84231119288428,-15.0,30.0
Zambia,ZMB,2002,Sub-Saharan Africa,10633.077,5.43,665.2824953679918,0.449,68.84231119288428,-15.0,30.0
Zambia,ZMB,2003,Sub-Saharan Africa,10799.937,5.25,688.522534899972,0.46,68.84231119288428,-15.0,30.0
Zambia,ZMB,2004,Sub-Saharan Africa,10962.026,5.47,714.8313642022013,0.469,68.84231119288428,-15.0,30.0
Zambia,ZMB,2005,Sub-Saharan Africa,11115.381,5.47,742.3047397115763,0.48,68.84231119288428,-15.0,30.0
Zambia,ZMB,2006,Sub-Saharan Africa,11288.253,5.39,776.2937276476705,0.492,68.84231119288428,-15.0,30.0
Zambia,ZMB,2007,Sub-Saharan Africa,11477.447,5.31,811.5916370600536,0.503,68.84231119288428,-15.0,30.0
Zambia,ZMB,2008,Sub-Saharan Africa,11669.534,5.23,844.5067300887936,0.517,68.84231119288428,-15.0,30.0
Zambia,ZMB,2009,Sub-Saharan Africa,11863.0,5.15,,0.533,68.84231119288428,-15.0,30.0
Zambia,ZMB,2010,Sub-Saharan Africa,,6.07,,0.544,68.84231119288428,-15.0,30.0
Zambia,ZMB,2011,Sub-Saharan Africa,,5.98,,0.556,68.84231119288428,-15.0,30.0
Zambia,ZMB,2012,Sub-Saharan Africa,,5.85,,0.569,68.84231119288428,-15.0,30.0
Zambia,ZMB,2013,Sub-Saharan Africa,,5.81,,0.574,68.84231119288428,-15.0,30.0
Zambia,ZMB,2014,Sub-Saharan Africa,,5.76,,0.58,68.84231119288428,-15.0,30.0
Zambia,ZMB,2015,Sub-Saharan Africa,,5.76,,0.583,68.84231119288428,-15.0,30.0
Zambia,ZMB,2016,Sub-Saharan Africa,,5.67,,0.586,68.84231119288428,-15.0,30.0
Zambia,ZMB,2017,Sub-Saharan Africa,,5.63,,0.588,68.84231119288428,-15.0,30.0
Zimbabwe,ZWE,1960,Sub-Saharan Africa,4010.933,,937.9363853746747,,74.0062144,-20.0,30.0
Zimbabwe,ZWE,1970,Sub-Saharan Africa,5514.536,,1282.4288389811945,,74.0062144,-20.0,30.0
Zimbabwe,ZWE,1980,Sub-Saharan Africa,7169.968,,1295.4032709769417,,74.0062144,-20.0,30.0
Zimbabwe,ZWE,1990,Sub-Saharan Africa,10156.044,,1355.4490311385023,0.491,74.0062144,-20.0,30.0
Zimbabwe,ZWE,1991,Sub-Saharan Africa,10437.423,,1391.4478698429677,0.494,74.0062144,-20.0,30.0
Zimbabwe,ZWE,1992,Sub-Saharan Africa,10720.252,,1232.8113462258164,0.481,74.0062144,-20.0,30.0
Zimbabwe,ZWE,1993,Sub-Saharan Africa,10976.373,,1219.6977023193363,0.476,74.0062144,-20.0,30.0
Zimbabwe,ZWE,1994,Sub-Saharan Africa,11086.482,,1277.6821357758035,0.473,74.0062144,-20.0,30.0
Zimbabwe,ZWE,1995,Sub-Saharan Africa,11159.492,,1271.8320869803035,0.467,74.0062144,-20.0,30.0
Zimbabwe,ZWE,1996,Sub-Saharan Africa,11316.947,,1384.5606946820553,0.466,74.0062144,-20.0,30.0
Zimbabwe,ZWE,1997,Sub-Saharan Africa,11469.387,,1403.039238278384,0.459,74.0062144,-20.0,30.0
Zimbabwe,ZWE,1998,Sub-Saharan Africa,11606.924,,1426.6484384665566,0.453,74.0062144,-20.0,30.0
Zimbabwe,ZWE,1999,Sub-Saharan Africa,11733.078,,1401.4225423200971,0.448,74.0062144,-20.0,30.0
Zimbabwe,ZWE,2000,Sub-Saharan Africa,11820.025,3.34,1320.1325716316169,0.44,74.0062144,-20.0,30.0
Zimbabwe,ZWE,2001,Sub-Saharan Africa,11867.855,3.28,1279.3381786346397,0.442,74.0062144,-20.0,30.0
Zimbabwe,ZWE,2002,Sub-Saharan Africa,11866.017,3.21,1202.6782028038558,0.435,74.0062144,-20.0,30.0
Zimbabwe,ZWE,2003,Sub-Saharan Africa,11815.518,3.66,1082.2208556577884,0.428,74.0062144,-20.0,30.0
Zimbabwe,ZWE,2004,Sub-Saharan Africa,11735.046,3.54,1048.2276763124744,0.428,74.0062144,-20.0,30.0
Zimbabwe,ZWE,2005,Sub-Saharan Africa,11639.47,3.18,1014.5650961770596,0.43,74.0062144,-20.0,30.0
Zimbabwe,ZWE,2006,Sub-Saharan Africa,11544.326,3.13,958.4795162575971,0.435,74.0062144,-20.0,30.0
Zimbabwe,ZWE,2007,Sub-Saharan Africa,11443.187,3.08,900.2736737588925,0.442,74.0062144,-20.0,30.0
Zimbabwe,ZWE,2008,Sub-Saharan Africa,11350.111,3.72,778.935113498009,0.439,74.0062144,-20.0,30.0
Zimbabwe,ZWE,2009,Sub-Saharan Africa,11393.0,3.69,,0.45,74.0062144,-20.0,30.0
Zimbabwe,ZWE,2010,Sub-Saharan Africa,,3.66,,0.467,74.0062144,-20.0,30.0
Zimbabwe,ZWE,2011,Sub-Saharan Africa,,3.63,,0.478,74.0062144,-20.0,30.0
Zimbabwe,ZWE,2012,Sub-Saharan Africa,,3.61,,0.505,74.0062144,-20.0,30.0
Zimbabwe,ZWE,2013,Sub-Saharan Africa,,3.58,,0.516,74.0062144,-20.0,30.0
Zimbabwe,ZWE,2014,Sub-Saharan Africa,,3.56,,0.525,74.0062144,-20.0,30.0
Zimbabwe,ZWE,2015,Sub-Saharan Africa,,3.56,,0.529,74.0062144,-20.0,30.0
Zimbabwe,ZWE,2016,Sub-Saharan Africa,,3.5,,0.532,74.0062144,-20.0,30.0
Zimbabwe,ZWE,2017,Sub-Saharan Africa,,3.98,,0.535,74.0062144,-20.0,30.0
